const unsigned char src_image_1_240x320_rgb565[] = {
  0xf6, 0xf6, 0xee, 0xf7, 0xf6, 0xf6, 0xef, 0x17, 0xf7, 0x17, 0xf7, 0x17,
  0xf7, 0x17, 0xf7, 0x17, 0xf7, 0x17, 0xf7, 0x17, 0xf7, 0x18, 0xf7, 0x38,
  0xf7, 0x38, 0xf7, 0x38, 0xf7, 0x17, 0xf7, 0x38, 0xf7, 0x38, 0xef, 0x18,
  0xf7, 0x18, 0xf7, 0x38, 0xf7, 0x17, 0xef, 0x18, 0xf7, 0x17, 0xef, 0x17,
  0xee, 0xf6, 0xef, 0x17, 0xf6, 0xf6, 0xee, 0xf7, 0xf6, 0xf7, 0xf7, 0x18,
  0xf7, 0x17, 0xef, 0x37, 0xf7, 0x17, 0xf7, 0x38, 0xf7, 0x17, 0xf7, 0x38,
  0xf7, 0x38, 0xf7, 0x59, 0xff, 0x59, 0xf7, 0x59, 0xff, 0x59, 0xf7, 0x7a,
  0xff, 0x7a, 0xff, 0x9b, 0xff, 0x9a, 0xff, 0x9a, 0xff, 0x59, 0xff, 0x7a,
  0xff, 0x7a, 0xff, 0x9b, 0xff, 0x7a, 0xff, 0x7b, 0xff, 0x59, 0xff, 0x7a,
  0xff, 0x58, 0xf7, 0x58, 0xf7, 0x37, 0xf7, 0x58, 0xf7, 0x39, 0xf7, 0x59,
  0xf7, 0x39, 0xf7, 0x3a, 0xff, 0x59, 0xf7, 0x5a, 0xf7, 0x38, 0xef, 0x39,
  0xf7, 0x38, 0xf7, 0x59, 0xff, 0x59, 0xf7, 0x59, 0xff, 0x59, 0xf7, 0x59,
  0xf7, 0x38, 0xf7, 0x59, 0xf7, 0x38, 0xef, 0x38, 0xf7, 0x38, 0xef, 0x58,
  0xf7, 0x58, 0xf7, 0x59, 0xf7, 0x38, 0xf7, 0x59, 0xff, 0x59, 0xf7, 0x38,
  0xf7, 0x38, 0xf7, 0x59, 0xff, 0x59, 0xf7, 0x39, 0xf7, 0x38, 0xf7, 0x38,
  0xf7, 0x17, 0xef, 0x18, 0xf6, 0xf7, 0xef, 0x18, 0xf6, 0xf7, 0xf7, 0x18,
  0xf7, 0x17, 0xf7, 0x18, 0xf7, 0x18, 0xf7, 0x18, 0xf7, 0x18, 0xf7, 0x39,
  0xf7, 0x38, 0xf7, 0x39, 0xf7, 0x38, 0xf7, 0x39, 0xf7, 0x38, 0xf7, 0x59,
  0xff, 0x39, 0xf7, 0x39, 0xff, 0x38, 0xf7, 0x59, 0xff, 0x39, 0xff, 0x59,
  0xff, 0x59, 0xf7, 0x5a, 0xff, 0x59, 0xf7, 0x59, 0xf7, 0x39, 0xf7, 0x5a,
  0xff, 0x39, 0xf7, 0x39, 0xff, 0x38, 0xf7, 0x39, 0xf7, 0x59, 0xf7, 0x59,
  0xff, 0x59, 0xf7, 0x79, 0xff, 0x58, 0xf7, 0x59, 0xff, 0x59, 0xf7, 0x5a,
  0xff, 0x59, 0xff, 0x7a, 0xff, 0x39, 0xef, 0x19, 0xee, 0xf7, 0xf7, 0x59,
  0xff, 0x38, 0xf7, 0x38, 0xff, 0x38, 0xf7, 0x38, 0xf7, 0x18, 0xef, 0x18,
  0xee, 0xf7, 0xef, 0x18, 0xf6, 0xf7, 0xee, 0xd7, 0xee, 0xf7, 0xee, 0xf7,
  0xee, 0xd7, 0xee, 0xf7, 0xee, 0xf7, 0xee, 0xf7, 0xee, 0xd7, 0xef, 0x17,
  0xee, 0xf7, 0xef, 0x18, 0xef, 0x17, 0xef, 0x18, 0xee, 0xf7, 0xef, 0x18,
  0xee, 0xf7, 0xe7, 0x17, 0xee, 0xf7, 0xef, 0x18, 0xee, 0xf7, 0xee, 0xf7,
  0xee, 0xf7, 0xee, 0xf7, 0xee, 0xf7, 0xe6, 0xf8, 0xee, 0xf7, 0xe6, 0xf8,
  0xee, 0xf7, 0xe6, 0xf7, 0xee, 0xf7, 0xef, 0x18, 0xef, 0x18, 0xef, 0x18,
  0xee, 0xf8, 0xef, 0x18, 0xee, 0xf8, 0xef, 0x39, 0xf7, 0x39, 0xe7, 0x18,
  0xef, 0x18, 0xe7, 0x18, 0xee, 0xf8, 0xe6, 0xd8, 0xef, 0x38, 0xef, 0x19,
  0xe6, 0xf8, 0xe7, 0x18, 0xe6, 0xf8, 0xe7, 0x18, 0xe6, 0xd7, 0xe6, 0xf8,
  0xef, 0x18, 0xe6, 0xf8, 0xe6, 0xd7, 0xde, 0xd8, 0xe6, 0xd7, 0xde, 0xf8,
  0xe6, 0xd7, 0xe6, 0xf8, 0xe6, 0xf7, 0xe6, 0xf8, 0xee, 0xd7, 0xe6, 0xf7,
  0xee, 0xd6, 0xe6, 0xd7, 0xe6, 0xd6, 0xe6, 0xd7, 0xe6, 0xb7, 0xe6, 0xd7,
  0xe6, 0xb7, 0xde, 0x96, 0xe6, 0xb6, 0xde, 0xb6, 0xe6, 0x95, 0xde, 0x96,
  0xe6, 0x95, 0xe6, 0xb6, 0xe6, 0x96, 0xde, 0xb6, 0xe6, 0x96, 0xde, 0xb6,
  0xe6, 0xb6, 0xe6, 0xb6, 0xe6, 0x95, 0xe6, 0x96, 0xee, 0xb6, 0xe6, 0xd7,
  0xe6, 0xb7, 0xde, 0xb7, 0xe6, 0xd7, 0xde, 0xd8, 0xe6, 0x97, 0xde, 0x97,
  0xe6, 0xb6, 0xee, 0xb5, 0xe6, 0xb6, 0xee, 0xb5, 0xe6, 0xd6, 0xee, 0xb6,
  0xee, 0xd6, 0xee, 0xb5, 0xee, 0xd6, 0xee, 0xb6, 0xee, 0xd7, 0xee, 0xd7,
  0xee, 0xf7, 0xee, 0xd7, 0xee, 0xd7, 0xee, 0xd7, 0xee, 0xd7, 0xee, 0xd6,
  0xe6, 0xd7, 0xee, 0xd7, 0xee, 0xf7, 0xee, 0xb6, 0xe6, 0xd6, 0xe6, 0xb5,
  0xe6, 0xb6, 0xee, 0xb6, 0xe6, 0xd6, 0xee, 0xb6, 0xe6, 0xd6, 0xee, 0xb6,
  0xe6, 0xd6, 0xee, 0xd6, 0xe6, 0xd7, 0xee, 0xf7, 0xee, 0xf7, 0xee, 0xf7,
  0xef, 0x18, 0xf6, 0xf8, 0xef, 0x18, 0xf7, 0x18, 0xf7, 0x39, 0xf7, 0x38,
  0xef, 0x39, 0xff, 0x39, 0xf7, 0x59, 0xff, 0x39, 0xf7, 0x39, 0xff, 0x38,
  0xf7, 0x5a, 0xf7, 0x59, 0xf7, 0x5a, 0xf7, 0x39, 0xf7, 0x39, 0xf7, 0x18,
  0xef, 0x18, 0xf6, 0xf8, 0xe6, 0xd7, 0xee, 0xd7, 0xef, 0x18, 0xf7, 0x38,
  0xef, 0x39, 0xf7, 0x19, 0xef, 0x19, 0xf7, 0x18, 0xef, 0x18, 0xee, 0xf8,
  0xef, 0x18, 0xf7, 0x18, 0xef, 0x38, 0xee, 0xf8, 0xef, 0x39, 0xf7, 0x38,
  0xef, 0x39, 0xf7, 0x18, 0xee, 0xf8, 0xee, 0xf7, 0xe6, 0xf8, 0xee, 0xf7,
  0xef, 0x18, 0xf7, 0x18, 0xef, 0x18, 0xf6, 0xf8, 0xef, 0x18, 0xee, 0xf7,
  0xef, 0x19, 0xf7, 0x18, 0xef, 0x19, 0xee, 0xf8, 0xe6, 0xf7, 0xee, 0xd7,
  0xe6, 0xd7, 0xee, 0xd7, 0xe6, 0xd6, 0xee, 0xd6, 0xe6, 0xf7, 0xee, 0xd6,
  0xee, 0xf7, 0xee, 0xf7, 0xee, 0xf8, 0xee, 0xd7, 0xef, 0x18, 0xee, 0xf7,
  0xef, 0x18, 0xf7, 0x18, 0xef, 0x18, 0xee, 0xf8, 0xef, 0x19, 0xf7, 0x18,
  0xef, 0x19, 0xf7, 0x19, 0xef, 0x18, 0xf7, 0x18, 0xf7, 0x39, 0xf7, 0x19,
  0xef, 0x19, 0xf7, 0x39, 0xf7, 0x39, 0xf7, 0x19, 0xf7, 0x5a, 0xf7, 0x39,
  0xf7, 0x39, 0xf7, 0x19, 0xf7, 0x39, 0xf7, 0x18, 0xef, 0x39, 0xf7, 0x38,
  0xef, 0x18, 0xf7, 0x18, 0xf7, 0x38, 0xf7, 0x18, 0xef, 0x19, 0xf7, 0x18,
  0xef, 0x39, 0xf7, 0x39, 0xef, 0x18, 0xf7, 0x18, 0xef, 0x38, 0xf7, 0x18,
  0xef, 0x18, 0xf7, 0x18, 0xef, 0x18, 0xee, 0xf8, 0xee, 0xf8, 0xee, 0xd7,
  0xe6, 0xf7, 0xee, 0xd7, 0xe6, 0xd7, 0xee, 0xb6, 0xe6, 0xd7, 0xe6, 0xb6,
  0xe6, 0xd7, 0xe6, 0xb6, 0xe6, 0xd7, 0xe6, 0xd7, 0xe6, 0xd7, 0xe6, 0x96,
  0xe6, 0xd7, 0xee, 0xd6, 0xde, 0xd7, 0xe6, 0xd7, 0xe6, 0xf7, 0xee, 0xd7,
  0xe6, 0xd7, 0xe6, 0xd7, 0xe6, 0xd7, 0xe6, 0xd7, 0xe6, 0xf8, 0xee, 0xd7,
  0xe6, 0xd7, 0xee, 0xd7, 0xde, 0xd7, 0xe6, 0xd7, 0xe6, 0xd8, 0xe6, 0xd7,
  0xe6, 0xd7, 0xee, 0xd7, 0xe6, 0xd7, 0xe6, 0xb6, 0xe6, 0xd8, 0xee, 0xd7,
  0xe6, 0xf7, 0xe6, 0xd7, 0xe6, 0xd7, 0xee, 0xf7, 0xe6, 0xf8, 0xe6, 0xd7,
  0xde, 0xd7, 0xde, 0xb6, 0xe6, 0xf8, 0xee, 0xd7, 0xe6, 0xf8, 0xee, 0xd7,
  0xde, 0xf8, 0xe6, 0xd7, 0xde, 0xd8, 0xde, 0xd7, 0xde, 0xd7, 0xe6, 0xd7,
  0xe6, 0xf8, 0xe6, 0xd7, 0xde, 0xd7, 0xde, 0x96, 0xd6, 0xb7, 0xde, 0xb6,
  0xde, 0xb7, 0xe6, 0xb7, 0xe6, 0xd7, 0xe6, 0xd7, 0xde, 0xb6, 0xe6, 0x96,
  0xde, 0xb6, 0xe6, 0x96, 0xde, 0x96, 0xe6, 0x95, 0xde, 0x96, 0xde, 0x76,
  0xde, 0x76, 0xe6, 0x96, 0xde, 0x76, 0xde, 0x75, 0xd6, 0x75, 0xde, 0x55,
  0xde, 0x75, 0xde, 0x75, 0xde, 0x96, 0xde, 0x55, 0xd6, 0x55, 0xde, 0x75,
  0xde, 0x76, 0xde, 0x55, 0xd6, 0x55, 0xde, 0x35, 0xde, 0x75, 0xde, 0x75,
  0xd6, 0x76, 0xde, 0x55, 0xd6, 0x76, 0xd6, 0x55, 0xce, 0x15, 0xd6, 0x35,
  0xee, 0xb5, 0xe6, 0xb5, 0xee, 0xb5, 0xe6, 0x95, 0xe6, 0x95, 0xe6, 0x95,
  0xee, 0x94, 0xe6, 0xb5, 0xe6, 0x94, 0xe6, 0xb5, 0xee, 0xb4, 0xee, 0xd5,
  0xee, 0xb5, 0xee, 0xd5, 0xee, 0xb5, 0xee, 0xd5, 0xee, 0xb5, 0xe6, 0xb5,
  0xee, 0xb5, 0xe6, 0xb5, 0xe6, 0x95, 0xe6, 0xd6, 0xee, 0xb5, 0xe6, 0xb5,
  0xe6, 0x95, 0xe6, 0xb5, 0xe6, 0x94, 0xe6, 0xb5, 0xee, 0x94, 0xe6, 0xb5,
  0xee, 0xb4, 0xe6, 0xb5, 0xe6, 0x95, 0xe6, 0xb6, 0xee, 0xd6, 0xee, 0xf6,
  0xee, 0xd6, 0xee, 0xf7, 0xee, 0xd7, 0xee, 0xf7, 0xf6, 0xf7, 0xee, 0xf7,
  0xf6, 0xf7, 0xf7, 0x18, 0xf7, 0x17, 0xf7, 0x38, 0xf7, 0x17, 0xee, 0xf7,
  0xf7, 0x17, 0xf7, 0x38, 0xf7, 0x18, 0xf7, 0x38, 0xf6, 0xf7, 0xef, 0x18,
  0xf6, 0xf7, 0xef, 0x18, 0xf7, 0x18, 0xf7, 0x38, 0xee, 0xf7, 0xef, 0x18,
  0xf7, 0x18, 0xef, 0x18, 0xf6, 0xf7, 0xef, 0x18, 0xee, 0xf7, 0xee, 0xf7,
  0xee, 0xf7, 0xef, 0x18, 0xee, 0xf7, 0xef, 0x17, 0xf7, 0x17, 0xef, 0x18,
  0xf7, 0x17, 0xef, 0x18, 0xee, 0xf7, 0xee, 0xf7, 0xf6, 0xf7, 0xee, 0xf7,
  0xee, 0xf7, 0xee, 0xf7, 0xee, 0xd6, 0xee, 0xf7, 0xee, 0xf7, 0xee, 0xf7,
  0xf7, 0x17, 0xef, 0x18, 0xee, 0xf7, 0xee, 0xf7, 0xee, 0xb6, 0xe6, 0xd6,
  0xe6, 0xb5, 0xe6, 0xd6, 0xe6, 0xb4, 0xe6, 0xb4, 0xe6, 0xb5, 0xe6, 0xd6,
  0xee, 0xd6, 0xe6, 0xd6, 0xee, 0xf6, 0xe6, 0xd6, 0xee, 0xf6, 0xef, 0x17,
  0xf6, 0xf7, 0xee, 0xf7, 0xf6, 0xf8, 0xee, 0xf8, 0xf6, 0xf7, 0xef, 0x18,
  0xf7, 0x18, 0xef, 0x18, 0xf6, 0xf7, 0xef, 0x18, 0xf7, 0x18, 0xef, 0x18,
  0xf7, 0x18, 0xf7, 0x39, 0xf7, 0x18, 0xf7, 0x39, 0xf7, 0x39, 0xef, 0x19,
  0xf7, 0x18, 0xf7, 0x39, 0xff, 0x39, 0xf7, 0x19, 0xf6, 0xf7, 0xef, 0x18,
  0xf6, 0xf7, 0xf7, 0x18, 0xf6, 0xf7, 0xf7, 0x18, 0xf7, 0x18, 0xef, 0x18,
  0xf7, 0x18, 0xef, 0x18, 0xf7, 0x18, 0xf7, 0x38, 0xf7, 0x17, 0xee, 0xf7,
  0xee, 0xd7, 0xef, 0x18, 0xf6, 0xf7, 0xee, 0xf7, 0xee, 0xd7, 0xe6, 0xd7,
  0xee, 0xb6, 0xe6, 0xb6, 0xee, 0xb5, 0xe6, 0xb5, 0xe6, 0xb6, 0xe6, 0xd6,
  0xee, 0xb6, 0xe6, 0xd7, 0xe6, 0xb6, 0xe6, 0xd7, 0xe6, 0xb6, 0xe6, 0xb6,
  0xe6, 0xb5, 0xe6, 0xb6, 0xe6, 0xd6, 0xe6, 0xd7, 0xee, 0xd6, 0xe6, 0xd7,
  0xe6, 0xd6, 0xe6, 0xd6, 0xe6, 0xd6, 0xe6, 0xf7, 0xee, 0xd7, 0xe6, 0xd7,
  0xee, 0xd6, 0xe6, 0xd7, 0xe6, 0xd6, 0xe6, 0xf7, 0xee, 0xd7, 0xe6, 0xd7,
  0xe6, 0xd6, 0xe6, 0xd7, 0xe6, 0xb6, 0xe6, 0xd7, 0xe6, 0xb6, 0xe6, 0xd6,
  0xee, 0xd6, 0xe6, 0xd6, 0xe6, 0xb5, 0xe6, 0xd6, 0xe6, 0xd6, 0xde, 0xb6,
  0xe6, 0xb6, 0xde, 0xb6, 0xe6, 0xb6, 0xe6, 0xb6, 0xe6, 0xb5, 0xde, 0xd6,
  0xe6, 0xd6, 0xde, 0xb6, 0xde, 0xb5, 0xd6, 0xb6, 0xde, 0xb6, 0xde, 0xd6,
  0xe6, 0xd7, 0xe6, 0xd7, 0xe6, 0xb6, 0xd6, 0x96, 0xde, 0x96, 0xde, 0xb6,
  0xde, 0x95, 0xde, 0x96, 0xe6, 0x95, 0xde, 0xb6, 0xe6, 0x95, 0xde, 0x95,
  0xe6, 0x74, 0xde, 0x95, 0xde, 0x74, 0xde, 0x95, 0xe6, 0x75, 0xde, 0x75,
  0xde, 0x74, 0xde, 0x75, 0xde, 0x54, 0xd6, 0x75, 0xde, 0x34, 0xd6, 0x54,
  0xde, 0x54, 0xde, 0x75, 0xde, 0x75, 0xd6, 0x75, 0xde, 0x34, 0xd6, 0x55,
  0xde, 0x34, 0xd6, 0x35, 0xd6, 0x14, 0xd6, 0x35, 0xde, 0x34, 0xd6, 0x14,
  0xd6, 0x13, 0xd6, 0x34, 0xd6, 0x34, 0xd6, 0x34, 0xd6, 0x34, 0xd6, 0x55,
  0xde, 0x74, 0xe6, 0x74, 0xe6, 0x95, 0xe6, 0x74, 0xde, 0x95, 0xe6, 0x74,
  0xde, 0x95, 0xe6, 0x95, 0xde, 0x74, 0xe6, 0x74, 0xde, 0x74, 0xe6, 0x94,
  0xe6, 0x94, 0xe6, 0x74, 0xe6, 0x95, 0xe6, 0x74, 0xe6, 0x95, 0xe6, 0x74,
  0xe6, 0x95, 0xe6, 0x94, 0xe6, 0x94, 0xe6, 0x94, 0xe6, 0xb4, 0xe6, 0x94,
  0xde, 0x95, 0xe6, 0x74, 0xe6, 0x95, 0xe6, 0x74, 0xde, 0x74, 0xe6, 0x53,
  0xde, 0x74, 0xe6, 0x74, 0xe6, 0x95, 0xe6, 0x95, 0xe6, 0xb5, 0xe6, 0xb5,
  0xe6, 0xd6, 0xe6, 0xb5, 0xe6, 0xb6, 0xee, 0xb6, 0xee, 0xd6, 0xee, 0xd6,
  0xee, 0xf7, 0xee, 0xd7, 0xee, 0xd7, 0xf6, 0xf7, 0xef, 0x17, 0xee, 0xd6,
  0xee, 0xf7, 0xf6, 0xf7, 0xee, 0xf7, 0xee, 0xd7, 0xee, 0xf8, 0xee, 0xd7,
  0xee, 0xf8, 0xee, 0xd7, 0xee, 0xf8, 0xf6, 0xf8, 0xef, 0x18, 0xee, 0xb7,
  0xe6, 0xd7, 0xee, 0xd7, 0xe6, 0xf7, 0xee, 0xf7, 0xe6, 0xf7, 0xee, 0xd6,
  0xe6, 0xd6, 0xee, 0xd6, 0xe6, 0xf7, 0xee, 0xd6, 0xee, 0xf7, 0xee, 0xd7,
  0xe6, 0xd7, 0xee, 0xd7, 0xee, 0xf7, 0xee, 0xd6, 0xe6, 0xd7, 0xee, 0xd7,
  0xe6, 0xd7, 0xee, 0xb6, 0xee, 0xf7, 0xee, 0xd6, 0xe6, 0xd7, 0xee, 0xd7,
  0xe6, 0xd7, 0xee, 0xd6, 0xe6, 0xd6, 0xe6, 0xb5, 0xe6, 0xb6, 0xe6, 0x95,
  0xde, 0x95, 0xe6, 0x75, 0xde, 0x94, 0xe6, 0x73, 0xde, 0x94, 0xe6, 0x74,
  0xe6, 0xb6, 0xee, 0xb6, 0xe6, 0xd6, 0xee, 0xd5, 0xe6, 0xf6, 0xee, 0xd6,
  0xe6, 0xf7, 0xee, 0xf6, 0xe6, 0xd7, 0xee, 0xd7, 0xee, 0xf7, 0xee, 0xf7,
  0xef, 0x18, 0xee, 0xf7, 0xee, 0xf7, 0xee, 0xf7, 0xee, 0xf8, 0xf6, 0xf8,
  0xef, 0x18, 0xf7, 0x18, 0xef, 0x18, 0xf6, 0xf8, 0xef, 0x39, 0xf6, 0xf8,
  0xef, 0x19, 0xf7, 0x18, 0xef, 0x19, 0xf6, 0xf8, 0xef, 0x18, 0xee, 0xf8,
  0xef, 0x18, 0xee, 0xf7, 0xee, 0xf8, 0xf6, 0xf7, 0xef, 0x18, 0xee, 0xf7,
  0xee, 0xf8, 0xee, 0xf7, 0xee, 0xf8, 0xee, 0xf7, 0xee, 0xf8, 0xee, 0xd7,
  0xee, 0xf7, 0xee, 0xd7, 0xee, 0xf7, 0xee, 0xd7, 0xee, 0xf7, 0xee, 0xd6,
  0xe6, 0xd6, 0xe6, 0xb5, 0xe6, 0xb6, 0xe6, 0x95, 0xe6, 0xb6, 0xe6, 0x96,
  0xde, 0xb6, 0xe6, 0xb6, 0xde, 0xb6, 0xe6, 0xb6, 0xde, 0xb6, 0xe6, 0xb6,
  0xde, 0xb6, 0xe6, 0xb6, 0xde, 0xd6, 0xe6, 0xb6, 0xde, 0xb6, 0xe6, 0x96,
  0xde, 0xb6, 0xe6, 0xb6, 0xde, 0xb6, 0xe6, 0xb6, 0xde, 0x96, 0xe6, 0xb6,
  0xe6, 0xb6, 0xe6, 0x96, 0xde, 0xb7, 0xe6, 0xb6, 0xe6, 0xd7, 0xe6, 0xb6,
  0xe6, 0xb6, 0xe6, 0x95, 0xde, 0xb6, 0xe6, 0x96, 0xde, 0x96, 0xde, 0x75,
  0xde, 0x95, 0xe6, 0xb5, 0xde, 0xb6, 0xe6, 0xb5, 0xde, 0xb6, 0xde, 0x95,
  0xde, 0x95, 0xde, 0x75, 0xe6, 0xb6, 0xe6, 0x95, 0xde, 0x96, 0xe6, 0x95,
  0xde, 0x96, 0xde, 0x75, 0xd6, 0x96, 0xde, 0x95, 0xde, 0xb6, 0xde, 0x96,
  0xde, 0xb7, 0xe6, 0xb6, 0xde, 0x96, 0xde, 0x96, 0xde, 0x96, 0xde, 0x75,
  0xd6, 0x75, 0xde, 0x75, 0xd6, 0x75, 0xde, 0x54, 0xde, 0x75, 0xd6, 0x34,
  0xd6, 0x53, 0xde, 0x53, 0xde, 0x54, 0xde, 0x53, 0xd6, 0x54, 0xde, 0x34,
  0xde, 0x55, 0xde, 0x34, 0xd6, 0x34, 0xd6, 0x13, 0xd6, 0x54, 0xd6, 0x14,
  0xd6, 0x14, 0xde, 0x54, 0xd6, 0x55, 0xde, 0x54, 0xd6, 0x35, 0xd6, 0x14,
  0xd6, 0x34, 0xd6, 0x14, 0xd6, 0x14, 0xde, 0x34, 0xd6, 0x34, 0xd6, 0x14,
  0xd6, 0x34, 0xd6, 0x14, 0xce, 0x34, 0xd6, 0x34, 0xd6, 0x55, 0xd6, 0x14,
  0xde, 0x53, 0xde, 0x74, 0xe6, 0x53, 0xe6, 0x74, 0xe6, 0x74, 0xde, 0x74,
  0xe6, 0x94, 0xde, 0x94, 0xe6, 0x74, 0xe6, 0x94, 0xe6, 0x73, 0xe6, 0x73,
  0xe6, 0x73, 0xde, 0x74, 0xee, 0x94, 0xe6, 0x94, 0xe6, 0x93, 0xe6, 0x94,
  0xee, 0x93, 0xe6, 0x94, 0xe6, 0x52, 0xde, 0x73, 0xe6, 0x53, 0xde, 0x73,
  0xde, 0x53, 0xde, 0x74, 0xe6, 0x53, 0xe6, 0x74, 0xe6, 0x74, 0xde, 0x74,
  0xe6, 0x94, 0xde, 0x94, 0xe6, 0x94, 0xe6, 0x94, 0xe6, 0x94, 0xe6, 0xb5,
  0xe6, 0x94, 0xe6, 0xb5, 0xee, 0xb5, 0xee, 0xd6, 0xee, 0xb5, 0xe6, 0xd5,
  0xee, 0xb5, 0xee, 0xd6, 0xee, 0xd5, 0xee, 0xd6, 0xee, 0xb5, 0xee, 0xd5,
  0xee, 0xd5, 0xee, 0xf6, 0xee, 0xd5, 0xee, 0xf6, 0xee, 0xd7, 0xee, 0xf7,
  0xee, 0xd6, 0xee, 0xf7, 0xee, 0xd6, 0xee, 0xf7, 0xee, 0xf7, 0xe6, 0xd7,
  0xee, 0xd6, 0xe6, 0xf7, 0xee, 0xd6, 0xe6, 0xf7, 0xee, 0xd6, 0xe6, 0xd6,
  0xe6, 0xb5, 0xe6, 0xb6, 0xee, 0xd5, 0xe6, 0xd6, 0xee, 0xd6, 0xe6, 0xd6,
  0xee, 0xd6, 0xee, 0xd7, 0xee, 0xd6, 0xee, 0xd7, 0xee, 0xd7, 0xe6, 0xd7,
  0xee, 0xd6, 0xe6, 0xd6, 0xee, 0xd6, 0xe6, 0xd6, 0xee, 0xb6, 0xe6, 0xd6,
  0xe6, 0xb6, 0xe6, 0xb6, 0xe6, 0xb4, 0xde, 0x94, 0xe6, 0x95, 0xde, 0x95,
  0xde, 0x74, 0xde, 0x74, 0xe6, 0x73, 0xde, 0x74, 0xde, 0x73, 0xde, 0x74,
  0xe6, 0x74, 0xe6, 0xb5, 0xee, 0xb4, 0xe6, 0xb5, 0xee, 0xb5, 0xe6, 0xd5,
  0xee, 0xd5, 0xe6, 0xd6, 0xee, 0xb5, 0xe6, 0xd6, 0xee, 0xb5, 0xee, 0xd6,
  0xee, 0xd6, 0xee, 0xf6, 0xee, 0xf6, 0xee, 0xf6, 0xee, 0xd6, 0xee, 0xf7,
  0xf6, 0xf7, 0xee, 0xf7, 0xee, 0xd6, 0xef, 0x17, 0xf7, 0x17, 0xef, 0x17,
  0xf6, 0xf7, 0xef, 0x18, 0xee, 0xd7, 0xef, 0x18, 0xf7, 0x18, 0xee, 0xf8,
  0xee, 0xd7, 0xee, 0xf8, 0xf6, 0xf7, 0xee, 0xf7, 0xf6, 0xf7, 0xef, 0x17,
  0xee, 0xf7, 0xef, 0x17, 0xee, 0xf7, 0xee, 0xf7, 0xee, 0xf7, 0xee, 0xf7,
  0xee, 0xd6, 0xee, 0xf7, 0xee, 0xd6, 0xee, 0xf7, 0xee, 0xd6, 0xe6, 0xd6,
  0xee, 0xb5, 0xe6, 0xb6, 0xee, 0xb6, 0xe6, 0xb6, 0xe6, 0x96, 0xe6, 0xb6,
  0xe6, 0xb5, 0xe6, 0xd6, 0xe6, 0x95, 0xde, 0xb6, 0xe6, 0xb6, 0xe6, 0xb6,
  0xe6, 0x95, 0xe6, 0xd6, 0xe6, 0xb5, 0xde, 0xb6, 0xe6, 0x95, 0xde, 0xb6,
  0xe6, 0xb5, 0xde, 0xd6, 0xe6, 0xd6, 0xde, 0xb6, 0xe6, 0x95, 0xde, 0x95,
  0xe6, 0x75, 0xde, 0x96, 0xe6, 0xb6, 0xde, 0xd6, 0xe6, 0x95, 0xde, 0xb6,
  0xe6, 0x95, 0xde, 0x96, 0xe6, 0xb5, 0xde, 0xb5, 0xe6, 0x95, 0xde, 0x95,
  0xe6, 0x95, 0xde, 0x95, 0xe6, 0x95, 0xde, 0xb5, 0xe6, 0xb5, 0xde, 0xb5,
  0xe6, 0x95, 0xde, 0xb5, 0xe6, 0x95, 0xde, 0x95, 0xe6, 0x95, 0xde, 0x95,
  0xe6, 0x95, 0xde, 0x75, 0xde, 0x74, 0xde, 0x95, 0xe6, 0xb5, 0xe6, 0xd6,
  0xe6, 0xb5, 0xe6, 0xd6, 0xe6, 0xb5, 0xde, 0x95, 0xe6, 0x95, 0xd6, 0x75,
  0xde, 0x54, 0xd6, 0x74, 0xde, 0x54, 0xd6, 0x75, 0xde, 0x54, 0xde, 0x55,
  0xde, 0x12, 0xd6, 0x33, 0xde, 0x53, 0xde, 0x33, 0xde, 0x13, 0xd6, 0x33,
  0xd6, 0x12, 0xd6, 0x33, 0xd6, 0x13, 0xd6, 0x33, 0xd6, 0x13, 0xd6, 0x33,
  0xde, 0x13, 0xd6, 0x34, 0xde, 0x34, 0xd6, 0x54, 0xd6, 0x13, 0xd6, 0x34,
  0xde, 0x13, 0xd6, 0x13, 0xd6, 0x13, 0xd6, 0x33, 0xd6, 0x13, 0xd6, 0x13,
  0xd6, 0x13, 0xd6, 0x13, 0xd6, 0x13, 0xde, 0x54, 0xd6, 0x34, 0xd6, 0x34,
  0xde, 0x74, 0xde, 0x33, 0xde, 0x53, 0xe6, 0x33, 0xde, 0x54, 0xde, 0x53,
  0xde, 0x94, 0xde, 0x53, 0xde, 0x74, 0xde, 0x54, 0xde, 0x74, 0xde, 0x53,
  0xde, 0x74, 0xe6, 0x74, 0xe6, 0x95, 0xe6, 0x74, 0xde, 0x74, 0xe6, 0x54,
  0xe6, 0x74, 0xe6, 0x53, 0xde, 0x53, 0xde, 0x12, 0xde, 0x53, 0xde, 0x32,
  0xde, 0x33, 0xde, 0x33, 0xde, 0x53, 0xde, 0x53, 0xde, 0x55, 0xde, 0x34,
  0xde, 0x75, 0xe6, 0x74, 0xde, 0x95, 0xe6, 0x74, 0xde, 0x95, 0xe6, 0x94,
  0xe6, 0xb6, 0xee, 0xb6, 0xe6, 0xb6, 0xee, 0xb5, 0xe6, 0xb5, 0xe6, 0x95,
  0xe6, 0xb6, 0xe6, 0xb5, 0xe6, 0xb5, 0xee, 0xb5, 0xe6, 0xb5, 0xe6, 0x95,
  0xe6, 0xd6, 0xee, 0xb5, 0xe6, 0xb6, 0xee, 0xd6, 0xee, 0xd7, 0xee, 0xb6,
  0xee, 0xd7, 0xee, 0xb6, 0xe6, 0xb6, 0xe6, 0xb5, 0xe6, 0xd7, 0xee, 0xb6,
  0xee, 0xf7, 0xee, 0xb7, 0xe6, 0xb6, 0xee, 0xd6, 0xe6, 0xb6, 0xe6, 0xb5,
  0xde, 0x95, 0xe6, 0xb5, 0xe6, 0xb6, 0xee, 0xb6, 0xe6, 0xd6, 0xe6, 0xb6,
  0xe6, 0xb6, 0xe6, 0xb5, 0xe6, 0xd6, 0xee, 0xd6, 0xe6, 0xf7, 0xee, 0xd6,
  0xe6, 0xd6, 0xe6, 0xb5, 0xe6, 0xb6, 0xe6, 0x95, 0xe6, 0xb5, 0xe6, 0xb5,
  0xe6, 0xb5, 0xe6, 0x94, 0xde, 0x74, 0xe6, 0x74, 0xde, 0x75, 0xe6, 0x94,
  0xde, 0x74, 0xde, 0x54, 0xde, 0x94, 0xde, 0x74, 0xde, 0x74, 0xde, 0x54,
  0xde, 0x73, 0xe6, 0x53, 0xde, 0x52, 0xe6, 0x72, 0xde, 0x73, 0xe6, 0x93,
  0xe6, 0x94, 0xe6, 0x73, 0xe6, 0xb5, 0xee, 0xb5, 0xe6, 0xb6, 0xee, 0xb5,
  0xe6, 0xb6, 0xee, 0xb6, 0xe6, 0xd6, 0xee, 0xb6, 0xe6, 0xd6, 0xee, 0xf6,
  0xde, 0x94, 0xde, 0x94, 0xe6, 0xd6, 0xee, 0xd6, 0xe6, 0xf7, 0xee, 0xf7,
  0xee, 0xf7, 0xee, 0xd7, 0xee, 0xf8, 0xee, 0xf7, 0xef, 0x18, 0xee, 0xf8,
  0xe6, 0xf8, 0xee, 0xd7, 0xe6, 0xf7, 0xee, 0xd6, 0xe6, 0xf7, 0xee, 0xd7,
  0xee, 0xf8, 0xee, 0xf7, 0xe6, 0xd7, 0xee, 0xd6, 0xe6, 0xd7, 0xee, 0xd6,
  0xe6, 0xb7, 0xee, 0xb6, 0xe6, 0xd7, 0xee, 0xd7, 0xe6, 0xd7, 0xe6, 0xb6,
  0xe6, 0xb6, 0xe6, 0xb5, 0xe6, 0xd7, 0xee, 0xd6, 0xe6, 0xb7, 0xe6, 0x96,
  0xe6, 0xb7, 0xe6, 0xb6, 0xde, 0xb6, 0xe6, 0x96, 0xde, 0xb6, 0xe6, 0xb5,
  0xde, 0x96, 0xe6, 0x96, 0xde, 0xb6, 0xde, 0x95, 0xde, 0x95, 0xde, 0x95,
  0xde, 0x95, 0xe6, 0x95, 0xde, 0xb6, 0xde, 0x95, 0xde, 0x96, 0xde, 0x95,
  0xde, 0x95, 0xde, 0x95, 0xde, 0x96, 0xde, 0x75, 0xde, 0x95, 0xde, 0x75,
  0xde, 0x75, 0xde, 0x75, 0xde, 0xb6, 0xde, 0x95, 0xde, 0x96, 0xde, 0x95,
  0xde, 0xb6, 0xde, 0x95, 0xde, 0x95, 0xe6, 0x95, 0xde, 0x95, 0xde, 0x74,
  0xd6, 0x75, 0xde, 0x74, 0xde, 0x75, 0xde, 0x54, 0xde, 0x95, 0xde, 0x74,
  0xde, 0x96, 0xde, 0x55, 0xd6, 0x74, 0xde, 0x54, 0xd6, 0x54, 0xe6, 0x95,
  0xde, 0x75, 0xe6, 0x75, 0xde, 0x95, 0xde, 0x74, 0xde, 0x95, 0xde, 0x54,
  0xd6, 0x55, 0xd6, 0x34, 0xd6, 0x54, 0xde, 0x75, 0xde, 0x75, 0xd6, 0x33,
  0xd6, 0x13, 0xd6, 0x12, 0xd6, 0x12, 0xd5, 0xf2, 0xd5, 0xf3, 0xde, 0x13,
  0xd6, 0x13, 0xd5, 0xf2, 0xce, 0x13, 0xd6, 0x13, 0xce, 0x13, 0xd6, 0x13,
  0xd6, 0x33, 0xd5, 0xf2, 0xd6, 0x13, 0xd5, 0xf2, 0xce, 0x13, 0xd5, 0xf3,
  0xce, 0x13, 0xd5, 0xf3, 0xcd, 0xf3, 0xd5, 0xf3, 0xcd, 0xf3, 0xd5, 0xf3,
  0xce, 0x14, 0xd5, 0xf3, 0xce, 0x14, 0xd6, 0x14, 0xd6, 0x34, 0xd6, 0x34,
  0xe6, 0x52, 0xde, 0x53, 0xde, 0x32, 0xde, 0x32, 0xe6, 0x53, 0xde, 0x73,
  0xe6, 0x74, 0xde, 0x74, 0xde, 0x53, 0xde, 0x94, 0xe6, 0x74, 0xe6, 0x95,
  0xe6, 0x74, 0xe6, 0x94, 0xe6, 0x95, 0xe6, 0x95, 0xe6, 0x54, 0xe6, 0x95,
  0xee, 0x74, 0xe6, 0x74, 0xe6, 0x53, 0xde, 0x53, 0xde, 0x32, 0xde, 0x53,
  0xde, 0x32, 0xde, 0x53, 0xe6, 0x53, 0xde, 0x74, 0xe6, 0x53, 0xde, 0x54,
  0xe6, 0x74, 0xe6, 0x95, 0xe6, 0x74, 0xde, 0x94, 0xe6, 0x73, 0xde, 0x94,
  0xe6, 0x95, 0xe6, 0xb6, 0xe6, 0x95, 0xe6, 0xb5, 0xe6, 0xb5, 0xe6, 0xb5,
  0xee, 0xb5, 0xe6, 0xb5, 0xee, 0xb4, 0xe6, 0xd5, 0xe6, 0x94, 0xe6, 0xb5,
  0xe6, 0xb5, 0xe6, 0xd5, 0xee, 0xb5, 0xe6, 0xd6, 0xee, 0xb6, 0xe6, 0xd6,
  0xee, 0xb5, 0xe6, 0xd6, 0xee, 0xb5, 0xe6, 0xd6, 0xee, 0xb6, 0xee, 0xd6,
  0xee, 0xd6, 0xe6, 0xd7, 0xee, 0xb6, 0xe6, 0xd6, 0xee, 0xd6, 0xee, 0xd6,
  0xe6, 0xb5, 0xe6, 0xd6, 0xee, 0xd5, 0xe6, 0xd5, 0xe6, 0x95, 0xe6, 0xb6,
  0xe6, 0x95, 0xe6, 0x95, 0xe6, 0xb5, 0xe6, 0xd5, 0xee, 0xd5, 0xe6, 0xb5,
  0xe6, 0xb4, 0xde, 0x94, 0xe6, 0x94, 0xde, 0x94, 0xe6, 0x94, 0xde, 0x94,
  0xe6, 0x73, 0xde, 0x73, 0xe6, 0x73, 0xde, 0x74, 0xe6, 0x93, 0xde, 0x94,
  0xe6, 0x53, 0xde, 0x94, 0xde, 0x53, 0xde, 0x74, 0xde, 0x53, 0xde, 0x53,
  0xe6, 0x52, 0xde, 0x31, 0xde, 0x10, 0xd6, 0x11, 0xde, 0x11, 0xde, 0x31,
  0xe6, 0x32, 0xde, 0x53, 0xe6, 0x52, 0xde, 0x73, 0xe6, 0x53, 0xe6, 0x94,
  0xee, 0x94, 0xe6, 0xb4, 0xee, 0xb4, 0xe6, 0xb4, 0xee, 0xb5, 0xee, 0xf6,
  0xde, 0x32, 0xde, 0x73, 0xee, 0xb5, 0xee, 0xd6, 0xee, 0xb5, 0xee, 0xd6,
  0xee, 0xd6, 0xee, 0xf6, 0xee, 0xf6, 0xee, 0xf6, 0xee, 0xb6, 0xee, 0xf7,
  0xee, 0xf7, 0xe6, 0xf8, 0xe6, 0xb5, 0xe6, 0xd6, 0xee, 0xd6, 0xee, 0xf7,
  0xee, 0xf6, 0xe6, 0xd6, 0xee, 0xd6, 0xe6, 0xb6, 0xee, 0xd6, 0xee, 0xf7,
  0xee, 0xd6, 0xee, 0xd7, 0xee, 0xd6, 0xee, 0xf7, 0xe6, 0xb5, 0xe6, 0xb6,
  0xe6, 0x95, 0xe6, 0xd6, 0xee, 0xb5, 0xe6, 0xd6, 0xee, 0xd6, 0xe6, 0xb6,
  0xee, 0xb6, 0xe6, 0xb6, 0xe6, 0xb6, 0xe6, 0xb6, 0xe6, 0xb5, 0xe6, 0xb6,
  0xe6, 0xb5, 0xe6, 0xb6, 0xe6, 0x95, 0xde, 0xb6, 0xe6, 0x95, 0xde, 0x95,
  0xe6, 0x95, 0xde, 0xb5, 0xe6, 0x95, 0xde, 0x95, 0xde, 0x95, 0xde, 0x95,
  0xde, 0x95, 0xde, 0x95, 0xe6, 0x95, 0xe6, 0x95, 0xe6, 0x94, 0xde, 0x94,
  0xe6, 0x94, 0xde, 0xb5, 0xe6, 0x95, 0xde, 0x95, 0xe6, 0x94, 0xde, 0xb4,
  0xe6, 0x94, 0xde, 0x74, 0xe6, 0x94, 0xde, 0xb5, 0xe6, 0x74, 0xde, 0x95,
  0xe6, 0x74, 0xde, 0x74, 0xe6, 0x74, 0xde, 0x75, 0xde, 0x33, 0xde, 0x74,
  0xde, 0x74, 0xd6, 0x54, 0xd6, 0x33, 0xd6, 0x33, 0xde, 0x33, 0xd6, 0x53,
  0xde, 0x74, 0xde, 0x74, 0xe6, 0x74, 0xde, 0x95, 0xe6, 0x74, 0xde, 0x74,
  0xde, 0x74, 0xde, 0x74, 0xde, 0x34, 0xde, 0x74, 0xde, 0x33, 0xd6, 0x33,
  0xd6, 0x11, 0xd6, 0x32, 0xd5, 0xd1, 0xd6, 0x12, 0xde, 0x12, 0xd6, 0x12,
  0xd5, 0xf2, 0xd6, 0x13, 0xd6, 0x12, 0xd6, 0x12, 0xd5, 0xf2, 0xce, 0x12,
  0xd6, 0x12, 0xd6, 0x13, 0xd6, 0x12, 0xd6, 0x12, 0xd5, 0xf2, 0xd6, 0x13,
  0xd6, 0x13, 0xcd, 0xd2, 0xd5, 0xf2, 0xd6, 0x13, 0xd5, 0xf2, 0xce, 0x13,
  0xd5, 0xf3, 0xcd, 0xf3, 0xd6, 0x14, 0xd6, 0x34, 0xd6, 0x13, 0xce, 0x13,
  0xde, 0x33, 0xde, 0x12, 0xd6, 0x32, 0xde, 0x53, 0xd6, 0x33, 0xde, 0x33,
  0xde, 0x54, 0xde, 0x54, 0xde, 0x74, 0xe6, 0x74, 0xe6, 0x95, 0xe6, 0x74,
  0xde, 0x74, 0xe6, 0x74, 0xde, 0x75, 0xe6, 0x74, 0xde, 0x95, 0xe6, 0x74,
  0xe6, 0x95, 0xe6, 0x54, 0xde, 0x53, 0xe6, 0x53, 0xde, 0x53, 0xde, 0x32,
  0xde, 0x54, 0xe6, 0x33, 0xde, 0x54, 0xde, 0x33, 0xde, 0x54, 0xe6, 0x74,
  0xde, 0x74, 0xe6, 0x74, 0xde, 0x95, 0xe6, 0x74, 0xe6, 0x95, 0xe6, 0x94,
  0xe6, 0x95, 0xe6, 0x95, 0xe6, 0xb5, 0xe6, 0x94, 0xe6, 0xb5, 0xe6, 0x94,
  0xe6, 0xb5, 0xe6, 0x95, 0xe6, 0x95, 0xe6, 0x95, 0xe6, 0xb5, 0xee, 0xb5,
  0xe6, 0xb5, 0xe6, 0x95, 0xe6, 0xb6, 0xe6, 0xb5, 0xe6, 0xb6, 0xe6, 0x95,
  0xe6, 0xd6, 0xe6, 0x95, 0xe6, 0xb6, 0xe6, 0x95, 0xe6, 0xb6, 0xee, 0xb6,
  0xe6, 0xb7, 0xe6, 0xb6, 0xe6, 0xb6, 0xe6, 0x96, 0xe6, 0xd6, 0xe6, 0xb6,
  0xe6, 0xb6, 0xe6, 0xb5, 0xe6, 0xb6, 0xe6, 0x95, 0xe6, 0x96, 0xee, 0xb6,
  0xe6, 0xb6, 0xe6, 0x96, 0xe6, 0xb5, 0xe6, 0x95, 0xe6, 0xb5, 0xe6, 0x94,
  0xe6, 0x94, 0xe6, 0x93, 0xe6, 0x94, 0xe6, 0x93, 0xde, 0x53, 0xe6, 0x53,
  0xd6, 0x32, 0xde, 0x32, 0xde, 0x53, 0xde, 0x32, 0xd6, 0x12, 0xe6, 0x53,
  0xde, 0x53, 0xe6, 0x53, 0xde, 0x73, 0xde, 0x52, 0xd6, 0x32, 0xde, 0x11,
  0xd6, 0x10, 0xdd, 0xf0, 0xd5, 0xf0, 0xdd, 0xf0, 0xd5, 0xf0, 0xdd, 0xf0,
  0xde, 0x52, 0xde, 0x31, 0xd6, 0x11, 0xde, 0x31, 0xde, 0x31, 0xde, 0x30,
  0xde, 0x52, 0xe6, 0x72, 0xde, 0x93, 0xe6, 0x93, 0xe6, 0x94, 0xe6, 0x73,
  0xe6, 0x94, 0xe6, 0x73, 0xde, 0x74, 0xe6, 0x74, 0xde, 0x94, 0xe6, 0x74,
  0xe6, 0xd5, 0xe6, 0xb5, 0xe6, 0xd6, 0xee, 0xf6, 0xee, 0xf7, 0xee, 0xd7,
  0xef, 0x18, 0xee, 0xd7, 0xde, 0x96, 0xe6, 0x96, 0xe6, 0xf7, 0xee, 0xf7,
  0xe6, 0xf7, 0xee, 0xd7, 0xe6, 0xd7, 0xee, 0xb6, 0xe6, 0xd7, 0xee, 0xd6,
  0xe6, 0xd6, 0xee, 0xd6, 0xe6, 0xd6, 0xee, 0xd5, 0xe6, 0xd6, 0xe6, 0xb5,
  0xe6, 0xd6, 0xee, 0xb6, 0xe6, 0xb6, 0xe6, 0xb5, 0xe6, 0xd6, 0xe6, 0xb6,
  0xe6, 0xb6, 0xe6, 0x95, 0xde, 0x95, 0xe6, 0x95, 0xe6, 0xb6, 0xe6, 0x95,
  0xde, 0x95, 0xe6, 0x95, 0xde, 0x95, 0xe6, 0x95, 0xde, 0x76, 0xe6, 0x95,
  0xde, 0xb6, 0xde, 0x75, 0xde, 0x96, 0xde, 0x75, 0xde, 0x96, 0xde, 0x75,
  0xde, 0x95, 0xde, 0x75, 0xde, 0x74, 0xe6, 0x74, 0xd6, 0x54, 0xde, 0x74,
  0xde, 0x95, 0xe6, 0x94, 0xde, 0x94, 0xde, 0x74, 0xde, 0x94, 0xde, 0x73,
  0xde, 0x94, 0xde, 0x74, 0xde, 0x94, 0xe6, 0x94, 0xde, 0x95, 0xde, 0x74,
  0xde, 0x74, 0xe6, 0x94, 0xde, 0x95, 0xde, 0x53, 0xd6, 0x54, 0xde, 0x53,
  0xd6, 0x75, 0xd6, 0x54, 0xce, 0x14, 0xd6, 0x34, 0xd6, 0x54, 0xde, 0x74,
  0xde, 0x95, 0xd6, 0x33, 0xde, 0x95, 0xe6, 0x75, 0xde, 0x75, 0xe6, 0xb5,
  0xde, 0x95, 0xde, 0x74, 0xde, 0x75, 0xde, 0x54, 0xd6, 0x34, 0xd6, 0x14,
  0xd6, 0x33, 0xd6, 0x13, 0xd6, 0x13, 0xd5, 0xf2, 0xd6, 0x13, 0xde, 0x13,
  0xd6, 0x13, 0xd5, 0xf2, 0xd6, 0x12, 0xd5, 0xf2, 0xd6, 0x13, 0xd5, 0xf2,
  0xd6, 0x33, 0xd6, 0x12, 0xd6, 0x13, 0xd5, 0xf2, 0xcd, 0xd2, 0xd5, 0xf2,
  0xce, 0x13, 0xd5, 0xf2, 0xcd, 0xf3, 0xd5, 0xf2, 0xd6, 0x13, 0xd5, 0xf3,
  0xcd, 0xf3, 0xd5, 0xf2, 0xce, 0x14, 0xd6, 0x13, 0xce, 0x13, 0xd5, 0xf3,
  0xde, 0x11, 0xde, 0x52, 0xde, 0x52, 0xde, 0x73, 0xde, 0x53, 0xde, 0x74,
  0xde, 0x53, 0xde, 0x74, 0xe6, 0x74, 0xde, 0x74, 0xe6, 0x73, 0xde, 0x53,
  0xe6, 0x53, 0xe6, 0x94, 0xe6, 0x73, 0xde, 0x53, 0xe6, 0x73, 0xde, 0x74,
  0xe6, 0x73, 0xe6, 0x74, 0xe6, 0x52, 0xde, 0x53, 0xde, 0x32, 0xde, 0x53,
  0xe6, 0x53, 0xde, 0x73, 0xe6, 0x73, 0xe6, 0x94, 0xe6, 0x74, 0xe6, 0xb5,
  0xee, 0x94, 0xe6, 0x94, 0xe6, 0x73, 0xe6, 0x74, 0xe6, 0x73, 0xde, 0x73,
  0xe6, 0x94, 0xe6, 0xb5, 0xe6, 0x94, 0xe6, 0xb5, 0xe6, 0x94, 0xe6, 0x94,
  0xee, 0x94, 0xe6, 0xb5, 0xee, 0x94, 0xe6, 0x94, 0xe6, 0x94, 0xe6, 0xb5,
  0xe6, 0x94, 0xe6, 0xb5, 0xe6, 0x94, 0xe6, 0xb5, 0xe6, 0xb5, 0xe6, 0xb5,
  0xee, 0xb5, 0xe6, 0xd6, 0xee, 0xb5, 0xe6, 0x95, 0xe6, 0x95, 0xe6, 0xb6,
  0xee, 0xb6, 0xe6, 0xd6, 0xee, 0xb5, 0xe6, 0xb6, 0xee, 0xb5, 0xe6, 0xb6,
  0xe6, 0x94, 0xe6, 0xb5, 0xe6, 0x94, 0xde, 0x95, 0xee, 0xb5, 0xe6, 0xd6,
  0xe6, 0x95, 0xe6, 0xb5, 0xe6, 0x94, 0xde, 0x74, 0xe6, 0x73, 0xe6, 0x94,
  0xe6, 0x73, 0xe6, 0x73, 0xe6, 0x72, 0xe6, 0x73, 0xe6, 0x52, 0xd5, 0xf1,
  0xd5, 0xaf, 0xd5, 0xf0, 0xde, 0x11, 0xd6, 0x11, 0xd5, 0xf0, 0xd6, 0x11,
  0xe6, 0x31, 0xe6, 0x52, 0xe6, 0x31, 0xd6, 0x11, 0xdd, 0xef, 0xcd, 0xae,
  0xcd, 0x4d, 0xc5, 0x2d, 0xbc, 0x89, 0xbc, 0xca, 0xd5, 0x6c, 0xd5, 0x8d,
  0xcd, 0x8e, 0xd5, 0xcf, 0xdd, 0xef, 0xde, 0x10, 0xde, 0x0f, 0xd5, 0xef,
  0xdd, 0xef, 0xde, 0x0f, 0xde, 0x10, 0xe6, 0x51, 0xde, 0x10, 0xde, 0x30,
  0xe6, 0x52, 0xe6, 0x93, 0xe6, 0x72, 0xde, 0x92, 0xe6, 0x73, 0xde, 0x93,
  0xee, 0x94, 0xe6, 0xb5, 0xee, 0xb5, 0xe6, 0xb6, 0xee, 0xb5, 0xee, 0xd6,
  0xee, 0xd6, 0xee, 0xf7, 0xee, 0xd6, 0xee, 0xf7, 0xee, 0xf7, 0xef, 0x17,
  0xee, 0xf6, 0xe6, 0xf7, 0xee, 0xb6, 0xee, 0xf7, 0xee, 0xd6, 0xe6, 0xd6,
  0xee, 0xd5, 0xe6, 0xd5, 0xee, 0xb4, 0xe6, 0xd5, 0xee, 0xb5, 0xe6, 0xd6,
  0xee, 0xd6, 0xe6, 0xb6, 0xe6, 0x95, 0xe6, 0xd6, 0xee, 0xb5, 0xee, 0xd6,
  0xee, 0xb5, 0xe6, 0xb5, 0xe6, 0xb5, 0xe6, 0xb5, 0xe6, 0xb5, 0xde, 0x95,
  0xe6, 0xb4, 0xde, 0xb5, 0xe6, 0x94, 0xde, 0x95, 0xe6, 0x95, 0xe6, 0xb5,
  0xe6, 0x95, 0xde, 0x95, 0xe6, 0x75, 0xde, 0x95, 0xe6, 0x94, 0xde, 0x95,
  0xde, 0x73, 0xde, 0x74, 0xde, 0x53, 0xde, 0x94, 0xe6, 0x74, 0xe6, 0x95,
  0xe6, 0x95, 0xe6, 0xb6, 0xe6, 0x95, 0xde, 0x95, 0xe6, 0x74, 0xde, 0x95,
  0xe6, 0x75, 0xe6, 0x95, 0xee, 0xb5, 0xe6, 0xb5, 0xe6, 0x94, 0xe6, 0xb5,
  0xe6, 0x74, 0xde, 0xb5, 0xe6, 0x94, 0xde, 0x74, 0xde, 0x53, 0xde, 0x74,
  0xde, 0x74, 0xd6, 0x54, 0xd6, 0x33, 0xd6, 0x74, 0xde, 0x54, 0xde, 0x95,
  0xe6, 0x95, 0xde, 0x95, 0xe6, 0x74, 0xde, 0x95, 0xe6, 0x74, 0xde, 0x75,
  0xe6, 0x94, 0xde, 0x74, 0xde, 0x75, 0xde, 0x95, 0xde, 0x34, 0xd6, 0x54,
  0xde, 0x13, 0xd6, 0x33, 0xd6, 0x12, 0xcd, 0xf2, 0xd6, 0x13, 0xd6, 0x33,
  0xd6, 0x12, 0xd6, 0x13, 0xd5, 0xf2, 0xd6, 0x12, 0xd5, 0xf2, 0xd6, 0x33,
  0xd6, 0x12, 0xd6, 0x13, 0xd5, 0xf2, 0xcd, 0xf2, 0xd5, 0xf2, 0xd6, 0x13,
  0xd6, 0x13, 0xcd, 0xf3, 0xd5, 0xf2, 0xcd, 0xf2, 0xcd, 0xd1, 0xcd, 0xf2,
  0xd5, 0xd2, 0xd6, 0x13, 0xd5, 0xf2, 0xd6, 0x13, 0xcd, 0xd2, 0xcd, 0xf3,
  0xd6, 0x31, 0xde, 0x10, 0xde, 0x32, 0xde, 0x11, 0xde, 0x53, 0xde, 0x32,
  0xde, 0x53, 0xde, 0x33, 0xde, 0x74, 0xe6, 0x73, 0xde, 0x32, 0xe6, 0x53,
  0xde, 0x52, 0xde, 0x32, 0xde, 0x53, 0xe6, 0x32, 0xde, 0x53, 0xde, 0x32,
  0xde, 0x73, 0xe6, 0x53, 0xde, 0x53, 0xe6, 0x53, 0xde, 0x53, 0xde, 0x33,
  0xde, 0x74, 0xe6, 0x74, 0xe6, 0x95, 0xe6, 0x74, 0xe6, 0xb5, 0xe6, 0x94,
  0xde, 0x74, 0xe6, 0x74, 0xde, 0x74, 0xde, 0x53, 0xde, 0x74, 0xe6, 0x73,
  0xde, 0x74, 0xe6, 0x74, 0xde, 0x94, 0xe6, 0x94, 0xe6, 0x95, 0xe6, 0x94,
  0xde, 0x74, 0xe6, 0x74, 0xe6, 0x94, 0xe6, 0x74, 0xe6, 0x95, 0xe6, 0x74,
  0xde, 0x95, 0xe6, 0x94, 0xde, 0x95, 0xe6, 0x74, 0xde, 0x94, 0xe6, 0x94,
  0xde, 0x95, 0xe6, 0xb5, 0xe6, 0xb6, 0xee, 0xb5, 0xe6, 0xb6, 0xee, 0xb6,
  0xe6, 0xd6, 0xee, 0xb5, 0xe6, 0xb6, 0xe6, 0x95, 0xe6, 0xb6, 0xee, 0xb5,
  0xe6, 0xb5, 0xe6, 0x94, 0xde, 0x95, 0xe6, 0x95, 0xe6, 0xb6, 0xe6, 0x95,
  0xde, 0x95, 0xe6, 0x74, 0xde, 0x73, 0xde, 0x32, 0xde, 0x53, 0xe6, 0x53,
  0xde, 0x52, 0xe6, 0x32, 0xde, 0x31, 0xde, 0x10, 0xd5, 0xcf, 0xd5, 0xcf,
  0xcd, 0xd0, 0xdd, 0xf0, 0xde, 0x12, 0xd5, 0xd0, 0xcd, 0xaf, 0xcd, 0x8e,
  0xcd, 0xb0, 0xd5, 0xaf, 0xcd, 0x6e, 0xc5, 0x2d, 0xcd, 0x6e, 0xbc, 0xcb,
  0xbc, 0xac, 0xb4, 0x4a, 0xa3, 0xe8, 0xab, 0xe7, 0xac, 0x49, 0xb4, 0x49,
  0xac, 0xab, 0xc5, 0x4d, 0xcd, 0xaf, 0xdd, 0xcf, 0xcd, 0x6d, 0xcd, 0x4d,
  0xc5, 0x4d, 0xcd, 0x2c, 0xcd, 0x4d, 0xd5, 0x6d, 0xd5, 0x8d, 0xdd, 0xad,
  0xd5, 0xef, 0xe6, 0x10, 0xde, 0x0f, 0xe6, 0x0f, 0xde, 0x52, 0xe6, 0x52,
  0xe6, 0x74, 0xee, 0x74, 0xe6, 0x74, 0xe6, 0x73, 0xe6, 0xd5, 0xee, 0xb4,
  0xe6, 0xf6, 0xee, 0xf6, 0xee, 0xd7, 0xee, 0xd7, 0xee, 0xf8, 0xee, 0xd7,
  0xe6, 0xf7, 0xee, 0xd7, 0xe6, 0xd6, 0xee, 0xd6, 0xe6, 0xd6, 0xe6, 0x95,
  0xe6, 0xd6, 0xee, 0xb5, 0xe6, 0xb6, 0xe6, 0x95, 0xe6, 0xb6, 0xee, 0xb6,
  0xe6, 0xb6, 0xe6, 0xb6, 0xe6, 0xb6, 0xe6, 0x95, 0xe6, 0xb6, 0xee, 0xb5,
  0xe6, 0xb5, 0xe6, 0x94, 0xde, 0x95, 0xe6, 0x94, 0xde, 0x95, 0xe6, 0x95,
  0xde, 0x95, 0xde, 0x74, 0xde, 0x74, 0xde, 0x74, 0xd6, 0x54, 0xde, 0x74,
  0xde, 0x74, 0xe6, 0x95, 0xde, 0x95, 0xe6, 0x95, 0xde, 0x95, 0xde, 0x53,
  0xde, 0x93, 0xde, 0x72, 0xde, 0x73, 0xde, 0x53, 0xde, 0x74, 0xde, 0x74,
  0xde, 0x95, 0xe6, 0x74, 0xde, 0x95, 0xe6, 0x95, 0xde, 0x95, 0xe6, 0xb6,
  0xe6, 0x96, 0xe6, 0x95, 0xde, 0x95, 0xe6, 0x75, 0xde, 0x95, 0xe6, 0x95,
  0xde, 0x95, 0xe6, 0x95, 0xde, 0x95, 0xde, 0x74, 0xde, 0x75, 0xe6, 0x75,
  0xde, 0x95, 0xde, 0x54, 0xde, 0x75, 0xde, 0x54, 0xd6, 0x54, 0xde, 0x54,
  0xde, 0x75, 0xde, 0x54, 0xde, 0x75, 0xde, 0x54, 0xde, 0x55, 0xde, 0x54,
  0xde, 0x75, 0xde, 0x75, 0xde, 0x96, 0xde, 0x75, 0xd6, 0x55, 0xd6, 0x34,
  0xce, 0x14, 0xd5, 0xf3, 0xce, 0x14, 0xd5, 0xf3, 0xce, 0x34, 0xd6, 0x34,
  0xd6, 0x54, 0xd6, 0x13, 0xd6, 0x34, 0xd6, 0x13, 0xd6, 0x33, 0xd6, 0x13,
  0xd6, 0x13, 0xd5, 0xf2, 0xd6, 0x13, 0xd5, 0xf2, 0xcd, 0xf2, 0xd5, 0xf2,
  0xcd, 0xf3, 0xcd, 0xd2, 0xcd, 0xf2, 0xcd, 0xd1, 0xcd, 0xd2, 0xd5, 0xd1,
  0xcd, 0xf2, 0xd5, 0xd2, 0xcd, 0xf2, 0xd5, 0xf2, 0xcd, 0xd2, 0xcd, 0xb2,
  0xe6, 0x11, 0xde, 0x11, 0xdd, 0xf0, 0xde, 0x31, 0xde, 0x31, 0xd6, 0x11,
  0xde, 0x32, 0xd6, 0x32, 0xde, 0x32, 0xde, 0x73, 0xe6, 0x52, 0xde, 0x32,
  0xe6, 0x31, 0xde, 0x32, 0xe6, 0x52, 0xde, 0x32, 0xde, 0x31, 0xde, 0x52,
  0xe6, 0x52, 0xde, 0x32, 0xe6, 0x33, 0xe6, 0x74, 0xe6, 0x53, 0xde, 0x74,
  0xe6, 0x74, 0xe6, 0x94, 0xe6, 0xb4, 0xe6, 0xb5, 0xee, 0x94, 0xe6, 0xb4,
  0xe6, 0x73, 0xde, 0x73, 0xe6, 0x73, 0xde, 0x73, 0xe6, 0x73, 0xe6, 0xb4,
  0xe6, 0x73, 0xe6, 0x94, 0xe6, 0x73, 0xe6, 0xb4, 0xee, 0x94, 0xe6, 0x94,
  0xee, 0x94, 0xe6, 0xb4, 0xee, 0xb4, 0xe6, 0xb4, 0xe6, 0x74, 0xe6, 0x94,
  0xe6, 0x74, 0xe6, 0x94, 0xe6, 0x94, 0xde, 0x94, 0xe6, 0x94, 0xde, 0x94,
  0xee, 0xb5, 0xe6, 0xd6, 0xe6, 0x95, 0xe6, 0xb6, 0xee, 0xb5, 0xe6, 0xd6,
  0xee, 0xb5, 0xe6, 0xb5, 0xe6, 0x94, 0xe6, 0xb5, 0xee, 0xb5, 0xe6, 0x95,
  0xe6, 0x94, 0xe6, 0x94, 0xe6, 0x94, 0xe6, 0xb5, 0xe6, 0x94, 0xe6, 0xb5,
  0xe6, 0x93, 0xe6, 0x94, 0xe6, 0x72, 0xde, 0x72, 0xe6, 0x51, 0xe6, 0x51,
  0xde, 0x0f, 0xde, 0x30, 0xdd, 0xce, 0xcd, 0xae, 0xd5, 0xad, 0xd5, 0xae,
  0xcd, 0x6e, 0xcd, 0xaf, 0xcd, 0x6f, 0xbd, 0x2d, 0xbc, 0xec, 0xbd, 0x0c,
  0xbc, 0xec, 0xb4, 0xab, 0xac, 0x49, 0xa4, 0x49, 0xb4, 0x49, 0xac, 0x29,
  0xb4, 0x4b, 0xa4, 0x0a, 0xab, 0xc8, 0xa3, 0xc9, 0xab, 0xe8, 0xa3, 0xe9,
  0xac, 0x29, 0xac, 0x6a, 0xb4, 0x6a, 0xb4, 0xab, 0xc4, 0xcb, 0xb4, 0xab,
  0xb4, 0x49, 0xb4, 0x6a, 0xb4, 0x28, 0xac, 0x49, 0xbc, 0x48, 0xb4, 0x48,
  0xc4, 0x69, 0xc4, 0xaa, 0xbc, 0x68, 0xcd, 0x0b, 0xd5, 0x8e, 0xd5, 0xcf,
  0xe5, 0xf0, 0xde, 0x11, 0xdd, 0xcf, 0xd5, 0xcf, 0xde, 0x11, 0xe6, 0x72,
  0xee, 0xb4, 0xe6, 0xd4, 0xee, 0xb5, 0xee, 0xf6, 0xee, 0xd6, 0xef, 0x17,
  0xee, 0xf6, 0xee, 0xf6, 0xe6, 0xb5, 0xe6, 0xb6, 0xee, 0xb4, 0xe6, 0xb5,
  0xee, 0xd5, 0xe6, 0xd5, 0xee, 0xb5, 0xee, 0xd5, 0xee, 0xb5, 0xe6, 0xb5,
  0xe6, 0x95, 0xe6, 0xb6, 0xee, 0xb5, 0xe6, 0xb6, 0xe6, 0x95, 0xe6, 0xb5,
  0xe6, 0x94, 0xde, 0x74, 0xe6, 0x74, 0xde, 0x94, 0xe6, 0x74, 0xe6, 0xb5,
  0xe6, 0x74, 0xde, 0x75, 0xe6, 0x74, 0xde, 0x74, 0xd6, 0x12, 0xde, 0x74,
  0xde, 0x73, 0xde, 0x94, 0xe6, 0x94, 0xde, 0x94, 0xde, 0x52, 0xd6, 0x52,
  0xe6, 0x52, 0xde, 0x72, 0xe6, 0x72, 0xe6, 0x93, 0xe6, 0x72, 0xde, 0x73,
  0xe6, 0x73, 0xde, 0x93, 0xe6, 0x93, 0xde, 0x94, 0xe6, 0x94, 0xde, 0x94,
  0xe6, 0x94, 0xe6, 0xb5, 0xe6, 0x95, 0xde, 0x75, 0xe6, 0x95, 0xe6, 0xd6,
  0xee, 0xb5, 0xe6, 0xb5, 0xe6, 0x95, 0xe6, 0x95, 0xe6, 0x95, 0xe6, 0xb6,
  0xe6, 0x95, 0xde, 0x96, 0xde, 0x74, 0xde, 0x74, 0xde, 0x53, 0xde, 0x74,
  0xde, 0x74, 0xde, 0x54, 0xe6, 0x74, 0xe6, 0x95, 0xe6, 0x95, 0xde, 0x95,
  0xe6, 0x75, 0xde, 0x75, 0xde, 0x74, 0xd6, 0x75, 0xd6, 0x33, 0xd6, 0x54,
  0xde, 0x34, 0xd6, 0x34, 0xde, 0x33, 0xd6, 0x33, 0xd6, 0x13, 0xce, 0x33,
  0xd6, 0x13, 0xd6, 0x34, 0xd6, 0x13, 0xce, 0x13, 0xd6, 0x12, 0xd6, 0x33,
  0xdd, 0xf2, 0xd5, 0xf2, 0xdd, 0xf2, 0xd6, 0x13, 0xd5, 0xf2, 0xd5, 0xf2,
  0xd5, 0xf2, 0xd6, 0x13, 0xd5, 0xd1, 0xcd, 0xf2, 0xd5, 0xf1, 0xcd, 0xf1,
  0xd5, 0xd1, 0xcd, 0xd1, 0xcd, 0xb0, 0xcd, 0xd1, 0xcd, 0xb1, 0xc5, 0xb1,
  0xd5, 0xf1, 0xdd, 0xf1, 0xde, 0x32, 0xde, 0x11, 0xde, 0x32, 0xe6, 0x32,
  0xd6, 0x12, 0xde, 0x12, 0xde, 0x33, 0xde, 0x12, 0xde, 0x33, 0xd5, 0xf1,
  0xd6, 0x12, 0xde, 0x12, 0xde, 0x33, 0xe6, 0x32, 0xd6, 0x12, 0xde, 0x32,
  0xde, 0x74, 0xe6, 0x53, 0xde, 0x74, 0xde, 0x53, 0xde, 0x54, 0xde, 0x33,
  0xde, 0x74, 0xe6, 0x73, 0xde, 0x94, 0xe6, 0x94, 0xde, 0x74, 0xe6, 0x74,
  0xe6, 0x95, 0xe6, 0x74, 0xde, 0x74, 0xe6, 0x73, 0xde, 0x95, 0xde, 0x74,
  0xde, 0x74, 0xe6, 0x94, 0xe6, 0x95, 0xe6, 0x74, 0xe6, 0x94, 0xe6, 0x53,
  0xe6, 0x74, 0xee, 0x74, 0xe6, 0x94, 0xe6, 0x73, 0xde, 0x94, 0xe6, 0x74,
  0xe6, 0x95, 0xe6, 0x74, 0xde, 0x94, 0xe6, 0x94, 0xde, 0xb5, 0xe6, 0xb5,
  0xe6, 0xb6, 0xe6, 0x95, 0xe6, 0xd6, 0xe6, 0x95, 0xe6, 0xd6, 0xee, 0xb5,
  0xe6, 0xb5, 0xe6, 0x74, 0xde, 0x95, 0xe6, 0x94, 0xe6, 0x95, 0xe6, 0x95,
  0xe6, 0x94, 0xe6, 0x54, 0xe6, 0x94, 0xe6, 0x94, 0xde, 0x94, 0xe6, 0x73,
  0xde, 0x73, 0xe6, 0x73, 0xde, 0x52, 0xde, 0x31, 0xde, 0x30, 0xdd, 0xef,
  0xdd, 0xef, 0xcd, 0x6d, 0xcd, 0x8e, 0xd5, 0x8d, 0xbd, 0x0b, 0xb4, 0xaa,
  0xb4, 0xcc, 0xbc, 0xec, 0xac, 0xac, 0xac, 0x6b, 0xac, 0x8b, 0xac, 0x6b,
  0xac, 0xac, 0xb4, 0x6b, 0xac, 0x6b, 0xac, 0x4a, 0xac, 0x6c, 0xb4, 0x8c,
  0xb4, 0xad, 0xac, 0x4c, 0xa4, 0x0a, 0xac, 0x0a, 0xa3, 0xe9, 0xa3, 0xc8,
  0x9b, 0xc9, 0xa3, 0xc9, 0x9b, 0xc9, 0xa3, 0xa8, 0xa4, 0x0a, 0xac, 0x09,
  0xa4, 0x0a, 0xac, 0x0a, 0xac, 0x0a, 0xab, 0xe9, 0xab, 0xc9, 0xab, 0xa9,
  0xa3, 0x68, 0x9b, 0x27, 0x93, 0x47, 0xa3, 0xc8, 0xa4, 0x4a, 0xac, 0x4a,
  0xac, 0x6b, 0xb4, 0x4a, 0xb4, 0x8b, 0xc4, 0xcc, 0xc5, 0x2d, 0xd5, 0x8f,
  0xde, 0x11, 0xdd, 0xf1, 0xde, 0x53, 0xe6, 0x73, 0xe6, 0xb4, 0xf6, 0xd4,
  0xe6, 0xb5, 0xee, 0xb4, 0xe6, 0xb5, 0xe6, 0x94, 0xde, 0x73, 0xe6, 0x72,
  0xde, 0x72, 0xe6, 0x72, 0xe6, 0x93, 0xee, 0x73, 0xe6, 0xb4, 0xe6, 0x93,
  0xe6, 0xb6, 0xe6, 0x95, 0xde, 0xb5, 0xe6, 0xb5, 0xde, 0xb5, 0xe6, 0x95,
  0xde, 0x95, 0xde, 0x75, 0xe6, 0xb6, 0xe6, 0x95, 0xde, 0x95, 0xe6, 0x95,
  0xde, 0x95, 0xde, 0x74, 0xde, 0x95, 0xde, 0x74, 0xde, 0x75, 0xde, 0x54,
  0xde, 0x74, 0xde, 0x74, 0xde, 0x74, 0xde, 0x73, 0xde, 0x73, 0xde, 0x52,
  0xde, 0x53, 0xde, 0x32, 0xde, 0x52, 0xe6, 0x52, 0xd6, 0x52, 0xde, 0x52,
  0xde, 0x73, 0xde, 0x72, 0xde, 0x93, 0xde, 0x52, 0xde, 0x73, 0xde, 0x72,
  0xde, 0x74, 0xe6, 0x94, 0xe6, 0xd5, 0xe6, 0xb5, 0xde, 0xb6, 0xe6, 0x95,
  0xe6, 0x95, 0xe6, 0x95, 0xe6, 0x95, 0xe6, 0x95, 0xe6, 0x96, 0xe6, 0x95,
  0xe6, 0x96, 0xe6, 0x75, 0xde, 0x95, 0xe6, 0x95, 0xde, 0x75, 0xde, 0x54,
  0xde, 0x74, 0xde, 0x54, 0xde, 0x95, 0xe6, 0x95, 0xde, 0x75, 0xe6, 0x75,
  0xde, 0x75, 0xde, 0x54, 0xd6, 0x55, 0xde, 0x54, 0xd6, 0x54, 0xde, 0x54,
  0xce, 0x34, 0xd6, 0x33, 0xd6, 0x54, 0xd6, 0x33, 0xd6, 0x54, 0xd6, 0x34,
  0xcd, 0xf3, 0xd6, 0x13, 0xcd, 0xf3, 0xd5, 0xf3, 0xd6, 0x33, 0xd5, 0xf2,
  0xd5, 0xf2, 0xd5, 0xd1, 0xd5, 0xf2, 0xd5, 0xf2, 0xd5, 0xf3, 0xd5, 0xd2,
  0xd5, 0xf3, 0xd5, 0xd2, 0xcd, 0xd3, 0xd5, 0xd2, 0xcd, 0xd2, 0xcd, 0xb1,
  0xc5, 0xb1, 0xcd, 0x90, 0xcd, 0xb1, 0xcd, 0xb0, 0xcd, 0xb1, 0xcd, 0xb0,
  0xde, 0x11, 0xd6, 0x11, 0xde, 0x11, 0xde, 0x32, 0xde, 0x11, 0xde, 0x32,
  0xde, 0x32, 0xd6, 0x32, 0xde, 0x12, 0xde, 0x32, 0xde, 0x11, 0xde, 0x32,
  0xe6, 0x52, 0xde, 0x53, 0xe6, 0x52, 0xe6, 0x73, 0xe6, 0x32, 0xde, 0x32,
  0xde, 0x52, 0xde, 0x73, 0xe6, 0x53, 0xde, 0x73, 0xe6, 0x53, 0xde, 0x73,
  0xe6, 0x32, 0xe6, 0x73, 0xe6, 0x53, 0xe6, 0x94, 0xe6, 0x73, 0xe6, 0x94,
  0xe6, 0x93, 0xde, 0x73, 0xe6, 0x52, 0xe6, 0x94, 0xe6, 0x93, 0xde, 0x94,
  0xe6, 0x94, 0xe6, 0x94, 0xe6, 0x93, 0xe6, 0x94, 0xe6, 0x73, 0xe6, 0x94,
  0xee, 0x74, 0xe6, 0x94, 0xe6, 0x73, 0xe6, 0x94, 0xe6, 0x73, 0xde, 0x74,
  0xe6, 0x94, 0xe6, 0x94, 0xe6, 0x94, 0xde, 0x94, 0xe6, 0x94, 0xe6, 0x95,
  0xe6, 0x95, 0xe6, 0xb5, 0xe6, 0x95, 0xe6, 0xd6, 0xe6, 0xb5, 0xe6, 0x95,
  0xee, 0xb4, 0xe6, 0x94, 0xe6, 0x94, 0xe6, 0x94, 0xe6, 0x94, 0xe6, 0xb5,
  0xee, 0x93, 0xe6, 0x73, 0xe6, 0x52, 0xde, 0x73, 0xe6, 0x73, 0xde, 0x73,
  0xe6, 0x53, 0xe6, 0x73, 0xe6, 0x52, 0xd5, 0xf1, 0xd5, 0x8e, 0xc5, 0x4d,
  0xc4, 0xeb, 0xc5, 0x2c, 0xcd, 0x6d, 0xbd, 0x0c, 0xb4, 0x6a, 0xac, 0x8a,
  0xac, 0x6a, 0xa4, 0x4a, 0xac, 0x6b, 0xac, 0x8c, 0xac, 0x6a, 0xac, 0x6b,
  0xac, 0x4a, 0xac, 0x6b, 0xac, 0x4a, 0xac, 0x6b, 0xac, 0x2a, 0xb4, 0xac,
  0xb4, 0x8b, 0xac, 0x4b, 0xac, 0x2a, 0xac, 0x2a, 0xac, 0x09, 0xa3, 0xe9,
  0x9b, 0xa8, 0xa3, 0xe9, 0xa3, 0xc8, 0xa4, 0x0a, 0xab, 0xe9, 0xac, 0x2a,
  0xa3, 0xe9, 0xa4, 0x0a, 0xb4, 0x4b, 0xac, 0x2b, 0xab, 0xea, 0xac, 0x2b,
  0xab, 0xea, 0x93, 0x88, 0x8b, 0x06, 0x93, 0x88, 0x9b, 0xa8, 0x93, 0xc9,
  0xa3, 0xc9, 0x9b, 0xca, 0xa3, 0xe9, 0xa4, 0x0a, 0xac, 0x0a, 0xac, 0x4b,
  0xbc, 0x8b, 0xc5, 0x0d, 0xd5, 0x6d, 0xc5, 0x0c, 0xbc, 0xca, 0xdd, 0xcf,
  0xee, 0x51, 0xe6, 0x72, 0xe6, 0x51, 0xde, 0x51, 0xdd, 0xef, 0xcd, 0xce,
  0xcd, 0x8d, 0xc5, 0x4c, 0xd5, 0x8e, 0xd5, 0xcf, 0xde, 0x11, 0xe6, 0x93,
  0xee, 0xb5, 0xe6, 0xb5, 0xe6, 0xd5, 0xde, 0xb5, 0xe6, 0xb5, 0xe6, 0xb5,
  0xee, 0xb5, 0xe6, 0xd5, 0xe6, 0xb5, 0xe6, 0xb5, 0xde, 0x74, 0xde, 0xb5,
  0xe6, 0x74, 0xde, 0x95, 0xe6, 0x94, 0xde, 0x94, 0xde, 0x74, 0xde, 0x94,
  0xe6, 0x74, 0xde, 0x74, 0xde, 0x53, 0xde, 0x74, 0xe6, 0x52, 0xde, 0x73,
  0xe6, 0x52, 0xde, 0x52, 0xe6, 0x52, 0xde, 0x73, 0xe6, 0x72, 0xde, 0x93,
  0xe6, 0x52, 0xde, 0x52, 0xe6, 0x52, 0xde, 0x52, 0xe6, 0x52, 0xde, 0x93,
  0xe6, 0x94, 0xde, 0x94, 0xe6, 0xb5, 0xde, 0x95, 0xe6, 0x94, 0xde, 0xb4,
  0xe6, 0x74, 0xe6, 0xb5, 0xe6, 0x94, 0xe6, 0x94, 0xe6, 0x94, 0xe6, 0xb5,
  0xe6, 0x95, 0xe6, 0xb5, 0xde, 0x74, 0xe6, 0xb6, 0xe6, 0x74, 0xe6, 0x95,
  0xde, 0x53, 0xde, 0x74, 0xde, 0x74, 0xde, 0x74, 0xde, 0x53, 0xde, 0x75,
  0xde, 0x53, 0xd6, 0x53, 0xde, 0x34, 0xde, 0x54, 0xde, 0x34, 0xde, 0x95,
  0xde, 0x34, 0xd6, 0x54, 0xde, 0x34, 0xd6, 0x34, 0xd6, 0x34, 0xd6, 0x34,
  0xd5, 0xf3, 0xd6, 0x34, 0xd6, 0x33, 0xd6, 0x33, 0xde, 0x12, 0xd6, 0x32,
  0xd5, 0xf1, 0xd6, 0x12, 0xdd, 0xf2, 0xd6, 0x13, 0xde, 0x12, 0xd5, 0xf2,
  0xd5, 0xf2, 0xd6, 0x13, 0xd5, 0xf2, 0xcd, 0xd2, 0xcd, 0xd1, 0xcd, 0xd1,
  0xcd, 0x90, 0xcd, 0xb1, 0xcd, 0x6f, 0xc5, 0x90, 0xd5, 0xb0, 0xcd, 0xb0,
  0xd6, 0x12, 0xde, 0x11, 0xde, 0x32, 0xde, 0x31, 0xde, 0x32, 0xde, 0x11,
  0xde, 0x33, 0xde, 0x32, 0xde, 0x33, 0xde, 0x32, 0xde, 0x32, 0xe6, 0x32,
  0xde, 0x33, 0xe6, 0x53, 0xde, 0x53, 0xe6, 0x53, 0xde, 0x33, 0xe6, 0x32,
  0xde, 0x53, 0xde, 0x32, 0xde, 0x53, 0xe6, 0x73, 0xde, 0x53, 0xe6, 0x53,
  0xde, 0x53, 0xe6, 0x53, 0xde, 0x33, 0xe6, 0x32, 0xe6, 0x94, 0xe6, 0x73,
  0xde, 0x73, 0xde, 0x32, 0xde, 0x53, 0xe6, 0x73, 0xde, 0x73, 0xe6, 0x73,
  0xe6, 0x94, 0xe6, 0x73, 0xde, 0x74, 0xde, 0x33, 0xe6, 0x94, 0xe6, 0x53,
  0xe6, 0x94, 0xee, 0x94, 0xde, 0x74, 0xe6, 0x73, 0xde, 0x94, 0xe6, 0x74,
  0xde, 0x74, 0xde, 0x74, 0xde, 0x95, 0xde, 0x74, 0xde, 0x94, 0xe6, 0x74,
  0xe6, 0xb5, 0xe6, 0xb5, 0xe6, 0xd6, 0xee, 0xb5, 0xe6, 0x95, 0xe6, 0x74,
  0xde, 0x95, 0xe6, 0x94, 0xde, 0x95, 0xde, 0x53, 0xd6, 0x53, 0xde, 0x33,
  0xde, 0x73, 0xde, 0x32, 0xcd, 0xd1, 0xd5, 0xb0, 0xcd, 0xf1, 0xd5, 0xf1,
  0xd6, 0x11, 0xde, 0x10, 0xd6, 0x31, 0xd5, 0xcf, 0xc5, 0x4e, 0xb4, 0xab,
  0xac, 0x6a, 0xbc, 0xcb, 0xb4, 0xab, 0xac, 0x6a, 0xac, 0x6b, 0xa4, 0x09,
  0xa4, 0x0b, 0xac, 0x4b, 0xac, 0x6c, 0xac, 0x6b, 0xa4, 0x2a, 0x9b, 0xe9,
  0xa4, 0x2a, 0xa4, 0x2a, 0xa4, 0x4b, 0xa4, 0x2a, 0xa4, 0x2a, 0xb4, 0x8b,
  0xa4, 0x2a, 0xa3, 0xe9, 0xa3, 0xea, 0xa3, 0xc9, 0xa4, 0x0a, 0x9b, 0xa8,
  0x93, 0xa8, 0xa3, 0xc9, 0xa3, 0xea, 0xac, 0x2a, 0xac, 0x4b, 0xa4, 0x0a,
  0x9b, 0xc9, 0x9b, 0x88, 0x9b, 0xc9, 0xb4, 0x4b, 0xb4, 0xad, 0xb4, 0x6c,
  0xa4, 0x4c, 0xac, 0x4c, 0x93, 0xca, 0x8b, 0x48, 0x8b, 0x28, 0x82, 0xc6,
  0x93, 0x07, 0x9b, 0x28, 0x93, 0x48, 0xa3, 0x68, 0x9b, 0xea, 0x9b, 0xa9,
  0x9b, 0xea, 0x9b, 0xc9, 0xa3, 0xe9, 0x9b, 0xa8, 0x93, 0x66, 0xac, 0x09,
  0xc5, 0x2d, 0xdd, 0xaf, 0xc5, 0x6e, 0xbc, 0xcc, 0xac, 0x6a, 0xa4, 0x29,
  0xa4, 0x4a, 0xb4, 0x6a, 0xbc, 0xec, 0xcd, 0x4d, 0xd5, 0xd0, 0xe6, 0x31,
  0xe6, 0x94, 0xee, 0xb4, 0xe6, 0xb5, 0xe6, 0x94, 0xde, 0x95, 0xe6, 0x94,
  0xee, 0xd5, 0xee, 0xb4, 0xde, 0x95, 0xe6, 0x95, 0xe6, 0xb5, 0xe6, 0x95,
  0xe6, 0xb5, 0xe6, 0x95, 0xde, 0x95, 0xde, 0x74, 0xde, 0x74, 0xde, 0x53,
  0xde, 0x74, 0xde, 0x54, 0xde, 0x74, 0xe6, 0x73, 0xde, 0x73, 0xe6, 0x53,
  0xde, 0x53, 0xe6, 0x52, 0xde, 0x94, 0xe6, 0x74, 0xde, 0x73, 0xe6, 0x73,
  0xde, 0x52, 0xde, 0x32, 0xde, 0x32, 0xde, 0x11, 0xde, 0x52, 0xe6, 0x52,
  0xde, 0x95, 0xde, 0x54, 0xde, 0x95, 0xde, 0x75, 0xde, 0x95, 0xde, 0x74,
  0xde, 0x75, 0xde, 0x75, 0xde, 0x75, 0xe6, 0x75, 0xde, 0x96, 0xe6, 0x95,
  0xde, 0x96, 0xe6, 0x96, 0xde, 0x75, 0xe6, 0x95, 0xde, 0x95, 0xe6, 0x75,
  0xde, 0x75, 0xde, 0x54, 0xd6, 0x54, 0xde, 0x53, 0xd6, 0x54, 0xde, 0x34,
  0xd6, 0x33, 0xd6, 0x33, 0xd6, 0x34, 0xde, 0x34, 0xd6, 0x55, 0xde, 0x54,
  0xd6, 0x55, 0xde, 0x55, 0xd6, 0x55, 0xde, 0x34, 0xd6, 0x55, 0xd6, 0x14,
  0xd6, 0x34, 0xd6, 0x34, 0xd6, 0x33, 0xd6, 0x13, 0xd6, 0x33, 0xd6, 0x12,
  0xd6, 0x13, 0xd5, 0xf2, 0xd6, 0x13, 0xd6, 0x13, 0xd6, 0x13, 0xd5, 0xf2,
  0xcd, 0xf3, 0xcd, 0xf2, 0xce, 0x13, 0xd5, 0xf2, 0xcd, 0xf2, 0xcd, 0xb1,
  0xc5, 0x91, 0xcd, 0x91, 0xcd, 0xb1, 0xcd, 0x70, 0xcd, 0x90, 0xcd, 0x6f,
  0xde, 0x11, 0xd6, 0x11, 0xde, 0x11, 0xde, 0x52, 0xe6, 0x32, 0xde, 0x52,
  0xde, 0x31, 0xde, 0x32, 0xe6, 0x32, 0xde, 0x53, 0xe6, 0x32, 0xd6, 0x11,
  0xde, 0x12, 0xde, 0x53, 0xe6, 0x52, 0xde, 0x53, 0xde, 0x32, 0xde, 0x53,
  0xde, 0x32, 0xde, 0x52, 0xe6, 0x53, 0xde, 0x53, 0xde, 0x52, 0xde, 0x73,
  0xe6, 0x53, 0xe6, 0x94, 0xe6, 0x52, 0xde, 0x53, 0xe6, 0x52, 0xde, 0x52,
  0xe6, 0x32, 0xe6, 0x73, 0xee, 0x93, 0xe6, 0x73, 0xe6, 0x73, 0xe6, 0x73,
  0xe6, 0x93, 0xe6, 0xb4, 0xe6, 0x73, 0xe6, 0x94, 0xee, 0x73, 0xe6, 0x74,
  0xee, 0x93, 0xe6, 0x94, 0xe6, 0x74, 0xe6, 0x94, 0xe6, 0x94, 0xe6, 0x94,
  0xe6, 0x94, 0xde, 0x94, 0xe6, 0x73, 0xde, 0x94, 0xe6, 0x73, 0xe6, 0x94,
  0xe6, 0x94, 0xe6, 0xb4, 0xe6, 0x94, 0xe6, 0x94, 0xe6, 0x73, 0xde, 0x73,
  0xde, 0x53, 0xde, 0x53, 0xe6, 0x53, 0xde, 0x74, 0xde, 0x53, 0xd6, 0x32,
  0xde, 0x31, 0xcd, 0xf0, 0xcd, 0x6e, 0xcd, 0xb0, 0xc5, 0x4d, 0xbd, 0x2d,
  0xcd, 0x6d, 0xc5, 0x8e, 0xc5, 0x2c, 0xbd, 0x0c, 0xb4, 0x6a, 0xac, 0x6a,
  0xac, 0x4a, 0xa4, 0x4a, 0xac, 0x29, 0xa4, 0x29, 0xa4, 0x09, 0x9b, 0xe9,
  0xa3, 0xea, 0x9b, 0xea, 0xac, 0x4a, 0xa4, 0x0a, 0xa3, 0xc8, 0xa4, 0x0a,
  0xa3, 0xe9, 0xa4, 0x4a, 0xa4, 0x2a, 0x9b, 0xea, 0xac, 0x09, 0x9b, 0xe9,
  0xa3, 0xa8, 0xa3, 0xc9, 0x9b, 0x88, 0x9b, 0xc9, 0xa3, 0xe9, 0x9b, 0xc8,
  0xa3, 0xa7, 0xa3, 0xc8, 0xa3, 0xc9, 0xac, 0x4b, 0xb4, 0x4b, 0xac, 0x2b,
  0xab, 0xe9, 0xa3, 0xe9, 0xac, 0x29, 0xac, 0x4a, 0xac, 0x4a, 0xb4, 0xac,
  0xbc, 0xcd, 0xb4, 0xac, 0xbc, 0xcd, 0x93, 0xc9, 0x8a, 0xc6, 0x72, 0x44,
  0x82, 0x65, 0x92, 0xe7, 0x82, 0xa5, 0x8a, 0xe6, 0xa3, 0xea, 0x9b, 0xea,
  0xa3, 0xea, 0xac, 0x4c, 0xa4, 0x0b, 0x93, 0xca, 0x9b, 0x88, 0xac, 0x4a,
  0xac, 0x4a, 0xb4, 0xac, 0xbc, 0xcc, 0xac, 0xac, 0xb4, 0x6b, 0xa4, 0x4a,
  0xa4, 0x09, 0xa4, 0x2a, 0xac, 0x29, 0xbc, 0xac, 0xc5, 0x0c, 0xd5, 0xd0,
  0xe6, 0x52, 0xee, 0xb3, 0xee, 0xb5, 0xee, 0xd5, 0xee, 0xb5, 0xde, 0x95,
  0xe6, 0x74, 0xe6, 0xb5, 0xe6, 0x73, 0xe6, 0xb5, 0xee, 0xb5, 0xe6, 0xb5,
  0xee, 0xb5, 0xe6, 0xb5, 0xe6, 0x94, 0xe6, 0x94, 0xe6, 0x73, 0xde, 0x93,
  0xe6, 0x73, 0xe6, 0x94, 0xe6, 0x73, 0xde, 0x73, 0xe6, 0x73, 0xde, 0x73,
  0xe6, 0x72, 0xe6, 0x73, 0xe6, 0x73, 0xe6, 0x94, 0xe6, 0x73, 0xde, 0x73,
  0xe6, 0x52, 0xde, 0x52, 0xe6, 0x31, 0xe6, 0x73, 0xe6, 0x52, 0xe6, 0x94,
  0xe6, 0x94, 0xe6, 0xb5, 0xe6, 0x95, 0xe6, 0xb5, 0xe6, 0x74, 0xe6, 0x95,
  0xe6, 0x74, 0xe6, 0xb5, 0xe6, 0x75, 0xe6, 0xb6, 0xee, 0xb6, 0xe6, 0x96,
  0xe6, 0x96, 0xe6, 0x96, 0xe6, 0x95, 0xde, 0x95, 0xe6, 0x74, 0xde, 0x95,
  0xe6, 0x94, 0xde, 0x94, 0xe6, 0x74, 0xde, 0x74, 0xde, 0x54, 0xd6, 0x54,
  0xde, 0x53, 0xd6, 0x53, 0xd6, 0x13, 0xde, 0x54, 0xde, 0x33, 0xd6, 0x54,
  0xde, 0x34, 0xd6, 0x54, 0xde, 0x74, 0xd6, 0x54, 0xde, 0x34, 0xd6, 0x54,
  0xde, 0x34, 0xd6, 0x54, 0xde, 0x33, 0xd6, 0x54, 0xde, 0x12, 0xd6, 0x33,
  0xde, 0x53, 0xde, 0x33, 0xde, 0x33, 0xd6, 0x13, 0xd5, 0xf2, 0xd6, 0x12,
  0xd5, 0xf2, 0xce, 0x12, 0xd5, 0xd1, 0xd6, 0x12, 0xd5, 0xf1, 0xcd, 0xf2,
  0xd5, 0xb1, 0xcd, 0xb1, 0xd5, 0x90, 0xcd, 0xb1, 0xcd, 0x90, 0xc5, 0x6f,
  0xd6, 0x11, 0xdd, 0xf0, 0xde, 0x32, 0xde, 0x32, 0xde, 0x32, 0xde, 0x11,
  0xd6, 0x12, 0xd5, 0xd1, 0xd6, 0x12, 0xde, 0x12, 0xde, 0x32, 0xde, 0x11,
  0xde, 0x33, 0xe6, 0x33, 0xe6, 0x74, 0xde, 0x12, 0xde, 0x53, 0xe6, 0x33,
  0xde, 0x53, 0xe6, 0x33, 0xe6, 0x74, 0xe6, 0x53, 0xde, 0x74, 0xe6, 0x74,
  0xde, 0x74, 0xde, 0x53, 0xe6, 0x94, 0xde, 0x12, 0xde, 0x53, 0xe6, 0x32,
  0xde, 0x53, 0xe6, 0x33, 0xde, 0x33, 0xe6, 0x33, 0xe6, 0x74, 0xe6, 0x74,
  0xe6, 0x95, 0xe6, 0x74, 0xe6, 0x95, 0xe6, 0x74, 0xe6, 0x74, 0xe6, 0x73,
  0xde, 0x74, 0xe6, 0x53, 0xde, 0x54, 0xe6, 0x53, 0xde, 0x74, 0xe6, 0x74,
  0xde, 0x94, 0xe6, 0x94, 0xde, 0x94, 0xe6, 0x74, 0xde, 0x73, 0xde, 0x53,
  0xde, 0x94, 0xe6, 0x73, 0xde, 0x53, 0xde, 0x53, 0xde, 0x53, 0xd6, 0x12,
  0xcd, 0xf2, 0xcd, 0xd1, 0xce, 0x12, 0xd5, 0xf2, 0xd6, 0x33, 0xd6, 0x12,
  0xc5, 0xb0, 0xbd, 0x4e, 0xbd, 0x4e, 0xb4, 0xcc, 0xa4, 0x4b, 0xa4, 0x29,
  0x9c, 0x09, 0xa4, 0x4a, 0xb4, 0xec, 0xac, 0x8a, 0xa4, 0x29, 0x9b, 0xe7,
  0xa4, 0x0a, 0xa4, 0x09, 0x9b, 0xe9, 0x9b, 0xc9, 0x9b, 0xe9, 0xa3, 0xe9,
  0x9b, 0xe9, 0xa4, 0x2a, 0xa4, 0x2a, 0x9b, 0xc9, 0xa3, 0xea, 0xa3, 0xe9,
  0x9b, 0xe9, 0xa4, 0x0a, 0x9c, 0x0a, 0x9b, 0xe9, 0x9b, 0xc9, 0x93, 0x67,
  0x9b, 0x88, 0xa3, 0x88, 0x9b, 0xa9, 0xab, 0xe9, 0x9b, 0xe9, 0x9b, 0x67,
  0x9b, 0x88, 0x9b, 0x67, 0x9b, 0xc9, 0xb4, 0x4a, 0xac, 0x2b, 0xac, 0x2a,
  0xa3, 0xea, 0x9b, 0xa9, 0xac, 0x4b, 0xac, 0x0a, 0xa4, 0x0a, 0xa3, 0xc9,
  0xa4, 0x4b, 0xb4, 0x8b, 0xac, 0x8c, 0xac, 0x6b, 0x93, 0x69, 0x82, 0xa6,
  0x72, 0x46, 0x72, 0x25, 0x59, 0xe4, 0x61, 0xc4, 0x72, 0x86, 0x7a, 0x65,
  0x8b, 0x48, 0xbc, 0x8d, 0xb4, 0xee, 0xac, 0x6b, 0x93, 0xc9, 0xa4, 0x2a,
  0xb4, 0xcc, 0xac, 0x4a, 0xac, 0xcc, 0xa4, 0x6a, 0xac, 0x8c, 0xac, 0x8b,
  0xa4, 0x6b, 0xa4, 0x2a, 0x9b, 0xc9, 0x9b, 0xc9, 0xa4, 0x4a, 0xc5, 0x0d,
  0xcd, 0xb0, 0xe6, 0x11, 0xe6, 0x95, 0xf6, 0xd5, 0xe6, 0xf7, 0xee, 0xd7,
  0xe6, 0xd6, 0xe6, 0xb6, 0xe6, 0xb5, 0xe6, 0xb5, 0xe6, 0xb6, 0xe6, 0x95,
  0xe6, 0xb5, 0xe6, 0x74, 0xde, 0x94, 0xe6, 0x74, 0xde, 0x94, 0xe6, 0x73,
  0xde, 0x93, 0xe6, 0x73, 0xde, 0x94, 0xe6, 0x73, 0xde, 0x93, 0xe6, 0x73,
  0xe6, 0x73, 0xe6, 0x52, 0xe6, 0x73, 0xe6, 0x73, 0xe6, 0x94, 0xe6, 0x53,
  0xde, 0x73, 0xe6, 0x52, 0xde, 0x52, 0xe6, 0x52, 0xe6, 0x74, 0xe6, 0x53,
  0xd6, 0x54, 0xe6, 0x74, 0xde, 0x94, 0xe6, 0x74, 0xde, 0x74, 0xe6, 0x94,
  0xde, 0x94, 0xe6, 0x94, 0xde, 0x95, 0xe6, 0x95, 0xe6, 0x95, 0xe6, 0x74,
  0xe6, 0x96, 0xe6, 0x95, 0xde, 0xb6, 0xe6, 0x95, 0xe6, 0x95, 0xe6, 0x74,
  0xde, 0x75, 0xde, 0x33, 0xde, 0x74, 0xe6, 0x74, 0xd6, 0x54, 0xde, 0x54,
  0xde, 0x54, 0xde, 0x33, 0xd6, 0x34, 0xde, 0x34, 0xce, 0x33, 0xd6, 0x33,
  0xd6, 0x34, 0xd6, 0x14, 0xd6, 0x34, 0xd6, 0x33, 0xd6, 0x54, 0xde, 0x34,
  0xd6, 0x55, 0xde, 0x54, 0xde, 0x55, 0xde, 0x55, 0xd6, 0x33, 0xde, 0x33,
  0xde, 0x74, 0xde, 0x53, 0xd6, 0x34, 0xd6, 0x13, 0xd5, 0xf2, 0xd5, 0xd2,
  0xcd, 0xf2, 0xd5, 0xf1, 0xcd, 0xd1, 0xcd, 0xd1, 0xcd, 0xd2, 0xd5, 0xf2,
  0xcd, 0xd2, 0xcd, 0xb1, 0xc5, 0x91, 0xcd, 0x90, 0xcd, 0xb1, 0xcd, 0x90,
  0xde, 0x11, 0xde, 0x52, 0xe6, 0x32, 0xd6, 0x12, 0xde, 0x11, 0xd6, 0x11,
  0xde, 0x12, 0xde, 0x12, 0xe6, 0x53, 0xde, 0x53, 0xde, 0x32, 0xde, 0x32,
  0xde, 0x11, 0xde, 0x32, 0xe6, 0x32, 0xde, 0x53, 0xe6, 0x52, 0xde, 0x53,
  0xe6, 0x53, 0xe6, 0x74, 0xe6, 0x52, 0xde, 0x53, 0xe6, 0x53, 0xe6, 0x74,
  0xe6, 0x74, 0xe6, 0x95, 0xe6, 0x94, 0xe6, 0x94, 0xee, 0x94, 0xde, 0x73,
  0xe6, 0x74, 0xe6, 0x95, 0xe6, 0x74, 0xde, 0x53, 0xe6, 0x73, 0xe6, 0x94,
  0xe6, 0x74, 0xe6, 0x94, 0xee, 0x74, 0xe6, 0x74, 0xee, 0x94, 0xe6, 0x74,
  0xe6, 0x74, 0xde, 0x74, 0xe6, 0x74, 0xe6, 0x94, 0xe6, 0x73, 0xde, 0x94,
  0xe6, 0x74, 0xe6, 0x94, 0xe6, 0x74, 0xde, 0x53, 0xde, 0x53, 0xde, 0x93,
  0xde, 0x32, 0xd6, 0x32, 0xde, 0x12, 0xde, 0x53, 0xd6, 0x12, 0xcd, 0xf2,
  0xcd, 0xd1, 0xcd, 0xf2, 0xd6, 0x12, 0xd6, 0x13, 0xd6, 0x12, 0xc5, 0xd1,
  0xcd, 0x8f, 0xbd, 0x6f, 0xb4, 0xcc, 0xa4, 0x6b, 0xa4, 0x2a, 0xa4, 0x6c,
  0x9c, 0x0a, 0x9c, 0x2b, 0xa3, 0xe9, 0xa4, 0x4a, 0xa3, 0xc8, 0x9b, 0xe8,
  0xa3, 0xe9, 0xac, 0x2a, 0xa4, 0x09, 0x93, 0xc8, 0xa4, 0x2a, 0x9c, 0x09,
  0xa3, 0xe9, 0xa4, 0x09, 0xa3, 0x88, 0x9b, 0xa8, 0xa3, 0xc9, 0xa4, 0x0a,
  0xa4, 0x09, 0xa4, 0x2a, 0xac, 0x2a, 0x9b, 0xe9, 0x93, 0x27, 0x93, 0x67,
  0x9b, 0x67, 0x93, 0x67, 0x9b, 0x67, 0x9b, 0x88, 0xa3, 0x87, 0x9b, 0x47,
  0x9b, 0x46, 0x9b, 0x47, 0x9b, 0x46, 0xab, 0xe8, 0xb4, 0x2a, 0xa4, 0x0a,
  0xa3, 0xc8, 0x9b, 0xa8, 0xab, 0xc9, 0xb4, 0x4b, 0xac, 0x0a, 0xa4, 0x2a,
  0x9b, 0xa8, 0xa4, 0x0a, 0xac, 0x09, 0xac, 0x4b, 0xa4, 0x0a, 0x83, 0x07,
  0x7a, 0x86, 0x72, 0x66, 0x59, 0x83, 0x51, 0xa4, 0x59, 0xc4, 0x59, 0xe5,
  0x7a, 0x65, 0x9b, 0xaa, 0xac, 0x2a, 0xbc, 0xad, 0xa4, 0x09, 0x9c, 0x0a,
  0xb4, 0x8b, 0xbc, 0xed, 0xbc, 0xcb, 0xac, 0x6a, 0x93, 0xa7, 0x9c, 0x09,
  0xb4, 0x6a, 0xac, 0x8b, 0xa3, 0xe9, 0x9b, 0xe9, 0xa3, 0xc8, 0xbc, 0x8b,
  0xc4, 0xec, 0xcd, 0x4e, 0xde, 0x11, 0xee, 0xb4, 0xee, 0xd6, 0xee, 0xf6,
  0xee, 0xb5, 0xe6, 0xd6, 0xe6, 0x95, 0xe6, 0xb6, 0xee, 0x95, 0xe6, 0xb5,
  0xe6, 0x94, 0xe6, 0xb5, 0xe6, 0x73, 0xde, 0x94, 0xe6, 0x73, 0xe6, 0x93,
  0xe6, 0x73, 0xe6, 0x94, 0xe6, 0x93, 0xde, 0x73, 0xe6, 0x73, 0xe6, 0xb4,
  0xe6, 0x94, 0xde, 0x74, 0xe6, 0x74, 0xde, 0x94, 0xe6, 0x94, 0xe6, 0x94,
  0xe6, 0x73, 0xde, 0x53, 0xe6, 0x72, 0xde, 0x72, 0xe6, 0x73, 0xde, 0x73,
  0xde, 0x32, 0xde, 0x53, 0xe6, 0x73, 0xe6, 0xb4, 0xe6, 0x73, 0xe6, 0x94,
  0xde, 0x52, 0xde, 0x93, 0xe6, 0x93, 0xde, 0x93, 0xe6, 0x53, 0xe6, 0x94,
  0xe6, 0x94, 0xe6, 0x95, 0xe6, 0x74, 0xe6, 0x95, 0xe6, 0x94, 0xde, 0x94,
  0xe6, 0x94, 0xde, 0x73, 0xde, 0x32, 0xd6, 0x33, 0xd6, 0x12, 0xde, 0x94,
  0xe6, 0x73, 0xde, 0x53, 0xde, 0x33, 0xd6, 0x53, 0xde, 0x53, 0xde, 0x54,
  0xde, 0x53, 0xde, 0x74, 0xde, 0x54, 0xd6, 0x34, 0xde, 0x54, 0xde, 0x75,
  0xe6, 0x74, 0xde, 0x74, 0xe6, 0x74, 0xde, 0x74, 0xde, 0x32, 0xd6, 0x33,
  0xde, 0x32, 0xde, 0x33, 0xde, 0x12, 0xd5, 0xf2, 0xd5, 0xd1, 0xcd, 0xd1,
  0xd5, 0xf2, 0xd5, 0xf2, 0xd5, 0xf2, 0xd6, 0x13, 0xd5, 0xf1, 0xcd, 0xf2,
  0xd5, 0xf2, 0xcd, 0xf2, 0xd5, 0xb1, 0xc5, 0x91, 0xcd, 0xb0, 0xcd, 0xb0,
  0xd6, 0x12, 0xde, 0x32, 0xde, 0x32, 0xde, 0x12, 0xde, 0x32, 0xd5, 0xf1,
  0xd6, 0x12, 0xde, 0x32, 0xde, 0x53, 0xde, 0x32, 0xd6, 0x32, 0xde, 0x11,
  0xd6, 0x12, 0xde, 0x32, 0xde, 0x53, 0xe6, 0x53, 0xde, 0x53, 0xde, 0x32,
  0xde, 0x33, 0xde, 0x32, 0xde, 0x53, 0xde, 0x12, 0xde, 0x53, 0xe6, 0x73,
  0xde, 0x74, 0xe6, 0x74, 0xde, 0x74, 0xe6, 0x94, 0xde, 0x74, 0xde, 0x53,
  0xde, 0x74, 0xe6, 0x74, 0xde, 0x74, 0xde, 0x53, 0xde, 0x74, 0xe6, 0x74,
  0xde, 0x74, 0xe6, 0x74, 0xde, 0x53, 0xe6, 0x73, 0xe6, 0x94, 0xe6, 0x73,
  0xde, 0x74, 0xe6, 0x53, 0xe6, 0x94, 0xe6, 0x74, 0xde, 0x94, 0xe6, 0x73,
  0xde, 0x74, 0xe6, 0x74, 0xde, 0x74, 0xde, 0x32, 0xd6, 0x53, 0xde, 0x32,
  0xcd, 0xd3, 0xd5, 0xd2, 0xcd, 0xf3, 0xd5, 0xf2, 0xcd, 0xf2, 0xd5, 0xf1,
  0xcd, 0xf2, 0xcd, 0xd1, 0xcd, 0xf2, 0xcd, 0xd1, 0xc5, 0xb0, 0xcd, 0xb0,
  0xbd, 0x4f, 0xac, 0x8c, 0x9c, 0x4b, 0x93, 0xa9, 0xa4, 0x8d, 0xac, 0xad,
  0xa4, 0x8c, 0x9c, 0x0a, 0x9c, 0x0a, 0xac, 0x2a, 0x9b, 0xe9, 0xa3, 0xc8,
  0xac, 0x2a, 0xac, 0x09, 0x9b, 0xea, 0x9b, 0xc9, 0x9c, 0x2b, 0x93, 0xa9,
  0x9b, 0xa8, 0x9b, 0x88, 0x9b, 0x88, 0xa3, 0xa8, 0xac, 0x2a, 0xac, 0x09,
  0xa4, 0x0a, 0xa3, 0xe9, 0x9b, 0xc9, 0x9b, 0x87, 0x93, 0x47, 0x9b, 0x47,
  0x93, 0x67, 0x93, 0x26, 0x8b, 0x06, 0x8a, 0xc5, 0x9b, 0x67, 0x92, 0xe5,
  0x8a, 0xc6, 0x8a, 0x84, 0x8a, 0xa5, 0x92, 0xe5, 0x9b, 0xa8, 0xa3, 0xa8,
  0x9b, 0x88, 0x9b, 0x67, 0x9b, 0x88, 0x9b, 0x67, 0xa3, 0xea, 0xb4, 0x6b,
  0xa4, 0x0a, 0x9b, 0xa9, 0xa3, 0xea, 0xac, 0x2a, 0xa4, 0x2b, 0x93, 0x89,
  0x6a, 0x45, 0x6a, 0x45, 0x51, 0xa5, 0x51, 0x64, 0x51, 0xa5, 0x61, 0xc5,
  0x6a, 0x25, 0x7a, 0x66, 0x8b, 0x48, 0xa3, 0xca, 0xac, 0x8c, 0xa4, 0x2a,
  0x9b, 0xe9, 0xac, 0x2a, 0xac, 0x6b, 0xa4, 0x09, 0x9b, 0xc9, 0x93, 0x67,
  0x8b, 0x67, 0x9b, 0xa8, 0xa4, 0x0a, 0xa3, 0xea, 0xa3, 0xe9, 0xab, 0xe9,
  0xbc, 0xab, 0xc4, 0xcb, 0xc5, 0x8f, 0xe6, 0x31, 0xe6, 0xd5, 0xee, 0xd5,
  0xe6, 0xd6, 0xee, 0xd5, 0xe6, 0xd6, 0xee, 0xb6, 0xe6, 0x95, 0xe6, 0x95,
  0xe6, 0xb5, 0xe6, 0x94, 0xe6, 0x94, 0xe6, 0x74, 0xde, 0x94, 0xe6, 0x73,
  0xde, 0x94, 0xde, 0x54, 0xde, 0x74, 0xe6, 0x74, 0xe6, 0xb4, 0xe6, 0xb4,
  0xe6, 0xd5, 0xee, 0xb4, 0xe6, 0xb5, 0xe6, 0x94, 0xe6, 0xb5, 0xe6, 0x95,
  0xde, 0x95, 0xe6, 0x74, 0xde, 0x94, 0xe6, 0x73, 0xe6, 0x94, 0xe6, 0x74,
  0xde, 0x74, 0xe6, 0x53, 0xe6, 0x74, 0xe6, 0x73, 0xde, 0x94, 0xe6, 0x73,
  0xde, 0x73, 0xe6, 0x73, 0xde, 0x73, 0xde, 0x53, 0xde, 0x74, 0xe6, 0x74,
  0xde, 0x74, 0xe6, 0x74, 0xde, 0x75, 0xde, 0x74, 0xde, 0x75, 0xe6, 0x94,
  0xde, 0x74, 0xde, 0x54, 0xde, 0x75, 0xd6, 0x33, 0xd6, 0x33, 0xde, 0x33,
  0xd6, 0x33, 0xd6, 0x33, 0xd6, 0x54, 0xde, 0x54, 0xd6, 0x54, 0xde, 0x33,
  0xd6, 0x54, 0xde, 0x34, 0xd6, 0x54, 0xde, 0x54, 0xde, 0x55, 0xe6, 0x75,
  0xde, 0x75, 0xde, 0x75, 0xde, 0x75, 0xde, 0x34, 0xd6, 0x33, 0xd6, 0x13,
  0xd6, 0x34, 0xde, 0x13, 0xd6, 0x13, 0xdd, 0xf3, 0xcd, 0xf2, 0xd5, 0xd2,
  0xd6, 0x13, 0xd5, 0xf2, 0xcd, 0xd2, 0xd5, 0xd2, 0xcd, 0xf2, 0xcd, 0xb1,
  0xcd, 0xd2, 0xcd, 0xb1, 0xcd, 0xd2, 0xcd, 0xb1, 0xc5, 0x90, 0xcd, 0xb0,
  0xde, 0x31, 0xde, 0x52, 0xde, 0x11, 0xd6, 0x11, 0xde, 0x31, 0xde, 0x32,
  0xd5, 0xf0, 0xde, 0x32, 0xe6, 0x32, 0xd6, 0x12, 0xde, 0x31, 0xde, 0x52,
  0xe6, 0x52, 0xde, 0x52, 0xe6, 0x52, 0xde, 0x52, 0xe6, 0x52, 0xde, 0x52,
  0xe6, 0x32, 0xde, 0x33, 0xde, 0x11, 0xde, 0x32, 0xe6, 0x32, 0xde, 0x53,
  0xe6, 0x73, 0xe6, 0x73, 0xee, 0x73, 0xde, 0x73, 0xe6, 0x72, 0xde, 0x93,
  0xe6, 0x93, 0xe6, 0x94, 0xe6, 0x73, 0xe6, 0x94, 0xe6, 0x73, 0xe6, 0x93,
  0xe6, 0x73, 0xde, 0x73, 0xe6, 0x52, 0xde, 0x73, 0xe6, 0x73, 0xde, 0x53,
  0xde, 0x52, 0xe6, 0x93, 0xe6, 0x93, 0xe6, 0x93, 0xe6, 0x93, 0xde, 0x73,
  0xe6, 0x74, 0xe6, 0x94, 0xe6, 0x73, 0xe6, 0x74, 0xde, 0x32, 0xd6, 0x12,
  0xcd, 0x90, 0xcd, 0xd1, 0xde, 0x11, 0xcd, 0xd1, 0xc5, 0x4f, 0xc5, 0x90,
  0xcd, 0xd1, 0xc5, 0xb1, 0xcd, 0xb0, 0xc5, 0xb0, 0xc5, 0x4e, 0xac, 0xcc,
  0xac, 0x6b, 0xac, 0x8c, 0x9c, 0x0a, 0x94, 0x0a, 0xac, 0x8c, 0xa4, 0x6c,
  0xa3, 0xe9, 0x9c, 0x0a, 0xa3, 0xe9, 0xa4, 0x09, 0xa3, 0xc8, 0xa3, 0xe9,
  0xa3, 0xe9, 0x9b, 0xe9, 0x9b, 0xc9, 0x93, 0xc9, 0xa3, 0xe9, 0x9b, 0xc9,
  0x9b, 0x67, 0x93, 0x67, 0x9b, 0x67, 0xa3, 0xc9, 0xb4, 0x4a, 0x9b, 0xa8,
  0xac, 0x09, 0x9b, 0xc8, 0x93, 0x06, 0x93, 0x47, 0x9b, 0x67, 0x93, 0x47,
  0x8a, 0xe5, 0x82, 0xc5, 0x8a, 0xa4, 0x93, 0x06, 0xa3, 0x26, 0xa3, 0x47,
  0x92, 0xa5, 0x8a, 0x85, 0x92, 0xa5, 0x9a, 0xe6, 0xa3, 0x67, 0xa3, 0x87,
  0x9b, 0x67, 0x9b, 0x87, 0xa3, 0x47, 0x93, 0x06, 0x9b, 0x47, 0xab, 0xea,
  0x9b, 0x47, 0x8b, 0x47, 0xa3, 0xc8, 0xa4, 0x2a, 0xa4, 0x09, 0x93, 0xa9,
  0x72, 0x45, 0x59, 0xe4, 0x61, 0xc4, 0x59, 0xc4, 0x61, 0xa4, 0x6a, 0x06,
  0x72, 0x04, 0x72, 0x45, 0x7a, 0x85, 0x7a, 0xa5, 0xa4, 0x0a, 0xa4, 0x2b,
  0xa3, 0xe9, 0xac, 0x4a, 0xa3, 0xc8, 0x93, 0xa8, 0xab, 0xe9, 0xa3, 0xc9,
  0x9b, 0xa9, 0x93, 0x88, 0x9b, 0x68, 0xa3, 0xc9, 0xab, 0xc8, 0xab, 0xe9,
  0xb4, 0x28, 0xbc, 0xab, 0xcd, 0x2d, 0xcd, 0x6e, 0xdd, 0xf0, 0xe6, 0x93,
  0xee, 0xd4, 0xee, 0xf5, 0xee, 0xd5, 0xee, 0xd6, 0xe6, 0x94, 0xe6, 0xb5,
  0xe6, 0x94, 0xe6, 0x94, 0xe6, 0x93, 0xe6, 0x94, 0xee, 0xb4, 0xe6, 0x94,
  0xee, 0x94, 0xe6, 0xb5, 0xee, 0xb4, 0xe6, 0xb4, 0xe6, 0x73, 0xe6, 0x93,
  0xe6, 0x73, 0xe6, 0xb4, 0xee, 0xb5, 0xe6, 0xb5, 0xe6, 0x95, 0xe6, 0xd6,
  0xee, 0xb5, 0xe6, 0xb5, 0xe6, 0x74, 0xe6, 0xb5, 0xe6, 0x53, 0xde, 0x74,
  0xe6, 0x73, 0xde, 0x53, 0xe6, 0x73, 0xe6, 0x73, 0xe6, 0x73, 0xde, 0x73,
  0xe6, 0x53, 0xde, 0x53, 0xe6, 0x53, 0xde, 0x73, 0xe6, 0x73, 0xde, 0x74,
  0xe6, 0x53, 0xde, 0x74, 0xde, 0x54, 0xde, 0x74, 0xe6, 0x74, 0xde, 0x95,
  0xe6, 0x74, 0xde, 0x94, 0xe6, 0x74, 0xde, 0x95, 0xe6, 0x74, 0xde, 0x75,
  0xde, 0x53, 0xd6, 0x33, 0xd6, 0x12, 0xde, 0x74, 0xde, 0x53, 0xd6, 0x53,
  0xde, 0x33, 0xd6, 0x54, 0xde, 0x33, 0xde, 0x74, 0xe6, 0x75, 0xde, 0x75,
  0xde, 0x54, 0xde, 0x95, 0xe6, 0x74, 0xde, 0x54, 0xde, 0x33, 0xd6, 0x54,
  0xde, 0x54, 0xde, 0x54, 0xde, 0x13, 0xd6, 0x33, 0xde, 0x12, 0xd6, 0x13,
  0xd6, 0x12, 0xcd, 0xf2, 0xd5, 0xd1, 0xcd, 0xf2, 0xd5, 0xf1, 0xcd, 0xf1,
  0xd5, 0xf1, 0xcd, 0xd1, 0xcd, 0x90, 0xcd, 0xb1, 0xd5, 0xb0, 0xcd, 0xb1,
  0xde, 0x32, 0xe6, 0x32, 0xd6, 0x11, 0xde, 0x11, 0xde, 0x32, 0xdd, 0xf1,
  0xd6, 0x12, 0xd5, 0xf1, 0xd6, 0x12, 0xde, 0x12, 0xde, 0x32, 0xde, 0x32,
  0xde, 0x32, 0xde, 0x31, 0xd6, 0x32, 0xde, 0x11, 0xde, 0x32, 0xde, 0x11,
  0xde, 0x73, 0xde, 0x32, 0xde, 0x53, 0xe6, 0x53, 0xde, 0x53, 0xe6, 0x53,
  0xde, 0x53, 0xe6, 0x53, 0xe6, 0x73, 0xde, 0x32, 0xe6, 0x73, 0xe6, 0x53,
  0xde, 0x73, 0xe6, 0x73, 0xde, 0x53, 0xe6, 0x53, 0xde, 0x73, 0xe6, 0x53,
  0xde, 0x53, 0xde, 0x32, 0xde, 0x52, 0xe6, 0x32, 0xe6, 0x73, 0xe6, 0x73,
  0xde, 0x53, 0xde, 0x53, 0xde, 0x53, 0xe6, 0x73, 0xde, 0x53, 0xe6, 0x73,
  0xde, 0x74, 0xe6, 0x53, 0xe6, 0x94, 0xde, 0x53, 0xd6, 0x12, 0xcd, 0x90,
  0xc5, 0xaf, 0xd5, 0xd0, 0xb5, 0x2e, 0xac, 0x8b, 0xb5, 0x0f, 0xc5, 0x50,
  0xc5, 0x91, 0xcd, 0x91, 0xcd, 0xd1, 0xbd, 0x2e, 0xa4, 0x6b, 0xa4, 0x4a,
  0xac, 0xcd, 0xb4, 0xac, 0x93, 0xea, 0xac, 0x4b, 0xa4, 0x4b, 0x9c, 0x0a,
  0x9b, 0xe9, 0xa3, 0xc9, 0xa3, 0xe9, 0xa3, 0xc8, 0xa3, 0xc9, 0xa3, 0x88,
  0x93, 0x88, 0x9b, 0xa9, 0x93, 0xca, 0x9b, 0xc9, 0x93, 0xc9, 0x9b, 0xa8,
  0x93, 0x68, 0x9b, 0x47, 0x9b, 0x68, 0xab, 0xe9, 0x9b, 0x88, 0x93, 0x46,
  0x9b, 0xc9, 0x93, 0x26, 0x82, 0xe6, 0x8a, 0xc6, 0x8b, 0x47, 0x93, 0x26,
  0x7a, 0x85, 0x7a, 0x44, 0x8a, 0xa5, 0x9b, 0x07, 0x9b, 0x27, 0x9a, 0xe6,
  0x9b, 0x07, 0x9a, 0xc6, 0x92, 0xa6, 0x92, 0x86, 0x9b, 0x06, 0x9b, 0x06,
  0x93, 0x27, 0x9b, 0x47, 0x9b, 0x27, 0x92, 0xe6, 0x93, 0x06, 0xa3, 0x47,
  0x8a, 0xe6, 0x93, 0x06, 0x9b, 0xc9, 0xac, 0x0a, 0x9c, 0x0a, 0x93, 0x88,
  0x6a, 0x25, 0x69, 0xe4, 0x6a, 0x05, 0x6a, 0x05, 0x72, 0x46, 0x82, 0xa7,
  0x8b, 0x07, 0x8a, 0xc6, 0x82, 0xc6, 0x82, 0xc6, 0x9b, 0xea, 0xa3, 0xc9,
  0x9b, 0xea, 0xac, 0x4b, 0xa3, 0xea, 0x8b, 0x26, 0x93, 0x68, 0x9b, 0x67,
  0x93, 0x89, 0xa3, 0xea, 0x9b, 0xa9, 0xa3, 0x89, 0xa3, 0xa9, 0xa3, 0x68,
  0xa3, 0xa8, 0xb3, 0xe9, 0xbc, 0xab, 0xc4, 0xab, 0xb4, 0xec, 0xd5, 0xaf,
  0xe6, 0x94, 0xee, 0xb4, 0xe6, 0xb5, 0xee, 0xb4, 0xe6, 0xb5, 0xe6, 0x94,
  0xe6, 0xb4, 0xe6, 0x94, 0xe6, 0xb4, 0xe6, 0x73, 0xde, 0x74, 0xe6, 0x74,
  0xe6, 0xb5, 0xe6, 0x94, 0xe6, 0x94, 0xe6, 0x94, 0xde, 0x73, 0xe6, 0x93,
  0xde, 0x94, 0xe6, 0x93, 0xe6, 0xb5, 0xe6, 0x94, 0xe6, 0xb5, 0xe6, 0x94,
  0xe6, 0x95, 0xe6, 0x95, 0xe6, 0x95, 0xe6, 0x74, 0xde, 0x94, 0xe6, 0x74,
  0xde, 0x74, 0xde, 0x53, 0xde, 0x74, 0xde, 0x53, 0xde, 0x73, 0xe6, 0x73,
  0xe6, 0x74, 0xe6, 0x53, 0xde, 0x74, 0xe6, 0x53, 0xde, 0x74, 0xe6, 0x74,
  0xde, 0x95, 0xde, 0x54, 0xde, 0x75, 0xde, 0x74, 0xe6, 0x95, 0xe6, 0x74,
  0xde, 0x75, 0xe6, 0x75, 0xe6, 0x96, 0xe6, 0x75, 0xde, 0x95, 0xde, 0x75,
  0xd6, 0x54, 0xde, 0x34, 0xd6, 0x54, 0xde, 0x54, 0xde, 0x74, 0xde, 0x54,
  0xd6, 0x54, 0xde, 0x54, 0xd6, 0x54, 0xde, 0x74, 0xde, 0x75, 0xe6, 0x75,
  0xde, 0x96, 0xde, 0x54, 0xde, 0x55, 0xde, 0x54, 0xde, 0x75, 0xde, 0x54,
  0xde, 0x75, 0xde, 0x34, 0xd6, 0x33, 0xd6, 0x12, 0xd6, 0x13, 0xd5, 0xd2,
  0xcd, 0xf2, 0xd5, 0xd2, 0xcd, 0xd2, 0xcd, 0xd1, 0xcd, 0xd1, 0xcd, 0xb1,
  0xcd, 0xd1, 0xd5, 0xf1, 0xcd, 0xb1, 0xd5, 0xb1, 0xc5, 0x91, 0xcd, 0x90,
  0xde, 0x11, 0xde, 0x32, 0xdd, 0xf0, 0xde, 0x31, 0xde, 0x31, 0xd6, 0x11,
  0xde, 0x11, 0xde, 0x31, 0xde, 0x33, 0xde, 0x53, 0xe6, 0x52, 0xde, 0x53,
  0xde, 0x10, 0xde, 0x31, 0xde, 0x31, 0xd6, 0x11, 0xde, 0x11, 0xde, 0x31,
  0xe6, 0x52, 0xd6, 0x11, 0xde, 0x32, 0xe6, 0x73, 0xe6, 0x53, 0xde, 0x32,
  0xde, 0x31, 0xe6, 0x73, 0xe6, 0x72, 0xde, 0x73, 0xe6, 0x32, 0xde, 0x53,
  0xe6, 0x31, 0xde, 0x31, 0xe6, 0x31, 0xe6, 0x52, 0xe6, 0x52, 0xde, 0x32,
  0xde, 0x31, 0xde, 0x32, 0xde, 0x31, 0xde, 0x52, 0xde, 0x32, 0xde, 0x53,
  0xde, 0x52, 0xde, 0x53, 0xe6, 0x73, 0xde, 0x53, 0xe6, 0x73, 0xde, 0x73,
  0xe6, 0x73, 0xde, 0x73, 0xe6, 0x94, 0xde, 0x74, 0xdd, 0xf1, 0xbd, 0x2e,
  0xb4, 0xcc, 0xac, 0xcc, 0xa4, 0x6d, 0xbd, 0x30, 0xc5, 0x91, 0xbd, 0x91,
  0xcd, 0xb0, 0xcd, 0xf1, 0xc5, 0x4e, 0xa4, 0x8c, 0xa4, 0x2a, 0x94, 0x0a,
  0xa4, 0x6b, 0x9c, 0x4b, 0xa4, 0x09, 0x9c, 0x09, 0xa4, 0x09, 0x9c, 0x2a,
  0xa3, 0xc8, 0x9b, 0xc8, 0xa3, 0xa7, 0xa3, 0xe8, 0xa3, 0xa7, 0x9b, 0xa8,
  0x9b, 0x87, 0x9b, 0xc9, 0x93, 0xa8, 0x93, 0xc9, 0xa3, 0xc8, 0x93, 0xa8,
  0xa3, 0x66, 0x93, 0x46, 0x9b, 0x26, 0x9b, 0x47, 0x93, 0x06, 0x82, 0xc5,
  0x93, 0x06, 0x8b, 0x06, 0x8a, 0xe6, 0x7a, 0xc6, 0x8b, 0x06, 0x7a, 0xc5,
  0x82, 0x65, 0x82, 0x85, 0x8a, 0xa5, 0x92, 0xe7, 0x92, 0xc5, 0x8a, 0xa5,
  0x92, 0xc6, 0x9b, 0x07, 0x8a, 0x64, 0x8a, 0x85, 0x92, 0x85, 0x9a, 0xe6,
  0x9b, 0x27, 0x9b, 0x47, 0x9b, 0x06, 0x93, 0x06, 0x9b, 0x05, 0x93, 0x06,
  0x92, 0xc5, 0x9b, 0x27, 0xa3, 0xa8, 0xac, 0x0a, 0xa3, 0xc8, 0x7a, 0xc5,
  0x72, 0x24, 0x72, 0x24, 0x7a, 0x24, 0x82, 0x65, 0x8a, 0xc6, 0x9b, 0xa9,
  0xa3, 0x67, 0x9b, 0x88, 0x9b, 0x67, 0x9b, 0x88, 0x9b, 0xa8, 0x9b, 0xc9,
  0x9b, 0x88, 0x9b, 0xc9, 0xa4, 0x0a, 0x93, 0xa9, 0x8b, 0x06, 0x8b, 0x27,
  0x8b, 0x06, 0x9b, 0x89, 0xab, 0xe9, 0xa3, 0xa9, 0xab, 0x88, 0xa3, 0x88,
  0xa3, 0x68, 0xa3, 0xa9, 0xb4, 0x09, 0xbc, 0x8b, 0xbc, 0x8b, 0xc5, 0x0d,
  0xc5, 0x4e, 0xd5, 0xf1, 0xe6, 0x52, 0xe6, 0x72, 0xee, 0x93, 0xe6, 0x93,
  0xe6, 0x93, 0xe6, 0xb4, 0xee, 0xb4, 0xde, 0x73, 0xe6, 0x73, 0xe6, 0xb4,
  0xee, 0xb4, 0xe6, 0xb4, 0xee, 0xb3, 0xe6, 0xb4, 0xee, 0x93, 0xe6, 0x94,
  0xee, 0x73, 0xe6, 0x94, 0xe6, 0x93, 0xe6, 0xb4, 0xee, 0xb4, 0xe6, 0xd4,
  0xe6, 0x94, 0xe6, 0x94, 0xe6, 0x73, 0xe6, 0x74, 0xe6, 0x93, 0xde, 0x94,
  0xe6, 0x93, 0xde, 0x94, 0xe6, 0x73, 0xde, 0x73, 0xe6, 0x73, 0xe6, 0x94,
  0xe6, 0x52, 0xe6, 0x73, 0xe6, 0x73, 0xde, 0x53, 0xe6, 0x73, 0xe6, 0x74,
  0xe6, 0x54, 0xe6, 0x95, 0xe6, 0x94, 0xde, 0x95, 0xe6, 0x53, 0xde, 0x94,
  0xe6, 0x74, 0xde, 0x74, 0xe6, 0x74, 0xe6, 0xb5, 0xe6, 0x95, 0xde, 0x95,
  0xde, 0x54, 0xd6, 0x54, 0xde, 0x53, 0xde, 0x74, 0xde, 0x53, 0xd6, 0x33,
  0xe6, 0x74, 0xe6, 0x95, 0xde, 0x54, 0xde, 0x74, 0xe6, 0x75, 0xde, 0x95,
  0xe6, 0x95, 0xde, 0x95, 0xde, 0x54, 0xde, 0x75, 0xde, 0x53, 0xd6, 0x54,
  0xe6, 0x53, 0xde, 0x53, 0xde, 0x32, 0xd6, 0x12, 0xd5, 0xf1, 0xd5, 0xf1,
  0xde, 0x12, 0xde, 0x33, 0xd5, 0xd2, 0xcd, 0xb1, 0xcd, 0xb1, 0xcd, 0xb1,
  0xcd, 0x90, 0xcd, 0xd1, 0xd5, 0xb1, 0xcd, 0xb1, 0xcd, 0x6f, 0xcd, 0x90,
  0xd6, 0x32, 0xdd, 0xf1, 0xd6, 0x12, 0xde, 0x12, 0xde, 0x33, 0xde, 0x11,
  0xd6, 0x12, 0xde, 0x12, 0xd6, 0x13, 0xde, 0x13, 0xd6, 0x13, 0xde, 0x12,
  0xd6, 0x12, 0xde, 0x11, 0xde, 0x32, 0xde, 0x11, 0xd6, 0x11, 0xde, 0x11,
  0xde, 0x11, 0xdd, 0xf0, 0xd6, 0x12, 0xe6, 0x32, 0xd6, 0x11, 0xde, 0x31,
  0xde, 0x32, 0xe6, 0x52, 0xd6, 0x32, 0xde, 0x31, 0xde, 0x32, 0xe6, 0x31,
  0xde, 0x31, 0xe6, 0x31, 0xde, 0x11, 0xde, 0x11, 0xde, 0x31, 0xde, 0x11,
  0xde, 0x11, 0xde, 0x11, 0xd6, 0x11, 0xde, 0x31, 0xde, 0x53, 0xe6, 0x53,
  0xde, 0x53, 0xe6, 0x53, 0xde, 0x53, 0xe6, 0x53, 0xde, 0x94, 0xe6, 0x53,
  0xde, 0x74, 0xde, 0x53, 0xde, 0x73, 0xde, 0x32, 0xc5, 0x6f, 0xac, 0x4a,
  0x9c, 0x6c, 0xb4, 0xee, 0xc5, 0xb3, 0xd5, 0xf4, 0xcd, 0xd2, 0xc5, 0x4f,
  0xbd, 0x0e, 0xbd, 0x0e, 0x9c, 0x2b, 0xa4, 0x4b, 0x9c, 0x4c, 0xa4, 0x4b,
  0xac, 0xcd, 0xa4, 0x2b, 0x9b, 0xe9, 0x93, 0x88, 0x9b, 0xc9, 0x9b, 0xa8,
  0x9b, 0xe9, 0xa3, 0xc9, 0x93, 0x67, 0x9b, 0x87, 0x9b, 0xa8, 0x9b, 0x67,
  0x93, 0x88, 0xa3, 0xa8, 0x93, 0xa8, 0x8b, 0x67, 0x9b, 0x88, 0x93, 0x46,
  0x8b, 0x06, 0x8a, 0xc5, 0x82, 0xe6, 0x8a, 0xe6, 0x82, 0xe6, 0x82, 0xc5,
  0x82, 0xe6, 0x8a, 0xe6, 0x7a, 0xe6, 0x82, 0xe6, 0x7a, 0xe6, 0x7a, 0xa5,
  0x7a, 0x86, 0x82, 0x86, 0x7a, 0x65, 0x82, 0x85, 0x7a, 0x45, 0x7a, 0x24,
  0x8a, 0x86, 0x8a, 0x65, 0x82, 0x45, 0x8a, 0x24, 0x8a, 0x65, 0x9a, 0xa6,
  0x93, 0x07, 0x9a, 0xe6, 0x93, 0x06, 0x9a, 0xe6, 0x9a, 0xe6, 0x9a, 0xa5,
  0x92, 0xc6, 0xab, 0x48, 0x9b, 0x89, 0xa3, 0xa9, 0x82, 0xc6, 0x7a, 0x43,
  0x72, 0x45, 0x72, 0x05, 0x72, 0x25, 0x82, 0x66, 0x93, 0x48, 0x9b, 0x68,
  0x93, 0x48, 0x93, 0x27, 0x93, 0x68, 0x9b, 0x88, 0xa3, 0xea, 0xab, 0xe9,
  0xac, 0x4b, 0xa3, 0xe9, 0xa4, 0x2b, 0xa3, 0xc9, 0x83, 0x07, 0x7a, 0x85,
  0x82, 0xe6, 0x82, 0xc6, 0xa3, 0xca, 0x9b, 0x88, 0x9b, 0x88, 0xa3, 0x88,
  0xa3, 0x89, 0xa3, 0x48, 0x9b, 0x68, 0xb3, 0xe9, 0xb4, 0x4b, 0xbc, 0x6b,
  0xb4, 0xcd, 0xb4, 0x8c, 0xb4, 0xed, 0xcd, 0x8f, 0xe6, 0x73, 0xee, 0x93,
  0xe6, 0x94, 0xe6, 0x74, 0xde, 0x94, 0xe6, 0x73, 0xe6, 0xb4, 0xe6, 0x94,
  0xe6, 0x74, 0xe6, 0x53, 0xde, 0x73, 0xe6, 0x52, 0xe6, 0x93, 0xe6, 0x72,
  0xde, 0x53, 0xe6, 0x53, 0xe6, 0x94, 0xe6, 0x73, 0xe6, 0x94, 0xee, 0xb4,
  0xde, 0x94, 0xe6, 0x73, 0xde, 0x94, 0xe6, 0x73, 0xde, 0x94, 0xde, 0x73,
  0xde, 0x73, 0xde, 0x52, 0xde, 0x73, 0xe6, 0x73, 0xde, 0x73, 0xe6, 0x53,
  0xde, 0x73, 0xe6, 0x53, 0xde, 0x73, 0xe6, 0x53, 0xde, 0x94, 0xe6, 0x73,
  0xde, 0x74, 0xe6, 0x74, 0xde, 0x94, 0xe6, 0x74, 0xde, 0x54, 0xe6, 0x74,
  0xde, 0x75, 0xde, 0x54, 0xde, 0x74, 0xde, 0x54, 0xde, 0x95, 0xe6, 0x94,
  0xde, 0x74, 0xde, 0x53, 0xd6, 0x54, 0xde, 0x54, 0xd6, 0x54, 0xde, 0x53,
  0xde, 0x75, 0xe6, 0x75, 0xde, 0x95, 0xde, 0x54, 0xde, 0x95, 0xde, 0x74,
  0xde, 0x74, 0xde, 0x74, 0xde, 0x75, 0xde, 0x54, 0xde, 0x54, 0xde, 0x54,
  0xde, 0x54, 0xd5, 0xf2, 0xcd, 0xf2, 0xd6, 0x12, 0xd5, 0xf2, 0xde, 0x12,
  0xd5, 0xf3, 0xd5, 0xf3, 0xcd, 0xd2, 0xd5, 0xb2, 0xcd, 0xd2, 0xd5, 0xd1,
  0xcd, 0xb1, 0xcd, 0x90, 0xc5, 0x70, 0xcd, 0x90, 0xc5, 0x90, 0xcd, 0x90,
  0xde, 0x11, 0xde, 0x32, 0xde, 0x32, 0xde, 0x53, 0xde, 0x32, 0xd6, 0x12,
  0xdd, 0xf1, 0xde, 0x32, 0xde, 0x12, 0xde, 0x33, 0xde, 0x32, 0xd6, 0x12,
  0xde, 0x11, 0xde, 0x31, 0xde, 0x11, 0xde, 0x31, 0xdd, 0xf0, 0xd5, 0xf0,
  0xdd, 0xf0, 0xde, 0x11, 0xde, 0x10, 0xde, 0x10, 0xdd, 0xf0, 0xde, 0x31,
  0xde, 0x10, 0xde, 0x31, 0xe6, 0x31, 0xde, 0x51, 0xe6, 0x51, 0xde, 0x30,
  0xde, 0x0f, 0xd6, 0x10, 0xde, 0x10, 0xde, 0x11, 0xdd, 0xf0, 0xde, 0x10,
  0xdd, 0xf0, 0xde, 0x31, 0xde, 0x31, 0xde, 0x52, 0xe6, 0x73, 0xde, 0x53,
  0xde, 0x32, 0xde, 0x72, 0xe6, 0x52, 0xe6, 0x73, 0xe6, 0x73, 0xde, 0x73,
  0xe6, 0x73, 0xde, 0x73, 0xde, 0x31, 0xcd, 0xd0, 0xbc, 0xec, 0xac, 0x8b,
  0xb4, 0xee, 0xc5, 0x91, 0xcd, 0xd1, 0xc5, 0xb0, 0xbd, 0x0e, 0xa4, 0x8c,
  0x9b, 0xe9, 0xa4, 0x4b, 0xac, 0x6b, 0xa4, 0x4b, 0xa4, 0x6b, 0xac, 0xcd,
  0xac, 0x8c, 0x9c, 0x2a, 0x93, 0x88, 0x8b, 0x68, 0x93, 0x67, 0x8b, 0x88,
  0x93, 0x87, 0x9b, 0xc9, 0x9b, 0x67, 0x93, 0x26, 0xa3, 0x87, 0x9b, 0xa8,
  0x9b, 0x67, 0x9b, 0xc8, 0x9b, 0x87, 0x8b, 0x47, 0x93, 0x46, 0x82, 0xe5,
  0x82, 0xa5, 0x7a, 0x85, 0x82, 0xc5, 0x82, 0xe6, 0x82, 0xc5, 0x82, 0xe6,
  0x8a, 0xe6, 0x82, 0xe6, 0x82, 0xc5, 0x7a, 0xc6, 0x82, 0xc6, 0x72, 0xa5,
  0x82, 0x65, 0x82, 0xa6, 0x7a, 0x44, 0x82, 0xa6, 0x7a, 0x04, 0x7a, 0x24,
  0x82, 0x04, 0x82, 0x45, 0x82, 0x04, 0x79, 0xe3, 0x8a, 0x65, 0x92, 0xc7,
  0x9a, 0xe5, 0xa3, 0x47, 0xa3, 0x06, 0x92, 0xc5, 0xa2, 0x84, 0x9a, 0xa5,
  0xa2, 0xc5, 0xab, 0x07, 0xa3, 0x27, 0x93, 0x07, 0x8a, 0x65, 0x7a, 0x44,
  0x7a, 0x65, 0x82, 0x86, 0x92, 0xe7, 0x9b, 0x8a, 0x9b, 0x68, 0x9b, 0x68,
  0x9b, 0x88, 0x9b, 0xc9, 0xab, 0xca, 0xa3, 0xca, 0xa3, 0xa8, 0xac, 0x0a,
  0xac, 0x4a, 0xac, 0x6b, 0xb4, 0x4a, 0x8b, 0x27, 0x82, 0xc6, 0x72, 0x65,
  0x7a, 0x85, 0x7a, 0xa6, 0x93, 0x26, 0x93, 0x68, 0xa3, 0x68, 0xab, 0xc9,
  0xa3, 0x67, 0xa3, 0x88, 0xab, 0xa8, 0xa3, 0x88, 0xab, 0xe8, 0xb4, 0x4a,
  0xb4, 0x8b, 0xbc, 0xed, 0xbc, 0xab, 0xc5, 0x4e, 0xd5, 0xcf, 0xe6, 0x51,
  0xee, 0x93, 0xe6, 0x93, 0xe6, 0x52, 0xe6, 0x73, 0xe6, 0x93, 0xe6, 0x93,
  0xe6, 0x52, 0xde, 0x32, 0xe6, 0x31, 0xee, 0x93, 0xe6, 0x72, 0xde, 0x72,
  0xe6, 0x73, 0xe6, 0x73, 0xe6, 0x52, 0xde, 0x73, 0xe6, 0x73, 0xe6, 0x94,
  0xe6, 0x73, 0xde, 0x73, 0xe6, 0x73, 0xe6, 0x94, 0xe6, 0x94, 0xe6, 0x94,
  0xe6, 0x52, 0xde, 0x73, 0xe6, 0x72, 0xe6, 0x73, 0xe6, 0x53, 0xe6, 0x73,
  0xe6, 0x53, 0xe6, 0x73, 0xe6, 0x52, 0xde, 0x53, 0xe6, 0x73, 0xe6, 0x94,
  0xde, 0x53, 0xde, 0x53, 0xe6, 0x53, 0xde, 0x94, 0xde, 0x53, 0xde, 0x54,
  0xde, 0x53, 0xde, 0x74, 0xe6, 0x74, 0xde, 0x74, 0xde, 0x74, 0xde, 0x95,
  0xe6, 0x94, 0xde, 0x74, 0xe6, 0x74, 0xde, 0x74, 0xe6, 0x74, 0xde, 0x74,
  0xe6, 0x74, 0xde, 0x95, 0xde, 0x74, 0xde, 0x95, 0xe6, 0x74, 0xde, 0x54,
  0xde, 0x33, 0xde, 0x54, 0xde, 0x33, 0xde, 0x54, 0xde, 0x33, 0xd6, 0x33,
  0xd5, 0xf2, 0xd6, 0x12, 0xd5, 0xf1, 0xd6, 0x33, 0xdd, 0xf2, 0xd6, 0x13,
  0xdd, 0xf2, 0xd5, 0xd2, 0xdd, 0xf2, 0xcd, 0xb2, 0xd5, 0xb1, 0xcd, 0xd1,
  0xcd, 0x90, 0xcd, 0xb1, 0xcd, 0x90, 0xc5, 0x90, 0xcd, 0x90, 0xcd, 0xd1,
  0xd6, 0x11, 0xde, 0x31, 0xde, 0x53, 0xde, 0x32, 0xd6, 0x12, 0xde, 0x11,
  0xd5, 0xf2, 0xdd, 0xf1, 0xde, 0x33, 0xde, 0x32, 0xde, 0x32, 0xde, 0x11,
  0xd5, 0xf0, 0xdd, 0xf0, 0xd6, 0x11, 0xde, 0x10, 0xd5, 0xf0, 0xdd, 0xcf,
  0xd5, 0xd0, 0xdd, 0xf0, 0xd5, 0xf0, 0xdd, 0xf0, 0xd5, 0xf0, 0xdd, 0xf0,
  0xdd, 0xf1, 0xdd, 0xf0, 0xde, 0x10, 0xdd, 0xf0, 0xde, 0x10, 0xde, 0x10,
  0xd6, 0x10, 0xde, 0x10, 0xd5, 0xf1, 0xdd, 0xf0, 0xd6, 0x11, 0xdd, 0xf0,
  0xd5, 0xf1, 0xdd, 0xf1, 0xd6, 0x11, 0xde, 0x11, 0xde, 0x53, 0xe6, 0x52,
  0xde, 0x53, 0xde, 0x52, 0xde, 0x73, 0xe6, 0x52, 0xde, 0x73, 0xde, 0x52,
  0xde, 0x53, 0xde, 0x32, 0xcd, 0xd0, 0xbc, 0xec, 0xac, 0xcc, 0xbd, 0x0d,
  0xb5, 0x2e, 0xc5, 0x4e, 0xbd, 0x4f, 0xbc, 0xed, 0x9c, 0x4b, 0x93, 0xc9,
  0x8b, 0xc9, 0x9c, 0x0a, 0x9c, 0x0a, 0x93, 0xa9, 0x9c, 0x2a, 0xa4, 0x0a,
  0x9c, 0x0a, 0x9b, 0xc9, 0x83, 0x47, 0x93, 0x68, 0x8b, 0x88, 0x83, 0x47,
  0x83, 0x47, 0x93, 0x67, 0x93, 0x27, 0x93, 0x06, 0x9b, 0xc9, 0x9b, 0x67,
  0x8b, 0x47, 0x93, 0x67, 0x9b, 0xa8, 0x93, 0x47, 0x83, 0x06, 0x7a, 0x84,
  0x72, 0x65, 0x72, 0x24, 0x7a, 0x86, 0x82, 0xa6, 0x7a, 0xa5, 0x7a, 0xa5,
  0x82, 0xe7, 0x8a, 0xe6, 0x7a, 0xa5, 0x82, 0xa5, 0x82, 0xc7, 0x7a, 0x65,
  0x7a, 0x45, 0x82, 0x65, 0x72, 0x25, 0x7a, 0x45, 0x72, 0x04, 0x71, 0xc3,
  0x69, 0xc4, 0x7a, 0x05, 0x7a, 0x05, 0x79, 0xe4, 0x82, 0x85, 0x92, 0xc6,
  0x9b, 0x27, 0x9b, 0x06, 0x9a, 0xa6, 0x92, 0x65, 0x92, 0x04, 0xa2, 0x86,
  0xa2, 0x85, 0xa2, 0x65, 0x9a, 0xc7, 0x92, 0x65, 0x82, 0x45, 0x8a, 0x45,
  0x8a, 0xc7, 0x93, 0x07, 0x93, 0x69, 0x9b, 0x68, 0x8b, 0x07, 0x8a, 0xe6,
  0x93, 0x48, 0xab, 0xea, 0xa3, 0xca, 0xa3, 0xa9, 0x9b, 0xc9, 0xac, 0x0a,
  0xa4, 0x0a, 0xa3, 0xc9, 0x9b, 0xca, 0x8a, 0xe6, 0x7a, 0xa7, 0x6a, 0x25,
  0x6a, 0x25, 0x82, 0xa7, 0x8b, 0x28, 0x9b, 0x69, 0xa3, 0xaa, 0x9b, 0x27,
  0xa3, 0x88, 0xab, 0x88, 0xab, 0xc9, 0xab, 0x88, 0x9b, 0x67, 0xab, 0xc8,
  0xac, 0x4a, 0xbc, 0x6b, 0xac, 0x4a, 0xc4, 0xcc, 0xd5, 0x8f, 0xcd, 0x2d,
  0xde, 0x51, 0xe6, 0x51, 0xe6, 0x73, 0xe6, 0x52, 0xde, 0x73, 0xe6, 0x53,
  0xe6, 0x74, 0xe6, 0x53, 0xe6, 0x73, 0xe6, 0x72, 0xde, 0x73, 0xe6, 0x52,
  0xe6, 0x94, 0xe6, 0x74, 0xe6, 0x74, 0xee, 0x94, 0xe6, 0xb5, 0xe6, 0x74,
  0xe6, 0x94, 0xde, 0x53, 0xde, 0x74, 0xde, 0x33, 0xe6, 0x74, 0xe6, 0x53,
  0xe6, 0x73, 0xe6, 0x32, 0xde, 0x53, 0xe6, 0x52, 0xe6, 0x73, 0xe6, 0x32,
  0xe6, 0x73, 0xe6, 0x73, 0xde, 0x53, 0xde, 0x32, 0xde, 0x74, 0xe6, 0x74,
  0xde, 0x74, 0xe6, 0x74, 0xde, 0x75, 0xe6, 0x74, 0xde, 0x95, 0xde, 0x74,
  0xde, 0x75, 0xde, 0x54, 0xde, 0x75, 0xde, 0x54, 0xde, 0x75, 0xe6, 0x75,
  0xde, 0x75, 0xe6, 0x75, 0xde, 0x55, 0xde, 0x34, 0xde, 0x95, 0xde, 0x54,
  0xde, 0x75, 0xde, 0x54, 0xde, 0x75, 0xde, 0x74, 0xde, 0x75, 0xde, 0x54,
  0xd6, 0x34, 0xde, 0x34, 0xd6, 0x54, 0xde, 0x33, 0xd6, 0x13, 0xd5, 0xf2,
  0xd5, 0xf2, 0xd5, 0xf2, 0xd6, 0x12, 0xd5, 0xf2, 0xd5, 0xf2, 0xd5, 0xf2,
  0xd6, 0x13, 0xd5, 0xf2, 0xd5, 0xf3, 0xd5, 0xd2, 0xcd, 0xb1, 0xcd, 0x90,
  0xc5, 0x90, 0xcd, 0x70, 0xc5, 0x90, 0xcd, 0x90, 0xcd, 0xb1, 0xcd, 0xb0,
  0xde, 0x11, 0xde, 0x31, 0xde, 0x31, 0xde, 0x31, 0xdd, 0xf0, 0xde, 0x31,
  0xdd, 0xf1, 0xde, 0x32, 0xde, 0x31, 0xde, 0x32, 0xdd, 0xcf, 0xcd, 0xcf,
  0xdd, 0xef, 0xd6, 0x10, 0xdd, 0xf0, 0xde, 0x10, 0xdd, 0xef, 0xd5, 0xef,
  0xd5, 0xae, 0xde, 0x10, 0xdd, 0xef, 0xd5, 0xf0, 0xdd, 0xcf, 0xde, 0x11,
  0xdd, 0xef, 0xde, 0x10, 0xde, 0x10, 0xde, 0x30, 0xdd, 0xef, 0xde, 0x30,
  0xdd, 0xef, 0xde, 0x10, 0xe6, 0x10, 0xde, 0x11, 0xde, 0x11, 0xde, 0x11,
  0xde, 0x11, 0xde, 0x32, 0xe6, 0x32, 0xde, 0x52, 0xe6, 0x32, 0xde, 0x53,
  0xde, 0x31, 0xde, 0x52, 0xe6, 0x73, 0xde, 0x52, 0xe6, 0x52, 0xde, 0x52,
  0xe6, 0x31, 0xd5, 0xf1, 0xc5, 0x2d, 0xb4, 0xcc, 0xb4, 0xcc, 0xbd, 0x2e,
  0xbd, 0x0d, 0xac, 0xcc, 0xac, 0x6a, 0xa4, 0x4a, 0x9b, 0xe9, 0x8b, 0x88,
  0x8b, 0x88, 0x93, 0xe9, 0x9b, 0xc8, 0x8b, 0x67, 0x93, 0xa7, 0x93, 0xa8,
  0x93, 0x87, 0x8b, 0x67, 0x8b, 0x47, 0x8b, 0x88, 0x93, 0xa8, 0x8b, 0x88,
  0x83, 0x06, 0x7b, 0x06, 0x8a, 0xe6, 0x8b, 0x27, 0x93, 0x87, 0x9b, 0xc9,
  0x9b, 0x87, 0x8b, 0x67, 0x9b, 0x67, 0x93, 0x67, 0x82, 0xa5, 0x72, 0x44,
  0x6a, 0x04, 0x61, 0xe4, 0x7a, 0x65, 0x7a, 0xa6, 0x7a, 0x84, 0x7a, 0xa5,
  0x82, 0xc5, 0x82, 0xc6, 0x7a, 0x44, 0x72, 0x45, 0x82, 0x86, 0x72, 0x45,
  0x7a, 0x45, 0x72, 0x45, 0x7a, 0x24, 0x72, 0x04, 0x71, 0xe4, 0x69, 0xe4,
  0x69, 0xc4, 0x72, 0x05, 0x82, 0x25, 0x82, 0x46, 0x92, 0xc5, 0x9b, 0x27,
  0xa3, 0x27, 0x92, 0xc5, 0x92, 0x24, 0x8a, 0x45, 0x91, 0xc3, 0x9a, 0x46,
  0xa2, 0x45, 0x9a, 0x44, 0x9a, 0x45, 0x92, 0x45, 0x92, 0x25, 0x92, 0x66,
  0x92, 0xc6, 0x9b, 0x28, 0x9b, 0x47, 0x82, 0xc5, 0x8a, 0xa5, 0x8a, 0xe6,
  0x93, 0x27, 0xab, 0xea, 0xa3, 0xa9, 0x9b, 0x88, 0xa3, 0xc9, 0xac, 0x0b,
  0xb4, 0x2a, 0x9b, 0xa9, 0xa3, 0xc9, 0x82, 0xe6, 0x72, 0x45, 0x72, 0x86,
  0x7a, 0x65, 0x8b, 0x28, 0x9b, 0x89, 0x9b, 0x89, 0xbc, 0x4c, 0x9b, 0x68,
  0x9b, 0x06, 0x9b, 0x27, 0x9b, 0x26, 0xa3, 0x68, 0xa3, 0x46, 0xa3, 0x88,
  0xab, 0xe8, 0xab, 0xe9, 0xab, 0xe8, 0xa3, 0xe8, 0xcc, 0xec, 0xc4, 0xec,
  0xcd, 0x4c, 0xde, 0x0f, 0xe6, 0x51, 0xe6, 0x72, 0xe6, 0x32, 0xe6, 0x73,
  0xee, 0x93, 0xe6, 0x72, 0xe6, 0x72, 0xe6, 0x73, 0xe6, 0x52, 0xe6, 0x93,
  0xe6, 0x73, 0xe6, 0x73, 0xe6, 0x73, 0xe6, 0x73, 0xe6, 0x93, 0xde, 0x73,
  0xee, 0x73, 0xe6, 0x73, 0xe6, 0x52, 0xe6, 0x53, 0xe6, 0x32, 0xde, 0x32,
  0xde, 0x31, 0xde, 0x52, 0xe6, 0x52, 0xde, 0x52, 0xe6, 0x72, 0xe6, 0x73,
  0xde, 0x31, 0xde, 0x32, 0xde, 0x32, 0xde, 0x53, 0xe6, 0x73, 0xde, 0x53,
  0xe6, 0x73, 0xe6, 0x94, 0xe6, 0x74, 0xde, 0x74, 0xe6, 0x94, 0xde, 0x95,
  0xe6, 0x74, 0xde, 0x94, 0xde, 0x54, 0xde, 0x74, 0xde, 0x54, 0xde, 0x74,
  0xe6, 0x74, 0xde, 0x54, 0xe6, 0x74, 0xde, 0x95, 0xe6, 0x74, 0xde, 0x95,
  0xde, 0x74, 0xde, 0x74, 0xde, 0x53, 0xde, 0x54, 0xe6, 0x54, 0xde, 0x74,
  0xde, 0x54, 0xd6, 0x34, 0xde, 0x53, 0xd6, 0x34, 0xd5, 0xf1, 0xd6, 0x12,
  0xd5, 0xf1, 0xd6, 0x12, 0xd5, 0xd1, 0xd5, 0xf2, 0xd5, 0xd1, 0xd5, 0xf2,
  0xde, 0x12, 0xd5, 0xf2, 0xd5, 0xf1, 0xd5, 0xf2, 0xd5, 0xb1, 0xcd, 0xd1,
  0xcd, 0xb0, 0xc5, 0x90, 0xcd, 0xb0, 0xcd, 0xb1, 0xd5, 0xb0, 0xcd, 0xb0,
  0xd5, 0xf0, 0xde, 0x11, 0xd5, 0xf0, 0xdd, 0xf0, 0xd5, 0xd0, 0xde, 0x11,
  0xd6, 0x11, 0xdd, 0xf1, 0xd5, 0xf1, 0xd5, 0xd0, 0xd5, 0xf0, 0xdd, 0xf0,
  0xd5, 0xf0, 0xdd, 0xf0, 0xd6, 0x11, 0xd5, 0xd0, 0xd5, 0xd0, 0xd5, 0xaf,
  0xd5, 0xcf, 0xdd, 0xf0, 0xd5, 0xf0, 0xdd, 0xf0, 0xcd, 0xb0, 0xd5, 0xaf,
  0xde, 0x11, 0xdd, 0xf0, 0xd5, 0xf0, 0xd5, 0xcf, 0xde, 0x10, 0xe6, 0x10,
  0xdd, 0xf1, 0xe6, 0x10, 0xde, 0x11, 0xde, 0x11, 0xd5, 0xf1, 0xd5, 0xf1,
  0xde, 0x52, 0xde, 0x32, 0xde, 0x33, 0xe6, 0x32, 0xde, 0x74, 0xde, 0x32,
  0xd6, 0x33, 0xde, 0x32, 0xd6, 0x33, 0xde, 0x32, 0xde, 0x53, 0xde, 0x32,
  0xde, 0x32, 0xcd, 0x8f, 0xac, 0xac, 0xac, 0x8b, 0xac, 0xac, 0xb4, 0x8b,
  0xa4, 0x4a, 0x9b, 0xc8, 0x8b, 0x88, 0x9b, 0xc9, 0x93, 0xea, 0x8b, 0x68,
  0x8b, 0xa9, 0x8b, 0x89, 0x83, 0x07, 0x8b, 0x27, 0x8b, 0x68, 0x8b, 0x68,
  0x93, 0xa9, 0x93, 0x68, 0x83, 0x47, 0x93, 0x67, 0x93, 0xa9, 0x8b, 0x67,
  0x7b, 0x07, 0x7a, 0xc5, 0x7a, 0xc6, 0x82, 0xc6, 0x82, 0xe6, 0x9b, 0x88,
  0x9b, 0xa9, 0x93, 0x27, 0x8b, 0x06, 0x93, 0x06, 0x82, 0xe7, 0x72, 0x03,
  0x61, 0xc4, 0x61, 0xa4, 0x6a, 0x45, 0x7a, 0x66, 0x72, 0x85, 0x7a, 0x65,
  0x7a, 0x86, 0x82, 0xa6, 0x72, 0x45, 0x72, 0x04, 0x72, 0x46, 0x72, 0x05,
  0x72, 0x25, 0x72, 0x04, 0x69, 0xe4, 0x69, 0xc4, 0x69, 0xe5, 0x61, 0xa3,
  0x61, 0xc4, 0x72, 0x05, 0x82, 0x46, 0x8a, 0x45, 0x92, 0xc6, 0xa3, 0x07,
  0x9a, 0xe6, 0x92, 0x64, 0x8a, 0x25, 0x8a, 0x04, 0x81, 0xc5, 0x92, 0x26,
  0x92, 0x25, 0x91, 0xe4, 0x92, 0x46, 0x92, 0x25, 0x82, 0x05, 0x8a, 0x05,
  0x8a, 0x86, 0xa3, 0x08, 0x8a, 0xc6, 0x8a, 0x85, 0x8a, 0xa6, 0x92, 0xe7,
  0x8a, 0xc6, 0x9b, 0x06, 0x9b, 0x68, 0x93, 0x06, 0x9b, 0x89, 0x9b, 0x48,
  0x93, 0x48, 0x9b, 0x68, 0x9b, 0xca, 0x82, 0xc6, 0x72, 0xa6, 0x82, 0xe7,
  0x8b, 0x49, 0x9b, 0x89, 0x9b, 0xaa, 0xab, 0xea, 0xb4, 0x4c, 0x93, 0x27,
  0x92, 0xe7, 0x9b, 0x07, 0x92, 0xe7, 0xa3, 0x48, 0x9b, 0x48, 0x9b, 0x27,
  0xa3, 0xa9, 0xa3, 0x68, 0x9b, 0x68, 0xab, 0xc9, 0xa3, 0xe9, 0xbc, 0x8b,
  0xb4, 0xcb, 0xd5, 0x8e, 0xd5, 0xf1, 0xe6, 0x31, 0xe6, 0x73, 0xe6, 0x32,
  0xde, 0x73, 0xe6, 0x52, 0xde, 0x53, 0xe6, 0x53, 0xe6, 0x74, 0xee, 0x94,
  0xe6, 0x74, 0xe6, 0x73, 0xe6, 0x74, 0xde, 0x32, 0xde, 0x53, 0xe6, 0x53,
  0xde, 0x53, 0xe6, 0x52, 0xe6, 0x73, 0xe6, 0x32, 0xde, 0x53, 0xde, 0x32,
  0xde, 0x32, 0xe6, 0x32, 0xde, 0x32, 0xdd, 0xf1, 0xde, 0x52, 0xe6, 0x32,
  0xde, 0x52, 0xde, 0x32, 0xde, 0x52, 0xde, 0x32, 0xd6, 0x32, 0xe6, 0x53,
  0xde, 0x73, 0xde, 0x32, 0xde, 0x74, 0xe6, 0x94, 0xde, 0x94, 0xde, 0x53,
  0xde, 0x74, 0xde, 0x54, 0xd6, 0x54, 0xde, 0x54, 0xd6, 0x54, 0xde, 0x54,
  0xde, 0x75, 0xde, 0x54, 0xde, 0x95, 0xde, 0x74, 0xde, 0x75, 0xde, 0x33,
  0xde, 0x74, 0xde, 0x53, 0xd6, 0x54, 0xde, 0x33, 0xde, 0x74, 0xde, 0x33,
  0xde, 0x54, 0xde, 0x33, 0xd6, 0x54, 0xd6, 0x13, 0xcd, 0xf2, 0xd5, 0xf1,
  0xcd, 0xf1, 0xd5, 0xd1, 0xcd, 0xb1, 0xcd, 0xb1, 0xcd, 0xd2, 0xd5, 0xf2,
  0xd5, 0xf2, 0xd5, 0xd1, 0xd5, 0xf2, 0xcd, 0xb1, 0xc5, 0xb1, 0xcd, 0xb0,
  0xc5, 0x90, 0xc5, 0x6f, 0xc5, 0x90, 0xcd, 0x6f, 0xcd, 0xb1, 0xcd, 0x91,
  0xdd, 0xef, 0xde, 0x10, 0xd5, 0xcf, 0xd5, 0xef, 0xd5, 0xaf, 0xd5, 0xf1,
  0xdd, 0xf0, 0xd5, 0xf0, 0xdd, 0xf0, 0xde, 0x11, 0xe6, 0x10, 0xde, 0x10,
  0xdd, 0xcf, 0xdd, 0xf0, 0xde, 0x10, 0xde, 0x31, 0xe6, 0x10, 0xd5, 0xef,
  0xdd, 0xcf, 0xd5, 0xcf, 0xdd, 0xf0, 0xd6, 0x10, 0xdd, 0xf0, 0xd5, 0xf0,
  0xdd, 0xf0, 0xd6, 0x10, 0xdd, 0xf0, 0xd6, 0x11, 0xdd, 0xf0, 0xd5, 0xf0,
  0xe6, 0x11, 0xde, 0x11, 0xdd, 0xf0, 0xd5, 0xf1, 0xde, 0x31, 0xde, 0x52,
  0xde, 0x11, 0xde, 0x52, 0xde, 0x11, 0xde, 0x52, 0xe6, 0x52, 0xe6, 0x94,
  0xe6, 0x53, 0xde, 0x32, 0xde, 0x52, 0xde, 0x53, 0xe6, 0x32, 0xde, 0x53,
  0xdd, 0xf0, 0xb4, 0xed, 0xb4, 0xab, 0xac, 0xab, 0xb4, 0x6a, 0x9c, 0x09,
  0x93, 0x67, 0x8b, 0x67, 0x93, 0x88, 0x9b, 0xea, 0x9b, 0xc9, 0x9c, 0x0b,
  0x9b, 0xea, 0x72, 0xc5, 0x72, 0x84, 0x8b, 0x48, 0x93, 0xa8, 0x8b, 0x88,
  0x93, 0x88, 0x8b, 0x67, 0x8b, 0x47, 0x8b, 0x47, 0x9b, 0x88, 0x8b, 0x67,
  0x8b, 0x06, 0x7a, 0xe6, 0x82, 0xc5, 0x7a, 0xc5, 0x7a, 0x84, 0x82, 0xc6,
  0x93, 0x06, 0x8a, 0xe6, 0x82, 0x84, 0x7a, 0x64, 0x7a, 0x45, 0x69, 0xe4,
  0x61, 0xc4, 0x61, 0xe5, 0x7a, 0x65, 0x72, 0x86, 0x7a, 0x65, 0x72, 0x44,
  0x82, 0x85, 0x7a, 0xa6, 0x72, 0x44, 0x6a, 0x04, 0x72, 0x25, 0x6a, 0x05,
  0x72, 0x04, 0x69, 0xe4, 0x69, 0xc4, 0x69, 0xc4, 0x69, 0xc4, 0x59, 0x83,
  0x69, 0xa3, 0x72, 0x46, 0x8a, 0x45, 0x8a, 0x65, 0x9a, 0xc5, 0x9a, 0xc6,
  0x92, 0x85, 0x8a, 0x44, 0x8a, 0x04, 0x82, 0x04, 0x79, 0xa4, 0x81, 0xe5,
  0x92, 0x05, 0x81, 0xc4, 0x92, 0x05, 0x81, 0xc4, 0x79, 0xa3, 0x79, 0xc4,
  0x81, 0xc4, 0x8a, 0x46, 0x8a, 0x24, 0x8a, 0x45, 0x8a, 0x65, 0x92, 0xa6,
  0x92, 0xa5, 0x92, 0xe6, 0x92, 0xe6, 0x8a, 0xe6, 0x7a, 0x64, 0x72, 0x23,
  0x7a, 0x85, 0x83, 0x07, 0x8b, 0x27, 0x7b, 0x06, 0x7a, 0xa5, 0x72, 0xa6,
  0x93, 0x27, 0xa3, 0xeb, 0xa3, 0xa8, 0xa3, 0xea, 0xab, 0xe9, 0x8b, 0x06,
  0x92, 0xa5, 0x93, 0x07, 0x92, 0xc6, 0x9b, 0x28, 0x9b, 0x27, 0x9b, 0x27,
  0x9b, 0x47, 0x9b, 0x88, 0x9b, 0x27, 0x9b, 0x88, 0xab, 0xc8, 0xb4, 0x4a,
  0xbc, 0x8a, 0xbc, 0xcb, 0xcd, 0x6d, 0xde, 0x10, 0xe6, 0x31, 0xe6, 0x52,
  0xe6, 0x72, 0xe6, 0x73, 0xe6, 0x52, 0xe6, 0x73, 0xee, 0x93, 0xee, 0x94,
  0xee, 0x94, 0xe6, 0x94, 0xe6, 0x73, 0xe6, 0x93, 0xe6, 0x73, 0xe6, 0x73,
  0xde, 0x31, 0xde, 0x52, 0xe6, 0x52, 0xde, 0x52, 0xde, 0x31, 0xde, 0x52,
  0xe6, 0x52, 0xde, 0x52, 0xde, 0x11, 0xde, 0x32, 0xe6, 0x32, 0xde, 0x32,
  0xe6, 0x31, 0xde, 0x11, 0xde, 0x31, 0xde, 0x31, 0xe6, 0x32, 0xe6, 0x73,
  0xde, 0x32, 0xde, 0x32, 0xe6, 0x52, 0xde, 0x73, 0xe6, 0x73, 0xde, 0x53,
  0xde, 0x53, 0xde, 0x73, 0xde, 0x73, 0xde, 0x74, 0xe6, 0x74, 0xde, 0x94,
  0xde, 0x53, 0xde, 0x94, 0xe6, 0x94, 0xde, 0x54, 0xde, 0x53, 0xde, 0x53,
  0xde, 0x33, 0xde, 0x33, 0xde, 0x54, 0xde, 0x54, 0xd6, 0x12, 0xd6, 0x13,
  0xde, 0x32, 0xde, 0x53, 0xde, 0x12, 0xd6, 0x13, 0xd5, 0xf1, 0xcd, 0xd1,
  0xd5, 0xd1, 0xd5, 0xf1, 0xdd, 0xf1, 0xd5, 0xd1, 0xd5, 0xf1, 0xcd, 0xd1,
  0xd5, 0xd0, 0xcd, 0xd1, 0xd5, 0xd1, 0xcd, 0xb1, 0xcd, 0x90, 0xc5, 0x90,
  0xc5, 0x4e, 0xcd, 0x90, 0xcd, 0x90, 0xcd, 0xb0, 0xd5, 0xb0, 0xcd, 0x91,
  0xcd, 0xaf, 0xd5, 0xaf, 0xd5, 0xd0, 0xd5, 0xaf, 0xcd, 0xd0, 0xd5, 0xf0,
  0xd6, 0x11, 0xde, 0x11, 0xd5, 0xf0, 0xd5, 0xcf, 0xd5, 0xef, 0xdd, 0xef,
  0xd5, 0xd0, 0xdd, 0xcf, 0xd5, 0xf0, 0xdd, 0xf0, 0xd5, 0xf0, 0xdd, 0xf0,
  0xd5, 0xf1, 0xc5, 0x4e, 0xc5, 0xb0, 0xde, 0x32, 0xde, 0x52, 0xde, 0x11,
  0xde, 0x11, 0xdd, 0xf0, 0xd6, 0x32, 0xde, 0x32, 0xd6, 0x11, 0xdd, 0xf1,
  0xd5, 0xf1, 0xdd, 0xf1, 0xde, 0x32, 0xe6, 0x52, 0xd6, 0x32, 0xde, 0x11,
  0xd6, 0x12, 0xe6, 0x32, 0xde, 0x32, 0xde, 0x32, 0xde, 0x53, 0xe6, 0x53,
  0xde, 0x53, 0xe6, 0x53, 0xde, 0x94, 0xde, 0x52, 0xde, 0x53, 0xde, 0x53,
  0xc5, 0xaf, 0xac, 0x8b, 0xac, 0x8b, 0xa4, 0x09, 0x8b, 0x67, 0x8b, 0x47,
  0x83, 0x27, 0x8b, 0x47, 0x8b, 0x89, 0x93, 0x88, 0x93, 0xea, 0xa4, 0x4b,
  0x83, 0x48, 0x62, 0x03, 0x72, 0x86, 0x8b, 0x28, 0x93, 0x89, 0x83, 0x06,
  0x83, 0x27, 0x8b, 0x47, 0x83, 0x48, 0x83, 0x27, 0x83, 0x27, 0x8b, 0x27,
  0x83, 0x27, 0x82, 0xc5, 0x72, 0x85, 0x72, 0x65, 0x72, 0x45, 0x72, 0x04,
  0x6a, 0x04, 0x72, 0x25, 0x72, 0x26, 0x69, 0xc4, 0x69, 0xe5, 0x69, 0xc4,
  0x61, 0xc4, 0x69, 0xc4, 0x6a, 0x05, 0x72, 0x45, 0x72, 0x25, 0x72, 0x04,
  0x72, 0x25, 0x7a, 0x45, 0x6a, 0x25, 0x61, 0xc3, 0x61, 0xe5, 0x61, 0xc4,
  0x69, 0xc5, 0x61, 0xa4, 0x61, 0xa4, 0x61, 0x84, 0x61, 0xc5, 0x61, 0x64,
  0x61, 0xa4, 0x7a, 0x26, 0x82, 0x25, 0x8a, 0x25, 0x92, 0x85, 0x92, 0x65,
  0x8a, 0x45, 0x8a, 0x04, 0x82, 0x05, 0x81, 0xc4, 0x69, 0x84, 0x71, 0xa4,
  0x79, 0xc5, 0x71, 0x83, 0x69, 0x84, 0x69, 0x63, 0x69, 0xa4, 0x79, 0xc5,
  0x79, 0xa4, 0x81, 0xa4, 0x82, 0x05, 0x8a, 0x05, 0x82, 0x25, 0x8a, 0x45,
  0x8a, 0x85, 0x92, 0x85, 0x8a, 0xa7, 0x8a, 0x66, 0x69, 0xe4, 0x69, 0xe4,
  0x72, 0xa7, 0x72, 0x86, 0x7a, 0xc7, 0x83, 0x07, 0x6a, 0x65, 0x6a, 0x45,
  0x8b, 0x29, 0x93, 0x49, 0x8a, 0xe7, 0x92, 0xe7, 0x82, 0x86, 0x8a, 0x85,
  0x82, 0x86, 0x92, 0xa6, 0x8a, 0xa6, 0x9a, 0xe6, 0x92, 0xe6, 0x9a, 0xc6,
  0x92, 0xe7, 0xa3, 0x27, 0x9b, 0x46, 0xa3, 0x46, 0xa3, 0xc8, 0xab, 0xc8,
  0xab, 0xe8, 0xbc, 0x29, 0xbc, 0xcb, 0xcd, 0x2c, 0xd5, 0xcf, 0xe6, 0x30,
  0xde, 0x52, 0xe6, 0x72, 0xe6, 0x73, 0xe6, 0x53, 0xe6, 0x93, 0xe6, 0x52,
  0xde, 0x73, 0xe6, 0x73, 0xde, 0x74, 0xde, 0x73, 0xde, 0x73, 0xe6, 0x72,
  0xde, 0x33, 0xe6, 0x32, 0xde, 0x53, 0xde, 0x12, 0xde, 0x53, 0xde, 0x32,
  0xde, 0x33, 0xde, 0x12, 0xde, 0x33, 0xe6, 0x53, 0xde, 0x33, 0xde, 0x12,
  0xde, 0x32, 0xde, 0x11, 0xde, 0x32, 0xde, 0x11, 0xde, 0x53, 0xde, 0x32,
  0xde, 0x33, 0xde, 0x12, 0xde, 0x32, 0xe6, 0x52, 0xde, 0x53, 0xe6, 0x73,
  0xde, 0x74, 0xe6, 0x53, 0xde, 0x74, 0xde, 0x53, 0xde, 0x74, 0xde, 0x53,
  0xde, 0x54, 0xe6, 0x74, 0xde, 0x54, 0xde, 0x33, 0xd6, 0x33, 0xde, 0x33,
  0xde, 0x54, 0xde, 0x33, 0xde, 0x54, 0xde, 0x13, 0xd6, 0x13, 0xd5, 0xf2,
  0xd6, 0x13, 0xd5, 0xf2, 0xd5, 0xf2, 0xdd, 0xf2, 0xcd, 0xd1, 0xd5, 0xd1,
  0xcd, 0xd1, 0xd5, 0xf1, 0xd6, 0x12, 0xd5, 0xd1, 0xcd, 0xf2, 0xd5, 0xf2,
  0xd5, 0xf2, 0xd5, 0xb1, 0xcd, 0xb1, 0xcd, 0x90, 0xcd, 0xb1, 0xcd, 0x90,
  0xc5, 0x4f, 0xd5, 0x90, 0xcd, 0xd1, 0xcd, 0x90, 0xc5, 0xb0, 0xcd, 0xb0,
  0xd5, 0x8e, 0xd5, 0xf0, 0xdd, 0xf0, 0xd5, 0xf0, 0xdd, 0xef, 0xd6, 0x10,
  0xdd, 0xcf, 0xde, 0x10, 0xdd, 0xef, 0xdd, 0xf0, 0xdd, 0xef, 0xd5, 0xef,
  0xdd, 0xef, 0xd5, 0xef, 0xdd, 0xef, 0xd5, 0xf0, 0xdd, 0xd0, 0xde, 0x11,
  0xdd, 0xf1, 0xde, 0x33, 0xe6, 0x53, 0xde, 0x33, 0xde, 0x11, 0xd6, 0x11,
  0xde, 0x11, 0xde, 0x32, 0xde, 0x32, 0xde, 0x53, 0xe6, 0x52, 0xd6, 0x11,
  0xdd, 0xf0, 0xde, 0x31, 0xe6, 0x31, 0xe6, 0x52, 0xe6, 0x52, 0xde, 0x52,
  0xe6, 0x32, 0xde, 0x52, 0xde, 0x32, 0xde, 0x53, 0xde, 0x32, 0xde, 0x53,
  0xe6, 0x52, 0xde, 0x73, 0xe6, 0x32, 0xde, 0x52, 0xde, 0x32, 0xde, 0x32,
  0xc5, 0x4e, 0xac, 0xcc, 0xac, 0x29, 0x8b, 0x66, 0x8b, 0x47, 0x83, 0x26,
  0x8b, 0x27, 0x8b, 0x68, 0x8b, 0x67, 0x83, 0x68, 0x93, 0x88, 0x8b, 0x89,
  0x6a, 0x24, 0x62, 0x24, 0x72, 0x65, 0x8b, 0x28, 0x93, 0x88, 0x83, 0x26,
  0x7a, 0xc5, 0x8b, 0x68, 0x8b, 0x47, 0x83, 0x47, 0x7a, 0xc5, 0x72, 0xa5,
  0x82, 0xc5, 0x7a, 0xc6, 0x7a, 0x45, 0x6a, 0x25, 0x69, 0xc4, 0x61, 0xc4,
  0x61, 0xa3, 0x59, 0x83, 0x61, 0x84, 0x61, 0xc5, 0x69, 0xa4, 0x71, 0xe5,
  0x69, 0xa4, 0x61, 0xa4, 0x61, 0xa3, 0x69, 0xe4, 0x69, 0xe4, 0x69, 0xe4,
  0x69, 0xc3, 0x6a, 0x05, 0x69, 0xe4, 0x61, 0xc4, 0x61, 0xa4, 0x59, 0xa4,
  0x61, 0x83, 0x61, 0xa4, 0x61, 0x83, 0x61, 0x84, 0x69, 0x84, 0x61, 0x84,
  0x71, 0xa4, 0x7a, 0x06, 0x8a, 0x04, 0x8a, 0x45, 0x8a, 0x24, 0x82, 0x24,
  0x8a, 0x24, 0x82, 0x24, 0x8a, 0x25, 0x79, 0xe4, 0x69, 0x63, 0x69, 0xa4,
  0x69, 0xa3, 0x61, 0xa3, 0x59, 0x62, 0x59, 0x83, 0x71, 0x83, 0x71, 0xc5,
  0x79, 0x83, 0x79, 0xc4, 0x81, 0xe4, 0x81, 0xe4, 0x81, 0xe4, 0x82, 0x05,
  0x92, 0x45, 0x8a, 0x24, 0x89, 0xe4, 0x79, 0xc4, 0x61, 0xa3, 0x72, 0x26,
  0x7a, 0xc7, 0x72, 0xa7, 0x82, 0xc6, 0x82, 0xe7, 0x7a, 0x86, 0x62, 0x04,
  0x61, 0xe4, 0x59, 0xe4, 0x69, 0xe4, 0x72, 0x05, 0x7a, 0x04, 0x7a, 0x46,
  0x82, 0x45, 0x82, 0x86, 0x92, 0x85, 0x9a, 0xc7, 0x92, 0x85, 0x92, 0x85,
  0x9a, 0xa5, 0x9b, 0x07, 0xab, 0x67, 0xa3, 0x67, 0xab, 0x67, 0xa3, 0x46,
  0xab, 0x66, 0xb3, 0xc8, 0xbc, 0x8a, 0xbc, 0xec, 0xbc, 0xcb, 0xcd, 0x8e,
  0xe6, 0x30, 0xe6, 0x71, 0xee, 0x72, 0xe6, 0x72, 0xe6, 0x52, 0xe6, 0x93,
  0xde, 0x32, 0xe6, 0x93, 0xe6, 0x73, 0xde, 0x52, 0xe6, 0x52, 0xde, 0x52,
  0xe6, 0x52, 0xe6, 0x73, 0xe6, 0x52, 0xde, 0x52, 0xe6, 0x52, 0xe6, 0x73,
  0xe6, 0x53, 0xde, 0x12, 0xe6, 0x32, 0xde, 0x32, 0xde, 0x11, 0xde, 0x11,
  0xe6, 0x31, 0xd6, 0x11, 0xde, 0x31, 0xde, 0x52, 0xe6, 0x32, 0xd6, 0x12,
  0xe6, 0x32, 0xde, 0x33, 0xde, 0x32, 0xde, 0x53, 0xe6, 0x52, 0xde, 0x53,
  0xde, 0x32, 0xe6, 0x73, 0xde, 0x32, 0xde, 0x33, 0xe6, 0x73, 0xde, 0x53,
  0xe6, 0x53, 0xde, 0x74, 0xde, 0x13, 0xde, 0x53, 0xde, 0x33, 0xd6, 0x33,
  0xde, 0x13, 0xd6, 0x34, 0xde, 0x33, 0xde, 0x74, 0xde, 0x33, 0xd6, 0x33,
  0xdd, 0xf1, 0xd6, 0x12, 0xd5, 0xd1, 0xcd, 0xd1, 0xcd, 0xaf, 0xcd, 0xd0,
  0xd5, 0xf1, 0xd5, 0xf1, 0xd5, 0xb0, 0xd5, 0xf1, 0xd5, 0xd1, 0xcd, 0xd1,
  0xd5, 0xd1, 0xcd, 0xd1, 0xd5, 0xb0, 0xcd, 0xd1, 0xcd, 0xb0, 0xcd, 0xd1,
  0xcd, 0x90, 0xcd, 0xb1, 0xcd, 0x8f, 0xc5, 0x90, 0xcd, 0x90, 0xc5, 0xb0,
  0xd5, 0xd0, 0xdd, 0xd0, 0xd5, 0xf1, 0xd5, 0xd0, 0xd5, 0xf0, 0xdd, 0xf0,
  0xd5, 0xf0, 0xd5, 0xcf, 0xde, 0x11, 0xe6, 0x11, 0xd5, 0xef, 0xd5, 0xae,
  0xd5, 0xf0, 0xdd, 0xef, 0xd5, 0xf1, 0xd5, 0xd0, 0xd5, 0xf1, 0xde, 0x11,
  0xde, 0x32, 0xe6, 0x31, 0xd6, 0x12, 0xde, 0x32, 0xde, 0x32, 0xd5, 0xf1,
  0xd5, 0xf1, 0xde, 0x11, 0xde, 0x52, 0xe6, 0x32, 0xde, 0x32, 0xde, 0x11,
  0xd5, 0xf0, 0xde, 0x10, 0xd6, 0x32, 0xe6, 0x32, 0xde, 0x53, 0xe6, 0x53,
  0xde, 0x53, 0xde, 0x32, 0xde, 0x53, 0xde, 0x33, 0xde, 0x53, 0xe6, 0x53,
  0xde, 0x74, 0xe6, 0x53, 0xde, 0x53, 0xde, 0x32, 0xd5, 0xf1, 0xd5, 0xb0,
  0xc5, 0x6f, 0xb4, 0xac, 0x9b, 0xe9, 0x8b, 0x47, 0x83, 0x27, 0x7a, 0xc6,
  0x83, 0x48, 0x8b, 0x68, 0x83, 0x68, 0x83, 0x67, 0x8b, 0x69, 0x6a, 0x65,
  0x59, 0xc4, 0x59, 0xe4, 0x6a, 0x45, 0x82, 0xc7, 0x8b, 0x48, 0x8b, 0x47,
  0x7a, 0xe6, 0x83, 0x27, 0x83, 0x48, 0x7a, 0xe6, 0x72, 0x85, 0x72, 0x64,
  0x6a, 0x45, 0x72, 0x45, 0x6a, 0x26, 0x61, 0xc4, 0x59, 0xa4, 0x61, 0xa4,
  0x59, 0xc5, 0x59, 0x63, 0x59, 0x84, 0x61, 0xa4, 0x69, 0xa4, 0x71, 0xc5,
  0x69, 0xe5, 0x59, 0x43, 0x59, 0x84, 0x61, 0x84, 0x61, 0xa4, 0x61, 0xa4,
  0x61, 0xa4, 0x69, 0xe4, 0x61, 0xc4, 0x61, 0x83, 0x59, 0xa5, 0x59, 0x84,
  0x61, 0xa5, 0x61, 0xa4, 0x59, 0x84, 0x61, 0x63, 0x61, 0x84, 0x69, 0x64,
  0x69, 0x84, 0x71, 0xa4, 0x7a, 0x05, 0x82, 0x05, 0x79, 0xc4, 0x81, 0xe4,
  0x82, 0x25, 0x8a, 0x25, 0x82, 0x26, 0x79, 0xc4, 0x61, 0x84, 0x69, 0xc4,
  0x61, 0x84, 0x61, 0x63, 0x61, 0x84, 0x61, 0x84, 0x69, 0x64, 0x71, 0x84,
  0x71, 0x84, 0x79, 0xa4, 0x79, 0xc4, 0x79, 0xc4, 0x79, 0xc4, 0x81, 0xc4,
  0x89, 0xe5, 0x89, 0xc4, 0x79, 0x84, 0x79, 0x63, 0x69, 0xe5, 0x82, 0x87,
  0x7a, 0xe7, 0x83, 0x07, 0x7a, 0xa6, 0x72, 0x24, 0x62, 0x26, 0x59, 0xc4,
  0x59, 0xc5, 0x59, 0xa4, 0x61, 0xc5, 0x69, 0xc5, 0x72, 0x06, 0x71, 0xe5,
  0x7a, 0x25, 0x7a, 0x05, 0x92, 0x86, 0x9a, 0xa6, 0x8a, 0x66, 0x92, 0x65,
  0x8a, 0x86, 0xa3, 0x07, 0x9b, 0x27, 0xa3, 0x06, 0xa3, 0x27, 0x9a, 0xc5,
  0x9b, 0x26, 0xb3, 0x88, 0xa4, 0x09, 0xc4, 0xed, 0xc5, 0x4e, 0xc5, 0x2d,
  0xd5, 0xf0, 0xe6, 0x30, 0xde, 0x52, 0xee, 0x72, 0xde, 0x52, 0xe6, 0x52,
  0xde, 0x52, 0xde, 0x32, 0xde, 0x52, 0xe6, 0x52, 0xde, 0x52, 0xde, 0x11,
  0xe6, 0x53, 0xe6, 0x32, 0xde, 0x32, 0xde, 0x31, 0xde, 0x31, 0xe6, 0x31,
  0xde, 0x32, 0xe6, 0x32, 0xd6, 0x11, 0xdd, 0xf0, 0xde, 0x52, 0xe6, 0x51,
  0xde, 0x32, 0xde, 0x11, 0xde, 0x32, 0xde, 0x32, 0xde, 0x32, 0xde, 0x32,
  0xde, 0x53, 0xde, 0x33, 0xde, 0x53, 0xde, 0x12, 0xd6, 0x12, 0xde, 0x32,
  0xde, 0x33, 0xde, 0x32, 0xd6, 0x12, 0xdd, 0xf2, 0xde, 0x33, 0xde, 0x12,
  0xde, 0x53, 0xe6, 0x73, 0xde, 0x54, 0xde, 0x53, 0xde, 0x54, 0xde, 0x34,
  0xd6, 0x34, 0xde, 0x34, 0xd6, 0x54, 0xde, 0x54, 0xcd, 0xf2, 0xd5, 0xf2,
  0xd6, 0x12, 0xd5, 0xd1, 0xcd, 0xf1, 0xd5, 0xd0, 0xcd, 0xb0, 0xcd, 0x6f,
  0xcd, 0xd0, 0xd5, 0xf0, 0xcd, 0xb1, 0xd5, 0xf1, 0xcd, 0xb1, 0xcd, 0xb0,
  0xcd, 0xd1, 0xd5, 0xb0, 0xcd, 0xd1, 0xd5, 0xf1, 0xcd, 0xd1, 0xd5, 0xf1,
  0xd5, 0xf2, 0xd5, 0xb1, 0xcd, 0xd1, 0xcd, 0xb0, 0xcd, 0xb1, 0xcd, 0x90,
  0xdd, 0xcf, 0xd5, 0xd0, 0xdd, 0xd0, 0xd5, 0xf0, 0xdd, 0xf0, 0xd5, 0xf0,
  0xd5, 0xd0, 0xd5, 0xf1, 0xdd, 0xf0, 0xde, 0x11, 0xdd, 0xef, 0xd5, 0xef,
  0xdd, 0xf0, 0xde, 0x11, 0xd5, 0xcf, 0xd5, 0xf0, 0xd5, 0xf0, 0xde, 0x31,
  0xdd, 0xcf, 0xd5, 0xf0, 0xde, 0x10, 0xd6, 0x11, 0xdd, 0xf0, 0xd6, 0x11,
  0xde, 0x11, 0xe6, 0x52, 0xde, 0x31, 0xde, 0x52, 0xe6, 0x31, 0xd6, 0x11,
  0xde, 0x10, 0xde, 0x31, 0xde, 0x31, 0xde, 0x52, 0xe6, 0x53, 0xde, 0x53,
  0xe6, 0x53, 0xe6, 0x74, 0xe6, 0x53, 0xe6, 0x74, 0xe6, 0x73, 0xe6, 0x73,
  0xe6, 0x52, 0xe6, 0x73, 0xde, 0x11, 0xde, 0x32, 0xcd, 0x8f, 0xcd, 0xaf,
  0xc5, 0x2d, 0xa4, 0x6a, 0x93, 0x87, 0x83, 0x46, 0x7a, 0xa5, 0x7b, 0x06,
  0x8b, 0x47, 0x8b, 0x88, 0x8b, 0x67, 0x83, 0x88, 0x8b, 0x68, 0x62, 0x24,
  0x59, 0xc4, 0x59, 0xe5, 0x6a, 0x04, 0x6a, 0x66, 0x7a, 0x85, 0x83, 0x07,
  0x82, 0xc6, 0x7a, 0xa6, 0x82, 0xe6, 0x7a, 0xc6, 0x7a, 0x85, 0x6a, 0x65,
  0x72, 0x65, 0x72, 0x65, 0x6a, 0x04, 0x62, 0x04, 0x61, 0xc4, 0x61, 0xc4,
  0x59, 0xa3, 0x51, 0x83, 0x59, 0x63, 0x61, 0xc5, 0x69, 0xc4, 0x61, 0xa4,
  0x61, 0xc5, 0x51, 0x63, 0x51, 0x43, 0x51, 0x84, 0x61, 0x84, 0x61, 0xc4,
  0x71, 0xe4, 0x72, 0x25, 0x69, 0xc4, 0x61, 0xa4, 0x61, 0xa4, 0x59, 0xa4,
  0x69, 0xa4, 0x61, 0xc4, 0x69, 0x83, 0x69, 0xc4, 0x71, 0x84, 0x71, 0xa4,
  0x71, 0x83, 0x71, 0xa4, 0x79, 0xc4, 0x79, 0xe5, 0x79, 0xa3, 0x79, 0xe4,
  0x8a, 0x45, 0x8a, 0x45, 0x82, 0x05, 0x69, 0xa3, 0x69, 0x83, 0x71, 0xe5,
  0x69, 0x83, 0x69, 0x84, 0x71, 0xa4, 0x69, 0xa4, 0x71, 0x84, 0x71, 0xa5,
  0x79, 0x84, 0x79, 0xa5, 0x79, 0x83, 0x79, 0xc4, 0x81, 0xa3, 0x79, 0xc4,
  0x81, 0xa4, 0x81, 0xa4, 0x81, 0xa4, 0x79, 0xa4, 0x69, 0xc3, 0x72, 0x45,
  0x72, 0x64, 0x7a, 0xe7, 0x7a, 0x85, 0x72, 0x65, 0x59, 0xa3, 0x59, 0xc4,
  0x61, 0xa4, 0x59, 0xa4, 0x69, 0xa4, 0x69, 0xe5, 0x69, 0xa4, 0x69, 0xc5,
  0x71, 0xe4, 0x72, 0x25, 0x92, 0x86, 0x82, 0x65, 0x92, 0x85, 0x8a, 0x86,
  0x8a, 0xa5, 0x92, 0xe7, 0x9a, 0xe6, 0x9b, 0x07, 0xa3, 0x06, 0x9a, 0xe6,
  0xa3, 0x06, 0xbc, 0x0a, 0xa3, 0xc8, 0xb4, 0x8c, 0xc5, 0x2e, 0xcd, 0x6f,
  0xcd, 0x8e, 0xd5, 0xcf, 0xe6, 0x10, 0xe6, 0x51, 0xe6, 0x52, 0xd6, 0x31,
  0xe6, 0x52, 0xde, 0x52, 0xe6, 0x31, 0xde, 0x31, 0xe6, 0x31, 0xde, 0x31,
  0xe6, 0x10, 0xde, 0x31, 0xe6, 0x31, 0xde, 0x31, 0xde, 0x10, 0xde, 0x31,
  0xde, 0x10, 0xd6, 0x11, 0xe6, 0x31, 0xde, 0x51, 0xde, 0x31, 0xde, 0x11,
  0xde, 0x11, 0xde, 0x11, 0xde, 0x11, 0xde, 0x31, 0xde, 0x31, 0xde, 0x52,
  0xe6, 0x32, 0xde, 0x53, 0xde, 0x12, 0xde, 0x53, 0xde, 0x32, 0xde, 0x32,
  0xe6, 0x32, 0xde, 0x32, 0xde, 0x12, 0xde, 0x12, 0xde, 0x12, 0xde, 0x32,
  0xe6, 0x52, 0xde, 0x53, 0xde, 0x12, 0xde, 0x53, 0xde, 0x53, 0xde, 0x53,
  0xde, 0x53, 0xde, 0x74, 0xde, 0x33, 0xd6, 0x33, 0xde, 0x12, 0xd6, 0x12,
  0xd5, 0xf1, 0xd6, 0x11, 0xdd, 0xf1, 0xcd, 0xd0, 0xcd, 0xaf, 0xcd, 0xaf,
  0xcd, 0xaf, 0xcd, 0xd0, 0xd5, 0xaf, 0xcd, 0xd0, 0xd5, 0xb0, 0xc5, 0x8f,
  0xd5, 0xb0, 0xcd, 0xb0, 0xd5, 0xb0, 0xd5, 0xd1, 0xd5, 0xd1, 0xd5, 0xf2,
  0xde, 0x12, 0xd5, 0xf2, 0xd5, 0xd1, 0xcd, 0xd1, 0xd5, 0xb0, 0xcd, 0xd1,
  0xcd, 0xaf, 0xd5, 0xd0, 0xd5, 0xf1, 0xdd, 0xf1, 0xd5, 0xf1, 0xdd, 0xd1,
  0xd6, 0x12, 0xde, 0x11, 0xde, 0x53, 0xde, 0x12, 0xd5, 0xf0, 0xd5, 0xf0,
  0xde, 0x11, 0xde, 0x11, 0xd5, 0xf1, 0xd5, 0xf0, 0xd5, 0xf1, 0xde, 0x11,
  0xd5, 0xf1, 0xd5, 0xd0, 0xd6, 0x11, 0xdd, 0xf1, 0xd6, 0x12, 0xd5, 0xd1,
  0xd5, 0xf1, 0xde, 0x11, 0xd6, 0x31, 0xde, 0x11, 0xd6, 0x10, 0xd5, 0xef,
  0xde, 0x31, 0xe6, 0x51, 0xde, 0x52, 0xde, 0x32, 0xde, 0x74, 0xe6, 0x73,
  0xde, 0x74, 0xe6, 0x74, 0xe6, 0x74, 0xe6, 0x33, 0xde, 0x53, 0xe6, 0x53,
  0xde, 0x53, 0xde, 0x33, 0xde, 0x53, 0xde, 0x32, 0xcd, 0xaf, 0xbd, 0x0d,
  0xa4, 0x29, 0x9b, 0xc7, 0x93, 0xa8, 0x82, 0xe5, 0x6a, 0x85, 0x83, 0x07,
  0x83, 0x48, 0x8b, 0x69, 0x83, 0x88, 0x83, 0x47, 0x7b, 0x49, 0x62, 0x24,
  0x49, 0xa5, 0x51, 0xc5, 0x59, 0xe4, 0x59, 0xe4, 0x59, 0xe4, 0x6a, 0x25,
  0x72, 0x66, 0x72, 0x24, 0x6a, 0x45, 0x72, 0x65, 0x72, 0x45, 0x72, 0x45,
  0x72, 0x66, 0x7a, 0x65, 0x62, 0x05, 0x61, 0xe4, 0x62, 0x06, 0x61, 0xa5,
  0x51, 0x64, 0x51, 0x43, 0x59, 0x64, 0x61, 0x64, 0x69, 0xe5, 0x59, 0x63,
  0x51, 0x84, 0x51, 0x43, 0x49, 0x64, 0x59, 0x64, 0x61, 0xc5, 0x69, 0xa4,
  0x72, 0x05, 0x72, 0x04, 0x69, 0xc4, 0x61, 0x83, 0x61, 0x84, 0x61, 0x63,
  0x61, 0x84, 0x69, 0xa4, 0x69, 0xc5, 0x71, 0xc5, 0x71, 0xa4, 0x71, 0xa4,
  0x71, 0xa4, 0x71, 0xa4, 0x71, 0xa4, 0x71, 0xa4, 0x71, 0xc4, 0x82, 0x05,
  0x8a, 0x66, 0x8a, 0x25, 0x69, 0xa4, 0x69, 0x43, 0x71, 0xc5, 0x79, 0xe5,
  0x69, 0x84, 0x71, 0xa4, 0x69, 0xc5, 0x69, 0x84, 0x71, 0x84, 0x79, 0xa5,
  0x71, 0xa5, 0x79, 0x84, 0x79, 0xa5, 0x79, 0x84, 0x79, 0xa4, 0x79, 0xa4,
  0x71, 0x84, 0x79, 0x84, 0x79, 0xc5, 0x79, 0xa4, 0x61, 0xa4, 0x69, 0xc4,
  0x62, 0x25, 0x72, 0x66, 0x7a, 0xa7, 0x72, 0x45, 0x51, 0xa4, 0x59, 0x84,
  0x59, 0x84, 0x61, 0xa4, 0x61, 0xa4, 0x69, 0xa4, 0x59, 0x84, 0x61, 0x84,
  0x61, 0xa4, 0x69, 0xe5, 0x7a, 0x25, 0x7a, 0x04, 0x82, 0x66, 0x8a, 0x86,
  0x82, 0xa6, 0x82, 0x65, 0x8a, 0xc6, 0x92, 0xe6, 0x9b, 0x07, 0xa3, 0x27,
  0x93, 0x06, 0xab, 0xa8, 0xb4, 0x8c, 0xb4, 0x6c, 0xbd, 0x0e, 0xcd, 0x6f,
  0xbd, 0x2e, 0xb4, 0xcc, 0xd5, 0xd0, 0xe6, 0x11, 0xde, 0x32, 0xde, 0x32,
  0xde, 0x52, 0xe6, 0x52, 0xde, 0x31, 0xde, 0x10, 0xde, 0x10, 0xde, 0x10,
  0xde, 0x11, 0xe6, 0x11, 0xde, 0x32, 0xde, 0x11, 0xde, 0x32, 0xde, 0x11,
  0xde, 0x32, 0xde, 0x11, 0xde, 0x52, 0xe6, 0x32, 0xde, 0x32, 0xdd, 0xf1,
  0xd6, 0x11, 0xde, 0x11, 0xde, 0x11, 0xdd, 0xf1, 0xde, 0x32, 0xde, 0x32,
  0xd6, 0x32, 0xde, 0x32, 0xd6, 0x32, 0xde, 0x32, 0xde, 0x33, 0xde, 0x32,
  0xde, 0x53, 0xd5, 0xf2, 0xde, 0x32, 0xdd, 0xf1, 0xd6, 0x12, 0xde, 0x32,
  0xd6, 0x33, 0xde, 0x32, 0xd6, 0x33, 0xd6, 0x12, 0xde, 0x73, 0xe6, 0x73,
  0xd6, 0x33, 0xde, 0x12, 0xde, 0x32, 0xde, 0x12, 0xd6, 0x12, 0xde, 0x12,
  0xd6, 0x12, 0xcd, 0xd1, 0xd5, 0xf2, 0xdd, 0xf1, 0xcd, 0xd0, 0xcd, 0xb0,
  0xcd, 0xb0, 0xcd, 0x8f, 0xcd, 0xb0, 0xcd, 0x8f, 0xc5, 0x8f, 0xcd, 0x8f,
  0xcd, 0xd1, 0xd5, 0xb0, 0xcd, 0xd2, 0xd5, 0xb1, 0xcd, 0xd1, 0xd5, 0xb1,
  0xcd, 0xd2, 0xcd, 0xb1, 0xcd, 0xd2, 0xcd, 0xb1, 0xcd, 0xd1, 0xcd, 0x90,
  0xd5, 0xcf, 0xd5, 0xf0, 0xde, 0x10, 0xd6, 0x11, 0xd5, 0xcf, 0xd5, 0xf0,
  0xd5, 0xf0, 0xd6, 0x10, 0xe6, 0x31, 0xd6, 0x10, 0xde, 0x10, 0xde, 0x10,
  0xdd, 0xf0, 0xde, 0x32, 0xe6, 0x32, 0xd6, 0x11, 0xdd, 0xf0, 0xd6, 0x11,
  0xde, 0x10, 0xd6, 0x10, 0xde, 0x31, 0xd6, 0x11, 0xdd, 0xd0, 0xd5, 0xd0,
  0xdd, 0xf0, 0xde, 0x10, 0xde, 0x10, 0xde, 0x30, 0xdd, 0xf0, 0xde, 0x10,
  0xe6, 0x31, 0xe6, 0x52, 0xde, 0x31, 0xe6, 0x72, 0xee, 0x73, 0xe6, 0x73,
  0xde, 0x33, 0xde, 0x74, 0xe6, 0x73, 0xe6, 0x94, 0xe6, 0x52, 0xde, 0x53,
  0xde, 0x11, 0xde, 0x32, 0xde, 0x10, 0xd6, 0x10, 0xcd, 0x8e, 0xa4, 0x6a,
  0x9b, 0xa7, 0x9b, 0xe8, 0x9b, 0xa8, 0x83, 0x06, 0x6a, 0x44, 0x7a, 0xc6,
  0x83, 0x26, 0x8b, 0x68, 0x8b, 0x67, 0x83, 0x68, 0x83, 0x47, 0x6a, 0xa5,
  0x51, 0xa3, 0x49, 0xc4, 0x51, 0xa4, 0x51, 0xc4, 0x61, 0xe4, 0x62, 0x25,
  0x72, 0x24, 0x6a, 0x25, 0x72, 0x24, 0x72, 0x45, 0x7a, 0x24, 0x72, 0x45,
  0x72, 0x04, 0x61, 0xc4, 0x59, 0xa3, 0x51, 0x84, 0x61, 0xa4, 0x59, 0xc5,
  0x51, 0x63, 0x51, 0x64, 0x59, 0x63, 0x51, 0x64, 0x61, 0xa4, 0x59, 0x84,
  0x51, 0x63, 0x51, 0x64, 0x51, 0x63, 0x59, 0xa4, 0x71, 0xc4, 0x69, 0xa4,
  0x82, 0x04, 0x71, 0xc4, 0x71, 0xa3, 0x69, 0xa4, 0x69, 0xa3, 0x61, 0xa4,
  0x69, 0xa3, 0x69, 0xc4, 0x79, 0xc4, 0x79, 0xe4, 0x79, 0xa3, 0x79, 0xc4,
  0x79, 0xa4, 0x71, 0xa4, 0x71, 0x83, 0x71, 0xa4, 0x81, 0xe4, 0x82, 0x05,
  0x8a, 0x05, 0x79, 0xe5, 0x71, 0xa4, 0x71, 0xc4, 0x79, 0xc4, 0x69, 0x84,
  0x71, 0x83, 0x71, 0xa4, 0x71, 0x83, 0x79, 0xc4, 0x71, 0x84, 0x71, 0xa4,
  0x79, 0x84, 0x71, 0x84, 0x79, 0x83, 0x79, 0xa4, 0x81, 0xc4, 0x79, 0xa4,
  0x79, 0x63, 0x79, 0x84, 0x71, 0xa4, 0x71, 0xc5, 0x6a, 0x04, 0x6a, 0x25,
  0x7a, 0x65, 0x7a, 0xa6, 0x72, 0x04, 0x59, 0xa3, 0x61, 0x63, 0x61, 0xa4,
  0x69, 0x84, 0x61, 0xa5, 0x69, 0x84, 0x69, 0xa4, 0x61, 0x63, 0x61, 0xa4,
  0x69, 0xa4, 0x69, 0xe5, 0x71, 0xe4, 0x7a, 0x25, 0x8a, 0x86, 0x82, 0x66,
  0x82, 0x85, 0x8a, 0xc6, 0x92, 0xc6, 0x8a, 0xc6, 0x92, 0xa5, 0xa3, 0x27,
  0xab, 0x67, 0x92, 0xe6, 0xb4, 0x2a, 0xbc, 0x8b, 0xbc, 0xed, 0xc5, 0x2e,
  0xcd, 0x90, 0xb5, 0x0e, 0xcd, 0x6e, 0xde, 0x32, 0xde, 0x11, 0xde, 0x11,
  0xe6, 0x51, 0xde, 0x51, 0xde, 0x31, 0xd6, 0x11, 0xdd, 0xf0, 0xde, 0x11,
  0xe6, 0x30, 0xe6, 0x51, 0xe6, 0x31, 0xde, 0x31, 0xde, 0x31, 0xde, 0x31,
  0xde, 0x11, 0xde, 0x32, 0xde, 0x11, 0xde, 0x32, 0xe6, 0x32, 0xde, 0x52,
  0xde, 0x31, 0xde, 0x32, 0xe6, 0x11, 0xde, 0x11, 0xde, 0x31, 0xde, 0x52,
  0xde, 0x11, 0xde, 0x32, 0xde, 0x11, 0xde, 0x52, 0xe6, 0x32, 0xde, 0x53,
  0xde, 0x32, 0xde, 0x53, 0xde, 0x32, 0xde, 0x33, 0xde, 0x32, 0xde, 0x33,
  0xde, 0x11, 0xd6, 0x12, 0xde, 0x12, 0xd6, 0x12, 0xde, 0x32, 0xde, 0x33,
  0xd6, 0x12, 0xd6, 0x32, 0xd5, 0xf1, 0xd6, 0x11, 0xd5, 0xf1, 0xd6, 0x12,
  0xd5, 0xf1, 0xd5, 0xf1, 0xd5, 0xb0, 0xcd, 0xb0, 0xd5, 0xb0, 0xcd, 0xb0,
  0xcd, 0xb0, 0xc5, 0x90, 0xcd, 0x6f, 0xcd, 0x90, 0xcd, 0x6f, 0xcd, 0xb0,
  0xcd, 0x90, 0xcd, 0xb0, 0xd5, 0xf1, 0xd5, 0xf1, 0xd5, 0xf1, 0xd5, 0xf1,
  0xd5, 0xd1, 0xd6, 0x12, 0xd5, 0xd1, 0xcd, 0xf1, 0xcd, 0xd0, 0xcd, 0xd0,
  0xd5, 0xf1, 0xd5, 0xf0, 0xd6, 0x11, 0xd5, 0xf0, 0xd5, 0xf1, 0xd5, 0xb0,
  0xcd, 0xd0, 0xd5, 0xf0, 0xd6, 0x11, 0xd5, 0xf0, 0xde, 0x32, 0xdd, 0xf0,
  0xde, 0x11, 0xe6, 0x11, 0xde, 0x32, 0xde, 0x11, 0xd6, 0x11, 0xdd, 0xf1,
  0xd6, 0x11, 0xd5, 0xd0, 0xd6, 0x11, 0xdd, 0xf1, 0xde, 0x12, 0xde, 0x11,
  0xde, 0x52, 0xdd, 0xf0, 0xd6, 0x11, 0xde, 0x11, 0xde, 0x31, 0xe6, 0x31,
  0xde, 0x32, 0xe6, 0x52, 0xde, 0x32, 0xe6, 0x52, 0xe6, 0x74, 0xe6, 0x53,
  0xde, 0x74, 0xe6, 0x53, 0xde, 0x94, 0xe6, 0x74, 0xe6, 0x94, 0xe6, 0x73,
  0xd6, 0x12, 0xde, 0x12, 0xd6, 0x11, 0xd5, 0xf1, 0xbd, 0x0d, 0xa4, 0x4a,
  0xa4, 0x2a, 0x9b, 0xe9, 0x8b, 0x48, 0x7a, 0xa5, 0x62, 0x04, 0x72, 0x45,
  0x72, 0xc6, 0x7a, 0xc6, 0x83, 0x48, 0x8b, 0x68, 0x83, 0x68, 0x83, 0x07,
  0x5a, 0x05, 0x51, 0x83, 0x51, 0xa4, 0x59, 0xc4, 0x59, 0xe5, 0x61, 0xe5,
  0x6a, 0x45, 0x72, 0x45, 0x6a, 0x04, 0x72, 0x04, 0x6a, 0x04, 0x72, 0x04,
  0x69, 0xe5, 0x61, 0x83, 0x51, 0x64, 0x51, 0x43, 0x49, 0x44, 0x51, 0x44,
  0x49, 0x64, 0x51, 0x44, 0x51, 0x64, 0x51, 0x64, 0x51, 0x64, 0x51, 0x43,
  0x49, 0x64, 0x51, 0x44, 0x49, 0x64, 0x59, 0x84, 0x61, 0x84, 0x69, 0x84,
  0x69, 0xa4, 0x71, 0xa4, 0x69, 0xc4, 0x79, 0xe4, 0x69, 0xc5, 0x69, 0x83,
  0x69, 0x84, 0x79, 0xe5, 0x79, 0xe5, 0x79, 0xc4, 0x71, 0xa4, 0x79, 0x83,
  0x71, 0xa4, 0x79, 0xa4, 0x69, 0x84, 0x71, 0x64, 0x71, 0xc5, 0x79, 0xc4,
  0x69, 0x83, 0x71, 0xa4, 0x69, 0xc5, 0x71, 0xc5, 0x69, 0xa4, 0x69, 0x63,
  0x69, 0x84, 0x71, 0x84, 0x71, 0xa4, 0x79, 0xa4, 0x71, 0xa4, 0x71, 0x83,
  0x71, 0x84, 0x71, 0x64, 0x71, 0x64, 0x79, 0x84, 0x79, 0xa5, 0x79, 0x83,
  0x71, 0xa4, 0x71, 0x83, 0x72, 0x05, 0x72, 0x04, 0x72, 0x25, 0x7a, 0x04,
  0x69, 0xe4, 0x69, 0xc3, 0x61, 0xa4, 0x61, 0x63, 0x59, 0x84, 0x61, 0x84,
  0x69, 0xa5, 0x69, 0xa5, 0x69, 0xa4, 0x61, 0x63, 0x61, 0x84, 0x69, 0xa4,
  0x61, 0xa4, 0x71, 0xc5, 0x71, 0xe5, 0x7a, 0x05, 0x7a, 0x45, 0x7a, 0x04,
  0x82, 0x86, 0x8a, 0xa6, 0x8a, 0xc6, 0x8a, 0xa6, 0x92, 0xc6, 0xa3, 0x27,
  0xab, 0x89, 0xa3, 0x06, 0x9b, 0xa8, 0xc4, 0x8b, 0xbd, 0x0d, 0xcd, 0x4e,
  0xcd, 0xb0, 0xd5, 0xd0, 0xcd, 0xd0, 0xdd, 0xf1, 0xde, 0x11, 0xdd, 0xf0,
  0xde, 0x31, 0xe6, 0x10, 0xde, 0x31, 0xee, 0x52, 0xde, 0x31, 0xde, 0x11,
  0xde, 0x11, 0xdd, 0xf0, 0xde, 0x32, 0xde, 0x11, 0xd6, 0x11, 0xde, 0x31,
  0xd6, 0x12, 0xde, 0x11, 0xd6, 0x12, 0xde, 0x11, 0xde, 0x32, 0xde, 0x32,
  0xde, 0x32, 0xde, 0x11, 0xd6, 0x11, 0xde, 0x11, 0xde, 0x33, 0xde, 0x32,
  0xde, 0x53, 0xde, 0x32, 0xde, 0x32, 0xe6, 0x53, 0xde, 0x73, 0xe6, 0x52,
  0xde, 0x32, 0xe6, 0x52, 0xde, 0x53, 0xde, 0x12, 0xd6, 0x32, 0xd5, 0xf2,
  0xd5, 0xf1, 0xde, 0x11, 0xd5, 0xf1, 0xde, 0x11, 0xd6, 0x13, 0xd5, 0xf2,
  0xcd, 0xf2, 0xd5, 0xd1, 0xd5, 0xf2, 0xd5, 0xf1, 0xd5, 0xf1, 0xd5, 0xb0,
  0xd5, 0xf1, 0xd5, 0xd0, 0xcd, 0xd0, 0xd5, 0xb0, 0xcd, 0xb0, 0xcd, 0x8f,
  0xcd, 0xb0, 0xcd, 0x90, 0xcd, 0xb1, 0xcd, 0x90, 0xc5, 0x90, 0xcd, 0x90,
  0xcd, 0xd1, 0xd5, 0xd1, 0xd5, 0xf1, 0xd5, 0xf1, 0xcd, 0xf1, 0xcd, 0xd0,
  0xd5, 0xf1, 0xd5, 0xf1, 0xcd, 0xd2, 0xcd, 0xb1, 0xc5, 0xb1, 0xcd, 0xb0,
  0xdd, 0xf0, 0xd6, 0x11, 0xd5, 0xd0, 0xd5, 0xf1, 0xdd, 0xd0, 0xd5, 0xd0,
  0xdd, 0xf0, 0xd5, 0xf1, 0xdd, 0xf0, 0xde, 0x32, 0xde, 0x11, 0xde, 0x11,
  0xdd, 0xf0, 0xde, 0x11, 0xde, 0x11, 0xd5, 0xf1, 0xdd, 0xf0, 0xde, 0x31,
  0xdd, 0xf0, 0xde, 0x11, 0xdd, 0xf0, 0xd6, 0x11, 0xe6, 0x11, 0xde, 0x31,
  0xdd, 0xf0, 0xde, 0x31, 0xdd, 0xf0, 0xde, 0x31, 0xe6, 0x31, 0xde, 0x31,
  0xe6, 0x32, 0xe6, 0x53, 0xe6, 0x52, 0xde, 0x53, 0xe6, 0x53, 0xe6, 0x94,
  0xe6, 0x73, 0xde, 0x73, 0xe6, 0x73, 0xde, 0x73, 0xe6, 0x53, 0xe6, 0x74,
  0xde, 0x12, 0xde, 0x54, 0xde, 0x11, 0xde, 0x31, 0xbd, 0x0c, 0xa4, 0x6a,
  0xac, 0x4a, 0x9c, 0x0a, 0x7a, 0xc6, 0x72, 0x85, 0x72, 0x45, 0x6a, 0x45,
  0x72, 0x44, 0x72, 0x65, 0x7a, 0x85, 0x82, 0xe7, 0x82, 0xe6, 0x7a, 0xe6,
  0x7a, 0xc6, 0x6a, 0x45, 0x61, 0xe4, 0x59, 0xe4, 0x69, 0xe4, 0x6a, 0x05,
  0x72, 0x24, 0x72, 0x45, 0x72, 0x04, 0x62, 0x04, 0x69, 0xe4, 0x69, 0xe4,
  0x69, 0xc4, 0x61, 0xa4, 0x59, 0x84, 0x51, 0x64, 0x49, 0x44, 0x49, 0x64,
  0x51, 0x43, 0x49, 0x64, 0x51, 0x63, 0x51, 0x84, 0x51, 0x63, 0x49, 0x64,
  0x49, 0x43, 0x49, 0x64, 0x59, 0x84, 0x51, 0xa5, 0x69, 0xa4, 0x61, 0x84,
  0x69, 0x83, 0x69, 0xa4, 0x71, 0x83, 0x7a, 0x05, 0x71, 0xc4, 0x69, 0xa3,
  0x71, 0xa3, 0x71, 0xe4, 0x81, 0xc4, 0x79, 0xc4, 0x79, 0x83, 0x71, 0xa4,
  0x79, 0xa4, 0x71, 0xa4, 0x69, 0x83, 0x69, 0x84, 0x69, 0xa4, 0x61, 0x63,
  0x69, 0x83, 0x61, 0xa4, 0x69, 0x63, 0x61, 0x83, 0x69, 0x63, 0x61, 0x84,
  0x71, 0x63, 0x69, 0x84, 0x81, 0xa4, 0x79, 0xc4, 0x81, 0xa4, 0x79, 0xa4,
  0x79, 0x63, 0x71, 0x64, 0x79, 0x63, 0x71, 0x84, 0x79, 0x83, 0x79, 0xe5,
  0x82, 0x04, 0x82, 0x46, 0x8a, 0xc6, 0x82, 0xa6, 0x82, 0x04, 0x79, 0xe4,
  0x71, 0x83, 0x69, 0x83, 0x69, 0x63, 0x69, 0x84, 0x69, 0x83, 0x69, 0xa4,
  0x79, 0xc4, 0x71, 0xe4, 0x79, 0xe4, 0x69, 0xc4, 0x69, 0xa3, 0x69, 0xc4,
  0x79, 0xc4, 0x7a, 0x26, 0x7a, 0x04, 0x7a, 0x25, 0x7a, 0x04, 0x7a, 0x45,
  0x82, 0x65, 0x82, 0x85, 0x8a, 0xa5, 0x8a, 0xa6, 0x9a, 0xc5, 0xab, 0x48,
  0xb3, 0x47, 0xa3, 0x06, 0x92, 0xe5, 0xab, 0xc9, 0xc4, 0xcb, 0xc5, 0x2c,
  0xd5, 0x8e, 0xd5, 0xd0, 0xdd, 0xd0, 0xd5, 0xd0, 0xde, 0x0f, 0xe6, 0x50,
  0xdd, 0xef, 0xde, 0x10, 0xe6, 0x10, 0xde, 0x10, 0xe6, 0x30, 0xe6, 0x31,
  0xde, 0x10, 0xd6, 0x10, 0xde, 0x10, 0xde, 0x11, 0xde, 0x31, 0xde, 0x31,
  0xde, 0x11, 0xde, 0x32, 0xde, 0x31, 0xde, 0x31, 0xde, 0x11, 0xde, 0x32,
  0xde, 0x11, 0xde, 0x31, 0xde, 0x11, 0xde, 0x32, 0xe6, 0x52, 0xde, 0x53,
  0xe6, 0x52, 0xde, 0x52, 0xe6, 0x32, 0xde, 0x52, 0xe6, 0x31, 0xde, 0x31,
  0xde, 0x31, 0xde, 0x51, 0xde, 0x32, 0xde, 0x32, 0xde, 0x11, 0xd6, 0x11,
  0xdd, 0xf0, 0xd5, 0xf0, 0xde, 0x10, 0xde, 0x31, 0xde, 0x12, 0xd5, 0xf1,
  0xd5, 0xb0, 0xd5, 0xd1, 0xd5, 0x90, 0xd5, 0xd1, 0xd5, 0xd0, 0xcd, 0xb0,
  0xd5, 0xaf, 0xcd, 0xaf, 0xd5, 0xaf, 0xd5, 0xd0, 0xd5, 0xaf, 0xcd, 0xaf,
  0xd5, 0xaf, 0xd5, 0xf0, 0xd5, 0xd0, 0xcd, 0xd0, 0xd5, 0xb0, 0xcd, 0xd1,
  0xde, 0x11, 0xde, 0x12, 0xd5, 0xf1, 0xd5, 0xf1, 0xd5, 0xf1, 0xcd, 0xd1,
  0xd5, 0xd0, 0xd6, 0x12, 0xde, 0x12, 0xcd, 0xb1, 0xcd, 0xb0, 0xcd, 0xb1,
  0xcd, 0xd1, 0xd5, 0xf0, 0xcd, 0xd1, 0xd5, 0xd0, 0xd5, 0xf1, 0xdd, 0xd1,
  0xd5, 0xf1, 0xd5, 0xf1, 0xd6, 0x11, 0xde, 0x11, 0xd5, 0xf1, 0xdd, 0xf0,
  0xd5, 0xd1, 0xdd, 0xd0, 0xcd, 0xd0, 0xd5, 0xcf, 0xd5, 0xf1, 0xdd, 0xf1,
  0xd5, 0xf1, 0xd5, 0xd0, 0xd5, 0xf1, 0xd5, 0xd0, 0xd5, 0xf1, 0xd5, 0xd0,
  0xd5, 0xd1, 0xdd, 0xf0, 0xd5, 0xf1, 0xde, 0x32, 0xde, 0x32, 0xde, 0x11,
  0xde, 0x53, 0xe6, 0x53, 0xde, 0x53, 0xe6, 0x53, 0xe6, 0x94, 0xe6, 0x53,
  0xde, 0x54, 0xe6, 0x74, 0xde, 0x53, 0xde, 0x33, 0xde, 0x54, 0xde, 0x33,
  0xde, 0x54, 0xe6, 0x53, 0xde, 0x32, 0xd5, 0xf1, 0xac, 0xec, 0xa4, 0x4a,
  0xac, 0x8c, 0xac, 0x4b, 0x83, 0x48, 0x72, 0x85, 0x6a, 0x66, 0x6a, 0x45,
  0x62, 0x25, 0x6a, 0x24, 0x6a, 0x25, 0x6a, 0x24, 0x6a, 0x45, 0x72, 0x45,
  0x6a, 0x65, 0x6a, 0x24, 0x62, 0x05, 0x62, 0x04, 0x62, 0x05, 0x6a, 0x05,
  0x6a, 0x25, 0x72, 0x25, 0x6a, 0x25, 0x69, 0xe4, 0x61, 0xe5, 0x61, 0xc4,
  0x59, 0xa5, 0x59, 0x64, 0x51, 0x84, 0x51, 0x64, 0x49, 0x64, 0x51, 0x44,
  0x49, 0x64, 0x51, 0x64, 0x49, 0x64, 0x51, 0x63, 0x49, 0x64, 0x51, 0x44,
  0x49, 0x64, 0x51, 0x44, 0x51, 0x84, 0x51, 0x84, 0x59, 0x84, 0x59, 0x64,
  0x59, 0x84, 0x61, 0x63, 0x69, 0xa4, 0x7a, 0x05, 0x71, 0xa4, 0x71, 0xa4,
  0x71, 0xc5, 0x71, 0x84, 0x71, 0xc4, 0x79, 0xa4, 0x71, 0x84, 0x79, 0xa4,
  0x71, 0xa5, 0x69, 0x63, 0x61, 0x64, 0x69, 0x84, 0x59, 0x64, 0x61, 0x84,
  0x61, 0xa4, 0x61, 0x83, 0x61, 0x64, 0x69, 0x63, 0x61, 0x84, 0x69, 0x63,
  0x69, 0x64, 0x71, 0x64, 0x71, 0x84, 0x79, 0xa4, 0x79, 0xa4, 0x79, 0x84,
  0x79, 0xc5, 0x79, 0x84, 0x71, 0x84, 0x81, 0xc5, 0x92, 0xa7, 0x92, 0x87,
  0x8a, 0xc7, 0x92, 0xe7, 0x8a, 0xc7, 0x7a, 0x24, 0x81, 0xe4, 0x81, 0xc3,
  0x79, 0xc4, 0x79, 0x83, 0x69, 0x84, 0x69, 0x63, 0x71, 0xa4, 0x79, 0xe5,
  0x79, 0xe5, 0x81, 0xe5, 0x79, 0xe5, 0x81, 0xe5, 0x71, 0xe5, 0x71, 0xe4,
  0x7a, 0x26, 0x7a, 0x05, 0x72, 0x05, 0x79, 0xe4, 0x72, 0x25, 0x7a, 0x25,
  0x82, 0x66, 0x8a, 0x86, 0x8a, 0xa6, 0x8a, 0x85, 0x9a, 0xc6, 0xab, 0x27,
  0xbb, 0xc9, 0xb3, 0x46, 0x9a, 0xe6, 0xab, 0x26, 0xb4, 0x4a, 0xbc, 0x6a,
  0xbc, 0xec, 0xdd, 0xcf, 0xd5, 0xf1, 0xc5, 0x2e, 0xd5, 0xef, 0xdd, 0xf0,
  0xd5, 0xf0, 0xdd, 0xef, 0xde, 0x11, 0xdd, 0xcf, 0xd5, 0xef, 0xdd, 0xef,
  0xde, 0x31, 0xde, 0x10, 0xd6, 0x10, 0xdd, 0xf0, 0xde, 0x12, 0xde, 0x11,
  0xde, 0x32, 0xde, 0x11, 0xde, 0x32, 0xe6, 0x11, 0xde, 0x32, 0xe6, 0x11,
  0xde, 0x32, 0xde, 0x11, 0xd6, 0x32, 0xde, 0x32, 0xde, 0x52, 0xe6, 0x52,
  0xde, 0x53, 0xe6, 0x32, 0xde, 0x52, 0xde, 0x11, 0xde, 0x32, 0xde, 0x11,
  0xd6, 0x32, 0xde, 0x11, 0xd6, 0x12, 0xde, 0x12, 0xd6, 0x11, 0xd5, 0xd0,
  0xd5, 0xd0, 0xd5, 0xaf, 0xd5, 0xd0, 0xd5, 0xb0, 0xd5, 0xf1, 0xdd, 0xd0,
  0xcd, 0xd1, 0xd5, 0xd0, 0xcd, 0xb0, 0xcd, 0x6f, 0xcd, 0xb0, 0xd5, 0xb0,
  0xcd, 0xb0, 0xd5, 0xd0, 0xcd, 0x90, 0xd5, 0x8f, 0xcd, 0xb0, 0xd5, 0x8f,
  0xcd, 0xb0, 0xd5, 0xd0, 0xcd, 0xb0, 0xd5, 0xb0, 0xcd, 0xb1, 0xd5, 0xb0,
  0xcd, 0xd1, 0xcd, 0xb0, 0xcd, 0xd1, 0xd5, 0xd1, 0xcd, 0xd2, 0xd5, 0xf2,
  0xcd, 0xf2, 0xd5, 0xf2, 0xd5, 0xf2, 0xd5, 0xd2, 0xcd, 0xd1, 0xd5, 0xb1,
  0xdd, 0xf0, 0xd5, 0xf1, 0xd5, 0xf0, 0xd6, 0x11, 0xdd, 0xf1, 0xd5, 0xf1,
  0xdd, 0xf0, 0xd5, 0xf0, 0xd5, 0xf0, 0xd6, 0x11, 0xde, 0x10, 0xd5, 0xf0,
  0xdd, 0xcf, 0xd5, 0xf0, 0xdd, 0xcf, 0xd5, 0xcf, 0xdd, 0xf0, 0xde, 0x11,
  0xde, 0x10, 0xde, 0x31, 0xdd, 0xf0, 0xd6, 0x11, 0xe6, 0x31, 0xde, 0x11,
  0xdd, 0xf0, 0xde, 0x31, 0xde, 0x11, 0xd6, 0x12, 0xe6, 0x31, 0xde, 0x52,
  0xe6, 0x52, 0xe6, 0x53, 0xe6, 0x52, 0xde, 0x32, 0xe6, 0x73, 0xe6, 0x73,
  0xe6, 0x53, 0xde, 0x74, 0xde, 0x53, 0xde, 0x74, 0xe6, 0x73, 0xde, 0x94,
  0xe6, 0x93, 0xde, 0x73, 0xe6, 0x32, 0xd5, 0xf1, 0xb4, 0xcc, 0xac, 0xab,
  0xb4, 0xcc, 0xac, 0x8c, 0xa4, 0x4b, 0x7b, 0x27, 0x6a, 0x65, 0x6a, 0x86,
  0x72, 0x86, 0x62, 0x45, 0x62, 0x04, 0x62, 0x05, 0x6a, 0x25, 0x6a, 0x25,
  0x6a, 0x04, 0x62, 0x04, 0x6a, 0x25, 0x62, 0x25, 0x69, 0xe4, 0x6a, 0x25,
  0x72, 0x25, 0x6a, 0x45, 0x72, 0x25, 0x61, 0xe4, 0x61, 0xa3, 0x59, 0xa4,
  0x61, 0xa4, 0x51, 0x63, 0x51, 0x63, 0x51, 0x84, 0x59, 0x64, 0x51, 0x84,
  0x51, 0x63, 0x49, 0x64, 0x51, 0x63, 0x51, 0x84, 0x51, 0x64, 0x49, 0x64,
  0x51, 0x64, 0x51, 0x64, 0x59, 0x63, 0x51, 0x84, 0x59, 0x83, 0x59, 0x84,
  0x61, 0x83, 0x61, 0xa4, 0x69, 0x83, 0x71, 0xc4, 0x79, 0xa4, 0x69, 0x84,
  0x71, 0xc4, 0x69, 0xc4, 0x79, 0xa4, 0x69, 0xa3, 0x71, 0xa4, 0x71, 0xc4,
  0x71, 0x83, 0x69, 0x84, 0x69, 0xa4, 0x61, 0x84, 0x61, 0x62, 0x61, 0xa4,
  0x69, 0x83, 0x61, 0x84, 0x69, 0x63, 0x69, 0x84, 0x69, 0x83, 0x69, 0x84,
  0x71, 0x63, 0x69, 0x84, 0x71, 0x83, 0x69, 0x84, 0x79, 0x84, 0x79, 0xa4,
  0x89, 0xc5, 0x81, 0xc5, 0x81, 0xc4, 0x92, 0x67, 0x9a, 0xc6, 0x92, 0xc6,
  0x9a, 0xe7, 0x92, 0xe7, 0x92, 0xc6, 0x8a, 0xa6, 0x81, 0xc3, 0x81, 0xe4,
  0x89, 0xe4, 0x79, 0xa4, 0x71, 0x83, 0x79, 0xe5, 0x8a, 0x25, 0x82, 0x25,
  0x81, 0xa3, 0x81, 0xc4, 0x91, 0xe5, 0x8a, 0x05, 0x79, 0xc3, 0x7a, 0x05,
  0x82, 0x04, 0x7a, 0x05, 0x79, 0xc3, 0x71, 0xc4, 0x7a, 0x04, 0x7a, 0x45,
  0x8a, 0x45, 0x82, 0x45, 0x92, 0x85, 0x92, 0xa6, 0xa2, 0x84, 0xb3, 0x48,
  0xe4, 0xec, 0xab, 0x66, 0xab, 0x26, 0xab, 0x26, 0xab, 0x87, 0xcc, 0xcc,
  0xcd, 0x6e, 0xd5, 0xf0, 0xd5, 0xd0, 0xb4, 0xec, 0xd5, 0xaf, 0xd6, 0x10,
  0xdd, 0xef, 0xde, 0x30, 0xe5, 0xf0, 0xdd, 0xf0, 0xdd, 0xef, 0xdd, 0xf0,
  0xe6, 0x31, 0xde, 0x11, 0xde, 0x11, 0xde, 0x32, 0xe6, 0x31, 0xde, 0x32,
  0xe6, 0x31, 0xe6, 0x52, 0xe6, 0x11, 0xde, 0x11, 0xe6, 0x11, 0xde, 0x11,
  0xde, 0x10, 0xde, 0x11, 0xde, 0x31, 0xde, 0x31, 0xde, 0x10, 0xde, 0x31,
  0xde, 0x30, 0xde, 0x31, 0xe6, 0x52, 0xde, 0x52, 0xde, 0x11, 0xd6, 0x12,
  0xe6, 0x31, 0xde, 0x52, 0xde, 0x32, 0xde, 0x32, 0xdd, 0xf0, 0xd5, 0xf1,
  0xdd, 0xd0, 0xd5, 0xd0, 0xdd, 0xcf, 0xd5, 0xcf, 0xdd, 0xcf, 0xd5, 0xf0,
  0xd5, 0xf0, 0xcd, 0xd0, 0xd5, 0xd0, 0xcd, 0xb0, 0xd5, 0xd0, 0xd5, 0xd0,
  0xd5, 0xb0, 0xcd, 0xd0, 0xd5, 0xb0, 0xcd, 0xb0, 0xd5, 0x8f, 0xcd, 0xb0,
  0xd5, 0x8f, 0xcd, 0x90, 0xd5, 0x8f, 0xcd, 0xb0, 0xd5, 0xd0, 0xd5, 0xd1,
  0xd5, 0xb0, 0xd5, 0xd1, 0xd5, 0xd1, 0xd5, 0xf1, 0xd5, 0xf1, 0xd6, 0x12,
  0xd5, 0xd1, 0xd5, 0xf1, 0xd5, 0xf1, 0xcd, 0xd0, 0xd5, 0xb0, 0xcd, 0xb0,
  0xd6, 0x11, 0xdd, 0xf1, 0xd5, 0xf1, 0xd5, 0xd0, 0xd5, 0xf1, 0xdd, 0xd0,
  0xcd, 0xd0, 0xdd, 0xf0, 0xd6, 0x11, 0xdd, 0xf0, 0xde, 0x11, 0xdd, 0xf0,
  0xd5, 0xf0, 0xdd, 0xd0, 0xde, 0x11, 0xdd, 0xf0, 0xd5, 0xf0, 0xdd, 0xf0,
  0xd5, 0xf1, 0xde, 0x11, 0xd6, 0x11, 0xde, 0x11, 0xde, 0x11, 0xde, 0x11,
  0xd5, 0xf1, 0xde, 0x11, 0xd6, 0x32, 0xde, 0x32, 0xde, 0x53, 0xe6, 0x52,
  0xde, 0x52, 0xe6, 0x52, 0xde, 0x73, 0xde, 0x53, 0xde, 0x74, 0xde, 0x33,
  0xde, 0x53, 0xe6, 0x53, 0xd6, 0x53, 0xde, 0x53, 0xde, 0x73, 0xe6, 0x73,
  0xde, 0x74, 0xe6, 0x53, 0xde, 0x52, 0xde, 0x32, 0xbd, 0x0d, 0xac, 0x8a,
  0xbd, 0x2e, 0xac, 0x6b, 0x9b, 0xea, 0x8b, 0x67, 0x5a, 0x45, 0x59, 0xe4,
  0x5a, 0x46, 0x6a, 0x66, 0x62, 0x45, 0x6a, 0x45, 0x6a, 0x86, 0x6a, 0x45,
  0x6a, 0x46, 0x6a, 0x25, 0x6a, 0x05, 0x61, 0xc4, 0x6a, 0x05, 0x69, 0xe4,
  0x59, 0xc4, 0x61, 0xe4, 0x6a, 0x06, 0x69, 0xe5, 0x59, 0xa4, 0x59, 0x83,
  0x59, 0xa4, 0x61, 0xa4, 0x51, 0x64, 0x59, 0x64, 0x59, 0xa4, 0x61, 0xa4,
  0x51, 0x84, 0x51, 0x64, 0x49, 0x64, 0x51, 0x64, 0x49, 0x64, 0x51, 0x63,
  0x51, 0x84, 0x51, 0x84, 0x51, 0x84, 0x59, 0x84, 0x51, 0x64, 0x59, 0x84,
  0x61, 0x84, 0x61, 0x84, 0x69, 0xa4, 0x69, 0xa4, 0x71, 0xc5, 0x71, 0xa4,
  0x69, 0x84, 0x71, 0x84, 0x71, 0xe5, 0x79, 0xc4, 0x69, 0xc4, 0x71, 0xa4,
  0x69, 0xc4, 0x69, 0xa3, 0x69, 0xa4, 0x69, 0x63, 0x61, 0x84, 0x69, 0x83,
  0x61, 0x64, 0x69, 0x64, 0x69, 0x84, 0x79, 0xa5, 0x71, 0xa4, 0x79, 0xa4,
  0x71, 0xa5, 0x71, 0x63, 0x69, 0x64, 0x69, 0x44, 0x71, 0x84, 0x71, 0x64,
  0x79, 0xa4, 0x81, 0xa4, 0x8a, 0x66, 0x8a, 0x25, 0x8a, 0x45, 0x8a, 0x45,
  0x82, 0x45, 0x8a, 0x24, 0x82, 0x25, 0x82, 0x25, 0x79, 0xe5, 0x81, 0xe4,
  0x79, 0xe5, 0x79, 0xa4, 0x69, 0x83, 0x82, 0x05, 0x82, 0x05, 0x79, 0xa3,
  0x71, 0x84, 0x79, 0x84, 0x81, 0xa5, 0x81, 0xa4, 0x71, 0xc4, 0x79, 0xa4,
  0x79, 0xe4, 0x79, 0xc4, 0x69, 0xc4, 0x71, 0xa4, 0x72, 0x05, 0x7a, 0x25,
  0x7a, 0x05, 0x82, 0x04, 0x8a, 0x66, 0x9a, 0x86, 0xa2, 0xc6, 0xbb, 0x48,
  0xd4, 0x8a, 0x92, 0x82, 0xa3, 0x07, 0xa2, 0xc6, 0xa2, 0xe6, 0xcc, 0x2b,
  0xd5, 0x90, 0xdd, 0xd0, 0xcd, 0xf1, 0xc5, 0x8f, 0xcd, 0xb0, 0xd5, 0xd0,
  0xd5, 0xf0, 0xdd, 0xd0, 0xd6, 0x11, 0xde, 0x11, 0xde, 0x11, 0xde, 0x11,
  0xde, 0x32, 0xe6, 0x11, 0xd6, 0x12, 0xde, 0x11, 0xde, 0x32, 0xde, 0x11,
  0xde, 0x32, 0xde, 0x11, 0xde, 0x31, 0xde, 0x11, 0xde, 0x11, 0xdd, 0xf0,
  0xde, 0x11, 0xde, 0x11, 0xde, 0x12, 0xdd, 0xf1, 0xcd, 0xd1, 0xd5, 0xf0,
  0xde, 0x32, 0xde, 0x31, 0xde, 0x53, 0xde, 0x12, 0xd5, 0xf1, 0xe6, 0x32,
  0xde, 0x32, 0xde, 0x32, 0xde, 0x32, 0xd5, 0xf1, 0xd5, 0xd0, 0xd5, 0xaf,
  0xd5, 0xd1, 0xd5, 0x90, 0xcd, 0xb0, 0xdd, 0xd0, 0xd5, 0xf0, 0xdd, 0xd0,
  0xcd, 0xb0, 0xd5, 0xd0, 0xc5, 0x90, 0xcd, 0xb0, 0xd5, 0xf1, 0xd5, 0xd0,
  0xd5, 0xd1, 0xd5, 0xd1, 0xcd, 0xb1, 0xcd, 0xb0, 0xcd, 0xd1, 0xcd, 0x90,
  0xcd, 0x90, 0xd5, 0x90, 0xcd, 0xd1, 0xcd, 0x90, 0xcd, 0xd0, 0xd5, 0xd0,
  0xcd, 0xb0, 0xdd, 0xd1, 0xd5, 0xf1, 0xdd, 0xf1, 0xcd, 0xf1, 0xd5, 0xd0,
  0xcd, 0xd0, 0xcd, 0xb0, 0xcd, 0xb0, 0xcd, 0xaf, 0xc5, 0x90, 0xcd, 0x90,
  0xdd, 0xf0, 0xd6, 0x10, 0xdd, 0xf0, 0xd5, 0xf0, 0xdd, 0xd0, 0xde, 0x11,
  0xde, 0x10, 0xd5, 0xef, 0xdd, 0xf0, 0xde, 0x11, 0xdd, 0xef, 0xde, 0x10,
  0xdd, 0xf0, 0xd5, 0xf0, 0xde, 0x10, 0xd5, 0xf0, 0xde, 0x10, 0xde, 0x11,
  0xdd, 0xf0, 0xd6, 0x11, 0xde, 0x11, 0xde, 0x31, 0xdd, 0xf0, 0xde, 0x11,
  0xde, 0x11, 0xde, 0x32, 0xe6, 0x31, 0xde, 0x32, 0xe6, 0x52, 0xde, 0x53,
  0xe6, 0x72, 0xde, 0x52, 0xe6, 0x52, 0xe6, 0x73, 0xe6, 0x52, 0xde, 0x72,
  0xe6, 0x73, 0xe6, 0x94, 0xe6, 0x53, 0xde, 0x74, 0xde, 0x52, 0xde, 0x73,
  0xde, 0x52, 0xde, 0x73, 0xde, 0x31, 0xde, 0x52, 0xc5, 0x0c, 0xb4, 0xcb,
  0xc5, 0x0d, 0xac, 0xab, 0x9b, 0xe9, 0xa4, 0x6b, 0x9c, 0x0b, 0x6a, 0xa6,
  0x59, 0xe4, 0x6a, 0xa7, 0xa4, 0x0a, 0x83, 0x47, 0x72, 0x65, 0x6a, 0x65,
  0x72, 0x66, 0x6a, 0x66, 0x6a, 0x04, 0x61, 0xe4, 0x69, 0xe4, 0x59, 0xc4,
  0x59, 0x83, 0x51, 0xa4, 0x61, 0xa4, 0x61, 0xe5, 0x61, 0xc4, 0x59, 0xc4,
  0x61, 0xc4, 0x61, 0xe4, 0x59, 0x83, 0x59, 0x84, 0x61, 0xa3, 0x62, 0x05,
  0x61, 0xa4, 0x51, 0x63, 0x59, 0x84, 0x51, 0x84, 0x59, 0x84, 0x51, 0xa4,
  0x59, 0xa4, 0x51, 0x84, 0x59, 0xa4, 0x51, 0xa4, 0x59, 0x83, 0x59, 0xa4,
  0x69, 0xa4, 0x69, 0xc4, 0x71, 0xc4, 0x71, 0xe5, 0x71, 0xa3, 0x71, 0xc4,
  0x79, 0xa3, 0x71, 0xc4, 0x79, 0xc4, 0x79, 0xe5, 0x71, 0xc4, 0x69, 0xc4,
  0x71, 0xe4, 0x69, 0xc4, 0x71, 0x83, 0x71, 0xa4, 0x71, 0xa4, 0x69, 0xa4,
  0x69, 0x63, 0x71, 0xe5, 0x81, 0xc4, 0x82, 0x05, 0x91, 0xe4, 0x92, 0x04,
  0x89, 0xc4, 0x79, 0x83, 0x79, 0x83, 0x71, 0x83, 0x81, 0xa4, 0x79, 0xa5,
  0x89, 0xe4, 0x82, 0x05, 0x8a, 0x25, 0x82, 0x04, 0x82, 0x04, 0x82, 0x04,
  0x79, 0xc4, 0x71, 0xa3, 0x71, 0xa3, 0x71, 0xc4, 0x79, 0xc4, 0x71, 0xc4,
  0x79, 0xa4, 0x69, 0x84, 0x79, 0x83, 0x79, 0xe5, 0x81, 0xc4, 0x71, 0x83,
  0x71, 0x63, 0x71, 0x84, 0x79, 0x63, 0x71, 0x84, 0x79, 0x83, 0x71, 0xa4,
  0x81, 0xe4, 0x79, 0xc4, 0x71, 0xa3, 0x71, 0xa4, 0x71, 0xe4, 0x72, 0x05,
  0x79, 0xc4, 0x71, 0xc4, 0x81, 0xe4, 0x8a, 0x25, 0xb3, 0x06, 0xc3, 0xc9,
  0xcb, 0xe8, 0x92, 0x41, 0x9a, 0x45, 0xa2, 0xc7, 0xa2, 0xa5, 0xc3, 0xca,
  0xdd, 0xd0, 0xdd, 0xf1, 0xd5, 0xf1, 0xcd, 0xd0, 0xcd, 0xaf, 0xcd, 0xd0,
  0xdd, 0xef, 0xde, 0x10, 0xde, 0x0f, 0xde, 0x10, 0xde, 0x10, 0xde, 0x10,
  0xe6, 0x10, 0xde, 0x31, 0xe6, 0x31, 0xde, 0x51, 0xe6, 0x31, 0xde, 0x31,
  0xde, 0x11, 0xd6, 0x11, 0xde, 0x10, 0xd5, 0xf0, 0xde, 0x10, 0xd6, 0x10,
  0xe6, 0x11, 0xde, 0x11, 0xde, 0x12, 0xde, 0x32, 0xdd, 0xf1, 0xd6, 0x11,
  0xde, 0x11, 0xde, 0x31, 0xe6, 0x31, 0xde, 0x11, 0xe6, 0x31, 0xde, 0x31,
  0xe6, 0x12, 0xde, 0x32, 0xdd, 0xf0, 0xd5, 0xf0, 0xdd, 0xcf, 0xdd, 0xf0,
  0xd5, 0xaf, 0xd5, 0xd0, 0xdd, 0xd0, 0xd5, 0xaf, 0xd5, 0xaf, 0xd5, 0xcf,
  0xd5, 0xaf, 0xd5, 0xf0, 0xd5, 0xd0, 0xd5, 0xd1, 0xd5, 0x90, 0xd5, 0xd1,
  0xdd, 0xd1, 0xd5, 0xf1, 0xdd, 0xf1, 0xd5, 0xd1, 0xd5, 0xd0, 0xd5, 0xf1,
  0xd5, 0xb0, 0xd5, 0xd0, 0xd5, 0xd0, 0xcd, 0xd0, 0xd5, 0xb0, 0xd5, 0xf1,
  0xd5, 0xd0, 0xd5, 0xf0, 0xd5, 0xd0, 0xd5, 0xf1, 0xd5, 0xd0, 0xcd, 0xd0,
  0xd5, 0xd0, 0xcd, 0xaf, 0xd5, 0x8f, 0xcd, 0xb0, 0xd5, 0x8f, 0xcd, 0xb0,
  0xcd, 0xb0, 0xd5, 0xb0, 0xd5, 0xd0, 0xd5, 0xd0, 0xd5, 0xf0, 0xd5, 0xcf,
  0xd6, 0x10, 0xd5, 0xef, 0xde, 0x11, 0xdd, 0xd0, 0xd5, 0xf0, 0xdd, 0xf0,
  0xd5, 0xf1, 0xde, 0x11, 0xde, 0x11, 0xdd, 0xf1, 0xd5, 0xf1, 0xde, 0x11,
  0xd6, 0x11, 0xde, 0x11, 0xde, 0x32, 0xd5, 0xf1, 0xde, 0x12, 0xe6, 0x32,
  0xde, 0x53, 0xe6, 0x52, 0xde, 0x52, 0xde, 0x11, 0xde, 0x53, 0xe6, 0x32,
  0xde, 0x32, 0xde, 0x32, 0xde, 0x31, 0xdd, 0xf0, 0xdd, 0xef, 0xe6, 0x0f,
  0xd6, 0x11, 0xe6, 0x51, 0xe6, 0x74, 0xe6, 0x53, 0xde, 0x73, 0xde, 0x32,
  0xde, 0x73, 0xde, 0x32, 0xde, 0x52, 0xde, 0x32, 0xb4, 0xed, 0xac, 0x6b,
  0xb4, 0xed, 0xac, 0x4a, 0xac, 0x8c, 0xb4, 0xcd, 0xcd, 0xb1, 0xbd, 0x0e,
  0x8b, 0xca, 0xac, 0x6c, 0xc5, 0x4e, 0x83, 0x26, 0x61, 0xe5, 0x61, 0xe4,
  0x62, 0x25, 0x61, 0xe4, 0x62, 0x25, 0x72, 0x46, 0x61, 0xe4, 0x59, 0x83,
  0x51, 0x84, 0x59, 0x63, 0x59, 0xc4, 0x69, 0xe5, 0x61, 0xe5, 0x69, 0xe4,
  0x61, 0xe5, 0x69, 0xe4, 0x61, 0xe5, 0x59, 0x83, 0x51, 0xa4, 0x61, 0xe4,
  0x59, 0xc5, 0x59, 0x84, 0x51, 0x84, 0x51, 0x64, 0x59, 0xc5, 0x59, 0xa4,
  0x59, 0xc4, 0x61, 0xa4, 0x59, 0xc5, 0x59, 0xa4, 0x61, 0xc4, 0x69, 0xe5,
  0x72, 0x05, 0x71, 0xe5, 0x71, 0xe4, 0x7a, 0x05, 0x79, 0xc4, 0x79, 0xa4,
  0x71, 0xc4, 0x79, 0xc4, 0x79, 0xe5, 0x79, 0xc4, 0x71, 0xc4, 0x71, 0xa3,
  0x71, 0xe4, 0x71, 0xe4, 0x71, 0xc5, 0x71, 0x84, 0x71, 0xc5, 0x71, 0xc4,
  0x7a, 0x05, 0x79, 0xe4, 0x81, 0xe4, 0x8a, 0x04, 0x9a, 0x25, 0xa2, 0x45,
  0x9a, 0x25, 0x91, 0xc3, 0x79, 0xa4, 0x81, 0x83, 0x79, 0xc5, 0x81, 0xc4,
  0x81, 0xe5, 0x81, 0xe4, 0x79, 0xc4, 0x81, 0xe4, 0x7a, 0x05, 0x79, 0xc4,
  0x71, 0xa4, 0x71, 0x83, 0x71, 0xa5, 0x71, 0x64, 0x69, 0x84, 0x69, 0x63,
  0x61, 0x64, 0x69, 0x43, 0x69, 0x84, 0x71, 0xa4, 0x71, 0x84, 0x79, 0xc4,
  0x69, 0x84, 0x69, 0x63, 0x69, 0x84, 0x71, 0x64, 0x71, 0x84, 0x79, 0x84,
  0x79, 0xc5, 0x79, 0x83, 0x81, 0xe5, 0x81, 0xe5, 0x69, 0xc4, 0x71, 0xe4,
  0x69, 0xa4, 0x69, 0x83, 0x69, 0x63, 0xa2, 0xc8, 0xd4, 0x4b, 0xbb, 0x47,
  0xa2, 0xa4, 0xa2, 0x63, 0x9a, 0x86, 0xb3, 0x28, 0x9a, 0xc6, 0xd4, 0x6d,
  0xd5, 0xf1, 0xdd, 0xf1, 0xd5, 0xf2, 0xcd, 0x90, 0xd6, 0x52, 0xd6, 0x11,
  0xcd, 0xf0, 0xde, 0x11, 0xde, 0x10, 0xde, 0x0f, 0xdd, 0xef, 0xdd, 0xee,
  0xdd, 0xef, 0xe6, 0x0f, 0xe6, 0x51, 0xde, 0x10, 0xde, 0x31, 0xde, 0x11,
  0xd6, 0x11, 0xde, 0x11, 0xd6, 0x10, 0xdd, 0xf0, 0xde, 0x10, 0xde, 0x10,
  0xde, 0x11, 0xdd, 0xf1, 0xde, 0x32, 0xde, 0x11, 0xd6, 0x11, 0xde, 0x32,
  0xd6, 0x11, 0xdd, 0xf1, 0xde, 0x11, 0xde, 0x11, 0xd6, 0x11, 0xde, 0x11,
  0xde, 0x12, 0xdd, 0xf1, 0xd5, 0xf1, 0xdd, 0xd0, 0xd5, 0xd0, 0xdd, 0xd0,
  0xd5, 0xaf, 0xdd, 0xd0, 0xd5, 0xf0, 0xd5, 0xcf, 0xd5, 0xcf, 0xd5, 0xcf,
  0xd5, 0xf0, 0xdd, 0xf0, 0xd5, 0xf2, 0xd5, 0xf1, 0xd5, 0xf1, 0xd5, 0xb0,
  0xcd, 0xd1, 0xd5, 0xd1, 0xd5, 0xf2, 0xd5, 0xf1, 0xd5, 0xf1, 0xd5, 0xd0,
  0xcd, 0xd0, 0xd5, 0xb0, 0xcd, 0xd0, 0xd5, 0xb0, 0xcd, 0xb0, 0xd5, 0xb0,
  0xd5, 0xf1, 0xd5, 0xb0, 0xcd, 0xd0, 0xd5, 0xd0, 0xcd, 0xd0, 0xd5, 0xb0,
  0xcd, 0xb0, 0xcd, 0x8f, 0xcd, 0x8f, 0xcd, 0x8f, 0xcd, 0xb0, 0xd5, 0xb0,
  0xd5, 0xaf, 0xd5, 0xd0, 0xdd, 0xf0, 0xd5, 0xf0, 0xdd, 0xef, 0xd5, 0xf0,
  0xd5, 0xcf, 0xd5, 0xf0, 0xde, 0x11, 0xde, 0x11, 0xe6, 0x10, 0xde, 0x11,
  0xde, 0x11, 0xde, 0x11, 0xdd, 0xf0, 0xd5, 0xf1, 0xde, 0x11, 0xde, 0x11,
  0xde, 0x11, 0xde, 0x32, 0xde, 0x11, 0xde, 0x32, 0xe6, 0x11, 0xde, 0x32,
  0xe6, 0x31, 0xde, 0x31, 0xe6, 0x51, 0xde, 0x51, 0xe6, 0x31, 0xde, 0x32,
  0xde, 0x31, 0xde, 0x52, 0xdd, 0xd0, 0xd5, 0xcf, 0xdd, 0x8d, 0xd5, 0x4d,
  0xc4, 0xa8, 0xc4, 0xea, 0xdd, 0xad, 0xe6, 0x0f, 0xe6, 0x51, 0xe6, 0x72,
  0xde, 0x12, 0xde, 0x33, 0xde, 0x32, 0xde, 0x32, 0xcd, 0x6e, 0xac, 0x8b,
  0xb4, 0xab, 0xa4, 0x4a, 0xc5, 0x2e, 0xc5, 0x4e, 0xbc, 0xec, 0xb5, 0x0d,
  0xb4, 0x6a, 0xbc, 0xec, 0xbc, 0xa9, 0xac, 0x48, 0x6a, 0x04, 0x61, 0xe4,
  0x61, 0xc4, 0x61, 0xe5, 0x69, 0xc4, 0x72, 0x25, 0x72, 0x04, 0x69, 0xe4,
  0x69, 0xc4, 0x61, 0xc4, 0x61, 0xa3, 0x69, 0xe5, 0x69, 0xe4, 0x6a, 0x05,
  0x6a, 0x04, 0x62, 0x05, 0x61, 0xe4, 0x62, 0x04, 0x61, 0xc4, 0x61, 0xe4,
  0x61, 0xc4, 0x59, 0xa4, 0x59, 0x83, 0x59, 0xa4, 0x69, 0xc4, 0x6a, 0x05,
  0x69, 0xa3, 0x69, 0xe4, 0x69, 0xc4, 0x6a, 0x05, 0x71, 0xe4, 0x6a, 0x04,
  0x79, 0xe3, 0x7a, 0x24, 0x82, 0x04, 0x82, 0x24, 0x8a, 0x24, 0x82, 0x04,
  0x82, 0x04, 0x79, 0xe4, 0x79, 0xc3, 0x79, 0xe4, 0x79, 0xc3, 0x71, 0xc4,
  0x82, 0x04, 0x7a, 0x05, 0x79, 0xc3, 0x71, 0xc4, 0x79, 0xe4, 0x82, 0x25,
  0x8a, 0x04, 0x82, 0x04, 0x9a, 0x24, 0x9a, 0x45, 0xa2, 0x24, 0x9a, 0x24,
  0x9a, 0x45, 0x89, 0xe4, 0x81, 0xc4, 0x81, 0xc4, 0x79, 0xa4, 0x71, 0xa4,
  0x79, 0xc3, 0x79, 0xe4, 0x79, 0xa3, 0x82, 0x05, 0x82, 0x04, 0x79, 0xe4,
  0x79, 0x83, 0x71, 0xa4, 0x71, 0x84, 0x69, 0x84, 0x69, 0x63, 0x61, 0x64,
  0x69, 0x43, 0x61, 0x64, 0x69, 0x83, 0x69, 0xa4, 0x71, 0xa4, 0x69, 0xa4,
  0x61, 0x43, 0x61, 0x84, 0x69, 0x63, 0x69, 0xa4, 0x79, 0xa4, 0x79, 0xa5,
  0x81, 0xc3, 0x79, 0xc4, 0x92, 0x25, 0x8a, 0x05, 0x79, 0xe4, 0x71, 0xc4,
  0x69, 0x63, 0x69, 0x84, 0x79, 0x63, 0xa2, 0xe9, 0xcb, 0xa8, 0xa2, 0x83,
  0xa2, 0x63, 0xb3, 0x06, 0xbb, 0x47, 0xab, 0x06, 0x92, 0x64, 0xcc, 0x6c,
  0xd5, 0xd0, 0xd5, 0xf1, 0xdd, 0xf1, 0xd5, 0xf0, 0xdd, 0xf1, 0xe6, 0x52,
  0xe6, 0x32, 0xd6, 0x11, 0xdd, 0xf0, 0xdd, 0xf0, 0xdd, 0xee, 0xdd, 0xef,
  0xe5, 0xce, 0xdd, 0xef, 0xe6, 0x0f, 0xe6, 0x30, 0xde, 0x10, 0xde, 0x31,
  0xe6, 0x11, 0xde, 0x31, 0xe6, 0x10, 0xde, 0x10, 0xde, 0x10, 0xde, 0x31,
  0xe6, 0x31, 0xde, 0x11, 0xde, 0x10, 0xde, 0x31, 0xde, 0x31, 0xde, 0x32,
  0xde, 0x31, 0xde, 0x31, 0xde, 0x10, 0xde, 0x11, 0xde, 0x10, 0xde, 0x10,
  0xdd, 0xf0, 0xde, 0x10, 0xdd, 0xcf, 0xde, 0x10, 0xde, 0x10, 0xd5, 0xf0,
  0xdd, 0xcf, 0xdd, 0xf0, 0xdd, 0xcf, 0xd5, 0xcf, 0xd5, 0xae, 0xd5, 0xcf,
  0xdd, 0xcf, 0xdd, 0xf0, 0xdd, 0xf1, 0xde, 0x32, 0xde, 0x11, 0xd5, 0xf1,
  0xd5, 0xb0, 0xd5, 0xf1, 0xd5, 0xd1, 0xd5, 0xf1, 0xd5, 0xf0, 0xd5, 0xd0,
  0xd5, 0x8f, 0xd5, 0xd0, 0xd5, 0xaf, 0xcd, 0xaf, 0xd5, 0xb0, 0xd5, 0xb0,
  0xdd, 0xd0, 0xd5, 0xf0, 0xd5, 0xd0, 0xcd, 0xd0, 0xcd, 0x8f, 0xcd, 0x8f,
  0xd5, 0xb0, 0xcd, 0x8f, 0xcd, 0x6e, 0xcd, 0xaf, 0xd5, 0xd0, 0xcd, 0xb0,
  0xcd, 0xd0, 0xd5, 0xaf, 0xd5, 0xd0, 0xd5, 0xcf, 0xd5, 0xd0, 0xd5, 0xd0,
  0xcd, 0xd0, 0xd5, 0xd0, 0xde, 0x11, 0xdd, 0xf1, 0xde, 0x11, 0xdd, 0xf0,
  0xd5, 0xf1, 0xdd, 0xf1, 0xd6, 0x11, 0xdd, 0xf0, 0xde, 0x11, 0xd5, 0xd0,
  0xd6, 0x11, 0xde, 0x11, 0xd6, 0x11, 0xde, 0x11, 0xde, 0x10, 0xe6, 0x11,
  0xd6, 0x10, 0xde, 0x10, 0xd6, 0x31, 0xde, 0x11, 0xde, 0x32, 0xe6, 0x31,
  0xde, 0x53, 0xde, 0x53, 0xde, 0x53, 0xe6, 0x52, 0xde, 0x11, 0xcd, 0x2d,
  0xbc, 0x69, 0xa3, 0x85, 0xab, 0xe6, 0xc4, 0x47, 0xbc, 0xeb, 0xe5, 0xce,
  0xde, 0x32, 0xde, 0x11, 0xde, 0x53, 0xde, 0x32, 0xc5, 0x6f, 0xac, 0x8b,
  0xac, 0x8b, 0xa4, 0x29, 0xb4, 0xac, 0xc5, 0x2e, 0xbc, 0xed, 0xbc, 0xec,
  0xdd, 0xae, 0xe5, 0xef, 0xdd, 0xce, 0xc4, 0xca, 0x62, 0x24, 0x51, 0xa2,
  0x51, 0xa5, 0x51, 0xa4, 0x59, 0xa4, 0x61, 0xc4, 0x6a, 0x05, 0x72, 0x05,
  0x6a, 0x05, 0x69, 0xe4, 0x61, 0xc4, 0x69, 0xc4, 0x61, 0xc4, 0x61, 0xc4,
  0x59, 0xc5, 0x61, 0xe5, 0x62, 0x05, 0x6a, 0x05, 0x62, 0x05, 0x61, 0xe4,
  0x62, 0x05, 0x61, 0xc4, 0x59, 0xc4, 0x61, 0xc4, 0x69, 0xe5, 0x72, 0x05,
  0x6a, 0x05, 0x69, 0xc4, 0x69, 0xe5, 0x72, 0x05, 0x7a, 0x25, 0x7a, 0x04,
  0x82, 0x25, 0x8a, 0x65, 0x8a, 0x65, 0x92, 0x65, 0x8a, 0x65, 0x8a, 0x45,
  0x8a, 0x65, 0x8a, 0x65, 0x82, 0x45, 0x82, 0x24, 0x7a, 0x04, 0x81, 0xe4,
  0x82, 0x25, 0x82, 0x24, 0x7a, 0x04, 0x82, 0x04, 0x8a, 0x45, 0x8a, 0x24,
  0x8a, 0x45, 0x9a, 0x45, 0x9a, 0x65, 0xaa, 0xa6, 0xa2, 0x85, 0xa2, 0x24,
  0x92, 0x05, 0x89, 0x82, 0x79, 0xc4, 0x8a, 0x05, 0x71, 0xa4, 0x71, 0x63,
  0x69, 0xa4, 0x69, 0x84, 0x71, 0xe4, 0x7a, 0x05, 0x71, 0xe4, 0x79, 0xc3,
  0x69, 0xc4, 0x69, 0x63, 0x59, 0x84, 0x61, 0x84, 0x61, 0xa5, 0x61, 0x63,
  0x61, 0x84, 0x61, 0x64, 0x59, 0x64, 0x61, 0x63, 0x59, 0x84, 0x59, 0x43,
  0x51, 0x43, 0x61, 0x84, 0x61, 0x84, 0x71, 0xa4, 0x71, 0xa5, 0x81, 0xe5,
  0x82, 0x25, 0x81, 0xe4, 0x92, 0x45, 0x92, 0x25, 0x79, 0xc4, 0x71, 0x83,
  0x71, 0x64, 0x71, 0x64, 0x89, 0xa4, 0xa2, 0x67, 0xb3, 0x07, 0xa2, 0x43,
  0xaa, 0xe6, 0xb3, 0x07, 0xab, 0x47, 0xa2, 0xe5, 0x82, 0x65, 0xcc, 0x8c,
  0xd5, 0xf1, 0xc5, 0x2e, 0xac, 0x4a, 0xcc, 0xec, 0xcd, 0x6e, 0xee, 0x31,
  0xe6, 0x73, 0xdd, 0xf1, 0xdd, 0xf0, 0xdd, 0xcf, 0xde, 0x0f, 0xdd, 0xef,
  0xde, 0x10, 0xdd, 0xef, 0xde, 0x10, 0xe6, 0x10, 0xde, 0x32, 0xde, 0x11,
  0xde, 0x12, 0xdd, 0xf1, 0xd5, 0xf0, 0xdd, 0xf0, 0xde, 0x11, 0xde, 0x10,
  0xde, 0x32, 0xde, 0x11, 0xd6, 0x11, 0xde, 0x11, 0xde, 0x53, 0xde, 0x32,
  0xd6, 0x11, 0xde, 0x11, 0xde, 0x11, 0xdd, 0xf1, 0xd5, 0xf0, 0xdd, 0xf0,
  0xd5, 0xf0, 0xd5, 0xcf, 0xd5, 0xf0, 0xdd, 0xf0, 0xd5, 0xd0, 0xd5, 0xd0,
  0xd5, 0xf0, 0xdd, 0xcf, 0xd5, 0xf0, 0xdd, 0xcf, 0xcd, 0xaf, 0xd5, 0xcf,
  0xd5, 0xd0, 0xdd, 0xf0, 0xd6, 0x12, 0xde, 0x32, 0xd6, 0x12, 0xd5, 0xf1,
  0xd6, 0x12, 0xdd, 0xf1, 0xde, 0x12, 0xdd, 0xf1, 0xcd, 0xd1, 0xd5, 0xb0,
  0xcd, 0xb0, 0xd5, 0x90, 0xcd, 0xd0, 0xd5, 0xd0, 0xcd, 0xd1, 0xd5, 0xb0,
  0xd5, 0xd1, 0xd5, 0xd0, 0xd5, 0xd0, 0xcd, 0x8f, 0xcd, 0x8f, 0xcd, 0x6f,
  0xcd, 0x90, 0xcd, 0x6f, 0xcd, 0x8f, 0xd5, 0x8f, 0xcd, 0xd0, 0xcd, 0xb0,
  0xd5, 0xcf, 0xd5, 0xf0, 0xd5, 0xce, 0xd5, 0xef, 0xdd, 0xcf, 0xdd, 0xf0,
  0xdd, 0xf0, 0xde, 0x11, 0xde, 0x11, 0xd6, 0x11, 0xde, 0x10, 0xde, 0x11,
  0xdd, 0xf0, 0xde, 0x11, 0xdd, 0xf0, 0xd5, 0xf1, 0xdd, 0xf0, 0xd6, 0x10,
  0xd5, 0xef, 0xd6, 0x10, 0xde, 0x31, 0xde, 0x31, 0xde, 0x0f, 0xde, 0x30,
  0xde, 0x0f, 0xde, 0x10, 0xe6, 0x30, 0xde, 0x31, 0xe6, 0x51, 0xde, 0x31,
  0xe6, 0x52, 0xde, 0x73, 0xde, 0x32, 0xde, 0x52, 0xe6, 0x52, 0xd6, 0x11,
  0xdd, 0x6e, 0xa3, 0xe8, 0xab, 0x45, 0xab, 0x66, 0xb3, 0xc6, 0xbc, 0x48,
  0xcd, 0x6d, 0xde, 0x10, 0xdd, 0xf0, 0xde, 0x31, 0xde, 0x10, 0xb5, 0x0d,
  0xac, 0x6a, 0xa4, 0x49, 0xbc, 0xcb, 0xcd, 0x8f, 0xcd, 0x2d, 0xdd, 0xcf,
  0xe5, 0xad, 0xdd, 0x8c, 0xe5, 0xcd, 0xbc, 0xc9, 0x62, 0x23, 0x49, 0xa1,
  0x51, 0xa4, 0x49, 0xa5, 0x51, 0x83, 0x49, 0xa4, 0x61, 0xa3, 0x6a, 0x05,
  0x7a, 0x25, 0x72, 0x04, 0x69, 0xc4, 0x69, 0xe5, 0x69, 0xc4, 0x59, 0xa4,
  0x59, 0xc4, 0x62, 0x05, 0x6a, 0x25, 0x62, 0x25, 0x6a, 0x25, 0x62, 0x04,
  0x61, 0xc4, 0x62, 0x04, 0x61, 0xe4, 0x61, 0xe4, 0x69, 0xc3, 0x69, 0xe4,
  0x71, 0xe4, 0x69, 0xe4, 0x71, 0xe4, 0x72, 0x25, 0x7a, 0x04, 0x7a, 0x25,
  0x9a, 0xa5, 0x9a, 0xe6, 0xa2, 0xc6, 0x9a, 0xe6, 0x9a, 0xc5, 0x9a, 0xe6,
  0xa3, 0x06, 0x9b, 0x06, 0x9a, 0xc5, 0x8a, 0x64, 0x92, 0x64, 0x8a, 0x65,
  0x8a, 0x44, 0x8a, 0x65, 0x8a, 0x64, 0x8a, 0xa5, 0x9a, 0xa5, 0x9a, 0xc6,
  0xa2, 0xc5, 0xab, 0x06, 0xaa, 0xc5, 0xbb, 0x47, 0xbb, 0x05, 0xaa, 0xc5,
  0xaa, 0x64, 0x9a, 0x03, 0x91, 0xe4, 0x9a, 0x45, 0x81, 0xe4, 0x71, 0x83,
  0x69, 0x83, 0x61, 0x84, 0x69, 0xa3, 0x69, 0xc4, 0x61, 0x83, 0x61, 0xa4,
  0x59, 0x83, 0x51, 0x63, 0x51, 0x63, 0x59, 0xa5, 0x61, 0x83, 0x59, 0x63,
  0x61, 0x63, 0x61, 0x84, 0x59, 0x63, 0x51, 0x63, 0x59, 0x63, 0x51, 0x64,
  0x59, 0x63, 0x59, 0x84, 0x69, 0x63, 0x69, 0x84, 0x79, 0x84, 0x81, 0xe5,
  0x8a, 0x25, 0x92, 0x86, 0x92, 0x04, 0x92, 0x45, 0x89, 0xc4, 0x79, 0x83,
  0x81, 0xa3, 0x81, 0xc5, 0xa2, 0x66, 0xaa, 0xc8, 0xc3, 0x68, 0xa2, 0x85,
  0x92, 0x03, 0xa2, 0xc7, 0xa3, 0x05, 0x92, 0xc4, 0x9a, 0xc5, 0xd4, 0xee,
  0xcc, 0xec, 0x9b, 0xa7, 0xa3, 0x66, 0xd5, 0x2d, 0xdd, 0xae, 0xd5, 0x6d,
  0xd5, 0x6d, 0xdd, 0xce, 0xe6, 0x0f, 0xdd, 0xef, 0xdd, 0xef, 0xde, 0x10,
  0xe5, 0xef, 0xde, 0x10, 0xe6, 0x10, 0xde, 0x10, 0xe6, 0x10, 0xde, 0x31,
  0xe6, 0x10, 0xdd, 0xf0, 0xdd, 0xf0, 0xdd, 0xf0, 0xe5, 0xf0, 0xde, 0x31,
  0xde, 0x11, 0xd6, 0x11, 0xde, 0x11, 0xe6, 0x73, 0xe6, 0x32, 0xde, 0x32,
  0xe6, 0x11, 0xde, 0x31, 0xdd, 0xf1, 0xdd, 0xf1, 0xdd, 0xf0, 0xdd, 0xf0,
  0xde, 0x10, 0xdd, 0xf0, 0xde, 0x11, 0xde, 0x11, 0xdd, 0xd0, 0xd5, 0xf0,
  0xdd, 0xcf, 0xd5, 0xcf, 0xdd, 0xaf, 0xd5, 0xcf, 0xdd, 0xaf, 0xd5, 0xaf,
  0xd5, 0xaf, 0xde, 0x11, 0xde, 0x12, 0xde, 0x12, 0xde, 0x12, 0xde, 0x12,
  0xdd, 0xf1, 0xd6, 0x11, 0xdd, 0xf1, 0xd5, 0xf1, 0xd5, 0xd0, 0xd5, 0xd0,
  0xd5, 0xaf, 0xd5, 0xd0, 0xdd, 0xf0, 0xd5, 0xf1, 0xd5, 0xb0, 0xd5, 0xf1,
  0xd5, 0xb0, 0xd5, 0xd0, 0xd5, 0x8f, 0xcd, 0x8f, 0xd5, 0x8f, 0xd5, 0xaf,
  0xd5, 0x6f, 0xcd, 0x8f, 0xcd, 0x6f, 0xd5, 0xb0, 0xcd, 0xaf, 0xcd, 0xd0,
  0xcd, 0xaf, 0xd5, 0x8e, 0xcd, 0xaf, 0xdd, 0xcf, 0xd5, 0xd0, 0xdd, 0xcf,
  0xd5, 0xf0, 0xdd, 0xf0, 0xd6, 0x11, 0xdd, 0xf0, 0xde, 0x11, 0xdd, 0xf1,
  0xd6, 0x11, 0xde, 0x11, 0xd6, 0x11, 0xde, 0x11, 0xd6, 0x11, 0xde, 0x11,
  0xde, 0x11, 0xde, 0x11, 0xde, 0x11, 0xdd, 0xf0, 0xde, 0x11, 0xde, 0x10,
  0xd6, 0x11, 0xdd, 0xf0, 0xd6, 0x10, 0xdd, 0xf0, 0xde, 0x32, 0xde, 0x32,
  0xde, 0x52, 0xe6, 0x52, 0xd6, 0x52, 0xde, 0x31, 0xde, 0x52, 0xe6, 0x32,
  0xde, 0x32, 0xcd, 0x4e, 0xb4, 0x29, 0xa3, 0x66, 0xab, 0x86, 0xb3, 0xa6,
  0xa3, 0xc7, 0xc4, 0xaa, 0xd5, 0xd0, 0xdd, 0xf0, 0xd6, 0x32, 0xc5, 0x4e,
  0xa4, 0x4a, 0xac, 0x49, 0xb4, 0xac, 0xdd, 0xb0, 0xe6, 0x31, 0xe6, 0x10,
  0xd5, 0x8d, 0xe5, 0xad, 0xd5, 0xac, 0xbc, 0x88, 0x62, 0x65, 0x51, 0x81,
  0x51, 0xc5, 0x49, 0x64, 0x41, 0x84, 0x41, 0x63, 0x51, 0xa4, 0x61, 0xe5,
  0x72, 0x46, 0x72, 0x05, 0x61, 0xc4, 0x59, 0x83, 0x59, 0xc5, 0x59, 0xa4,
  0x51, 0xc4, 0x61, 0xe5, 0x59, 0xc5, 0x51, 0x83, 0x59, 0xc4, 0x6a, 0x26,
  0x62, 0x25, 0x61, 0xc4, 0x62, 0x05, 0x7a, 0x87, 0x6a, 0x25, 0x61, 0xc4,
  0x69, 0xe5, 0x69, 0xc5, 0x69, 0xe4, 0x71, 0xe4, 0x82, 0x24, 0x8a, 0x85,
  0x9a, 0xc6, 0xa3, 0x06, 0xa3, 0x26, 0xab, 0x47, 0x9b, 0x46, 0xa3, 0x46,
  0xab, 0xa8, 0xab, 0x66, 0x9b, 0x26, 0x92, 0xc5, 0x92, 0xc6, 0x92, 0xa5,
  0x92, 0xc6, 0x9a, 0xc6, 0x9a, 0xe6, 0xa2, 0xe6, 0xab, 0x47, 0xb3, 0x67,
  0xb3, 0x87, 0xbb, 0x87, 0xbb, 0x87, 0xc3, 0x87, 0xc3, 0xa8, 0xc3, 0x86,
  0xb3, 0x27, 0xaa, 0xa5, 0x9a, 0x65, 0x9a, 0x24, 0x8a, 0x25, 0x81, 0xc3,
  0x61, 0xa4, 0x61, 0x63, 0x59, 0xa4, 0x59, 0x83, 0x51, 0x84, 0x51, 0x63,
  0x49, 0x64, 0x49, 0x64, 0x49, 0x64, 0x51, 0x64, 0x51, 0x63, 0x51, 0x63,
  0x59, 0x64, 0x59, 0x43, 0x51, 0x44, 0x59, 0x43, 0x59, 0x64, 0x59, 0x64,
  0x59, 0x65, 0x59, 0x44, 0x61, 0x63, 0x69, 0x84, 0x69, 0x84, 0x71, 0xa4,
  0x79, 0xe4, 0x92, 0x46, 0x8a, 0x04, 0x9a, 0x45, 0x92, 0x25, 0x81, 0xa3,
  0x92, 0x05, 0x9a, 0x46, 0xcc, 0x0b, 0xb3, 0x48, 0xcc, 0x4b, 0xab, 0x26,
  0x79, 0xa3, 0xa2, 0xe8, 0x93, 0x26, 0x8a, 0xa4, 0x9b, 0x06, 0xc4, 0x09,
  0xb3, 0xa7, 0xa3, 0x05, 0xc4, 0x8a, 0xf5, 0xf0, 0xe6, 0x31, 0xc4, 0xec,
  0xac, 0x28, 0xdd, 0xad, 0xde, 0x10, 0xe5, 0xf0, 0xdd, 0xf0, 0xe5, 0xf0,
  0xde, 0x10, 0xdd, 0xcf, 0xd5, 0xd0, 0xdd, 0xd0, 0xdd, 0xf0, 0xdd, 0xcf,
  0xde, 0x10, 0xdd, 0xf0, 0xdd, 0xf0, 0xdd, 0xf0, 0xde, 0x11, 0xe6, 0x11,
  0xde, 0x12, 0xe6, 0x12, 0xde, 0x12, 0xde, 0x12, 0xde, 0x11, 0xdd, 0xf0,
  0xde, 0x11, 0xdd, 0xf1, 0xd6, 0x11, 0xdd, 0xf1, 0xde, 0x11, 0xdd, 0xf1,
  0xd5, 0xf1, 0xdd, 0xf1, 0xd6, 0x11, 0xde, 0x11, 0xd6, 0x11, 0xd5, 0xcf,
  0xd5, 0xd0, 0xd5, 0xaf, 0xd5, 0xd0, 0xdd, 0xd0, 0xd5, 0xd1, 0xd5, 0xb0,
  0xd5, 0xf1, 0xdd, 0xf1, 0xd6, 0x12, 0xde, 0x12, 0xd6, 0x12, 0xdd, 0xf1,
  0xd5, 0xf1, 0xdd, 0xd1, 0xd5, 0xf1, 0xd5, 0xb0, 0xcd, 0xaf, 0xd5, 0xaf,
  0xcd, 0xd0, 0xd5, 0xaf, 0xcd, 0xd0, 0xd5, 0xb0, 0xcd, 0xb0, 0xd5, 0xb0,
  0xd5, 0xd1, 0xd5, 0xb0, 0xd5, 0xd1, 0xd5, 0xb0, 0xcd, 0x8f, 0xcd, 0x6e,
  0xcd, 0x8f, 0xd5, 0x6f, 0xd5, 0xb0, 0xd5, 0x8f, 0xcd, 0xd1, 0xcd, 0xb0,
  0xd5, 0xae, 0xd5, 0xaf, 0xd5, 0xcf, 0xcd, 0xaf, 0xdd, 0xcf, 0xd5, 0xcf,
  0xdd, 0xcf, 0xd5, 0xf0, 0xdd, 0xf0, 0xde, 0x31, 0xde, 0x31, 0xd6, 0x11,
  0xde, 0x10, 0xde, 0x31, 0xde, 0x11, 0xde, 0x11, 0xe6, 0x11, 0xde, 0x32,
  0xdd, 0xf0, 0xde, 0x31, 0xe6, 0x11, 0xde, 0x11, 0xde, 0x10, 0xe6, 0x51,
  0xde, 0x10, 0xde, 0x30, 0xde, 0x10, 0xde, 0x10, 0xde, 0x11, 0xde, 0x52,
  0xe6, 0x52, 0xde, 0x52, 0xde, 0x51, 0xd6, 0x52, 0xde, 0x31, 0xde, 0x52,
  0xe6, 0x72, 0xde, 0x31, 0xd5, 0x4e, 0xb4, 0x6a, 0xb3, 0xe6, 0xb3, 0xe7,
  0xab, 0x65, 0x9b, 0x24, 0xab, 0xe8, 0xdd, 0xb0, 0xe6, 0x31, 0xcd, 0xd0,
  0xbc, 0xab, 0xa4, 0x49, 0xcd, 0x4c, 0xe6, 0x30, 0xe6, 0x0e, 0xdd, 0xcd,
  0xee, 0x0e, 0xe6, 0x0e, 0xdd, 0x6c, 0xb4, 0x88, 0x72, 0x65, 0x59, 0xc3,
  0x62, 0x06, 0x49, 0x84, 0x49, 0x63, 0x49, 0xa4, 0x59, 0xa3, 0x6a, 0x46,
  0x72, 0x04, 0x6a, 0x04, 0x61, 0xc4, 0x51, 0xa4, 0x51, 0x84, 0x59, 0xe5,
  0x61, 0xe4, 0x59, 0xc4, 0x59, 0xa3, 0x51, 0x83, 0x51, 0x63, 0x59, 0xe6,
  0x6a, 0x25, 0x59, 0xa4, 0x6a, 0x25, 0x7a, 0xe8, 0x72, 0x05, 0x61, 0xe4,
  0x61, 0x83, 0x61, 0xc5, 0x7a, 0x04, 0x7a, 0x46, 0x9a, 0xc6, 0xa3, 0x07,
  0xa3, 0x26, 0xab, 0x87, 0xab, 0x87, 0xab, 0xc8, 0xab, 0x86, 0xa3, 0x87,
  0xb3, 0xa7, 0xa3, 0x86, 0xa3, 0x45, 0x9b, 0x25, 0xa3, 0x05, 0x9b, 0x05,
  0x9a, 0xe4, 0xa3, 0x26, 0xb3, 0x46, 0xb3, 0x67, 0xbb, 0x66, 0xb3, 0x86,
  0xc3, 0xc7, 0xc4, 0x29, 0xcb, 0xe8, 0xc4, 0x08, 0xcb, 0xe7, 0xbb, 0x86,
  0xbb, 0x25, 0xb3, 0x05, 0xb2, 0xe5, 0xaa, 0xc5, 0x9a, 0x65, 0x81, 0xe3,
  0x69, 0xa4, 0x61, 0x84, 0x59, 0x84, 0x51, 0x64, 0x51, 0x63, 0x49, 0x63,
  0x51, 0x63, 0x51, 0x84, 0x51, 0x63, 0x49, 0x84, 0x59, 0x63, 0x51, 0x64,
  0x59, 0x43, 0x59, 0x44, 0x61, 0x84, 0x61, 0xc5, 0x61, 0x84, 0x59, 0x64,
  0x59, 0x43, 0x59, 0x64, 0x71, 0xc4, 0x71, 0xc5, 0x61, 0x42, 0x61, 0x84,
  0x81, 0xe4, 0x8a, 0x26, 0x89, 0xe4, 0x8a, 0x25, 0x9a, 0x65, 0x8a, 0x04,
  0xa2, 0x25, 0x9a, 0x45, 0x9a, 0x03, 0xb3, 0x08, 0xe4, 0xed, 0x9a, 0xe5,
  0x71, 0x82, 0x9b, 0x08, 0x92, 0xe5, 0x8a, 0xa4, 0xb3, 0x06, 0xab, 0x06,
  0xa2, 0xa4, 0xb3, 0x67, 0xe5, 0x8d, 0xfe, 0x71, 0xe6, 0x31, 0xc5, 0x4e,
  0xd5, 0x2b, 0xe6, 0x0f, 0xe5, 0xcd, 0xe5, 0xee, 0xee, 0x2f, 0xe6, 0x0f,
  0xe6, 0x11, 0xde, 0x31, 0xde, 0x11, 0xd6, 0x11, 0xdd, 0xef, 0xde, 0x10,
  0xdd, 0xf0, 0xdd, 0xf0, 0xe5, 0xf0, 0xde, 0x10, 0xdd, 0xf0, 0xde, 0x10,
  0xdd, 0xf0, 0xe6, 0x32, 0xe6, 0x31, 0xd5, 0xf1, 0xd5, 0xae, 0xde, 0x10,
  0xdd, 0xf0, 0xde, 0x10, 0xe6, 0x11, 0xde, 0x32, 0xdd, 0xf0, 0xde, 0x11,
  0xde, 0x11, 0xde, 0x11, 0xde, 0x11, 0xd6, 0x11, 0xd5, 0xcf, 0xd5, 0xf0,
  0xdd, 0xf0, 0xdd, 0xf0, 0xdd, 0xf0, 0xde, 0x10, 0xdd, 0xf0, 0xd5, 0xf0,
  0xe6, 0x11, 0xde, 0x32, 0xde, 0x11, 0xd6, 0x12, 0xde, 0x11, 0xd6, 0x11,
  0xde, 0x11, 0xd5, 0xf1, 0xdd, 0xf0, 0xd5, 0xf0, 0xdd, 0xcf, 0xd5, 0xd0,
  0xd5, 0xd0, 0xd5, 0xf0, 0xd5, 0xd0, 0xcd, 0xd0, 0xd5, 0xd0, 0xd5, 0xd0,
  0xdd, 0xd0, 0xd5, 0xf1, 0xd5, 0xd0, 0xd5, 0xd0, 0xd5, 0xb0, 0xd5, 0xd0,
  0xd5, 0x8f, 0xcd, 0xb0, 0xd5, 0xaf, 0xd5, 0xd0, 0xd5, 0xd0, 0xcd, 0xb0,
  0xd5, 0xcf, 0xd5, 0x8e, 0xd5, 0xcf, 0xd5, 0xae, 0xd5, 0xcf, 0xdd, 0xcf,
  0xd5, 0xd0, 0xdd, 0xd0, 0xde, 0x11, 0xdd, 0xf0, 0xd6, 0x31, 0xde, 0x11,
  0xd6, 0x11, 0xde, 0x11, 0xd6, 0x11, 0xdd, 0xf0, 0xd5, 0xf0, 0xde, 0x11,
  0xd5, 0xf1, 0xde, 0x11, 0xde, 0x32, 0xdd, 0xf1, 0xde, 0x11, 0xde, 0x11,
  0xde, 0x31, 0xe6, 0x31, 0xde, 0x10, 0xe6, 0x31, 0xd6, 0x11, 0xde, 0x31,
  0xde, 0x52, 0xde, 0x11, 0xde, 0x31, 0xde, 0x31, 0xe6, 0x31, 0xcd, 0x2c,
  0xcd, 0x6d, 0xe5, 0xcf, 0xd5, 0xaf, 0xd5, 0x6e, 0xb4, 0x49, 0xb3, 0xe7,
  0xb3, 0xe7, 0xab, 0x65, 0x8a, 0xe5, 0xbc, 0x6b, 0xde, 0x32, 0xdd, 0xf1,
  0xbd, 0x2d, 0xac, 0x69, 0xd5, 0x8d, 0xe6, 0x0f, 0xdd, 0xcc, 0xe5, 0xed,
  0xdd, 0xce, 0xdd, 0x8c, 0xdd, 0xae, 0xa3, 0xc6, 0x62, 0x04, 0x61, 0xc3,
  0x51, 0xc5, 0x51, 0xa4, 0x49, 0x84, 0x51, 0x84, 0x51, 0xc4, 0x6a, 0x46,
  0x72, 0x46, 0x69, 0xe4, 0x51, 0xc5, 0x51, 0x84, 0x49, 0xa5, 0x51, 0xc5,
  0x59, 0xe5, 0x59, 0xc4, 0x59, 0xc5, 0x51, 0x84, 0x49, 0x84, 0x59, 0xa4,
  0x62, 0x05, 0x6a, 0x26, 0x6a, 0x46, 0x6a, 0x04, 0x59, 0xc5, 0x51, 0x63,
  0x51, 0x64, 0x61, 0xa4, 0x7a, 0x04, 0x92, 0x86, 0xa3, 0x27, 0xb3, 0x68,
  0xab, 0xc7, 0xab, 0xa7, 0xab, 0xe8, 0xab, 0xa7, 0xa3, 0xa7, 0xab, 0xa7,
  0xab, 0xc7, 0xa3, 0x66, 0xa3, 0x66, 0xab, 0x45, 0xa3, 0x66, 0xa3, 0x45,
  0xab, 0x66, 0xab, 0x66, 0xb3, 0x87, 0xbb, 0x86, 0xbb, 0xc7, 0xc3, 0xa7,
  0xc4, 0x09, 0xcc, 0x29, 0xcc, 0x29, 0xcc, 0x29, 0xcb, 0xe8, 0xc3, 0xa6,
  0xbb, 0x86, 0xbb, 0x24, 0xb3, 0x26, 0xb2, 0xe5, 0x92, 0x65, 0x81, 0xc2,
  0x69, 0xa4, 0x61, 0x63, 0x59, 0x84, 0x61, 0x84, 0x59, 0xc5, 0x61, 0xa4,
  0x59, 0xc5, 0x59, 0xc5, 0x51, 0xa5, 0x51, 0x84, 0x59, 0x84, 0x59, 0x43,
  0x59, 0x64, 0x59, 0x64, 0x61, 0xa5, 0x69, 0xa4, 0x59, 0x64, 0x59, 0x63,
  0x59, 0x64, 0x61, 0x84, 0x69, 0xa5, 0x61, 0x63, 0x51, 0x43, 0x61, 0x84,
  0x81, 0xe5, 0x8a, 0x26, 0x92, 0x46, 0x89, 0xe4, 0x79, 0xe4, 0x81, 0xe4,
  0x92, 0x05, 0x91, 0xc4, 0x81, 0xe3, 0xcc, 0x0b, 0xdd, 0x2d, 0xa3, 0x46,
  0x69, 0xa2, 0x92, 0xe7, 0x92, 0xc6, 0x92, 0xa5, 0xa2, 0xa6, 0xa2, 0x64,
  0xa2, 0xe5, 0xcc, 0x09, 0xdd, 0xef, 0xf6, 0x50, 0xee, 0x92, 0xcd, 0x4d,
  0xd5, 0x0a, 0xdd, 0x0a, 0xdd, 0x09, 0xe5, 0x09, 0xdd, 0x6b, 0xed, 0xcd,
  0xe6, 0x31, 0xe6, 0x31, 0xde, 0x31, 0xde, 0x11, 0xde, 0x11, 0xde, 0x10,
  0xde, 0x10, 0xdd, 0xf0, 0xde, 0x11, 0xe6, 0x10, 0xdd, 0xf0, 0xdd, 0xef,
  0xde, 0x11, 0xde, 0x11, 0xde, 0x11, 0xde, 0x11, 0xd5, 0xf0, 0xdd, 0xf0,
  0xde, 0x10, 0xe6, 0x31, 0xde, 0x11, 0xe6, 0x31, 0xd5, 0xf0, 0xdd, 0xf0,
  0xde, 0x53, 0xe6, 0x32, 0xd6, 0x12, 0xde, 0x11, 0xde, 0x32, 0xde, 0x11,
  0xd5, 0xf0, 0xdd, 0xf0, 0xd5, 0xf0, 0xdd, 0xcf, 0xd5, 0xf0, 0xdd, 0xf0,
  0xde, 0x32, 0xde, 0x11, 0xd6, 0x33, 0xde, 0x32, 0xde, 0x33, 0xdd, 0xf2,
  0xd5, 0xf2, 0xd5, 0xf1, 0xd5, 0xf1, 0xdd, 0xf1, 0xd5, 0xd1, 0xdd, 0xd0,
  0xd5, 0xd1, 0xd5, 0xb0, 0xcd, 0xd1, 0xd5, 0xd1, 0xcd, 0xd1, 0xd5, 0xd1,
  0xd5, 0xf2, 0xd5, 0xb0, 0xcd, 0xd1, 0xd5, 0xb0, 0xcd, 0xb1, 0xd5, 0xd1,
  0xcd, 0xb0, 0xcd, 0xb0, 0xcd, 0xb0, 0xcd, 0xb0, 0xcd, 0xb0, 0xd5, 0xb0,
  0xd5, 0x8e, 0xd5, 0xae, 0xdd, 0xce, 0xd5, 0xce, 0xd5, 0xcf, 0xd5, 0xef,
  0xdd, 0xf0, 0xd5, 0xf0, 0xde, 0x10, 0xde, 0x31, 0xe6, 0x31, 0xd6, 0x11,
  0xde, 0x10, 0xde, 0x11, 0xde, 0x10, 0xde, 0x10, 0xde, 0x10, 0xde, 0x51,
  0xdd, 0xf0, 0xde, 0x31, 0xde, 0x10, 0xde, 0x11, 0xde, 0x10, 0xde, 0x31,
  0xe6, 0x31, 0xde, 0x51, 0xde, 0x10, 0xde, 0x30, 0xe6, 0x31, 0xde, 0x51,
  0xe6, 0x31, 0xde, 0x31, 0xee, 0x0f, 0xd5, 0x8d, 0xd4, 0xa9, 0xbc, 0x27,
  0xab, 0x85, 0xa3, 0x85, 0xb3, 0xe7, 0xd5, 0x2d, 0xd5, 0x4d, 0xb4, 0x6a,
  0xbc, 0x08, 0xab, 0xc7, 0xa3, 0x66, 0x93, 0x05, 0xc4, 0xed, 0xdd, 0xf1,
  0xcd, 0x2c, 0xbc, 0xcb, 0xe5, 0xad, 0xdd, 0xcd, 0xe5, 0x6b, 0xe5, 0xcc,
  0xe5, 0x6b, 0xed, 0xed, 0xc4, 0x8a, 0x82, 0x82, 0x6a, 0x04, 0x62, 0x04,
  0x59, 0xe5, 0x51, 0xc4, 0x51, 0xa3, 0x5a, 0x05, 0x62, 0x04, 0x62, 0x25,
  0x6a, 0x25, 0x62, 0x05, 0x59, 0xe5, 0x51, 0xa4, 0x51, 0xa4, 0x51, 0xc5,
  0x59, 0xc4, 0x59, 0xe5, 0x59, 0xa4, 0x51, 0xa4, 0x59, 0xe4, 0x59, 0xc5,
  0x7a, 0x86, 0x8b, 0x29, 0x72, 0x45, 0x62, 0x04, 0x59, 0x83, 0x51, 0x83,
  0x69, 0xa4, 0x72, 0x05, 0x92, 0x64, 0xa3, 0x07, 0xab, 0x25, 0xbb, 0xe8,
  0xb3, 0xe7, 0xb3, 0xe8, 0xb3, 0xe7, 0xab, 0xe7, 0xb3, 0xc6, 0xab, 0xe7,
  0xb3, 0xc6, 0xab, 0xc6, 0xb3, 0xa6, 0xb3, 0xc7, 0xbb, 0xc6, 0xb3, 0xa7,
  0xbb, 0xc6, 0xb3, 0xa6, 0xbb, 0xa6, 0xbb, 0xe7, 0xc3, 0xe7, 0xc4, 0x28,
  0xcc, 0x28, 0xc4, 0x29, 0xd4, 0x28, 0xcc, 0x69, 0xcb, 0xe7, 0xcc, 0x07,
  0xcb, 0xa6, 0xc3, 0x85, 0xbb, 0x25, 0xaa, 0xa4, 0x92, 0x04, 0x81, 0xc3,
  0x71, 0xe4, 0x69, 0xc4, 0x69, 0xc4, 0x69, 0xe4, 0x71, 0xe4, 0x69, 0xc4,
  0x61, 0xa3, 0x6a, 0x26, 0x93, 0x09, 0x59, 0xa4, 0x61, 0x63, 0x59, 0x63,
  0x61, 0x63, 0x61, 0xa4, 0x59, 0x83, 0x59, 0x83, 0x59, 0x84, 0x59, 0xa4,
  0x51, 0x63, 0x59, 0xa5, 0x59, 0x83, 0x51, 0x63, 0x59, 0x63, 0x61, 0xc5,
  0x81, 0xc4, 0x81, 0xe5, 0x9a, 0x65, 0x9a, 0xc7, 0x81, 0xe3, 0x82, 0x24,
  0x81, 0xa3, 0x81, 0xe4, 0x8a, 0x24, 0xdc, 0xcf, 0xe5, 0x2c, 0xab, 0xa6,
  0x82, 0x03, 0x92, 0xc6, 0xa2, 0xc6, 0x92, 0x85, 0x91, 0xc2, 0xb3, 0x07,
  0xd4, 0xab, 0xe5, 0x4e, 0xdd, 0xee, 0xe6, 0x50, 0xd5, 0x4c, 0xc4, 0xca,
  0xdc, 0x88, 0xdc, 0xa9, 0xdc, 0x87, 0xcc, 0x46, 0xcc, 0xc9, 0xed, 0xcd,
  0xe6, 0x30, 0xde, 0x30, 0xe6, 0x10, 0xde, 0x10, 0xe6, 0x10, 0xde, 0x10,
  0xdd, 0xef, 0xde, 0x10, 0xe5, 0xf0, 0xde, 0x10, 0xe5, 0xf0, 0xdd, 0xf0,
  0xdd, 0xf0, 0xde, 0x11, 0xdd, 0xf0, 0xde, 0x11, 0xe5, 0xf0, 0xde, 0x10,
  0xdd, 0xef, 0xde, 0x30, 0xdd, 0xef, 0xde, 0x10, 0xdd, 0xcf, 0xde, 0x10,
  0xe6, 0x52, 0xde, 0x31, 0xde, 0x11, 0xde, 0x11, 0xdd, 0xf0, 0xde, 0x10,
  0xdd, 0xef, 0xdd, 0xf0, 0xdd, 0xcf, 0xd5, 0xcf, 0xdd, 0xcf, 0xd5, 0xf0,
  0xde, 0x11, 0xde, 0x32, 0xe6, 0x32, 0xd6, 0x32, 0xde, 0x12, 0xd6, 0x12,
  0xd5, 0xf1, 0xd6, 0x12, 0xdd, 0xf1, 0xd6, 0x11, 0xd5, 0xb0, 0xd5, 0xd0,
  0xdd, 0xf0, 0xd5, 0xd1, 0xd5, 0xd1, 0xd5, 0xf1, 0xd5, 0xd0, 0xd5, 0xf1,
  0xdd, 0xf1, 0xd5, 0xf1, 0xd5, 0xd0, 0xd5, 0xf1, 0xd5, 0xd0, 0xd5, 0xd1,
  0xd5, 0xd0, 0xcd, 0xd0, 0xcd, 0x8f, 0xcd, 0xaf, 0xd5, 0xaf, 0xd5, 0xd0,
  0xd5, 0xcf, 0xd5, 0xce, 0xd5, 0xcf, 0xd5, 0xae, 0xd5, 0xf0, 0xdd, 0xef,
  0xd6, 0x11, 0xdd, 0xf0, 0xd6, 0x11, 0xde, 0x11, 0xde, 0x11, 0xdd, 0xf1,
  0xde, 0x11, 0xdd, 0xd0, 0xd6, 0x10, 0xdd, 0xf0, 0xd5, 0xf0, 0xdd, 0xf0,
  0xde, 0x11, 0xde, 0x10, 0xde, 0x11, 0xde, 0x10, 0xd6, 0x11, 0xde, 0x10,
  0xde, 0x31, 0xdd, 0xf0, 0xde, 0x10, 0xde, 0x30, 0xde, 0x31, 0xde, 0x31,
  0xe6, 0x52, 0xe6, 0x31, 0xcd, 0x0c, 0xb4, 0x08, 0xb3, 0x87, 0xb3, 0x66,
  0xab, 0x66, 0xab, 0x45, 0xa3, 0x25, 0xb3, 0xa7, 0xcd, 0x2e, 0xdd, 0xaf,
  0xc4, 0xab, 0xa3, 0x86, 0xa3, 0x87, 0x9b, 0x05, 0xac, 0x6b, 0xdd, 0x90,
  0xbc, 0xeb, 0xc4, 0xeb, 0xe5, 0xce, 0xd5, 0x2b, 0xb3, 0xe6, 0xc4, 0x47,
  0xc4, 0x67, 0xd4, 0xc8, 0xa3, 0xa8, 0x7a, 0x22, 0x62, 0x05, 0x61, 0xe4,
  0x51, 0xe5, 0x51, 0xa3, 0x51, 0xc4, 0x61, 0xe4, 0x6a, 0x46, 0x6a, 0x25,
  0x62, 0x25, 0x61, 0xc4, 0x51, 0xc4, 0x59, 0xc4, 0x51, 0xc4, 0x51, 0x84,
  0x49, 0x84, 0x51, 0xa4, 0x51, 0x84, 0x59, 0xa4, 0x5a, 0x05, 0x59, 0xe4,
  0x72, 0x86, 0x7a, 0xc7, 0x72, 0x66, 0x61, 0xe4, 0x49, 0x84, 0x51, 0x63,
  0x71, 0xe5, 0x7a, 0x26, 0x9a, 0xc5, 0xab, 0x06, 0xa3, 0x46, 0xab, 0x46,
  0xab, 0xe8, 0xb3, 0xe8, 0xab, 0xe8, 0xb3, 0xe8, 0xb3, 0xe7, 0xb3, 0xc7,
  0xb3, 0xc7, 0xb3, 0xc6, 0xb3, 0xa7, 0xbb, 0xc7, 0xb3, 0xe7, 0xb3, 0xa6,
  0xb3, 0xc7, 0xbb, 0xc6, 0xbb, 0xc7, 0xc3, 0xc7, 0xc4, 0x28, 0xc4, 0x08,
  0xc4, 0x28, 0xcc, 0x28, 0xcc, 0x28, 0xcc, 0x08, 0xcc, 0x08, 0xd4, 0x08,
  0xd4, 0x08, 0xcb, 0xc6, 0xb3, 0x26, 0xa2, 0x83, 0x82, 0x05, 0x81, 0xe3,
  0x72, 0x05, 0x71, 0xc4, 0x71, 0xe4, 0x71, 0xe4, 0x71, 0xe4, 0x71, 0xc4,
  0x72, 0x05, 0x71, 0xe4, 0x69, 0xe5, 0x61, 0xa4, 0x61, 0xa4, 0x69, 0x83,
  0x61, 0xa4, 0x61, 0x83, 0x51, 0x84, 0x51, 0x63, 0x49, 0x84, 0x49, 0x43,
  0x49, 0x64, 0x51, 0x64, 0x49, 0x64, 0x51, 0x84, 0x59, 0xa5, 0x69, 0xc5,
  0x71, 0xc4, 0x79, 0xe4, 0x8a, 0x25, 0x9a, 0x66, 0x8a, 0x46, 0x8a, 0x25,
  0x69, 0x84, 0x79, 0xc4, 0x82, 0x05, 0x92, 0x25, 0xbb, 0xc7, 0xc3, 0xc7,
  0x9a, 0xa5, 0x9a, 0x85, 0x9a, 0x85, 0x92, 0x24, 0x9a, 0x85, 0xcb, 0xea,
  0xee, 0x10, 0xfe, 0x51, 0xde, 0x30, 0xcd, 0x6d, 0xcd, 0x0b, 0xcc, 0xa9,
  0xcc, 0x48, 0xdc, 0x68, 0xcc, 0x68, 0xd4, 0x68, 0xdd, 0xaf, 0xed, 0xd0,
  0xd6, 0x11, 0xd5, 0xf0, 0xde, 0x11, 0xdd, 0xf0, 0xd6, 0x11, 0xde, 0x11,
  0xd5, 0xf0, 0xdd, 0xf0, 0xde, 0x11, 0xdd, 0xf0, 0xde, 0x11, 0xdd, 0xf0,
  0xd6, 0x11, 0xd5, 0xd0, 0xdd, 0xf1, 0xdd, 0xf1, 0xdd, 0xf0, 0xdd, 0xd0,
  0xd5, 0xf0, 0xdd, 0xf0, 0xde, 0x10, 0xe6, 0x10, 0xdd, 0xf0, 0xdd, 0xf0,
  0xde, 0x32, 0xdd, 0xf1, 0xd5, 0xf1, 0xdd, 0xf0, 0xdd, 0xf0, 0xdd, 0xcf,
  0xd5, 0xd0, 0xdd, 0xcf, 0xd5, 0xd0, 0xdd, 0xd0, 0xdd, 0xf1, 0xdd, 0xf0,
  0xd6, 0x12, 0xde, 0x11, 0xde, 0x33, 0xde, 0x33, 0xde, 0x33, 0xdd, 0xf2,
  0xd5, 0xf2, 0xd5, 0xf1, 0xd5, 0xf1, 0xd5, 0xb0, 0xcd, 0xd0, 0xd5, 0xd0,
  0xd5, 0xd1, 0xd5, 0xd1, 0xd6, 0x12, 0xd5, 0xd1, 0xd5, 0xf1, 0xdd, 0xf1,
  0xd5, 0xf1, 0xd5, 0xd1, 0xd5, 0xf1, 0xd5, 0xf1, 0xcd, 0xd0, 0xd5, 0xd0,
  0xcd, 0xd0, 0xcd, 0xaf, 0xcd, 0xd0, 0xcd, 0x8f, 0xcd, 0x90, 0xd5, 0xb0,
  0xdd, 0xce, 0xd5, 0xef, 0xd5, 0xce, 0xd5, 0xef, 0xdd, 0xef, 0xd5, 0xf0,
  0xdd, 0xf0, 0xde, 0x31, 0xde, 0x11, 0xd5, 0xf0, 0xdd, 0xf0, 0xde, 0x11,
  0xe6, 0x11, 0xde, 0x11, 0xde, 0x10, 0xd6, 0x10, 0xdd, 0xf0, 0xde, 0x11,
  0xde, 0x10, 0xde, 0x31, 0xde, 0x11, 0xde, 0x32, 0xde, 0x11, 0xde, 0x32,
  0xe6, 0x31, 0xde, 0x31, 0xdd, 0xf0, 0xde, 0x31, 0xde, 0x31, 0xde, 0x31,
  0xe5, 0xce, 0xc5, 0x2c, 0xbc, 0x29, 0xb4, 0x08, 0xab, 0x06, 0xa2, 0xe5,
  0xb3, 0x45, 0xb3, 0x87, 0xbb, 0x66, 0xb3, 0x46, 0xb3, 0xc6, 0xdd, 0x2c,
  0xdd, 0xae, 0xac, 0x29, 0xa3, 0x86, 0xa3, 0x87, 0xa3, 0x46, 0x9b, 0x46,
  0xa3, 0x26, 0xbc, 0x4a, 0xdd, 0x2c, 0xc4, 0xaa, 0xab, 0x25, 0xa3, 0x05,
  0xaa, 0xe4, 0xa2, 0xe4, 0x92, 0xa5, 0x79, 0xe2, 0x59, 0xc4, 0x51, 0xc4,
  0x59, 0xc3, 0x6a, 0x66, 0x59, 0xc2, 0x59, 0xe3, 0x6a, 0x25, 0x6a, 0x46,
  0x72, 0x45, 0x62, 0x25, 0x59, 0xc3, 0x59, 0xc4, 0x51, 0xa4, 0x49, 0xa4,
  0x49, 0x63, 0x49, 0xa4, 0x61, 0xa4, 0x61, 0xe5, 0x72, 0x25, 0x7a, 0xc7,
  0x7a, 0xc6, 0x6a, 0x44, 0x6a, 0x04, 0x62, 0x04, 0x59, 0x83, 0x59, 0xa4,
  0x79, 0xe4, 0x82, 0x66, 0xa2, 0xa5, 0xab, 0x07, 0xab, 0x66, 0xab, 0xa7,
  0xbb, 0xe7, 0xb3, 0xc7, 0xb4, 0x07, 0xb4, 0x48, 0xb3, 0xc7, 0xb4, 0x08,
  0xbb, 0xe7, 0xb3, 0xe8, 0xbb, 0xc7, 0xbc, 0x08, 0xc3, 0xe7, 0xbb, 0xc7,
  0xc3, 0xe7, 0xbc, 0x07, 0xc3, 0xc6, 0xc3, 0xe7, 0xcc, 0x08, 0xcc, 0x29,
  0xd4, 0x08, 0xcc, 0x08, 0xcb, 0xc6, 0xcb, 0xe7, 0xd3, 0xe6, 0xcb, 0xe7,
  0xd3, 0xc6, 0xd3, 0xe7, 0xc3, 0x46, 0xaa, 0xc4, 0x92, 0x64, 0x82, 0x03,
  0x69, 0xc3, 0x6a, 0x04, 0x82, 0x04, 0x82, 0x24, 0x79, 0xc3, 0x7a, 0x04,
  0x82, 0x25, 0x71, 0xe4, 0x61, 0x83, 0x61, 0xa4, 0x69, 0x83, 0x69, 0xa4,
  0x69, 0x83, 0x61, 0x83, 0x59, 0x63, 0x51, 0x63, 0x49, 0x63, 0x41, 0x43,
  0x49, 0x64, 0x41, 0x64, 0x51, 0x63, 0x51, 0x84, 0x69, 0xa4, 0x69, 0xc4,
  0x79, 0xa3, 0x82, 0x05, 0x89, 0xe4, 0x8a, 0x25, 0x92, 0x65, 0x8a, 0x45,
  0x71, 0x63, 0x7a, 0x05, 0x92, 0x45, 0x71, 0x82, 0x81, 0xc2, 0xb3, 0x69,
  0xaa, 0xa5, 0x9a, 0x64, 0x9a, 0x23, 0x9a, 0x45, 0xbb, 0xa7, 0xed, 0x6e,
  0xee, 0x2f, 0xdd, 0xee, 0xcd, 0x2c, 0xb4, 0x6a, 0xd4, 0xa9, 0xcc, 0x89,
  0xdc, 0x68, 0xcc, 0x27, 0xcc, 0x49, 0xe5, 0x2c, 0xee, 0x10, 0xe6, 0x30,
  0xdd, 0xf0, 0xde, 0x10, 0xe6, 0x30, 0xde, 0x31, 0xe6, 0x10, 0xde, 0x31,
  0xdd, 0xf0, 0xde, 0x11, 0xe6, 0x10, 0xde, 0x11, 0xd5, 0xf0, 0xd6, 0x10,
  0xdd, 0xf0, 0xde, 0x11, 0xe6, 0x10, 0xdd, 0xf0, 0xdd, 0xcf, 0xdd, 0xf0,
  0xdd, 0xf0, 0xd5, 0xf0, 0xdd, 0xef, 0xd5, 0xf0, 0xde, 0x10, 0xde, 0x31,
  0xe6, 0x11, 0xde, 0x32, 0xdd, 0xf1, 0xde, 0x11, 0xe5, 0xf0, 0xdd, 0xf0,
  0xdd, 0xcf, 0xdd, 0xf0, 0xe6, 0x10, 0xe6, 0x52, 0xde, 0x10, 0xd5, 0xf0,
  0xde, 0x11, 0xde, 0x11, 0xe6, 0x31, 0xde, 0x52, 0xdd, 0xf0, 0xd6, 0x11,
  0xdd, 0xf1, 0xd6, 0x11, 0xdd, 0xd0, 0xd5, 0xf1, 0xdd, 0xf1, 0xd5, 0xf1,
  0xd5, 0xb0, 0xd5, 0xd0, 0xd5, 0xd1, 0xd6, 0x12, 0xd5, 0xf1, 0xd6, 0x11,
  0xd5, 0xf1, 0xd5, 0xf1, 0xd5, 0xd0, 0xcd, 0xd0, 0xd5, 0xd0, 0xcd, 0xd1,
  0xcd, 0xaf, 0xcd, 0xd0, 0xd5, 0xaf, 0xd5, 0xb0, 0xd5, 0xaf, 0xcd, 0x8f,
  0xcd, 0xaf, 0xd5, 0xcf, 0xd5, 0xf0, 0xdd, 0xef, 0xd6, 0x10, 0xd5, 0xcf,
  0xd5, 0xf0, 0xdd, 0xf0, 0xde, 0x11, 0xdd, 0xf0, 0xde, 0x11, 0xde, 0x11,
  0xde, 0x12, 0xdd, 0xf1, 0xde, 0x11, 0xde, 0x10, 0xd6, 0x11, 0xde, 0x11,
  0xd6, 0x11, 0xde, 0x11, 0xde, 0x32, 0xde, 0x11, 0xde, 0x32, 0xe6, 0x32,
  0xde, 0x32, 0xdd, 0xf1, 0xde, 0x11, 0xde, 0x11, 0xde, 0x11, 0xdd, 0xf0,
  0xb4, 0x4a, 0xbc, 0x6a, 0xc4, 0x6b, 0xcc, 0x6b, 0xbc, 0x0a, 0xab, 0x67,
  0xb3, 0x26, 0xb2, 0xe5, 0xab, 0x25, 0xbb, 0x46, 0xab, 0xa6, 0xb3, 0xa6,
  0xcd, 0x0c, 0xd5, 0x2d, 0xab, 0xc8, 0xa3, 0x66, 0x8a, 0x64, 0x92, 0x64,
  0x92, 0xc6, 0x92, 0x84, 0x93, 0x05, 0xab, 0x87, 0xa2, 0xe6, 0xa2, 0xa4,
  0x9a, 0xa5, 0xaa, 0xa5, 0x92, 0x85, 0x89, 0xe3, 0x6a, 0x05, 0x69, 0xc4,
  0x8b, 0x27, 0xab, 0xca, 0x82, 0xc6, 0x71, 0xe3, 0x62, 0x05, 0x72, 0x46,
  0x6a, 0x66, 0x6a, 0x25, 0x5a, 0x05, 0x59, 0xa3, 0x49, 0xa5, 0x49, 0x84,
  0x41, 0x84, 0x41, 0x63, 0x51, 0xa4, 0x59, 0xc5, 0x6a, 0x46, 0x82, 0xc7,
  0x7a, 0xe7, 0x7a, 0xc6, 0x61, 0xe4, 0x69, 0xe4, 0x6a, 0x25, 0x61, 0xc4,
  0x71, 0xe5, 0x7a, 0x25, 0x92, 0x85, 0x9a, 0xc6, 0xab, 0x87, 0xb3, 0x87,
  0xb3, 0xc7, 0xb3, 0xa7, 0xb4, 0x08, 0xc4, 0x29, 0xb4, 0x08, 0xbc, 0x08,
  0xb4, 0x29, 0xb3, 0xe8, 0xb3, 0xe7, 0xbb, 0xe7, 0xbb, 0xe8, 0xc3, 0xe8,
  0xbb, 0xe8, 0xc3, 0xe7, 0xc3, 0xe8, 0xcc, 0x08, 0xcc, 0x29, 0xcc, 0x08,
  0xd4, 0x49, 0xcb, 0xe7, 0xd4, 0x08, 0xd3, 0xc7, 0xcb, 0xe7, 0xd3, 0xc6,
  0xcb, 0xa6, 0xd3, 0xa6, 0xc3, 0x67, 0xba, 0xe4, 0x92, 0x85, 0x81, 0xc2,
  0x69, 0xa4, 0x71, 0xc4, 0x82, 0x25, 0x81, 0xe4, 0x71, 0xc4, 0x82, 0x05,
  0x7a, 0x05, 0x71, 0xa3, 0x61, 0x84, 0x61, 0x63, 0x61, 0x84, 0x61, 0x63,
  0x69, 0xa4, 0x69, 0x63, 0x61, 0x84, 0x61, 0x84, 0x49, 0x64, 0x49, 0x23,
  0x41, 0x64, 0x41, 0x64, 0x51, 0x84, 0x59, 0x84, 0x61, 0xa4, 0x61, 0x84,
  0x71, 0xa4, 0x81, 0xe5, 0x8a, 0x26, 0x8a, 0x05, 0x9a, 0xa6, 0x92, 0x24,
  0x69, 0x83, 0x79, 0xc4, 0x8a, 0x66, 0xa3, 0x08, 0x8a, 0x25, 0x92, 0x25,
  0x9a, 0x65, 0x9a, 0x24, 0xab, 0x07, 0xcc, 0x0a, 0xdd, 0x0c, 0xe5, 0x2c,
  0xed, 0xce, 0xe5, 0x6c, 0xdd, 0x4d, 0xc4, 0xaa, 0xd4, 0xaa, 0xd4, 0x8a,
  0xcc, 0x8a, 0xd4, 0x8a, 0xbc, 0x49, 0xe5, 0x4c, 0xe6, 0x30, 0xe6, 0x10,
  0xde, 0x31, 0xdd, 0xf0, 0xde, 0x10, 0xe6, 0x10, 0xde, 0x11, 0xdd, 0xf0,
  0xd5, 0xf0, 0xdd, 0xf0, 0xde, 0x11, 0xe6, 0x31, 0xde, 0x52, 0xde, 0x31,
  0xd5, 0xf0, 0xd5, 0xcf, 0xd5, 0xf0, 0xd5, 0xaf, 0xd5, 0xf0, 0xde, 0x10,
  0xde, 0x31, 0xde, 0x10, 0xd5, 0xf0, 0xdd, 0xd0, 0xd5, 0xf0, 0xde, 0x10,
  0xde, 0x32, 0xe6, 0x32, 0xde, 0x32, 0xdd, 0xf1, 0xde, 0x11, 0xdd, 0xf1,
  0xdd, 0xf1, 0xe5, 0xf0, 0xde, 0x11, 0xde, 0x11, 0xd5, 0xf1, 0xdd, 0xf1,
  0xd6, 0x11, 0xdd, 0xf1, 0xd6, 0x11, 0xde, 0x11, 0xd6, 0x11, 0xdd, 0xf1,
  0xd6, 0x12, 0xde, 0x12, 0xd5, 0xd1, 0xdd, 0xf1, 0xd6, 0x12, 0xd5, 0xd1,
  0xcd, 0xd1, 0xd5, 0xd1, 0xcd, 0xd1, 0xd5, 0xd1, 0xd5, 0xf2, 0xd5, 0xf1,
  0xcd, 0xd1, 0xd5, 0xd1, 0xcd, 0xd1, 0xd5, 0xb0, 0xcd, 0xd1, 0xd5, 0xd1,
  0xcd, 0xb1, 0xcd, 0x90, 0xcd, 0x90, 0xcd, 0x8f, 0xcd, 0x90, 0xcd, 0x8f,
  0xd5, 0xcf, 0xd6, 0x10, 0xdd, 0xf0, 0xd5, 0xcf, 0xdd, 0xf0, 0xde, 0x10,
  0xdd, 0xef, 0xde, 0x10, 0xe6, 0x30, 0xde, 0x31, 0xe6, 0x11, 0xde, 0x51,
  0xe6, 0x31, 0xd5, 0xf1, 0xdd, 0xf0, 0xde, 0x11, 0xdd, 0xf0, 0xde, 0x11,
  0xde, 0x11, 0xde, 0x32, 0xde, 0x11, 0xde, 0x52, 0xe6, 0x31, 0xde, 0x52,
  0xe6, 0x31, 0xde, 0x52, 0xde, 0x30, 0xde, 0x31, 0xe6, 0x10, 0xde, 0x31,
  0xd5, 0x4e, 0xbc, 0xac, 0xc4, 0x8b, 0xbc, 0x6b, 0xc4, 0x4a, 0xbc, 0x49,
  0xbb, 0x87, 0xab, 0x25, 0xbb, 0x86, 0xbb, 0xe8, 0xb3, 0xc6, 0xab, 0xa5,
  0xb3, 0xa6, 0xd4, 0xeb, 0xd5, 0x0d, 0xa3, 0xc7, 0x8a, 0x44, 0x8a, 0x64,
  0x9a, 0xa5, 0x8a, 0x64, 0x9b, 0x25, 0xa3, 0x87, 0xaa, 0xc5, 0x9a, 0x84,
  0xa2, 0x84, 0x9a, 0x64, 0xa2, 0x85, 0xa2, 0xa6, 0x9a, 0x65, 0x9a, 0xa6,
  0xd4, 0xab, 0xab, 0xa7, 0xaa, 0xe6, 0x9a, 0xa5, 0x69, 0xc3, 0x72, 0x45,
  0x7a, 0x66, 0x6a, 0x45, 0x59, 0xc4, 0x49, 0xa4, 0x49, 0x84, 0x41, 0x64,
  0x41, 0x63, 0x41, 0x64, 0x51, 0x83, 0x51, 0xe5, 0x6a, 0x04, 0x6a, 0x25,
  0x6a, 0x24, 0x82, 0xe7, 0x72, 0x04, 0x72, 0x45, 0x82, 0xa6, 0x72, 0x65,
  0x72, 0x04, 0x6a, 0x04, 0x8a, 0x65, 0x8a, 0xa6, 0xa3, 0x06, 0xa3, 0x46,
  0xab, 0x45, 0xb3, 0x87, 0xb3, 0xa6, 0xbc, 0x08, 0xb3, 0xe7, 0xb4, 0x08,
  0xbc, 0x07, 0xb4, 0x07, 0xbb, 0xe6, 0xbb, 0xe7, 0xc3, 0xa6, 0xc3, 0xe7,
  0xcc, 0x07, 0xc3, 0xe7, 0xcb, 0xe7, 0xcc, 0x07, 0xcb, 0xe7, 0xcc, 0x08,
  0xd4, 0x08, 0xcc, 0x08, 0xdc, 0x08, 0xd3, 0xe7, 0xdb, 0xc7, 0xd3, 0xc7,
  0xdb, 0xa6, 0xd3, 0x86, 0xcb, 0x66, 0xbb, 0x05, 0x92, 0x44, 0x81, 0xe3,
  0x71, 0xc4, 0x7a, 0x25, 0x82, 0x24, 0x79, 0xe4, 0x69, 0xa3, 0x72, 0x05,
  0x7a, 0x04, 0x69, 0xc4, 0x61, 0x84, 0x59, 0x84, 0x59, 0x83, 0x59, 0x84,
  0x61, 0xa4, 0x61, 0xa4, 0x71, 0xa4, 0x71, 0xc5, 0x59, 0x83, 0x49, 0x22,
  0x41, 0x43, 0x41, 0x84, 0x59, 0x84, 0x51, 0x84, 0x59, 0x63, 0x59, 0xa4,
  0x79, 0xa3, 0x82, 0x25, 0x92, 0x04, 0x8a, 0x05, 0x9a, 0x85, 0x9a, 0x86,
  0x71, 0xa3, 0x69, 0xa4, 0x8a, 0x45, 0xa3, 0x49, 0x9a, 0x44, 0x92, 0x65,
  0xaa, 0x85, 0xaa, 0xa6, 0xd4, 0x4a, 0xe4, 0xcc, 0xbb, 0x85, 0xb3, 0x86,
  0xcc, 0x07, 0xcc, 0x28, 0xd4, 0x69, 0xcc, 0x8a, 0xd4, 0x69, 0xd4, 0xaa,
  0xdd, 0x4d, 0xc4, 0xeb, 0xc4, 0x48, 0xdd, 0x4c, 0xe6, 0x0f, 0xde, 0x10,
  0xe6, 0x30, 0xdd, 0xef, 0xdd, 0xcf, 0xde, 0x30, 0xe6, 0x10, 0xe6, 0x30,
  0xe6, 0x10, 0xde, 0x10, 0xe6, 0x10, 0xde, 0x31, 0xe6, 0x30, 0xde, 0x31,
  0xdd, 0xcf, 0xd5, 0xcf, 0xdd, 0xcf, 0xd5, 0xf0, 0xdd, 0xef, 0xde, 0x10,
  0xe6, 0x10, 0xde, 0x10, 0xdd, 0xf0, 0xde, 0x11, 0xd5, 0xce, 0xde, 0x10,
  0xe6, 0x31, 0xde, 0x31, 0xde, 0x11, 0xd6, 0x11, 0xde, 0x11, 0xde, 0x31,
  0xde, 0x10, 0xd5, 0xf0, 0xdd, 0xf0, 0xdd, 0xf0, 0xdd, 0xf0, 0xde, 0x11,
  0xde, 0x11, 0xde, 0x11, 0xde, 0x11, 0xd5, 0xf0, 0xd5, 0xf0, 0xd6, 0x11,
  0xe6, 0x11, 0xde, 0x12, 0xd5, 0xd0, 0xde, 0x31, 0xde, 0x32, 0xd6, 0x12,
  0xd5, 0xf1, 0xd6, 0x12, 0xd5, 0xf1, 0xcd, 0xf1, 0xdd, 0xf2, 0xd5, 0xf2,
  0xd5, 0xd1, 0xd5, 0xf2, 0xd5, 0xd1, 0xd5, 0xf1, 0xdd, 0xf1, 0xd5, 0xd1,
  0xd5, 0xb0, 0xcd, 0xd1, 0xd5, 0xaf, 0xcd, 0x8f, 0xd5, 0x8f, 0xcd, 0x8f,
  0xd5, 0xf0, 0xd5, 0xef, 0xd5, 0xf0, 0xd5, 0xaf, 0xd5, 0xf0, 0xd5, 0xef,
  0xd5, 0xf0, 0xde, 0x11, 0xde, 0x31, 0xde, 0x10, 0xde, 0x11, 0xde, 0x10,
  0xde, 0x32, 0xde, 0x11, 0xd6, 0x11, 0xde, 0x11, 0xd6, 0x11, 0xdd, 0xf0,
  0xde, 0x12, 0xde, 0x11, 0xde, 0x32, 0xde, 0x11, 0xd6, 0x11, 0xde, 0x31,
  0xd6, 0x12, 0xe6, 0x52, 0xde, 0x72, 0xde, 0x10, 0xd6, 0x31, 0xde, 0x10,
  0xde, 0x52, 0xde, 0x11, 0xcd, 0x6f, 0xbc, 0xcd, 0xb4, 0x0a, 0xa3, 0x67,
  0xa3, 0x46, 0xb3, 0xc8, 0xab, 0xe7, 0xb3, 0xe7, 0xab, 0x86, 0xab, 0x45,
  0xb3, 0x87, 0xbb, 0xa7, 0xd5, 0x0d, 0xab, 0xa7, 0x82, 0x44, 0x8a, 0x64,
  0x8a, 0xa5, 0x92, 0xc5, 0x9b, 0x66, 0xa3, 0x46, 0x9a, 0xc5, 0x9a, 0xa4,
  0x9a, 0xe5, 0xab, 0x26, 0xab, 0x27, 0xa2, 0xc5, 0xa2, 0xc6, 0xb3, 0x07,
  0xab, 0x46, 0xab, 0x05, 0xaa, 0xc5, 0xa2, 0x63, 0x8a, 0x86, 0x71, 0xc3,
  0x6a, 0x26, 0x59, 0xa3, 0x41, 0x64, 0x41, 0x43, 0x39, 0x64, 0x41, 0x44,
  0x41, 0x84, 0x41, 0x64, 0x41, 0x63, 0x59, 0xe5, 0x62, 0x05, 0x61, 0xe4,
  0x5a, 0x04, 0x6a, 0x05, 0x6a, 0x25, 0x72, 0x25, 0x6a, 0x24, 0x69, 0xe3,
  0x61, 0xe4, 0x69, 0xc3, 0x69, 0xc4, 0x7a, 0x05, 0x82, 0x65, 0x92, 0xc6,
  0xab, 0x26, 0xb3, 0x46, 0xb3, 0x87, 0xc3, 0xe8, 0xb3, 0xe8, 0xb3, 0xe7,
  0xb3, 0xe7, 0xbb, 0xe7, 0xbb, 0xc7, 0xc3, 0xc6, 0xc3, 0xc7, 0xcb, 0xe7,
  0xcc, 0x08, 0xc3, 0xc7, 0xcb, 0xe7, 0xcb, 0xc7, 0xcb, 0xc7, 0xd3, 0xe8,
  0xcb, 0xe8, 0xd4, 0x08, 0xd3, 0xc7, 0xd3, 0xa6, 0xd3, 0xa7, 0xdb, 0xa7,
  0xdb, 0xc7, 0xdb, 0x86, 0xbb, 0x06, 0xb2, 0xa4, 0x82, 0x25, 0x79, 0xa2,
  0x72, 0x04, 0x7a, 0x25, 0x71, 0xc4, 0x71, 0xa3, 0x61, 0x83, 0x69, 0xa4,
  0x69, 0xc4, 0x69, 0x63, 0x51, 0x64, 0x59, 0x43, 0x49, 0x84, 0x49, 0x43,
  0x49, 0x43, 0x51, 0x43, 0x59, 0x64, 0x61, 0x84, 0x59, 0x84, 0x51, 0x22,
  0x39, 0x44, 0x41, 0x44, 0x41, 0x44, 0x41, 0x23, 0x49, 0x44, 0x59, 0xa5,
  0x92, 0xc8, 0x79, 0xe4, 0x79, 0x84, 0x81, 0xc4, 0x92, 0x45, 0x92, 0x45,
  0x69, 0x84, 0x69, 0x42, 0x8a, 0x86, 0x92, 0xa6, 0x92, 0x44, 0x9a, 0x85,
  0xb2, 0xa6, 0xb2, 0x85, 0xb3, 0x46, 0xb3, 0x26, 0xaa, 0xc4, 0xaa, 0xa3,
  0xbb, 0x87, 0xd4, 0x09, 0xd4, 0x6a, 0xd4, 0x4a, 0xcc, 0x6a, 0xdc, 0xcc,
  0xd5, 0x8f, 0xbc, 0xcb, 0xbc, 0x28, 0xe5, 0x4c, 0xe6, 0x51, 0xe6, 0x30,
  0xde, 0x10, 0xdd, 0xf0, 0xde, 0x10, 0xdd, 0xef, 0xd5, 0xcf, 0xdd, 0xf0,
  0xde, 0x31, 0xe6, 0x31, 0xde, 0x31, 0xdd, 0xf0, 0xde, 0x11, 0xdd, 0xf0,
  0xd5, 0xf0, 0xdd, 0xf0, 0xd5, 0xf1, 0xd5, 0xd0, 0xd5, 0xf1, 0xdd, 0xd0,
  0xde, 0x11, 0xdd, 0xf0, 0xde, 0x11, 0xdd, 0xd0, 0xde, 0x10, 0xde, 0x10,
  0xde, 0x32, 0xde, 0x11, 0xd6, 0x12, 0xe6, 0x32, 0xde, 0x32, 0xde, 0x32,
  0xde, 0x12, 0xdd, 0xd0, 0xde, 0x11, 0xde, 0x11, 0xd5, 0xf1, 0xdd, 0xf1,
  0xd5, 0xf1, 0xdd, 0xf1, 0xd6, 0x11, 0xd5, 0xf1, 0xd6, 0x12, 0xd5, 0xf1,
  0xde, 0x12, 0xdd, 0xd1, 0xd5, 0xb0, 0xdd, 0xf1, 0xd6, 0x12, 0xd5, 0xf1,
  0xd6, 0x12, 0xd6, 0x12, 0xce, 0x12, 0xd5, 0xf1, 0xd6, 0x12, 0xdd, 0xf2,
  0xd5, 0xf2, 0xd5, 0xd1, 0xcd, 0xd1, 0xd5, 0xd0, 0xd5, 0xf2, 0xd5, 0xd1,
  0xcd, 0xb1, 0xd5, 0x90, 0xcd, 0x8f, 0xcd, 0x6f, 0xcd, 0x8f, 0xcd, 0x6e,
  0xd5, 0xce, 0xd5, 0xce, 0xd5, 0xee, 0xd6, 0x0f, 0xd5, 0xee, 0xd6, 0x0f,
  0xdd, 0xef, 0xde, 0x10, 0xe6, 0x10, 0xde, 0x10, 0xde, 0x10, 0xde, 0x51,
  0xde, 0x10, 0xde, 0x31, 0xde, 0x10, 0xde, 0x31, 0xde, 0x10, 0xde, 0x30,
  0xe6, 0x11, 0xde, 0x31, 0xde, 0x11, 0xde, 0x32, 0xde, 0x11, 0xd6, 0x11,
  0xde, 0x31, 0xde, 0x52, 0xe6, 0x51, 0xde, 0x72, 0xe6, 0x31, 0xde, 0x31,
  0xde, 0x11, 0xde, 0x52, 0xe6, 0x52, 0xde, 0x72, 0xdd, 0xf1, 0xb4, 0xcd,
  0xab, 0xc7, 0xac, 0x08, 0xab, 0xc6, 0xa3, 0x85, 0xab, 0x45, 0xab, 0x66,
  0xbb, 0x86, 0xbb, 0xa7, 0xcc, 0x09, 0x9a, 0xa4, 0x8a, 0x23, 0x8a, 0x44,
  0x8a, 0x84, 0x92, 0xe6, 0xab, 0x86, 0xa3, 0x46, 0x9a, 0x44, 0x92, 0x65,
  0xb3, 0xa6, 0xdd, 0x0c, 0xdd, 0x0b, 0x9b, 0x03, 0xaa, 0xc5, 0xa2, 0xe6,
  0xa2, 0x83, 0xb3, 0x26, 0xb3, 0x04, 0xa2, 0xa4, 0x92, 0x65, 0x79, 0xe3,
  0x51, 0x83, 0x49, 0x43, 0x41, 0x64, 0x39, 0x84, 0x41, 0x63, 0x39, 0x64,
  0x49, 0x84, 0x41, 0xa5, 0x49, 0x63, 0x51, 0xe5, 0x69, 0xe5, 0x61, 0xe5,
  0x61, 0xe4, 0x62, 0x25, 0x61, 0xe4, 0x6a, 0x25, 0x71, 0xe4, 0x72, 0x04,
  0x71, 0xe4, 0x69, 0xa4, 0x69, 0xa3, 0x6a, 0x05, 0x79, 0xe3, 0x7a, 0x45,
  0xaa, 0xe5, 0xab, 0x47, 0xbb, 0xa7, 0xc3, 0xe8, 0xbc, 0x07, 0xbc, 0x07,
  0xbb, 0xc6, 0xbb, 0xe7, 0xc3, 0xc6, 0xbb, 0xe7, 0xcb, 0xe7, 0xcc, 0x08,
  0xcb, 0xc6, 0xcb, 0xe7, 0xd3, 0xc6, 0xcb, 0xc6, 0xd3, 0xc7, 0xd3, 0xe8,
  0xd3, 0xc6, 0xd3, 0xe7, 0xdb, 0x86, 0xd3, 0xa6, 0xdb, 0x86, 0xdb, 0xa6,
  0xdb, 0xa6, 0xd3, 0x65, 0xbb, 0x05, 0xaa, 0xa4, 0x81, 0xe3, 0x79, 0xc3,
  0x8a, 0x24, 0x82, 0x44, 0x81, 0xe3, 0x71, 0xa3, 0x69, 0x83, 0x61, 0xa4,
  0x69, 0xa3, 0x61, 0x83, 0x59, 0x63, 0x51, 0x64, 0x49, 0x43, 0x49, 0x64,
  0x51, 0x64, 0x49, 0x64, 0x51, 0x43, 0x51, 0x84, 0x59, 0x64, 0x49, 0x43,
  0x41, 0x43, 0x39, 0x64, 0x41, 0x63, 0x39, 0x64, 0x49, 0x23, 0x51, 0xe6,
  0x92, 0x86, 0x71, 0xc3, 0x81, 0x83, 0x8a, 0x26, 0x89, 0xe4, 0x71, 0x42,
  0x71, 0x63, 0x69, 0x63, 0xab, 0x48, 0xc4, 0x4c, 0x92, 0x24, 0x92, 0x44,
  0xaa, 0x85, 0xd3, 0xeb, 0xdc, 0x8a, 0xbb, 0xc7, 0xaa, 0x84, 0xaa, 0xa4,
  0xb2, 0xa5, 0xaa, 0xc5, 0xaa, 0xe5, 0x9a, 0xa5, 0xbb, 0xe8, 0xe5, 0x2e,
  0xd5, 0x4d, 0xb4, 0x6a, 0xc4, 0x07, 0xe5, 0x4c, 0xee, 0x51, 0xe6, 0x51,
  0xdd, 0xf0, 0xdd, 0xf0, 0xe6, 0x10, 0xde, 0x10, 0xdd, 0xaf, 0xde, 0x10,
  0xe6, 0x31, 0xde, 0x31, 0xde, 0x10, 0xde, 0x31, 0xe6, 0x10, 0xde, 0x10,
  0xe5, 0xf0, 0xde, 0x11, 0xdd, 0xf0, 0xde, 0x11, 0xdd, 0xf0, 0xde, 0x11,
  0xe6, 0x10, 0xde, 0x11, 0xdd, 0xf0, 0xde, 0x11, 0xe6, 0x10, 0xde, 0x11,
  0xdd, 0xf0, 0xde, 0x11, 0xe6, 0x11, 0xe6, 0x52, 0xe6, 0x32, 0xde, 0x33,
  0xe6, 0x11, 0xd5, 0xf1, 0xdd, 0xf0, 0xde, 0x11, 0xdd, 0xf1, 0xdd, 0xf1,
  0xd5, 0xd0, 0xde, 0x11, 0xde, 0x11, 0xd6, 0x11, 0xde, 0x11, 0xde, 0x32,
  0xde, 0x12, 0xd5, 0xd1, 0xdd, 0xd0, 0xde, 0x11, 0xde, 0x12, 0xde, 0x13,
  0xde, 0x12, 0xd6, 0x13, 0xdd, 0xf1, 0xde, 0x33, 0xd5, 0xf1, 0xd5, 0xf2,
  0xd5, 0xd0, 0xd5, 0xf1, 0xd5, 0xd0, 0xd5, 0xd0, 0xd5, 0xd0, 0xcd, 0xb0,
  0xd5, 0xaf, 0xcd, 0x8f, 0xd5, 0x6f, 0xcd, 0x8f, 0xd5, 0x8e, 0xcd, 0x8f,
  0xcd, 0xae, 0xd5, 0xae, 0xd5, 0xef, 0xdd, 0xef, 0xd6, 0x10, 0xdd, 0xef,
  0xd5, 0xf0, 0xde, 0x10, 0xd6, 0x10, 0xde, 0x10, 0xd6, 0x10, 0xde, 0x10,
  0xd5, 0xf0, 0xe6, 0x10, 0xd6, 0x11, 0xd5, 0xf0, 0xd6, 0x11, 0xde, 0x11,
  0xd6, 0x31, 0xde, 0x31, 0xd6, 0x12, 0xde, 0x11, 0xde, 0x52, 0xde, 0x12,
  0xde, 0x53, 0xde, 0x32, 0xde, 0x52, 0xde, 0x32, 0xde, 0x52, 0xde, 0x11,
  0xde, 0x32, 0xde, 0x11, 0xde, 0x32, 0xde, 0x32, 0xde, 0x32, 0xe6, 0x52,
  0xbc, 0x8a, 0xa3, 0xa6, 0xa3, 0x86, 0xab, 0x65, 0xab, 0x46, 0xb3, 0x46,
  0xab, 0x46, 0xb3, 0x66, 0xbb, 0xc8, 0x9a, 0x63, 0x8a, 0x24, 0x8a, 0x04,
  0x8a, 0x65, 0x92, 0x64, 0x8a, 0x86, 0x71, 0xc3, 0x69, 0xa3, 0x9a, 0xe8,
  0xd5, 0x0b, 0xe5, 0x6c, 0xdd, 0x4b, 0xa3, 0x22, 0x92, 0x85, 0x92, 0x44,
  0xaa, 0xe5, 0xb3, 0x26, 0xab, 0x06, 0xaa, 0xa4, 0x8a, 0x45, 0x81, 0xc3,
  0x49, 0x64, 0x49, 0x23, 0x39, 0x84, 0x41, 0x84, 0x39, 0x64, 0x39, 0x43,
  0x39, 0x64, 0x41, 0x44, 0x39, 0x64, 0x41, 0x64, 0x51, 0xc5, 0x51, 0xc5,
  0x51, 0xa4, 0x62, 0x05, 0x6a, 0x45, 0x6a, 0x04, 0x72, 0x25, 0x71, 0xe4,
  0x72, 0x05, 0x71, 0xc4, 0x72, 0x05, 0x7a, 0x05, 0x82, 0x45, 0x8a, 0x65,
  0x9a, 0xa5, 0xab, 0x06, 0xb3, 0x67, 0xc3, 0xa7, 0xb3, 0xc7, 0xbb, 0xc7,
  0xbb, 0xe7, 0xc3, 0xc7, 0xc3, 0xc7, 0xcb, 0xc7, 0xcb, 0xe7, 0xd3, 0xe7,
  0xcb, 0xc7, 0xcb, 0xa7, 0xcb, 0xa7, 0xcb, 0x86, 0xd3, 0xc7, 0xd3, 0xa6,
  0xd3, 0xc7, 0xd3, 0x86, 0xd3, 0xa7, 0xdb, 0xa6, 0xdb, 0xc7, 0xdb, 0xa6,
  0xdb, 0xa7, 0xd3, 0x45, 0xb2, 0xe5, 0xaa, 0x83, 0x92, 0x65, 0x9a, 0x65,
  0x9a, 0x65, 0x9a, 0x24, 0x9a, 0x65, 0x91, 0xe3, 0x71, 0xc4, 0x71, 0x83,
  0x69, 0xe5, 0x69, 0xc4, 0x59, 0xa4, 0x59, 0x63, 0x49, 0x64, 0x49, 0x43,
  0x51, 0x85, 0x51, 0x64, 0x51, 0x64, 0x51, 0x43, 0x51, 0x64, 0x51, 0x43,
  0x41, 0x43, 0x41, 0x43, 0x39, 0x44, 0x41, 0x44, 0x41, 0x64, 0x41, 0x44,
  0x69, 0xa5, 0x69, 0xa4, 0x71, 0x63, 0x92, 0x46, 0x89, 0xe5, 0x81, 0x63,
  0x8a, 0x26, 0x81, 0xc4, 0x8a, 0x86, 0xa3, 0x08, 0x8a, 0x04, 0x89, 0xe4,
  0x92, 0x24, 0xd4, 0x2c, 0xcc, 0x4a, 0xa2, 0xe4, 0xb2, 0xe6, 0xb2, 0x84,
  0xaa, 0xc6, 0xb2, 0xe6, 0x9a, 0x85, 0x92, 0x23, 0x9a, 0xa4, 0xcc, 0x2a,
  0xcd, 0x2d, 0xb4, 0x29, 0xbc, 0x08, 0xf5, 0x8e, 0xe6, 0x53, 0xe6, 0x32,
  0xde, 0x11, 0xe6, 0x31, 0xde, 0x10, 0xde, 0x10, 0xd5, 0xf0, 0xde, 0x10,
  0xde, 0x11, 0xdd, 0xf0, 0xde, 0x10, 0xde, 0x10, 0xde, 0x10, 0xdd, 0xf0,
  0xde, 0x11, 0xdd, 0xf1, 0xde, 0x11, 0xdd, 0xf1, 0xd5, 0xf1, 0xdd, 0xd0,
  0xd5, 0xf0, 0xdd, 0xf0, 0xde, 0x11, 0xdd, 0xf0, 0xde, 0x11, 0xdd, 0xf1,
  0xd5, 0xf1, 0xdd, 0xf1, 0xde, 0x32, 0xe6, 0x11, 0xde, 0x12, 0xdd, 0xf1,
  0xde, 0x11, 0xdd, 0xf0, 0xd5, 0xf1, 0xdd, 0xf0, 0xd5, 0xf1, 0xdd, 0xf1,
  0xd6, 0x11, 0xd5, 0xf0, 0xd5, 0xf2, 0xd5, 0xf1, 0xd5, 0xf2, 0xdd, 0xf1,
  0xd5, 0xd1, 0xdd, 0xd0, 0xd5, 0xf1, 0xdd, 0xd0, 0xd6, 0x12, 0xde, 0x12,
  0xd6, 0x12, 0xd5, 0xd1, 0xd5, 0xf2, 0xde, 0x12, 0xd6, 0x12, 0xd5, 0xd1,
  0xcd, 0xd0, 0xd5, 0xb0, 0xd5, 0xd1, 0xd5, 0xb0, 0xcd, 0xd1, 0xcd, 0x90,
  0xcd, 0x90, 0xd5, 0x8f, 0xcd, 0x6f, 0xcd, 0x4e, 0xcd, 0x6f, 0xd5, 0x8f,
  0xd5, 0xae, 0xde, 0x0f, 0xdd, 0xef, 0xd5, 0xef, 0xdd, 0xcf, 0xd5, 0xef,
  0xdd, 0xcf, 0xd6, 0x10, 0xde, 0x10, 0xd6, 0x10, 0xdd, 0xef, 0xd6, 0x10,
  0xdd, 0xcf, 0xde, 0x10, 0xde, 0x11, 0xd6, 0x11, 0xde, 0x11, 0xd6, 0x11,
  0xdd, 0xf0, 0xde, 0x31, 0xde, 0x11, 0xde, 0x32, 0xe6, 0x31, 0xde, 0x52,
  0xe6, 0x32, 0xde, 0x32, 0xe6, 0x52, 0xde, 0x72, 0xe6, 0x52, 0xde, 0x32,
  0xe6, 0x31, 0xde, 0x31, 0xde, 0x31, 0xde, 0x52, 0xe6, 0x31, 0xc5, 0x6e,
  0xa3, 0xa6, 0x9b, 0xa6, 0xab, 0x85, 0xa3, 0x85, 0xab, 0x24, 0xab, 0x65,
  0xb3, 0x25, 0xb3, 0x46, 0xc3, 0xa7, 0xa2, 0xa4, 0x9a, 0x45, 0x9a, 0x66,
  0x92, 0x45, 0x81, 0xe4, 0x7a, 0x04, 0x93, 0x08, 0xc4, 0xab, 0xd5, 0x4e,
  0xed, 0x8b, 0xdd, 0x4a, 0xdc, 0xc8, 0xab, 0xa4, 0x92, 0x03, 0x9a, 0x45,
  0xb3, 0x05, 0xb3, 0x25, 0xaa, 0xa4, 0x9a, 0x64, 0x92, 0x45, 0x81, 0xe4,
  0x61, 0x83, 0x51, 0x43, 0x41, 0x63, 0x39, 0x64, 0x39, 0x43, 0x31, 0x64,
  0x31, 0x23, 0x31, 0x44, 0x41, 0x64, 0x39, 0x64, 0x49, 0x84, 0x49, 0xa4,
  0x59, 0xa3, 0x5a, 0x05, 0x7a, 0x44, 0x7a, 0x86, 0x7a, 0x24, 0x7a, 0x45,
  0x82, 0x05, 0x7a, 0x05, 0x7a, 0x04, 0x7a, 0x25, 0x92, 0x65, 0x8a, 0x86,
  0x9a, 0x84, 0xa2, 0xe6, 0xbb, 0x45, 0xc3, 0xc8, 0xc3, 0xc6, 0xbb, 0xc7,
  0xcb, 0xe7, 0xc3, 0xe7, 0xcb, 0xc6, 0xc3, 0xe7, 0xd4, 0x07, 0xcc, 0x08,
  0xd3, 0xe7, 0xcb, 0xc7, 0xd3, 0xc6, 0xcb, 0xe7, 0xd3, 0xa7, 0xcb, 0xa6,
  0xdb, 0xa6, 0xd3, 0xc7, 0xdb, 0xa6, 0xdb, 0xc7, 0xe3, 0xa6, 0xdb, 0xc7,
  0xe3, 0xa6, 0xd3, 0x45, 0xb2, 0xc4, 0xb2, 0xc5, 0xbb, 0x87, 0xb3, 0x67,
  0xb2, 0xc5, 0xaa, 0xa5, 0xb2, 0xa4, 0xa2, 0x84, 0x8a, 0x04, 0x79, 0xc3,
  0x79, 0xc4, 0x71, 0xc4, 0x69, 0x83, 0x69, 0x83, 0x59, 0x64, 0x51, 0x63,
  0x51, 0x43, 0x51, 0x64, 0x59, 0x63, 0x51, 0x84, 0x59, 0x84, 0x51, 0x84,
  0x49, 0x43, 0x41, 0x44, 0x41, 0x63, 0x41, 0x64, 0x41, 0x44, 0x41, 0x64,
  0x61, 0x63, 0x61, 0xc5, 0x79, 0x83, 0x81, 0xe5, 0x81, 0xa4, 0x79, 0x83,
  0xb3, 0x08, 0x8a, 0x04, 0x69, 0x42, 0x69, 0x63, 0x79, 0xc4, 0x79, 0xc5,
  0xa2, 0x85, 0xc3, 0xaa, 0x9a, 0xc5, 0x7a, 0x02, 0xaa, 0xa7, 0xa2, 0xa7,
  0xe4, 0x4a, 0xc3, 0xa8, 0xaa, 0xa5, 0xa2, 0xa5, 0xaa, 0x84, 0xcb, 0xa9,
  0xdc, 0xeb, 0xbc, 0x28, 0xbb, 0xe7, 0xed, 0x8d, 0xee, 0x73, 0xde, 0x32,
  0xde, 0x10, 0xd6, 0x11, 0xdd, 0xef, 0xde, 0x30, 0xdd, 0xef, 0xde, 0x30,
  0xee, 0x51, 0xe6, 0x31, 0xe6, 0x0f, 0xde, 0x0f, 0xdd, 0xee, 0xdd, 0xef,
  0xdd, 0xef, 0xde, 0x10, 0xe6, 0x10, 0xde, 0x10, 0xdd, 0xef, 0xde, 0x10,
  0xdd, 0xcf, 0xd5, 0xef, 0xe6, 0x10, 0xde, 0x10, 0xdd, 0xd0, 0xde, 0x11,
  0xe6, 0x11, 0xde, 0x31, 0xe6, 0x32, 0xe6, 0x52, 0xe6, 0x32, 0xde, 0x11,
  0xdd, 0xef, 0xde, 0x10, 0xdd, 0xf0, 0xde, 0x11, 0xdd, 0xf0, 0xde, 0x11,
  0xde, 0x11, 0xde, 0x32, 0xde, 0x11, 0xde, 0x12, 0xdd, 0xf1, 0xd5, 0xd0,
  0xdd, 0xd0, 0xdd, 0xf1, 0xdd, 0xd0, 0xd5, 0xd0, 0xde, 0x11, 0xde, 0x32,
  0xd6, 0x11, 0xd6, 0x12, 0xdd, 0xf1, 0xd6, 0x12, 0xdd, 0xf1, 0xd5, 0xf1,
  0xd5, 0xd0, 0xd5, 0xd0, 0xd5, 0xd0, 0xd5, 0xd0, 0xd5, 0xb0, 0xcd, 0x8f,
  0xd5, 0x8f, 0xcd, 0x8f, 0xd5, 0x6e, 0xcd, 0x8f, 0xd5, 0x8f, 0xcd, 0xaf,
  0xd5, 0xcf, 0xdd, 0xef, 0xd5, 0xef, 0xdd, 0xef, 0xd5, 0xef, 0xdd, 0xef,
  0xd5, 0xf0, 0xdd, 0xf0, 0xde, 0x31, 0xde, 0x10, 0xd5, 0xf0, 0xdd, 0xef,
  0xd5, 0xd0, 0xdd, 0xd0, 0xd6, 0x11, 0xde, 0x11, 0xde, 0x31, 0xdd, 0xf0,
  0xd6, 0x11, 0xde, 0x31, 0xd6, 0x11, 0xde, 0x11, 0xde, 0x52, 0xe6, 0x32,
  0xe6, 0x73, 0xde, 0x31, 0xde, 0x32, 0xe6, 0x52, 0xde, 0x73, 0xde, 0x32,
  0xde, 0x32, 0xe6, 0x32, 0xde, 0x31, 0xe6, 0x31, 0xd5, 0xae, 0x9b, 0xc6,
  0x9b, 0x86, 0xab, 0xc7, 0xb3, 0xc7, 0xab, 0x66, 0xab, 0x86, 0xb3, 0x86,
  0xab, 0x26, 0xbb, 0x66, 0xbb, 0x67, 0x9a, 0x62, 0x8a, 0x25, 0x92, 0x04,
  0xab, 0x68, 0xc3, 0xea, 0xc4, 0xcb, 0xdd, 0x6d, 0xdd, 0xac, 0xdd, 0x8b,
  0xdd, 0x6a, 0xdd, 0x09, 0xd4, 0xab, 0x9a, 0xc4, 0x89, 0xe4, 0xa2, 0x45,
  0xaa, 0xe5, 0xb2, 0xe5, 0x9a, 0x45, 0x89, 0xc2, 0x92, 0x25, 0x89, 0xc3,
  0x71, 0xc5, 0x61, 0x43, 0x39, 0x24, 0x39, 0x03, 0x31, 0x64, 0x39, 0x64,
  0x52, 0x26, 0x51, 0xe5, 0x41, 0x64, 0x41, 0x64, 0x41, 0x64, 0x49, 0x84,
  0x59, 0xc5, 0x62, 0x05, 0x72, 0x45, 0x7a, 0x45, 0x82, 0x65, 0x92, 0xa6,
  0x82, 0x66, 0x79, 0xe4, 0x72, 0x05, 0x71, 0xc4, 0x71, 0xe4, 0x8a, 0x45,
  0xa2, 0xa5, 0xaa, 0xe6, 0xbb, 0x67, 0xc3, 0x67, 0xbb, 0xc7, 0xc3, 0xc7,
  0xc4, 0x08, 0xc3, 0xe7, 0xc3, 0xe7, 0xcb, 0xe7, 0xcc, 0x08, 0xcb, 0xe7,
  0xcb, 0xe7, 0xcb, 0xa6, 0xcb, 0xe8, 0xcb, 0xc7, 0xc3, 0xa7, 0xd3, 0xc7,
  0xd3, 0xc7, 0xd3, 0xa6, 0xdb, 0xc7, 0xdb, 0xa6, 0xdb, 0xa7, 0xe3, 0xa6,
  0xdb, 0xa7, 0xdb, 0x46, 0xb2, 0xc5, 0xb2, 0xa4, 0xbb, 0xa8, 0xbb, 0x46,
  0xbb, 0x26, 0xbb, 0x25, 0xc3, 0x46, 0xb2, 0xa4, 0x8a, 0x24, 0x89, 0xe3,
  0x79, 0xc5, 0x81, 0xc4, 0x71, 0xa4, 0x79, 0x83, 0x59, 0x84, 0x61, 0x63,
  0x51, 0x84, 0x59, 0x43, 0x59, 0x64, 0x59, 0x43, 0x51, 0x64, 0x59, 0x64,
  0x41, 0x64, 0x49, 0x44, 0x39, 0x44, 0x41, 0x64, 0x39, 0x44, 0x41, 0x44,
  0x61, 0x64, 0x71, 0xe5, 0x71, 0xa4, 0x8a, 0x06, 0x82, 0x07, 0x71, 0x84,
  0xab, 0x08, 0x9a, 0x45, 0x79, 0xa4, 0x69, 0x22, 0x59, 0x64, 0x59, 0x44,
  0x82, 0x04, 0xbb, 0xab, 0x8a, 0xc6, 0x59, 0x20, 0x71, 0x84, 0x9a, 0x88,
  0xc3, 0x47, 0xb2, 0xa4, 0xaa, 0xa5, 0xaa, 0x84, 0xa2, 0xa5, 0xcb, 0x89,
  0xc4, 0x28, 0xc4, 0x07, 0xbc, 0x08, 0xed, 0x6d, 0xe6, 0x73, 0xe6, 0x52,
  0xde, 0x32, 0xd5, 0xf0, 0xde, 0x31, 0xe6, 0x31, 0xdd, 0xf0, 0xe6, 0x30,
  0xde, 0x11, 0xe5, 0xf0, 0xde, 0x10, 0xdd, 0xef, 0xd5, 0xef, 0xdd, 0xce,
  0xd5, 0xf0, 0xdd, 0xf0, 0xd5, 0xf0, 0xdd, 0xd0, 0xde, 0x10, 0xdd, 0xf0,
  0xd5, 0xcf, 0xdd, 0xf0, 0xd5, 0xf0, 0xdd, 0xf0, 0xde, 0x32, 0xde, 0x11,
  0xde, 0x32, 0xde, 0x11, 0xde, 0x32, 0xe6, 0x11, 0xd6, 0x11, 0xdd, 0xf1,
  0xdd, 0xf0, 0xdd, 0xd0, 0xde, 0x11, 0xde, 0x11, 0xde, 0x11, 0xde, 0x11,
  0xde, 0x32, 0xde, 0x11, 0xde, 0x12, 0xdd, 0xf2, 0xd5, 0xd0, 0xd5, 0xd0,
  0xd5, 0xd0, 0xd5, 0xcf, 0xd5, 0xf1, 0xd5, 0xd0, 0xd6, 0x13, 0xde, 0x12,
  0xd6, 0x13, 0xd5, 0xf2, 0xd5, 0xf2, 0xde, 0x12, 0xcd, 0xd1, 0xd5, 0xb1,
  0xcd, 0xb1, 0xd5, 0xb1, 0xcd, 0xb0, 0xd5, 0x90, 0xcd, 0x90, 0xcd, 0x6f,
  0xc5, 0x90, 0xcd, 0x8f, 0xcd, 0x6f, 0xd5, 0x8f, 0xcd, 0xb0, 0xcd, 0x8f,
  0xdd, 0xef, 0xde, 0x10, 0xdd, 0xce, 0xd5, 0xef, 0xdd, 0xef, 0xd5, 0xef,
  0xdd, 0xf0, 0xde, 0x10, 0xdd, 0xef, 0xde, 0x10, 0xdd, 0xf0, 0xd5, 0xcf,
  0xdd, 0xf0, 0xde, 0x11, 0xdd, 0xf0, 0xd5, 0xf1, 0xde, 0x10, 0xde, 0x11,
  0xde, 0x10, 0xde, 0x52, 0xde, 0x10, 0xde, 0x31, 0xe6, 0x11, 0xe6, 0x52,
  0xe6, 0x31, 0xde, 0x51, 0xe6, 0x51, 0xe6, 0x72, 0xe6, 0x32, 0xde, 0x32,
  0xe6, 0x52, 0xde, 0x52, 0xe6, 0x31, 0xc5, 0x6e, 0xab, 0xe6, 0x9b, 0xa6,
  0xab, 0x86, 0xa3, 0x86, 0xb3, 0x66, 0xb3, 0x87, 0xb3, 0x86, 0xb3, 0x86,
  0xb3, 0x65, 0xc4, 0x28, 0xc3, 0xe8, 0x9a, 0xa4, 0xbb, 0xa8, 0xbb, 0xe9,
  0xc3, 0xc5, 0xc3, 0xe6, 0xcc, 0x26, 0xd4, 0xa7, 0xdc, 0xe8, 0xdc, 0xe9,
  0xd4, 0x69, 0xa3, 0x03, 0x9a, 0x64, 0x8a, 0x03, 0xa2, 0x24, 0xa2, 0x45,
  0xb2, 0xc5, 0xaa, 0xa4, 0x89, 0xe3, 0x81, 0xc3, 0x89, 0xe3, 0x81, 0xc3,
  0x81, 0xc4, 0x79, 0xa4, 0x61, 0xc4, 0x61, 0xe5, 0x6a, 0x25, 0x7a, 0xe8,
  0xbc, 0x6c, 0xac, 0x0b, 0x5a, 0x24, 0x41, 0x62, 0x49, 0x63, 0x49, 0x84,
  0x59, 0xa3, 0x5a, 0x05, 0x7a, 0x44, 0x7a, 0x85, 0x92, 0x85, 0x92, 0xe6,
  0x82, 0x24, 0x71, 0xc2, 0x71, 0xc4, 0x69, 0xe4, 0x82, 0x04, 0x8a, 0x86,
  0xb2, 0xe5, 0xb3, 0x27, 0xbb, 0x25, 0xc3, 0x87, 0xcb, 0xc7, 0xc3, 0xe7,
  0xcc, 0x07, 0xcc, 0x08, 0xcb, 0xe7, 0xcc, 0x07, 0xcb, 0xe6, 0xcb, 0xe7,
  0xd3, 0xc6, 0xcb, 0xe7, 0xd3, 0xe7, 0xcb, 0xe7, 0xd3, 0xa7, 0xd3, 0xe8,
  0xdb, 0xc6, 0xd3, 0xc7, 0xe3, 0xa6, 0xdb, 0xc7, 0xe3, 0xa6, 0xe3, 0xc7,
  0xe3, 0xc7, 0xdb, 0xa6, 0xc3, 0x25, 0xb2, 0xc4, 0xbb, 0x46, 0xb3, 0x05,
  0xba, 0xe5, 0xbb, 0x06, 0xd3, 0x67, 0xba, 0xc4, 0x92, 0x23, 0x8a, 0x23,
  0x81, 0xe3, 0x82, 0x25, 0x8a, 0x04, 0x79, 0xc4, 0x71, 0xc4, 0x69, 0xa3,
  0x61, 0x63, 0x59, 0x63, 0x69, 0x83, 0x61, 0x84, 0x61, 0x63, 0x59, 0x43,
  0x51, 0x43, 0x49, 0x43, 0x49, 0x43, 0x41, 0x64, 0x49, 0x43, 0x41, 0x44,
  0x71, 0x84, 0x7a, 0x06, 0x81, 0xc4, 0x71, 0x63, 0x71, 0x63, 0x71, 0x84,
  0xa2, 0x64, 0xa2, 0x85, 0x89, 0xe4, 0x79, 0x62, 0x61, 0x63, 0x59, 0x43,
  0x69, 0x63, 0xab, 0xac, 0x82, 0x44, 0x69, 0xa2, 0x89, 0xc3, 0xab, 0x08,
  0xba, 0xe5, 0xa2, 0x63, 0xaa, 0x64, 0xaa, 0xa5, 0xaa, 0x64, 0xaa, 0xa5,
  0xc3, 0xa6, 0xc3, 0xe7, 0xd4, 0xca, 0xed, 0xcf, 0xee, 0x72, 0xe6, 0x72,
  0xde, 0x31, 0xde, 0x31, 0xe6, 0x31, 0xde, 0x11, 0xdd, 0xef, 0xde, 0x10,
  0xe6, 0x11, 0xde, 0x11, 0xe5, 0xef, 0xdd, 0xf0, 0xdd, 0xcf, 0xdd, 0xf0,
  0xe6, 0x10, 0xde, 0x10, 0xe6, 0x10, 0xdd, 0xf0, 0xdd, 0xef, 0xde, 0x10,
  0xdd, 0xcf, 0xdd, 0xf0, 0xdd, 0xf0, 0xde, 0x10, 0xe6, 0x31, 0xd5, 0xf1,
  0xde, 0x31, 0xde, 0x52, 0xde, 0x11, 0xde, 0x32, 0xdd, 0xf0, 0xde, 0x11,
  0xe5, 0xf0, 0xde, 0x10, 0xde, 0x11, 0xde, 0x32, 0xdd, 0xf0, 0xde, 0x11,
  0xde, 0x12, 0xde, 0x12, 0xe6, 0x32, 0xd5, 0xf2, 0xdd, 0xf0, 0xd6, 0x11,
  0xd5, 0xd0, 0xd5, 0xf0, 0xdd, 0xf1, 0xde, 0x12, 0xde, 0x12, 0xd5, 0xf2,
  0xd5, 0xf1, 0xd6, 0x12, 0xde, 0x11, 0xde, 0x12, 0xd5, 0xd1, 0xd5, 0xf1,
  0xd5, 0xd0, 0xd5, 0xd1, 0xd5, 0xb0, 0xd5, 0xb0, 0xd5, 0x8f, 0xcd, 0xb0,
  0xcd, 0x8f, 0xcd, 0xaf, 0xcd, 0x6e, 0xcd, 0xb0, 0xd5, 0xaf, 0xcd, 0x8f,
  0xd5, 0xf0, 0xdd, 0xf0, 0xde, 0x10, 0xdd, 0xef, 0xd6, 0x10, 0xdd, 0xcf,
  0xd5, 0xf1, 0xde, 0x11, 0xde, 0x11, 0xdd, 0xf0, 0xd5, 0xf1, 0xdd, 0xf0,
  0xd6, 0x11, 0xde, 0x11, 0xd6, 0x12, 0xde, 0x11, 0xd5, 0xf1, 0xdd, 0xf1,
  0xd6, 0x31, 0xde, 0x11, 0xde, 0x31, 0xde, 0x31, 0xde, 0x31, 0xe6, 0x31,
  0xde, 0x31, 0xdd, 0xf0, 0xde, 0x32, 0xde, 0x11, 0xde, 0x52, 0xde, 0x11,
  0xde, 0x32, 0xde, 0x31, 0xde, 0x52, 0xcd, 0x8f, 0xac, 0x8a, 0xac, 0x29,
  0x9b, 0xc8, 0x9b, 0x67, 0xa3, 0x68, 0xa3, 0x47, 0xab, 0x47, 0xb3, 0x67,
  0xb3, 0x45, 0xcb, 0xc7, 0xc4, 0x09, 0xa2, 0xc4, 0xcc, 0x6a, 0xcc, 0x28,
  0xc3, 0x86, 0xbb, 0x24, 0xbb, 0x26, 0xc3, 0x66, 0xb3, 0x06, 0xaa, 0xa4,
  0xb3, 0x07, 0x9a, 0x03, 0xa2, 0x87, 0xa2, 0x46, 0x9a, 0x24, 0xa2, 0x24,
  0xaa, 0xa6, 0xa2, 0x44, 0x81, 0xa4, 0x81, 0xa3, 0x8a, 0x05, 0x89, 0xe4,
  0x79, 0xc5, 0x81, 0xa4, 0xa3, 0xaa, 0xbc, 0x2c, 0xab, 0xc9, 0xbc, 0x2a,
  0xb4, 0x29, 0xc4, 0x8a, 0x9c, 0x0c, 0x49, 0x61, 0x41, 0x64, 0x49, 0x85,
  0x51, 0xa4, 0x61, 0xe5, 0x7a, 0x65, 0x8a, 0xa6, 0x8a, 0xa5, 0xa3, 0x27,
  0x7a, 0x45, 0x71, 0xe3, 0x72, 0x05, 0x7a, 0x25, 0x82, 0x45, 0x92, 0xa6,
  0xab, 0x06, 0xb3, 0x06, 0xb3, 0x46, 0xc3, 0x87, 0xc3, 0xc8, 0xc3, 0xc7,
  0xc3, 0xa8, 0xcb, 0xc8, 0xc4, 0x08, 0xcb, 0xe7, 0xcc, 0x07, 0xcb, 0xe6,
  0xcb, 0xe7, 0xd3, 0xe6, 0xcb, 0xe7, 0xd3, 0xc6, 0xd3, 0xc7, 0xd3, 0xc7,
  0xdb, 0xc7, 0xdb, 0xa7, 0xdb, 0xa7, 0xe3, 0xc7, 0xdb, 0xe7, 0xe3, 0xe7,
  0xdb, 0xe7, 0xdb, 0xa6, 0xcb, 0x66, 0xcb, 0x46, 0xbb, 0x67, 0xaa, 0xa4,
  0xba, 0xc6, 0xc2, 0xe6, 0xcb, 0x46, 0xcb, 0x25, 0xb2, 0xe6, 0xa2, 0x43,
  0x92, 0x44, 0x9a, 0x65, 0x8a, 0x45, 0x8a, 0x04, 0x7a, 0x05, 0x71, 0xa3,
  0x61, 0x63, 0x69, 0x63, 0x69, 0x84, 0x71, 0xa5, 0x61, 0x63, 0x61, 0x22,
  0x59, 0x84, 0x59, 0x43, 0x49, 0x43, 0x49, 0x43, 0x49, 0x64, 0x51, 0x64,
  0x79, 0xe5, 0x79, 0xa4, 0x79, 0x84, 0x81, 0xa4, 0x9a, 0x66, 0x9a, 0x25,
  0xaa, 0x85, 0xb2, 0x85, 0x9a, 0x24, 0xa2, 0x44, 0x79, 0xe4, 0x69, 0x42,
  0x61, 0x43, 0x8a, 0x87, 0xa3, 0x07, 0xbb, 0x88, 0x9a, 0x64, 0xb3, 0x27,
  0xb2, 0xc6, 0xaa, 0x64, 0xaa, 0x85, 0xaa, 0x84, 0xb2, 0xe6, 0xb2, 0xc5,
  0xbb, 0xe9, 0xd4, 0x6a, 0xdd, 0xf0, 0xee, 0x11, 0xde, 0x52, 0xe6, 0x52,
  0xde, 0x32, 0xde, 0x11, 0xde, 0x53, 0xe6, 0x52, 0xd5, 0xf1, 0xe6, 0x73,
  0xe6, 0x73, 0xdd, 0xf1, 0xde, 0x31, 0xdd, 0xf0, 0xdd, 0xf0, 0xe5, 0xf0,
  0xde, 0x10, 0xe6, 0x10, 0xde, 0x31, 0xde, 0x10, 0xde, 0x10, 0xdd, 0xf0,
  0xdd, 0xf0, 0xdd, 0xd0, 0xde, 0x11, 0xe6, 0x11, 0xe6, 0x52, 0xde, 0x11,
  0xde, 0x53, 0xde, 0x32, 0xd6, 0x11, 0xdd, 0xf1, 0xde, 0x11, 0xdd, 0xf0,
  0xde, 0x11, 0xdd, 0xf0, 0xde, 0x11, 0xde, 0x11, 0xd5, 0xf1, 0xde, 0x11,
  0xde, 0x33, 0xde, 0x12, 0xde, 0x12, 0xde, 0x12, 0xd6, 0x11, 0xd5, 0xd0,
  0xd5, 0xf2, 0xd5, 0xb0, 0xd5, 0xd1, 0xdd, 0xf1, 0xd6, 0x12, 0xdd, 0xf2,
  0xd5, 0xf2, 0xd5, 0xf2, 0xd6, 0x12, 0xd5, 0xf1, 0xcd, 0xd1, 0xd5, 0xd1,
  0xd5, 0xd1, 0xd5, 0xd0, 0xd5, 0xf1, 0xd5, 0xd0, 0xc5, 0xb0, 0xcd, 0x90,
  0xcd, 0x8f, 0xcd, 0x8f, 0xc5, 0x6f, 0xcd, 0x8f, 0xcd, 0xb0, 0xcd, 0x6f,
  0xdd, 0xcf, 0xde, 0x10, 0xdd, 0xef, 0xdd, 0xf0, 0xdd, 0xef, 0xde, 0x10,
  0xdd, 0xf0, 0xde, 0x11, 0xdd, 0xf0, 0xd5, 0xf0, 0xdd, 0xf0, 0xde, 0x11,
  0xdd, 0xf0, 0xde, 0x11, 0xde, 0x11, 0xde, 0x12, 0xde, 0x11, 0xde, 0x11,
  0xde, 0x10, 0xde, 0x31, 0xde, 0x30, 0xd6, 0x10, 0xe6, 0x10, 0xde, 0x31,
  0xe6, 0x11, 0xde, 0x32, 0xde, 0x10, 0xde, 0x31, 0xde, 0x11, 0xde, 0x31,
  0xe6, 0x31, 0xde, 0x52, 0xe6, 0x51, 0xde, 0x32, 0xde, 0x10, 0xd6, 0x11,
  0xdd, 0xb0, 0xcd, 0x6f, 0xd5, 0x8f, 0xcd, 0x6f, 0xbb, 0xa8, 0xab, 0x67,
  0xcb, 0x45, 0xcb, 0xa7, 0xcb, 0xe8, 0xa2, 0xc4, 0xb3, 0x05, 0xaa, 0xe5,
  0xb2, 0x64, 0xb2, 0x65, 0xbb, 0x08, 0xd3, 0xcb, 0x9a, 0x24, 0x89, 0xa3,
  0x91, 0xc3, 0x89, 0xc3, 0x9a, 0x04, 0x91, 0xe4, 0xa2, 0x44, 0x9a, 0x24,
  0xa2, 0x23, 0xa2, 0x64, 0x92, 0x24, 0x92, 0x45, 0x92, 0x24, 0x82, 0x04,
  0x79, 0xa3, 0x79, 0xa4, 0xab, 0x47, 0xbc, 0x0a, 0xcc, 0x49, 0xc4, 0x69,
  0xbc, 0x28, 0xbc, 0x69, 0xa4, 0x0b, 0x51, 0xc2, 0x51, 0x84, 0x51, 0xa5,
  0x59, 0xc4, 0x62, 0x05, 0x82, 0x64, 0x82, 0x85, 0x9a, 0xe6, 0x9b, 0x06,
  0x8a, 0x64, 0x82, 0x44, 0x82, 0x45, 0x82, 0x65, 0x9a, 0xa4, 0x9a, 0xe6,
  0xb2, 0xe5, 0xb3, 0x26, 0xbb, 0x66, 0xbb, 0x66, 0xc3, 0xa7, 0xc3, 0xe8,
  0xcb, 0xa7, 0xcb, 0xe8, 0xcb, 0xc6, 0xcc, 0x28, 0xd4, 0x27, 0xd4, 0x07,
  0xdc, 0x07, 0xd4, 0x07, 0xdb, 0xe7, 0xd3, 0xe7, 0xdb, 0xc6, 0xdb, 0xc7,
  0xe3, 0xc6, 0xdb, 0xc7, 0xe3, 0xa6, 0xe3, 0xe7, 0xe4, 0x07, 0xe4, 0x27,
  0xe4, 0x06, 0xdc, 0x07, 0xdb, 0xe6, 0xd4, 0x07, 0xcb, 0xa7, 0xaa, 0xc4,
  0xba, 0xa5, 0xc3, 0x06, 0xcb, 0x25, 0xd3, 0x66, 0xcb, 0x26, 0xb2, 0x84,
  0xb2, 0xa5, 0xa2, 0x64, 0xa2, 0x85, 0x9a, 0x86, 0x8a, 0x24, 0x79, 0xc3,
  0x71, 0x63, 0x69, 0x83, 0x71, 0x63, 0x69, 0x44, 0x69, 0x42, 0x7a, 0x26,
  0xab, 0x49, 0x71, 0xa3, 0x51, 0x42, 0x51, 0x63, 0x61, 0x43, 0x69, 0xc5,
  0x8a, 0x26, 0x79, 0xc5, 0x89, 0x83, 0x9a, 0x67, 0xc3, 0x07, 0xba, 0xc7,
  0xba, 0xc6, 0xc3, 0x27, 0xb2, 0x64, 0xaa, 0x64, 0xaa, 0x65, 0x9a, 0x24,
  0x9a, 0x65, 0x8a, 0x25, 0xbb, 0x46, 0xd4, 0x09, 0x81, 0xa0, 0x92, 0x63,
  0xa2, 0x44, 0xaa, 0xa6, 0xb2, 0xa5, 0xb2, 0xc5, 0xc3, 0x46, 0xc3, 0x67,
  0xd4, 0xcc, 0xf5, 0xf1, 0xee, 0x31, 0xe6, 0x52, 0xe6, 0x51, 0xde, 0x52,
  0xe6, 0x52, 0xde, 0x52, 0xe6, 0x52, 0xe6, 0x93, 0xee, 0x94, 0xe6, 0x94,
  0xee, 0x52, 0xde, 0x12, 0xdd, 0xef, 0xdd, 0xef, 0xe6, 0x0f, 0xde, 0x30,
  0xdd, 0xef, 0xde, 0x10, 0xe6, 0x10, 0xde, 0x10, 0xdd, 0xef, 0xde, 0x10,
  0xdd, 0xcf, 0xde, 0x10, 0xdd, 0xf0, 0xe6, 0x31, 0xe6, 0x31, 0xde, 0x31,
  0xde, 0x11, 0xde, 0x32, 0xde, 0x11, 0xde, 0x11, 0xe6, 0x31, 0xde, 0x31,
  0xe6, 0x10, 0xde, 0x10, 0xde, 0x10, 0xde, 0x11, 0xde, 0x11, 0xde, 0x32,
  0xde, 0x12, 0xde, 0x12, 0xdd, 0xf1, 0xde, 0x11, 0xde, 0x11, 0xde, 0x32,
  0xde, 0x12, 0xd6, 0x12, 0xdd, 0xd0, 0xd5, 0xf1, 0xdd, 0xf1, 0xd5, 0xd1,
  0xd5, 0xd1, 0xd5, 0xf1, 0xd5, 0xf0, 0xd5, 0xf1, 0xd5, 0xd0, 0xcd, 0xd0,
  0xd5, 0xd0, 0xd5, 0xf1, 0xd5, 0xd0, 0xcd, 0xd0, 0xcd, 0x8f, 0xcd, 0xb0,
  0xcd, 0x6e, 0xcd, 0x8f, 0xd5, 0x8f, 0xcd, 0xb0, 0xd5, 0xb0, 0xcd, 0x8f,
  0xcd, 0xae, 0xd5, 0xce, 0xd5, 0xf0, 0xd5, 0xcf, 0xd5, 0xf0, 0xd5, 0xef,
  0xd5, 0xf0, 0xdd, 0xf0, 0xd5, 0xd1, 0xdd, 0xd0, 0xd6, 0x11, 0xdd, 0xf0,
  0xd6, 0x11, 0xdd, 0xf0, 0xde, 0x32, 0xdd, 0xf1, 0xd6, 0x11, 0xde, 0x11,
  0xde, 0x31, 0xde, 0x11, 0xde, 0x32, 0xde, 0x11, 0xde, 0x31, 0xdd, 0xf0,
  0xde, 0x11, 0xdd, 0xf0, 0xde, 0x31, 0xde, 0x10, 0xd6, 0x11, 0xde, 0x11,
  0xd6, 0x11, 0xde, 0x31, 0xde, 0x31, 0xe6, 0x31, 0xde, 0x10, 0xde, 0x10,
  0xe6, 0x31, 0xe6, 0x10, 0xde, 0x31, 0xe6, 0x51, 0xbc, 0x0a, 0x9a, 0xe5,
  0xb3, 0x26, 0xbb, 0x05, 0xbb, 0x67, 0xb2, 0xe5, 0x89, 0xe3, 0xa2, 0x65,
  0xb2, 0xe8, 0xa2, 0x24, 0xbb, 0x49, 0x9a, 0x45, 0x79, 0x62, 0x89, 0xc4,
  0x89, 0xc4, 0x91, 0xe4, 0x89, 0xc4, 0x91, 0xe4, 0xaa, 0xa6, 0xaa, 0x65,
  0xaa, 0xe6, 0xbb, 0x27, 0xc3, 0xe8, 0xe4, 0xec, 0xab, 0xa9, 0x79, 0xc1,
  0x69, 0xa4, 0x71, 0xa4, 0x9a, 0xc6, 0xb3, 0x89, 0xbb, 0xc8, 0xbb, 0xa7,
  0xb4, 0x29, 0xbc, 0x49, 0x7a, 0xe7, 0x51, 0x81, 0x51, 0xa4, 0x59, 0xa4,
  0x59, 0xc5, 0x61, 0xe5, 0x7a, 0x44, 0x8a, 0x85, 0x92, 0xc6, 0x92, 0x84,
  0x92, 0xc6, 0x92, 0x65, 0x82, 0x65, 0x92, 0x86, 0x9a, 0xc6, 0xa2, 0xc6,
  0xb3, 0x06, 0xbb, 0x06, 0xb3, 0x46, 0xbb, 0x46, 0xbb, 0xa7, 0xc3, 0xa7,
  0xbb, 0xa7, 0xc3, 0xa7, 0xbb, 0xc6, 0xc3, 0xc6, 0xcb, 0xe7, 0xd4, 0x07,
  0xd4, 0x08, 0xdb, 0xe7, 0xd3, 0xc7, 0xdb, 0xe7, 0xdb, 0xc7, 0xdb, 0xc7,
  0xdb, 0xe8, 0xe3, 0xe7, 0xdb, 0xe7, 0xe3, 0xe7, 0xdc, 0x07, 0xe3, 0xe6,
  0xdc, 0x07, 0xe4, 0x27, 0xdc, 0x68, 0xdc, 0x47, 0xcb, 0xc7, 0xbb, 0x04,
  0xaa, 0x65, 0xba, 0x85, 0xc2, 0xc5, 0xd3, 0x06, 0xcb, 0x05, 0xca, 0xe5,
  0xb2, 0xc5, 0xb2, 0x64, 0x9a, 0x65, 0xa2, 0x65, 0x8a, 0x45, 0x81, 0xe4,
  0x71, 0xa4, 0x69, 0x63, 0x69, 0x64, 0x69, 0x23, 0x69, 0x63, 0xb3, 0xac,
  0xcc, 0x0a, 0xa2, 0xa5, 0x69, 0x83, 0x7a, 0x05, 0x8a, 0x26, 0x9a, 0x46,
  0x81, 0xe5, 0x92, 0x05, 0x91, 0xc4, 0xba, 0xe8, 0xc3, 0x47, 0xb2, 0xa5,
  0xb2, 0x65, 0xba, 0x85, 0xa2, 0x24, 0xaa, 0x65, 0xb2, 0xa6, 0xb2, 0x65,
  0xbb, 0x27, 0xaa, 0x64, 0xb3, 0x05, 0xcb, 0x87, 0x69, 0xa2, 0x82, 0x24,
  0x9a, 0x66, 0xa2, 0x65, 0xb2, 0x85, 0xcb, 0x07, 0xc3, 0xa8, 0xe4, 0x8b,
  0xe6, 0x52, 0xe6, 0x31, 0xde, 0x11, 0xe6, 0x31, 0xde, 0x31, 0xe6, 0x51,
  0xde, 0x52, 0xe6, 0x51, 0xde, 0x52, 0xee, 0x93, 0xe6, 0x94, 0xe6, 0x53,
  0xde, 0x32, 0xde, 0x11, 0xd5, 0xf0, 0xdd, 0xcf, 0xde, 0x10, 0xe6, 0x0f,
  0xdd, 0xf0, 0xe5, 0xf0, 0xde, 0x10, 0xdd, 0xef, 0xdd, 0xf0, 0xdd, 0xef,
  0xd5, 0xf0, 0xdd, 0xf0, 0xe6, 0x31, 0xe6, 0x10, 0xd5, 0xf0, 0xe6, 0x11,
  0xde, 0x11, 0xdd, 0xf0, 0xdd, 0xf0, 0xdd, 0xf0, 0xde, 0x10, 0xdd, 0xf0,
  0xde, 0x10, 0xdd, 0xef, 0xde, 0x10, 0xde, 0x10, 0xd6, 0x11, 0xde, 0x11,
  0xd6, 0x11, 0xd5, 0xf1, 0xd5, 0xd0, 0xd5, 0xaf, 0xd5, 0xf1, 0xdd, 0xf1,
  0xde, 0x11, 0xdd, 0xf1, 0xd5, 0xd0, 0xd5, 0xd0, 0xd5, 0xf2, 0xd5, 0xd1,
  0xcd, 0xd1, 0xd5, 0xd1, 0xd5, 0xf2, 0xd5, 0xd1, 0xcd, 0xd1, 0xdd, 0xf1,
  0xd5, 0xf2, 0xd5, 0xd1, 0xcd, 0xb1, 0xd5, 0xb1, 0xcd, 0x90, 0xd5, 0x90,
  0xcd, 0x70, 0xcd, 0x6f, 0xcd, 0xb1, 0xd5, 0x90, 0xcd, 0x90, 0xd5, 0x6f,
  0xdd, 0xce, 0xd5, 0xef, 0xdd, 0xef, 0xd5, 0xef, 0xd5, 0xcf, 0xd5, 0xef,
  0xdd, 0xef, 0xde, 0x10, 0xdd, 0xf0, 0xd5, 0xf0, 0xde, 0x10, 0xd5, 0xf0,
  0xdd, 0xef, 0xd5, 0xf0, 0xdd, 0xf0, 0xd5, 0xf0, 0xde, 0x10, 0xd5, 0xf0,
  0xde, 0x10, 0xde, 0x10, 0xde, 0x10, 0xde, 0x31, 0xdd, 0xef, 0xde, 0x30,
  0xde, 0x10, 0xde, 0x10, 0xde, 0x10, 0xde, 0x31, 0xe6, 0x31, 0xde, 0x32,
  0xde, 0x31, 0xde, 0x32, 0xde, 0x30, 0xde, 0x51, 0xe6, 0x30, 0xde, 0x31,
  0xe6, 0x30, 0xe6, 0x50, 0xe6, 0x30, 0xde, 0x30, 0xc4, 0x4a, 0x8a, 0xc4,
  0xaa, 0x84, 0xb2, 0xc5, 0xba, 0xc5, 0xbb, 0x06, 0xaa, 0x84, 0xbb, 0x27,
  0xc3, 0x06, 0xaa, 0x64, 0x91, 0xe4, 0x79, 0x41, 0x81, 0x64, 0x81, 0xc5,
  0x9a, 0x04, 0x9a, 0x25, 0x9a, 0x03, 0x9a, 0x45, 0xaa, 0x84, 0xaa, 0xa5,
  0xaa, 0x85, 0x9a, 0x44, 0xa2, 0xc4, 0xd4, 0x6b, 0xc3, 0xe9, 0x79, 0xc1,
  0x69, 0x82, 0x7a, 0x25, 0x9a, 0xa5, 0x92, 0xa5, 0xab, 0x05, 0xb3, 0x87,
  0xb3, 0xe9, 0xa3, 0x67, 0x69, 0xc2, 0x61, 0xe3, 0x6a, 0x05, 0x59, 0xa3,
  0x61, 0xa3, 0x61, 0xe5, 0x82, 0x24, 0x8a, 0xc6, 0x9a, 0xc5, 0x92, 0xa5,
  0xa3, 0x06, 0x92, 0xa5, 0x92, 0x65, 0x8a, 0x86, 0x9a, 0x44, 0xab, 0x07,
  0xc3, 0x67, 0xbb, 0x46, 0xb3, 0x05, 0xb3, 0x47, 0xbb, 0x66, 0xbb, 0x66,
  0xc3, 0x86, 0xbb, 0x86, 0xcb, 0xe7, 0xcb, 0xe7, 0xd4, 0x06, 0xcc, 0x07,
  0xdc, 0x07, 0xd4, 0x27, 0xdb, 0xe7, 0xdc, 0x28, 0xdb, 0xc6, 0xdc, 0x07,
  0xe4, 0x07, 0xdc, 0x07, 0xe4, 0x07, 0xe4, 0x27, 0xec, 0x47, 0xe4, 0x27,
  0xe4, 0x26, 0xe4, 0x67, 0xdc, 0x47, 0xd4, 0x48, 0xcb, 0xa6, 0xb3, 0x24,
  0xba, 0x84, 0xb2, 0x84, 0xba, 0x84, 0xcb, 0x27, 0xd3, 0x46, 0xd3, 0x26,
  0xc2, 0xe5, 0xb2, 0x84, 0xaa, 0x84, 0xa2, 0x84, 0x92, 0x45, 0x81, 0xe3,
  0x71, 0x83, 0x69, 0x83, 0x69, 0x83, 0x61, 0x43, 0x9a, 0xc7, 0xab, 0x8a,
  0xcb, 0xc8, 0xd4, 0x2a, 0x92, 0x23, 0xa2, 0xe6, 0xbb, 0x07, 0x9a, 0x44,
  0x91, 0xc3, 0x9a, 0x25, 0x89, 0x82, 0xa2, 0x66, 0xb2, 0x64, 0xaa, 0x44,
  0xba, 0xc5, 0xb2, 0xa5, 0xaa, 0x44, 0xaa, 0x64, 0xa2, 0x44, 0xaa, 0xa6,
  0xaa, 0x64, 0xa2, 0x64, 0xd4, 0x0a, 0x9a, 0x84, 0x69, 0x21, 0x82, 0x25,
  0xc3, 0x48, 0xaa, 0xa6, 0xa2, 0x03, 0xba, 0xe6, 0xcc, 0x09, 0xfd, 0xf1,
  0xee, 0x92, 0xe6, 0x71, 0xe6, 0x31, 0xe6, 0x32, 0xe6, 0x51, 0xde, 0x51,
  0xe6, 0x51, 0xde, 0x51, 0xee, 0x73, 0xee, 0x94, 0xee, 0x93, 0xe6, 0x94,
  0xe6, 0x31, 0xde, 0x31, 0xdd, 0xef, 0xdd, 0xf0, 0xdd, 0xef, 0xdd, 0xef,
  0xdd, 0xef, 0xdd, 0xef, 0xdd, 0xce, 0xde, 0x0f, 0xe6, 0x0f, 0xde, 0x10,
  0xe6, 0x10, 0xde, 0x10, 0xe6, 0x30, 0xde, 0x10, 0xe6, 0x10, 0xde, 0x10,
  0xdd, 0xf0, 0xde, 0x10, 0xdd, 0xef, 0xdd, 0xf0, 0xdd, 0xef, 0xe6, 0x30,
  0xe5, 0xef, 0xdd, 0xef, 0xe6, 0x10, 0xde, 0x10, 0xdd, 0xd0, 0xde, 0x32,
  0xde, 0x11, 0xd6, 0x11, 0xdd, 0xf0, 0xd5, 0xf1, 0xdd, 0xd0, 0xdd, 0xf1,
  0xdd, 0xd0, 0xdd, 0xd0, 0xdd, 0xd0, 0xdd, 0xf1, 0xdd, 0xf0, 0xd5, 0xf1,
  0xdd, 0xf1, 0xd5, 0xf1, 0xd5, 0xd0, 0xd5, 0xf1, 0xdd, 0xf1, 0xd5, 0xf2,
  0xde, 0x12, 0xdd, 0xf2, 0xd5, 0xb0, 0xd5, 0xb1, 0xd5, 0x90, 0xcd, 0x90,
  0xd5, 0x90, 0xcd, 0xb0, 0xd5, 0x8f, 0xcd, 0x90, 0xd5, 0x8f, 0xcd, 0x8f,
  0xd5, 0xcf, 0xdd, 0xcf, 0xd5, 0xf0, 0xdd, 0xef, 0xd5, 0xf0, 0xd5, 0xef,
  0xd5, 0xf0, 0xdd, 0xf0, 0xd5, 0xf0, 0xdd, 0xf0, 0xd5, 0xf0, 0xdd, 0xf0,
  0xd5, 0xf0, 0xdd, 0xf0, 0xcd, 0xcf, 0xdd, 0xf0, 0xd5, 0xf0, 0xdd, 0xf0,
  0xd5, 0xf0, 0xdd, 0xf0, 0xd6, 0x10, 0xdd, 0xf0, 0xde, 0x10, 0xde, 0x10,
  0xd6, 0x10, 0xdd, 0xf0, 0xd6, 0x11, 0xde, 0x31, 0xd6, 0x12, 0xde, 0x31,
  0xde, 0x52, 0xde, 0x32, 0xde, 0x72, 0xe6, 0x52, 0xde, 0x31, 0xe6, 0x31,
  0xde, 0x30, 0xdd, 0xef, 0xcd, 0xae, 0xde, 0x0f, 0xd5, 0x6e, 0x93, 0x45,
  0xaa, 0xc6, 0xaa, 0xa5, 0xaa, 0x65, 0xb2, 0xa5, 0xb2, 0xc5, 0xc3, 0x27,
  0xb2, 0xe5, 0xb2, 0xa4, 0x92, 0x25, 0x79, 0x42, 0x79, 0x64, 0x81, 0x84,
  0x89, 0xa3, 0x91, 0xa3, 0x9a, 0x45, 0xa2, 0x65, 0xa2, 0xa5, 0xa2, 0x43,
  0x92, 0x04, 0x91, 0xc3, 0x92, 0x45, 0xcb, 0xaa, 0x92, 0xa5, 0x71, 0x80,
  0x69, 0xa4, 0x92, 0x87, 0xa2, 0xe6, 0x9a, 0xa4, 0xab, 0x66, 0xb3, 0x66,
  0xa3, 0x68, 0x9a, 0xe5, 0x93, 0x07, 0x9a, 0xe7, 0x69, 0xe4, 0x61, 0x83,
  0x61, 0xa4, 0x69, 0xc4, 0x82, 0x04, 0x92, 0x85, 0x9a, 0xe6, 0x9a, 0x85,
  0x9b, 0x07, 0x9a, 0xc6, 0x8a, 0x45, 0x92, 0x65, 0x92, 0x86, 0xa2, 0xc6,
  0xa2, 0xe6, 0xaa, 0xc6, 0xa2, 0xc5, 0xb3, 0x06, 0xb3, 0x26, 0xbb, 0x46,
  0xc3, 0x66, 0xc3, 0x86, 0xc3, 0xc7, 0xc3, 0xa6, 0xcb, 0xe7, 0xd4, 0x27,
  0xd4, 0x08, 0xdc, 0x07, 0xd3, 0xe7, 0xdb, 0xe7, 0xdc, 0x08, 0xe4, 0x07,
  0xe4, 0x28, 0xe4, 0x08, 0xdc, 0x07, 0xe4, 0x07, 0xd4, 0x27, 0xdc, 0x27,
  0xd4, 0x47, 0xdc, 0x47, 0xd4, 0x48, 0xcb, 0xe6, 0xb3, 0x46, 0xa2, 0xa3,
  0xa2, 0x85, 0xa2, 0x44, 0xa2, 0x64, 0xaa, 0x64, 0xb2, 0xa5, 0xc2, 0xc5,
  0xba, 0xe6, 0xc2, 0xc5, 0xb2, 0xe6, 0xaa, 0x64, 0x92, 0x65, 0x8a, 0x03,
  0x69, 0xa3, 0x69, 0x62, 0x61, 0x64, 0x69, 0x84, 0x92, 0x87, 0x8a, 0x05,
  0xab, 0x06, 0xbb, 0x26, 0xaa, 0xe5, 0xb3, 0x05, 0xa2, 0x85, 0x9a, 0x23,
  0x89, 0xa3, 0x99, 0xe4, 0x89, 0xa4, 0x91, 0xe4, 0xa2, 0x04, 0xaa, 0x45,
  0xaa, 0x45, 0xaa, 0x45, 0x99, 0xe5, 0x89, 0x82, 0x81, 0xa4, 0x89, 0xa4,
  0x71, 0x84, 0x81, 0xa4, 0x92, 0x45, 0xa2, 0xa7, 0x92, 0x25, 0x81, 0xa3,
  0xaa, 0xa6, 0xba, 0xe7, 0xa2, 0x45, 0xaa, 0x65, 0xc3, 0xc9, 0xe4, 0x6b,
  0xd5, 0x0b, 0xed, 0xae, 0xe6, 0x71, 0xee, 0x71, 0xde, 0x31, 0xde, 0x31,
  0xde, 0x31, 0xe6, 0x52, 0xde, 0x53, 0xee, 0x93, 0xe6, 0xb4, 0xe6, 0x52,
  0xde, 0x52, 0xde, 0x31, 0xde, 0x10, 0xdd, 0xd0, 0xd5, 0xf0, 0xdd, 0xcf,
  0xdd, 0xf0, 0xdd, 0xef, 0xdd, 0xf0, 0xdd, 0xcf, 0xde, 0x10, 0xe6, 0x10,
  0xde, 0x31, 0xde, 0x10, 0xde, 0x11, 0xe6, 0x11, 0xde, 0x11, 0xe6, 0x11,
  0xde, 0x11, 0xde, 0x11, 0xde, 0x10, 0xdd, 0xcf, 0xd5, 0xef, 0xe6, 0x0f,
  0xde, 0x10, 0xe6, 0x10, 0xde, 0x11, 0xdd, 0xf0, 0xd6, 0x11, 0xde, 0x11,
  0xde, 0x11, 0xdd, 0xf1, 0xd5, 0xd0, 0xdd, 0xf1, 0xd5, 0xd0, 0xdd, 0xaf,
  0xd5, 0xb0, 0xdd, 0xb0, 0xd5, 0xd0, 0xdd, 0xd0, 0xd5, 0xd1, 0xd5, 0xb0,
  0xd5, 0xf1, 0xd5, 0xb0, 0xd5, 0xd1, 0xdd, 0xd1, 0xd5, 0xf2, 0xdd, 0xf1,
  0xcd, 0xb1, 0xd5, 0xb0, 0xd5, 0xd1, 0xd5, 0x90, 0xcd, 0x8f, 0xd5, 0x8f,
  0xcd, 0x8f, 0xcd, 0x6e, 0xcd, 0x8f, 0xcd, 0x4e, 0xcd, 0x6e, 0xcd, 0x4d,
  0xd5, 0xce, 0xd5, 0xef, 0xde, 0x0f, 0xd6, 0x0f, 0xdd, 0xef, 0xde, 0x10,
  0xdd, 0xcf, 0xde, 0x10, 0xdd, 0xef, 0xde, 0x10, 0xdd, 0xf0, 0xde, 0x11,
  0xde, 0x10, 0xde, 0x11, 0xdd, 0xf0, 0xd5, 0xf0, 0xdd, 0xf0, 0xd5, 0xf0,
  0xd5, 0xcf, 0xd5, 0xf0, 0xde, 0x10, 0xd6, 0x10, 0xdd, 0xf0, 0xde, 0x10,
  0xde, 0x10, 0xde, 0x31, 0xde, 0x10, 0xde, 0x31, 0xe6, 0x31, 0xde, 0x52,
  0xe6, 0x31, 0xde, 0x52, 0xe6, 0x31, 0xde, 0x31, 0xe6, 0x31, 0xe6, 0x51,
  0xe6, 0x10, 0xde, 0x31, 0xdd, 0xef, 0xde, 0x10, 0xe6, 0x10, 0xbd, 0x0c,
  0xb3, 0x87, 0xa3, 0x06, 0xb2, 0xa5, 0xb2, 0xe6, 0xb2, 0xc4, 0xb2, 0xe5,
  0xc3, 0x46, 0xbb, 0x66, 0xaa, 0x85, 0x92, 0x24, 0xa2, 0x85, 0xa2, 0xa6,
  0xaa, 0x64, 0xaa, 0x85, 0xb2, 0xa4, 0xaa, 0xc5, 0xbb, 0x25, 0xbb, 0x66,
  0xbb, 0x06, 0xa2, 0x64, 0x89, 0xe3, 0xc3, 0xcb, 0xcc, 0x2a, 0x92, 0xa5,
  0x8a, 0x43, 0xab, 0x68, 0xbb, 0x66, 0xb3, 0x66, 0xab, 0x25, 0x92, 0x83,
  0xab, 0x06, 0xb3, 0x88, 0xa3, 0x06, 0x8a, 0x85, 0x71, 0xc4, 0x69, 0xa3,
  0x71, 0xc4, 0x72, 0x05, 0x92, 0x44, 0xa2, 0xc6, 0xab, 0x26, 0xa3, 0x06,
  0x92, 0x84, 0x82, 0x44, 0x82, 0x03, 0x82, 0x24, 0x82, 0x24, 0x7a, 0x24,
  0x8a, 0x24, 0x92, 0x65, 0x9a, 0x24, 0x92, 0x44, 0xaa, 0x85, 0xaa, 0xe6,
  0xbb, 0x05, 0xb3, 0x06, 0xbb, 0x45, 0xc3, 0x87, 0xd3, 0xe7, 0xd4, 0x28,
  0xd3, 0xe7, 0xd4, 0x28, 0xdb, 0xe7, 0xdc, 0x08, 0xe4, 0x07, 0xdc, 0x08,
  0xe4, 0x27, 0xdc, 0x27, 0xe4, 0x27, 0xd3, 0xe7, 0xcb, 0xc7, 0xcb, 0xe7,
  0xbb, 0x66, 0xab, 0x25, 0xaa, 0xe4, 0x9a, 0xa4, 0x92, 0x63, 0x8a, 0x43,
  0x9a, 0x64, 0x9a, 0xa5, 0xa2, 0xa5, 0x9a, 0xc5, 0xaa, 0x84, 0xaa, 0xc5,
  0xc3, 0x06, 0xc3, 0x26, 0xc3, 0x26, 0xb2, 0xc4, 0xaa, 0xa5, 0x92, 0x23,
  0x79, 0xc3, 0x69, 0x83, 0x61, 0x22, 0x71, 0xe6, 0x89, 0xc4, 0x81, 0xc4,
  0x9a, 0x43, 0xb3, 0x27, 0xbb, 0x25, 0xcb, 0xc8, 0xbb, 0x06, 0x92, 0x23,
  0x99, 0xe3, 0xb3, 0x08, 0x91, 0xe3, 0x79, 0x62, 0xa2, 0x05, 0xa2, 0x06,
  0xa1, 0xc3, 0xa2, 0x04, 0x91, 0xa3, 0x81, 0x62, 0x79, 0x43, 0x71, 0x43,
  0x69, 0x43, 0x69, 0x84, 0x89, 0xc4, 0x92, 0x46, 0xb2, 0xa6, 0xb2, 0xa6,
  0xb2, 0xe5, 0xaa, 0xa5, 0xba, 0xc6, 0xb2, 0xe6, 0xaa, 0x63, 0xaa, 0xa4,
  0xc3, 0x85, 0xdc, 0x89, 0xee, 0x50, 0xf6, 0x91, 0xee, 0x72, 0xe6, 0x72,
  0xe6, 0x31, 0xe6, 0x93, 0xe6, 0x52, 0xe6, 0x72, 0xee, 0x92, 0xe6, 0x73,
  0xe6, 0x10, 0xde, 0x10, 0xe5, 0xef, 0xde, 0x10, 0xdd, 0xef, 0xde, 0x10,
  0xdd, 0xcf, 0xdd, 0xf0, 0xe5, 0xef, 0xde, 0x10, 0xe6, 0x10, 0xde, 0x10,
  0xe6, 0x10, 0xde, 0x31, 0xe6, 0x31, 0xde, 0x51, 0xdd, 0xf0, 0xde, 0x10,
  0xdd, 0xf0, 0xdd, 0xf0, 0xdd, 0xf0, 0xd5, 0xf0, 0xe5, 0xef, 0xde, 0x10,
  0xe5, 0xf0, 0xde, 0x10, 0xdd, 0xcf, 0xde, 0x10, 0xde, 0x10, 0xd5, 0xf0,
  0xe6, 0x31, 0xde, 0x11, 0xdd, 0xf0, 0xdd, 0xf0, 0xdd, 0xcf, 0xd5, 0xcf,
  0xdd, 0xaf, 0xd5, 0xd0, 0xd5, 0xaf, 0xd5, 0xd0, 0xd5, 0xaf, 0xd5, 0xb0,
  0xd5, 0xaf, 0xd5, 0xb0, 0xdd, 0xf0, 0xde, 0x11, 0xdd, 0xf0, 0xd5, 0xf1,
  0xd5, 0xaf, 0xcd, 0x8f, 0xd5, 0x6e, 0xcd, 0x8e, 0xcd, 0x6d, 0xcd, 0x6e,
  0xcd, 0x6d, 0xcd, 0x6e, 0xcd, 0x4d, 0xcd, 0x8e, 0xcd, 0x6d, 0xcd, 0x6e,
  0xd5, 0xcf, 0xd5, 0xae, 0xd5, 0xf0, 0xdd, 0xf0, 0xd5, 0xf0, 0xdd, 0xf0,
  0xd5, 0xf1, 0xdd, 0xf0, 0xd5, 0xf0, 0xdd, 0xd0, 0xd6, 0x12, 0xdd, 0xf1,
  0xd5, 0xf1, 0xdd, 0xf1, 0xd5, 0xf0, 0xdd, 0xf0, 0xd6, 0x11, 0xde, 0x11,
  0xd5, 0xf1, 0xde, 0x11, 0xe6, 0x52, 0xdd, 0xf0, 0xd5, 0xf1, 0xde, 0x11,
  0xde, 0x11, 0xde, 0x10, 0xde, 0x31, 0xde, 0x31, 0xde, 0x32, 0xde, 0x11,
  0xde, 0x32, 0xde, 0x32, 0xde, 0x52, 0xde, 0x11, 0xde, 0x52, 0xe6, 0x51,
  0xe6, 0x52, 0xe6, 0x31, 0xde, 0x31, 0xe6, 0x10, 0xde, 0x31, 0xde, 0x31,
  0xdd, 0x2e, 0x9b, 0x05, 0xaa, 0xe6, 0xcb, 0x89, 0xaa, 0xc5, 0xa2, 0x43,
  0xbb, 0x88, 0xc3, 0x67, 0x9a, 0x24, 0xb2, 0xc6, 0xbb, 0x47, 0xc3, 0x67,
  0xc3, 0x87, 0xc3, 0x66, 0xc3, 0x86, 0xcb, 0x66, 0xd4, 0x07, 0xe4, 0x68,
  0xe4, 0xcb, 0xdc, 0x69, 0x92, 0x85, 0x9a, 0x64, 0xcc, 0x6a, 0xdc, 0xec,
  0xc4, 0x28, 0xab, 0x65, 0xb3, 0x67, 0xa2, 0xe4, 0x92, 0x45, 0x9a, 0x86,
  0x9a, 0x86, 0x92, 0x23, 0x8a, 0x45, 0x82, 0x03, 0x69, 0xa4, 0x61, 0x63,
  0x79, 0xe5, 0x8a, 0x46, 0xa2, 0xa6, 0xaa, 0xa6, 0x9a, 0xe6, 0x9a, 0x84,
  0x8a, 0x65, 0x81, 0xe3, 0x82, 0x45, 0x8a, 0x45, 0x7a, 0x04, 0x79, 0xe4,
  0x82, 0x25, 0x81, 0xe4, 0x79, 0xe4, 0x81, 0xc4, 0x81, 0xc4, 0x8a, 0x05,
  0x8a, 0x24, 0x9a, 0x45, 0xab, 0x06, 0xc3, 0x67, 0xbb, 0x86, 0xcb, 0xc7,
  0xd4, 0x08, 0xd3, 0xe7, 0xd3, 0xe8, 0xdb, 0xe7, 0xdb, 0xe8, 0xe3, 0xe8,
  0xe4, 0x28, 0xe4, 0x07, 0xdc, 0x28, 0xcb, 0xa6, 0xa2, 0xe5, 0x9a, 0x43,
  0x82, 0x04, 0x81, 0xc3, 0x81, 0xe4, 0x89, 0xe4, 0x92, 0x65, 0x92, 0x65,
  0x9a, 0xa4, 0xab, 0x05, 0xab, 0x46, 0xbb, 0x87, 0xb3, 0x87, 0xb3, 0x45,
  0xbb, 0x25, 0xc3, 0x46, 0xc3, 0x46, 0xc3, 0x05, 0xaa, 0xc6, 0x9a, 0x23,
  0x79, 0xe5, 0x71, 0x62, 0x69, 0xa4, 0x8a, 0x67, 0xa2, 0xa7, 0x91, 0xe4,
  0xb3, 0x48, 0xbb, 0x68, 0xbb, 0x26, 0xbb, 0x25, 0xbb, 0x47, 0xa2, 0x64,
  0xb2, 0xe6, 0xd3, 0xc9, 0xb3, 0x47, 0x81, 0xc1, 0x9a, 0x26, 0xa2, 0x25,
  0x99, 0xe4, 0xa2, 0x04, 0x9a, 0x25, 0x9a, 0x04, 0x79, 0xc5, 0x79, 0x83,
  0x71, 0x84, 0x79, 0x84, 0x79, 0x84, 0x81, 0x84, 0x89, 0xc3, 0xaa, 0x86,
  0xc3, 0x88, 0xc3, 0x26, 0xaa, 0xc5, 0xb2, 0xa5, 0xaa, 0xc6, 0xbb, 0x27,
  0xc3, 0xc7, 0xdc, 0x69, 0xee, 0x10, 0xf6, 0x50, 0xe6, 0x73, 0xe6, 0x52,
  0xde, 0x52, 0xe6, 0x72, 0xde, 0x31, 0xde, 0x31, 0xe6, 0x52, 0xe6, 0x31,
  0xde, 0x10, 0xe5, 0xf0, 0xde, 0x10, 0xdd, 0xcf, 0xde, 0x10, 0xdd, 0xef,
  0xd5, 0xd0, 0xe5, 0xf0, 0xdd, 0xf0, 0xe5, 0xf0, 0xde, 0x11, 0xe6, 0x11,
  0xd5, 0xf1, 0xe6, 0x11, 0xde, 0x32, 0xde, 0x11, 0xde, 0x10, 0xde, 0x10,
  0xde, 0x11, 0xe6, 0x11, 0xde, 0x11, 0xdd, 0xd0, 0xdd, 0xf0, 0xdd, 0xf0,
  0xdd, 0xd0, 0xdd, 0xcf, 0xd5, 0xf0, 0xdd, 0xf0, 0xd5, 0xf0, 0xdd, 0xcf,
  0xd6, 0x10, 0xd5, 0xef, 0xd5, 0xd0, 0xdd, 0xcf, 0xd5, 0xcf, 0xdd, 0xae,
  0xd5, 0xf0, 0xdd, 0xcf, 0xcd, 0xb0, 0xd5, 0x8f, 0xd5, 0xb0, 0xd5, 0xb0,
  0xd5, 0xd0, 0xdd, 0xd0, 0xd5, 0xd1, 0xdd, 0xd0, 0xd5, 0xd0, 0xd5, 0xb0,
  0xd5, 0xb0, 0xd5, 0x8f, 0xcd, 0x6e, 0xd5, 0x4e, 0xcd, 0x8f, 0xd5, 0x6e,
  0xcd, 0x6f, 0xcd, 0x4e, 0xcd, 0x8f, 0xd5, 0x8e, 0xcd, 0x6e, 0xd5, 0x6e,
  0xdd, 0xce, 0xd5, 0xef, 0xdd, 0xef, 0xdd, 0xef, 0xdd, 0xef, 0xd5, 0xef,
  0xdd, 0xef, 0xde, 0x10, 0xdd, 0xf0, 0xd5, 0xf0, 0xdd, 0xf0, 0xd5, 0xf0,
  0xdd, 0xf0, 0xd5, 0xf0, 0xdd, 0xf0, 0xde, 0x11, 0xde, 0x10, 0xde, 0x31,
  0xdd, 0xef, 0xde, 0x10, 0xe6, 0x10, 0xde, 0x30, 0xde, 0x10, 0xde, 0x10,
  0xe6, 0x30, 0xde, 0x11, 0xdd, 0xf0, 0xde, 0x31, 0xe6, 0x31, 0xde, 0x11,
  0xe6, 0x51, 0xe6, 0x72, 0xde, 0x30, 0xde, 0x51, 0xe6, 0x50, 0xde, 0x51,
  0xde, 0x30, 0xde, 0x51, 0xe6, 0x0e, 0xde, 0x0f, 0xe6, 0x0f, 0xde, 0x0f,
  0xdd, 0xae, 0xcd, 0x2d, 0xd5, 0x0d, 0xcc, 0xed, 0xbb, 0x88, 0x9a, 0x84,
  0x89, 0xe4, 0x8a, 0x04, 0x79, 0x82, 0x8a, 0x45, 0xba, 0xc5, 0xba, 0xe6,
  0xba, 0xe5, 0xc3, 0x27, 0xc3, 0x65, 0xd3, 0xe8, 0xe4, 0x67, 0xe4, 0x88,
  0xec, 0x48, 0xcb, 0xa5, 0x92, 0x03, 0xa2, 0xa6, 0xd4, 0x8a, 0xcc, 0x8a,
  0xd4, 0x27, 0xc3, 0xc6, 0xcc, 0x08, 0x9a, 0xe4, 0x81, 0xc3, 0x82, 0x24,
  0x89, 0xe3, 0x82, 0x04, 0x82, 0x24, 0x71, 0xe4, 0x61, 0x84, 0x59, 0x84,
  0x81, 0xc3, 0x92, 0x86, 0xaa, 0xc5, 0xa2, 0xa5, 0x9a, 0x65, 0x8a, 0x44,
  0xab, 0x06, 0xab, 0x47, 0xb3, 0x46, 0xab, 0x25, 0xaa, 0xe5, 0xa2, 0xe5,
  0xa2, 0xa5, 0x9a, 0x84, 0x92, 0x03, 0x81, 0xc2, 0x81, 0xa3, 0x79, 0x83,
  0x79, 0x83, 0x79, 0xa4, 0x92, 0x24, 0xa2, 0xe7, 0xb3, 0x05, 0xbb, 0x67,
  0xcb, 0xc7, 0xcb, 0xe7, 0xdc, 0x08, 0xd4, 0x08, 0xe3, 0xe7, 0xdc, 0x08,
  0xdb, 0xc6, 0xd3, 0xc6, 0xb3, 0x25, 0x9a, 0x83, 0x8a, 0x23, 0x81, 0xe3,
  0x81, 0xc3, 0x81, 0xe4, 0x9a, 0x64, 0xab, 0x06, 0xc3, 0xa6, 0xc3, 0xc7,
  0xd3, 0xe6, 0xd4, 0x48, 0xdc, 0x68, 0xdc, 0x89, 0xe4, 0xc9, 0xdc, 0xa9,
  0xcb, 0xa5, 0xc3, 0x85, 0xcb, 0x66, 0xc3, 0x25, 0xbb, 0x06, 0xa2, 0x63,
  0x81, 0xe4, 0x71, 0x83, 0x81, 0xe4, 0xa3, 0x09, 0xbb, 0x67, 0xb3, 0x47,
  0xed, 0x0c, 0xd4, 0x89, 0xb2, 0xe4, 0xb3, 0x04, 0xbb, 0x06, 0x9a, 0x23,
  0xc3, 0x26, 0xd3, 0xea, 0xba, 0xe5, 0x9a, 0x02, 0xa2, 0x04, 0xaa, 0x66,
  0x91, 0xc3, 0x81, 0x83, 0x8a, 0x04, 0x92, 0x66, 0x92, 0x04, 0x9a, 0x66,
  0xa2, 0x86, 0x9a, 0x86, 0xa2, 0x45, 0x9a, 0x65, 0x92, 0x04, 0x8a, 0x04,
  0xa2, 0x44, 0xaa, 0xa6, 0xcb, 0x27, 0xb2, 0xc6, 0xc3, 0x87, 0xc3, 0x87,
  0xbb, 0x65, 0xd4, 0x69, 0xed, 0xad, 0xf6, 0x0f, 0xe6, 0x31, 0xe6, 0x72,
  0xee, 0x72, 0xde, 0x32, 0xe6, 0x10, 0xe6, 0x51, 0xe6, 0x30, 0xe6, 0x51,
  0xe6, 0x10, 0xdd, 0xef, 0xe5, 0xef, 0xdd, 0xef, 0xe5, 0xef, 0xdd, 0xef,
  0xe6, 0x10, 0xde, 0x10, 0xdd, 0xd0, 0xe6, 0x11, 0xe6, 0x10, 0xde, 0x11,
  0xe6, 0x31, 0xde, 0x51, 0xe6, 0x51, 0xde, 0x11, 0xe6, 0x31, 0xde, 0x11,
  0xe6, 0x31, 0xde, 0x11, 0xe6, 0x10, 0xde, 0x10, 0xdd, 0xcf, 0xdd, 0xef,
  0xdd, 0xee, 0xdd, 0xcf, 0xdd, 0xef, 0xde, 0x0f, 0xdd, 0xef, 0xde, 0x10,
  0xe6, 0x30, 0xde, 0x30, 0xdd, 0xef, 0xd5, 0xcf, 0xdd, 0xcf, 0xdd, 0xf0,
  0xdd, 0xcf, 0xdd, 0xef, 0xdd, 0xaf, 0xd5, 0xaf, 0xdd, 0xd0, 0xdd, 0xf1,
  0xd5, 0xd0, 0xd5, 0xd0, 0xdd, 0xd0, 0xd5, 0xd0, 0xdd, 0xcf, 0xd5, 0xcf,
  0xd5, 0x6e, 0xcd, 0x8f, 0xd5, 0x4d, 0xd5, 0x6e, 0xd5, 0x6e, 0xd5, 0x8f,
  0xd5, 0x8f, 0xd5, 0x8f, 0xd5, 0x8e, 0xcd, 0x8e, 0xd5, 0x6e, 0xcd, 0x6e,
  0xd5, 0xf0, 0xd5, 0xcf, 0xd5, 0xf0, 0xdd, 0xef, 0xd5, 0xf0, 0xdd, 0xcf,
  0xd5, 0xef, 0xd5, 0xce, 0xd5, 0xef, 0xd5, 0xce, 0xd5, 0xef, 0xd5, 0xcf,
  0xd5, 0xf0, 0xd5, 0xcf, 0xd5, 0xf0, 0xde, 0x10, 0xd5, 0xf0, 0xdd, 0xf0,
  0xd5, 0xf0, 0xdd, 0xf0, 0xde, 0x10, 0xdd, 0xf0, 0xd6, 0x11, 0xde, 0x10,
  0xde, 0x11, 0xde, 0x11, 0xde, 0x31, 0xde, 0x10, 0xde, 0x31, 0xde, 0x31,
  0xde, 0x51, 0xde, 0x31, 0xde, 0x31, 0xde, 0x10, 0xde, 0x30, 0xe6, 0x51,
  0xde, 0x71, 0xe6, 0x51, 0xde, 0x0f, 0xde, 0x0f, 0xde, 0x10, 0xdd, 0xef,
  0xd5, 0xf0, 0xe6, 0x10, 0xde, 0x11, 0xd5, 0xaf, 0xa3, 0x48, 0xa3, 0x27,
  0xbb, 0xab, 0x81, 0xe3, 0x71, 0x84, 0x71, 0x63, 0x92, 0x45, 0xa2, 0x65,
  0xa2, 0x85, 0xa2, 0x43, 0xb3, 0x05, 0xd3, 0xe8, 0xe4, 0x68, 0xdc, 0x07,
  0xcb, 0x87, 0xc3, 0x04, 0x9a, 0x65, 0xbb, 0x48, 0xcc, 0x8a, 0xcc, 0x49,
  0xc3, 0xc7, 0xbb, 0x45, 0x8a, 0x65, 0x71, 0x60, 0x61, 0x63, 0x69, 0x83,
  0x71, 0xa4, 0x81, 0xe5, 0x82, 0x66, 0x69, 0x83, 0x51, 0x63, 0x59, 0x84,
  0x81, 0xe4, 0xa2, 0x87, 0x9a, 0x65, 0x9a, 0x24, 0x92, 0x64, 0xab, 0x06,
  0xbb, 0xc8, 0xd4, 0x29, 0xcc, 0x29, 0xc3, 0xa6, 0xbb, 0xc7, 0xcb, 0xe7,
  0xcc, 0x08, 0xcb, 0xc7, 0xb3, 0x67, 0xaa, 0xe5, 0x9a, 0x86, 0x92, 0x03,
  0x81, 0xc4, 0x89, 0xe4, 0x81, 0xe4, 0x92, 0x04, 0xa2, 0xa5, 0xbb, 0x47,
  0xc3, 0xa8, 0xd3, 0xe9, 0xcc, 0x08, 0xd4, 0x08, 0xd4, 0x08, 0xd3, 0xa6,
  0xb3, 0x45, 0xb2, 0xe3, 0x92, 0x84, 0x9a, 0x63, 0xa2, 0xc6, 0xa2, 0xc5,
  0xa2, 0xc6, 0xc3, 0x68, 0xd4, 0x48, 0xdc, 0x68, 0xe4, 0xa8, 0xe4, 0x87,
  0xdc, 0x87, 0xec, 0xa8, 0xe4, 0xe9, 0xec, 0xe9, 0xed, 0x4a, 0xf5, 0x2a,
  0xec, 0xea, 0xe4, 0x67, 0xcb, 0xc7, 0xc3, 0x25, 0xbb, 0x26, 0xa2, 0x63,
  0x79, 0xc4, 0x71, 0x62, 0x71, 0x83, 0xb3, 0x6a, 0xc3, 0xc7, 0xe4, 0x8a,
  0xd4, 0xa9, 0xed, 0x2b, 0xb3, 0x45, 0xa2, 0xa3, 0x92, 0x24, 0x81, 0x61,
  0xaa, 0xa6, 0xb2, 0xe6, 0xaa, 0x64, 0xba, 0xc5, 0xd3, 0xa8, 0xcb, 0x25,
  0x9a, 0x44, 0x81, 0x61, 0x69, 0x63, 0x71, 0x83, 0x69, 0x64, 0x79, 0xa4,
  0x92, 0x05, 0xa2, 0x46, 0xa2, 0x66, 0xaa, 0x66, 0xaa, 0xc7, 0xb2, 0xa6,
  0x9a, 0x05, 0x99, 0xe3, 0xa2, 0x25, 0xb2, 0x66, 0xc3, 0x68, 0xd3, 0xc9,
  0xdc, 0xca, 0xe4, 0xca, 0xd5, 0x2c, 0xed, 0xce, 0xde, 0x32, 0xe6, 0x52,
  0xe6, 0x73, 0xe6, 0x32, 0xde, 0x31, 0xe6, 0x10, 0xde, 0x10, 0xe6, 0x10,
  0xde, 0x10, 0xe5, 0xf0, 0xdd, 0xf0, 0xdd, 0xef, 0xdd, 0xf0, 0xdd, 0xcf,
  0xde, 0x11, 0xdd, 0xf0, 0xde, 0x11, 0xe5, 0xf0, 0xde, 0x11, 0xe6, 0x11,
  0xde, 0x32, 0xde, 0x31, 0xde, 0x11, 0xe6, 0x31, 0xde, 0x11, 0xe6, 0x11,
  0xde, 0x11, 0xdd, 0xf0, 0xdd, 0xf0, 0xdd, 0xf0, 0xdd, 0xf0, 0xdd, 0xef,
  0xd5, 0xcf, 0xdd, 0xce, 0xd5, 0xef, 0xdd, 0xef, 0xd5, 0xef, 0xde, 0x10,
  0xde, 0x11, 0xdd, 0xf0, 0xd5, 0xd0, 0xd5, 0xaf, 0xd5, 0xcf, 0xdd, 0xaf,
  0xd5, 0xf0, 0xdd, 0xcf, 0xd5, 0xd0, 0xdd, 0xd0, 0xd5, 0xd1, 0xdd, 0xd0,
  0xd5, 0xf1, 0xd5, 0xd1, 0xd5, 0xd0, 0xd5, 0xb0, 0xd5, 0xd0, 0xd5, 0x8e,
  0xcd, 0x6e, 0xd5, 0x6e, 0xcd, 0x6f, 0xd5, 0x8e, 0xcd, 0x8f, 0xd5, 0x8f,
  0xd5, 0x8f, 0xd5, 0x6e, 0xcd, 0x8f, 0xd5, 0x6e, 0xcd, 0x6e, 0xd5, 0x4e,
  0xdd, 0xcf, 0xd5, 0xf0, 0xdd, 0xcf, 0xd5, 0xcf, 0xdd, 0xef, 0xdd, 0xef,
  0xd5, 0xce, 0xd5, 0xef, 0xd5, 0xce, 0xd5, 0xef, 0xde, 0x10, 0xde, 0x10,
  0xdd, 0xef, 0xd5, 0xf0, 0xde, 0x10, 0xd6, 0x10, 0xdd, 0xcf, 0xd5, 0xf0,
  0xdd, 0xef, 0xde, 0x10, 0xe6, 0x10, 0xde, 0x10, 0xde, 0x10, 0xde, 0x10,
  0xe6, 0x30, 0xde, 0x10, 0xe6, 0x30, 0xde, 0x31, 0xde, 0x31, 0xde, 0x51,
  0xe6, 0x30, 0xde, 0x31, 0xe6, 0x30, 0xde, 0x30, 0xe6, 0x30, 0xe6, 0x71,
  0xee, 0x70, 0xe6, 0x50, 0xe6, 0x0e, 0xde, 0x0e, 0xe6, 0x10, 0xde, 0x10,
  0xe6, 0x30, 0xde, 0x51, 0xe6, 0x2f, 0xcd, 0x8d, 0x8a, 0x63, 0x8a, 0x84,
  0xbb, 0x88, 0xb3, 0x68, 0x8a, 0x04, 0x79, 0xc4, 0x81, 0xe4, 0x8a, 0x46,
  0xa2, 0x44, 0xa2, 0xa5, 0xb2, 0xc4, 0xd3, 0xe9, 0xd3, 0xa6, 0xcb, 0x86,
  0xcb, 0x46, 0xc3, 0x46, 0xbb, 0xa7, 0xcc, 0x2a, 0xdc, 0xc9, 0xcc, 0x68,
  0xc3, 0x87, 0xa2, 0xc4, 0x69, 0x42, 0x69, 0x63, 0x69, 0x84, 0x69, 0xc5,
  0x79, 0xa3, 0xb3, 0xab, 0xbc, 0x2c, 0x61, 0x82, 0x51, 0x63, 0x51, 0xa4,
  0x89, 0xe4, 0x9a, 0x87, 0xa2, 0x44, 0xa2, 0x85, 0xb3, 0x46, 0xc3, 0xe8,
  0xcb, 0xe7, 0xcc, 0x08, 0xcb, 0xe6, 0xd4, 0x27, 0xdc, 0x27, 0xd4, 0x27,
  0xd3, 0xe6, 0xcc, 0x07, 0xd4, 0x07, 0xcb, 0xe7, 0xcb, 0xa7, 0xc3, 0x86,
  0xbb, 0x26, 0xaa, 0xe5, 0xa2, 0x85, 0xa2, 0xa5, 0xaa, 0xa4, 0xb3, 0x27,
  0xc3, 0x87, 0xcc, 0x09, 0xd4, 0x28, 0xd4, 0x49, 0xdc, 0x48, 0xc3, 0xc6,
  0xbb, 0x25, 0xaa, 0xe4, 0xbb, 0x45, 0xcb, 0xe8, 0xe4, 0x47, 0xe4, 0x68,
  0xec, 0x68, 0xe4, 0x48, 0xe4, 0x46, 0xe4, 0x88, 0xec, 0xc7, 0xec, 0xe8,
  0xec, 0xc7, 0xed, 0x08, 0xfd, 0x29, 0xfd, 0x6b, 0xf5, 0x49, 0xed, 0x29,
  0xf5, 0x29, 0xed, 0x29, 0xec, 0xa8, 0xd4, 0x06, 0xc3, 0x25, 0xaa, 0xc4,
  0x81, 0xc3, 0x8a, 0x25, 0x92, 0x23, 0xcc, 0x0b, 0xcb, 0xe5, 0xed, 0x0a,
  0xd4, 0x46, 0xdc, 0xe8, 0xc3, 0xe6, 0xa3, 0x24, 0x92, 0x24, 0x9a, 0x86,
  0xa2, 0x65, 0xa2, 0x86, 0xba, 0xa4, 0xdb, 0xe9, 0xec, 0x67, 0xe4, 0x47,
  0xc3, 0x05, 0xb2, 0xc4, 0x92, 0x46, 0x81, 0xc4, 0x79, 0x83, 0x71, 0x83,
  0x81, 0x82, 0x89, 0xe4, 0x9a, 0x03, 0xa2, 0x45, 0xb2, 0x85, 0xaa, 0x85,
  0xaa, 0x64, 0xaa, 0x85, 0xb2, 0x85, 0xa2, 0x44, 0xaa, 0x84, 0xc3, 0x88,
  0xd4, 0x48, 0xed, 0x6c, 0xe5, 0x8c, 0xe5, 0xee, 0xf6, 0x93, 0xee, 0x52,
  0xe6, 0x72, 0xde, 0x32, 0xe6, 0x10, 0xdd, 0xf0, 0xe5, 0xef, 0xe6, 0x10,
  0xe6, 0x10, 0xde, 0x10, 0xdd, 0xef, 0xd5, 0xcf, 0xdd, 0xcf, 0xde, 0x10,
  0xdd, 0xf0, 0xe6, 0x31, 0xe5, 0xef, 0xdd, 0xf0, 0xe6, 0x10, 0xe6, 0x31,
  0xe6, 0x51, 0xde, 0x31, 0xe6, 0x10, 0xde, 0x31, 0xdd, 0xf0, 0xde, 0x11,
  0xe5, 0xf1, 0xdd, 0xf1, 0xdd, 0xef, 0xdd, 0xf0, 0xdd, 0xef, 0xdd, 0xef,
  0xdd, 0xef, 0xdd, 0xcf, 0xe5, 0xef, 0xde, 0x10, 0xe6, 0x10, 0xde, 0x31,
  0xdd, 0xd0, 0xdd, 0xf1, 0xdd, 0xcf, 0xd5, 0xcf, 0xdd, 0xae, 0xd5, 0xae,
  0xd5, 0xae, 0xd5, 0xcf, 0xdd, 0xcf, 0xd5, 0xf0, 0xdd, 0xd0, 0xd5, 0xf1,
  0xdd, 0xd1, 0xd5, 0xd1, 0xd5, 0x8f, 0xcd, 0x8f, 0xd5, 0x8e, 0xd5, 0x8f,
  0xd5, 0x8e, 0xd5, 0xaf, 0xd5, 0x8e, 0xd5, 0x8f, 0xd5, 0x6e, 0xcd, 0x6f,
  0xcd, 0x4d, 0xcd, 0x6e, 0xd5, 0x8e, 0xd5, 0x8f, 0xd5, 0x6e, 0xcd, 0x8e,
  0xd5, 0xf0, 0xd5, 0xcf, 0xd5, 0xcf, 0xdd, 0xcf, 0xd5, 0xef, 0xd5, 0xce,
  0xd5, 0xf0, 0xdd, 0xf0, 0xd5, 0xf0, 0xdd, 0xf0, 0xde, 0x11, 0xdd, 0xf0,
  0xd5, 0xf0, 0xdd, 0xf0, 0xd5, 0xf0, 0xd5, 0xcf, 0xd5, 0xd0, 0xdd, 0xf0,
  0xdd, 0xf0, 0xe6, 0x10, 0xde, 0x10, 0xde, 0x10, 0xde, 0x11, 0xdd, 0xf0,
  0xde, 0x31, 0xde, 0x10, 0xde, 0x31, 0xe6, 0x31, 0xde, 0x52, 0xe6, 0x31,
  0xd6, 0x11, 0xde, 0x30, 0xde, 0x51, 0xe6, 0x51, 0xde, 0x30, 0xd5, 0xae,
  0xd5, 0x8d, 0xd5, 0x6c, 0xd5, 0x6d, 0xdd, 0x6d, 0xd5, 0x8f, 0xd5, 0x6e,
  0xcd, 0x6e, 0xcd, 0x2d, 0xcc, 0xeb, 0xc4, 0x69, 0x9b, 0x06, 0x92, 0x64,
  0xab, 0x67, 0xd4, 0x6b, 0x92, 0xa5, 0x81, 0xe2, 0x79, 0xc4, 0x81, 0xc4,
  0x81, 0xe4, 0x92, 0x25, 0xa2, 0xa6, 0xb2, 0xc6, 0xa2, 0x84, 0xaa, 0x63,
  0xaa, 0xc4, 0xb2, 0xe5, 0xcc, 0x49, 0xcc, 0x28, 0xc4, 0x08, 0xc3, 0xe7,
  0xa2, 0xc6, 0x89, 0xa2, 0x61, 0x63, 0x69, 0x84, 0x61, 0x84, 0x69, 0xa4,
  0x82, 0x24, 0xc3, 0xeb, 0x9b, 0x89, 0x59, 0x61, 0x49, 0x63, 0x51, 0x84,
  0x81, 0xc4, 0x9a, 0x46, 0xa2, 0xa5, 0xb2, 0xe6, 0xbb, 0x87, 0xc3, 0xa7,
  0xc3, 0xc7, 0xcb, 0xe7, 0xd4, 0x08, 0xdc, 0x28, 0xcb, 0xc7, 0xc3, 0x86,
  0xcb, 0xa7, 0xcb, 0xa6, 0xcb, 0xa6, 0xcb, 0x86, 0xcb, 0x87, 0xd3, 0xa7,
  0xc3, 0x87, 0xbb, 0x05, 0xb3, 0x06, 0xbb, 0x06, 0xb3, 0x06, 0xbb, 0x26,
  0xc3, 0xe8, 0xd4, 0x09, 0xd4, 0x6a, 0xd4, 0x49, 0xd4, 0x28, 0xcb, 0xe7,
  0xc3, 0x66, 0xd3, 0xc7, 0xec, 0x68, 0xf4, 0x68, 0xf4, 0x87, 0xf4, 0x66,
  0xdc, 0x07, 0xdb, 0xa5, 0xcb, 0xa7, 0xcb, 0x86, 0xd3, 0xc7, 0xdb, 0xe7,
  0xdc, 0x48, 0xe4, 0x68, 0xe4, 0x89, 0xe4, 0x88, 0xec, 0xea, 0xf5, 0x2a,
  0xf5, 0x49, 0xf5, 0x49, 0xed, 0x29, 0xdc, 0x46, 0xbb, 0x25, 0xb2, 0xc3,
  0x81, 0xe4, 0x79, 0x82, 0xab, 0x07, 0xd3, 0xea, 0xcc, 0x06, 0xfd, 0x4b,
  0xdd, 0x09, 0xdc, 0xa7, 0xdd, 0x0b, 0xab, 0x65, 0x92, 0x85, 0xbb, 0x89,
  0xa2, 0x66, 0xa2, 0x45, 0xaa, 0x44, 0xdb, 0xca, 0xdc, 0x48, 0xcb, 0x84,
  0xa2, 0xa4, 0xaa, 0x84, 0x92, 0x05, 0x91, 0xc4, 0x92, 0x25, 0xa2, 0x86,
  0xa2, 0xa7, 0x9a, 0x65, 0x9a, 0x65, 0xa2, 0x65, 0xa2, 0xa5, 0xb2, 0xc5,
  0xbb, 0x46, 0xcb, 0xa7, 0xc3, 0xa8, 0xcb, 0xa7, 0xb3, 0x26, 0xc3, 0x66,
  0xcc, 0x49, 0xe4, 0xeb, 0xdd, 0x8e, 0xed, 0xef, 0xe6, 0x32, 0xe6, 0x31,
  0xde, 0x52, 0xe6, 0x32, 0xde, 0x31, 0xd5, 0xcf, 0xdd, 0xf0, 0xe6, 0x10,
  0xdd, 0xef, 0xe5, 0xef, 0xdd, 0xef, 0xdd, 0xef, 0xde, 0x10, 0xdd, 0xcf,
  0xde, 0x11, 0xdd, 0xf0, 0xde, 0x10, 0xe5, 0xf0, 0xde, 0x31, 0xe6, 0x10,
  0xde, 0x31, 0xe6, 0x11, 0xe6, 0x72, 0xe6, 0x11, 0xde, 0x31, 0xdd, 0xf0,
  0xde, 0x11, 0xe6, 0x11, 0xdd, 0xf0, 0xdd, 0xf0, 0xde, 0x10, 0xdd, 0xcf,
  0xdd, 0xf0, 0xe5, 0xf0, 0xdd, 0xf1, 0xe6, 0x11, 0xe6, 0x32, 0xe5, 0xf1,
  0xd5, 0xf1, 0xd5, 0xd0, 0xdd, 0xf0, 0xdd, 0xcf, 0xd5, 0x8f, 0xd5, 0xae,
  0xd5, 0xcf, 0xdd, 0xcf, 0xd5, 0xf1, 0xdd, 0xd0, 0xde, 0x11, 0xdd, 0xd0,
  0xd5, 0xf1, 0xd5, 0xb0, 0xcd, 0x8f, 0xd5, 0x8f, 0xd5, 0x8f, 0xdd, 0x8f,
  0xd5, 0x8f, 0xd5, 0x8e, 0xd5, 0x8f, 0xd5, 0x6f, 0xcd, 0x6e, 0xd5, 0x6e,
  0xcd, 0x6e, 0xd5, 0x6e, 0xcd, 0x8f, 0xd5, 0x6e, 0xd5, 0x8f, 0xcd, 0x4e,
  0xd5, 0xcd, 0xd5, 0xce, 0xd5, 0xae, 0xdd, 0xef, 0xdd, 0xef, 0xd5, 0xef,
  0xdd, 0xce, 0xd6, 0x0f, 0xdd, 0xcf, 0xde, 0x10, 0xdd, 0xef, 0xd5, 0xef,
  0xdd, 0xef, 0xd5, 0xf0, 0xdd, 0xef, 0xd5, 0xef, 0xdd, 0xef, 0xd5, 0xf0,
  0xdd, 0xef, 0xde, 0x10, 0xe6, 0x10, 0xde, 0x10, 0xe6, 0x10, 0xde, 0x10,
  0xde, 0x10, 0xde, 0x11, 0xde, 0x10, 0xde, 0x31, 0xe6, 0x51, 0xde, 0x31,
  0xe6, 0x31, 0xde, 0x51, 0xe6, 0x51, 0xe6, 0x72, 0xdd, 0xee, 0xcd, 0x6d,
  0xd4, 0xea, 0xcc, 0xea, 0xd4, 0xca, 0xcc, 0xeb, 0xd5, 0x0d, 0xcd, 0x0d,
  0xd5, 0x0b, 0xc4, 0xca, 0xc4, 0x06, 0xb3, 0xc5, 0xbb, 0xe7, 0xab, 0x66,
  0xcc, 0x8a, 0xd4, 0xeb, 0xbb, 0xc7, 0x9a, 0xc4, 0x89, 0xe3, 0x81, 0xe3,
  0x81, 0xe4, 0x79, 0xe4, 0x92, 0x04, 0x92, 0x25, 0x92, 0x03, 0x9a, 0x85,
  0xaa, 0xc4, 0xc3, 0x87, 0xcb, 0xe7, 0xbb, 0x86, 0xb2, 0xc6, 0x9a, 0x44,
  0x91, 0xe4, 0x89, 0xa4, 0x69, 0x42, 0x69, 0x84, 0x71, 0x83, 0x69, 0x84,
  0xa2, 0xa6, 0x92, 0x65, 0x69, 0xc3, 0x59, 0x41, 0x51, 0x43, 0x51, 0xa5,
  0x89, 0xe3, 0xa2, 0xe7, 0xc3, 0x66, 0xbb, 0x66, 0xc3, 0xc6, 0xc3, 0xc7,
  0xcb, 0xc6, 0xc3, 0xe7, 0xcb, 0x66, 0xb2, 0xc4, 0xb2, 0xc5, 0xb2, 0xe5,
  0xc2, 0xe6, 0xba, 0xe6, 0xba, 0xa5, 0xb2, 0xa5, 0xb2, 0x64, 0xb2, 0x85,
  0xb2, 0x84, 0xb2, 0xa5, 0xba, 0xe6, 0xbb, 0x27, 0xbb, 0x06, 0xbb, 0x47,
  0xcc, 0x08, 0xd4, 0x4a, 0xcc, 0x29, 0xcc, 0x49, 0xd4, 0x27, 0xc3, 0xc6,
  0xdb, 0xe5, 0xf4, 0xa9, 0xfc, 0xc7, 0xf4, 0x87, 0xe3, 0xa6, 0xcb, 0x25,
  0xb2, 0x64, 0xaa, 0x44, 0xb2, 0x44, 0xb2, 0xa5, 0xba, 0xc5, 0xba, 0xe6,
  0xbb, 0x04, 0xbb, 0x46, 0xcb, 0x86, 0xb3, 0x24, 0xcb, 0xa5, 0xec, 0xca,
  0xf5, 0x49, 0xfd, 0x8a, 0xf5, 0x28, 0xe4, 0xa6, 0xcb, 0x65, 0xb2, 0xe3,
  0x89, 0xc3, 0x79, 0x62, 0xc3, 0x67, 0xcb, 0xc9, 0xe4, 0xa8, 0xf5, 0x6b,
  0xf5, 0xab, 0xe5, 0x2a, 0xfe, 0x0f, 0xcc, 0xca, 0x9a, 0xa4, 0xab, 0x67,
  0xb2, 0xa5, 0xa2, 0x65, 0x99, 0xe3, 0xba, 0xe8, 0xc3, 0x66, 0xaa, 0xa4,
  0x89, 0xe3, 0x81, 0xe4, 0x9a, 0x04, 0x9a, 0x25, 0x9a, 0x04, 0x9a, 0x25,
  0xaa, 0x85, 0xaa, 0xc7, 0xc3, 0x06, 0xbb, 0x27, 0xc3, 0x25, 0xbb, 0x26,
  0xbb, 0x25, 0xcb, 0xa7, 0xd4, 0x07, 0xd4, 0x07, 0xdc, 0x29, 0xd4, 0x49,
  0xc3, 0xa6, 0xcc, 0x49, 0xed, 0xae, 0xee, 0x10, 0xe6, 0x10, 0xe6, 0x51,
  0xe6, 0x51, 0xe6, 0x51, 0xe6, 0x72, 0xde, 0x52, 0xe6, 0x10, 0xde, 0x10,
  0xe5, 0xee, 0xdd, 0xef, 0xe5, 0xee, 0xe6, 0x0f, 0xe6, 0x0f, 0xdd, 0xef,
  0xe6, 0x10, 0xde, 0x31, 0xe6, 0x30, 0xde, 0x10, 0xee, 0x30, 0xde, 0x10,
  0xe5, 0xef, 0xde, 0x10, 0xe6, 0x10, 0xe6, 0x30, 0xe6, 0x30, 0xde, 0x51,
  0xe6, 0x31, 0xde, 0x11, 0xdd, 0xef, 0xde, 0x10, 0xe5, 0xef, 0xde, 0x0f,
  0xe5, 0xef, 0xde, 0x10, 0xdd, 0xef, 0xe6, 0x30, 0xdd, 0xf0, 0xde, 0x10,
  0xe6, 0x10, 0xdd, 0xf0, 0xe5, 0xef, 0xdd, 0xf0, 0xe5, 0xcf, 0xdd, 0xf0,
  0xdd, 0xef, 0xdd, 0xf0, 0xdd, 0xcf, 0xd5, 0xd0, 0xdd, 0xcf, 0xd5, 0xf0,
  0xdd, 0xf0, 0xd5, 0xd0, 0xd5, 0x8e, 0xd5, 0x8f, 0xdd, 0x8e, 0xd5, 0x8e,
  0xd5, 0x8e, 0xd5, 0xaf, 0xdd, 0x8e, 0xd5, 0xaf, 0xd5, 0x8e, 0xd5, 0xae,
  0xd5, 0x8e, 0xd5, 0xaf, 0xd5, 0x6e, 0xd5, 0x8f, 0xd5, 0x6e, 0xd5, 0x8f,
  0xd5, 0xce, 0xdd, 0xce, 0xd5, 0xcf, 0xd5, 0xae, 0xd5, 0xef, 0xdd, 0xef,
  0xd5, 0xcf, 0xdd, 0xef, 0xd5, 0xef, 0xd5, 0xce, 0xd5, 0xef, 0xdd, 0xef,
  0xd5, 0xef, 0xdd, 0xef, 0xd5, 0xf0, 0xdd, 0xcf, 0xd5, 0xef, 0xd5, 0xce,
  0xd5, 0xef, 0xdd, 0xcf, 0xde, 0x10, 0xde, 0x10, 0xde, 0x10, 0xdd, 0xef,
  0xd6, 0x10, 0xde, 0x10, 0xd5, 0xf0, 0xdd, 0xef, 0xde, 0x31, 0xe6, 0x31,
  0xde, 0x31, 0xe6, 0x31, 0xde, 0x51, 0xe6, 0x31, 0xde, 0x10, 0xcd, 0x4d,
  0xcc, 0xcb, 0xcc, 0xaa, 0xcc, 0xaa, 0xcc, 0x89, 0xcd, 0x0c, 0xcc, 0xaa,
  0xc4, 0x89, 0xcc, 0x68, 0xc4, 0x07, 0xbb, 0xa5, 0xbc, 0x07, 0xbb, 0xc6,
  0xcc, 0xcb, 0xc4, 0x89, 0xc4, 0x69, 0xbc, 0x07, 0x9a, 0xc5, 0x92, 0x43,
  0x8a, 0x45, 0x92, 0x24, 0x9a, 0x65, 0x9a, 0x45, 0x8a, 0x04, 0x92, 0x25,
  0x9a, 0x65, 0xb2, 0xe6, 0xbb, 0x48, 0xaa, 0x85, 0x89, 0xe3, 0x91, 0xc3,
  0x89, 0xa4, 0x91, 0xc4, 0x79, 0xc5, 0x71, 0x63, 0x69, 0x64, 0x71, 0xa4,
  0xb3, 0x28, 0xbb, 0x48, 0x6a, 0x04, 0x59, 0x01, 0x49, 0x64, 0x59, 0x85,
  0x8a, 0x24, 0xb3, 0x48, 0xc3, 0xc7, 0xcb, 0xc7, 0xc3, 0xa7, 0xc3, 0x86,
  0xcb, 0xc8, 0xbb, 0x05, 0xaa, 0x85, 0xb2, 0xa5, 0xa2, 0xa6, 0xa2, 0x85,
  0x92, 0x46, 0x89, 0xc4, 0x89, 0xe5, 0x89, 0xa4, 0x81, 0xc4, 0x81, 0xa3,
  0x89, 0xc4, 0x9a, 0x05, 0xaa, 0x85, 0xb2, 0x85, 0xb2, 0xc6, 0xc3, 0x07,
  0xc4, 0x09, 0xd4, 0x6a, 0xd4, 0xcc, 0xcc, 0x8a, 0xd4, 0x08, 0xdc, 0x28,
  0xec, 0x87, 0xf4, 0x87, 0xec, 0x47, 0xcb, 0x22, 0xa2, 0x24, 0xaa, 0x44,
  0xaa, 0xa6, 0xaa, 0x86, 0x9a, 0x45, 0x99, 0xe4, 0x89, 0xe4, 0x89, 0xc3,
  0x89, 0xe4, 0x89, 0xe4, 0x9a, 0x65, 0xaa, 0xa6, 0xb3, 0x25, 0xd3, 0xe8,
  0xed, 0x09, 0xf5, 0x29, 0xf5, 0x29, 0xec, 0xc7, 0xc3, 0xa7, 0xb2, 0xe3,
  0x81, 0xe4, 0x79, 0x82, 0xbb, 0x68, 0xbb, 0x27, 0xdc, 0xc9, 0xed, 0x4a,
  0xed, 0x6b, 0xf5, 0x8b, 0xed, 0xac, 0xf5, 0x8c, 0xbb, 0xc7, 0xa2, 0xe4,
  0xbb, 0x48, 0xaa, 0x85, 0x9a, 0x03, 0xaa, 0x65, 0xaa, 0xe6, 0x9a, 0x23,
  0x8a, 0x66, 0x8a, 0x45, 0x8a, 0x05, 0x92, 0x25, 0x89, 0xc4, 0x91, 0xc4,
  0x91, 0xe5, 0xa2, 0x05, 0xaa, 0x64, 0xba, 0xa5, 0xbb, 0x06, 0xcb, 0x67,
  0xc3, 0xa7, 0xc3, 0x45, 0xbb, 0x46, 0xbb, 0x25, 0xcb, 0xc9, 0xc3, 0x67,
  0xb3, 0x87, 0xec, 0xed, 0xe6, 0x11, 0xee, 0x31, 0xde, 0x52, 0xde, 0x31,
  0xde, 0x31, 0xe6, 0x31, 0xe6, 0x52, 0xe6, 0x32, 0xe6, 0x52, 0xe6, 0x31,
  0xde, 0x0f, 0xdd, 0xee, 0xdd, 0xef, 0xe5, 0xef, 0xdd, 0xf0, 0xdd, 0xcf,
  0xde, 0x10, 0xe5, 0xf0, 0xde, 0x10, 0xdd, 0xef, 0xde, 0x30, 0xdd, 0xef,
  0xdd, 0xf0, 0xe5, 0xf0, 0xde, 0x11, 0xde, 0x10, 0xde, 0x11, 0xe6, 0x31,
  0xd5, 0xf1, 0xde, 0x10, 0xdd, 0xf0, 0xdd, 0xcf, 0xdd, 0xf0, 0xdd, 0xcf,
  0xdd, 0xf0, 0xe5, 0xf0, 0xdd, 0xf0, 0xe6, 0x10, 0xde, 0x31, 0xe6, 0x10,
  0xe6, 0x51, 0xdd, 0xef, 0xdd, 0xef, 0xdd, 0xcf, 0xdd, 0xcf, 0xdd, 0xae,
  0xd5, 0xcf, 0xdd, 0xcf, 0xd5, 0xd0, 0xd5, 0xaf, 0xd5, 0xd0, 0xdd, 0xd0,
  0xd5, 0xf0, 0xd5, 0xaf, 0xcd, 0x8f, 0xd5, 0xaf, 0xd5, 0xaf, 0xdd, 0x8e,
  0xcd, 0x8f, 0xd5, 0x8e, 0xcd, 0x8f, 0xd5, 0x8f, 0xd5, 0xd0, 0xd5, 0xaf,
  0xd5, 0xb0, 0xd5, 0xb0, 0xcd, 0xaf, 0xd5, 0x8f, 0xcd, 0x8f, 0xd5, 0x8e,
  0xd5, 0xad, 0xd5, 0xee, 0xdd, 0xee, 0xde, 0x0e, 0xdd, 0xce, 0xde, 0x0f,
  0xdd, 0xef, 0xde, 0x0f, 0xdd, 0xef, 0xde, 0x10, 0xdd, 0xef, 0xd5, 0xef,
  0xdd, 0xef, 0xd5, 0xef, 0xdd, 0xcf, 0xdd, 0xf0, 0xdd, 0xee, 0xd5, 0xce,
  0xdd, 0xef, 0xde, 0x0f, 0xdd, 0xef, 0xde, 0x10, 0xde, 0x0f, 0xde, 0x0f,
  0xde, 0x0f, 0xde, 0x30, 0xde, 0x10, 0xd6, 0x10, 0xe6, 0x30, 0xde, 0x31,
  0xe6, 0x30, 0xde, 0x30, 0xe6, 0x50, 0xe6, 0x50, 0xee, 0x50, 0xde, 0x30,
  0xd5, 0x0b, 0xc4, 0xaa, 0xcc, 0xa9, 0xc4, 0xa9, 0xcc, 0x89, 0xc4, 0x68,
  0xc4, 0x26, 0xc4, 0x27, 0xbb, 0xa5, 0xb3, 0x65, 0xc3, 0xa6, 0xbb, 0xa6,
  0xbb, 0xe7, 0xb3, 0xe7, 0xc4, 0x27, 0xbc, 0x28, 0xb3, 0x46, 0xa3, 0x05,
  0xb3, 0x05, 0xaa, 0xe5, 0xb2, 0xe5, 0xa2, 0xa4, 0x92, 0x03, 0x89, 0xe3,
  0x89, 0xa3, 0x81, 0xe3, 0x91, 0xe4, 0x9a, 0x25, 0xa2, 0x65, 0xa2, 0xa6,
  0x91, 0xc3, 0x89, 0xa3, 0x89, 0xe5, 0x79, 0x63, 0x79, 0x62, 0x81, 0xe5,
  0xba, 0xc4, 0xdc, 0x09, 0x9a, 0xe6, 0x69, 0x81, 0x59, 0x63, 0x61, 0xa5,
  0x9a, 0x24, 0xbb, 0x69, 0xcb, 0xe7, 0xc3, 0xc7, 0xc3, 0xa6, 0xb3, 0x65,
  0xb2, 0xa5, 0x92, 0x03, 0x89, 0xa3, 0x89, 0xc3, 0x79, 0xa3, 0x71, 0x83,
  0x61, 0x63, 0x61, 0x63, 0x61, 0x43, 0x61, 0x63, 0x71, 0x63, 0x69, 0x63,
  0x89, 0xa4, 0x89, 0xe5, 0x99, 0xe3, 0xa2, 0x66, 0xaa, 0x64, 0xbb, 0x07,
  0xcc, 0x08, 0xe4, 0xec, 0xd4, 0xeb, 0xcc, 0xab, 0xe4, 0x47, 0xdc, 0x68,
  0xf4, 0x87, 0xe4, 0x46, 0xcb, 0x65, 0xaa, 0x82, 0xb2, 0xc6, 0xbb, 0x69,
  0xaa, 0xc6, 0x9a, 0x65, 0x79, 0xa3, 0x69, 0x42, 0x61, 0x42, 0x61, 0x63,
  0x81, 0xa4, 0x8a, 0x06, 0x81, 0xa3, 0x92, 0x26, 0xb3, 0x06, 0xbb, 0x47,
  0xe4, 0x67, 0xf5, 0x4a, 0xfd, 0x49, 0xe4, 0xc7, 0xcb, 0x85, 0xbb, 0x24,
  0x89, 0xe3, 0x81, 0xa2, 0xbb, 0x28, 0xab, 0x07, 0xcb, 0xc6, 0xd4, 0x28,
  0xc3, 0xc5, 0xed, 0x4b, 0xf5, 0x4a, 0xed, 0x4a, 0xcb, 0xe7, 0xb3, 0x45,
  0xbb, 0x26, 0xaa, 0x84, 0xbb, 0x05, 0xc3, 0x87, 0xbb, 0x27, 0x92, 0x02,
  0x81, 0xe4, 0x8a, 0x45, 0x92, 0x04, 0x8a, 0x04, 0x89, 0xe4, 0x89, 0xe4,
  0xa2, 0x25, 0xa2, 0x66, 0xba, 0xc4, 0xbb, 0x06, 0xc3, 0x05, 0xc3, 0x46,
  0xc3, 0x26, 0xba, 0xe5, 0xaa, 0x44, 0xa2, 0x44, 0xb2, 0xa5, 0xb2, 0xe6,
  0xcb, 0xe8, 0xe4, 0xed, 0xee, 0x11, 0xee, 0x52, 0xe6, 0x10, 0xde, 0x31,
  0xe6, 0x30, 0xe6, 0x31, 0xee, 0x51, 0xe6, 0x52, 0xdd, 0xf0, 0xde, 0x31,
  0xdd, 0xce, 0xdd, 0xef, 0xe5, 0xef, 0xdd, 0xef, 0xe5, 0xef, 0xdd, 0xf0,
  0xe5, 0xef, 0xde, 0x10, 0xe6, 0x0f, 0xe6, 0x30, 0xe6, 0x10, 0xe6, 0x30,
  0xe6, 0x10, 0xe6, 0x11, 0xe6, 0x31, 0xde, 0x10, 0xe6, 0x30, 0xe6, 0x31,
  0xe6, 0x10, 0xe6, 0x31, 0xe5, 0xf0, 0xdd, 0xf0, 0xe5, 0xef, 0xdd, 0xf0,
  0xe6, 0x10, 0xe6, 0x31, 0xe6, 0x32, 0xde, 0x32, 0xe5, 0xf0, 0xde, 0x10,
  0xdd, 0xcf, 0xdd, 0xef, 0xe5, 0xef, 0xdd, 0xef, 0xdd, 0xae, 0xdd, 0xcf,
  0xdd, 0xae, 0xdd, 0xcf, 0xdd, 0xaf, 0xd5, 0xd0, 0xdd, 0xcf, 0xd5, 0xd0,
  0xdd, 0xcf, 0xdd, 0xf0, 0xdd, 0xaf, 0xd5, 0xaf, 0xdd, 0xaf, 0xdd, 0xaf,
  0xdd, 0xcf, 0xd5, 0xcf, 0xd5, 0x8e, 0xd5, 0xd0, 0xdd, 0xb0, 0xd5, 0xb0,
  0xd5, 0xaf, 0xd5, 0xb0, 0xd5, 0xae, 0xcd, 0x8e, 0xd5, 0x8e, 0xd5, 0xaf,
  0xd5, 0xce, 0xd5, 0xce, 0xd5, 0xce, 0xdd, 0xee, 0xd5, 0xce, 0xdd, 0xee,
  0xde, 0x10, 0xdd, 0xef, 0xd6, 0x10, 0xdd, 0xef, 0xd5, 0xcf, 0xd5, 0xcf,
  0xd5, 0xf0, 0xdd, 0xf0, 0xde, 0x10, 0xdd, 0xef, 0xd5, 0xce, 0xdd, 0xee,
  0xd5, 0xf0, 0xdd, 0xef, 0xdd, 0xf0, 0xe6, 0x10, 0xde, 0x10, 0xe6, 0x10,
  0xde, 0x10, 0xde, 0x10, 0xde, 0x32, 0xde, 0x31, 0xde, 0x52, 0xde, 0x11,
  0xde, 0x0f, 0xd5, 0xae, 0xde, 0x2f, 0xde, 0x0f, 0xde, 0x10, 0xe6, 0x30,
  0xcd, 0x4e, 0xbc, 0xab, 0xbc, 0xcb, 0xcc, 0xeb, 0xc4, 0x89, 0xc4, 0x27,
  0xc4, 0x27, 0xcc, 0x47, 0xbb, 0xa7, 0xbb, 0x65, 0xb3, 0x46, 0xbb, 0x46,
  0xb3, 0x87, 0xc3, 0xc8, 0xb3, 0xc8, 0xab, 0x25, 0x92, 0x64, 0xa2, 0xa5,
  0xb3, 0x06, 0xb3, 0x05, 0xb3, 0x05, 0xaa, 0xa4, 0x92, 0x44, 0x89, 0xe3,
  0x79, 0x83, 0x81, 0xa3, 0x89, 0xe5, 0x91, 0xe5, 0x8a, 0x24, 0xa2, 0xa6,
  0x89, 0xe4, 0x89, 0x82, 0x89, 0xa4, 0x89, 0xa4, 0x89, 0xc4, 0x9a, 0x26,
  0xb2, 0xa5, 0xdb, 0xa8, 0xa3, 0x27, 0x71, 0x60, 0x59, 0x63, 0x71, 0xc5,
  0x9a, 0x65, 0xbb, 0x28, 0xc3, 0xc7, 0xcb, 0xc7, 0xbb, 0x67, 0xaa, 0xa3,
  0xa2, 0x26, 0x89, 0x62, 0x71, 0x63, 0x89, 0xe5, 0x92, 0xc8, 0x79, 0xe4,
  0x61, 0xa4, 0x59, 0x22, 0x61, 0x63, 0x71, 0xa4, 0x79, 0xc5, 0x89, 0xe5,
  0x92, 0x67, 0x81, 0xe4, 0x92, 0x05, 0x9a, 0x45, 0xa2, 0x65, 0xbb, 0x07,
  0xcc, 0x8a, 0xe5, 0x0c, 0xd4, 0xeb, 0xcc, 0x89, 0xdc, 0x48, 0xdc, 0x06,
  0xe4, 0x27, 0xd3, 0xa5, 0xb3, 0x07, 0xb2, 0xe6, 0xa2, 0xc6, 0xa2, 0xc6,
  0xb3, 0x68, 0xa2, 0xa5, 0x7a, 0x05, 0x69, 0x42, 0x59, 0x65, 0x61, 0x64,
  0x82, 0x05, 0xc3, 0xcc, 0xbb, 0x8a, 0x9a, 0x65, 0x9a, 0x25, 0xba, 0xe8,
  0xc3, 0xa6, 0xe4, 0x89, 0xf5, 0x4a, 0xec, 0xe8, 0xdb, 0xe7, 0xcb, 0x44,
  0x92, 0x25, 0x91, 0xe3, 0xa2, 0xa7, 0x9a, 0x45, 0xa2, 0xa6, 0xa2, 0x65,
  0x9a, 0x84, 0xcb, 0xc9, 0xc3, 0xc6, 0xcb, 0xc6, 0xbb, 0x67, 0xb2, 0xe4,
  0xbb, 0x07, 0xb2, 0xa5, 0xbb, 0x26, 0xb2, 0xc5, 0xa2, 0xa5, 0xa2, 0x44,
  0x81, 0xc4, 0x81, 0xa3, 0x92, 0x25, 0x9a, 0x25, 0x9a, 0x65, 0xa2, 0x85,
  0xb2, 0xe6, 0xba, 0xe5, 0xc3, 0x46, 0xd3, 0xa7, 0xd4, 0x08, 0xd4, 0x08,
  0xbb, 0x67, 0xc3, 0xa8, 0xcc, 0x2a, 0xd4, 0x4b, 0xc4, 0x6a, 0xd4, 0xab,
  0xcc, 0x8a, 0xc4, 0x29, 0xd5, 0x2c, 0xe5, 0x8e, 0xdd, 0xf0, 0xee, 0x30,
  0xe6, 0x51, 0xe6, 0x30, 0xe6, 0x72, 0xe6, 0x52, 0xe6, 0x31, 0xe6, 0x31,
  0xde, 0x10, 0xe6, 0x10, 0xdd, 0xf0, 0xe5, 0xf0, 0xde, 0x10, 0xe6, 0x10,
  0xde, 0x11, 0xdd, 0xf0, 0xdd, 0xf0, 0xe6, 0x10, 0xde, 0x11, 0xee, 0x31,
  0xde, 0x11, 0xe6, 0x11, 0xde, 0x31, 0xe6, 0x10, 0xde, 0x11, 0xe6, 0x31,
  0xde, 0x11, 0xe6, 0x11, 0xde, 0x11, 0xdd, 0xf0, 0xd5, 0xd0, 0xe5, 0xf0,
  0xde, 0x11, 0xe5, 0xf1, 0xe6, 0x53, 0xe6, 0x32, 0xde, 0x11, 0xdd, 0xd0,
  0xd5, 0xcf, 0xdd, 0xcf, 0xdd, 0xd0, 0xdd, 0xcf, 0xdd, 0xd0, 0xdd, 0xaf,
  0xd5, 0xd0, 0xdd, 0xcf, 0xd5, 0xd0, 0xd5, 0xaf, 0xd5, 0xd0, 0xdd, 0xf0,
  0xd5, 0xd0, 0xdd, 0xd0, 0xdd, 0xd0, 0xdd, 0xaf, 0xd5, 0xb0, 0xdd, 0x8f,
  0xd5, 0xd0, 0xd5, 0xaf, 0xd5, 0xd0, 0xdd, 0xf0, 0xd5, 0xb0, 0xdd, 0xd0,
  0xd5, 0xf1, 0xd5, 0xb0, 0xcd, 0x8f, 0xd5, 0x8e, 0xcd, 0xaf, 0xd5, 0x8e,
  0xdd, 0xef, 0xdd, 0xef, 0xdd, 0xef, 0xdd, 0xef, 0xdd, 0xcf, 0xde, 0x10,
  0xdd, 0xef, 0xde, 0x10, 0xdd, 0xef, 0xd5, 0xef, 0xdd, 0xef, 0xd5, 0xf0,
  0xdd, 0xef, 0xde, 0x10, 0xe6, 0x0f, 0xdd, 0xef, 0xdd, 0xce, 0xd5, 0xce,
  0xdd, 0xef, 0xde, 0x10, 0xdd, 0xef, 0xde, 0x10, 0xe6, 0x0f, 0xde, 0x10,
  0xe6, 0x10, 0xde, 0x31, 0xe6, 0x31, 0xe6, 0x52, 0xe6, 0x30, 0xde, 0x10,
  0xdd, 0xee, 0xdd, 0xee, 0xdd, 0xee, 0xde, 0x0f, 0xe6, 0x0f, 0xde, 0x2f,
  0xe6, 0x10, 0xdd, 0xd0, 0xe5, 0xcf, 0xd5, 0xae, 0xd4, 0xca, 0xbc, 0x47,
  0xc3, 0xe6, 0xb3, 0xa5, 0xb3, 0x45, 0xbb, 0xa7, 0xb3, 0x25, 0xab, 0x04,
  0xb3, 0x05, 0xab, 0x05, 0x9a, 0x64, 0x92, 0x64, 0x9a, 0x24, 0x9a, 0x65,
  0xaa, 0x84, 0xb3, 0x27, 0xbb, 0x05, 0xaa, 0xe4, 0xaa, 0xc5, 0x9a, 0x44,
  0x89, 0xc3, 0x81, 0xc4, 0x91, 0xe4, 0x89, 0xe4, 0x92, 0x23, 0xa2, 0xe7,
  0x91, 0xe3, 0x89, 0xc3, 0x99, 0xc4, 0x91, 0xc4, 0x91, 0xe5, 0x89, 0xa4,
  0xaa, 0x65, 0xcb, 0x8a, 0x82, 0x45, 0x59, 0x41, 0x69, 0x63, 0x7a, 0x06,
  0xa2, 0x44, 0xbb, 0x48, 0xcb, 0x86, 0xcb, 0xc7, 0xc3, 0x06, 0xa2, 0x63,
  0xa1, 0xc4, 0x99, 0xa4, 0x92, 0x24, 0x9a, 0xc7, 0xa3, 0x27, 0x8a, 0x64,
  0x89, 0xc3, 0x81, 0xc3, 0x99, 0xe4, 0xa2, 0x87, 0x9a, 0x45, 0xa2, 0xc7,
  0x9a, 0xc6, 0x82, 0x44, 0x89, 0xc3, 0x9a, 0x86, 0xaa, 0x84, 0xbb, 0x48,
  0xcc, 0x69, 0xdd, 0x0c, 0xd4, 0xea, 0xcc, 0xa9, 0xe4, 0x47, 0xdc, 0x47,
  0xe3, 0xe6, 0xcb, 0x85, 0xb2, 0xa6, 0xa2, 0x65, 0x92, 0x23, 0xb3, 0x48,
  0xbb, 0xc8, 0x9b, 0x05, 0x92, 0x25, 0x71, 0x82, 0x79, 0xa4, 0x9a, 0xc9,
  0xa2, 0xc5, 0xd4, 0x6c, 0xd4, 0x09, 0xaa, 0xc5, 0x9a, 0x03, 0xbb, 0x07,
  0xcb, 0xa6, 0xd4, 0x08, 0xe4, 0x87, 0xec, 0xc9, 0xe3, 0xc6, 0xcb, 0x44,
  0xa2, 0x44, 0x9a, 0x04, 0x9a, 0x65, 0x8a, 0x24, 0x9a, 0x05, 0x92, 0x05,
  0x9a, 0x23, 0xbb, 0x48, 0xbb, 0x24, 0xcb, 0xc7, 0xb2, 0xc4, 0xa2, 0x83,
  0xaa, 0x85, 0xaa, 0x85, 0xa2, 0x44, 0x9a, 0x24, 0xaa, 0x83, 0xb2, 0xe5,
  0xa2, 0x84, 0x89, 0xe2, 0x9a, 0x44, 0x9a, 0x45, 0xba, 0xa5, 0xc3, 0x48,
  0xdb, 0xc7, 0xdc, 0x08, 0xcb, 0xa6, 0xc3, 0xa6, 0xd3, 0xc6, 0xd4, 0x07,
  0xcb, 0xa6, 0xcb, 0xe7, 0xdc, 0x89, 0xed, 0x2b, 0xed, 0x8b, 0xf6, 0x0e,
  0xf6, 0x0d, 0xe5, 0xcd, 0xe5, 0x8b, 0xd5, 0x4a, 0xcc, 0xea, 0xe5, 0xce,
  0xee, 0x2f, 0xee, 0x50, 0xe6, 0x51, 0xe6, 0x51, 0xe6, 0x30, 0xe6, 0x31,
  0xee, 0x31, 0xe6, 0x31, 0xe6, 0x10, 0xe6, 0x10, 0xe6, 0x10, 0xe6, 0x30,
  0xe6, 0x10, 0xde, 0x10, 0xe6, 0x10, 0xde, 0x11, 0xe6, 0x11, 0xde, 0x11,
  0xe6, 0x10, 0xe6, 0x31, 0xe6, 0x10, 0xde, 0x31, 0xe6, 0x30, 0xe6, 0x31,
  0xe6, 0x11, 0xde, 0x31, 0xe6, 0x31, 0xe6, 0x31, 0xe6, 0x31, 0xe6, 0x31,
  0xe6, 0x31, 0xde, 0x11, 0xe6, 0x32, 0xde, 0x32, 0xe6, 0x10, 0xde, 0x11,
  0xe5, 0xef, 0xdd, 0xef, 0xe5, 0xef, 0xdd, 0xcf, 0xdd, 0xaf, 0xd5, 0xcf,
  0xdd, 0xcf, 0xdd, 0xf0, 0xdd, 0xf0, 0xd5, 0xd0, 0xdd, 0xcf, 0xdd, 0xf0,
  0xdd, 0xaf, 0xd5, 0xcf, 0xdd, 0xaf, 0xdd, 0xcf, 0xdd, 0xaf, 0xdd, 0xd0,
  0xdd, 0xcf, 0xd5, 0xf0, 0xdd, 0xd0, 0xd5, 0xd0, 0xdd, 0xaf, 0xd5, 0xd0,
  0xdd, 0xcf, 0xd5, 0xd0, 0xd5, 0x8e, 0xcd, 0x8e, 0xd5, 0x8d, 0xd5, 0xae,
  0xde, 0x11, 0xe6, 0x11, 0xd5, 0xf0, 0xdd, 0xf0, 0xde, 0x10, 0xdd, 0xef,
  0xd6, 0x10, 0xde, 0x10, 0xde, 0x10, 0xd5, 0xef, 0xde, 0x31, 0xde, 0x10,
  0xde, 0x30, 0xde, 0x10, 0xde, 0x0f, 0xdd, 0xce, 0xd5, 0xcf, 0xdd, 0xce,
  0xd5, 0xef, 0xdd, 0xef, 0xde, 0x10, 0xdd, 0xf0, 0xde, 0x10, 0xdd, 0xf0,
  0xde, 0x31, 0xe6, 0x30, 0xde, 0x52, 0xe6, 0x31, 0xde, 0x51, 0xdd, 0xef,
  0xdd, 0xef, 0xdd, 0xee, 0xde, 0x30, 0xe6, 0x30, 0xde, 0x0f, 0xe6, 0x0f,
  0xde, 0x0f, 0xe6, 0x0f, 0xdd, 0xf0, 0xe5, 0xf0, 0xd5, 0xad, 0xd5, 0x2b,
  0xc4, 0x08, 0xb3, 0x44, 0xb3, 0x66, 0xbb, 0x66, 0xab, 0x26, 0xb3, 0x05,
  0xa2, 0xc5, 0xa2, 0x83, 0xa2, 0x85, 0x9a, 0x64, 0x92, 0x25, 0x9a, 0x25,
  0x9a, 0x44, 0xaa, 0xa5, 0xaa, 0xe6, 0xb2, 0xc5, 0xa2, 0xe6, 0x9a, 0x44,
  0x81, 0xc4, 0x81, 0xa3, 0x92, 0x05, 0x89, 0xa3, 0x8a, 0x04, 0xa2, 0x86,
  0x92, 0x05, 0x91, 0xc4, 0x89, 0xa4, 0x89, 0xa3, 0x89, 0xa4, 0x81, 0x43,
  0x81, 0xe5, 0x92, 0x05, 0x51, 0x84, 0x51, 0x42, 0x69, 0x85, 0x79, 0xe6,
  0x9a, 0x24, 0xbb, 0x07, 0xbb, 0x66, 0xc3, 0x66, 0xb3, 0x26, 0xb2, 0xe5,
  0xaa, 0x86, 0xaa, 0x45, 0xaa, 0xe7, 0xb3, 0x07, 0xa3, 0x26, 0xb3, 0x67,
  0xb2, 0xe7, 0xaa, 0x85, 0xaa, 0x66, 0xa2, 0x04, 0x9a, 0x86, 0xa2, 0xc6,
  0x92, 0x65, 0x9a, 0xa5, 0x9a, 0x45, 0xa2, 0x85, 0xab, 0x06, 0xc3, 0x88,
  0xc4, 0x49, 0xdc, 0xcb, 0xd4, 0xeb, 0xd4, 0xaa, 0xdc, 0x48, 0xe4, 0x27,
  0xdc, 0x48, 0xd3, 0xe6, 0xb3, 0x07, 0xa2, 0x64, 0xa2, 0xa6, 0xaa, 0xa6,
  0xbb, 0x88, 0xbb, 0x88, 0xb3, 0x28, 0xaa, 0xc6, 0xa2, 0x45, 0xc3, 0x28,
  0xc3, 0x88, 0xcb, 0xa8, 0xb2, 0xe5, 0xba, 0xe5, 0xcb, 0xc8, 0xd3, 0xe8,
  0xd4, 0x07, 0xd4, 0x07, 0xdc, 0x47, 0xe4, 0x47, 0xdb, 0x86, 0xd3, 0x24,
  0xa2, 0x45, 0x99, 0xe2, 0x92, 0x45, 0x89, 0xe3, 0x89, 0xe4, 0x9a, 0x05,
  0x9a, 0x44, 0xba, 0xe7, 0xb3, 0x05, 0xc3, 0x25, 0x9a, 0x64, 0xa2, 0x64,
  0x9a, 0x45, 0x9a, 0x24, 0xa2, 0x85, 0xaa, 0xa6, 0xaa, 0xe6, 0xbb, 0x26,
  0xb3, 0x27, 0xa2, 0x23, 0x92, 0x25, 0x9a, 0x66, 0xa2, 0xc7, 0xbb, 0x69,
  0xcb, 0xe7, 0xe4, 0x69, 0xcc, 0x08, 0xc3, 0x65, 0xcb, 0xa7, 0xd3, 0xc7,
  0xd4, 0x29, 0xd3, 0xa7, 0xbb, 0x86, 0xcc, 0x08, 0xd4, 0x89, 0xe4, 0xea,
  0xdd, 0x8c, 0xed, 0xac, 0xe5, 0x8c, 0xed, 0x8b, 0xe5, 0x8c, 0xd4, 0xa9,
  0xdd, 0xce, 0xf6, 0x4f, 0xe6, 0x52, 0xe6, 0x31, 0xe6, 0x51, 0xee, 0x51,
  0xe6, 0x51, 0xe6, 0x30, 0xe6, 0x31, 0xe6, 0x10, 0xde, 0x10, 0xe5, 0xf0,
  0xde, 0x11, 0xdd, 0xd0, 0xde, 0x31, 0xe6, 0x31, 0xe6, 0x32, 0xe5, 0xf1,
  0xde, 0x11, 0xe6, 0x10, 0xde, 0x31, 0xe6, 0x31, 0xde, 0x11, 0xe6, 0x10,
  0xe6, 0x32, 0xe6, 0x11, 0xde, 0x31, 0xe6, 0x31, 0xe6, 0x52, 0xe6, 0x31,
  0xe6, 0x52, 0xe6, 0x31, 0xde, 0x32, 0xe6, 0x32, 0xde, 0x11, 0xdd, 0xd0,
  0xdd, 0xf0, 0xe5, 0xf0, 0xd5, 0xcf, 0xdd, 0xaf, 0xdd, 0xd0, 0xdd, 0xcf,
  0xd5, 0xd0, 0xdd, 0xaf, 0xdd, 0xf0, 0xdd, 0xaf, 0xd5, 0xcf, 0xdd, 0xaf,
  0xd5, 0xaf, 0xdd, 0xaf, 0xdd, 0xcf, 0xdd, 0xaf, 0xdd, 0xd0, 0xdd, 0xcf,
  0xd5, 0xf1, 0xdd, 0xd0, 0xd5, 0xf1, 0xdd, 0xd0, 0xd5, 0xd0, 0xd5, 0xb0,
  0xd5, 0xd0, 0xd5, 0x8f, 0xcd, 0x8f, 0xcd, 0x4e, 0xcd, 0x4e, 0xcd, 0x4e,
  0xe6, 0x10, 0xde, 0x31, 0xe6, 0x2f, 0xde, 0x30, 0xde, 0x0e, 0xde, 0x2f,
  0xdd, 0xef, 0xde, 0x10, 0xde, 0x10, 0xde, 0x30, 0xde, 0x10, 0xde, 0x30,
  0xde, 0x0e, 0xde, 0x0f, 0xdd, 0xce, 0xd5, 0xee, 0xdd, 0xee, 0xde, 0x0f,
  0xe5, 0xee, 0xde, 0x0f, 0xe6, 0x0f, 0xde, 0x0f, 0xde, 0x10, 0xde, 0x10,
  0xe6, 0x30, 0xde, 0x31, 0xe6, 0x10, 0xde, 0x30, 0xe6, 0x0f, 0xde, 0x2f,
  0xe6, 0x0f, 0xde, 0x30, 0xe6, 0x10, 0xde, 0x30, 0xe6, 0x2f, 0xde, 0x0f,
  0xdd, 0xed, 0xde, 0x0e, 0xe5, 0xef, 0xe6, 0x0f, 0xe6, 0x0e, 0xdd, 0xed,
  0xc4, 0x07, 0xa3, 0x44, 0xb3, 0x45, 0xb3, 0x66, 0xbb, 0x86, 0xc4, 0x08,
  0xcb, 0xe8, 0xb3, 0x45, 0xb2, 0xe5, 0xa2, 0xc4, 0xa2, 0x44, 0xaa, 0xe7,
  0xaa, 0xc6, 0x9a, 0x85, 0x9a, 0x44, 0x92, 0x44, 0x92, 0x24, 0x81, 0xe3,
  0x81, 0x83, 0x81, 0xc4, 0xaa, 0xa7, 0x89, 0xc3, 0x9a, 0x24, 0x9a, 0x65,
  0x91, 0xe4, 0x91, 0xe4, 0x89, 0xa3, 0x89, 0xc4, 0x89, 0x83, 0x89, 0x83,
  0x92, 0x04, 0x89, 0xc4, 0x51, 0x22, 0x51, 0x63, 0x71, 0xa5, 0x71, 0xc6,
  0xa2, 0x24, 0xbb, 0x28, 0xbb, 0x45, 0xc3, 0x87, 0xc3, 0xc7, 0xc3, 0xe8,
  0xc3, 0x87, 0xbb, 0x67, 0xb2, 0xe5, 0xaa, 0xc4, 0xaa, 0xc4, 0xb3, 0x26,
  0xbb, 0x26, 0xb3, 0x26, 0xbb, 0x06, 0xa2, 0xa5, 0xa2, 0xc5, 0x9a, 0xa5,
  0xa2, 0x65, 0xa2, 0x85, 0xaa, 0x84, 0xaa, 0xc6, 0xbb, 0x86, 0xd4, 0x4a,
  0xcc, 0x89, 0xdd, 0x2c, 0xe5, 0x0b, 0xcc, 0x8a, 0xe4, 0x68, 0xdc, 0x68,
  0xdc, 0x67, 0xe4, 0xa9, 0xcc, 0x08, 0xbb, 0x87, 0xc3, 0x47, 0xb3, 0x06,
  0xbb, 0x05, 0xbb, 0x47, 0xbb, 0x45, 0xbb, 0x86, 0xba, 0xe5, 0xb2, 0xa4,
  0xba, 0x84, 0xcb, 0x67, 0xdb, 0xc7, 0xec, 0x8b, 0xf4, 0xc9, 0xdc, 0x48,
  0xdc, 0x27, 0xdc, 0x27, 0xe4, 0x06, 0xdc, 0x26, 0xe3, 0x86, 0xd3, 0x45,
  0xb2, 0x64, 0xb2, 0xa5, 0xd3, 0xeb, 0x92, 0x44, 0x9a, 0x03, 0xaa, 0x85,
  0xc2, 0xe6, 0xbb, 0x06, 0xc3, 0x05, 0xbb, 0x05, 0xa2, 0x44, 0x9a, 0x44,
  0x91, 0xe3, 0xa2, 0x86, 0xb2, 0xc5, 0xb3, 0x26, 0xc3, 0x68, 0xb3, 0x27,
  0xaa, 0xa6, 0xa2, 0x86, 0xb2, 0xe8, 0xec, 0xcf, 0xd4, 0xee, 0xc4, 0xad,
  0xdc, 0xaa, 0xe5, 0x0b, 0xcb, 0xa7, 0xb3, 0x25, 0xc3, 0x46, 0xc3, 0xa8,
  0xdc, 0xcb, 0xe5, 0x2d, 0xdd, 0x4c, 0xcd, 0x0b, 0xdc, 0xca, 0xdd, 0x0b,
  0xd4, 0xca, 0xcc, 0xaa, 0xd4, 0xa9, 0xd4, 0xca, 0xdc, 0xa8, 0xd4, 0xc9,
  0xdd, 0x6c, 0xe5, 0xae, 0xee, 0x31, 0xe6, 0x31, 0xe6, 0x30, 0xe6, 0x50,
  0xe6, 0x0f, 0xe6, 0x50, 0xe6, 0x30, 0xe6, 0x31, 0xe6, 0x30, 0xde, 0x10,
  0xe6, 0x31, 0xe6, 0x52, 0xe6, 0x52, 0xe6, 0x72, 0xee, 0x52, 0xe6, 0x32,
  0xe6, 0x10, 0xe6, 0x31, 0xe6, 0x30, 0xe6, 0x51, 0xe6, 0x30, 0xde, 0x31,
  0xe6, 0x11, 0xde, 0x31, 0xe6, 0x10, 0xde, 0x31, 0xe6, 0x30, 0xde, 0x31,
  0xe6, 0x10, 0xe6, 0x51, 0xe6, 0x52, 0xd6, 0x11, 0xe6, 0x10, 0xde, 0x10,
  0xdd, 0xcf, 0xd5, 0xcf, 0xdd, 0xae, 0xdd, 0xcf, 0xe5, 0xef, 0xdd, 0xef,
  0xdd, 0xcf, 0xd5, 0xcf, 0xdd, 0xce, 0xd5, 0xae, 0xdd, 0xce, 0xd5, 0xae,
  0xdd, 0xcf, 0xd5, 0xaf, 0xdd, 0x8e, 0xd5, 0xae, 0xdd, 0xcf, 0xd5, 0xd0,
  0xdd, 0xd0, 0xd5, 0xd0, 0xd5, 0xcf, 0xd5, 0xf0, 0xdd, 0xd0, 0xd5, 0xaf,
  0xd5, 0x8e, 0xd5, 0xaf, 0xd5, 0xaf, 0xd5, 0xaf, 0xdd, 0x8f, 0xcd, 0x8f,
  0xde, 0x51, 0xde, 0x10, 0xde, 0x10, 0xde, 0x10, 0xde, 0x10, 0xde, 0x0f,
  0xd5, 0xef, 0xde, 0x0f, 0xde, 0x11, 0xdd, 0xf0, 0xde, 0x10, 0xde, 0x10,
  0xde, 0x0f, 0xdd, 0xee, 0xd5, 0xee, 0xdd, 0xee, 0xd5, 0xef, 0xdd, 0xee,
  0xdd, 0xef, 0xdd, 0xef, 0xde, 0x0f, 0xdd, 0xef, 0xde, 0x11, 0xde, 0x10,
  0xde, 0x31, 0xe6, 0x30, 0xde, 0x30, 0xdd, 0xee, 0xde, 0x0f, 0xde, 0x0e,
  0xde, 0x30, 0xe6, 0x30, 0xde, 0x30, 0xe6, 0x10, 0xde, 0x10, 0xe6, 0x0f,
  0xde, 0x0f, 0xdd, 0xee, 0xde, 0x0f, 0xdd, 0xce, 0xe5, 0xee, 0xd5, 0x4b,
  0xab, 0x86, 0xb3, 0xa6, 0xbb, 0xa6, 0xbb, 0x86, 0xbb, 0xc7, 0xd4, 0x69,
  0xcc, 0x69, 0xc4, 0x08, 0xb3, 0x26, 0xaa, 0xc4, 0xa2, 0x85, 0xaa, 0xa5,
  0xa3, 0x27, 0xa2, 0xc5, 0x92, 0x65, 0x89, 0xe3, 0x71, 0x83, 0x79, 0xa3,
  0x92, 0x25, 0xa2, 0x45, 0xaa, 0xc7, 0x91, 0xc3, 0x89, 0xe4, 0x89, 0xc3,
  0x89, 0xa4, 0x89, 0xa3, 0x81, 0xa5, 0x89, 0xa4, 0x89, 0xc4, 0x89, 0x83,
  0x92, 0x05, 0xa2, 0x66, 0x71, 0xc4, 0x61, 0x42, 0x51, 0x44, 0x61, 0x85,
  0x9a, 0x45, 0xbb, 0x08, 0xbb, 0x46, 0xcb, 0xc8, 0xc4, 0x08, 0xcc, 0x49,
  0xc4, 0x49, 0xc3, 0xe7, 0xbb, 0xa7, 0xbb, 0x45, 0xaa, 0xe5, 0xbb, 0x26,
  0xb3, 0x26, 0xb2, 0xe5, 0xaa, 0xe6, 0xb2, 0xe5, 0x9a, 0xa5, 0xa2, 0xa5,
  0xaa, 0xe6, 0xa2, 0xa5, 0xab, 0x06, 0xc3, 0xa8, 0xc4, 0x08, 0xd4, 0x8a,
  0xcc, 0xaa, 0xe5, 0x4d, 0xdd, 0x2c, 0xcc, 0x8a, 0xdc, 0x69, 0xe4, 0x68,
  0xe4, 0x47, 0xec, 0x68, 0xd4, 0x69, 0xcb, 0xe7, 0xc3, 0xe8, 0xd4, 0x08,
  0xcc, 0x08, 0xd4, 0x28, 0xdc, 0x88, 0xec, 0xa9, 0xe4, 0x88, 0xdc, 0x06,
  0xec, 0x69, 0xfc, 0xca, 0xf5, 0x0a, 0xf4, 0xc9, 0xe4, 0x68, 0xdc, 0x06,
  0xd4, 0x07, 0xe4, 0x48, 0xdc, 0x48, 0xdc, 0x06, 0xdb, 0x66, 0xd3, 0x05,
  0xaa, 0x85, 0xaa, 0x23, 0xbb, 0x68, 0xaa, 0x85, 0xaa, 0xa5, 0xba, 0xe6,
  0xb2, 0xc5, 0xb2, 0x84, 0xbb, 0x06, 0xba, 0xe5, 0x9a, 0x24, 0xaa, 0x85,
  0xb2, 0xe6, 0xa2, 0x44, 0x89, 0xe3, 0xa2, 0x65, 0xcc, 0x8d, 0xed, 0x70,
  0xb3, 0xec, 0x92, 0x86, 0xa2, 0x45, 0xb2, 0x65, 0xb3, 0xc7, 0xcc, 0x6a,
  0xe5, 0x2b, 0xbb, 0x84, 0xc4, 0x2a, 0xcc, 0x2a, 0xb3, 0x49, 0xb3, 0x07,
  0xbb, 0xa8, 0xcc, 0x09, 0xcc, 0xaa, 0xe5, 0x0b, 0xd4, 0xca, 0xd4, 0xa9,
  0xd5, 0x0d, 0xd4, 0xec, 0xc4, 0x8a, 0xbc, 0x29, 0xc4, 0x6a, 0xe5, 0x4d,
  0xe6, 0x11, 0xe5, 0xf0, 0xde, 0x31, 0xe6, 0x31, 0xde, 0x30, 0xe6, 0x10,
  0xe6, 0x31, 0xee, 0x30, 0xde, 0x31, 0xe6, 0x10, 0xde, 0x11, 0xe6, 0x31,
  0xde, 0x32, 0xe6, 0x32, 0xe6, 0x74, 0xe6, 0x53, 0xde, 0x52, 0xde, 0x11,
  0xde, 0x32, 0xe6, 0x32, 0xde, 0x12, 0xe6, 0x32, 0xde, 0x31, 0xe6, 0x10,
  0xde, 0x32, 0xde, 0x11, 0xde, 0x32, 0xe6, 0x11, 0xde, 0x11, 0xe6, 0x10,
  0xde, 0x10, 0xe6, 0x31, 0xde, 0x32, 0xd5, 0xd0, 0xdd, 0xf0, 0xdd, 0xcf,
  0xdd, 0xf0, 0xdd, 0xcf, 0xdd, 0xcf, 0xdd, 0xcf, 0xdd, 0xd0, 0xdd, 0xaf,
  0xd5, 0xd0, 0xdd, 0xaf, 0xd5, 0xcf, 0xd5, 0xae, 0xd5, 0xcf, 0xd5, 0xaf,
  0xdd, 0xd0, 0xd5, 0x8f, 0xd5, 0x8e, 0xdd, 0x8e, 0xdd, 0xf0, 0xdd, 0xaf,
  0xcd, 0xb0, 0xd5, 0xb0, 0xd5, 0xd0, 0xd5, 0xaf, 0xcd, 0x8f, 0xd5, 0x8f,
  0xd5, 0x8f, 0xd5, 0x8e, 0xd5, 0xaf, 0xd5, 0x8f, 0xd5, 0x90, 0xd5, 0x6f,
  0xe6, 0x30, 0xde, 0x51, 0xe6, 0x10, 0xde, 0x31, 0xe6, 0x10, 0xde, 0x10,
  0xdd, 0xef, 0xde, 0x10, 0xde, 0x10, 0xde, 0x10, 0xde, 0x10, 0xde, 0x10,
  0xde, 0x0f, 0xde, 0x0f, 0xdd, 0xce, 0xd5, 0xef, 0xde, 0x0f, 0xdd, 0xef,
  0xe6, 0x0f, 0xdd, 0xef, 0xdd, 0xef, 0xde, 0x0f, 0xde, 0x10, 0xde, 0x31,
  0xe6, 0x30, 0xe6, 0x51, 0xe6, 0x0f, 0xde, 0x0f, 0xdd, 0xee, 0xd5, 0xee,
  0xe6, 0x30, 0xe6, 0x51, 0xee, 0x50, 0xe6, 0x30, 0xdd, 0xef, 0xde, 0x0f,
  0xdd, 0xee, 0xde, 0x0f, 0xdd, 0xce, 0xdd, 0xee, 0xdd, 0xad, 0xa4, 0x07,
  0xb3, 0x86, 0xb3, 0xe7, 0xc3, 0xe7, 0xc3, 0xe7, 0xdc, 0xaa, 0xd4, 0xca,
  0xcc, 0x48, 0xcc, 0x8a, 0xbb, 0xc7, 0xab, 0x45, 0xaa, 0xc5, 0x9a, 0x64,
  0xaa, 0xe6, 0xab, 0x06, 0xa2, 0x84, 0x92, 0x23, 0x9a, 0x03, 0xaa, 0xe6,
  0xbb, 0x26, 0xb2, 0xe6, 0xaa, 0x65, 0x9a, 0x04, 0x89, 0x84, 0x89, 0xc5,
  0x91, 0xc4, 0x81, 0xa3, 0x81, 0x83, 0x81, 0x84, 0x91, 0xa4, 0x89, 0xe4,
  0x91, 0xe3, 0xa2, 0x86, 0x9a, 0x85, 0x79, 0xa2, 0x59, 0x43, 0x59, 0x84,
  0xa2, 0x65, 0xbb, 0x69, 0xcb, 0xa7, 0xcc, 0x09, 0xc4, 0x49, 0xcc, 0xaa,
  0xd4, 0xaa, 0xc4, 0x49, 0xcc, 0x28, 0xc4, 0x08, 0xcb, 0xc7, 0xc3, 0xc8,
  0xcb, 0xc8, 0xc3, 0xc8, 0xbb, 0x66, 0xb3, 0x67, 0xb3, 0x26, 0xb3, 0x67,
  0xbb, 0x26, 0xb3, 0x26, 0xc3, 0xa7, 0xcc, 0x29, 0xd4, 0x69, 0xd4, 0xaa,
  0xd4, 0xeb, 0xdd, 0x4c, 0xdc, 0xeb, 0xcc, 0xaa, 0xe4, 0x68, 0xdc, 0x48,
  0xec, 0x47, 0xec, 0x68, 0xec, 0xea, 0xdc, 0xa9, 0xcc, 0x27, 0xcc, 0x27,
  0xdc, 0x67, 0xe4, 0x88, 0xec, 0x87, 0xec, 0xc8, 0xfc, 0xe8, 0xf4, 0xe8,
  0xfc, 0xe8, 0xf4, 0xe8, 0xf4, 0xe8, 0xf4, 0xe8, 0xec, 0xa9, 0xe4, 0xa9,
  0xdc, 0x68, 0xdc, 0x89, 0xe4, 0x47, 0xdc, 0x27, 0xe3, 0x86, 0xd3, 0x45,
  0xd3, 0xa8, 0xc3, 0x67, 0xb3, 0x05, 0xaa, 0xc4, 0xba, 0xe5, 0xdc, 0x2b,
  0xc3, 0x26, 0xa2, 0x64, 0xba, 0xa4, 0xba, 0xe6, 0xc3, 0x45, 0xcb, 0xc8,
  0xb2, 0xe6, 0x92, 0x02, 0x81, 0x83, 0x79, 0x63, 0x8a, 0x44, 0xc4, 0x2c,
  0xdc, 0xee, 0xa3, 0x47, 0xc3, 0x46, 0xd4, 0x09, 0xed, 0x2a, 0xed, 0x4b,
  0xec, 0xc9, 0xb3, 0x44, 0x9a, 0x83, 0xa2, 0xe5, 0xc3, 0xa9, 0xd4, 0x4c,
  0xd4, 0xac, 0xb3, 0xe9, 0xa3, 0x06, 0xab, 0x89, 0xd4, 0x8b, 0xd4, 0xec,
  0xd5, 0x0c, 0xd5, 0x4e, 0xcd, 0x2e, 0xd5, 0xb0, 0xee, 0x31, 0xee, 0x52,
  0xe6, 0x32, 0xde, 0x32, 0xde, 0x11, 0xde, 0x52, 0xe6, 0x10, 0xe6, 0x30,
  0xe6, 0x30, 0xde, 0x10, 0xe6, 0x30, 0xe6, 0x51, 0xee, 0x31, 0xee, 0x72,
  0xee, 0x72, 0xe6, 0x72, 0xe6, 0x73, 0xe6, 0x73, 0xe6, 0x52, 0xde, 0x52,
  0xee, 0x52, 0xde, 0x32, 0xe6, 0x31, 0xe6, 0x52, 0xe6, 0x11, 0xde, 0x11,
  0xe6, 0x31, 0xde, 0x51, 0xde, 0x10, 0xde, 0x31, 0xe6, 0x10, 0xde, 0x10,
  0xe6, 0x31, 0xdd, 0xf0, 0xe6, 0x31, 0xde, 0x11, 0xe5, 0xf0, 0xdd, 0xf0,
  0xe5, 0xcf, 0xdd, 0xf0, 0xdd, 0xcf, 0xdd, 0xf0, 0xe5, 0xf0, 0xdd, 0xf0,
  0xdd, 0xaf, 0xdd, 0xd0, 0xdd, 0xaf, 0xdd, 0xd0, 0xdd, 0xcf, 0xdd, 0xf0,
  0xdd, 0xaf, 0xdd, 0xd0, 0xdd, 0xae, 0xdd, 0xaf, 0xdd, 0xd0, 0xd5, 0xd0,
  0xdd, 0xd0, 0xd5, 0xf1, 0xdd, 0xaf, 0xd5, 0xaf, 0xd5, 0x8e, 0xcd, 0x8f,
  0xd5, 0x6e, 0xd5, 0x8e, 0xd5, 0x6d, 0xd5, 0x8e, 0xd5, 0x8f, 0xd5, 0xaf,
  0xde, 0x31, 0xe6, 0x30, 0xde, 0x31, 0xe6, 0x10, 0xde, 0x31, 0xde, 0x10,
  0xd5, 0xf0, 0xdd, 0xf0, 0xde, 0x31, 0xde, 0x10, 0xd6, 0x10, 0xde, 0x10,
  0xde, 0x10, 0xdd, 0xf0, 0xdd, 0xf0, 0xdd, 0xef, 0xde, 0x10, 0xdd, 0xef,
  0xde, 0x0f, 0xdd, 0xef, 0xde, 0x30, 0xe6, 0x30, 0xde, 0x11, 0xe6, 0x10,
  0xde, 0x31, 0xdd, 0xf0, 0xde, 0x10, 0xde, 0x0f, 0xde, 0x0f, 0xde, 0x0f,
  0xde, 0x30, 0xe6, 0x30, 0xde, 0x31, 0xe6, 0x30, 0xde, 0x30, 0xdd, 0xef,
  0xdd, 0xef, 0xe5, 0xef, 0xdd, 0xef, 0xe5, 0xef, 0xbc, 0x6a, 0xab, 0xa6,
  0xb3, 0xc8, 0xbb, 0xc8, 0xc4, 0x28, 0xdc, 0xeb, 0xe5, 0x8d, 0xdc, 0xea,
  0xc4, 0x69, 0xcc, 0x69, 0xcc, 0x8a, 0xbb, 0xe7, 0xaa, 0xc5, 0xaa, 0xa5,
  0xa2, 0xa5, 0x9a, 0x44, 0xaa, 0xe6, 0xaa, 0xa5, 0xaa, 0xc6, 0xb2, 0xc5,
  0xa2, 0xa5, 0x92, 0x03, 0x92, 0x03, 0xa2, 0x85, 0x81, 0xe4, 0x89, 0xc3,
  0x92, 0x26, 0x81, 0xa3, 0x79, 0x84, 0x79, 0x63, 0x81, 0x84, 0x89, 0xa4,
  0x89, 0xc4, 0xaa, 0x87, 0xaa, 0xc6, 0xa2, 0x64, 0x59, 0xa4, 0x59, 0x63,
  0x92, 0x45, 0xb3, 0x28, 0xbb, 0x87, 0xcb, 0xc8, 0xc4, 0x6a, 0xd4, 0xab,
  0xc4, 0xaa, 0xc4, 0x69, 0xcc, 0x4a, 0xcc, 0x49, 0xd4, 0x6a, 0xd4, 0x6a,
  0xd4, 0x6a, 0xd4, 0x49, 0xcc, 0x29, 0xcb, 0xe8, 0xc3, 0xe9, 0xc3, 0xa7,
  0xb3, 0x47, 0xc3, 0x87, 0xc4, 0x08, 0xdc, 0x69, 0xd4, 0xaa, 0xdc, 0xca,
  0xdd, 0x2d, 0xe5, 0x4d, 0xd4, 0xec, 0xd4, 0x8a, 0xe4, 0x69, 0xe4, 0x27,
  0xe4, 0x47, 0xf4, 0x88, 0xe4, 0xca, 0xe4, 0xc9, 0xdc, 0xea, 0xd4, 0x68,
  0xe4, 0xa9, 0xe4, 0x68, 0xe4, 0x68, 0xec, 0x88, 0xf4, 0xc9, 0xfc, 0xe9,
  0xf5, 0x09, 0xf4, 0xe8, 0xf4, 0xc9, 0xf4, 0xc9, 0xe4, 0xca, 0xec, 0xca,
  0xdc, 0x8a, 0xe4, 0xaa, 0xe4, 0x69, 0xe4, 0x27, 0xe3, 0xc7, 0xdb, 0x85,
  0xc3, 0xa6, 0xd4, 0x08, 0xc3, 0xc7, 0xb3, 0x04, 0xaa, 0xc6, 0xbb, 0x06,
  0xb2, 0xc6, 0xb2, 0x85, 0xb2, 0xc5, 0xc3, 0x26, 0xc3, 0xa6, 0xc3, 0x65,
  0xa2, 0xa5, 0x9a, 0x23, 0x91, 0xe4, 0x9a, 0x04, 0xb3, 0x26, 0xc3, 0x87,
  0xa3, 0x05, 0xbb, 0x87, 0xed, 0x2c, 0xfd, 0x6d, 0xf5, 0x8b, 0xe4, 0xe8,
  0xb3, 0x25, 0xaa, 0xa2, 0xa2, 0xa5, 0xaa, 0xc5, 0x92, 0x64, 0xa2, 0xc5,
  0xc4, 0xac, 0xe5, 0x4e, 0xdd, 0xf1, 0xdd, 0xb0, 0xd5, 0xd1, 0xdd, 0xf1,
  0xe6, 0x32, 0xe6, 0x32, 0xe6, 0x52, 0xe6, 0x11, 0xe6, 0x32, 0xe6, 0x11,
  0xe6, 0x52, 0xe6, 0x32, 0xde, 0x32, 0xe6, 0x51, 0xde, 0x11, 0xe6, 0x11,
  0xde, 0x31, 0xe6, 0x31, 0xde, 0x32, 0xe6, 0x31, 0xe6, 0x52, 0xe6, 0x11,
  0xde, 0x31, 0xe6, 0x51, 0xde, 0x52, 0xde, 0x11, 0xde, 0x52, 0xe6, 0x32,
  0xde, 0x32, 0xe6, 0x32, 0xe6, 0x52, 0xe6, 0x32, 0xde, 0x52, 0xde, 0x11,
  0xde, 0x32, 0xe6, 0x52, 0xde, 0x52, 0xe6, 0x32, 0xde, 0x32, 0xe6, 0x32,
  0xde, 0x11, 0xdd, 0xd0, 0xde, 0x11, 0xe6, 0x11, 0xde, 0x11, 0xdd, 0xf0,
  0xe6, 0x11, 0xe5, 0xf1, 0xdd, 0xf0, 0xdd, 0xf0, 0xdd, 0xf0, 0xdd, 0xd0,
  0xd5, 0xd0, 0xdd, 0xaf, 0xd5, 0x8f, 0xdd, 0xaf, 0xd5, 0xb0, 0xdd, 0xcf,
  0xdd, 0xd0, 0xd5, 0x8f, 0xd5, 0xaf, 0xdd, 0xcf, 0xd5, 0xb0, 0xd5, 0xaf,
  0xd5, 0xd1, 0xd5, 0xb0, 0xd5, 0xd1, 0xd5, 0xb0, 0xd5, 0xb0, 0xcd, 0x6e,
  0xcd, 0x6e, 0xd5, 0x6e, 0xd5, 0x8e, 0xd5, 0x6e, 0xd5, 0xaf, 0xd5, 0x8f,
  0xe6, 0x30, 0xe6, 0x51, 0xe6, 0x30, 0xe6, 0x30, 0xe6, 0x30, 0xde, 0x30,
  0xdd, 0xef, 0xde, 0x51, 0xe6, 0x10, 0xde, 0x31, 0xe6, 0x30, 0xde, 0x10,
  0xde, 0x10, 0xde, 0x31, 0xe6, 0x10, 0xde, 0x10, 0xdd, 0xee, 0xde, 0x0f,
  0xdd, 0xee, 0xde, 0x30, 0xde, 0x2f, 0xde, 0x50, 0xde, 0x10, 0xde, 0x31,
  0xe6, 0x30, 0xe6, 0x30, 0xe6, 0x10, 0xde, 0x30, 0xe6, 0x2f, 0xde, 0x30,
  0xe6, 0x0f, 0xde, 0x2f, 0xe6, 0x0f, 0xde, 0x2f, 0xe6, 0x30, 0xde, 0x30,
  0xdd, 0xee, 0xde, 0x0f, 0xed, 0xef, 0xcd, 0x2c, 0xbb, 0xa7, 0xb3, 0xc8,
  0xbb, 0xa7, 0xbb, 0xe8, 0xcc, 0x89, 0xe5, 0x6c, 0xe5, 0x6b, 0xd5, 0x2a,
  0xcc, 0x68, 0xcc, 0xaa, 0xd4, 0x8a, 0xab, 0x86, 0xaa, 0xc4, 0xab, 0x05,
  0xaa, 0xc6, 0x81, 0xc2, 0x9a, 0x65, 0xa2, 0xc6, 0x9a, 0x24, 0x81, 0xa2,
  0x89, 0xc3, 0x9a, 0x66, 0x9a, 0x44, 0xa2, 0xa6, 0xa2, 0xc5, 0x8a, 0x43,
  0x81, 0x82, 0x79, 0xa3, 0x79, 0x83, 0x71, 0x84, 0x89, 0xa4, 0x89, 0xe5,
  0x89, 0x82, 0xa2, 0x46, 0xbb, 0x06, 0xb2, 0xc6, 0x59, 0x62, 0x59, 0x83,
  0x92, 0x44, 0xab, 0x08, 0xc3, 0x66, 0xcb, 0xe8, 0xcc, 0x69, 0xcc, 0x8a,
  0xcc, 0xa9, 0xc4, 0x89, 0xd4, 0x69, 0xd4, 0x8a, 0xdc, 0xaa, 0xd4, 0xaa,
  0xd4, 0x69, 0xd4, 0x69, 0xd4, 0x29, 0xc4, 0x08, 0xc3, 0xa7, 0xc3, 0xc8,
  0xcc, 0x08, 0xcc, 0x49, 0xd4, 0x69, 0xdc, 0xeb, 0xe5, 0x0a, 0xdd, 0x0a,
  0xdd, 0x2c, 0xe5, 0x6e, 0xe5, 0x0c, 0xcc, 0xaa, 0xe4, 0x68, 0xe4, 0x68,
  0xf4, 0x67, 0xf4, 0x88, 0xe4, 0x88, 0xe4, 0x88, 0xe4, 0xca, 0xe4, 0xca,
  0xec, 0xaa, 0xe4, 0xca, 0xec, 0xa9, 0xe4, 0x89, 0xec, 0x88, 0xf4, 0xea,
  0xfd, 0x09, 0xf4, 0xe9, 0xf4, 0xca, 0xf4, 0xea, 0xf4, 0xeb, 0xec, 0xcb,
  0xec, 0x89, 0xe4, 0xa9, 0xf4, 0x48, 0xec, 0x48, 0xe3, 0xc6, 0xdb, 0xa6,
  0xcb, 0x85, 0xcb, 0xe7, 0xcb, 0xe7, 0xbb, 0x65, 0xaa, 0x84, 0xb3, 0x07,
  0xb2, 0xc5, 0xaa, 0xc5, 0xaa, 0x84, 0xbb, 0x27, 0xc3, 0x86, 0xa2, 0xa3,
  0x9a, 0x23, 0x92, 0x03, 0xa2, 0x43, 0xcb, 0xa8, 0xe4, 0x07, 0xd3, 0xc7,
  0xaa, 0xa3, 0xec, 0xcb, 0xf5, 0x8b, 0xed, 0x6b, 0xf5, 0x09, 0xbb, 0xa4,
  0xaa, 0x84, 0xa2, 0x84, 0xa2, 0xa4, 0xab, 0x06, 0xb3, 0x05, 0xa2, 0xc5,
  0xb3, 0x25, 0xd4, 0x4a, 0xdd, 0x4d, 0xee, 0x10, 0xe6, 0x52, 0xe6, 0x73,
  0xe6, 0x52, 0xde, 0x53, 0xe6, 0x30, 0xe6, 0x31, 0xe6, 0x30, 0xe6, 0x31,
  0xee, 0x31, 0xe6, 0x51, 0xe6, 0x31, 0xee, 0x92, 0xee, 0x72, 0xe6, 0x73,
  0xe6, 0x31, 0xee, 0x93, 0xe6, 0x51, 0xde, 0x51, 0xe6, 0x11, 0xde, 0x31,
  0xe6, 0x51, 0xe6, 0x51, 0xee, 0x51, 0xde, 0x31, 0xe6, 0x10, 0xde, 0x31,
  0xe6, 0x31, 0xde, 0x31, 0xe6, 0x30, 0xe6, 0x51, 0xe6, 0x31, 0xe6, 0x51,
  0xe6, 0x51, 0xe6, 0x52, 0xe6, 0x52, 0xe6, 0x52, 0xee, 0x31, 0xde, 0x11,
  0xe6, 0x10, 0xde, 0x10, 0xdd, 0xef, 0xde, 0x10, 0xdd, 0xcf, 0xe6, 0x30,
  0xee, 0x31, 0xdd, 0xf0, 0xdd, 0xcf, 0xdd, 0xef, 0xdd, 0xef, 0xd5, 0xcf,
  0xdd, 0xcf, 0xdd, 0xf0, 0xdd, 0xaf, 0xd5, 0xcf, 0xdd, 0xcf, 0xdd, 0xd0,
  0xdd, 0xd0, 0xd5, 0xd0, 0xd5, 0xaf, 0xd5, 0xd0, 0xdd, 0xaf, 0xd5, 0xcf,
  0xd5, 0xaf, 0xd5, 0xd0, 0xd5, 0xb0, 0xd5, 0xb0, 0xd5, 0x8f, 0xcd, 0x8f,
  0xdd, 0x8e, 0xd5, 0x8e, 0xd5, 0x6d, 0xd5, 0x8e, 0xd5, 0x8e, 0xd5, 0x8f,
  0xde, 0x30, 0xe6, 0x30, 0xe6, 0x51, 0xe6, 0x10, 0xde, 0x30, 0xde, 0x0f,
  0xde, 0x31, 0xde, 0x10, 0xde, 0x31, 0xe6, 0x31, 0xde, 0x11, 0xde, 0x10,
  0xde, 0x11, 0xde, 0x10, 0xde, 0x10, 0xdd, 0xef, 0xdd, 0xef, 0xdd, 0xef,
  0xde, 0x30, 0xde, 0x0f, 0xd6, 0x0f, 0xde, 0x2f, 0xde, 0x31, 0xe6, 0x30,
  0xe6, 0x51, 0xe6, 0x30, 0xe6, 0x51, 0xe6, 0x10, 0xde, 0x30, 0xde, 0x0f,
  0xde, 0x2f, 0xde, 0x0e, 0xde, 0x30, 0xe6, 0x0f, 0xde, 0x50, 0xde, 0x0f,
  0xdd, 0xef, 0xde, 0x0e, 0xd5, 0x4d, 0xab, 0xc6, 0xbb, 0xa8, 0xbb, 0x46,
  0xb3, 0x66, 0xbb, 0x87, 0xc4, 0x69, 0xe5, 0x4c, 0xdd, 0x6b, 0xd5, 0x0a,
  0xc4, 0x69, 0xc4, 0x48, 0xbb, 0xc7, 0xab, 0x04, 0xab, 0x05, 0xb3, 0x46,
  0x9a, 0x86, 0x79, 0x81, 0x82, 0x05, 0x9a, 0x66, 0x79, 0xa4, 0x79, 0x63,
  0x89, 0xe4, 0x9a, 0x25, 0x92, 0x25, 0x9a, 0x25, 0xab, 0x27, 0xab, 0x07,
  0xab, 0x48, 0xa2, 0xc6, 0x71, 0x84, 0x71, 0x43, 0x89, 0xc5, 0x91, 0xe5,
  0x89, 0x84, 0x99, 0xe5, 0xa2, 0x45, 0xa2, 0x45, 0x51, 0x63, 0x59, 0x63,
  0x8a, 0x04, 0xaa, 0xe8, 0xc3, 0x67, 0xd3, 0xc8, 0xc4, 0x49, 0xcc, 0x49,
  0xcc, 0xca, 0xcc, 0x89, 0xd4, 0x6a, 0xdc, 0x8a, 0xd4, 0x8a, 0xd4, 0x8a,
  0xd4, 0x8a, 0xd4, 0x49, 0xd4, 0x49, 0xcb, 0xe7, 0xc3, 0xc8, 0xd4, 0x08,
  0xd4, 0xcb, 0xdc, 0x8a, 0xd4, 0xcb, 0xdc, 0xcb, 0xd4, 0xca, 0xdc, 0xea,
  0xdd, 0x4d, 0xed, 0x8e, 0xdd, 0x4d, 0xcc, 0xaa, 0xdc, 0x69, 0xe4, 0x89,
  0xf4, 0x69, 0xf4, 0x68, 0xec, 0xaa, 0xec, 0x89, 0xe4, 0xeb, 0xec, 0xea,
  0xe4, 0xcb, 0xe4, 0xaa, 0xe5, 0x0b, 0xe4, 0xca, 0xe4, 0xaa, 0xec, 0xca,
  0xf5, 0x2a, 0xf4, 0xe9, 0xec, 0xca, 0xe4, 0x89, 0xe4, 0x6a, 0xe4, 0x49,
  0xec, 0x89, 0xec, 0x89, 0xec, 0x48, 0xf4, 0x48, 0xe3, 0xe8, 0xd3, 0x25,
  0xaa, 0xc5, 0xcb, 0x67, 0xb3, 0x46, 0xa2, 0x83, 0x89, 0xe2, 0xaa, 0x85,
  0xb2, 0xe6, 0xb2, 0xe5, 0xaa, 0xc5, 0xc3, 0x67, 0xab, 0x07, 0x92, 0x02,
  0x92, 0x24, 0xa2, 0x86, 0xc3, 0xe8, 0xd4, 0x08, 0xcb, 0xa6, 0xba, 0xe3,
  0xc3, 0x87, 0xfd, 0x4e, 0xed, 0x8b, 0xdc, 0xc8, 0xc3, 0xc7, 0xa2, 0xa2,
  0x9a, 0x45, 0xa2, 0x45, 0x9a, 0xc6, 0xa2, 0xc6, 0x9a, 0xa4, 0xa2, 0xa4,
  0xab, 0x46, 0xc3, 0xc8, 0xbc, 0x29, 0xdd, 0x0c, 0xd5, 0xd0, 0xdd, 0xf0,
  0xde, 0x32, 0xde, 0x11, 0xe6, 0x52, 0xde, 0x11, 0xde, 0x52, 0xe6, 0x72,
  0xde, 0x53, 0xe6, 0x73, 0xe6, 0x73, 0xee, 0x93, 0xe6, 0x94, 0xe6, 0x52,
  0xe6, 0x73, 0xee, 0x73, 0xe6, 0x73, 0xe6, 0x52, 0xe6, 0x72, 0xe6, 0x31,
  0xde, 0x10, 0xde, 0x10, 0xde, 0x31, 0xe6, 0x30, 0xe6, 0x51, 0xee, 0x51,
  0xde, 0x11, 0xdd, 0xef, 0xde, 0x10, 0xe6, 0x50, 0xde, 0x31, 0xde, 0x10,
  0xe6, 0x51, 0xe6, 0x31, 0xde, 0x31, 0xe6, 0x30, 0xd5, 0xef, 0xdd, 0xef,
  0xdd, 0xf0, 0xe6, 0x10, 0xde, 0x10, 0xd5, 0xae, 0xde, 0x10, 0xe6, 0x10,
  0xdd, 0xf0, 0xdd, 0xf0, 0xd5, 0xef, 0xdd, 0xcf, 0xdd, 0xf0, 0xdd, 0xcf,
  0xdd, 0xef, 0xdd, 0xae, 0xdd, 0xf0, 0xdd, 0xcf, 0xd5, 0xd0, 0xdd, 0xaf,
  0xd5, 0xd0, 0xdd, 0xb0, 0xd5, 0xd0, 0xdd, 0xd0, 0xd5, 0xaf, 0xdd, 0xaf,
  0xd5, 0xd0, 0xd5, 0xb0, 0xcd, 0x90, 0xd5, 0xb0, 0xcd, 0x8f, 0xd5, 0x6f,
  0xd5, 0x8f, 0xdd, 0x8f, 0xd5, 0xaf, 0xd5, 0x6e, 0xcd, 0x8f, 0xd5, 0x6e,
  0xe6, 0x30, 0xe6, 0x51, 0xe6, 0x50, 0xde, 0x51, 0xe6, 0x30, 0xde, 0x30,
  0xde, 0x0f, 0xde, 0x30, 0xde, 0x30, 0xde, 0x31, 0xe6, 0x31, 0xde, 0x31,
  0xe6, 0x10, 0xde, 0x30, 0xe6, 0x0f, 0xde, 0x0f, 0xde, 0x0f, 0xde, 0x30,
  0xde, 0x0f, 0xde, 0x30, 0xe6, 0x30, 0xe6, 0x30, 0xe6, 0x30, 0xe6, 0x51,
  0xe6, 0x30, 0xe6, 0x71, 0xe6, 0x50, 0xde, 0x50, 0xe6, 0x2f, 0xde, 0x2f,
  0xde, 0x0e, 0xde, 0x2f, 0xe6, 0x4f, 0xde, 0x2f, 0xe6, 0x2f, 0xd5, 0xee,
  0xe6, 0x0e, 0xde, 0x0e, 0xc4, 0x28, 0xb3, 0xa7, 0xcb, 0xa7, 0xb3, 0x26,
  0xbb, 0x06, 0xbb, 0x47, 0xbb, 0xa5, 0xdc, 0xeb, 0xdd, 0x4a, 0xcc, 0xe8,
  0xc4, 0x47, 0xbc, 0x47, 0xb3, 0x85, 0xa3, 0x65, 0xab, 0x05, 0xb3, 0x86,
  0xaa, 0xc5, 0x81, 0xc2, 0x79, 0xc4, 0x82, 0x05, 0x81, 0xa3, 0x79, 0xa4,
  0x99, 0xe4, 0x91, 0xe4, 0x99, 0xe4, 0x91, 0xe4, 0x9a, 0x24, 0xa2, 0xa6,
  0xb3, 0x25, 0xc3, 0xc8, 0x89, 0xe3, 0x71, 0x62, 0x89, 0xc3, 0xa2, 0x87,
  0x99, 0xc3, 0x99, 0xe4, 0xa2, 0x25, 0xa2, 0x66, 0x59, 0x63, 0x51, 0x63,
  0x81, 0xc3, 0xa2, 0xc7, 0xc3, 0x67, 0xcb, 0xc8, 0xcc, 0x28, 0xc4, 0x49,
  0xd4, 0x69, 0xcc, 0x8a, 0xd4, 0x8a, 0xd4, 0x8a, 0xdc, 0x8a, 0xd4, 0xaa,
  0xdc, 0x89, 0xd4, 0x8a, 0xdc, 0x8a, 0xd4, 0x69, 0xdc, 0x8a, 0xdc, 0xec,
  0xe5, 0x0b, 0xdc, 0xeb, 0xdc, 0xca, 0xdc, 0xcb, 0xe4, 0xeb, 0xe5, 0x2c,
  0xed, 0xae, 0xe5, 0xaf, 0xe5, 0x4d, 0xcc, 0xcb, 0xe4, 0x48, 0xe4, 0x89,
  0xf4, 0x47, 0xf4, 0x88, 0xf4, 0xa9, 0xf4, 0xea, 0xe4, 0xaa, 0xec, 0xeb,
  0xe4, 0xeb, 0xe5, 0x2c, 0xec, 0xeb, 0xe4, 0xeb, 0xec, 0xaa, 0xe4, 0xa9,
  0xec, 0x89, 0xec, 0x89, 0xec, 0x48, 0xec, 0x49, 0xf4, 0x48, 0xec, 0x69,
  0xf4, 0x89, 0xec, 0x69, 0xf4, 0x48, 0xf4, 0x48, 0xec, 0x28, 0xd3, 0x86,
  0xaa, 0xa4, 0xb3, 0x05, 0xa2, 0xa5, 0x92, 0x44, 0xa2, 0x23, 0xaa, 0xa6,
  0xb2, 0xa4, 0xb2, 0xe5, 0xb2, 0xc4, 0xc3, 0x47, 0x92, 0x24, 0x92, 0x44,
  0xa2, 0x43, 0xc3, 0xa9, 0xd4, 0x27, 0xc3, 0xc6, 0xcb, 0x25, 0xb2, 0xc4,
  0xd3, 0xc8, 0xe4, 0x8b, 0xdc, 0x28, 0xb3, 0x03, 0xb2, 0xa4, 0xb2, 0xc5,
  0xa2, 0x64, 0xa2, 0x85, 0xa2, 0xc4, 0xa2, 0xe6, 0xaa, 0xe5, 0xa2, 0xe5,
  0xaa, 0xe5, 0xbb, 0xa8, 0xd4, 0xcc, 0xe5, 0x4e, 0xdd, 0xf0, 0xde, 0x11,
  0xe6, 0x11, 0xe6, 0x52, 0xee, 0x73, 0xde, 0x73, 0xe6, 0x52, 0xde, 0x52,
  0xee, 0x72, 0xee, 0x94, 0xee, 0x94, 0xe6, 0x73, 0xe6, 0x52, 0xde, 0x52,
  0xe6, 0x52, 0xe6, 0x73, 0xee, 0x72, 0xee, 0xb3, 0xe6, 0x53, 0xde, 0x12,
  0xe6, 0x10, 0xde, 0x10, 0xe5, 0xce, 0xdd, 0xef, 0xe6, 0x10, 0xee, 0x51,
  0xe6, 0x30, 0xde, 0x10, 0xe6, 0x10, 0xe6, 0x31, 0xe6, 0x30, 0xdd, 0xf0,
  0xdd, 0xf0, 0xde, 0x31, 0xe5, 0xcf, 0xdd, 0xcf, 0xdd, 0xae, 0xdd, 0xef,
  0xdd, 0xce, 0xdd, 0xee, 0xe6, 0x2f, 0xcd, 0xae, 0xdd, 0xce, 0xde, 0x0f,
  0xdd, 0xcf, 0xdd, 0xf0, 0xdd, 0xae, 0xdd, 0xef, 0xdd, 0xef, 0xde, 0x10,
  0xdd, 0xd0, 0xd5, 0xd0, 0xdd, 0xf0, 0xde, 0x11, 0xdd, 0xf0, 0xdd, 0xf1,
  0xdd, 0xd0, 0xdd, 0xf1, 0xdd, 0xb0, 0xdd, 0xd0, 0xdd, 0x8f, 0xd5, 0xb0,
  0xdd, 0xd0, 0xdd, 0xf1, 0xdd, 0xb0, 0xd5, 0xd0, 0xdd, 0xb0, 0xd5, 0xb0,
  0xd5, 0x8e, 0xd5, 0xaf, 0xdd, 0xae, 0xd5, 0xaf, 0xd5, 0x8e, 0xd5, 0xaf,
  0xde, 0x31, 0xe6, 0x31, 0xde, 0x52, 0xe6, 0x51, 0xde, 0x51, 0xe6, 0x30,
  0xde, 0x11, 0xde, 0x10, 0xde, 0x31, 0xde, 0x31, 0xde, 0x52, 0xde, 0x31,
  0xde, 0x31, 0xde, 0x10, 0xde, 0x11, 0xde, 0x10, 0xde, 0x10, 0xde, 0x10,
  0xde, 0x11, 0xe6, 0x10, 0xde, 0x11, 0xe6, 0x10, 0xde, 0x10, 0xde, 0x10,
  0xde, 0x31, 0xde, 0x10, 0xde, 0x30, 0xde, 0x10, 0xde, 0x30, 0xe6, 0x10,
  0xde, 0x10, 0xe6, 0x10, 0xde, 0x30, 0xdd, 0xee, 0xde, 0x0f, 0xdd, 0xee,
  0xe6, 0x0f, 0xd5, 0x6d, 0xbb, 0xc8, 0xb3, 0x87, 0xbb, 0x88, 0xbb, 0x46,
  0xb3, 0x67, 0xbb, 0x67, 0xb3, 0xa6, 0xcc, 0x28, 0xcc, 0xe9, 0xbc, 0x47,
  0xbc, 0x07, 0xb3, 0xa6, 0xab, 0x66, 0xab, 0x45, 0xa3, 0x25, 0xab, 0x25,
  0xc4, 0x09, 0xb3, 0x46, 0x79, 0xe3, 0x81, 0xe3, 0x8a, 0x46, 0x92, 0x45,
  0x9a, 0x25, 0x99, 0xe4, 0x9a, 0x05, 0x99, 0xe4, 0x92, 0x04, 0xa2, 0x25,
  0xaa, 0xc5, 0xaa, 0xa4, 0x8a, 0x25, 0x81, 0xa3, 0x79, 0x82, 0xbb, 0x49,
  0xd4, 0x0a, 0xaa, 0xa4, 0x92, 0x24, 0x89, 0xa2, 0x51, 0x43, 0x51, 0x23,
  0x71, 0xa3, 0x9a, 0xa7, 0xbb, 0x67, 0xcb, 0xc8, 0xc4, 0x29, 0xcc, 0x09,
  0xcc, 0x8a, 0xd4, 0x6a, 0xcc, 0x8a, 0xdc, 0xab, 0xdc, 0xcc, 0xd4, 0x8a,
  0xd4, 0xab, 0xdc, 0xaa, 0xd4, 0xcc, 0xdc, 0xcc, 0xdc, 0xec, 0xe4, 0xec,
  0xdd, 0x0c, 0xdd, 0x0c, 0xdc, 0xec, 0xe4, 0xec, 0xdd, 0x0c, 0xed, 0x4d,
  0xe5, 0xaf, 0xed, 0xaf, 0xdd, 0x4e, 0xd4, 0xcc, 0xdc, 0x69, 0xec, 0x89,
  0xec, 0x68, 0xf4, 0x88, 0xf4, 0xa9, 0xf4, 0x88, 0xe4, 0xaa, 0xec, 0xaa,
  0xec, 0xeb, 0xec, 0xcb, 0xe4, 0xcb, 0xec, 0xeb, 0xe4, 0xaa, 0xec, 0x89,
  0xec, 0x8a, 0xec, 0x69, 0xec, 0x49, 0xec, 0x28, 0xec, 0x69, 0xf4, 0x69,
  0xfc, 0xcb, 0xf4, 0x89, 0xf4, 0x69, 0xf4, 0x48, 0xe4, 0x08, 0xc3, 0x04,
  0x9a, 0x65, 0xaa, 0xa5, 0x92, 0x85, 0x92, 0x24, 0xaa, 0xc7, 0xbb, 0x08,
  0xb2, 0xc5, 0xba, 0xe5, 0xbb, 0x27, 0xa2, 0x64, 0x92, 0x45, 0x9a, 0x65,
  0xaa, 0xa6, 0xc3, 0x68, 0xbb, 0x05, 0xc3, 0x05, 0xb2, 0xc5, 0xb2, 0xa4,
  0xb2, 0xe6, 0xb2, 0xa4, 0xaa, 0xa5, 0xb2, 0xc5, 0xa2, 0x24, 0xaa, 0x65,
  0xaa, 0xc6, 0xaa, 0xa5, 0xa2, 0xc5, 0xaa, 0xc5, 0xaa, 0xe6, 0xaa, 0xe5,
  0xaa, 0xe6, 0xaa, 0xe6, 0xcc, 0x6b, 0xe4, 0xed, 0xe6, 0x11, 0xee, 0x32,
  0xde, 0x53, 0xee, 0x93, 0xee, 0xb5, 0xee, 0x94, 0xe6, 0x94, 0xe6, 0x53,
  0xe6, 0x73, 0xee, 0x73, 0xe6, 0x94, 0xe6, 0x73, 0xe6, 0x52, 0xee, 0x72,
  0xe6, 0x72, 0xee, 0x72, 0xe6, 0x73, 0xee, 0x93, 0xe6, 0x74, 0xe6, 0x53,
  0xe6, 0x52, 0xde, 0x11, 0xdd, 0xef, 0xdd, 0xce, 0xde, 0x10, 0xe6, 0x10,
  0xe6, 0x51, 0xe6, 0x10, 0xe6, 0x33, 0xee, 0x52, 0xde, 0x32, 0xe6, 0x11,
  0xe6, 0x53, 0xe6, 0x12, 0xdd, 0xf1, 0xdd, 0xf0, 0xde, 0x31, 0xdd, 0xf0,
  0xd5, 0xcf, 0xdd, 0xcf, 0xe6, 0x31, 0xdd, 0xf0, 0xdd, 0xd0, 0xe5, 0xf0,
  0xdd, 0xd1, 0xdd, 0xd0, 0xd5, 0xb0, 0xdd, 0xd0, 0xdd, 0xf1, 0xdd, 0xf0,
  0xd5, 0xd0, 0xdd, 0xd0, 0xdd, 0xf1, 0xdd, 0xd0, 0xd5, 0xf1, 0xdd, 0xf0,
  0xde, 0x11, 0xdd, 0xd0, 0xd5, 0xb0, 0xdd, 0xd0, 0xd5, 0x90, 0xd5, 0x8f,
  0xd5, 0xb0, 0xdd, 0xb0, 0xcd, 0x8f, 0xd5, 0x8f, 0xcd, 0x8f, 0xd5, 0x8f,
  0xd5, 0x8f, 0xd5, 0x6e, 0xd5, 0xaf, 0xd5, 0x8e, 0xcd, 0x8f, 0xd5, 0xaf,
  0xe6, 0x31, 0xde, 0x51, 0xe6, 0x51, 0xde, 0x51, 0xe6, 0x51, 0xde, 0x31,
  0xe6, 0x10, 0xde, 0x51, 0xe6, 0x31, 0xde, 0x52, 0xe6, 0x31, 0xde, 0x51,
  0xe6, 0x31, 0xde, 0x31, 0xe6, 0x30, 0xe6, 0x51, 0xe6, 0x30, 0xde, 0x31,
  0xe6, 0x31, 0xde, 0x31, 0xe6, 0x10, 0xde, 0x10, 0xe6, 0x30, 0xde, 0x30,
  0xe6, 0x30, 0xde, 0x31, 0xde, 0x10, 0xde, 0x10, 0xe6, 0x31, 0xe6, 0x31,
  0xe6, 0x10, 0xde, 0x30, 0xe6, 0x30, 0xde, 0x0f, 0xe5, 0xce, 0xdd, 0xef,
  0xe5, 0xce, 0xcd, 0x2c, 0xab, 0x46, 0xab, 0x88, 0xc4, 0x29, 0xcc, 0x6b,
  0xd4, 0xcb, 0xdd, 0x0c, 0xcc, 0x28, 0xab, 0x65, 0xc4, 0x27, 0xbc, 0x07,
  0xbb, 0x86, 0xab, 0x25, 0xab, 0x26, 0xab, 0x47, 0xab, 0x66, 0xa3, 0x86,
  0xb3, 0x86, 0xcc, 0x69, 0x92, 0x64, 0x82, 0x03, 0x92, 0x24, 0x9a, 0x86,
  0xaa, 0x65, 0x9a, 0x24, 0xaa, 0x65, 0xa2, 0x44, 0xa2, 0x04, 0xa2, 0x24,
  0xa2, 0x24, 0xaa, 0x85, 0xa2, 0x65, 0x9a, 0x65, 0x89, 0xa3, 0x92, 0x25,
  0xdc, 0x29, 0xcb, 0xe8, 0x92, 0x04, 0x71, 0x61, 0x61, 0x84, 0x51, 0x43,
  0x69, 0x82, 0x8a, 0xa7, 0xc3, 0x66, 0xc3, 0xa8, 0xcb, 0xe8, 0xc4, 0x29,
  0xd4, 0x69, 0xd4, 0x8a, 0xdc, 0xaa, 0xdc, 0xcb, 0xdc, 0xcb, 0xdc, 0xec,
  0xe5, 0x0c, 0xdd, 0x0c, 0xe5, 0x2d, 0xe5, 0x2d, 0xdc, 0xec, 0xdd, 0x0c,
  0xe4, 0xec, 0xdd, 0x0c, 0xe5, 0x0c, 0xdc, 0xec, 0xdd, 0x0b, 0xe5, 0x4c,
  0xe5, 0x8f, 0xe5, 0xd0, 0xe5, 0x2e, 0xd4, 0xed, 0xdc, 0x48, 0xe4, 0x89,
  0xf4, 0x47, 0xf4, 0x89, 0xf4, 0xa8, 0xf4, 0xa8, 0xf4, 0xa9, 0xec, 0xa9,
  0xec, 0x89, 0xec, 0x89, 0xec, 0x89, 0xec, 0x89, 0xec, 0x68, 0xec, 0xaa,
  0xf4, 0x89, 0xec, 0x89, 0xfc, 0x69, 0xf4, 0x69, 0xfc, 0x89, 0xfc, 0xaa,
  0xfc, 0xca, 0xfd, 0x0b, 0xfc, 0x88, 0xec, 0x48, 0xe4, 0x08, 0xb2, 0xa3,
  0x89, 0xe3, 0x8a, 0x24, 0x81, 0xe4, 0x71, 0xc3, 0x92, 0x24, 0xa2, 0xc7,
  0xaa, 0xa6, 0xa2, 0x86, 0xa2, 0x85, 0x81, 0xc3, 0x92, 0x65, 0x92, 0x85,
  0xa2, 0x85, 0xa2, 0xc6, 0x99, 0xe2, 0xb2, 0xc6, 0xb2, 0xc5, 0xb2, 0xc5,
  0xba, 0xc4, 0xb2, 0xa4, 0xb2, 0xa5, 0xb2, 0xa5, 0xb2, 0x85, 0xaa, 0x85,
  0xb2, 0xe5, 0xaa, 0xe5, 0xb3, 0x05, 0xab, 0x06, 0xb3, 0x05, 0xb3, 0x05,
  0xb3, 0x05, 0xab, 0x06, 0xab, 0x05, 0xd4, 0x4b, 0xe5, 0xd0, 0xf6, 0x52,
  0xee, 0x73, 0xee, 0xb4, 0xee, 0x94, 0xee, 0xb4, 0xee, 0x94, 0xee, 0xb4,
  0xe6, 0x52, 0xee, 0x93, 0xee, 0x93, 0xe6, 0x93, 0xe6, 0x31, 0xe6, 0x51,
  0xee, 0x72, 0xee, 0x72, 0xe6, 0x52, 0xee, 0x93, 0xee, 0x94, 0xe6, 0x74,
  0xe6, 0x52, 0xde, 0x32, 0xdd, 0xee, 0xdd, 0xef, 0xee, 0x30, 0xde, 0x10,
  0xe6, 0x31, 0xe6, 0x51, 0xee, 0x53, 0xe6, 0x53, 0xe6, 0x31, 0xe6, 0x52,
  0xe6, 0x52, 0xe6, 0x53, 0xe6, 0x32, 0xe6, 0x32, 0xe6, 0x31, 0xd5, 0xf0,
  0xdd, 0xef, 0xdd, 0xf0, 0xe5, 0xf0, 0xdd, 0xf0, 0xe5, 0xcf, 0xde, 0x10,
  0xe6, 0x11, 0xe6, 0x32, 0xe5, 0xd0, 0xdd, 0xf1, 0xdd, 0xcf, 0xdd, 0xf0,
  0xdd, 0xcf, 0xdd, 0xd0, 0xdd, 0xf0, 0xdd, 0xf0, 0xdd, 0xf0, 0xdd, 0xf0,
  0xdd, 0xf0, 0xdd, 0xf0, 0xdd, 0xcf, 0xdd, 0xd0, 0xd5, 0x8e, 0xd5, 0xaf,
  0xdd, 0xaf, 0xd5, 0xd0, 0xd5, 0x8e, 0xd5, 0xaf, 0xd5, 0x6e, 0xd5, 0x8f,
  0xd5, 0x8e, 0xcd, 0x8e, 0xdd, 0xaf, 0xd5, 0xcf, 0xd5, 0x8e, 0xd5, 0xaf,
  0xde, 0x31, 0xe6, 0x51, 0xde, 0x51, 0xe6, 0x51, 0xde, 0x31, 0xde, 0x10,
  0xde, 0x31, 0xe6, 0x31, 0xde, 0x31, 0xde, 0x31, 0xde, 0x31, 0xe6, 0x31,
  0xde, 0x31, 0xe6, 0x31, 0xde, 0x31, 0xde, 0x10, 0xde, 0x31, 0xe6, 0x31,
  0xde, 0x31, 0xe6, 0x10, 0xde, 0x31, 0xe6, 0x30, 0xde, 0x30, 0xe6, 0x30,
  0xde, 0x31, 0xde, 0x10, 0xde, 0x51, 0xde, 0x10, 0xde, 0x31, 0xde, 0x10,
  0xde, 0x31, 0xe6, 0x30, 0xde, 0x30, 0xde, 0x0f, 0xdd, 0xef, 0xe5, 0xcf,
  0xdd, 0xcf, 0xac, 0x28, 0xbc, 0xab, 0xe5, 0xaf, 0xe5, 0xef, 0xe5, 0xcf,
  0xe5, 0xef, 0xcd, 0x0b, 0xab, 0x46, 0xab, 0x04, 0xc4, 0x08, 0xc3, 0xe8,
  0xab, 0x26, 0xab, 0x05, 0xa3, 0x26, 0xab, 0x87, 0xa3, 0xa7, 0xa3, 0x86,
  0xa3, 0x46, 0xcc, 0x29, 0xcc, 0x6c, 0x92, 0x85, 0x82, 0x04, 0x8a, 0x04,
  0x92, 0x24, 0x9a, 0x25, 0xa2, 0xa5, 0xa2, 0x85, 0xa2, 0x45, 0xa2, 0x24,
  0x99, 0xe4, 0x99, 0xe4, 0x9a, 0x45, 0xa2, 0x45, 0x89, 0xe4, 0x89, 0x83,
  0x9a, 0x65, 0x9a, 0x24, 0x79, 0xc4, 0x79, 0x83, 0x59, 0xa5, 0x59, 0x63,
  0x61, 0x83, 0x8a, 0xa8, 0xb3, 0x47, 0xc3, 0x87, 0xc3, 0xe8, 0xcc, 0x09,
  0xcc, 0x4a, 0xd4, 0x6a, 0xdc, 0xcc, 0xdc, 0xab, 0xdc, 0xec, 0xdc, 0xec,
  0xe5, 0x4e, 0xed, 0x6e, 0xe5, 0x4f, 0xdd, 0x0d, 0xdd, 0x0d, 0xdc, 0xec,
  0xdc, 0xec, 0xe5, 0x0c, 0xdc, 0xcb, 0xdc, 0xcb, 0xdd, 0x0c, 0xe5, 0x0c,
  0xe5, 0xb0, 0xed, 0xd0, 0xe5, 0x6f, 0xcc, 0x6b, 0xdc, 0x49, 0xec, 0xaa,
  0xec, 0x69, 0xf4, 0xa9, 0xf4, 0xea, 0xf4, 0xc9, 0xec, 0xca, 0xf4, 0xa9,
  0xec, 0xaa, 0xec, 0x69, 0xec, 0x8a, 0xec, 0x68, 0xe4, 0x49, 0xf4, 0x69,
  0xec, 0x69, 0xf4, 0x89, 0xf4, 0x69, 0xf4, 0x48, 0xfc, 0xaa, 0xfc, 0xaa,
  0xfc, 0xaa, 0xfc, 0x89, 0xf4, 0x68, 0xf4, 0x07, 0xe4, 0x0a, 0xaa, 0x22,
  0x71, 0xc3, 0x79, 0x82, 0x69, 0x84, 0x69, 0x63, 0x71, 0xa4, 0x79, 0xc4,
  0x79, 0x83, 0x81, 0xa3, 0x79, 0xc4, 0x81, 0xa3, 0x8a, 0x46, 0x8a, 0x04,
  0x8a, 0x65, 0x81, 0xe3, 0x79, 0xc3, 0xd4, 0x4d, 0xcb, 0xe9, 0xb2, 0xe5,
  0xb2, 0xe5, 0xba, 0xe5, 0xb3, 0x26, 0xb2, 0xe5, 0xaa, 0xe5, 0xbb, 0x26,
  0xaa, 0xe5, 0xbb, 0x26, 0xb3, 0x47, 0xb2, 0xe5, 0xaa, 0xe5, 0xbb, 0x26,
  0xab, 0x06, 0xaa, 0xe5, 0xab, 0x06, 0xbb, 0x47, 0xe5, 0xd1, 0xfe, 0x73,
  0xe6, 0xb4, 0xee, 0xb4, 0xde, 0x74, 0xee, 0x94, 0xe6, 0xb5, 0xee, 0x94,
  0xe6, 0x94, 0xee, 0x73, 0xe6, 0x73, 0xe6, 0x73, 0xe6, 0x51, 0xe6, 0x31,
  0xe6, 0x52, 0xe6, 0x31, 0xe6, 0x52, 0xee, 0x52, 0xe6, 0x94, 0xe6, 0x73,
  0xe6, 0x94, 0xde, 0x12, 0xdd, 0xf0, 0xe6, 0x10, 0xe6, 0x52, 0xee, 0x51,
  0xde, 0x32, 0xe6, 0x32, 0xe6, 0x52, 0xe6, 0x32, 0xde, 0x31, 0xe6, 0x51,
  0xe6, 0x73, 0xee, 0x52, 0xde, 0x52, 0xe6, 0x52, 0xde, 0x31, 0xdd, 0xf0,
  0xe6, 0x31, 0xdd, 0xf0, 0xdd, 0xd0, 0xe5, 0xf0, 0xd5, 0xf0, 0xe6, 0x10,
  0xe6, 0x52, 0xdd, 0xf0, 0xd5, 0xcf, 0xdd, 0xcf, 0xdd, 0xcf, 0xdd, 0xcf,
  0xdd, 0xd0, 0xdd, 0xf0, 0xd5, 0xd0, 0xdd, 0xd0, 0xd5, 0xd0, 0xdd, 0xd0,
  0xd5, 0xf0, 0xdd, 0xf0, 0xd5, 0xd0, 0xdd, 0xd0, 0xcd, 0x8f, 0xd5, 0xaf,
  0xd5, 0xd0, 0xd5, 0xaf, 0xd5, 0xb0, 0xd5, 0x8f, 0xd5, 0xb0, 0xd5, 0x8f,
  0xd5, 0x8f, 0xd5, 0x8e, 0xd5, 0xaf, 0xd5, 0x8e, 0xcd, 0x8e, 0xd5, 0x8e,
  0xe6, 0x30, 0xde, 0x51, 0xe6, 0x50, 0xde, 0x50, 0xe6, 0x2f, 0xde, 0x30,
  0xe6, 0x51, 0xde, 0x51, 0xde, 0x30, 0xd6, 0x30, 0xe6, 0x10, 0xde, 0x30,
  0xe6, 0x30, 0xde, 0x30, 0xde, 0x10, 0xde, 0x51, 0xe6, 0x30, 0xde, 0x31,
  0xe6, 0x51, 0xe6, 0x51, 0xe6, 0x50, 0xde, 0x50, 0xe6, 0x2f, 0xde, 0x2f,
  0xe6, 0x30, 0xde, 0x50, 0xe6, 0x30, 0xde, 0x50, 0xe6, 0x30, 0xde, 0x30,
  0xde, 0x10, 0xde, 0x51, 0xe6, 0x30, 0xde, 0x10, 0xe6, 0x0f, 0xde, 0x0f,
  0xe6, 0x2f, 0xb4, 0xeb, 0xdd, 0xcf, 0xdd, 0xef, 0xdd, 0xcd, 0xdd, 0xcd,
  0xe5, 0xad, 0xa3, 0xc6, 0xb3, 0x05, 0xbb, 0x66, 0xbb, 0x66, 0xbb, 0x87,
  0xab, 0x05, 0xab, 0x46, 0xab, 0xa6, 0xa3, 0xa7, 0xab, 0x86, 0xa3, 0xa7,
  0xab, 0x25, 0xa3, 0x26, 0xd4, 0xcb, 0xab, 0xc7, 0x8a, 0x03, 0x82, 0x24,
  0x92, 0x04, 0x9a, 0x86, 0xa2, 0xc5, 0xa2, 0xc5, 0xaa, 0xa5, 0x9a, 0x65,
  0xa2, 0x24, 0xa2, 0x86, 0xa2, 0x04, 0x9a, 0x24, 0x9a, 0x05, 0x91, 0xe4,
  0x89, 0x83, 0x81, 0x83, 0x79, 0xa3, 0x79, 0xc4, 0x69, 0xa3, 0x59, 0x83,
  0x61, 0x63, 0x82, 0x87, 0xbb, 0x26, 0xc3, 0x67, 0xcb, 0xe8, 0xcc, 0x09,
  0xd4, 0x49, 0xd4, 0xab, 0xe4, 0xab, 0xdc, 0xcb, 0xdc, 0xab, 0xdc, 0xec,
  0xe5, 0x2d, 0xe5, 0x6e, 0xe5, 0x4e, 0xdd, 0x2d, 0xe4, 0xec, 0xdc, 0xec,
  0xe4, 0xcb, 0xdc, 0xcb, 0xdc, 0xa9, 0xdc, 0xaa, 0xe4, 0xeb, 0xe5, 0x2c,
  0xe5, 0x8e, 0xdd, 0x8f, 0xe5, 0x4d, 0xc4, 0x8a, 0xe4, 0x49, 0xec, 0xaa,
  0xec, 0x48, 0xf4, 0xeb, 0xfd, 0x4b, 0xf5, 0x4b, 0xf4, 0xc9, 0xf4, 0xe9,
  0xf4, 0xaa, 0xec, 0xaa, 0xf4, 0x89, 0xec, 0x89, 0xfc, 0x89, 0xf4, 0xaa,
  0xf4, 0x68, 0xf4, 0x89, 0xfc, 0x68, 0xfc, 0x69, 0xfc, 0x68, 0xfc, 0x89,
  0xfc, 0x69, 0xfc, 0x68, 0xfb, 0xe6, 0xf3, 0xe7, 0xdb, 0x67, 0x99, 0xc1,
  0x81, 0xe4, 0x79, 0xe4, 0x71, 0xa3, 0x71, 0xa4, 0x8a, 0x25, 0x92, 0x86,
  0x8a, 0x03, 0x81, 0xe4, 0x71, 0x83, 0x71, 0xa4, 0x79, 0xa3, 0x79, 0xe4,
  0x8a, 0x04, 0x81, 0xe4, 0xaa, 0xc5, 0xd4, 0x2b, 0xed, 0x4b, 0xbc, 0x06,
  0xbb, 0x45, 0xbb, 0x66, 0xbb, 0x46, 0xb3, 0x46, 0xb3, 0x05, 0xab, 0x05,
  0xb2, 0xe5, 0xb3, 0x26, 0xb3, 0x05, 0xb3, 0x47, 0xb3, 0x26, 0xb3, 0x47,
  0xb3, 0x25, 0xab, 0x05, 0xb3, 0x05, 0xbb, 0x47, 0xd4, 0xec, 0xf6, 0x11,
  0xde, 0x51, 0xde, 0x52, 0xe6, 0x72, 0xde, 0x93, 0xe6, 0x73, 0xde, 0x73,
  0xee, 0x93, 0xe6, 0x93, 0xee, 0xb3, 0xe6, 0x73, 0xee, 0x51, 0xe6, 0x52,
  0xe6, 0x31, 0xe6, 0x52, 0xe6, 0x52, 0xee, 0x93, 0xe6, 0x73, 0xe6, 0xb4,
  0xe6, 0x93, 0xe6, 0x94, 0xe6, 0x31, 0xe6, 0x52, 0xee, 0x52, 0xe6, 0x52,
  0xe6, 0x51, 0xe6, 0x72, 0xe6, 0x52, 0xde, 0x52, 0xe6, 0x31, 0xe6, 0x52,
  0xe6, 0x51, 0xe6, 0x72, 0xe6, 0x10, 0xde, 0x30, 0xe6, 0x31, 0xe6, 0x72,
  0xe6, 0x52, 0xde, 0x12, 0xdd, 0xf0, 0xdd, 0xf1, 0xdd, 0xf0, 0xde, 0x11,
  0xe6, 0x10, 0xd5, 0xd0, 0xdd, 0xcf, 0xdd, 0xcf, 0xe5, 0xce, 0xdd, 0xef,
  0xdd, 0xce, 0xdd, 0xef, 0xdd, 0xcf, 0xdd, 0xf0, 0xdd, 0xaf, 0xde, 0x11,
  0xdd, 0xd0, 0xdd, 0xf0, 0xdd, 0xf0, 0xdd, 0xf0, 0xdd, 0xd0, 0xdd, 0xf0,
  0xdd, 0xaf, 0xd5, 0xaf, 0xdd, 0xaf, 0xd5, 0xaf, 0xdd, 0xaf, 0xd5, 0xaf,
  0xdd, 0xaf, 0xd5, 0xb0, 0xd5, 0x8e, 0xcd, 0x6e, 0xd5, 0x8e, 0xd5, 0xaf,
  0xde, 0x31, 0xe6, 0x30, 0xde, 0x51, 0xde, 0x10, 0xde, 0x31, 0xe6, 0x31,
  0xde, 0x52, 0xde, 0x31, 0xde, 0x31, 0xde, 0x11, 0xde, 0x31, 0xde, 0x11,
  0xde, 0x31, 0xde, 0x31, 0xde, 0x31, 0xe6, 0x31, 0xde, 0x31, 0xe6, 0x31,
  0xde, 0x31, 0xe6, 0x31, 0xde, 0x11, 0xde, 0x10, 0xd6, 0x10, 0xde, 0x10,
  0xde, 0x30, 0xde, 0x10, 0xd6, 0x10, 0xde, 0x10, 0xde, 0x11, 0xe6, 0x31,
  0xde, 0x11, 0xe6, 0x31, 0xe6, 0x52, 0xde, 0x10, 0xde, 0x31, 0xde, 0x10,
  0xde, 0x31, 0xdd, 0xf0, 0xde, 0x30, 0xdd, 0xef, 0xdd, 0xee, 0xdd, 0xee,
  0xe5, 0x6e, 0xab, 0xa6, 0xbb, 0x67, 0xc3, 0x66, 0xb3, 0x67, 0xbb, 0x87,
  0xab, 0xa7, 0xab, 0x86, 0xa3, 0xa7, 0xa3, 0x86, 0xa3, 0x26, 0xa2, 0xe4,
  0x9a, 0xe5, 0xbb, 0xa8, 0xb4, 0x08, 0xbc, 0x49, 0x92, 0xa5, 0x92, 0x63,
  0x92, 0x25, 0xa2, 0x66, 0xa2, 0xc5, 0xaa, 0xc5, 0xa2, 0xa5, 0xa2, 0x64,
  0x9a, 0x25, 0x9a, 0x04, 0x91, 0xe4, 0x9a, 0x24, 0xaa, 0x86, 0xaa, 0x65,
  0x92, 0x05, 0x91, 0xc4, 0x71, 0xa4, 0x79, 0x84, 0x59, 0x84, 0x61, 0x63,
  0x61, 0x84, 0x7a, 0x26, 0xb3, 0x27, 0xc3, 0xa8, 0xc3, 0xe9, 0xcb, 0xe9,
  0xcc, 0x4a, 0xd4, 0x4a, 0xd4, 0x8b, 0xdc, 0x8a, 0xd4, 0xab, 0xdc, 0xab,
  0xe5, 0x0d, 0xd4, 0x4a, 0xd4, 0xcd, 0xe4, 0xed, 0xdc, 0xec, 0xdc, 0xcb,
  0xdc, 0x8a, 0xdc, 0x28, 0xd4, 0x28, 0xd4, 0x27, 0xd4, 0xcb, 0xe4, 0xec,
  0xdd, 0xb0, 0xe5, 0x8f, 0xdd, 0x0d, 0xcc, 0x6a, 0xdc, 0x29, 0xec, 0x6a,
  0xe4, 0x8a, 0xec, 0xaa, 0xf5, 0x4b, 0xf5, 0x2a, 0xf5, 0x0a, 0xf5, 0x0a,
  0xec, 0xca, 0xf4, 0xca, 0xec, 0x89, 0xec, 0x69, 0xf4, 0x8a, 0xfc, 0x8a,
  0xf4, 0x89, 0xfc, 0x69, 0xfc, 0x8a, 0xfc, 0x69, 0xfc, 0x69, 0xfc, 0x8a,
  0xfc, 0xaa, 0xfc, 0x48, 0xf3, 0xe7, 0xf3, 0x86, 0xc3, 0x27, 0xba, 0xc5,
  0x82, 0x04, 0x92, 0x65, 0x82, 0x25, 0x79, 0xa3, 0x9a, 0xa6, 0xa2, 0xc6,
  0xa3, 0x06, 0xa2, 0xe5, 0x8a, 0xa7, 0x92, 0xa7, 0x79, 0xe5, 0x79, 0xc4,
  0x81, 0xe4, 0x92, 0x45, 0xb2, 0xe6, 0xbb, 0x26, 0xdc, 0xa9, 0xec, 0xea,
  0xcc, 0x49, 0xcc, 0x28, 0xc3, 0xe8, 0xbb, 0x86, 0xb3, 0x67, 0xb3, 0x46,
  0xaa, 0xe6, 0xc3, 0x67, 0xb3, 0xea, 0xab, 0x47, 0x9b, 0x47, 0xab, 0xa8,
  0xab, 0x88, 0xab, 0x67, 0xab, 0x06, 0xaa, 0xe5, 0xa3, 0xa8, 0xcc, 0xac,
  0xb5, 0x4e, 0xbd, 0x4e, 0xbd, 0x90, 0xbd, 0x6f, 0xc5, 0xb1, 0xcd, 0xb0,
  0xc5, 0xb1, 0xd5, 0xf1, 0xce, 0x12, 0xb5, 0x0d, 0xd5, 0xd0, 0xee, 0x93,
  0xde, 0x32, 0xe6, 0x52, 0xe6, 0x73, 0xe6, 0x53, 0xe6, 0x74, 0xe6, 0x53,
  0xe6, 0x74, 0xee, 0x73, 0xe6, 0x74, 0xee, 0x73, 0xe6, 0x94, 0xe6, 0x32,
  0xde, 0x52, 0xe6, 0x52, 0xe6, 0x73, 0xe6, 0x32, 0xde, 0x52, 0xe6, 0x32,
  0xde, 0x52, 0xe6, 0x31, 0xde, 0x31, 0xe6, 0x30, 0xe6, 0x72, 0xe6, 0x31,
  0xe6, 0x73, 0xde, 0x32, 0xde, 0x33, 0xe6, 0x33, 0xde, 0x53, 0xde, 0x12,
  0xd6, 0x12, 0xde, 0x11, 0xdd, 0xf1, 0xd5, 0xb0, 0xdd, 0xd0, 0xdd, 0xaf,
  0xdd, 0xf0, 0xdd, 0xd0, 0xd5, 0xd1, 0xdd, 0xd0, 0xde, 0x11, 0xdd, 0xf0,
  0xdd, 0xf1, 0xdd, 0xd0, 0xde, 0x11, 0xdd, 0xd0, 0xdd, 0xf1, 0xdd, 0xd0,
  0xd5, 0xb0, 0xd5, 0xaf, 0xd5, 0xaf, 0xd5, 0x8f, 0xd5, 0xaf, 0xd5, 0x8e,
  0xd5, 0x8f, 0xd5, 0xaf, 0xd5, 0xaf, 0xd5, 0x8f, 0xd5, 0x8f, 0xd5, 0x6e,
  0xde, 0x10, 0xe6, 0x51, 0xe6, 0x51, 0xde, 0x51, 0xe6, 0x31, 0xe6, 0x51,
  0xe6, 0x51, 0xde, 0x52, 0xe6, 0x52, 0xde, 0x52, 0xe6, 0x31, 0xde, 0x32,
  0xe6, 0x31, 0xde, 0x52, 0xe6, 0x30, 0xde, 0x31, 0xe6, 0x30, 0xe6, 0x31,
  0xe6, 0x51, 0xde, 0x31, 0xe6, 0x30, 0xde, 0x10, 0xe6, 0x30, 0xde, 0x30,
  0xde, 0x10, 0xde, 0x30, 0xe6, 0x31, 0xde, 0x51, 0xe6, 0x31, 0xe6, 0x52,
  0xe6, 0x51, 0xe6, 0x52, 0xe6, 0x30, 0xe6, 0x51, 0xe6, 0x31, 0xde, 0x31,
  0xe6, 0x10, 0xe6, 0x31, 0xe6, 0x0f, 0xdd, 0xef, 0xe5, 0xee, 0xe6, 0x0f,
  0xcc, 0x48, 0xb3, 0xc7, 0xc3, 0xa6, 0xbb, 0x86, 0xbb, 0x86, 0xbb, 0xc7,
  0xab, 0x65, 0xa3, 0x86, 0xb3, 0xa6, 0xab, 0x86, 0xa2, 0xe5, 0xab, 0x67,
  0xcc, 0xcc, 0xdd, 0x8f, 0xbc, 0x28, 0xc4, 0x8a, 0xbb, 0xc8, 0x92, 0xa4,
  0xa2, 0x44, 0x9a, 0x65, 0xaa, 0xa5, 0xa2, 0xc5, 0x9a, 0x43, 0x92, 0x43,
  0x91, 0xe4, 0x91, 0xe4, 0x9a, 0x03, 0xaa, 0xa6, 0xb2, 0x85, 0xaa, 0x64,
  0xa2, 0x44, 0x9a, 0x45, 0x71, 0x63, 0x69, 0x63, 0x59, 0x64, 0x59, 0x84,
  0x69, 0xa4, 0x72, 0x26, 0xb3, 0x47, 0xc3, 0xe9, 0xc3, 0xe8, 0xc4, 0x09,
  0xcc, 0x29, 0xd4, 0x6a, 0xd4, 0x69, 0xdc, 0xcb, 0xe4, 0xcb, 0xdc, 0xab,
  0xe4, 0xcc, 0xdc, 0x8b, 0xe4, 0xcc, 0xdc, 0xed, 0xe4, 0xab, 0xd4, 0x8a,
  0xe4, 0x28, 0xdc, 0x08, 0xd3, 0xc7, 0xd4, 0x08, 0xdc, 0xca, 0xe5, 0x0c,
  0xed, 0xf0, 0xdd, 0xaf, 0xec, 0xec, 0xd4, 0x6a, 0xe4, 0x49, 0xec, 0x8a,
  0xec, 0x69, 0xe4, 0x49, 0xec, 0xa8, 0xf4, 0xea, 0xfc, 0xc9, 0xf4, 0xc9,
  0xfc, 0xa8, 0xfc, 0xa9, 0xfc, 0x89, 0xfc, 0x89, 0xfc, 0x49, 0xfc, 0x8a,
  0xfc, 0x69, 0xfc, 0x8a, 0xfc, 0xaa, 0xfc, 0x89, 0xfc, 0x28, 0xfc, 0x8a,
  0xfc, 0x89, 0xf4, 0x48, 0xfb, 0xe7, 0xe3, 0x45, 0xcb, 0x47, 0xcb, 0x68,
  0x92, 0x44, 0x92, 0x64, 0x92, 0x45, 0x8a, 0x04, 0xab, 0x07, 0xab, 0x68,
  0xc3, 0xa7, 0xa2, 0xe4, 0xcc, 0xad, 0xc4, 0xae, 0x82, 0x24, 0x7a, 0x24,
  0x91, 0xe3, 0x9a, 0x86, 0xcb, 0x87, 0xdc, 0x4a, 0xd4, 0x05, 0xd4, 0x26,
  0xec, 0xea, 0xe4, 0xa9, 0xd4, 0x48, 0xbb, 0xc6, 0xb3, 0x45, 0xbb, 0x86,
  0xb3, 0x26, 0xab, 0x06, 0xbc, 0x6b, 0xa4, 0x0a, 0x9b, 0xc8, 0xa4, 0x2a,
  0xac, 0x4a, 0xac, 0x4a, 0xa3, 0xa7, 0x9b, 0x87, 0xac, 0x29, 0xbc, 0xec,
  0xac, 0xec, 0xa4, 0xcc, 0xb5, 0x0d, 0xb5, 0x4e, 0xbd, 0x4e, 0xbd, 0x8f,
  0xbd, 0x4f, 0xc5, 0xb0, 0xc5, 0x8f, 0xad, 0x0d, 0xb4, 0xcb, 0xd5, 0xf0,
  0xe6, 0x30, 0xe6, 0x31, 0xee, 0x72, 0xe6, 0x73, 0xe6, 0x32, 0xe6, 0x73,
  0xe6, 0x52, 0xe6, 0x72, 0xe6, 0x73, 0xee, 0xb4, 0xee, 0x94, 0xee, 0xb5,
  0xe6, 0x53, 0xe6, 0x74, 0xe6, 0x52, 0xde, 0x52, 0xe6, 0x31, 0xe6, 0x31,
  0xe6, 0x51, 0xe6, 0x52, 0xe6, 0x11, 0xde, 0x11, 0xe6, 0x52, 0xe6, 0x53,
  0xe6, 0x32, 0xde, 0x52, 0xe6, 0x32, 0xde, 0x33, 0xe6, 0x33, 0xe6, 0x74,
  0xe6, 0x32, 0xe6, 0x53, 0xe6, 0x12, 0xd5, 0xf1, 0xdd, 0xcf, 0xdd, 0xcf,
  0xe5, 0xd0, 0xdd, 0xf0, 0xe5, 0xf1, 0xdd, 0xf1, 0xdd, 0xd0, 0xde, 0x11,
  0xdd, 0xd0, 0xdd, 0xf1, 0xe5, 0xf0, 0xd5, 0xd0, 0xdd, 0xaf, 0xdd, 0xf0,
  0xdd, 0xd0, 0xd5, 0xd0, 0xdd, 0xaf, 0xd5, 0xaf, 0xdd, 0x8e, 0xd5, 0xaf,
  0xdd, 0x8e, 0xdd, 0xaf, 0xdd, 0xcf, 0xd5, 0xcf, 0xdd, 0x8e, 0xd5, 0x8f,
  0xde, 0x31, 0xe6, 0x31, 0xde, 0x31, 0xe6, 0x31, 0xde, 0x11, 0xe6, 0x31,
  0xde, 0x52, 0xde, 0x31, 0xde, 0x52, 0xe6, 0x32, 0xde, 0x52, 0xde, 0x31,
  0xde, 0x52, 0xe6, 0x31, 0xde, 0x31, 0xe6, 0x31, 0xde, 0x31, 0xe6, 0x31,
  0xe6, 0x52, 0xe6, 0x51, 0xde, 0x31, 0xde, 0x10, 0xde, 0x31, 0xde, 0x10,
  0xde, 0x31, 0xde, 0x10, 0xde, 0x31, 0xde, 0x31, 0xde, 0x31, 0xe6, 0x31,
  0xde, 0x51, 0xe6, 0x31, 0xde, 0x31, 0xde, 0x30, 0xde, 0x10, 0xde, 0x10,
  0xde, 0x10, 0xdd, 0xef, 0xde, 0x10, 0xdd, 0xcf, 0xdd, 0xef, 0xcd, 0x2c,
  0xbb, 0xa7, 0xd4, 0x28, 0xcc, 0x08, 0xcb, 0xc7, 0xcc, 0x28, 0xcc, 0x07,
  0xb3, 0xc7, 0xb3, 0x86, 0xab, 0x47, 0xa2, 0xe5, 0xb4, 0x0a, 0xe5, 0x4f,
  0xe6, 0x32, 0xe6, 0x52, 0xcc, 0xcb, 0xb4, 0x08, 0xc4, 0x6a, 0xa3, 0x45,
  0x9a, 0xa5, 0x9a, 0x44, 0x9a, 0x65, 0xa2, 0x65, 0x92, 0x45, 0x92, 0x04,
  0x92, 0x25, 0x91, 0xe4, 0x9a, 0x25, 0xaa, 0x66, 0xaa, 0x65, 0xaa, 0x44,
  0x9a, 0x45, 0xa2, 0x24, 0x69, 0xa4, 0x61, 0x42, 0x51, 0x84, 0x59, 0x64,
  0x61, 0xa4, 0x72, 0x06, 0xab, 0x27, 0xc3, 0xea, 0xc4, 0x2a, 0xcc, 0x29,
  0xcc, 0x29, 0xd4, 0x4a, 0xd4, 0x8b, 0xe4, 0xcc, 0xd4, 0x8b, 0xdc, 0x8b,
  0xd4, 0x8b, 0xe4, 0xab, 0xe4, 0xed, 0xe4, 0xac, 0xdc, 0x6a, 0xe4, 0x4a,
  0xdb, 0xe8, 0xdb, 0x87, 0xc3, 0x47, 0xe4, 0x2a, 0xdc, 0xcb, 0xed, 0x2c,
  0xe5, 0x6e, 0xdd, 0x0c, 0xdc, 0x69, 0xe4, 0x69, 0xec, 0xaa, 0xec, 0xa9,
  0xec, 0x89, 0xe4, 0x48, 0xe4, 0x6a, 0xf4, 0x8a, 0xfc, 0xca, 0xfc, 0x89,
  0xfc, 0x89, 0xfc, 0x89, 0xfc, 0x48, 0xfc, 0x07, 0xfc, 0x49, 0xfc, 0x28,
  0xfc, 0x69, 0xfc, 0x69, 0xfc, 0x69, 0xfc, 0x49, 0xf4, 0x69, 0xfc, 0x89,
  0xfc, 0x49, 0xfc, 0x07, 0xf3, 0xc8, 0xda, 0xe4, 0xbb, 0x47, 0xe4, 0x6b,
  0x9a, 0xc5, 0x92, 0x84, 0x92, 0x66, 0x8a, 0x25, 0x92, 0x44, 0xb3, 0x48,
  0xc3, 0xe8, 0xbb, 0x45, 0xcd, 0x0f, 0xed, 0xf2, 0x9c, 0x0b, 0x7a, 0xa5,
  0x9a, 0x65, 0xaa, 0xc6, 0xcb, 0xe8, 0xec, 0xaa, 0xe4, 0xa8, 0xcb, 0xe5,
  0xd4, 0x07, 0xec, 0x69, 0xdc, 0xaa, 0xcc, 0x07, 0xab, 0x65, 0xb3, 0x65,
  0xa3, 0x46, 0x9a, 0xa4, 0xb4, 0xcc, 0xb4, 0x8b, 0x94, 0x6b, 0xa4, 0xac,
  0xa4, 0xed, 0x9c, 0x8b, 0x9c, 0x6b, 0xa4, 0x6a, 0xa4, 0x8b, 0xac, 0xab,
  0xa4, 0xab, 0xa4, 0x6a, 0x94, 0x4a, 0xac, 0xcc, 0xa4, 0xed, 0xb5, 0x2d,
  0xbd, 0x90, 0xc5, 0xb0, 0xbd, 0x90, 0xac, 0xed, 0xa4, 0xec, 0xa4, 0x8b,
  0xd5, 0xf0, 0xee, 0x51, 0xe6, 0x52, 0xee, 0x93, 0xe6, 0x94, 0xde, 0x32,
  0xde, 0x52, 0xe6, 0x52, 0xe6, 0x73, 0xee, 0x73, 0xee, 0xb5, 0xee, 0x94,
  0xe6, 0x95, 0xee, 0x94, 0xde, 0x94, 0xde, 0x32, 0xde, 0x32, 0xe6, 0x11,
  0xde, 0x32, 0xe6, 0x31, 0xe6, 0x53, 0xdd, 0xd0, 0xde, 0x53, 0xe6, 0x53,
  0xde, 0x53, 0xde, 0x32, 0xde, 0x53, 0xe6, 0x53, 0xde, 0x54, 0xde, 0x33,
  0xde, 0x53, 0xe6, 0x53, 0xde, 0x33, 0xe6, 0x53, 0xde, 0x31, 0xdd, 0xf0,
  0xdd, 0xf0, 0xe5, 0xf0, 0xd5, 0xf0, 0xdd, 0xf0, 0xdd, 0xf1, 0xdd, 0xd0,
  0xdd, 0xf1, 0xdd, 0xd0, 0xd5, 0xd0, 0xdd, 0xf0, 0xd5, 0xd1, 0xdd, 0xd0,
  0xd5, 0xf1, 0xdd, 0xf1, 0xd5, 0xf0, 0xd5, 0xb0, 0xd5, 0xd0, 0xd5, 0x8e,
  0xd5, 0x8f, 0xdd, 0x8f, 0xd5, 0x8e, 0xd5, 0x8e, 0xd5, 0x8f, 0xd5, 0x8e,
  0xde, 0x10, 0xde, 0x31, 0xe6, 0x31, 0xde, 0x31, 0xe6, 0x31, 0xde, 0x51,
  0xe6, 0x31, 0xde, 0x51, 0xe6, 0x31, 0xde, 0x52, 0xe6, 0x31, 0xde, 0x52,
  0xde, 0x30, 0xde, 0x31, 0xe6, 0x30, 0xe6, 0x51, 0xe6, 0x30, 0xde, 0x31,
  0xe6, 0x31, 0xde, 0x31, 0xde, 0x10, 0xde, 0x30, 0xdd, 0xef, 0xde, 0x30,
  0xe6, 0x31, 0xde, 0x31, 0xe6, 0x51, 0xe6, 0x71, 0xe6, 0x30, 0xde, 0x30,
  0xde, 0x10, 0xde, 0x31, 0xe6, 0x30, 0xde, 0x30, 0xe6, 0x30, 0xde, 0x50,
  0xe6, 0x2f, 0xde, 0x0f, 0xdd, 0xef, 0xde, 0x0f, 0xe5, 0xcf, 0xa4, 0x08,
  0xc3, 0xa6, 0xcc, 0x28, 0xdc, 0x07, 0xdc, 0x48, 0xd4, 0x07, 0xd4, 0x27,
  0xd4, 0x28, 0xbb, 0xa7, 0xab, 0x26, 0xc4, 0x0a, 0xdd, 0x6e, 0xe5, 0xd0,
  0xde, 0x30, 0xe6, 0x72, 0xcc, 0xca, 0xa3, 0x85, 0xc4, 0x48, 0xb4, 0x07,
  0xaa, 0xe5, 0x9a, 0x84, 0x92, 0x03, 0x92, 0x24, 0x9a, 0x45, 0x92, 0x24,
  0x92, 0x04, 0x92, 0x45, 0x9a, 0x04, 0x91, 0xe4, 0xa2, 0x44, 0xaa, 0x66,
  0xa2, 0x24, 0x9a, 0x24, 0x9a, 0xa7, 0x69, 0x82, 0x59, 0x63, 0x59, 0x84,
  0x69, 0xe4, 0x72, 0x25, 0xa3, 0x06, 0xc4, 0x2b, 0xcc, 0x49, 0xbc, 0x09,
  0xcc, 0x29, 0xd4, 0x8a, 0xdc, 0x8a, 0xdc, 0xab, 0xd4, 0x4a, 0xd4, 0x8b,
  0xdc, 0x6a, 0xdc, 0xab, 0xe4, 0x4a, 0xe4, 0xab, 0xe4, 0x28, 0xe4, 0x49,
  0xeb, 0xe7, 0xdb, 0xa7, 0xcb, 0x66, 0xe4, 0x4a, 0xe4, 0xaa, 0xdc, 0xaa,
  0xd4, 0x69, 0xd4, 0x89, 0xe4, 0x48, 0xec, 0xa9, 0xf5, 0x0a, 0xf5, 0x0a,
  0xf4, 0xa9, 0xec, 0xa9, 0xec, 0xaa, 0xec, 0xab, 0xf4, 0x68, 0xf4, 0xa9,
  0xfc, 0xa9, 0xfc, 0xea, 0xfc, 0x67, 0xf4, 0x68, 0xfc, 0x27, 0xfc, 0x48,
  0xfc, 0x48, 0xfc, 0x28, 0xfc, 0x27, 0xfc, 0x48, 0xfc, 0x89, 0xfc, 0xa9,
  0xfc, 0x27, 0xf3, 0xe7, 0xfb, 0xe8, 0xca, 0xc4, 0xa2, 0x64, 0xbb, 0x88,
  0xb3, 0x46, 0xa2, 0xe5, 0x92, 0x64, 0x8a, 0x44, 0x9a, 0x44, 0xa2, 0xc6,
  0xbb, 0x45, 0xc3, 0xa7, 0xd5, 0x4e, 0xee, 0x12, 0xb5, 0x0d, 0x9c, 0x4b,
  0x9a, 0xe6, 0x8a, 0x64, 0xb2, 0xe4, 0xe4, 0xab, 0xec, 0xa8, 0xdc, 0x26,
  0xdb, 0xe6, 0xcb, 0x85, 0xd4, 0xea, 0xe5, 0x6c, 0xc4, 0x48, 0xb3, 0xc6,
  0xb3, 0x86, 0x9a, 0xe4, 0xac, 0x6a, 0xa4, 0x2a, 0x94, 0x2a, 0x9c, 0x6b,
  0xa4, 0x8a, 0xa4, 0xab, 0xa4, 0x6a, 0xa4, 0x8b, 0xa4, 0x6a, 0x9c, 0x8a,
  0xa4, 0x8a, 0xa4, 0xcb, 0xac, 0xcb, 0xa4, 0xec, 0xac, 0xec, 0xb5, 0x6e,
  0xbd, 0x6f, 0xbd, 0xb0, 0xc5, 0x90, 0xb5, 0x4f, 0xad, 0x0d, 0x94, 0x6b,
  0xac, 0xaa, 0xd5, 0xef, 0xde, 0x0f, 0xd6, 0x30, 0xe6, 0x51, 0xe6, 0xb3,
  0xe6, 0x52, 0xe6, 0x72, 0xee, 0xb2, 0xe6, 0x92, 0xee, 0x72, 0xe6, 0x93,
  0xee, 0x93, 0xee, 0xb4, 0xee, 0xb4, 0xe6, 0xb4, 0xe6, 0x52, 0xde, 0x52,
  0xe6, 0x31, 0xde, 0x31, 0xe6, 0x71, 0xde, 0x51, 0xe6, 0x31, 0xe6, 0x72,
  0xe6, 0x32, 0xde, 0x53, 0xe6, 0x53, 0xe6, 0x94, 0xe6, 0x53, 0xe6, 0x73,
  0xe6, 0x32, 0xde, 0x53, 0xde, 0x33, 0xde, 0x53, 0xde, 0x11, 0xd5, 0xf0,
  0xdd, 0xef, 0xde, 0x10, 0xdd, 0xd0, 0xde, 0x11, 0xdd, 0xf0, 0xd5, 0xd0,
  0xdd, 0xf0, 0xde, 0x10, 0xe5, 0xef, 0xdd, 0xf0, 0xdd, 0xf0, 0xdd, 0xf1,
  0xd5, 0xb0, 0xd5, 0xf1, 0xdd, 0xd0, 0xd5, 0xd0, 0xdd, 0xcf, 0xd5, 0xaf,
  0xdd, 0xaf, 0xd5, 0xaf, 0xdd, 0x8e, 0xd5, 0xae, 0xdd, 0xae, 0xd5, 0xae,
  0xde, 0x31, 0xe6, 0x31, 0xde, 0x52, 0xe6, 0x31, 0xde, 0x52, 0xde, 0x11,
  0xde, 0x51, 0xe6, 0x31, 0xde, 0x52, 0xe6, 0x32, 0xde, 0x52, 0xde, 0x32,
  0xde, 0x32, 0xe6, 0x32, 0xde, 0x31, 0xe6, 0x31, 0xde, 0x31, 0xe6, 0x30,
  0xde, 0x51, 0xde, 0x30, 0xde, 0x10, 0xde, 0x10, 0xde, 0x30, 0xde, 0x10,
  0xde, 0x32, 0xe6, 0x31, 0xde, 0x51, 0xe6, 0x51, 0xde, 0x51, 0xde, 0x10,
  0xde, 0x51, 0xe6, 0x31, 0xe6, 0x51, 0xe6, 0x31, 0xde, 0x30, 0xdd, 0xef,
  0xde, 0x10, 0xdd, 0xef, 0xde, 0x0f, 0xdd, 0xef, 0xcd, 0x6e, 0x93, 0x45,
  0xb4, 0x08, 0xdd, 0x0c, 0xe4, 0xcb, 0xdc, 0x89, 0xd4, 0xa9, 0xd4, 0x88,
  0xbc, 0x29, 0xc4, 0x29, 0xd5, 0x0d, 0xe5, 0x6e, 0xd5, 0x6d, 0xdd, 0xae,
  0xd5, 0xce, 0xdd, 0xad, 0xbc, 0x48, 0xab, 0xa6, 0xb4, 0x28, 0xc4, 0x69,
  0xab, 0x87, 0x9a, 0xc4, 0xa3, 0x28, 0xbb, 0xaa, 0x92, 0xa6, 0x8a, 0x24,
  0x8a, 0x04, 0x89, 0xe4, 0x8a, 0x05, 0x92, 0x04, 0x9a, 0x25, 0x9a, 0x25,
  0x9a, 0x25, 0xa2, 0x24, 0x9a, 0x66, 0x81, 0xa3, 0x71, 0xe5, 0x79, 0xe4,
  0x7a, 0x45, 0x82, 0x45, 0xa3, 0x27, 0xc4, 0x0a, 0xc4, 0x6b, 0xbc, 0x09,
  0xc4, 0x2a, 0xcc, 0x2a, 0xcc, 0x4a, 0xd4, 0x6a, 0xd4, 0x6b, 0xd4, 0x6a,
  0xdc, 0x8b, 0xdc, 0x4a, 0xdc, 0x29, 0xe4, 0x49, 0xec, 0x49, 0xf4, 0x49,
  0xec, 0x49, 0xe3, 0xe7, 0xd4, 0x29, 0xe4, 0x49, 0xdc, 0x8a, 0xdc, 0x69,
  0xd4, 0x49, 0xdc, 0x49, 0xe4, 0xaa, 0xf4, 0xea, 0xf5, 0x2b, 0xf5, 0x2b,
  0xf4, 0xcb, 0xf4, 0x8a, 0xf4, 0xcb, 0xec, 0x69, 0xec, 0x49, 0xec, 0x69,
  0xf4, 0x89, 0xfc, 0xaa, 0xfc, 0xca, 0xfc, 0x69, 0xfc, 0x69, 0xfc, 0x28,
  0xfc, 0x29, 0xfc, 0x28, 0xfc, 0x29, 0xfc, 0x28, 0xfc, 0x89, 0xfc, 0x89,
  0xfc, 0x07, 0xfb, 0xe7, 0xe3, 0xa8, 0xba, 0x21, 0x89, 0xe3, 0xaa, 0xc7,
  0xb3, 0x67, 0xb3, 0x46, 0x9a, 0xc5, 0x9a, 0xa4, 0x81, 0xe3, 0xa2, 0x85,
  0xab, 0x06, 0xaa, 0xe5, 0xcc, 0xcd, 0xed, 0xb0, 0xa4, 0xcc, 0xb5, 0x2d,
  0xa4, 0x4b, 0x7a, 0xc4, 0xa2, 0xa4, 0xdc, 0x4b, 0xec, 0xc9, 0xdc, 0x06,
  0xd4, 0x69, 0xd4, 0x28, 0xac, 0xaa, 0xb4, 0x8a, 0xbc, 0x89, 0xbc, 0x89,
  0xbc, 0x08, 0x9a, 0xe3, 0x93, 0xe9, 0x8b, 0xa7, 0x94, 0x2a, 0x9c, 0x2a,
  0x94, 0x4a, 0x9c, 0x2a, 0x9c, 0x6a, 0xa4, 0x49, 0x94, 0x4a, 0xa4, 0x8a,
  0x9c, 0xab, 0xa4, 0x8b, 0xa4, 0xcc, 0xac, 0xec, 0xad, 0x0d, 0xbd, 0x4e,
  0xb5, 0x6f, 0xbd, 0x6f, 0xbd, 0x90, 0xbd, 0x6f, 0xad, 0x2e, 0xa4, 0xcc,
  0xac, 0xec, 0xb5, 0x0c, 0xbd, 0x4d, 0xc5, 0x6e, 0xcd, 0xcf, 0xd5, 0xef,
  0xde, 0x72, 0xe6, 0x72, 0xde, 0x72, 0xe6, 0x72, 0xe6, 0x73, 0xe6, 0x52,
  0xde, 0x52, 0xe6, 0x73, 0xe6, 0x94, 0xee, 0x94, 0xe6, 0x94, 0xe6, 0x53,
  0xde, 0x32, 0xe6, 0x52, 0xde, 0x52, 0xe6, 0x52, 0xde, 0x31, 0xde, 0x11,
  0xde, 0x53, 0xe6, 0x32, 0xde, 0x33, 0xde, 0x32, 0xde, 0x53, 0xe6, 0x53,
  0xde, 0x53, 0xe6, 0x53, 0xde, 0x74, 0xde, 0x12, 0xde, 0x12, 0xdd, 0xf1,
  0xd5, 0xf0, 0xd5, 0xaf, 0xde, 0x32, 0xdd, 0xf1, 0xd5, 0xf1, 0xdd, 0xd0,
  0xd5, 0xd0, 0xdd, 0xcf, 0xd5, 0xaf, 0xdd, 0xcf, 0xde, 0x11, 0xdd, 0xd0,
  0xd5, 0xd1, 0xdd, 0xb0, 0xd5, 0xd0, 0xdd, 0xd0, 0xd5, 0xd0, 0xd5, 0xaf,
  0xd5, 0xaf, 0xdd, 0xaf, 0xd5, 0xaf, 0xdd, 0xaf, 0xd5, 0xaf, 0xd5, 0x8f,
  0xe6, 0x31, 0xde, 0x31, 0xe6, 0x52, 0xe6, 0x52, 0xe6, 0x31, 0xde, 0x31,
  0xe6, 0x31, 0xde, 0x51, 0xde, 0x31, 0xde, 0x52, 0xe6, 0x52, 0xde, 0x52,
  0xe6, 0x31, 0xde, 0x51, 0xde, 0x10, 0xde, 0x31, 0xe6, 0x51, 0xe6, 0x52,
  0xe6, 0x50, 0xde, 0x51, 0xe6, 0x10, 0xde, 0x30, 0xe6, 0x30, 0xe6, 0x51,
  0xe6, 0x51, 0xde, 0x52, 0xe6, 0x30, 0xde, 0x51, 0xe6, 0x30, 0xde, 0x51,
  0xe6, 0x31, 0xe6, 0x51, 0xe6, 0x51, 0xde, 0x31, 0xe6, 0x10, 0xde, 0x30,
  0xe6, 0x10, 0xd5, 0xef, 0xe5, 0xef, 0xc5, 0x4d, 0xa3, 0xe8, 0x93, 0x86,
  0x93, 0x45, 0xa3, 0xe8, 0xbc, 0x28, 0xbc, 0x69, 0xcc, 0xa9, 0xc4, 0xa9,
  0xcc, 0xeb, 0xd5, 0x4d, 0xd5, 0x2c, 0xcd, 0x4c, 0xd5, 0x4b, 0xd5, 0x6c,
  0xd5, 0x2b, 0xc4, 0xea, 0xbb, 0xe7, 0xbc, 0x28, 0xbc, 0x48, 0xbc, 0x68,
  0xc4, 0x29, 0xb4, 0x08, 0xd5, 0x2e, 0xee, 0x32, 0xcc, 0xed, 0x82, 0xc5,
  0x89, 0xe3, 0x8a, 0x04, 0x89, 0xe3, 0x8a, 0x25, 0xa2, 0x65, 0x92, 0x45,
  0xa2, 0x24, 0xa2, 0x24, 0x9a, 0x04, 0x91, 0xe4, 0x9a, 0x86, 0xbb, 0xeb,
  0x9b, 0x06, 0x8a, 0xc5, 0xa3, 0x05, 0xc4, 0x4a, 0xd4, 0xcc, 0xbc, 0x4a,
  0xcc, 0x29, 0xc4, 0x29, 0xcc, 0x09, 0xd4, 0x6a, 0xdc, 0x6a, 0xdc, 0x8b,
  0xe4, 0xab, 0xdc, 0x6b, 0xe4, 0x49, 0xdc, 0x49, 0xf4, 0x48, 0xf4, 0x89,
  0xec, 0x27, 0xe4, 0x27, 0xed, 0x0b, 0xe5, 0x0b, 0xec, 0x69, 0xd3, 0xe7,
  0xd3, 0xa7, 0xe4, 0x4a, 0xfd, 0x4b, 0xf5, 0x4c, 0xfd, 0x4b, 0xdc, 0x88,
  0xdb, 0x65, 0xe3, 0xe8, 0xfc, 0xaa, 0xf4, 0xaa, 0xf4, 0x29, 0xf4, 0x6a,
  0xfc, 0x27, 0xfc, 0x69, 0xfc, 0xca, 0xfc, 0xa9, 0xfc, 0x89, 0xf4, 0x48,
  0xfc, 0x48, 0xfc, 0x49, 0xfc, 0x28, 0xfc, 0x49, 0xfc, 0x68, 0xfc, 0x89,
  0xfb, 0xe6, 0xfc, 0x07, 0xdb, 0x86, 0xaa, 0x21, 0x89, 0xe3, 0xbb, 0x6a,
  0xaa, 0xe5, 0xb3, 0x26, 0xb3, 0x45, 0xbb, 0xc8, 0x92, 0x43, 0xa3, 0x06,
  0xb3, 0x05, 0xab, 0x05, 0xa3, 0x46, 0xb3, 0xc8, 0xac, 0xcb, 0xb5, 0x4e,
  0xb5, 0x0d, 0x7b, 0x87, 0x8a, 0xa4, 0xb4, 0x09, 0xe5, 0x0a, 0xcc, 0x68,
  0xbc, 0x28, 0xb4, 0x28, 0xa4, 0xaa, 0xac, 0xec, 0xb4, 0x89, 0xbc, 0xeb,
  0xdd, 0x4b, 0xa3, 0x85, 0x93, 0xe8, 0x94, 0x08, 0x94, 0x2a, 0x94, 0x4a,
  0x94, 0x09, 0x83, 0xe9, 0x9c, 0x4a, 0x94, 0x6a, 0xa4, 0x8a, 0x9c, 0xab,
  0xa4, 0x8a, 0xa4, 0xcb, 0xa4, 0xca, 0xa4, 0xeb, 0xac, 0xec, 0xb5, 0x4e,
  0xb5, 0x4e, 0xb5, 0x6f, 0xbd, 0x8f, 0xbd, 0x8f, 0xb5, 0x2e, 0x94, 0x6b,
  0xa4, 0xab, 0xb5, 0x6e, 0xbd, 0x2c, 0xb5, 0x0c, 0xcd, 0xae, 0xcd, 0xaf,
  0xcd, 0xae, 0xd6, 0x10, 0xe6, 0x31, 0xee, 0x93, 0xee, 0x52, 0xe6, 0x73,
  0xe6, 0x72, 0xe6, 0x73, 0xee, 0x93, 0xee, 0xb4, 0xee, 0xb4, 0xe6, 0x94,
  0xe6, 0x52, 0xe6, 0x73, 0xee, 0x73, 0xde, 0x32, 0xe6, 0x31, 0xde, 0x31,
  0xe6, 0x52, 0xe6, 0x52, 0xde, 0x11, 0xde, 0x32, 0xde, 0x11, 0xe6, 0x73,
  0xe6, 0x52, 0xde, 0x32, 0xe6, 0x53, 0xde, 0x53, 0xdd, 0xf1, 0xd5, 0xf1,
  0xdd, 0xf0, 0xde, 0x11, 0xdd, 0xf1, 0xde, 0x11, 0xdd, 0xd0, 0xd5, 0xb0,
  0xdd, 0xcf, 0xdd, 0xf0, 0xdd, 0xcf, 0xd5, 0xaf, 0xdd, 0xcf, 0xd5, 0xcf,
  0xdd, 0xaf, 0xd5, 0xd0, 0xdd, 0xd0, 0xd5, 0xf0, 0xe5, 0xd0, 0xd5, 0xd0,
  0xd5, 0xaf, 0xd5, 0xd0, 0xd5, 0x8f, 0xd5, 0xcf, 0xd5, 0x8e, 0xd5, 0x8f,
  0xde, 0x32, 0xe6, 0x32, 0xe6, 0x72, 0xde, 0x31, 0xde, 0x52, 0xe6, 0x51,
  0xde, 0x52, 0xe6, 0x32, 0xde, 0x52, 0xe6, 0x32, 0xde, 0x52, 0xde, 0x51,
  0xde, 0x51, 0xde, 0x10, 0xde, 0x32, 0xe6, 0x52, 0xe6, 0x73, 0xe6, 0x52,
  0xe6, 0x51, 0xe6, 0x30, 0xde, 0x31, 0xe6, 0x31, 0xde, 0x52, 0xe6, 0x32,
  0xde, 0x32, 0xde, 0x31, 0xde, 0x51, 0xe6, 0x31, 0xde, 0x51, 0xe6, 0x51,
  0xde, 0x31, 0xe6, 0x31, 0xde, 0x31, 0xe6, 0x11, 0xde, 0x31, 0xde, 0x10,
  0xe6, 0x32, 0xdd, 0xf0, 0xdd, 0xf1, 0xcd, 0x6e, 0xbd, 0x2d, 0xc5, 0x4d,
  0xbc, 0xed, 0xcd, 0x4e, 0xd5, 0xaf, 0xdd, 0xaf, 0xd5, 0x8f, 0xdd, 0x6e,
  0xd5, 0x6d, 0xcd, 0x0c, 0xcd, 0x2c, 0xc4, 0xca, 0xcd, 0x0c, 0xd5, 0x2c,
  0xcd, 0x2c, 0xc4, 0xeb, 0xb4, 0x08, 0xbc, 0x08, 0xb4, 0x48, 0xbc, 0x28,
  0xbc, 0x29, 0xbc, 0x08, 0xcd, 0x2c, 0xe5, 0xcf, 0xdd, 0xcf, 0xa3, 0xc7,
  0x82, 0x03, 0x89, 0xe3, 0x81, 0xe4, 0x89, 0xe4, 0xab, 0x07, 0xb3, 0x27,
  0xaa, 0x85, 0xa2, 0x23, 0x92, 0x04, 0x9a, 0x04, 0x9a, 0xc6, 0xd4, 0x8d,
  0xc4, 0xed, 0xa3, 0xe9, 0xab, 0xa8, 0xbc, 0x09, 0xcc, 0xee, 0xc4, 0x6b,
  0xc4, 0x2a, 0xc4, 0x09, 0xc4, 0x2a, 0xcc, 0x09, 0xcc, 0x2a, 0xdc, 0x8b,
  0xd4, 0x6b, 0xdc, 0x8b, 0xdc, 0x4a, 0xdc, 0x29, 0xf4, 0x49, 0xec, 0x07,
  0xd4, 0x08, 0xe4, 0x28, 0xcc, 0xca, 0xd4, 0xca, 0xe4, 0xab, 0xd4, 0x08,
  0xc2, 0xc6, 0xdb, 0x68, 0xf5, 0x4b, 0xf5, 0x0a, 0xe4, 0xa9, 0xcb, 0xc5,
  0xec, 0x29, 0xfc, 0xaa, 0xf4, 0xaa, 0xec, 0x48, 0xec, 0x28, 0xfc, 0x49,
  0xfc, 0x49, 0xfc, 0x48, 0xfc, 0xaa, 0xfc, 0x69, 0xfc, 0x69, 0xfc, 0x48,
  0xfc, 0x69, 0xfc, 0x69, 0xfc, 0x8b, 0xfc, 0x8a, 0xf4, 0x69, 0xfc, 0x89,
  0xf3, 0xe7, 0xf3, 0xa6, 0xcb, 0x67, 0xa2, 0x22, 0x82, 0x24, 0xab, 0x08,
  0xc3, 0xc8, 0xb3, 0x05, 0xcc, 0x29, 0xd4, 0x49, 0xab, 0x66, 0xc3, 0xe8,
  0xb3, 0xa7, 0xa3, 0x04, 0x93, 0x06, 0x9b, 0x06, 0x9c, 0xab, 0xb5, 0x0d,
  0xad, 0x0d, 0xb5, 0x0d, 0xa4, 0xcc, 0xa4, 0x8b, 0xac, 0xab, 0x9c, 0x29,
  0x93, 0xc7, 0xa4, 0x49, 0xa4, 0xaa, 0xac, 0xcb, 0xb4, 0xeb, 0xac, 0xa9,
  0xc5, 0x0b, 0xa3, 0xe6, 0x8b, 0xe9, 0x8b, 0xc8, 0x84, 0x0a, 0x94, 0x4b,
  0x84, 0x0a, 0x94, 0x2a, 0x9c, 0xac, 0xa4, 0xac, 0xa4, 0xec, 0xa4, 0xcb,
  0x9c, 0xcb, 0xa4, 0xaa, 0x9c, 0xeb, 0xa4, 0xeb, 0xa4, 0xec, 0xad, 0x2c,
  0xad, 0x4e, 0xad, 0x2e, 0xad, 0x4f, 0xb5, 0x4e, 0xad, 0x0e, 0x94, 0x2a,
  0x94, 0x2a, 0xac, 0xec, 0xbd, 0x4d, 0xbd, 0x2d, 0xbd, 0x6e, 0xc5, 0x8f,
  0xbd, 0x6e, 0xbd, 0x4e, 0xc5, 0xaf, 0xde, 0x10, 0xe6, 0x51, 0xe6, 0x51,
  0xe6, 0x73, 0xe6, 0x52, 0xde, 0x53, 0xee, 0x73, 0xe6, 0xb5, 0xe6, 0x94,
  0xde, 0x73, 0xde, 0x53, 0xde, 0x53, 0xde, 0x11, 0xde, 0x32, 0xe6, 0x32,
  0xde, 0x12, 0xe6, 0x32, 0xde, 0x33, 0xde, 0x12, 0xde, 0x33, 0xde, 0x12,
  0xde, 0x12, 0xde, 0x32, 0xde, 0x33, 0xdd, 0xf1, 0xde, 0x33, 0xe6, 0x33,
  0xde, 0x12, 0xdd, 0xf1, 0xde, 0x12, 0xe6, 0x12, 0xd5, 0xd1, 0xd5, 0xb0,
  0xd5, 0xd0, 0xdd, 0xd0, 0xdd, 0xf0, 0xdd, 0xcf, 0xd5, 0xd0, 0xdd, 0xaf,
  0xd5, 0xd1, 0xdd, 0xb0, 0xd5, 0xf1, 0xd5, 0xf1, 0xdd, 0xf1, 0xdd, 0xd0,
  0xd5, 0xf1, 0xdd, 0xd0, 0xd5, 0xd0, 0xd5, 0xd0, 0xd5, 0xd0, 0xd5, 0xaf,
  0xe6, 0x31, 0xde, 0x51, 0xe6, 0x30, 0xde, 0x51, 0xe6, 0x51, 0xe6, 0x72,
  0xe6, 0x52, 0xde, 0x52, 0xe6, 0x51, 0xde, 0x51, 0xde, 0x30, 0xde, 0x51,
  0xe6, 0x31, 0xde, 0x51, 0xe6, 0x30, 0xde, 0x51, 0xe6, 0x51, 0xde, 0x31,
  0xe6, 0x50, 0xde, 0x50, 0xe6, 0x30, 0xde, 0x51, 0xe6, 0x51, 0xe6, 0x72,
  0xe6, 0x51, 0xde, 0x51, 0xe6, 0x50, 0xde, 0x51, 0xe6, 0x51, 0xe6, 0x51,
  0xe6, 0x30, 0xe6, 0x51, 0xe6, 0x51, 0xe6, 0x51, 0xe6, 0x30, 0xde, 0x30,
  0xe6, 0x10, 0xde, 0x10, 0xe5, 0xef, 0xe6, 0x31, 0xe6, 0x30, 0xde, 0x10,
  0xe6, 0x10, 0xe6, 0x30, 0xe5, 0xef, 0xdd, 0xef, 0xd5, 0x4c, 0xcd, 0x4c,
  0xcd, 0x0b, 0xc5, 0x0b, 0xc4, 0xca, 0xc5, 0x0c, 0xcc, 0xeb, 0xcd, 0x2c,
  0xd5, 0x4c, 0xd5, 0x4d, 0xc4, 0x69, 0xab, 0xc7, 0xbb, 0xe7, 0xbc, 0x08,
  0xc4, 0x08, 0xbc, 0x08, 0xbc, 0x48, 0xdd, 0x8d, 0xd5, 0x6d, 0xcd, 0x2c,
  0x9a, 0xa5, 0x82, 0x43, 0x89, 0xe4, 0x8a, 0x04, 0xaa, 0xc5, 0xb3, 0x48,
  0xaa, 0xa4, 0xa2, 0x84, 0x92, 0x03, 0x9a, 0x64, 0xa2, 0xe6, 0xd4, 0xcd,
  0xe6, 0x11, 0xdd, 0xf0, 0xd5, 0x0c, 0xbc, 0x8a, 0xcc, 0xec, 0xcd, 0x0d,
  0xc4, 0x08, 0xbb, 0xe8, 0xcc, 0x29, 0xc4, 0x29, 0xd4, 0x4a, 0xd4, 0x8b,
  0xdc, 0x49, 0xdc, 0x6a, 0xe4, 0x28, 0xe4, 0x49, 0xec, 0x48, 0xe4, 0x28,
  0xd4, 0x48, 0xd4, 0x69, 0xcc, 0xaa, 0xc4, 0xaa, 0xcc, 0x69, 0xc4, 0x6a,
  0xcb, 0xa8, 0xc3, 0x88, 0xf4, 0xe9, 0xf5, 0x0a, 0xf4, 0xc9, 0xec, 0xca,
  0xec, 0x48, 0xec, 0x69, 0xf4, 0x07, 0xec, 0x07, 0xfc, 0x27, 0xfc, 0x89,
  0xfc, 0x89, 0xfc, 0xa9, 0xfc, 0x68, 0xf4, 0x28, 0xfc, 0x68, 0xfc, 0x69,
  0xfc, 0x88, 0xfc, 0xa9, 0xfc, 0xca, 0xfc, 0xca, 0xfc, 0xca, 0xfc, 0xa9,
  0xfb, 0xe7, 0xf3, 0xc6, 0xd3, 0xc7, 0xaa, 0xa3, 0xa3, 0x27, 0xa3, 0x47,
  0xcb, 0xe8, 0xb3, 0x66, 0xe4, 0x68, 0xe4, 0xa9, 0xab, 0x24, 0xb3, 0xa6,
  0xab, 0x66, 0x92, 0xc4, 0x8a, 0xe5, 0x83, 0x06, 0xa4, 0x4a, 0xac, 0xec,
  0xa4, 0xab, 0xa5, 0x0c, 0xb5, 0x4e, 0x9c, 0xcc, 0xa4, 0xcc, 0x8c, 0x09,
  0x93, 0xe8, 0xa4, 0x8b, 0xa4, 0x8a, 0xa4, 0xcb, 0xb4, 0xeb, 0xa4, 0x89,
  0xa4, 0x48, 0x93, 0xc7, 0x83, 0xa7, 0x7b, 0xa8, 0x8c, 0x09, 0x8c, 0x2a,
  0x8c, 0x09, 0x9c, 0x8b, 0xa4, 0xcb, 0xad, 0x0d, 0xac, 0xeb, 0xa4, 0xeb,
  0x9c, 0x69, 0x9c, 0x8a, 0x94, 0x49, 0x9c, 0x8a, 0xa4, 0xca, 0xa4, 0xeb,
  0xad, 0x2d, 0xad, 0x2d, 0xac, 0xec, 0xa5, 0x0d, 0xac, 0xec, 0x94, 0x4a,
  0x8b, 0xe8, 0xa4, 0xec, 0xbd, 0x6d, 0xbd, 0x8e, 0xc5, 0xae, 0xbd, 0xae,
  0xc5, 0x8e, 0xbd, 0x6e, 0xbd, 0x2c, 0xbd, 0x6e, 0xcd, 0xae, 0xde, 0x51,
  0xe6, 0x51, 0xe6, 0x31, 0xe6, 0x51, 0xe6, 0x72, 0xee, 0x93, 0xee, 0xb4,
  0xee, 0x93, 0xe6, 0x73, 0xe6, 0x32, 0xde, 0x32, 0xe6, 0x11, 0xde, 0x31,
  0xdd, 0xf1, 0xde, 0x32, 0xe6, 0x32, 0xe6, 0x73, 0xe6, 0x73, 0xde, 0x53,
  0xde, 0x12, 0xd6, 0x12, 0xde, 0x32, 0xde, 0x53, 0xe6, 0x32, 0xe6, 0x73,
  0xe6, 0x52, 0xde, 0x11, 0xdd, 0xf1, 0xde, 0x11, 0xdd, 0xf1, 0xde, 0x11,
  0xdd, 0xaf, 0xdd, 0xf0, 0xe5, 0xef, 0xdd, 0xcf, 0xdd, 0xcf, 0xdd, 0xf0,
  0xe6, 0x10, 0xe6, 0x31, 0xde, 0x31, 0xde, 0x31, 0xdd, 0xf1, 0xde, 0x12,
  0xde, 0x11, 0xd5, 0xf1, 0xdd, 0xf0, 0xd5, 0xd0, 0xdd, 0xd0, 0xd5, 0xb0,
  0xde, 0x31, 0xde, 0x10, 0xde, 0x30, 0xde, 0x30, 0xde, 0x31, 0xe6, 0x51,
  0xde, 0x32, 0xe6, 0x32, 0xe6, 0x72, 0xde, 0x31, 0xde, 0x31, 0xde, 0x10,
  0xde, 0x51, 0xe6, 0x51, 0xde, 0x51, 0xe6, 0x51, 0xde, 0x51, 0xde, 0x30,
  0xde, 0x51, 0xe6, 0x51, 0xde, 0x31, 0xe6, 0x51, 0xde, 0x52, 0xe6, 0x72,
  0xe6, 0x93, 0xde, 0x31, 0xde, 0x31, 0xe6, 0x51, 0xde, 0x30, 0xe6, 0x50,
  0xde, 0x51, 0xde, 0x10, 0xde, 0x31, 0xde, 0x10, 0xde, 0x51, 0xdd, 0xef,
  0xd5, 0xef, 0xdd, 0xef, 0xdd, 0xf0, 0xe6, 0x10, 0xde, 0x0f, 0xdd, 0xee,
  0xe6, 0x30, 0xe6, 0x0f, 0xde, 0x0f, 0xd5, 0x8d, 0xcd, 0x2c, 0xc4, 0xaa,
  0xbc, 0xcb, 0xc4, 0xcb, 0xc5, 0x0c, 0xcc, 0xec, 0xcd, 0x0c, 0xcd, 0x0c,
  0xc4, 0xec, 0xcc, 0xeb, 0xc4, 0xec, 0xb4, 0x49, 0xb3, 0xc7, 0xbb, 0xc7,
  0xbb, 0xe8, 0xbb, 0xe8, 0xab, 0xe7, 0xcc, 0xaa, 0xc4, 0xeb, 0xdd, 0x8d,
  0xb3, 0xc9, 0x8a, 0x43, 0x8a, 0x25, 0x8a, 0x24, 0x92, 0x85, 0xab, 0x27,
  0xab, 0x06, 0xaa, 0xe5, 0x9a, 0xa5, 0x9a, 0x84, 0x9b, 0x07, 0xe4, 0xee,
  0xde, 0x31, 0xe6, 0x31, 0xde, 0x30, 0xcd, 0x4d, 0xc5, 0x0d, 0xcd, 0x0d,
  0xc4, 0x4a, 0xbc, 0x08, 0xc4, 0x29, 0xcc, 0x6a, 0xcc, 0x6a, 0xcc, 0x4a,
  0xd4, 0x49, 0xdc, 0x49, 0xdc, 0x28, 0xe4, 0x27, 0xe4, 0x69, 0xe4, 0x27,
  0xcc, 0x8a, 0xcc, 0x89, 0xc4, 0xcb, 0xc4, 0xcb, 0xbc, 0xcb, 0xbc, 0x8a,
  0xc4, 0x4a, 0xd4, 0x8b, 0xed, 0x0a, 0xf5, 0x0a, 0xed, 0x0b, 0xec, 0xca,
  0xdc, 0x89, 0xe4, 0x89, 0xec, 0x48, 0xec, 0x28, 0xf4, 0x48, 0xf4, 0x48,
  0xfc, 0x8a, 0xfc, 0x89, 0xfc, 0xca, 0xfc, 0x69, 0xfc, 0x89, 0xfc, 0x89,
  0xfc, 0xa9, 0xfc, 0xa9, 0xfc, 0xca, 0xfc, 0xea, 0xfc, 0xea, 0xfc, 0xa9,
  0xf4, 0x07, 0xf3, 0xe7, 0xbb, 0x87, 0xa2, 0x83, 0x82, 0xe6, 0x8a, 0xc5,
  0xab, 0xa7, 0xbb, 0xe8, 0xdc, 0x68, 0xec, 0xc9, 0xc3, 0xe7, 0xab, 0x24,
  0x9b, 0x26, 0xa3, 0x26, 0x7b, 0x06, 0x7a, 0xe5, 0x93, 0xe9, 0xa4, 0x8b,
  0x9c, 0xcc, 0x9c, 0xab, 0xa4, 0xed, 0xac, 0xed, 0x9c, 0xcd, 0x83, 0xc9,
  0x9c, 0x6b, 0xac, 0xac, 0x9c, 0x6a, 0xb4, 0xec, 0xb5, 0x0c, 0xa4, 0x8a,
  0x83, 0xa8, 0x83, 0x87, 0x6b, 0x47, 0x7b, 0x88, 0x7b, 0xc9, 0x83, 0xa8,
  0x94, 0x6b, 0xa4, 0x8b, 0x9c, 0xab, 0xa4, 0xcb, 0x9c, 0xab, 0x9c, 0x69,
  0x8c, 0x29, 0xa4, 0x8a, 0x94, 0x6a, 0x94, 0x29, 0x83, 0xe8, 0x9c, 0x69,
  0xa4, 0xec, 0xac, 0xec, 0x9c, 0xac, 0x9c, 0x8b, 0x9c, 0xcc, 0x9c, 0xab,
  0x8c, 0x4a, 0xa4, 0xcc, 0xb5, 0x4d, 0xbd, 0x4d, 0xbd, 0x8e, 0xbd, 0x6d,
  0xb5, 0x8e, 0xbd, 0x8e, 0xbd, 0x8f, 0xbd, 0x6e, 0xb5, 0x4d, 0xc5, 0x8e,
  0xde, 0x10, 0xe6, 0x30, 0xde, 0x31, 0xe6, 0x31, 0xde, 0x32, 0xe6, 0x52,
  0xe6, 0x74, 0xee, 0x73, 0xde, 0x53, 0xe6, 0x53, 0xde, 0x32, 0xdd, 0xf1,
  0xde, 0x11, 0xe6, 0x11, 0xde, 0x53, 0xde, 0x12, 0xde, 0x53, 0xe6, 0x53,
  0xe6, 0x74, 0xde, 0x32, 0xd6, 0x33, 0xde, 0x33, 0xde, 0x33, 0xde, 0x12,
  0xd6, 0x12, 0xde, 0x11, 0xde, 0x11, 0xdd, 0xf0, 0xde, 0x11, 0xde, 0x11,
  0xd5, 0xd0, 0xdd, 0xcf, 0xd5, 0xcf, 0xdd, 0xaf, 0xdd, 0xf0, 0xe5, 0xf0,
  0xd5, 0xd0, 0xdd, 0xf0, 0xd6, 0x11, 0xe6, 0x32, 0xde, 0x33, 0xde, 0x12,
  0xd6, 0x12, 0xd5, 0xf2, 0xd5, 0xf1, 0xdd, 0xd1, 0xd5, 0xd0, 0xd5, 0xb0,
  0xde, 0x10, 0xd6, 0x10, 0xe6, 0x30, 0xde, 0x51, 0xe6, 0x31, 0xe6, 0x51,
  0xe6, 0x31, 0xde, 0x52, 0xe6, 0x51, 0xde, 0x51, 0xe6, 0x31, 0xde, 0x51,
  0xe6, 0x51, 0xe6, 0x72, 0xe6, 0x50, 0xde, 0x71, 0xe6, 0x51, 0xe6, 0x71,
  0xe6, 0x30, 0xde, 0x51, 0xe6, 0x31, 0xe6, 0x72, 0xe6, 0x52, 0xe6, 0x72,
  0xe6, 0x52, 0xde, 0x72, 0xe6, 0x51, 0xde, 0x51, 0xe6, 0x30, 0xe6, 0x51,
  0xe6, 0x30, 0xe6, 0x30, 0xee, 0x51, 0xe6, 0x30, 0xe6, 0x30, 0xde, 0x30,
  0xe6, 0x2f, 0xde, 0x10, 0xe6, 0x0f, 0xdd, 0xce, 0xdd, 0xcd, 0xdd, 0xce,
  0xe5, 0xcd, 0xdd, 0xed, 0xdd, 0x8c, 0xcd, 0x4b, 0xcc, 0xea, 0xc4, 0xca,
  0xcc, 0xeb, 0xc4, 0xcb, 0xcc, 0xeb, 0xc5, 0x0c, 0xcc, 0xeb, 0xc4, 0xcb,
  0xcc, 0xea, 0xc4, 0xeb, 0xcc, 0x8a, 0xc4, 0x8a, 0xc3, 0xc7, 0xab, 0x66,
  0xb3, 0x66, 0xab, 0x66, 0xb3, 0x86, 0xbb, 0xc7, 0xcc, 0x8a, 0xd5, 0x2c,
  0xc4, 0x4a, 0x9b, 0x05, 0x9a, 0x85, 0x9a, 0xe6, 0x9a, 0xe5, 0x92, 0xc5,
  0xab, 0x87, 0xa3, 0x88, 0xb3, 0x67, 0xa3, 0x26, 0xab, 0x05, 0xdc, 0xed,
  0xee, 0x51, 0xe6, 0x31, 0xe6, 0x30, 0xd5, 0xcf, 0xc5, 0x0c, 0xc5, 0x0c,
  0xcc, 0x69, 0xbc, 0x29, 0xcc, 0x29, 0xcc, 0x6a, 0xd4, 0x8a, 0xd4, 0x8b,
  0xdc, 0x48, 0xdc, 0x69, 0xe4, 0x27, 0xe4, 0x69, 0xe4, 0x48, 0xd4, 0x27,
  0xcc, 0x89, 0xd4, 0xcb, 0xcc, 0xcc, 0xcc, 0xec, 0xd5, 0x0b, 0xd5, 0x2c,
  0xdc, 0xcb, 0xdd, 0x0c, 0xec, 0xc9, 0xdc, 0x88, 0xe4, 0x68, 0xec, 0xea,
  0xf4, 0xca, 0xec, 0xaa, 0xec, 0x89, 0xec, 0xca, 0xf4, 0x88, 0xf4, 0xa9,
  0xfc, 0x88, 0xfc, 0xca, 0xfc, 0xc9, 0xf4, 0xa9, 0xfc, 0xc9, 0xfc, 0xca,
  0xfc, 0xc9, 0xfc, 0xea, 0xfc, 0xea, 0xfd, 0x0a, 0xfd, 0x0a, 0xf4, 0xc9,
  0xfc, 0x48, 0xec, 0x27, 0xbb, 0xa7, 0x9a, 0xe4, 0x8b, 0x46, 0x83, 0x26,
  0x9b, 0x65, 0xac, 0x29, 0xcb, 0xe6, 0xd4, 0x48, 0xcb, 0xe7, 0xab, 0x04,
  0xa3, 0x66, 0x9b, 0x46, 0x7b, 0x06, 0x72, 0xe6, 0x93, 0xe9, 0xa4, 0x8b,
  0xa4, 0xcb, 0x9c, 0xcb, 0xa4, 0xcb, 0x9c, 0xab, 0x9c, 0x4a, 0x83, 0xc8,
  0xa4, 0x4a, 0xa4, 0x8b, 0xa4, 0x49, 0xac, 0xcb, 0xac, 0x8a, 0xa4, 0x8a,
  0x94, 0x29, 0x83, 0xe8, 0x7b, 0x88, 0x73, 0x68, 0x7b, 0x67, 0x7b, 0xa8,
  0x9c, 0x4a, 0x9c, 0x8b, 0xa4, 0xcb, 0xa4, 0xec, 0x9c, 0x69, 0x8c, 0x08,
  0x9c, 0x29, 0x94, 0x09, 0x8b, 0xc8, 0x8b, 0xe9, 0x7b, 0x46, 0x7b, 0x87,
  0x94, 0x08, 0xa4, 0xcb, 0x9c, 0x49, 0x8c, 0x09, 0x9c, 0x6a, 0x9c, 0xab,
  0x94, 0x09, 0x94, 0x4a, 0xbd, 0x4d, 0xbd, 0x8e, 0xc5, 0x8e, 0xb5, 0x4d,
  0xbd, 0x6d, 0xbd, 0x8e, 0xbd, 0x8e, 0xbd, 0x8e, 0xbd, 0x6d, 0xbd, 0x8e,
  0xcd, 0xae, 0xde, 0x30, 0xe6, 0x51, 0xde, 0x31, 0xe6, 0x30, 0xe6, 0x51,
  0xee, 0x52, 0xee, 0x93, 0xee, 0x93, 0xe6, 0x73, 0xe6, 0x31, 0xe6, 0x72,
  0xe6, 0x31, 0xde, 0x32, 0xe6, 0x31, 0xde, 0x32, 0xe6, 0x31, 0xde, 0x52,
  0xe6, 0x73, 0xe6, 0x93, 0xe6, 0x53, 0xe6, 0x73, 0xe6, 0x73, 0xde, 0x53,
  0xde, 0x32, 0xde, 0x32, 0xdd, 0xf0, 0xde, 0x11, 0xdd, 0xf0, 0xde, 0x10,
  0xdd, 0xcf, 0xd5, 0xcf, 0xdd, 0xcf, 0xdd, 0xcf, 0xdd, 0xcf, 0xde, 0x11,
  0xdd, 0xcf, 0xdd, 0xf0, 0xde, 0x11, 0xde, 0x31, 0xe6, 0x32, 0xde, 0x12,
  0xde, 0x12, 0xd5, 0xf2, 0xdd, 0xf1, 0xdd, 0xf1, 0xdd, 0xb0, 0xd5, 0xb0,
  0xde, 0x32, 0xe6, 0x31, 0xde, 0x31, 0xe6, 0x11, 0xde, 0x31, 0xde, 0x10,
  0xde, 0x32, 0xe6, 0x52, 0xde, 0x52, 0xde, 0x31, 0xde, 0x52, 0xe6, 0x31,
  0xde, 0x52, 0xde, 0x31, 0xde, 0x31, 0xe6, 0x51, 0xde, 0x52, 0xe6, 0x52,
  0xde, 0x52, 0xde, 0x31, 0xde, 0x52, 0xde, 0x31, 0xde, 0x52, 0xe6, 0x73,
  0xde, 0x52, 0xe6, 0x52, 0xe6, 0x93, 0xe6, 0x52, 0xe6, 0x51, 0xe6, 0x31,
  0xe6, 0x51, 0xe6, 0x31, 0xe6, 0x31, 0xe6, 0x31, 0xde, 0x11, 0xe6, 0x10,
  0xde, 0x30, 0xe6, 0x10, 0xd5, 0xce, 0xd5, 0x8d, 0xd5, 0xad, 0xd5, 0x6c,
  0xd5, 0x8d, 0xd5, 0x6c, 0xcd, 0x4c, 0xc4, 0xea, 0xbc, 0xcb, 0xc4, 0xaa,
  0xbc, 0xeb, 0xc4, 0xeb, 0xc4, 0xec, 0xc4, 0xeb, 0xc4, 0xeb, 0xc4, 0xcb,
  0xbc, 0xcb, 0xc4, 0xaa, 0xbc, 0x4a, 0xbb, 0xe8, 0xab, 0x67, 0xb3, 0x67,
  0xb3, 0xa8, 0xb3, 0x87, 0xab, 0x46, 0xaa, 0xe4, 0xb3, 0xe8, 0xc4, 0x49,
  0xbc, 0x29, 0xbb, 0xe8, 0xa3, 0x47, 0xb3, 0x87, 0x9b, 0x86, 0x9b, 0x45,
  0x93, 0x86, 0x9b, 0x66, 0xa3, 0x66, 0xab, 0x45, 0xc4, 0x09, 0xed, 0x0d,
  0xe6, 0x31, 0xee, 0x31, 0xe6, 0x31, 0xdd, 0xf0, 0xc5, 0x2d, 0xbc, 0xec,
  0xbc, 0x6a, 0xbc, 0x08, 0xc4, 0x4a, 0xcc, 0x4a, 0xcc, 0x8b, 0xcc, 0x4a,
  0xd4, 0x49, 0xdc, 0x49, 0xe4, 0x49, 0xe4, 0x48, 0xdc, 0x48, 0xdc, 0x07,
  0xcc, 0xaa, 0xd4, 0xaa, 0xd5, 0x0e, 0xd5, 0x0d, 0xdd, 0x0c, 0xd4, 0x8a,
  0xdc, 0x89, 0xdc, 0x89, 0xd4, 0x48, 0xd3, 0xe6, 0xdc, 0x07, 0xe4, 0x28,
  0xec, 0x48, 0xfc, 0x69, 0xec, 0xc9, 0xf4, 0xea, 0xfd, 0x2a, 0xf4, 0xe9,
  0xfd, 0x2b, 0xf4, 0xc9, 0xfc, 0xeb, 0xfc, 0xa9, 0xfc, 0xeb, 0xfc, 0xeb,
  0xfc, 0xca, 0xfc, 0xea, 0xfc, 0xea, 0xfc, 0xea, 0xfd, 0x0a, 0xfc, 0xa9,
  0xf4, 0x89, 0xf4, 0x48, 0xbb, 0xc8, 0xa3, 0x05, 0x83, 0x47, 0x8b, 0x68,
  0x83, 0x46, 0xa4, 0x09, 0xc3, 0xe7, 0xcc, 0x07, 0xc3, 0xc7, 0xcb, 0xa7,
  0xac, 0x09, 0x93, 0x05, 0x72, 0xc6, 0x72, 0x85, 0x8b, 0xe9, 0xac, 0xac,
  0xa4, 0xec, 0x9c, 0x8a, 0x94, 0x6b, 0x94, 0x4a, 0x8c, 0x0a, 0x7b, 0x47,
  0x9c, 0x4a, 0x93, 0xe8, 0x93, 0xc8, 0xa4, 0x29, 0x8b, 0xe8, 0x9c, 0x29,
  0x8c, 0x29, 0x83, 0xa7, 0x73, 0x68, 0x73, 0x27, 0x73, 0x47, 0x73, 0x26,
  0x9c, 0x6b, 0xac, 0xac, 0x9c, 0x8b, 0x94, 0x29, 0x73, 0x67, 0x73, 0x25,
  0x83, 0x67, 0x83, 0x67, 0x73, 0x47, 0x83, 0x67, 0x73, 0x88, 0x73, 0x47,
  0x7b, 0x87, 0x8c, 0x09, 0x83, 0xa8, 0x8b, 0xc8, 0x8c, 0x09, 0xa4, 0xab,
  0x8b, 0xe9, 0x7b, 0x47, 0xad, 0x0c, 0xbd, 0x4d, 0xbd, 0x6e, 0xbd, 0x6e,
  0xb5, 0x6e, 0xc5, 0x8f, 0xbd, 0xb0, 0xbd, 0x8f, 0xb5, 0x6e, 0xbd, 0x6e,
  0xc5, 0xaf, 0xcd, 0xcf, 0xde, 0x31, 0xe6, 0x31, 0xde, 0x31, 0xe6, 0x31,
  0xde, 0x32, 0xe6, 0x32, 0xe6, 0x72, 0xe6, 0x72, 0xde, 0x53, 0xde, 0x31,
  0xde, 0x32, 0xe6, 0x11, 0xde, 0x52, 0xe6, 0x32, 0xd6, 0x32, 0xe6, 0x52,
  0xe6, 0x73, 0xde, 0x32, 0xe6, 0x73, 0xee, 0x73, 0xe6, 0x74, 0xe6, 0x33,
  0xde, 0x53, 0xde, 0x12, 0xde, 0x12, 0xde, 0x11, 0xde, 0x11, 0xdd, 0xf0,
  0xd5, 0xd0, 0xdd, 0xaf, 0xdd, 0xf1, 0xdd, 0xd0, 0xde, 0x11, 0xe6, 0x11,
  0xdd, 0xf1, 0xdd, 0xd1, 0xd5, 0xf1, 0xe6, 0x31, 0xde, 0x53, 0xdd, 0xf2,
  0xd6, 0x12, 0xdd, 0xf1, 0xde, 0x12, 0xd5, 0xb0, 0xd5, 0xd0, 0xd5, 0xaf,
  0xe6, 0x30, 0xde, 0x30, 0xe6, 0x0f, 0xdd, 0xef, 0xdd, 0xef, 0xde, 0x30,
  0xe6, 0x31, 0xe6, 0x52, 0xe6, 0x31, 0xde, 0x31, 0xde, 0x0f, 0xe6, 0x50,
  0xde, 0x10, 0xde, 0x51, 0xe6, 0x30, 0xe6, 0x51, 0xe6, 0x30, 0xde, 0x31,
  0xe6, 0x30, 0xe6, 0x51, 0xe6, 0x51, 0xe6, 0x72, 0xe6, 0x73, 0xde, 0x73,
  0xe6, 0x52, 0xe6, 0x93, 0xe6, 0x51, 0xe6, 0x52, 0xe6, 0x51, 0xe6, 0x72,
  0xe6, 0x30, 0xe6, 0x51, 0xe6, 0x10, 0xde, 0x10, 0xe6, 0x10, 0xdd, 0xf0,
  0xe5, 0xcf, 0xdd, 0xef, 0xdd, 0x6d, 0xcd, 0x4c, 0xd5, 0x6c, 0xcd, 0x4c,
  0xd5, 0x2b, 0xcd, 0x2b, 0xcd, 0x0b, 0xbc, 0xca, 0xbc, 0xab, 0xbc, 0xec,
  0xc4, 0xcb, 0xbc, 0xcb, 0xc4, 0xcb, 0xbc, 0xcb, 0xc4, 0xaa, 0xc4, 0xaa,
  0xc4, 0xaa, 0xbc, 0xca, 0xcc, 0x89, 0xb4, 0x28, 0xbb, 0xe7, 0xb3, 0xe8,
  0xbb, 0xc7, 0xb3, 0xc7, 0xbb, 0xc7, 0xbb, 0xe8, 0xbc, 0x08, 0xbc, 0x29,
  0xbc, 0x28, 0xbc, 0x29, 0xcc, 0x29, 0xbb, 0xe8, 0xbb, 0xa7, 0xab, 0x66,
  0xa3, 0x45, 0x9b, 0x45, 0xab, 0x04, 0x9a, 0xe4, 0xd4, 0x29, 0xdc, 0xab,
  0xe6, 0x30, 0xe6, 0x30, 0xee, 0x31, 0xde, 0x10, 0xd5, 0x4d, 0xbc, 0xcb,
  0xc4, 0x6a, 0xb4, 0x29, 0xc4, 0x09, 0xcc, 0x6b, 0xd4, 0x4a, 0xcc, 0x4a,
  0xdc, 0x49, 0xdc, 0x6a, 0xe4, 0x48, 0xe4, 0x69, 0xd4, 0x08, 0xd4, 0x48,
  0xcc, 0x69, 0xcc, 0x89, 0xdc, 0x8a, 0xd4, 0x8a, 0xe4, 0x28, 0xdc, 0x08,
  0xe4, 0x07, 0xe4, 0x28, 0xdb, 0xe7, 0xe4, 0x28, 0xfc, 0x49, 0xfc, 0x69,
  0xfc, 0x49, 0xfc, 0x49, 0xf4, 0x27, 0xfc, 0x89, 0xfd, 0x29, 0xfd, 0x6a,
  0xfd, 0x8a, 0xfd, 0x8b, 0xfd, 0x09, 0xfd, 0x2a, 0xfd, 0x0a, 0xfd, 0x4b,
  0xfd, 0x4b, 0xfd, 0x2b, 0xfd, 0x2a, 0xfd, 0x2a, 0xfc, 0xc8, 0xfc, 0xa8,
  0xf4, 0x68, 0xe4, 0x27, 0xb3, 0xa7, 0x9b, 0x25, 0x8b, 0x46, 0x8b, 0x87,
  0x93, 0xa8, 0x8b, 0xa8, 0xc4, 0x69, 0xbc, 0x28, 0xe4, 0xc9, 0xdc, 0xc9,
  0x9b, 0x25, 0x82, 0xc4, 0x6a, 0x64, 0x72, 0xa6, 0x93, 0xa9, 0x9c, 0x4b,
  0x9c, 0x2a, 0x8c, 0x09, 0x8b, 0xe9, 0x94, 0x4a, 0x8b, 0xa7, 0x7b, 0x26,
  0xa4, 0x8a, 0x83, 0x87, 0x83, 0x66, 0x8b, 0xc8, 0x9c, 0x08, 0x94, 0x08,
  0x8b, 0xc7, 0x7b, 0x66, 0x73, 0x26, 0x6b, 0x26, 0x73, 0x26, 0x83, 0xc9,
  0xa4, 0xab, 0x94, 0x4a, 0x93, 0xa8, 0x72, 0xe5, 0x62, 0x24, 0x6a, 0xc6,
  0x7b, 0x06, 0x83, 0xa9, 0x83, 0xa7, 0x83, 0xa8, 0x7b, 0x67, 0x7b, 0x67,
  0x83, 0xa7, 0x8b, 0xe8, 0x94, 0x08, 0x94, 0x49, 0x8b, 0xe8, 0x9c, 0x6a,
  0x94, 0x09, 0x73, 0x25, 0xa4, 0x8a, 0xb5, 0x4d, 0xbd, 0x4c, 0xb5, 0x4d,
  0xc5, 0x8e, 0xc5, 0xcf, 0xc5, 0xaf, 0xbd, 0x8f, 0xbd, 0x8e, 0xb5, 0x6e,
  0xc5, 0x8e, 0xcd, 0xd0, 0xd5, 0xcf, 0xde, 0x31, 0xe6, 0x30, 0xe6, 0x51,
  0xe6, 0x51, 0xde, 0x31, 0xe6, 0x11, 0xde, 0x31, 0xe6, 0x32, 0xe6, 0x32,
  0xe6, 0x11, 0xde, 0x31, 0xe6, 0x12, 0xde, 0x33, 0xe6, 0x52, 0xde, 0x32,
  0xee, 0x72, 0xde, 0x32, 0xe6, 0x32, 0xe6, 0x52, 0xee, 0x73, 0xde, 0x73,
  0xe6, 0x33, 0xde, 0x53, 0xe6, 0x31, 0xde, 0x11, 0xe6, 0x10, 0xe6, 0x31,
  0xdd, 0xd0, 0xe6, 0x11, 0xe5, 0xd0, 0xdd, 0xf1, 0xe6, 0x30, 0xde, 0x10,
  0xdd, 0xef, 0xdd, 0xf0, 0xdd, 0xcf, 0xe6, 0x31, 0xe6, 0x31, 0xde, 0x11,
  0xdd, 0xf0, 0xdd, 0xf0, 0xdd, 0xcf, 0xd5, 0xd0, 0xd5, 0xae, 0xd5, 0xaf,
  0xde, 0x30, 0xdd, 0xef, 0xde, 0x30, 0xdd, 0xef, 0xd5, 0xf0, 0xde, 0x10,
  0xde, 0x31, 0xde, 0x10, 0xde, 0x10, 0xe6, 0x10, 0xde, 0x30, 0xde, 0x0f,
  0xde, 0x31, 0xe6, 0x31, 0xde, 0x31, 0xe6, 0x31, 0xe6, 0x72, 0xe6, 0x30,
  0xde, 0x51, 0xe6, 0x30, 0xde, 0x51, 0xe6, 0x51, 0xde, 0x52, 0xe6, 0x52,
  0xde, 0x72, 0xe6, 0x51, 0xe6, 0x71, 0xe6, 0x51, 0xe6, 0x71, 0xe6, 0x30,
  0xde, 0x30, 0xe6, 0x30, 0xdd, 0xf0, 0xd5, 0xae, 0xd5, 0xce, 0xd5, 0xae,
  0xcd, 0x4c, 0xcd, 0x2b, 0xc4, 0xca, 0xc4, 0xaa, 0xc4, 0xeb, 0xc4, 0xaa,
  0xbc, 0xa9, 0xc4, 0xca, 0xbc, 0xcb, 0xc4, 0xaa, 0xb4, 0x6a, 0xbc, 0x6a,
  0xbc, 0xab, 0xc4, 0xab, 0xbc, 0x8a, 0xbc, 0x49, 0xb4, 0x49, 0xbc, 0x28,
  0xbc, 0x69, 0xbc, 0x69, 0xb4, 0x49, 0xbc, 0x28, 0xb4, 0x29, 0xb3, 0xe8,
  0xb3, 0xe8, 0xb3, 0xc8, 0xbc, 0x29, 0xc4, 0x29, 0xbc, 0x6a, 0xbc, 0x29,
  0xbc, 0x29, 0xc4, 0x29, 0xc4, 0x49, 0xc4, 0x29, 0xcc, 0x6a, 0xc4, 0x08,
  0xb4, 0x4a, 0xbc, 0x4a, 0xbc, 0x6b, 0xc4, 0x6b, 0xcd, 0x0d, 0xdd, 0x2e,
  0xde, 0x10, 0xe6, 0x10, 0xde, 0x30, 0xdd, 0xf0, 0xd5, 0x8e, 0xbc, 0xaa,
  0xc4, 0x8b, 0xbc, 0x29, 0xcc, 0x6b, 0xcc, 0x6b, 0xcc, 0x8b, 0xcc, 0x4a,
  0xdc, 0x6a, 0xdc, 0x69, 0xe4, 0x69, 0xe4, 0x48, 0xd4, 0x48, 0xdc, 0x28,
  0xdc, 0x28, 0xd3, 0xe7, 0xd3, 0xa8, 0xd3, 0x66, 0xd3, 0x67, 0xd3, 0x46,
  0xd3, 0x27, 0xdb, 0x27, 0xdb, 0x87, 0xf4, 0x29, 0xf4, 0x4a, 0xe3, 0xa7,
  0xe3, 0xa8, 0xeb, 0x87, 0xeb, 0xa8, 0xfb, 0xe9, 0xf4, 0x89, 0xfc, 0x89,
  0xfd, 0x4b, 0xfd, 0x6b, 0xf5, 0x2a, 0xf5, 0x2a, 0xfd, 0x4b, 0xfd, 0x4b,
  0xfd, 0x4b, 0xfd, 0x4b, 0xfd, 0x6b, 0xfd, 0x09, 0xfc, 0xc9, 0xfc, 0xa8,
  0xe4, 0x69, 0xdb, 0xc6, 0xb3, 0xe8, 0xa3, 0x46, 0x83, 0x46, 0x8b, 0x46,
  0x8b, 0xa8, 0x8b, 0x87, 0xb4, 0x28, 0xcc, 0xca, 0xcc, 0x8a, 0xa3, 0x04,
  0x7a, 0x84, 0x82, 0x64, 0x62, 0x44, 0x72, 0x85, 0x8b, 0xca, 0x93, 0xc9,
  0x8b, 0xe9, 0x83, 0x67, 0x83, 0xc9, 0x94, 0x0a, 0x7b, 0x47, 0x7b, 0x26,
  0x9c, 0x6b, 0x6a, 0xc4, 0x73, 0x06, 0x8b, 0x67, 0x93, 0xe9, 0x93, 0xc7,
  0x7b, 0x67, 0x7b, 0x46, 0x6b, 0x06, 0x73, 0x06, 0x73, 0x47, 0x94, 0x0a,
  0x8c, 0x09, 0x7b, 0x66, 0x62, 0x85, 0x52, 0x03, 0x52, 0x05, 0x72, 0xc7,
  0x73, 0x47, 0x83, 0x67, 0x7b, 0xa8, 0x83, 0xa7, 0x7b, 0xa8, 0x83, 0x87,
  0x83, 0xc7, 0x94, 0x08, 0x94, 0x08, 0x93, 0xe7, 0x83, 0xe8, 0x8b, 0xc7,
  0x83, 0xc9, 0x73, 0x05, 0x94, 0x2a, 0xbd, 0x2d, 0xb5, 0x4c, 0xb5, 0x2b,
  0xb5, 0x4d, 0xc5, 0xae, 0xc5, 0xd0, 0xbd, 0x6e, 0xb5, 0x6e, 0xbd, 0x6d,
  0xbd, 0x6e, 0xc5, 0xaf, 0xc5, 0xaf, 0xcd, 0xaf, 0xde, 0x30, 0xe6, 0x51,
  0xde, 0x31, 0xe6, 0x31, 0xde, 0x32, 0xdd, 0xf1, 0xde, 0x31, 0xe6, 0x31,
  0xd6, 0x11, 0xe6, 0x32, 0xe6, 0x53, 0xe6, 0x32, 0xde, 0x32, 0xe6, 0x32,
  0xde, 0x32, 0xe6, 0x11, 0xde, 0x32, 0xe6, 0x52, 0xe6, 0x94, 0xe6, 0x53,
  0xde, 0x53, 0xde, 0x32, 0xde, 0x31, 0xdd, 0xf0, 0xde, 0x11, 0xe6, 0x10,
  0xe6, 0x52, 0xe6, 0x31, 0xde, 0x11, 0xdd, 0xf0, 0xde, 0x10, 0xdd, 0xef,
  0xd5, 0xf0, 0xdd, 0xd0, 0xd5, 0xf0, 0xdd, 0xf0, 0xde, 0x12, 0xdd, 0xf1,
  0xd5, 0xd0, 0xdd, 0xf0, 0xd5, 0xd0, 0xdd, 0xd0, 0xcd, 0xaf, 0xd5, 0xaf,
  0xdd, 0xef, 0xdd, 0xef, 0xe6, 0x0f, 0xde, 0x2f, 0xde, 0x0f, 0xde, 0x0f,
  0xde, 0x10, 0xde, 0x30, 0xe6, 0x30, 0xe6, 0x51, 0xe6, 0x2f, 0xe6, 0x30,
  0xe6, 0x51, 0xde, 0x51, 0xe6, 0x51, 0xde, 0x51, 0xe6, 0x30, 0xde, 0x51,
  0xe6, 0x51, 0xde, 0x31, 0xe6, 0x30, 0xe6, 0x71, 0xee, 0x51, 0xe6, 0x51,
  0xe6, 0x71, 0xe6, 0x71, 0xe6, 0x30, 0xde, 0x30, 0xee, 0x50, 0xe6, 0x50,
  0xe6, 0x0f, 0xd5, 0xef, 0xd5, 0x8d, 0xcd, 0x8d, 0xcd, 0x4b, 0xc5, 0x0b,
  0xc4, 0x89, 0xbc, 0x89, 0xbc, 0x07, 0xab, 0xa5, 0xb3, 0xc6, 0xb4, 0x07,
  0xb4, 0x07, 0xbc, 0x48, 0xbc, 0x68, 0xb4, 0x69, 0xbc, 0x69, 0xb4, 0x49,
  0xbc, 0x49, 0xb4, 0x49, 0xbc, 0x28, 0xb4, 0x48, 0xbc, 0x28, 0xb4, 0x08,
  0xbc, 0x27, 0xbc, 0x69, 0xc4, 0x69, 0xb4, 0x28, 0xb3, 0xe8, 0xb4, 0x09,
  0xbb, 0xe8, 0xb4, 0x09, 0xbb, 0xe8, 0xbc, 0x29, 0xbc, 0x08, 0xb4, 0x08,
  0xbc, 0x08, 0xc4, 0x49, 0xc4, 0x28, 0xc4, 0x49, 0xcc, 0x49, 0xd4, 0xcb,
  0xed, 0xf1, 0xed, 0xf1, 0xe6, 0x10, 0xe6, 0x51, 0xe6, 0x31, 0xe6, 0x52,
  0xe6, 0x10, 0xe6, 0x31, 0xe6, 0x0f, 0xe6, 0x50, 0xdd, 0xae, 0xc5, 0x0b,
  0xcc, 0xcb, 0xbc, 0x8a, 0xcc, 0x6a, 0xcc, 0xab, 0xd4, 0x6a, 0xcc, 0x8b,
  0xdc, 0x8a, 0xd4, 0x69, 0xdc, 0x27, 0xe4, 0x89, 0xe4, 0x66, 0xe4, 0x87,
  0xe3, 0x86, 0xba, 0x62, 0xb1, 0xe4, 0xa9, 0xc4, 0xa9, 0xc4, 0xa1, 0xe5,
  0xaa, 0x25, 0xba, 0xa7, 0xc2, 0xa5, 0xba, 0x85, 0xc2, 0x64, 0xc2, 0xa5,
  0xe3, 0x27, 0xdb, 0x06, 0xda, 0xc5, 0xdb, 0x06, 0xe3, 0x05, 0xd2, 0xe4,
  0xec, 0x48, 0xfd, 0x8d, 0xfd, 0x6b, 0xf5, 0x6b, 0xfd, 0x4a, 0xfd, 0x4a,
  0xfd, 0x6b, 0xfd, 0x6b, 0xfd, 0x4a, 0xf5, 0x29, 0xfc, 0xe9, 0xfc, 0xe9,
  0xec, 0xa9, 0xcb, 0xc6, 0xab, 0xe7, 0xa3, 0xa7, 0x8b, 0x45, 0x8b, 0x87,
  0x8b, 0x87, 0x83, 0x87, 0xbc, 0x69, 0xb4, 0x69, 0x9a, 0xe5, 0x82, 0x43,
  0x82, 0x84, 0x7a, 0x85, 0x6a, 0x03, 0x72, 0x85, 0x8b, 0x88, 0x83, 0x68,
  0x8b, 0xa8, 0x7b, 0x47, 0x8b, 0x67, 0x8b, 0x88, 0x72, 0xe5, 0x83, 0x88,
  0x93, 0xc9, 0x5a, 0x43, 0x72, 0xc5, 0x7b, 0x47, 0x83, 0x26, 0x7b, 0x26,
  0x7b, 0x26, 0x72, 0xe5, 0x6a, 0xc5, 0x6a, 0xe6, 0x83, 0x87, 0x94, 0x2a,
  0x83, 0x67, 0x5a, 0x63, 0x51, 0xc3, 0x49, 0xc3, 0x5a, 0x24, 0x6a, 0xc7,
  0x73, 0x26, 0x7b, 0x67, 0x83, 0x87, 0x83, 0xc8, 0x83, 0xa7, 0x83, 0xc8,
  0x8b, 0xc6, 0x83, 0xc7, 0x9c, 0x07, 0x94, 0x28, 0x93, 0xe7, 0x7b, 0x65,
  0x83, 0x67, 0x6a, 0xe5, 0x8b, 0xa7, 0xb5, 0x2d, 0xac, 0xea, 0xad, 0x0b,
  0xac, 0xea, 0xbd, 0x8d, 0xc5, 0x8e, 0xbd, 0x8e, 0xbd, 0x6d, 0xbd, 0x8e,
  0xbd, 0x6d, 0xbd, 0x8d, 0xc5, 0xae, 0xb5, 0x6d, 0xcd, 0xae, 0xde, 0x30,
  0xe6, 0x50, 0xe6, 0x71, 0xe6, 0x31, 0xe6, 0x31, 0xe6, 0x11, 0xde, 0x11,
  0xe6, 0x52, 0xde, 0x52, 0xe6, 0x31, 0xde, 0x52, 0xe6, 0x10, 0xe6, 0x31,
  0xe6, 0x10, 0xe6, 0x31, 0xe6, 0x31, 0xe6, 0x72, 0xe6, 0x94, 0xde, 0x53,
  0xdd, 0xf0, 0xde, 0x31, 0xe6, 0x10, 0xde, 0x31, 0xe6, 0x11, 0xe6, 0x31,
  0xe6, 0x52, 0xde, 0x11, 0xdd, 0xf0, 0xde, 0x31, 0xe6, 0x10, 0xde, 0x10,
  0xdd, 0xd0, 0xde, 0x11, 0xe6, 0x11, 0xde, 0x11, 0xdd, 0xf0, 0xdd, 0xf0,
  0xdd, 0xcf, 0xdd, 0xd0, 0xdd, 0xd0, 0xde, 0x11, 0xdd, 0xcf, 0xd5, 0xcf,
  0xde, 0x10, 0xdd, 0xef, 0xd5, 0xef, 0xe6, 0x0f, 0xd6, 0x0f, 0xde, 0x0f,
  0xde, 0x10, 0xde, 0x30, 0xde, 0x31, 0xe6, 0x31, 0xde, 0x31, 0xde, 0x10,
  0xde, 0x31, 0xe6, 0x52, 0xe6, 0x72, 0xe6, 0x51, 0xde, 0x51, 0xe6, 0x51,
  0xde, 0x52, 0xde, 0x31, 0xe6, 0x53, 0xe6, 0x52, 0xe6, 0x73, 0xe6, 0x12,
  0xe6, 0x73, 0xe6, 0x72, 0xe6, 0x51, 0xe6, 0x11, 0xde, 0x10, 0xdd, 0xce,
  0xd5, 0xae, 0xd5, 0x6d, 0xcd, 0x6d, 0xc4, 0xeb, 0xbc, 0xcb, 0xbc, 0x8a,
  0xbc, 0x6a, 0xbc, 0x29, 0xb3, 0xe8, 0xb3, 0xc7, 0xb3, 0xe8, 0xb3, 0xe7,
  0xab, 0xe8, 0xb4, 0x28, 0xb4, 0x69, 0xbc, 0x69, 0xbc, 0x6a, 0xb3, 0xe7,
  0xa3, 0xc7, 0xab, 0xc7, 0xb4, 0x08, 0xbb, 0xe7, 0xbc, 0x08, 0xc4, 0x07,
  0xcc, 0x89, 0xcc, 0x69, 0xbc, 0x29, 0xb3, 0xc8, 0xab, 0xe9, 0xb3, 0xc8,
  0xb4, 0x09, 0xbc, 0x09, 0xb3, 0xc8, 0xb3, 0xc7, 0xb3, 0xc7, 0xbb, 0xe7,
  0xbc, 0x29, 0xbb, 0xe7, 0xbc, 0x08, 0xc4, 0x29, 0xc4, 0x49, 0xc4, 0x08,
  0xcd, 0x2e, 0xed, 0xd0, 0xde, 0x10, 0xe6, 0x30, 0xde, 0x52, 0xe6, 0x31,
  0xde, 0x31, 0xe6, 0x11, 0xde, 0x51, 0xe6, 0x30, 0xcd, 0x8d, 0xbc, 0xca,
  0xbc, 0xab, 0xc4, 0xab, 0xc4, 0x6a, 0xcc, 0xab, 0xcc, 0x8b, 0xd4, 0x8a,
  0xd4, 0x8b, 0xd4, 0x49, 0xdc, 0x68, 0xe4, 0x89, 0xec, 0x88, 0xf4, 0x88,
  0xdc, 0x08, 0xcb, 0x45, 0xbb, 0x08, 0xc3, 0x07, 0xcb, 0xaa, 0xdc, 0x0b,
  0xdc, 0x6d, 0xe4, 0x6d, 0xd3, 0xaa, 0xd3, 0x68, 0xeb, 0xaa, 0xf3, 0xeb,
  0xf3, 0xeb, 0xfb, 0xea, 0xe3, 0xc9, 0xe3, 0x87, 0xe3, 0xa7, 0xf3, 0xe8,
  0xf5, 0x0b, 0xfd, 0x4c, 0xfd, 0x6b, 0xfd, 0x4b, 0xfd, 0x4b, 0xfd, 0x4a,
  0xfd, 0x8c, 0xfd, 0x6b, 0xfd, 0x4a, 0xfd, 0x2a, 0xfd, 0x0a, 0xfc, 0xc9,
  0xdc, 0xa9, 0xd4, 0x07, 0xa4, 0x08, 0x93, 0x45, 0x83, 0x66, 0x8b, 0x66,
  0x83, 0x88, 0x83, 0x47, 0x93, 0x87, 0x82, 0xe4, 0x7a, 0x64, 0x7a, 0x23,
  0x7a, 0xa6, 0x7a, 0x86, 0x62, 0x24, 0x7a, 0x85, 0x83, 0x48, 0x83, 0x27,
  0x8b, 0xc9, 0x7b, 0x06, 0x83, 0x46, 0x8b, 0x47, 0x6a, 0xc5, 0x93, 0xc9,
  0x7b, 0x48, 0x5a, 0x23, 0x62, 0x65, 0x72, 0xa6, 0x6a, 0x84, 0x6a, 0x64,
  0x6a, 0xa5, 0x6a, 0x84, 0x6a, 0xe6, 0x6a, 0xa5, 0x7b, 0x68, 0x83, 0x68,
  0x62, 0x85, 0x51, 0xc1, 0x49, 0xa3, 0x59, 0xe4, 0x62, 0x25, 0x72, 0x86,
  0x72, 0xe6, 0x7b, 0x26, 0x7b, 0x87, 0x83, 0xa7, 0x83, 0xa8, 0x83, 0xa7,
  0x83, 0x87, 0x83, 0x66, 0x8b, 0xc7, 0x9c, 0x28, 0x94, 0x08, 0x83, 0x44,
  0x6a, 0xe6, 0x73, 0x06, 0x7b, 0x67, 0xac, 0xad, 0x9c, 0x48, 0xa4, 0x69,
  0xa4, 0x89, 0xb4, 0xea, 0xbd, 0x6d, 0xb5, 0x2c, 0xb5, 0x6d, 0xb5, 0x4d,
  0xb5, 0x6d, 0xbd, 0x6d, 0xb5, 0x8e, 0xbd, 0x6e, 0xbd, 0x6e, 0xcd, 0xcf,
  0xde, 0x51, 0xe6, 0x51, 0xe6, 0x52, 0xe6, 0x11, 0xde, 0x31, 0xe6, 0x11,
  0xde, 0x32, 0xde, 0x31, 0xde, 0x31, 0xde, 0x31, 0xde, 0x11, 0xe6, 0x31,
  0xde, 0x31, 0xe6, 0x31, 0xde, 0x52, 0xe6, 0x52, 0xde, 0x74, 0xde, 0x53,
  0xd6, 0x12, 0xde, 0x11, 0xde, 0x31, 0xe6, 0x11, 0xde, 0x12, 0xe6, 0x12,
  0xe6, 0x53, 0xde, 0x12, 0xe6, 0x32, 0xdd, 0xf1, 0xdd, 0xf0, 0xdd, 0xcf,
  0xdd, 0xf0, 0xdd, 0xf0, 0xd5, 0xd0, 0xdd, 0xf0, 0xdd, 0xf1, 0xdd, 0xd0,
  0xdd, 0xf0, 0xdd, 0xcf, 0xdd, 0xd0, 0xdd, 0xd0, 0xd5, 0xf0, 0xd5, 0xaf,
  0xe6, 0x0f, 0xde, 0x10, 0xe6, 0x0f, 0xde, 0x2f, 0xe6, 0x0f, 0xde, 0x10,
  0xde, 0x10, 0xde, 0x31, 0xde, 0x11, 0xde, 0x52, 0xe6, 0x31, 0xde, 0x31,
  0xde, 0x31, 0xe6, 0x73, 0xe6, 0x51, 0xde, 0x51, 0xe6, 0x51, 0xde, 0x51,
  0xe6, 0x30, 0xde, 0x51, 0xe6, 0x31, 0xe6, 0x31, 0xe6, 0x31, 0xe6, 0x72,
  0xee, 0x93, 0xe6, 0x72, 0xee, 0x50, 0xde, 0x0f, 0xdd, 0xad, 0xd5, 0xad,
  0xd5, 0x6e, 0xcd, 0x6d, 0xc4, 0xca, 0xbc, 0xcb, 0xbc, 0x89, 0xb4, 0x49,
  0xbc, 0x28, 0xb4, 0x48, 0xbb, 0xe7, 0xb3, 0xe7, 0xab, 0xe8, 0xac, 0x08,
  0xb4, 0x6a, 0xb4, 0xab, 0xbc, 0xaa, 0xb4, 0x6a, 0xab, 0xc6, 0xab, 0xe7,
  0xc4, 0x69, 0xb4, 0x49, 0xbb, 0xc6, 0xb3, 0xe7, 0xc3, 0xe7, 0xc4, 0x07,
  0xc3, 0xc6, 0xbb, 0xc6, 0xbb, 0xc8, 0xab, 0xa7, 0xb3, 0xa7, 0xab, 0x87,
  0xb3, 0xa7, 0xb3, 0xc8, 0xb3, 0xc7, 0xab, 0xa7, 0xb3, 0x66, 0xb3, 0xa7,
  0xc4, 0x08, 0xbb, 0xc7, 0xbb, 0xa6, 0xbb, 0xe8, 0xb3, 0x45, 0xc4, 0x09,
  0xcc, 0xca, 0xe5, 0x8e, 0xe6, 0x0f, 0xdd, 0xef, 0xe6, 0x10, 0xe6, 0x31,
  0xe6, 0x51, 0xde, 0x71, 0xee, 0x31, 0xde, 0x31, 0xcd, 0x4b, 0xb4, 0x89,
  0xbc, 0x8a, 0xc4, 0xcb, 0xcc, 0x6a, 0xc4, 0x8b, 0xd4, 0x8a, 0xcc, 0x8b,
  0xdc, 0x8a, 0xd4, 0x6a, 0xdc, 0x68, 0xe4, 0xaa, 0xf4, 0x88, 0xec, 0x88,
  0xe4, 0xca, 0xe4, 0xcb, 0xdc, 0xac, 0xd4, 0x6c, 0xd4, 0x4a, 0xd4, 0x6b,
  0xe4, 0x6a, 0xdc, 0x4a, 0xec, 0x08, 0xe3, 0xe8, 0xf3, 0xc8, 0xf3, 0xe9,
  0xf3, 0xe9, 0xfc, 0x4b, 0xf4, 0x8a, 0xf4, 0xcb, 0xfc, 0xe9, 0xfd, 0x0a,
  0xfd, 0x09, 0xfd, 0x4a, 0xfd, 0x4a, 0xfd, 0x2a, 0xfd, 0x6a, 0xfd, 0x8b,
  0xfd, 0x8b, 0xfd, 0x8c, 0xfd, 0x6b, 0xfd, 0x4a, 0xfd, 0x09, 0xfd, 0x09,
  0xdc, 0xa8, 0xc4, 0x27, 0xa3, 0xe7, 0x83, 0x24, 0x83, 0x26, 0x83, 0x46,
  0x83, 0x46, 0x7b, 0x47, 0x83, 0x05, 0x72, 0xc4, 0x7a, 0x84, 0x72, 0x44,
  0x7a, 0xa5, 0x72, 0x85, 0x6a, 0x44, 0x7a, 0xe6, 0x7a, 0xe6, 0x7b, 0x27,
  0x8b, 0x87, 0x7b, 0x06, 0x93, 0x87, 0x8b, 0x46, 0x72, 0xa4, 0x8b, 0x88,
  0x6a, 0xc5, 0x6a, 0xc5, 0x62, 0x44, 0x62, 0x65, 0x6a, 0x64, 0x62, 0x44,
  0x62, 0x44, 0x6a, 0xa5, 0x6a, 0xc5, 0x62, 0xa5, 0x83, 0x26, 0x72, 0xc5,
  0x5a, 0x03, 0x49, 0xa2, 0x62, 0x04, 0x62, 0x46, 0x72, 0x44, 0x72, 0x65,
  0x7a, 0xc5, 0x83, 0x47, 0x83, 0x86, 0x83, 0xa7, 0x8b, 0xc7, 0x83, 0xc8,
  0x83, 0x87, 0x7b, 0x87, 0x9b, 0xe6, 0x9c, 0x28, 0xa4, 0x27, 0x83, 0x64,
  0x72, 0xe5, 0x7b, 0x46, 0x72, 0xc5, 0x8b, 0xa8, 0x93, 0xa6, 0x8b, 0xc7,
  0x9c, 0x48, 0xa4, 0xa9, 0xac, 0xeb, 0xad, 0x0b, 0xb5, 0x2c, 0xb5, 0x4d,
  0xb5, 0x4c, 0xad, 0x2c, 0xbd, 0x6d, 0xb5, 0x6e, 0xbd, 0x6e, 0xbd, 0x8f,
  0xd5, 0xf0, 0xde, 0x31, 0xe6, 0x31, 0xde, 0x31, 0xe6, 0x10, 0xde, 0x31,
  0xe6, 0x11, 0xde, 0x31, 0xde, 0x10, 0xde, 0x31, 0xe6, 0x31, 0xde, 0x32,
  0xe6, 0x11, 0xe6, 0x52, 0xe6, 0x32, 0xde, 0x52, 0xe6, 0x32, 0xe6, 0x73,
  0xe6, 0x32, 0xd6, 0x12, 0xdd, 0xd0, 0xdd, 0xf1, 0xe6, 0x10, 0xe6, 0x51,
  0xe6, 0x31, 0xde, 0x31, 0xe6, 0x31, 0xde, 0x10, 0xdd, 0xcf, 0xdd, 0xcf,
  0xdd, 0xce, 0xdd, 0xef, 0xdd, 0xce, 0xdd, 0xef, 0xe5, 0xf0, 0xdd, 0xcf,
  0xe5, 0xcf, 0xdd, 0xef, 0xe5, 0xcf, 0xdd, 0xcf, 0xdd, 0xae, 0xd5, 0xce,
  0xd5, 0xef, 0xde, 0x0f, 0xde, 0x0f, 0xdd, 0xee, 0xd6, 0x0f, 0xdd, 0xef,
  0xde, 0x31, 0xde, 0x31, 0xde, 0x52, 0xe6, 0x52, 0xde, 0x51, 0xde, 0x31,
  0xde, 0x52, 0xde, 0x31, 0xde, 0x52, 0xde, 0x31, 0xde, 0x52, 0xe6, 0x51,
  0xde, 0x51, 0xde, 0x30, 0xde, 0x10, 0xe6, 0x31, 0xde, 0x52, 0xee, 0x93,
  0xe6, 0x92, 0xde, 0x31, 0xde, 0x0f, 0xdd, 0xad, 0xd5, 0x6d, 0xd5, 0x4c,
  0xcd, 0x4d, 0xcd, 0x2c, 0xc4, 0xeb, 0xbc, 0x89, 0xb4, 0x29, 0xb4, 0x08,
  0xb4, 0x49, 0xab, 0xe8, 0xa3, 0xc8, 0xb4, 0x09, 0xb4, 0x6b, 0xb4, 0x6a,
  0xb4, 0x8b, 0xbc, 0xab, 0xbc, 0xab, 0xbc, 0x6a, 0xb4, 0x29, 0xbc, 0x49,
  0xc4, 0x69, 0xb3, 0xe6, 0xbb, 0xa7, 0xbb, 0xa6, 0xbb, 0x66, 0xb3, 0x25,
  0xab, 0x05, 0xbb, 0x25, 0xb3, 0x88, 0xb3, 0x87, 0xa3, 0x67, 0xa3, 0x46,
  0xa3, 0x88, 0xb3, 0xa8, 0xab, 0x87, 0xb3, 0x66, 0xab, 0x66, 0xb3, 0x66,
  0xc4, 0x09, 0xbb, 0xa7, 0xbb, 0xa8, 0xbb, 0x67, 0xab, 0x86, 0xcc, 0x49,
  0xcc, 0xeb, 0xd4, 0xeb, 0xd5, 0x6c, 0xed, 0xee, 0xdd, 0xcf, 0xe5, 0xee,
  0xde, 0x30, 0xe6, 0x51, 0xe6, 0x51, 0xde, 0x10, 0xc5, 0x2c, 0xac, 0x48,
  0xac, 0x6a, 0xc4, 0xeb, 0xc4, 0x8b, 0xc4, 0x8b, 0xcc, 0x8b, 0xcc, 0x6b,
  0xd4, 0xcb, 0xd4, 0x8b, 0xdc, 0x89, 0xe4, 0x89, 0xec, 0x89, 0xec, 0x47,
  0xdc, 0xab, 0xe4, 0xab, 0xd4, 0xce, 0xd4, 0x8d, 0xdc, 0xcd, 0xd4, 0x4b,
  0xd4, 0x29, 0xd4, 0x09, 0xec, 0x29, 0xec, 0x28, 0xf4, 0x6a, 0xf4, 0x69,
  0xf4, 0xab, 0xfc, 0xcb, 0xf5, 0x4c, 0xfd, 0x8d, 0xf5, 0x6b, 0xf5, 0x2a,
  0xfd, 0x29, 0xfd, 0x29, 0xfd, 0x2a, 0xfd, 0x4a, 0xfd, 0x6b, 0xfd, 0x8b,
  0xfd, 0x8b, 0xfd, 0x6b, 0xfd, 0x6b, 0xfd, 0x2a, 0xf5, 0x09, 0xfc, 0xe9,
  0xc4, 0x68, 0xc4, 0x27, 0x9b, 0xe8, 0x7a, 0xa3, 0x7b, 0x47, 0x83, 0x67,
  0x83, 0x67, 0x83, 0x05, 0x7a, 0xe6, 0x7a, 0xc5, 0x72, 0x45, 0x72, 0x44,
  0x72, 0x65, 0x72, 0x44, 0x6a, 0x45, 0x7a, 0xa6, 0x72, 0xc6, 0x7a, 0xe6,
  0x7a, 0xe6, 0x83, 0x06, 0x93, 0x88, 0x8a, 0xe5, 0x72, 0xc5, 0x83, 0x06,
  0x5a, 0x64, 0x62, 0x44, 0x62, 0x45, 0x6a, 0x44, 0x62, 0x65, 0x62, 0x24,
  0x5a, 0x44, 0x72, 0xa6, 0x62, 0xa5, 0x72, 0xc5, 0x72, 0xc6, 0x6a, 0x43,
  0x51, 0xc4, 0x59, 0xe4, 0x6a, 0x45, 0x6a, 0x24, 0x72, 0x65, 0x72, 0x44,
  0x72, 0xc6, 0x8b, 0x27, 0x83, 0x87, 0x83, 0x66, 0x83, 0x87, 0x83, 0x87,
  0x83, 0x87, 0x83, 0x66, 0x93, 0xe7, 0xa4, 0x28, 0xa4, 0x68, 0x93, 0x85,
  0x7b, 0x26, 0x7b, 0x05, 0x5a, 0x44, 0x6a, 0xa5, 0x83, 0x67, 0x8b, 0x87,
  0x8b, 0xc7, 0x9c, 0x08, 0xa4, 0x8a, 0xb4, 0xcb, 0xad, 0x2d, 0xb5, 0x2c,
  0xad, 0x2d, 0xac, 0xeb, 0xad, 0x2d, 0xb5, 0x2d, 0xbd, 0x8f, 0xbd, 0x6e,
  0xbd, 0x6f, 0xcd, 0xf0, 0xde, 0x10, 0xde, 0x10, 0xe6, 0x52, 0xe6, 0x11,
  0xe6, 0x32, 0xe6, 0x11, 0xde, 0x32, 0xe6, 0x11, 0xde, 0x32, 0xe6, 0x32,
  0xde, 0x31, 0xe6, 0x31, 0xe6, 0x52, 0xe6, 0x32, 0xde, 0x53, 0xe6, 0x32,
  0xde, 0x53, 0xe6, 0x53, 0xde, 0x32, 0xdd, 0xf1, 0xd5, 0xf0, 0xe6, 0x10,
  0xe6, 0x31, 0xe5, 0xf0, 0xde, 0x11, 0xe6, 0x10, 0xd5, 0xcf, 0xdd, 0xcf,
  0xde, 0x10, 0xdd, 0xcf, 0xd5, 0xcf, 0xdd, 0xef, 0xd5, 0xf0, 0xdd, 0xef,
  0xd5, 0xd0, 0xdd, 0xcf, 0xdd, 0xcf, 0xdd, 0xae, 0xd5, 0xaf, 0xdd, 0xaf,
  0xde, 0x0f, 0xde, 0x0f, 0xdd, 0xee, 0xd5, 0xee, 0xde, 0x0f, 0xde, 0x0f,
  0xde, 0x30, 0xde, 0x51, 0xe6, 0x51, 0xde, 0x51, 0xde, 0x10, 0xde, 0x30,
  0xe6, 0x30, 0xde, 0x50, 0xe6, 0x50, 0xe6, 0x71, 0xe6, 0x51, 0xde, 0x51,
  0xe6, 0x0f, 0xde, 0x30, 0xe6, 0x10, 0xe6, 0x51, 0xe6, 0x71, 0xe6, 0x72,
  0xee, 0x4f, 0xde, 0x0f, 0xdd, 0xac, 0xcd, 0x6b, 0xd5, 0x2c, 0xcd, 0x2c,
  0xcc, 0xeb, 0xc5, 0x0b, 0xc4, 0xaa, 0xb4, 0x49, 0xbc, 0x6a, 0xbc, 0x8b,
  0xb4, 0x29, 0xac, 0x09, 0xbc, 0x6a, 0xbc, 0xac, 0xc4, 0xcb, 0xbd, 0x0c,
  0xbc, 0x8a, 0xb4, 0x6a, 0xb4, 0x49, 0xbc, 0x8b, 0xc4, 0x8a, 0xb4, 0x49,
  0xc4, 0x27, 0xbc, 0x07, 0xc3, 0xc7, 0xbb, 0xe7, 0xc3, 0x86, 0xbb, 0x87,
  0xb3, 0x04, 0xab, 0x04, 0xb3, 0x25, 0xb3, 0x46, 0xab, 0x46, 0xb3, 0xa8,
  0xab, 0x67, 0xa3, 0x67, 0xb3, 0x66, 0xb3, 0xa7, 0xb3, 0x65, 0xb3, 0xa6,
  0xbb, 0x86, 0xb3, 0xa6, 0xbb, 0x86, 0xb3, 0x66, 0xbb, 0x87, 0xc4, 0x09,
  0xc4, 0x69, 0xcc, 0xca, 0xd5, 0x0b, 0xd5, 0x4c, 0xe5, 0xce, 0xdd, 0xce,
  0xde, 0x0f, 0xe6, 0x30, 0xe6, 0x30, 0xe6, 0x51, 0xc4, 0xea, 0xa4, 0x28,
  0xab, 0xe8, 0xc4, 0xcb, 0xcc, 0xcb, 0xc4, 0xab, 0xd4, 0xab, 0xcc, 0x8b,
  0xdc, 0xcb, 0xd4, 0xaa, 0xe4, 0xa9, 0xe4, 0xca, 0xf4, 0x67, 0xec, 0x68,
  0xdc, 0x69, 0xdc, 0xaa, 0xd4, 0x8b, 0xd4, 0xab, 0xd4, 0x8a, 0xd4, 0xab,
  0xe4, 0xa9, 0xed, 0x0b, 0xfd, 0x0a, 0xf4, 0xea, 0xfd, 0x0a, 0xfd, 0x4b,
  0xfd, 0x4b, 0xfd, 0x6c, 0xfd, 0xac, 0xfd, 0xee, 0xfd, 0xcc, 0xf5, 0x8b,
  0xfd, 0x4a, 0xfd, 0x6a, 0xfd, 0x49, 0xfd, 0x8b, 0xfd, 0x8b, 0xfd, 0x8b,
  0xfd, 0x6a, 0xfd, 0x8b, 0xfd, 0x49, 0xfd, 0x49, 0xfd, 0x0a, 0xf4, 0xea,
  0xc4, 0x68, 0xbc, 0x88, 0xac, 0x49, 0x72, 0xa3, 0x83, 0x46, 0x7b, 0x46,
  0x8b, 0x66, 0x83, 0x26, 0x7a, 0xc4, 0x72, 0xa4, 0x72, 0x24, 0x72, 0x64,
  0x72, 0x65, 0x72, 0x65, 0x72, 0x85, 0x6a, 0x65, 0x72, 0x85, 0x7a, 0xc6,
  0x82, 0xc4, 0x83, 0x06, 0x93, 0x25, 0x82, 0xe5, 0x7a, 0xe5, 0x72, 0xe6,
  0x62, 0x64, 0x5a, 0x44, 0x6a, 0x24, 0x62, 0x44, 0x6a, 0x24, 0x62, 0x24,
  0x62, 0x44, 0x72, 0xc6, 0x72, 0xa4, 0x73, 0x06, 0x72, 0xa4, 0x62, 0x43,
  0x59, 0xc3, 0x6a, 0x45, 0x7a, 0x64, 0x72, 0x44, 0x7a, 0x64, 0x7a, 0xa5,
  0x82, 0xe5, 0x83, 0x47, 0x83, 0x66, 0x7b, 0x46, 0x8b, 0x86, 0x83, 0xa7,
  0x8b, 0x66, 0x83, 0x66, 0x93, 0x85, 0xa4, 0x48, 0xac, 0x27, 0xa4, 0x07,
  0x8b, 0x66, 0x73, 0x05, 0x5a, 0x03, 0x62, 0x85, 0x83, 0x26, 0x83, 0x47,
  0x8b, 0x86, 0x8b, 0xa7, 0x9c, 0x08, 0xa4, 0x8a, 0xb5, 0x2c, 0xad, 0x0c,
  0xa4, 0xcb, 0x9c, 0xaa, 0xb4, 0xeb, 0xb5, 0x2c, 0xbd, 0x4d, 0xbd, 0x6e,
  0xb5, 0x6d, 0xbd, 0xaf, 0xd5, 0xef, 0xde, 0x31, 0xe6, 0x31, 0xe6, 0x51,
  0xee, 0x72, 0xe6, 0x52, 0xde, 0x11, 0xde, 0x32, 0xe6, 0x31, 0xde, 0x31,
  0xe6, 0x31, 0xde, 0x31, 0xe6, 0x31, 0xde, 0x31, 0xe6, 0x72, 0xe6, 0x73,
  0xe6, 0x53, 0xd6, 0x32, 0xe6, 0x31, 0xde, 0x52, 0xe6, 0x31, 0xd5, 0xf0,
  0xe5, 0xcf, 0xdd, 0xf0, 0xe6, 0x10, 0xdd, 0xf0, 0xdd, 0xcf, 0xdd, 0xef,
  0xdd, 0xcf, 0xde, 0x10, 0xdd, 0xae, 0xdd, 0xcf, 0xe6, 0x30, 0xe6, 0x51,
  0xe5, 0xf0, 0xdd, 0xf0, 0xe5, 0xef, 0xd5, 0xae, 0xdd, 0x8e, 0xdd, 0xf0,
  0xde, 0x30, 0xd5, 0xce, 0xd5, 0xee, 0xdd, 0xee, 0xd6, 0x0f, 0xde, 0x0f,
  0xde, 0x11, 0xe6, 0x31, 0xde, 0x52, 0xdd, 0xf0, 0xd6, 0x10, 0xe6, 0x30,
  0xde, 0x10, 0xdd, 0xcf, 0xde, 0x51, 0xe6, 0x30, 0xde, 0x31, 0xe6, 0x30,
  0xde, 0x30, 0xe6, 0x10, 0xde, 0x52, 0xe6, 0x51, 0xde, 0x51, 0xde, 0x10,
  0xe6, 0x0f, 0xd5, 0x6c, 0xcd, 0x4b, 0xd5, 0x2b, 0xc5, 0x0c, 0xcd, 0x2c,
  0xc5, 0x2d, 0xc4, 0xab, 0xb4, 0x6b, 0xbc, 0x8b, 0xbc, 0xcd, 0xbc, 0xac,
  0xb4, 0x8b, 0xbc, 0x6a, 0xbc, 0xac, 0xcd, 0x0d, 0xcd, 0x6f, 0xcd, 0x2d,
  0xbc, 0xcc, 0xac, 0x09, 0xac, 0x09, 0xc4, 0x6a, 0xcc, 0xec, 0xcc, 0xcb,
  0xcc, 0xcb, 0xd4, 0xeb, 0xd4, 0xeb, 0xd4, 0xcb, 0xd4, 0xcb, 0xd4, 0xaa,
  0xc4, 0x08, 0xbb, 0x86, 0xab, 0x26, 0xab, 0x05, 0xab, 0x46, 0xb3, 0x67,
  0xb3, 0x68, 0xa2, 0xe5, 0xab, 0x26, 0xb3, 0x47, 0xb3, 0x46, 0xc3, 0xa7,
  0xc3, 0xe7, 0xc3, 0xc6, 0xc3, 0xc7, 0xbb, 0x86, 0xbb, 0xc8, 0xc3, 0xe9,
  0xc4, 0x6a, 0xc4, 0x69, 0xcc, 0xeb, 0xd5, 0x2c, 0xdd, 0xcf, 0xe5, 0xce,
  0xd5, 0xef, 0xe6, 0x30, 0xe6, 0x31, 0xe5, 0xf0, 0xb4, 0xeb, 0x9b, 0xc6,
  0x93, 0x66, 0xac, 0x29, 0xcd, 0x0d, 0xc4, 0xab, 0xc4, 0xab, 0xcc, 0x8b,
  0xcc, 0x6a, 0xd4, 0x8a, 0xdc, 0x69, 0xdc, 0x68, 0xe4, 0x89, 0xe4, 0x47,
  0xd4, 0xaa, 0xd4, 0x89, 0xd4, 0x8a, 0xd4, 0x8a, 0xd4, 0x8a, 0xdc, 0xaa,
  0xe4, 0xca, 0xf5, 0x0b, 0xf5, 0x2a, 0xfd, 0x29, 0xf5, 0x8c, 0xfd, 0x8b,
  0xf5, 0xac, 0xf5, 0xac, 0xf5, 0xcd, 0xfd, 0xec, 0xf5, 0xcc, 0xf5, 0x8b,
  0xfd, 0x6c, 0xfd, 0x8c, 0xfd, 0x6b, 0xfd, 0x6a, 0xfd, 0x8b, 0xfd, 0x8b,
  0xfd, 0x8c, 0xfd, 0x6b, 0xfd, 0x4a, 0xfd, 0x4a, 0xf5, 0x2c, 0xe4, 0x68,
  0xac, 0x68, 0xb4, 0x88, 0xb4, 0xab, 0x7a, 0xc3, 0x83, 0x67, 0x83, 0x46,
  0x83, 0x46, 0x83, 0x05, 0x82, 0xe6, 0x7a, 0x84, 0x6a, 0x44, 0x72, 0x44,
  0x7a, 0xc7, 0x72, 0x65, 0x6a, 0x86, 0x62, 0x24, 0x72, 0xa6, 0x72, 0x85,
  0x7a, 0x85, 0x82, 0xc5, 0x8b, 0x26, 0x82, 0x84, 0x72, 0xe6, 0x6a, 0x84,
  0x5a, 0x45, 0x62, 0x24, 0x62, 0x45, 0x6a, 0x44, 0x62, 0x25, 0x62, 0x04,
  0x62, 0x85, 0x72, 0xc6, 0x6a, 0xa5, 0x7a, 0xe6, 0x72, 0xa6, 0x62, 0x03,
  0x62, 0x25, 0x72, 0x65, 0x72, 0x85, 0x7a, 0xa5, 0x7a, 0xc5, 0x82, 0xe6,
  0x83, 0x47, 0x83, 0x26, 0x7b, 0x67, 0x83, 0x66, 0x83, 0xa7, 0x83, 0x66,
  0x8b, 0xa7, 0x8b, 0x66, 0x83, 0x45, 0x9b, 0xc7, 0xa4, 0x27, 0xac, 0x27,
  0x83, 0x86, 0x7a, 0xe4, 0x5a, 0x24, 0x62, 0x65, 0x7b, 0x27, 0x8b, 0x47,
  0x7b, 0x45, 0x83, 0x66, 0x94, 0x29, 0xa4, 0x49, 0xa4, 0xeb, 0xac, 0xeb,
  0xa4, 0xab, 0x9c, 0x49, 0x9c, 0x8a, 0xb5, 0x0c, 0xb5, 0x4d, 0xb5, 0x2d,
  0xb5, 0x6e, 0xb5, 0x4e, 0xbd, 0x8f, 0xcd, 0xcf, 0xde, 0x10, 0xe6, 0x51,
  0xde, 0x52, 0xe6, 0x31, 0xde, 0x32, 0xde, 0x31, 0xde, 0x32, 0xde, 0x11,
  0xde, 0x11, 0xe6, 0x11, 0xde, 0x11, 0xe6, 0x11, 0xde, 0x32, 0xe6, 0x32,
  0xde, 0x53, 0xe6, 0x52, 0xd6, 0x12, 0xde, 0x11, 0xd6, 0x11, 0xe6, 0x31,
  0xdd, 0xf0, 0xdd, 0xd0, 0xde, 0x11, 0xe6, 0x10, 0xdd, 0xf0, 0xdd, 0xd0,
  0xd5, 0xd0, 0xdd, 0xaf, 0xd5, 0xd0, 0xdd, 0xcf, 0xde, 0x31, 0xe6, 0x31,
  0xde, 0x12, 0xd5, 0xd0, 0xdd, 0xf0, 0xdd, 0xd0, 0xd5, 0xaf, 0xdd, 0xaf,
  0xe6, 0x0f, 0xde, 0x0f, 0xdd, 0xee, 0xde, 0x0f, 0xdd, 0xef, 0xde, 0x0f,
  0xde, 0x10, 0xde, 0x31, 0xe6, 0x30, 0xde, 0x51, 0xde, 0x0f, 0xde, 0x50,
  0xe6, 0x30, 0xde, 0x10, 0xe6, 0x10, 0xe6, 0x31, 0xe6, 0x31, 0xde, 0x31,
  0xdd, 0xef, 0xde, 0x10, 0xe6, 0x31, 0xe6, 0x51, 0xe6, 0x30, 0xd5, 0xcf,
  0xd5, 0x4c, 0xd5, 0x4c, 0xcd, 0x0b, 0xcd, 0x2c, 0xcd, 0x4c, 0xcd, 0x4c,
  0xc4, 0xeb, 0xbc, 0xec, 0xbc, 0xab, 0xc5, 0x0d, 0xc4, 0xed, 0xbc, 0xed,
  0xb4, 0x6a, 0xb4, 0x8b, 0xc4, 0xec, 0xc4, 0xec, 0xcd, 0x0d, 0xc5, 0x4e,
  0xc4, 0x6a, 0xb4, 0x29, 0xbc, 0x28, 0xc4, 0xab, 0xd5, 0x2c, 0xdd, 0x6e,
  0xe5, 0x8d, 0xdd, 0x6d, 0xdd, 0x6d, 0xd5, 0x6d, 0xe5, 0x6d, 0xd5, 0x0c,
  0xdc, 0xeb, 0xcc, 0xaa, 0xcc, 0x69, 0xc4, 0x49, 0xbb, 0xc7, 0xab, 0x66,
  0xb2, 0xe5, 0xaa, 0xe5, 0xb2, 0xe5, 0xb2, 0xe5, 0xb2, 0xe5, 0xc3, 0x87,
  0xd4, 0x07, 0xd4, 0x48, 0xc3, 0xa6, 0xbb, 0x85, 0xbb, 0x87, 0xc4, 0x09,
  0xd4, 0xaa, 0xcc, 0xaa, 0xcc, 0xaa, 0xdd, 0x8d, 0xe5, 0xae, 0xe5, 0xef,
  0xe5, 0xef, 0xe6, 0x30, 0xee, 0x30, 0xde, 0x10, 0xcd, 0x2b, 0xa4, 0x28,
  0x9b, 0x86, 0x8b, 0x45, 0xcc, 0xcb, 0xcd, 0x0c, 0xcc, 0xab, 0xc4, 0xcb,
  0xcc, 0x69, 0xd4, 0xab, 0xdc, 0x89, 0xdc, 0x89, 0xe4, 0x68, 0xdc, 0x88,
  0xe4, 0xea, 0xd4, 0xa9, 0xd4, 0x89, 0xd4, 0xaa, 0xe4, 0xa9, 0xe4, 0xeb,
  0xf5, 0x0a, 0xf5, 0x4b, 0xfd, 0x4b, 0xfd, 0x8c, 0xfd, 0xcc, 0xfd, 0xcd,
  0xfe, 0x0d, 0xf5, 0xed, 0xfd, 0xed, 0xfd, 0xed, 0xfd, 0xcd, 0xf5, 0xac,
  0xfd, 0xac, 0xfd, 0xac, 0xfd, 0xab, 0xfd, 0x8b, 0xfd, 0xab, 0xfd, 0xcc,
  0xfd, 0xac, 0xf5, 0x4b, 0xfd, 0x4a, 0xfd, 0x4a, 0xe4, 0xea, 0xc4, 0x27,
  0xac, 0x88, 0xac, 0xa9, 0xbc, 0x8a, 0x8b, 0x66, 0x8b, 0x87, 0x83, 0x46,
  0x83, 0x25, 0x83, 0x46, 0x8b, 0x05, 0x7a, 0xa4, 0x72, 0x44, 0x6a, 0x44,
  0x72, 0x85, 0x72, 0xa5, 0x6a, 0x44, 0x62, 0x65, 0x7a, 0xa5, 0x7a, 0xc6,
  0x7a, 0x84, 0x8b, 0x06, 0x8b, 0x05, 0x7a, 0x84, 0x7a, 0xe6, 0x62, 0x85,
  0x62, 0x44, 0x62, 0x44, 0x62, 0x04, 0x62, 0x24, 0x62, 0x24, 0x5a, 0x04,
  0x72, 0x85, 0x6a, 0xa5, 0x7a, 0xe5, 0x83, 0x06, 0x7a, 0x85, 0x62, 0x03,
  0x72, 0x44, 0x7a, 0x86, 0x82, 0xc5, 0x83, 0x06, 0x8b, 0x05, 0x83, 0x26,
  0x8b, 0x46, 0x83, 0x46, 0x8b, 0x66, 0x8b, 0x86, 0x8b, 0x86, 0x83, 0x86,
  0x8b, 0x65, 0x83, 0x66, 0x83, 0x45, 0x8b, 0xc7, 0xac, 0x06, 0xa4, 0x07,
  0x93, 0x85, 0x6a, 0xa2, 0x5a, 0x23, 0x62, 0x44, 0x83, 0x06, 0x8b, 0x88,
  0x83, 0x45, 0x8b, 0xa7, 0x9c, 0x28, 0x9c, 0x48, 0xac, 0xa9, 0xac, 0xeb,
  0xb4, 0xca, 0xa4, 0x69, 0x9c, 0x28, 0xa4, 0xaa, 0xb5, 0x2c, 0xb5, 0x4d,
  0xbd, 0x6d, 0xb5, 0x6e, 0xb5, 0x4d, 0xb5, 0x6e, 0xd5, 0xef, 0xde, 0x51,
  0xe6, 0x31, 0xe6, 0x72, 0xe6, 0x52, 0xe6, 0x72, 0xe6, 0x31, 0xde, 0x52,
  0xe6, 0x11, 0xde, 0x32, 0xe6, 0x31, 0xde, 0x31, 0xe6, 0x31, 0xde, 0x52,
  0xe6, 0x52, 0xde, 0x31, 0xde, 0x11, 0xe6, 0x52, 0xe6, 0x31, 0xde, 0x11,
  0xdd, 0xef, 0xde, 0x10, 0xdd, 0xef, 0xdd, 0xf0, 0xe6, 0x11, 0xde, 0x11,
  0xe5, 0xf0, 0xdd, 0xf0, 0xe5, 0xef, 0xdd, 0xf0, 0xdd, 0xf0, 0xde, 0x11,
  0xe6, 0x11, 0xd5, 0xf1, 0xe6, 0x11, 0xde, 0x11, 0xdd, 0xcf, 0xd5, 0xcf,
  0xd5, 0xef, 0xdd, 0xef, 0xd5, 0xef, 0xdd, 0xef, 0xdd, 0xf0, 0xdd, 0xef,
  0xd5, 0xf0, 0xde, 0x10, 0xde, 0x51, 0xde, 0x10, 0xde, 0x30, 0xde, 0x10,
  0xde, 0x10, 0xe6, 0x30, 0xde, 0x31, 0xe6, 0x30, 0xde, 0x31, 0xe6, 0x31,
  0xd5, 0xf0, 0xde, 0x10, 0xde, 0x30, 0xe6, 0x30, 0xd5, 0xae, 0xcd, 0x4c,
  0xd5, 0x6d, 0xd5, 0x2c, 0xc4, 0xec, 0xcd, 0x0c, 0xcd, 0x2d, 0xc4, 0xcb,
  0xbd, 0x0d, 0xc5, 0x0d, 0xbc, 0xed, 0xc5, 0x0d, 0xc5, 0x2e, 0xc5, 0x0d,
  0xb4, 0x6b, 0xc4, 0xcc, 0xbc, 0xcc, 0xcd, 0x2d, 0xc5, 0x0d, 0xc4, 0xec,
  0xbc, 0x8b, 0xb4, 0x29, 0xbc, 0x29, 0xc4, 0x6a, 0xd5, 0x2d, 0xdd, 0x6e,
  0xdd, 0x8e, 0xe5, 0x8e, 0xdd, 0x8f, 0xdd, 0x6e, 0xdd, 0x8e, 0xd5, 0x2d,
  0xd5, 0x2c, 0xd5, 0x0c, 0xd5, 0x0c, 0xd4, 0xcb, 0xd5, 0x2d, 0xcc, 0xaa,
  0xbb, 0xc8, 0xb3, 0x46, 0xb3, 0x27, 0xb2, 0xe5, 0xaa, 0xe5, 0xbb, 0x05,
  0xc3, 0x87, 0xbb, 0x46, 0xb3, 0x25, 0xc3, 0x87, 0xb3, 0x67, 0xbb, 0x87,
  0xcc, 0x8a, 0xcc, 0x8a, 0xd5, 0x2b, 0xe5, 0x8d, 0xdd, 0xad, 0xe5, 0xae,
  0xe6, 0x0f, 0xe6, 0x0f, 0xe6, 0x30, 0xee, 0x30, 0xdd, 0xef, 0xb4, 0x89,
  0x9b, 0xc7, 0x93, 0x45, 0xab, 0xe9, 0xd4, 0xed, 0xcc, 0xed, 0xc4, 0xac,
  0xcc, 0xab, 0xd4, 0x8b, 0xd4, 0xcb, 0xd4, 0x8a, 0xd4, 0x69, 0xdc, 0x89,
  0xd4, 0x89, 0xd4, 0x48, 0xd4, 0x89, 0xd4, 0x89, 0xe4, 0xeb, 0xec, 0xca,
  0xed, 0x2c, 0xf5, 0x6c, 0xed, 0x4c, 0xf5, 0x4c, 0xed, 0x6c, 0xf5, 0x4b,
  0xf5, 0xad, 0xfd, 0xed, 0xf5, 0xcc, 0xfd, 0xcb, 0xfd, 0xac, 0xfd, 0x8b,
  0xf5, 0xac, 0xfd, 0xcc, 0xfd, 0xcc, 0xfd, 0x8b, 0xfd, 0xab, 0xfd, 0xcb,
  0xfd, 0x8b, 0xfd, 0x6b, 0xfd, 0x4b, 0xfd, 0x4a, 0xbc, 0x89, 0xbc, 0x27,
  0xb4, 0xca, 0xb4, 0xa9, 0xac, 0x6a, 0x8b, 0x05, 0x93, 0xa8, 0x83, 0x26,
  0x83, 0x25, 0x8b, 0x66, 0x83, 0x26, 0x7a, 0xa4, 0x6a, 0x44, 0x72, 0x64,
  0x72, 0xc6, 0x72, 0x85, 0x62, 0x25, 0x6a, 0x45, 0x72, 0x85, 0x82, 0xa6,
  0x7a, 0xa5, 0x8a, 0xe6, 0x7a, 0xe6, 0x72, 0x84, 0x72, 0xe7, 0x62, 0x44,
  0x6a, 0x65, 0x6a, 0x44, 0x62, 0x25, 0x62, 0x04, 0x5a, 0x24, 0x62, 0x04,
  0x72, 0xc6, 0x72, 0xa6, 0x7b, 0x06, 0x83, 0x06, 0x6a, 0x24, 0x6a, 0x03,
  0x72, 0x45, 0x82, 0x86, 0x82, 0xc5, 0x93, 0x26, 0x8b, 0x46, 0x8b, 0x45,
  0x93, 0x87, 0x93, 0x66, 0x8b, 0x87, 0x8b, 0x66, 0x8b, 0xa7, 0x8b, 0x86,
  0x83, 0x66, 0x8b, 0x86, 0x83, 0x66, 0x93, 0xa7, 0xa4, 0x07, 0xac, 0x07,
  0x93, 0xa6, 0x72, 0x82, 0x5a, 0x45, 0x62, 0x45, 0x72, 0xc5, 0x93, 0x88,
  0x8b, 0xa6, 0x93, 0xc6, 0x9c, 0x28, 0xa4, 0x28, 0xa4, 0x8a, 0xb4, 0xeb,
  0xb4, 0xeb, 0xac, 0x69, 0x94, 0x48, 0xa4, 0xa9, 0xa4, 0xcb, 0xb5, 0x0c,
  0xb5, 0x6e, 0xbd, 0x4e, 0xad, 0x4f, 0xb5, 0x6f, 0xbd, 0x90, 0xd6, 0x11,
  0xde, 0x32, 0xe6, 0x31, 0xde, 0x32, 0xe6, 0x32, 0xe6, 0x73, 0xe6, 0x52,
  0xde, 0x32, 0xde, 0x31, 0xde, 0x32, 0xde, 0x11, 0xde, 0x32, 0xde, 0x11,
  0xde, 0x11, 0xe6, 0x11, 0xde, 0x31, 0xdd, 0xf1, 0xde, 0x32, 0xe6, 0x31,
  0xde, 0x11, 0xde, 0x10, 0xde, 0x11, 0xdd, 0xd0, 0xdd, 0xf1, 0xdd, 0xd0,
  0xdd, 0xf0, 0xe5, 0xf0, 0xde, 0x10, 0xe6, 0x10, 0xde, 0x11, 0xe6, 0x31,
  0xde, 0x52, 0xe6, 0x32, 0xde, 0x32, 0xdd, 0xf1, 0xd5, 0xd0, 0xd5, 0xaf,
  0xdd, 0xee, 0xde, 0x0f, 0xdd, 0xee, 0xd6, 0x0f, 0xdd, 0xcf, 0xde, 0x10,
  0xdd, 0xef, 0xde, 0x10, 0xe6, 0x30, 0xde, 0x30, 0xe6, 0x0f, 0xde, 0x0f,
  0xe6, 0x0f, 0xde, 0x2f, 0xe6, 0x2f, 0xde, 0x2f, 0xde, 0x2f, 0xde, 0x50,
  0xde, 0x2f, 0xde, 0x50, 0xe6, 0x0e, 0xdd, 0xee, 0xdd, 0x8c, 0xd5, 0x8c,
  0xd5, 0x2b, 0xcd, 0x2b, 0xcd, 0x0b, 0xcd, 0x0b, 0xcc, 0xeb, 0xc4, 0xec,
  0xc4, 0xec, 0xc5, 0x2d, 0xc4, 0xec, 0xbd, 0x0d, 0xc5, 0x0c, 0xb4, 0xcc,
  0xbc, 0xab, 0xc5, 0x2d, 0xcd, 0x0c, 0xcd, 0x2d, 0xcd, 0x0d, 0xc5, 0x0d,
  0xc4, 0x8a, 0xb4, 0x69, 0xc4, 0x69, 0xbc, 0x6a, 0xd5, 0x2c, 0xd5, 0x4d,
  0xe5, 0x8e, 0xe5, 0xaf, 0xed, 0xcf, 0xe5, 0xcf, 0xe5, 0x6e, 0xdd, 0x8e,
  0xdd, 0x6d, 0xd5, 0x6d, 0xd5, 0x2d, 0xd5, 0x2d, 0xdd, 0x4c, 0xd5, 0x2c,
  0xdd, 0x0c, 0xd4, 0xeb, 0xdc, 0xcc, 0xcc, 0x6a, 0xbb, 0xa7, 0xab, 0x66,
  0xaa, 0xc4, 0xb3, 0x26, 0xbb, 0x05, 0xcb, 0xa8, 0xc3, 0xa7, 0xc4, 0x08,
  0xd4, 0xaa, 0xd4, 0xcb, 0xd4, 0xca, 0xd5, 0x0b, 0xd5, 0x4b, 0xdd, 0xcd,
  0xe5, 0xee, 0xe6, 0x0f, 0xe6, 0x0e, 0xdd, 0xce, 0xd5, 0x6c, 0xb4, 0xa9,
  0xb4, 0x28, 0x9b, 0x86, 0x92, 0xe5, 0xb4, 0x4a, 0xd5, 0x0d, 0xcd, 0x0d,
  0xcc, 0xcb, 0xcc, 0xcb, 0xd4, 0xaa, 0xcc, 0xaa, 0xd4, 0x89, 0xd4, 0xaa,
  0xd4, 0x89, 0xcc, 0x48, 0xdc, 0x69, 0xdc, 0xca, 0xe4, 0xa9, 0xe4, 0xea,
  0xe4, 0xca, 0xdc, 0xca, 0xdc, 0x68, 0xdc, 0xa9, 0xdc, 0x87, 0xdc, 0xa8,
  0xe4, 0xe8, 0xed, 0x09, 0xf5, 0x89, 0xfd, 0xcb, 0xfd, 0x8a, 0xfd, 0xab,
  0xfd, 0xab, 0xfd, 0xcc, 0xfd, 0xeb, 0xfd, 0xcb, 0xfd, 0xcb, 0xfd, 0xab,
  0xfd, 0x8a, 0xfd, 0x8b, 0xfd, 0x4a, 0xe4, 0xe9, 0xb4, 0x67, 0xac, 0x68,
  0xb4, 0xa9, 0xac, 0xa9, 0xa3, 0xc7, 0x72, 0x83, 0x9b, 0xa8, 0x8b, 0x67,
  0x83, 0x45, 0x8b, 0x86, 0x8b, 0x26, 0x72, 0xa4, 0x72, 0x64, 0x7a, 0xc6,
  0x7b, 0x06, 0x72, 0xe6, 0x6a, 0x24, 0x6a, 0x65, 0x7a, 0x64, 0x7a, 0x85,
  0x7a, 0xa4, 0x83, 0x26, 0x7a, 0xc4, 0x72, 0xa4, 0x6a, 0x64, 0x62, 0x44,
  0x7a, 0x85, 0x6a, 0x64, 0x62, 0x03, 0x62, 0x04, 0x62, 0x03, 0x62, 0x45,
  0x72, 0xa5, 0x72, 0xc6, 0x83, 0x06, 0x7a, 0xc5, 0x61, 0xe3, 0x6a, 0x44,
  0x72, 0x44, 0x7a, 0xa5, 0x8a, 0xe5, 0x8b, 0x26, 0x93, 0x45, 0x93, 0x86,
  0x9b, 0xc6, 0x93, 0x86, 0x8b, 0x86, 0x8b, 0x86, 0x93, 0x86, 0x8b, 0x87,
  0x8b, 0x65, 0x83, 0x86, 0x83, 0x65, 0x83, 0x86, 0xa3, 0xe6, 0xac, 0x48,
  0xa3, 0xe7, 0x72, 0x82, 0x62, 0x24, 0x62, 0x65, 0x72, 0x84, 0x8b, 0xa8,
  0x9b, 0xe6, 0x9c, 0x07, 0xa4, 0x07, 0xa4, 0x48, 0xac, 0x89, 0xac, 0xca,
  0xb4, 0xc9, 0xb4, 0xca, 0x9c, 0x47, 0x9c, 0x68, 0xa4, 0x8a, 0xa4, 0xaa,
  0xb5, 0x2c, 0xb5, 0x4d, 0xb5, 0x4e, 0xad, 0x4e, 0xbd, 0x4f, 0xc5, 0xd1,
  0xde, 0x11, 0xde, 0x31, 0xe6, 0x11, 0xe6, 0x31, 0xe6, 0x52, 0xe6, 0x52,
  0xe6, 0x31, 0xde, 0x52, 0xe6, 0x52, 0xde, 0x53, 0xde, 0x12, 0xde, 0x32,
  0xdd, 0xf0, 0xde, 0x11, 0xe6, 0x11, 0xe6, 0x31, 0xe6, 0x31, 0xde, 0x11,
  0xe6, 0x10, 0xde, 0x31, 0xe6, 0x10, 0xde, 0x10, 0xdd, 0xef, 0xde, 0x10,
  0xdd, 0xef, 0xdd, 0xf0, 0xdd, 0xce, 0xde, 0x10, 0xde, 0x10, 0xde, 0x31,
  0xe6, 0x51, 0xe6, 0x72, 0xe6, 0x32, 0xde, 0x52, 0xdd, 0xf0, 0xd5, 0xf0,
  0xd6, 0x0f, 0xdd, 0xef, 0xd5, 0xef, 0xdd, 0xef, 0xd6, 0x10, 0xdd, 0xef,
  0xd6, 0x10, 0xdd, 0xef, 0xd6, 0x0f, 0xde, 0x0f, 0xde, 0x0f, 0xde, 0x0f,
  0xde, 0x10, 0xde, 0x0f, 0xd6, 0x10, 0xde, 0x10, 0xde, 0x30, 0xdd, 0xef,
  0xdd, 0xef, 0xdd, 0xee, 0xd5, 0xae, 0xdd, 0xad, 0xd5, 0x8d, 0xd5, 0x2c,
  0xcd, 0x0b, 0xcc, 0xeb, 0xc4, 0xec, 0xc4, 0xcb, 0xc4, 0xab, 0xc4, 0xaa,
  0xbc, 0xcb, 0xc4, 0xcb, 0xbc, 0xec, 0xc4, 0xec, 0xbc, 0xcc, 0xbc, 0x8b,
  0xbc, 0xcc, 0xc4, 0xcc, 0xbc, 0xec, 0xc4, 0xec, 0xc5, 0x0d, 0xc4, 0xcc,
  0xbc, 0xab, 0xbc, 0x6a, 0xbc, 0x8a, 0xc4, 0x6a, 0xc4, 0xaa, 0xcc, 0xcb,
  0xd5, 0x2c, 0xdd, 0x4c, 0xe5, 0xaf, 0xe5, 0x8e, 0xdd, 0x6e, 0xdd, 0x2d,
  0xdd, 0x8e, 0xe5, 0x8e, 0xd5, 0x6e, 0xdd, 0x6e, 0xd5, 0x6d, 0xd5, 0x0c,
  0xd5, 0x4c, 0xd5, 0x2b, 0xd5, 0x2c, 0xd4, 0xeb, 0xcc, 0xcb, 0xc4, 0x69,
  0xb3, 0x87, 0xab, 0x46, 0xa2, 0x84, 0xb2, 0xe5, 0xbb, 0xc7, 0xcc, 0x08,
  0xc4, 0x69, 0xdc, 0xeb, 0xd5, 0x2c, 0xd5, 0x0c, 0xd5, 0x6d, 0xe5, 0xae,
  0xdd, 0xef, 0xdd, 0xce, 0xd5, 0xcc, 0xcd, 0x6b, 0xc5, 0x0a, 0xac, 0x47,
  0xac, 0x4a, 0xb4, 0x4a, 0x8b, 0x26, 0x93, 0x46, 0xc4, 0xed, 0xcd, 0x0d,
  0xcc, 0xec, 0xcc, 0xcb, 0xcc, 0xaa, 0xcc, 0xaa, 0xcc, 0xaa, 0xd4, 0xaa,
  0xd4, 0xcb, 0xcc, 0x69, 0xd4, 0x8a, 0xdc, 0xca, 0xdc, 0xca, 0xe4, 0xa9,
  0xdc, 0x89, 0xe4, 0x89, 0xdc, 0x69, 0xdc, 0x48, 0xe4, 0xa9, 0xe4, 0xa9,
  0xec, 0xe9, 0xec, 0xe9, 0xed, 0x4b, 0xfd, 0x8c, 0xfd, 0xac, 0xfd, 0xac,
  0xf5, 0xcc, 0xfd, 0xac, 0xfd, 0xab, 0xfd, 0x8b, 0xfd, 0xab, 0xfd, 0x6b,
  0xfd, 0x8b, 0xfd, 0x4a, 0xd4, 0xc9, 0xc4, 0x26, 0xac, 0x89, 0xac, 0x89,
  0xac, 0x89, 0xb4, 0x89, 0x8b, 0x47, 0x72, 0x43, 0x93, 0xc8, 0x8b, 0x67,
  0x83, 0x46, 0x93, 0xa7, 0x8b, 0x87, 0x7a, 0xc4, 0x72, 0xc5, 0x83, 0x07,
  0x7b, 0x47, 0x72, 0xe5, 0x62, 0x24, 0x6a, 0x44, 0x6a, 0x65, 0x72, 0x85,
  0x7a, 0xa5, 0x82, 0xc5, 0x72, 0xa5, 0x72, 0x84, 0x62, 0x65, 0x62, 0x24,
  0x72, 0x85, 0x6a, 0x44, 0x62, 0x24, 0x6a, 0x24, 0x5a, 0x24, 0x6a, 0x85,
  0x72, 0xa5, 0x7a, 0xe6, 0x7b, 0x06, 0x72, 0x64, 0x51, 0xe3, 0x62, 0x44,
  0x6a, 0x44, 0x72, 0x65, 0x82, 0xc6, 0x93, 0x27, 0x8b, 0x65, 0x93, 0x85,
  0x93, 0xe6, 0x93, 0x85, 0x8b, 0xa7, 0x8b, 0x66, 0x8b, 0xa7, 0x8b, 0x86,
  0x83, 0x66, 0x83, 0x46, 0x7b, 0x46, 0x8b, 0x66, 0x9b, 0xe7, 0xac, 0x48,
  0xa4, 0x28, 0x72, 0x61, 0x5a, 0x24, 0x62, 0x24, 0x6a, 0x65, 0x93, 0x89,
  0x9c, 0x07, 0xa4, 0x07, 0x9c, 0x27, 0xa4, 0x27, 0xa4, 0x69, 0xb4, 0x89,
  0xac, 0xaa, 0xac, 0x89, 0xa4, 0x69, 0xa4, 0x28, 0x9c, 0x69, 0x9c, 0x68,
  0xa4, 0xcb, 0xb5, 0x2c, 0xad, 0x4e, 0xb5, 0x4d, 0xb5, 0x6f, 0xbd, 0x90,
  0xc5, 0xd1, 0xd6, 0x11, 0xde, 0x31, 0xe6, 0x10, 0xde, 0x10, 0xde, 0x10,
  0xe6, 0x52, 0xe6, 0x31, 0xde, 0x32, 0xe6, 0x32, 0xde, 0x33, 0xde, 0x12,
  0xde, 0x32, 0xdd, 0xf1, 0xdd, 0xf0, 0xe6, 0x10, 0xde, 0x31, 0xdd, 0xf0,
  0xde, 0x10, 0xe6, 0x10, 0xde, 0x30, 0xde, 0x0f, 0xde, 0x10, 0xdd, 0xef,
  0xd5, 0xf0, 0xdd, 0xf0, 0xdd, 0xf0, 0xdd, 0xef, 0xde, 0x10, 0xe6, 0x30,
  0xe6, 0x52, 0xde, 0x10, 0xde, 0x52, 0xe6, 0x32, 0xde, 0x12, 0xde, 0x12,
  0xdd, 0xef, 0xd6, 0x0f, 0xdd, 0xef, 0xde, 0x10, 0xde, 0x10, 0xde, 0x10,
  0xde, 0x10, 0xd6, 0x10, 0xde, 0x0f, 0xd5, 0xef, 0xdd, 0xef, 0xde, 0x30,
  0xde, 0x0f, 0xde, 0x30, 0xe6, 0x10, 0xde, 0x30, 0xdd, 0xef, 0xde, 0x0f,
  0xdd, 0xce, 0xd5, 0xce, 0xdd, 0xae, 0xd5, 0x8e, 0xd5, 0x2c, 0xcd, 0x0b,
  0xcc, 0xca, 0xc4, 0xeb, 0xcc, 0xeb, 0xbc, 0xaa, 0xbc, 0x69, 0xbc, 0x8a,
  0xc4, 0xaa, 0xbc, 0xab, 0xbc, 0xab, 0xc4, 0xec, 0xc4, 0x8b, 0xbc, 0xab,
  0xc4, 0x8a, 0xbc, 0x8b, 0xc4, 0xcb, 0xbc, 0x8a, 0xcc, 0xec, 0xc4, 0xec,
  0xc4, 0xaa, 0xbc, 0xcb, 0xc4, 0x8a, 0xc4, 0xaa, 0xc4, 0x48, 0xc4, 0xaa,
  0xd5, 0x0a, 0xd5, 0x2b, 0xdd, 0x2c, 0xdd, 0x6d, 0xdd, 0x4c, 0xdd, 0x6d,
  0xdd, 0x6d, 0xd5, 0x8e, 0xdd, 0x6d, 0xd5, 0x6e, 0xdd, 0x6c, 0xd5, 0x4c,
  0xd4, 0xea, 0xcc, 0xc9, 0xcc, 0x48, 0xbc, 0x07, 0xb3, 0xa6, 0xbb, 0xe7,
  0xcc, 0x68, 0xcc, 0x89, 0xbb, 0x46, 0xb3, 0x26, 0xbb, 0x46, 0xc3, 0xc8,
  0xc4, 0x48, 0xd5, 0x0b, 0xdd, 0x8d, 0xe5, 0xce, 0xe5, 0xee, 0xe6, 0x0f,
  0xdd, 0xcd, 0xcd, 0x6b, 0xc5, 0x0a, 0xac, 0x88, 0xac, 0x27, 0xa4, 0x07,
  0xb4, 0x49, 0xbc, 0xab, 0xb4, 0x4a, 0x8b, 0x46, 0xa3, 0x87, 0xbc, 0x8b,
  0xd5, 0x0c, 0xcd, 0x0c, 0xd4, 0xaa, 0xd4, 0xeb, 0xdc, 0xca, 0xd4, 0xaa,
  0xd4, 0xa9, 0xcc, 0xaa, 0xdc, 0xa9, 0xdc, 0xca, 0xec, 0xa9, 0xdc, 0x88,
  0xec, 0x68, 0xec, 0xa9, 0xf4, 0x89, 0xf4, 0xaa, 0xf4, 0xc9, 0xf4, 0xea,
  0xfd, 0x09, 0xf5, 0x2a, 0xfd, 0x6a, 0xfd, 0x8b, 0xfd, 0xcb, 0xfd, 0xab,
  0xfd, 0xab, 0xfd, 0xab, 0xfd, 0xab, 0xfd, 0x8b, 0xfd, 0x8b, 0xfd, 0x6b,
  0xfd, 0x4a, 0xec, 0xe9, 0xc4, 0x67, 0xbc, 0x67, 0xb4, 0xc9, 0xa4, 0x89,
  0xa4, 0x48, 0x9c, 0x28, 0x82, 0xe5, 0x6a, 0x23, 0x9b, 0xa7, 0x8b, 0x67,
  0x8b, 0x45, 0x8b, 0x86, 0x8b, 0x66, 0x72, 0xe4, 0x82, 0xe5, 0x83, 0x47,
  0x83, 0x46, 0x6a, 0xc5, 0x62, 0x24, 0x6a, 0x65, 0x72, 0x44, 0x6a, 0x65,
  0x7a, 0x84, 0x7a, 0xc5, 0x72, 0x84, 0x6a, 0x84, 0x62, 0x23, 0x62, 0x44,
  0x72, 0x64, 0x6a, 0x44, 0x62, 0x24, 0x62, 0x24, 0x62, 0x44, 0x6a, 0x86,
  0x72, 0xa5, 0x7a, 0xe6, 0x7a, 0xe5, 0x62, 0x43, 0x59, 0xe3, 0x62, 0x65,
  0x72, 0x44, 0x6a, 0x65, 0x82, 0xa5, 0x8b, 0x27, 0x9b, 0x65, 0x9b, 0xa7,
  0x9b, 0xc6, 0x93, 0xa6, 0x93, 0xa6, 0x8b, 0xa6, 0x93, 0xa6, 0x8b, 0xa6,
  0x8b, 0x65, 0x8b, 0x86, 0x83, 0x45, 0x83, 0x86, 0xa3, 0xe6, 0xa4, 0x48,
  0xa3, 0xc6, 0x72, 0x81, 0x62, 0x24, 0x5a, 0x44, 0x72, 0x64, 0x93, 0x89,
  0xac, 0x48, 0xa4, 0x48, 0xa4, 0x47, 0xa4, 0x47, 0xa4, 0x27, 0xac, 0x89,
  0xb4, 0x68, 0xa4, 0x27, 0xac, 0x68, 0xa4, 0x68, 0xa4, 0x68, 0x94, 0x07,
  0x9c, 0x68, 0xb5, 0x4c, 0xbd, 0x6d, 0xad, 0x2c, 0xb5, 0x2d, 0xb5, 0x8f,
  0xc5, 0x8f, 0xc5, 0xf0, 0xdd, 0xf0, 0xde, 0x10, 0xde, 0x0f, 0xde, 0x30,
  0xe6, 0x30, 0xde, 0x31, 0xde, 0x10, 0xde, 0x51, 0xe6, 0x52, 0xde, 0x31,
  0xe6, 0x10, 0xde, 0x11, 0xe6, 0x10, 0xde, 0x10, 0xdd, 0xcf, 0xde, 0x10,
  0xe5, 0xf0, 0xdd, 0xf0, 0xdd, 0xcf, 0xde, 0x10, 0xdd, 0xef, 0xde, 0x10,
  0xe6, 0x10, 0xde, 0x10, 0xe6, 0x10, 0xde, 0x10, 0xdd, 0xef, 0xde, 0x31,
  0xe6, 0x11, 0xde, 0x11, 0xde, 0x11, 0xde, 0x11, 0xe6, 0x10, 0xde, 0x11,
  0xde, 0x10, 0xdd, 0xef, 0xde, 0x11, 0xdd, 0xf0, 0xd5, 0xf0, 0xde, 0x10,
  0xd6, 0x10, 0xde, 0x10, 0xde, 0x30, 0xde, 0x10, 0xde, 0x10, 0xde, 0x10,
  0xde, 0x30, 0xe6, 0x30, 0xde, 0x10, 0xde, 0x0f, 0xe6, 0x30, 0xdd, 0xcf,
  0xcd, 0x8d, 0xdd, 0xae, 0xdd, 0xcf, 0xd5, 0x6e, 0xd5, 0x4d, 0xc4, 0x6a,
  0xc4, 0xab, 0xc4, 0xaa, 0xbc, 0x6a, 0xbc, 0x69, 0xbc, 0x8a, 0xc4, 0x8a,
  0xb4, 0x8b, 0xbc, 0x8a, 0xb4, 0xac, 0xc4, 0xec, 0xbc, 0x8b, 0xc4, 0x8b,
  0xbc, 0x6a, 0xbc, 0x29, 0xc4, 0x8b, 0xbc, 0x29, 0xbc, 0x8b, 0xcc, 0xab,
  0xb4, 0x8a, 0xc4, 0xaa, 0xc4, 0xcb, 0xc4, 0x8a, 0xb4, 0x28, 0xc4, 0x69,
  0xcd, 0x0b, 0xd5, 0x0b, 0xcc, 0xca, 0xdd, 0x0b, 0xdd, 0x4d, 0xe5, 0x8d,
  0xdd, 0x8e, 0xdd, 0x6d, 0xdd, 0x8e, 0xd5, 0x4d, 0xd5, 0x0c, 0xc4, 0x48,
  0xbc, 0x08, 0xbb, 0xa6, 0xb3, 0x66, 0xb3, 0x45, 0xbb, 0x87, 0xbb, 0x66,
  0xb3, 0xe7, 0xd4, 0xca, 0xcc, 0x89, 0xc3, 0xe6, 0xa2, 0xe4, 0xbb, 0x46,
  0xbc, 0x28, 0xcc, 0x69, 0xcd, 0x2c, 0xe5, 0xce, 0xdd, 0xcf, 0xd5, 0x6d,
  0xbd, 0x2b, 0xb4, 0xa8, 0xa4, 0x48, 0xac, 0x48, 0xac, 0x29, 0xb4, 0x49,
  0xc4, 0xcb, 0xc4, 0x6a, 0xab, 0xe9, 0xab, 0x87, 0x82, 0xe5, 0x9b, 0x46,
  0xbc, 0x6b, 0xcc, 0xcc, 0xd5, 0x0c, 0xcc, 0xcb, 0xcc, 0xaa, 0xcc, 0xaa,
  0xcc, 0xaa, 0xd4, 0x89, 0xcc, 0x89, 0xdc, 0xca, 0xec, 0xa9, 0xe4, 0x68,
  0xec, 0x89, 0xf4, 0x69, 0xec, 0x89, 0xfc, 0xca, 0xfd, 0x0b, 0xf4, 0xc9,
  0xf5, 0x0a, 0xf5, 0x0a, 0xf5, 0x8b, 0xfd, 0xac, 0xfd, 0xcc, 0xfd, 0xcb,
  0xfd, 0xcc, 0xfd, 0xab, 0xfd, 0x8c, 0xfd, 0x8b, 0xfd, 0x6c, 0xf5, 0x0a,
  0xe5, 0x2a, 0xd4, 0x87, 0xbc, 0xa9, 0xbc, 0xa9, 0xac, 0xeb, 0xa4, 0x68,
  0x8b, 0xe8, 0x93, 0xe8, 0x72, 0xa5, 0x6a, 0x23, 0x93, 0xc8, 0x8b, 0x66,
  0x83, 0x45, 0x8b, 0x86, 0x83, 0x47, 0x7b, 0x05, 0x7b, 0x26, 0x8b, 0x47,
  0x7b, 0x47, 0x6a, 0x84, 0x5a, 0x24, 0x6a, 0x45, 0x6a, 0x45, 0x72, 0x65,
  0x72, 0x85, 0x72, 0x44, 0x6a, 0x85, 0x6a, 0x64, 0x5a, 0x24, 0x62, 0x44,
  0x72, 0xa6, 0x6a, 0x44, 0x62, 0x24, 0x62, 0x24, 0x5a, 0x44, 0x6a, 0x85,
  0x72, 0xe6, 0x7a, 0xe6, 0x6a, 0xc6, 0x59, 0xe2, 0x51, 0xe4, 0x6a, 0x66,
  0x6a, 0x65, 0x6a, 0x44, 0x7a, 0xa6, 0x93, 0x48, 0x9b, 0xa7, 0x93, 0x66,
  0x93, 0xa7, 0x93, 0x86, 0x93, 0xc7, 0x93, 0xa6, 0x8b, 0xa7, 0x8b, 0x66,
  0x83, 0x66, 0x83, 0x45, 0x7b, 0x26, 0x8b, 0x87, 0x9b, 0xc7, 0xa4, 0x07,
  0x93, 0xa7, 0x72, 0x62, 0x62, 0x65, 0x62, 0x24, 0x6a, 0x85, 0x8b, 0x48,
  0xa4, 0x69, 0xa4, 0x07, 0xa4, 0x48, 0xa4, 0x07, 0xa4, 0x07, 0xac, 0x48,
  0xac, 0x48, 0xa3, 0xa5, 0xa4, 0x27, 0xb4, 0x68, 0x9c, 0x48, 0x93, 0xe6,
  0x94, 0x49, 0xa4, 0xaa, 0xad, 0x4e, 0xb5, 0x2d, 0xad, 0x2e, 0xb5, 0x2e,
  0xb5, 0x6f, 0xbd, 0x8f, 0xc5, 0xaf, 0xd5, 0xf0, 0xde, 0x11, 0xe6, 0x30,
  0xde, 0x31, 0xdd, 0xf0, 0xde, 0x31, 0xde, 0x11, 0xd6, 0x11, 0xde, 0x11,
  0xde, 0x11, 0xe6, 0x11, 0xde, 0x32, 0xdd, 0xf1, 0xdd, 0xf0, 0xdd, 0xcf,
  0xdd, 0xf0, 0xdd, 0xf0, 0xdd, 0xf0, 0xe5, 0xf0, 0xd5, 0xf0, 0xdd, 0xf0,
  0xde, 0x11, 0xdd, 0xd0, 0xd5, 0xf0, 0xdd, 0xf0, 0xde, 0x11, 0xe6, 0x11,
  0xde, 0x32, 0xde, 0x11, 0xd5, 0xf1, 0xde, 0x11, 0xde, 0x10, 0xdd, 0xcf,
  0xde, 0x0f, 0xd6, 0x0f, 0xd5, 0xcf, 0xd6, 0x10, 0xde, 0x10, 0xd6, 0x10,
  0xde, 0x10, 0xde, 0x51, 0xde, 0x2f, 0xde, 0x30, 0xde, 0x10, 0xde, 0x51,
  0xe6, 0x10, 0xe6, 0x51, 0xe6, 0x2f, 0xde, 0x0f, 0xe5, 0xee, 0xdd, 0xce,
  0xd5, 0x8d, 0xdd, 0xce, 0xdd, 0x8d, 0xd5, 0x6d, 0xcc, 0xaa, 0xb4, 0x29,
  0xc4, 0x69, 0xb4, 0x49, 0xbc, 0x48, 0xbc, 0x69, 0xc4, 0xaa, 0xbc, 0x8a,
  0xbc, 0x49, 0xc4, 0xab, 0xc4, 0xec, 0xc4, 0xed, 0xc4, 0xab, 0xbc, 0x8b,
  0xc4, 0x49, 0xbc, 0x4a, 0xc4, 0x49, 0xb4, 0x08, 0xbc, 0x08, 0xbc, 0x4a,
  0xbc, 0x28, 0xbc, 0x69, 0xc4, 0x49, 0xc4, 0x8a, 0xb3, 0xc7, 0xbc, 0x08,
  0xc4, 0x69, 0xd4, 0xeb, 0xdc, 0xea, 0xdd, 0x0b, 0xdd, 0x2c, 0xdd, 0x8d,
  0xdd, 0x8e, 0xe5, 0xcf, 0xe5, 0x8e, 0xd5, 0x4d, 0xcc, 0x28, 0xab, 0x66,
  0xbb, 0x45, 0xbb, 0x66, 0xbb, 0x85, 0xc3, 0xe7, 0xdc, 0x68, 0xd4, 0x68,
  0xd4, 0x89, 0xd4, 0xa9, 0xd4, 0x87, 0xcc, 0x88, 0xc3, 0xc6, 0xb3, 0x85,
  0xbb, 0xe7, 0xcc, 0x6a, 0xd5, 0x0b, 0xdd, 0x8e, 0xdd, 0xae, 0xcd, 0x2c,
  0xc5, 0x0b, 0xc5, 0x2c, 0xcd, 0x2c, 0xd5, 0x8d, 0xdd, 0x6d, 0xd5, 0x6d,
  0xe4, 0xec, 0xd4, 0xab, 0xd4, 0x4a, 0xc3, 0xc8, 0xa3, 0xa7, 0x93, 0x46,
  0x9b, 0x46, 0xac, 0x09, 0xcc, 0xcb, 0xcd, 0x2d, 0xd4, 0xeb, 0xcc, 0xcb,
  0xcc, 0x89, 0xcc, 0x89, 0xdc, 0x89, 0xdc, 0xca, 0xe4, 0x88, 0xec, 0xea,
  0xf4, 0xc9, 0xf4, 0xea, 0xf4, 0xc9, 0xfd, 0x2b, 0xfd, 0x4b, 0xfd, 0x6c,
  0xfd, 0xab, 0xfd, 0xac, 0xfd, 0xcb, 0xfd, 0xec, 0xfd, 0xcb, 0xfd, 0xcb,
  0xfd, 0xab, 0xfd, 0xec, 0xfd, 0x8b, 0xfd, 0x6b, 0xf5, 0x2a, 0xe4, 0xe9,
  0xcc, 0xe8, 0xc4, 0xc8, 0xbd, 0x09, 0xbd, 0x0a, 0xb4, 0xaa, 0x9c, 0x48,
  0x9b, 0xe7, 0x8b, 0xc7, 0x72, 0x84, 0x6a, 0x43, 0x93, 0x87, 0x8b, 0x67,
  0x83, 0x45, 0x83, 0x46, 0x7a, 0xe5, 0x7b, 0x05, 0x8b, 0x26, 0x83, 0x46,
  0x83, 0x06, 0x62, 0x43, 0x62, 0x03, 0x72, 0x86, 0x72, 0x44, 0x72, 0x65,
  0x7a, 0x84, 0x72, 0x84, 0x72, 0x85, 0x62, 0x64, 0x62, 0x24, 0x6a, 0x85,
  0x72, 0x85, 0x6a, 0x44, 0x62, 0x23, 0x62, 0x65, 0x6a, 0x84, 0x72, 0xc6,
  0x83, 0x06, 0x72, 0xe6, 0x72, 0xa5, 0x51, 0xe2, 0x59, 0xe3, 0x6a, 0x86,
  0x6a, 0x44, 0x6a, 0x85, 0x7a, 0xa4, 0x8b, 0x47, 0x9b, 0x66, 0x93, 0x86,
  0x9b, 0xa6, 0x9b, 0xa6, 0x9b, 0xc6, 0x93, 0xc7, 0x93, 0xc6, 0x93, 0xa6,
  0x8b, 0x45, 0x83, 0x66, 0x83, 0x45, 0x83, 0x86, 0x9b, 0xc6, 0x9c, 0x07,
  0x9b, 0xa7, 0x72, 0x82, 0x62, 0x44, 0x5a, 0x44, 0x72, 0x84, 0x8b, 0x68,
  0xac, 0x27, 0xa4, 0x07, 0xa4, 0x27, 0xa4, 0x27, 0xac, 0x07, 0xac, 0x68,
  0xab, 0xe6, 0xa3, 0xc6, 0xa3, 0xe6, 0xac, 0x68, 0xac, 0x88, 0xa4, 0x47,
  0x94, 0x08, 0x9c, 0x69, 0xb5, 0x0d, 0xb5, 0x4e, 0xb5, 0x4f, 0xb5, 0x6f,
  0xb5, 0x4e, 0xb5, 0x8f, 0xb5, 0x0d, 0xb5, 0x4e, 0xd5, 0xcf, 0xde, 0x31,
  0xe6, 0x31, 0xde, 0x31, 0xe6, 0x11, 0xde, 0x32, 0xe6, 0x32, 0xde, 0x32,
  0xde, 0x31, 0xde, 0x52, 0xe6, 0x31, 0xde, 0x32, 0xe6, 0x31, 0xde, 0x11,
  0xdd, 0xf0, 0xe6, 0x51, 0xe6, 0x10, 0xde, 0x10, 0xdd, 0xef, 0xde, 0x31,
  0xe6, 0x31, 0xde, 0x11, 0xe6, 0x10, 0xe6, 0x51, 0xdd, 0xf0, 0xe6, 0x52,
  0xe6, 0x51, 0xde, 0x31, 0xe5, 0xf0, 0xdd, 0xf0, 0xe5, 0xf0, 0xdd, 0xef,
  0xde, 0x30, 0xdd, 0xef, 0xd6, 0x10, 0xdd, 0xef, 0xd6, 0x31, 0xde, 0x10,
  0xd6, 0x10, 0xde, 0x30, 0xd6, 0x30, 0xde, 0x30, 0xde, 0x51, 0xde, 0x30,
  0xde, 0x30, 0xe6, 0x30, 0xde, 0x2f, 0xdd, 0xee, 0xd5, 0xad, 0xdd, 0xad,
  0xdd, 0xef, 0xdd, 0xae, 0xcd, 0x2c, 0xcd, 0x0b, 0xbc, 0x6a, 0xb4, 0x08,
  0xb4, 0x29, 0xbc, 0x28, 0xb4, 0x69, 0xbc, 0x49, 0xbc, 0xab, 0xbc, 0x6a,
  0xb4, 0x4a, 0xc4, 0x8b, 0xc4, 0xed, 0xc4, 0xac, 0xbc, 0xac, 0xbc, 0x6b,
  0xbc, 0x6a, 0xbc, 0x4a, 0xbc, 0x49, 0xb4, 0x08, 0xb4, 0x09, 0xb3, 0xe8,
  0xab, 0xe8, 0xb4, 0x08, 0xb4, 0x08, 0xbc, 0x29, 0xbc, 0x29, 0xab, 0xa7,
  0xb4, 0x09, 0xcc, 0x8b, 0xcc, 0xaa, 0xd4, 0xaa, 0xd5, 0x0c, 0xdd, 0x2c,
  0xdd, 0xcf, 0xdd, 0xaf, 0xd5, 0x2d, 0xcc, 0xab, 0xbb, 0x67, 0xb3, 0x05,
  0xb3, 0x45, 0xcb, 0xc7, 0xd4, 0x67, 0xe4, 0x88, 0xdc, 0x87, 0xe4, 0xc8,
  0xe5, 0x2a, 0xdc, 0xa8, 0xcc, 0x69, 0xd4, 0x69, 0xd4, 0xeb, 0xd4, 0xca,
  0xcc, 0xeb, 0xdd, 0x2c, 0xcd, 0x6d, 0xdd, 0x8d, 0xdd, 0xcf, 0xd5, 0x8d,
  0xd5, 0x6e, 0xd5, 0x4e, 0xcd, 0x4d, 0xd5, 0x4d, 0xd5, 0x6d, 0xd5, 0x2c,
  0xd4, 0x6a, 0xec, 0xcc, 0xec, 0xac, 0xd3, 0xe9, 0xa4, 0x29, 0xa3, 0xe8,
  0x93, 0x67, 0x93, 0x05, 0xa3, 0xc8, 0xc4, 0xab, 0xcc, 0xed, 0xcc, 0xec,
  0xcc, 0xab, 0xc4, 0x69, 0xd4, 0x6a, 0xdc, 0x69, 0xe4, 0xca, 0xf5, 0x2b,
  0xed, 0x4b, 0xf5, 0x4b, 0xf5, 0x6c, 0xfd, 0x6b, 0xf5, 0x6c, 0xfd, 0x6c,
  0xf5, 0xac, 0xfd, 0xac, 0xf5, 0xcb, 0xfd, 0xab, 0xf5, 0xcb, 0xfd, 0xab,
  0xfd, 0xcc, 0xfd, 0x8b, 0xf5, 0x2b, 0xfd, 0x2a, 0xdd, 0x09, 0xd4, 0xc8,
  0xbd, 0x09, 0xc5, 0x29, 0xbd, 0x0a, 0xbc, 0xc9, 0x9c, 0x49, 0x9b, 0xe7,
  0x8b, 0xc7, 0x8b, 0x65, 0x83, 0x27, 0x72, 0x43, 0x83, 0x27, 0x8b, 0x26,
  0x7b, 0x26, 0x83, 0x26, 0x72, 0xc6, 0x72, 0xa5, 0x83, 0x06, 0x82, 0xe6,
  0x7a, 0xe6, 0x62, 0x23, 0x6a, 0x25, 0x7a, 0x66, 0x7a, 0x86, 0x7a, 0x65,
  0x72, 0xa5, 0x72, 0x84, 0x6a, 0xa6, 0x62, 0x23, 0x62, 0x45, 0x72, 0x86,
  0x6a, 0x85, 0x6a, 0x24, 0x5a, 0x24, 0x6a, 0x45, 0x6a, 0x85, 0x72, 0xc6,
  0x7b, 0x06, 0x7a, 0xc5, 0x62, 0x45, 0x51, 0xc2, 0x5a, 0x05, 0x6a, 0x45,
  0x62, 0x44, 0x72, 0x64, 0x72, 0xc5, 0x8b, 0x47, 0x93, 0x66, 0x9b, 0x66,
  0x9b, 0xa7, 0x9b, 0x86, 0x9b, 0xe7, 0x93, 0xa6, 0x8b, 0xa6, 0x8b, 0x85,
  0x8b, 0x86, 0x8b, 0x66, 0x83, 0x66, 0x83, 0x46, 0x93, 0xa6, 0xa3, 0xe7,
  0x93, 0xc7, 0x72, 0x82, 0x5a, 0x45, 0x5a, 0x24, 0x6a, 0xa5, 0x8b, 0x68,
  0xa4, 0x28, 0xa4, 0x07, 0xa4, 0x28, 0xac, 0x28, 0xa4, 0x27, 0xb4, 0x48,
  0xa4, 0x07, 0x9b, 0x64, 0x9b, 0xc7, 0xa4, 0x07, 0xac, 0xa9, 0xac, 0x47,
  0x94, 0x08, 0xa4, 0x49, 0x9c, 0x8b, 0xb5, 0x2d, 0xb5, 0x6f, 0xb5, 0x4e,
  0xad, 0x2f, 0xb5, 0x2e, 0xad, 0x0e, 0xa4, 0xcc, 0xb5, 0x0c, 0xd5, 0xcf,
  0xd6, 0x10, 0xde, 0x10, 0xde, 0x31, 0xe6, 0x31, 0xde, 0x52, 0xde, 0x11,
  0xde, 0x32, 0xdd, 0xf1, 0xde, 0x52, 0xe6, 0x52, 0xde, 0x53, 0xde, 0x12,
  0xde, 0x11, 0xde, 0x11, 0xde, 0x10, 0xdd, 0xef, 0xd5, 0xf0, 0xdd, 0xf0,
  0xde, 0x11, 0xde, 0x10, 0xde, 0x11, 0xe6, 0x10, 0xde, 0x11, 0xde, 0x11,
  0xde, 0x51, 0xde, 0x10, 0xd5, 0xd0, 0xd5, 0x8f, 0xde, 0x11, 0xdd, 0xaf,
  0xde, 0x0f, 0xde, 0x10, 0xde, 0x10, 0xd6, 0x10, 0xde, 0x30, 0xd6, 0x31,
  0xde, 0x10, 0xde, 0x51, 0xde, 0x30, 0xde, 0x51, 0xe6, 0x30, 0xde, 0x30,
  0xe6, 0x10, 0xde, 0x10, 0xe5, 0xee, 0xd5, 0xcd, 0xdd, 0x8c, 0xdd, 0xad,
  0xdd, 0xad, 0xcd, 0x6c, 0xd5, 0x4c, 0xbc, 0xcb, 0xbc, 0x29, 0xb4, 0x29,
  0xbc, 0x29, 0xb4, 0x29, 0xbc, 0x49, 0xbc, 0x69, 0xbc, 0x69, 0xbc, 0x8a,
  0xbc, 0x6a, 0xbc, 0x8b, 0xc4, 0xab, 0xbc, 0x8b, 0xc4, 0xaa, 0xbc, 0x8a,
  0xbc, 0x49, 0xb4, 0x49, 0xbc, 0x08, 0xbc, 0x29, 0xbb, 0xe8, 0xab, 0xc7,
  0xb3, 0xc7, 0xb4, 0x08, 0xb3, 0xe7, 0xb4, 0x28, 0xbc, 0x08, 0xa3, 0x86,
  0xb3, 0xa6, 0xc4, 0x49, 0xcc, 0x48, 0xd4, 0xca, 0xdd, 0x0c, 0xdd, 0x4d,
  0xe5, 0x8e, 0xd5, 0x4d, 0xd4, 0xeb, 0xbc, 0x69, 0xb3, 0x25, 0xb3, 0x46,
  0xcb, 0xe6, 0xdc, 0x88, 0xec, 0xc7, 0xed, 0x08, 0xec, 0xe9, 0xe4, 0xe9,
  0xe5, 0x0a, 0xdc, 0xca, 0xd4, 0x48, 0xc4, 0x28, 0xcc, 0x69, 0xcc, 0x8a,
  0xd4, 0xaa, 0xd4, 0xeb, 0xcc, 0xeb, 0xd5, 0x6d, 0xd5, 0x2c, 0xd5, 0x6d,
  0xd5, 0x2c, 0xcd, 0x0c, 0xcc, 0xeb, 0xcd, 0x2c, 0xdc, 0xca, 0xd4, 0xeb,
  0xf5, 0x0c, 0xdc, 0x6a, 0xec, 0x4a, 0xdc, 0x09, 0xac, 0x49, 0xac, 0x49,
  0xa4, 0x29, 0x93, 0xa7, 0x93, 0x66, 0x93, 0x87, 0xb4, 0x08, 0xc4, 0xcb,
  0xd4, 0xeb, 0xcc, 0xcb, 0xdc, 0x89, 0xdc, 0xaa, 0xed, 0x0a, 0xed, 0x4b,
  0xfd, 0x8b, 0xf5, 0x8b, 0xfd, 0x4b, 0xfd, 0x4b, 0xfd, 0x2b, 0xfd, 0x4b,
  0xfd, 0x4b, 0xfd, 0xad, 0xfd, 0xcc, 0xfe, 0x0e, 0xfd, 0xec, 0xfd, 0xed,
  0xfd, 0x6b, 0xf5, 0x4a, 0xf5, 0x4a, 0xe5, 0x29, 0xd5, 0x2a, 0xcd, 0x2a,
  0xcd, 0x29, 0xc5, 0x29, 0xbc, 0xa8, 0xac, 0x67, 0x9b, 0xa6, 0x93, 0xc6,
  0x93, 0x86, 0x9b, 0xc7, 0xa3, 0xc8, 0x72, 0x83, 0x8a, 0xe5, 0x8b, 0x26,
  0x83, 0x05, 0x7b, 0x06, 0x83, 0x06, 0x72, 0xc5, 0x82, 0xe6, 0x7a, 0xe6,
  0x82, 0xa6, 0x62, 0x03, 0x7a, 0x44, 0x8a, 0xe7, 0x8a, 0xe6, 0x82, 0xa5,
  0x7a, 0xa5, 0x72, 0x85, 0x72, 0x84, 0x62, 0x44, 0x72, 0x84, 0x6a, 0x85,
  0x6a, 0x44, 0x62, 0x44, 0x6a, 0x44, 0x6a, 0x65, 0x6a, 0x84, 0x72, 0xe5,
  0x83, 0x26, 0x7a, 0xe6, 0x5a, 0x03, 0x51, 0xe3, 0x59, 0xe4, 0x5a, 0x25,
  0x6a, 0x24, 0x6a, 0x65, 0x7a, 0xc4, 0x8b, 0x47, 0x9b, 0x85, 0x9b, 0xa6,
  0x9b, 0xa5, 0x9b, 0xa6, 0x9b, 0xe7, 0x93, 0xa6, 0x93, 0x85, 0x93, 0xa6,
  0x93, 0x86, 0x8b, 0xa6, 0x8b, 0x65, 0x8b, 0x86, 0x9b, 0xc6, 0x9b, 0xe7,
  0xab, 0xe7, 0x7a, 0xc3, 0x62, 0x24, 0x5a, 0x24, 0x6a, 0x84, 0x83, 0x48,
  0xac, 0x27, 0xac, 0x27, 0xac, 0x47, 0xa4, 0x47, 0xb4, 0x47, 0xb4, 0x88,
  0xb4, 0x27, 0x93, 0x64, 0x9b, 0x86, 0xa3, 0xc7, 0xb4, 0x27, 0xac, 0x48,
  0x9c, 0x28, 0x9c, 0x48, 0x94, 0x08, 0xad, 0x0c, 0xb5, 0x4d, 0xb5, 0x6e,
  0xb5, 0x2d, 0xad, 0x4e, 0xac, 0xec, 0xa4, 0xed, 0x9c, 0x8a, 0xa4, 0xec,
  0xc5, 0xae, 0xce, 0x10, 0xdd, 0xef, 0xde, 0x30, 0xe6, 0x31, 0xde, 0x51,
  0xe6, 0x11, 0xde, 0x11, 0xde, 0x31, 0xde, 0x52, 0xe6, 0x52, 0xde, 0x32,
  0xe6, 0x11, 0xde, 0x11, 0xe6, 0x10, 0xde, 0x11, 0xe5, 0xf0, 0xde, 0x10,
  0xe5, 0xf0, 0xe6, 0x31, 0xe5, 0xf0, 0xde, 0x11, 0xe6, 0x0f, 0xde, 0x30,
  0xe6, 0x30, 0xde, 0x31, 0xe6, 0x10, 0xde, 0x10, 0xdd, 0xf0, 0xdd, 0xf0,
  0xd6, 0x11, 0xdd, 0xf0, 0xde, 0x52, 0xde, 0x32, 0xd6, 0x32, 0xd6, 0x12,
  0xde, 0x52, 0xde, 0x31, 0xde, 0x31, 0xde, 0x30, 0xde, 0x10, 0xdd, 0xef,
  0xde, 0x10, 0xde, 0x0f, 0xd5, 0xee, 0xd5, 0xad, 0xd5, 0x6d, 0xdd, 0xad,
  0xcd, 0x2c, 0xc4, 0xeb, 0xc4, 0xec, 0xb4, 0x69, 0xb4, 0x2a, 0xbc, 0x2a,
  0xb4, 0x2a, 0xbc, 0x2a, 0xb4, 0x6a, 0xbc, 0x6a, 0xb4, 0x6a, 0xbc, 0x6a,
  0xb4, 0x6a, 0xbc, 0x6a, 0xb4, 0x4a, 0xb4, 0x09, 0xb4, 0x4a, 0xbc, 0x4a,
  0xb4, 0x49, 0xbc, 0x49, 0xb4, 0x09, 0xb3, 0xe8, 0xb3, 0xc8, 0xb3, 0xc7,
  0xb3, 0xc8, 0xb3, 0xc8, 0xab, 0xc8, 0xb3, 0xc7, 0xab, 0xc7, 0xab, 0x86,
  0xb3, 0xa7, 0xc4, 0x08, 0xc4, 0x28, 0xd4, 0x89, 0xcc, 0xcb, 0xd4, 0xeb,
  0xd5, 0x4d, 0xcd, 0x0c, 0xcc, 0xab, 0xb3, 0xc7, 0xab, 0x05, 0xcb, 0xe8,
  0xe4, 0xa9, 0xec, 0xc9, 0xe4, 0xe8, 0xec, 0xc8, 0xdc, 0xc9, 0xdc, 0xa8,
  0xd4, 0xeb, 0xd4, 0xcb, 0xc4, 0x29, 0xbb, 0xc7, 0xb3, 0xc8, 0xbb, 0xe8,
  0xc4, 0x6a, 0xcc, 0x6a, 0xcc, 0xcc, 0xd4, 0xec, 0xcd, 0x2d, 0xcc, 0xcb,
  0xc4, 0xab, 0xcc, 0xcb, 0xcc, 0xec, 0xd5, 0x2c, 0xd4, 0xaa, 0xdc, 0xca,
  0xf4, 0xac, 0xba, 0xc4, 0xd3, 0x88, 0xf4, 0x2a, 0xac, 0x29, 0xac, 0x08,
  0xa4, 0x29, 0x9b, 0xe8, 0x93, 0xc8, 0x93, 0xa7, 0x93, 0xa7, 0x9b, 0xa7,
  0xac, 0x08, 0xbc, 0x8a, 0xdc, 0xcb, 0xdc, 0xaa, 0xe4, 0xca, 0xf5, 0x2b,
  0xf5, 0x8c, 0xed, 0x0a, 0xf5, 0x0b, 0xfd, 0x2b, 0xfd, 0x4c, 0xfd, 0x4c,
  0xf5, 0x2a, 0xfd, 0x4b, 0xfd, 0x8c, 0xfd, 0x6b, 0xfd, 0x4b, 0xfd, 0x2a,
  0xe4, 0xc9, 0xf4, 0xe9, 0xdd, 0x4a, 0xdd, 0x29, 0xc5, 0x2a, 0xcd, 0x29,
  0xc5, 0x29, 0xc4, 0xe8, 0xac, 0x68, 0xa3, 0xe6, 0x9b, 0xc8, 0x9b, 0xa7,
  0x9b, 0xe8, 0xac, 0x09, 0xac, 0x0a, 0x7a, 0x84, 0x82, 0xa6, 0x93, 0x07,
  0x7a, 0xe6, 0x7a, 0xc5, 0x7b, 0x06, 0x7a, 0xe6, 0x7a, 0xc6, 0x82, 0xe6,
  0x7a, 0xa6, 0x6a, 0x03, 0x72, 0x65, 0x93, 0x27, 0x8b, 0x06, 0x82, 0xa5,
  0x7a, 0xc6, 0x7a, 0x85, 0x72, 0xa6, 0x6a, 0x64, 0x72, 0xa6, 0x6a, 0x44,
  0x62, 0x45, 0x6a, 0x44, 0x6a, 0x85, 0x72, 0x85, 0x6a, 0xa5, 0x72, 0xa5,
  0x83, 0x27, 0x7a, 0xc5, 0x51, 0xe4, 0x51, 0xc3, 0x51, 0xe4, 0x5a, 0x04,
  0x62, 0x45, 0x72, 0x86, 0x7a, 0xe5, 0x83, 0x26, 0x9b, 0xa6, 0x9b, 0xa6,
  0x9b, 0xc7, 0x9b, 0xa6, 0x9b, 0xe8, 0x93, 0x86, 0x93, 0xa7, 0x93, 0x86,
  0x8b, 0xa7, 0x93, 0x86, 0x83, 0x66, 0x93, 0x86, 0x9c, 0x07, 0xa4, 0x07,
  0xa3, 0xe8, 0x82, 0xa2, 0x5a, 0x44, 0x5a, 0x03, 0x6a, 0x85, 0x7a, 0xe7,
  0xa4, 0x28, 0xac, 0x28, 0xa4, 0x48, 0x9c, 0x06, 0xac, 0x48, 0xb4, 0x47,
  0xac, 0x48, 0x9b, 0x64, 0x93, 0x66, 0xa3, 0xa7, 0xa3, 0xe7, 0xac, 0x07,
  0x93, 0xe7, 0x9c, 0x07, 0x8b, 0xe8, 0x9c, 0x69, 0xa4, 0xeb, 0xbd, 0x6d,
  0xb5, 0x6e, 0xb5, 0x4e, 0xa5, 0x0e, 0xa4, 0xcc, 0xa4, 0xec, 0x9c, 0xab,
  0xad, 0x2d, 0xbd, 0x8f, 0xcd, 0xcf, 0xd5, 0xf0, 0xd6, 0x31, 0xde, 0x31,
  0xde, 0x32, 0xde, 0x11, 0xde, 0x11, 0xe6, 0x31, 0xde, 0x53, 0xe6, 0x32,
  0xde, 0x53, 0xe6, 0x32, 0xde, 0x32, 0xde, 0x11, 0xde, 0x11, 0xdd, 0xf0,
  0xde, 0x11, 0xe5, 0xf0, 0xde, 0x11, 0xdd, 0xd0, 0xde, 0x10, 0xe6, 0x10,
  0xde, 0x32, 0xde, 0x11, 0xd5, 0xf1, 0xde, 0x11, 0xde, 0x11, 0xdd, 0xd0,
  0xde, 0x10, 0xde, 0x31, 0xde, 0x31, 0xde, 0x52, 0xde, 0x32, 0xde, 0x53,
  0xde, 0x31, 0xd6, 0x31, 0xde, 0x30, 0xd6, 0x10, 0xde, 0x0f, 0xde, 0x10,
  0xdd, 0xee, 0xd5, 0xee, 0xdd, 0xcd, 0xd5, 0xad, 0xdd, 0x8d, 0xd5, 0x8d,
  0xcd, 0x2c, 0xbc, 0xca, 0xc4, 0xab, 0xb4, 0x6a, 0xbc, 0x4a, 0xb4, 0x2a,
  0xb4, 0x09, 0xb4, 0x09, 0xb4, 0x49, 0xb4, 0x6a, 0xbc, 0x49, 0xbc, 0x8a,
  0xc4, 0x8a, 0xb4, 0x49, 0xbc, 0x29, 0xab, 0xe8, 0xbc, 0x29, 0xb4, 0x08,
  0xb4, 0x08, 0xb4, 0x08, 0xbc, 0x08, 0xb3, 0xe8, 0xb3, 0xa7, 0xb3, 0xe8,
  0xbb, 0xe7, 0xb3, 0xc7, 0xab, 0x86, 0xb4, 0x08, 0xb3, 0xc7, 0xb3, 0xc7,
  0xbb, 0xa6, 0xb3, 0xc7, 0xc3, 0xe7, 0xcc, 0x48, 0xcc, 0x69, 0xd4, 0xca,
  0xd5, 0x0b, 0xcc, 0xeb, 0xbb, 0xc7, 0xa3, 0x25, 0xcc, 0x07, 0xe4, 0xeb,
  0xf4, 0xe8, 0xed, 0x09, 0xec, 0xc7, 0xe4, 0xc8, 0xd4, 0x88, 0xd4, 0xa9,
  0xd5, 0x0b, 0xd5, 0x4c, 0xd4, 0x89, 0xbb, 0xe7, 0xab, 0x45, 0xb3, 0xa7,
  0xbb, 0xe8, 0xc4, 0x49, 0xcc, 0x8a, 0xcc, 0xab, 0xcc, 0xab, 0xc4, 0xab,
  0xcc, 0xaa, 0xcc, 0xcb, 0xdd, 0x2c, 0xdd, 0x4d, 0xdc, 0x69, 0xe4, 0xcb,
  0xe3, 0xa8, 0xc2, 0xa5, 0xf4, 0x2a, 0xec, 0x2a, 0xa3, 0x66, 0x9b, 0xa7,
  0x9b, 0xc7, 0x93, 0xc7, 0x93, 0xa7, 0x93, 0xe8, 0x9b, 0xe7, 0x93, 0xc7,
  0x9b, 0x86, 0xa4, 0x08, 0xbc, 0x28, 0xc4, 0x6a, 0xdc, 0x89, 0xe4, 0xea,
  0xf5, 0x0a, 0xf5, 0x4b, 0xfd, 0x2b, 0xfd, 0x6c, 0xfd, 0x2b, 0xfd, 0x2b,
  0xfc, 0xea, 0xf4, 0xe9, 0xf4, 0xe9, 0xec, 0xc9, 0xec, 0xa8, 0xec, 0xc9,
  0xed, 0x29, 0xe5, 0x29, 0xd5, 0x49, 0xcd, 0x49, 0xcd, 0x09, 0xcd, 0x29,
  0xcc, 0xe8, 0xb4, 0x67, 0xac, 0x07, 0xa3, 0xc6, 0xa3, 0xc7, 0xa4, 0x08,
  0xb4, 0x49, 0x9b, 0xe7, 0xa3, 0xa8, 0x7a, 0xa4, 0x8a, 0xa5, 0x8a, 0xe7,
  0x7a, 0xe5, 0x72, 0xc5, 0x7a, 0xe5, 0x72, 0xc5, 0x82, 0xe5, 0x7a, 0xc5,
  0x7a, 0x85, 0x6a, 0x44, 0x82, 0x84, 0x8b, 0x27, 0x8a, 0xe5, 0x7a, 0xa4,
  0x7a, 0xa4, 0x72, 0xa5, 0x72, 0x84, 0x72, 0xa5, 0x7a, 0xa5, 0x72, 0x84,
  0x6a, 0x44, 0x62, 0x44, 0x6a, 0x44, 0x6a, 0x65, 0x6a, 0x63, 0x72, 0xc5,
  0x83, 0x06, 0x72, 0xa4, 0x59, 0xe3, 0x51, 0xc3, 0x59, 0xe3, 0x5a, 0x25,
  0x62, 0x24, 0x6a, 0xa6, 0x7a, 0xc4, 0x83, 0x67, 0x9b, 0x85, 0x9b, 0xc7,
  0xa3, 0xc6, 0x9b, 0xa6, 0xa3, 0xc6, 0x93, 0xa6, 0x93, 0x85, 0x93, 0xa6,
  0x9b, 0xa6, 0x93, 0xc6, 0x8b, 0x45, 0x8b, 0x86, 0xa3, 0xc6, 0xa4, 0x07,
  0xa3, 0xe7, 0x83, 0x04, 0x62, 0x23, 0x5a, 0x24, 0x6a, 0x44, 0x7a, 0xe7,
  0xa3, 0xe7, 0xa4, 0x48, 0xa4, 0x06, 0x93, 0xc6, 0xa3, 0xe6, 0xb4, 0x68,
  0xb4, 0x27, 0xa3, 0xa5, 0x9b, 0x86, 0x9b, 0x86, 0xa3, 0xa6, 0xa3, 0xe7,
  0x93, 0x85, 0x93, 0xe7, 0x93, 0xe8, 0x94, 0x29, 0x9c, 0x49, 0xa4, 0xeb,
  0xb5, 0x2d, 0xad, 0x4d, 0xb5, 0x4e, 0xa4, 0xed, 0xa4, 0xec, 0xa4, 0xec,
  0x9c, 0x8b, 0xa4, 0xec, 0xbd, 0x4e, 0xc5, 0xaf, 0xd5, 0xf0, 0xd6, 0x31,
  0xe6, 0x11, 0xde, 0x11, 0xe6, 0x10, 0xde, 0x31, 0xe6, 0x52, 0xde, 0x52,
  0xe6, 0x52, 0xde, 0x32, 0xde, 0x12, 0xde, 0x32, 0xe6, 0x11, 0xde, 0x11,
  0xe5, 0xf0, 0xe6, 0x31, 0xdd, 0xf0, 0xde, 0x10, 0xde, 0x10, 0xe6, 0x31,
  0xe6, 0x52, 0xde, 0x32, 0xde, 0x11, 0xde, 0x11, 0xe6, 0x10, 0xd5, 0xf0,
  0xd6, 0x0f, 0xde, 0x30, 0xd6, 0x31, 0xde, 0x31, 0xde, 0x72, 0xde, 0x52,
  0xd6, 0x31, 0xde, 0x11, 0xd6, 0x31, 0xde, 0x30, 0xde, 0x30, 0xd5, 0xcf,
  0xd5, 0xce, 0xd5, 0xcd, 0xd5, 0xad, 0xd5, 0x8c, 0xcd, 0x4d, 0xd5, 0x4c,
  0xbc, 0xcb, 0xc4, 0xaa, 0xb4, 0x4a, 0xb4, 0x29, 0xb4, 0x4a, 0xab, 0xe9,
  0xac, 0x09, 0xb3, 0xe9, 0xb4, 0x2a, 0xbc, 0x29, 0xb4, 0x29, 0xbc, 0x49,
  0xb4, 0x49, 0xbc, 0x29, 0xab, 0xe8, 0xab, 0xa7, 0xab, 0xe8, 0xb3, 0xc8,
  0xab, 0xe8, 0xbc, 0x08, 0xb4, 0x09, 0xb3, 0xe9, 0xb3, 0xc8, 0xb3, 0xc7,
  0xb3, 0xc8, 0xb3, 0x87, 0xa3, 0x66, 0xb3, 0xa7, 0xb3, 0xa7, 0xb3, 0xa7,
  0xb3, 0xe7, 0xb3, 0xc6, 0xc3, 0xe8, 0xc3, 0xe7, 0xc4, 0x49, 0xd4, 0x6a,
  0xc4, 0xab, 0xbc, 0x48, 0xab, 0x25, 0xbb, 0xa7, 0xe4, 0xc9, 0xed, 0x0a,
  0xec, 0xe9, 0xec, 0xe8, 0xe4, 0xc9, 0xdc, 0x67, 0xd4, 0xa9, 0xd4, 0x88,
  0xcc, 0xea, 0xd4, 0xe9, 0xdc, 0xca, 0xd4, 0x48, 0xa3, 0x26, 0x9a, 0xc4,
  0xa3, 0x46, 0xc4, 0x2a, 0xcc, 0xab, 0xcc, 0x8a, 0xcc, 0x8b, 0xcc, 0x8a,
  0xcc, 0x8a, 0xd4, 0xaa, 0xdd, 0x2c, 0xd4, 0xcb, 0xdc, 0x29, 0xec, 0x8a,
  0xc2, 0xa5, 0xe3, 0x89, 0xfc, 0xed, 0xfc, 0xcc, 0x93, 0x46, 0x93, 0x05,
  0x83, 0x66, 0x83, 0x66, 0x83, 0x46, 0x93, 0xa7, 0x93, 0xe9, 0x93, 0xa8,
  0x93, 0xc8, 0xa4, 0x08, 0xa3, 0xe8, 0xa3, 0xc8, 0xab, 0xe7, 0xab, 0xa6,
  0xc4, 0x07, 0xd4, 0x89, 0xd4, 0x48, 0xdc, 0x47, 0xdc, 0x48, 0xdc, 0x27,
  0xc3, 0xc7, 0xd3, 0xe7, 0xcc, 0x28, 0xcc, 0x08, 0xcc, 0xc8, 0xdd, 0x09,
  0xcd, 0x08, 0xcc, 0xe7, 0xcc, 0xe8, 0xcc, 0xe8, 0xcd, 0x0a, 0xcc, 0xe9,
  0xb4, 0x89, 0xac, 0x27, 0xa3, 0xc7, 0x9b, 0x86, 0xac, 0x28, 0xb4, 0x69,
  0xac, 0x29, 0x9b, 0x86, 0x93, 0x27, 0x7a, 0x64, 0x82, 0x85, 0x8a, 0x85,
  0x72, 0xe5, 0x72, 0xa4, 0x6a, 0xa5, 0x72, 0xa5, 0x72, 0xc5, 0x7a, 0xa5,
  0x72, 0x85, 0x72, 0x44, 0x7a, 0xa5, 0x8b, 0x06, 0x8b, 0x06, 0x82, 0xa4,
  0x7a, 0xc6, 0x7a, 0xa5, 0x6a, 0x85, 0x7a, 0xc5, 0x7a, 0xa5, 0x72, 0x64,
  0x62, 0x45, 0x62, 0x03, 0x6a, 0x65, 0x6a, 0x44, 0x6a, 0x84, 0x72, 0xa5,
  0x7b, 0x27, 0x6a, 0x63, 0x51, 0xe4, 0x51, 0xa3, 0x51, 0xe4, 0x62, 0x25,
  0x5a, 0x24, 0x72, 0xa6, 0x72, 0xc5, 0x83, 0x27, 0x8b, 0x65, 0x9b, 0xa6,
  0x9b, 0xa6, 0x9b, 0xa6, 0x9b, 0xc7, 0x9b, 0x86, 0x93, 0xa6, 0x93, 0x85,
  0x93, 0xa6, 0x93, 0x85, 0x8b, 0x66, 0x93, 0x66, 0x9b, 0xc7, 0xa3, 0xe7,
  0x93, 0xa7, 0x82, 0xc3, 0x5a, 0x24, 0x5a, 0x24, 0x62, 0x45, 0x72, 0xc6,
  0x9b, 0xe8, 0xac, 0x49, 0x9c, 0x07, 0x93, 0x85, 0x9b, 0x86, 0xac, 0x07,
  0xb4, 0x47, 0xab, 0xe5, 0x9b, 0xa7, 0x9b, 0x86, 0x9b, 0xa6, 0xab, 0xe7,
  0xa3, 0xe8, 0x93, 0x45, 0x8b, 0xa8, 0x8b, 0x87, 0x83, 0xe9, 0x9c, 0x4a,
  0xad, 0x2d, 0xad, 0x0d, 0xad, 0x2e, 0xa4, 0xed, 0x9c, 0xed, 0x9c, 0xcc,
  0x94, 0xac, 0x9c, 0xac, 0xa5, 0x0d, 0xb5, 0x6f, 0xbd, 0x8f, 0xcd, 0xd0,
  0xd6, 0x10, 0xde, 0x10, 0xdd, 0xf0, 0xe6, 0x10, 0xde, 0x32, 0xdd, 0xf1,
  0xde, 0x32, 0xde, 0x32, 0xde, 0x32, 0xdd, 0xf1, 0xd6, 0x11, 0xdd, 0xf1,
  0xde, 0x11, 0xdd, 0xf1, 0xde, 0x11, 0xdd, 0xf0, 0xde, 0x11, 0xe6, 0x31,
  0xde, 0x32, 0xde, 0x11, 0xde, 0x32, 0xdd, 0xf1, 0xd5, 0xf1, 0xd5, 0xb0,
  0xd5, 0xef, 0xd5, 0xef, 0xde, 0x11, 0xde, 0x52, 0xde, 0x51, 0xd6, 0x52,
  0xde, 0x30, 0xd6, 0x31, 0xde, 0x0f, 0xde, 0x30, 0xdd, 0xee, 0xd5, 0xce,
  0xdd, 0xee, 0xdd, 0xee, 0xd5, 0x8c, 0xcd, 0x6c, 0xd5, 0x2b, 0xc4, 0xea,
  0xc4, 0xca, 0xb4, 0x89, 0xab, 0xe7, 0xb4, 0x29, 0xb4, 0x29, 0xac, 0x09,
  0xb3, 0xc8, 0xab, 0xe8, 0xb4, 0x08, 0xb4, 0x29, 0xb3, 0xe7, 0xb4, 0x28,
  0xbc, 0x08, 0xab, 0xe8, 0xb3, 0xc7, 0xab, 0xa7, 0xab, 0x86, 0xab, 0xa7,
  0xab, 0x87, 0xb3, 0xe8, 0xbc, 0x29, 0xb4, 0x09, 0xbb, 0xc7, 0xab, 0xa7,
  0xb3, 0x66, 0xab, 0x87, 0xb3, 0xa7, 0xb3, 0xe8, 0xb3, 0x85, 0xb3, 0xc7,
  0xc4, 0x48, 0xbc, 0x07, 0xc4, 0x08, 0xbb, 0xe8, 0xbb, 0xe7, 0xc4, 0x49,
  0xcc, 0x49, 0xb3, 0xc7, 0xbb, 0x65, 0xd4, 0x49, 0xec, 0xa8, 0xec, 0xc9,
  0xec, 0xe8, 0xec, 0xe9, 0xdc, 0x88, 0xd4, 0x68, 0xd4, 0x47, 0xd4, 0x68,
  0xd4, 0x68, 0xdc, 0xc9, 0xe4, 0x69, 0xc3, 0xa7, 0x9a, 0x84, 0x92, 0x64,
  0xab, 0x66, 0xc4, 0x6b, 0xd4, 0xeb, 0xcc, 0xec, 0xcc, 0xaa, 0xcc, 0xcb,
  0xcc, 0x48, 0xcc, 0x69, 0xd4, 0x88, 0xd4, 0xc9, 0xec, 0x89, 0xdc, 0x28,
  0xba, 0x22, 0xeb, 0xea, 0xfc, 0xeb, 0xf4, 0xcb, 0xb3, 0x87, 0x92, 0xa4,
  0x82, 0xc5, 0x83, 0x26, 0x82, 0xe5, 0x83, 0x26, 0x83, 0x26, 0x83, 0x46,
  0x8b, 0x46, 0x8b, 0xa8, 0x93, 0xa7, 0x93, 0xc8, 0x93, 0xa6, 0x93, 0xc7,
  0xa3, 0x86, 0xa3, 0xc7, 0xbb, 0xc6, 0xb3, 0xc7, 0xbb, 0xc6, 0xbb, 0xe7,
  0xbb, 0xe7, 0xb4, 0x08, 0xbc, 0x07, 0xbc, 0x28, 0xcc, 0xc7, 0xcd, 0x08,
  0xcc, 0xa6, 0xc4, 0xc7, 0xcc, 0xe8, 0xd5, 0x29, 0xcc, 0xe8, 0xbc, 0x87,
  0xb4, 0x67, 0xa3, 0xc6, 0x9b, 0x85, 0xac, 0x68, 0xbc, 0x68, 0xbc, 0x88,
  0xb4, 0x27, 0x9b, 0xa6, 0x93, 0x26, 0x7a, 0xa4, 0x8a, 0xc6, 0x8a, 0xc6,
  0x7a, 0xe5, 0x72, 0xc5, 0x72, 0x84, 0x72, 0xc5, 0x7a, 0xa5, 0x7a, 0xc5,
  0x82, 0xc6, 0x72, 0x65, 0x82, 0xc5, 0x8b, 0x27, 0x93, 0x05, 0x8b, 0x05,
  0x83, 0x05, 0x7a, 0xe5, 0x7a, 0xa4, 0x7a, 0xe6, 0x82, 0xc4, 0x72, 0x84,
  0x6a, 0x44, 0x62, 0x44, 0x72, 0x64, 0x6a, 0x44, 0x72, 0x84, 0x7a, 0xe6,
  0x83, 0x05, 0x62, 0x22, 0x51, 0xc3, 0x49, 0xc4, 0x5a, 0x04, 0x5a, 0x25,
  0x59, 0xe3, 0x6a, 0x86, 0x72, 0xa4, 0x83, 0x26, 0x93, 0x65, 0x9b, 0xa6,
  0x9b, 0x85, 0x9b, 0xc6, 0xa3, 0xc6, 0x9b, 0xc6, 0x9b, 0xa6, 0x93, 0xa6,
  0x9b, 0xc5, 0x93, 0x85, 0x93, 0x45, 0x93, 0x86, 0xa3, 0xc6, 0xa3, 0xe7,
  0x9b, 0xc6, 0x8b, 0x45, 0x5a, 0x23, 0x5a, 0x44, 0x62, 0x24, 0x72, 0xc7,
  0xa3, 0xc7, 0xa4, 0x28, 0x9b, 0xa5, 0x93, 0xa6, 0x93, 0x45, 0xa4, 0x08,
  0xbc, 0x47, 0xb4, 0x27, 0xa3, 0xa5, 0xa3, 0xe6, 0xa3, 0xc6, 0xa3, 0xc6,
  0xac, 0x07, 0x9b, 0xa5, 0x8b, 0x65, 0x8b, 0x86, 0x83, 0x87, 0x94, 0x29,
  0xa4, 0xab, 0xa4, 0xec, 0xad, 0x0d, 0xa5, 0x0e, 0x9c, 0xab, 0x9c, 0xed,
  0x9c, 0xab, 0x9c, 0xcc, 0xa4, 0xec, 0xa5, 0x2d, 0xb5, 0x4d, 0xbd, 0x8e,
  0xcd, 0xcf, 0xd6, 0x10, 0xdd, 0xef, 0xde, 0x10, 0xdd, 0xef, 0xde, 0x10,
  0xde, 0x10, 0xde, 0x31, 0xde, 0x31, 0xde, 0x32, 0xde, 0x11, 0xd6, 0x11,
  0xde, 0x10, 0xde, 0x31, 0xdd, 0xef, 0xde, 0x10, 0xdd, 0xf0, 0xde, 0x31,
  0xde, 0x11, 0xde, 0x31, 0xdd, 0xf0, 0xd5, 0xf0, 0xde, 0x10, 0xd5, 0xf0,
  0xcd, 0xd0, 0xd5, 0xf0, 0xd5, 0xf1, 0xd6, 0x11, 0xde, 0x32, 0xde, 0x12,
  0xd6, 0x11, 0xde, 0x11, 0xde, 0x30, 0xde, 0x0f, 0xd5, 0xef, 0xd5, 0xce,
  0xdd, 0xef, 0xd5, 0x8d, 0xcd, 0x4d, 0xcd, 0x2c, 0xc4, 0xcb, 0xbc, 0x8a,
  0xc4, 0xac, 0xab, 0xe8, 0xa3, 0xc8, 0xb4, 0x29, 0xac, 0x09, 0xab, 0xe8,
  0xab, 0xc8, 0xb3, 0xc8, 0xb3, 0xe8, 0xb3, 0xe7, 0xab, 0xe8, 0xb4, 0x08,
  0xb4, 0x29, 0xb3, 0xc7, 0xab, 0xa8, 0xab, 0xa7, 0xa3, 0x67, 0xa3, 0x46,
  0xa3, 0x67, 0xab, 0x87, 0xab, 0xe8, 0xbc, 0x09, 0xab, 0x87, 0xab, 0x26,
  0xa3, 0x06, 0xab, 0x46, 0xab, 0x87, 0xc4, 0x29, 0xbb, 0xc7, 0xbb, 0xa6,
  0xc4, 0x69, 0xbb, 0xe7, 0xbb, 0xc8, 0xc3, 0xc7, 0xb3, 0xe8, 0xc4, 0x08,
  0xbb, 0xe8, 0xb3, 0x86, 0xbb, 0xc7, 0xd4, 0x49, 0xe4, 0xa8, 0xec, 0xe9,
  0xe4, 0xa8, 0xe4, 0x67, 0xcc, 0x48, 0xcc, 0x07, 0xc4, 0x07, 0xcc, 0x07,
  0xd4, 0x69, 0xd4, 0x08, 0xa2, 0xa5, 0x89, 0xe2, 0x8a, 0x64, 0xab, 0x07,
  0xbc, 0x29, 0xd4, 0xcb, 0xdd, 0x2d, 0xdd, 0x0c, 0xd4, 0xec, 0xd4, 0xcb,
  0xd4, 0xec, 0xd4, 0x8a, 0xcc, 0x07, 0xd4, 0x07, 0xe4, 0x4a, 0xec, 0x8a,
  0xcb, 0xa7, 0xe4, 0x6a, 0xe4, 0xaa, 0xdc, 0x48, 0xc4, 0x8b, 0xc4, 0x6a,
  0xbb, 0xe9, 0xb3, 0x66, 0x8b, 0x25, 0x93, 0x05, 0x73, 0x26, 0x73, 0x05,
  0x73, 0x06, 0x7b, 0x26, 0x7b, 0x47, 0x83, 0x47, 0x83, 0x87, 0x83, 0x66,
  0x8b, 0x67, 0x93, 0xa7, 0xac, 0x08, 0xb4, 0x28, 0xb4, 0x28, 0xbc, 0x48,
  0xb4, 0x49, 0xbc, 0x48, 0xb4, 0x68, 0xc4, 0x89, 0xc4, 0xc8, 0xc4, 0xa8,
  0xc4, 0xe8, 0xcc, 0xc8, 0xcc, 0xe9, 0xcc, 0xc8, 0xbc, 0x89, 0xc4, 0x88,
  0xa4, 0x08, 0x93, 0x65, 0xac, 0x48, 0xc4, 0xea, 0xc4, 0xc8, 0xc4, 0x87,
  0xb4, 0x69, 0xa3, 0xe6, 0x93, 0x88, 0x7a, 0x84, 0x82, 0xe6, 0x8a, 0xc5,
  0x7b, 0x25, 0x7a, 0xe4, 0x62, 0x85, 0x72, 0xc5, 0x72, 0xc6, 0x7a, 0xa5,
  0x82, 0xe7, 0x72, 0x64, 0x82, 0xe6, 0x8b, 0x06, 0x8b, 0x26, 0x93, 0x26,
  0x7a, 0xe5, 0x7a, 0xa4, 0x72, 0xc5, 0x82, 0xe5, 0x7a, 0xc5, 0x72, 0x63,
  0x6a, 0x44, 0x72, 0x64, 0x6a, 0x85, 0x6a, 0x44, 0x6a, 0xa5, 0x7a, 0xe6,
  0x72, 0xe6, 0x62, 0x02, 0x49, 0xc4, 0x51, 0xc4, 0x5a, 0x25, 0x62, 0x25,
  0x51, 0xe3, 0x6a, 0x65, 0x72, 0xc5, 0x7a, 0xe6, 0x8b, 0x66, 0x9b, 0x86,
  0x9b, 0xa6, 0x9b, 0x86, 0x9b, 0xe7, 0x9b, 0xc6, 0xa4, 0x08, 0x9b, 0xa6,
  0xa3, 0xe7, 0x9b, 0xa5, 0x8b, 0x66, 0x8b, 0x65, 0x9b, 0xc7, 0xa3, 0xc7,
  0x9b, 0xc7, 0x83, 0x04, 0x5a, 0x65, 0x5a, 0x24, 0x5a, 0x45, 0x7a, 0xe7,
  0x9b, 0xa7, 0xa3, 0xc7, 0x93, 0xc6, 0x9b, 0xa6, 0x93, 0x86, 0xa3, 0xc7,
  0xbc, 0x68, 0xb4, 0x06, 0xa3, 0xc6, 0xa3, 0xa5, 0xa3, 0xe6, 0x9b, 0x85,
  0xa3, 0xe7, 0xab, 0xe6, 0x93, 0xc7, 0x93, 0x85, 0x7b, 0x66, 0x8b, 0xc7,
  0x94, 0x6a, 0x9c, 0x6a, 0xa5, 0x0d, 0xad, 0x2d, 0x9c, 0xed, 0x94, 0xab,
  0x94, 0xcc, 0x94, 0x6b, 0x94, 0x6b, 0x9c, 0xab, 0xad, 0x0d, 0xad, 0x0c,
  0xb5, 0x6e, 0xc5, 0x8e, 0xcd, 0xaf, 0xde, 0x10, 0xde, 0x31, 0xdd, 0xf0,
  0xd6, 0x11, 0xdd, 0xf0, 0xd6, 0x11, 0xde, 0x11, 0xde, 0x32, 0xde, 0x11,
  0xd6, 0x11, 0xde, 0x11, 0xde, 0x11, 0xdd, 0xf0, 0xde, 0x11, 0xe6, 0x31,
  0xde, 0x52, 0xd5, 0xf0, 0xd5, 0xf0, 0xdd, 0xd0, 0xd5, 0xf1, 0xdd, 0xd0,
  0xdd, 0xf0, 0xd6, 0x11, 0xd5, 0xf0, 0xd5, 0xf0, 0xde, 0x11, 0xd6, 0x11,
  0xde, 0x10, 0xd6, 0x11, 0xdd, 0xee, 0xd5, 0xef, 0xdd, 0xee, 0xd5, 0xee,
  0xdd, 0xae, 0xcd, 0x6d, 0xd5, 0x0b, 0xb4, 0x89, 0xb4, 0x29, 0xc4, 0xcc,
  0xbc, 0x09, 0xa3, 0x67, 0xab, 0xa8, 0xb4, 0x0a, 0xb4, 0x09, 0xac, 0x09,
  0xb3, 0xc7, 0xab, 0xc8, 0xb3, 0xc6, 0xb3, 0xc7, 0xbb, 0xe7, 0xb3, 0xe8,
  0xbb, 0xe7, 0xb3, 0xe7, 0xb3, 0xc7, 0xab, 0xa7, 0xab, 0x87, 0xa3, 0x66,
  0xab, 0x66, 0xab, 0xa7, 0xab, 0x86, 0xb3, 0xe8, 0xb3, 0x66, 0xa3, 0x46,
  0xab, 0x05, 0xab, 0x46, 0xb3, 0x86, 0xbb, 0xc8, 0xc3, 0xe6, 0xbb, 0xe7,
  0xcc, 0x48, 0xbc, 0x08, 0xbb, 0x86, 0xc3, 0xe8, 0xbb, 0xe7, 0xbc, 0x08,
  0xbb, 0xc6, 0xb3, 0xa6, 0xc3, 0xa6, 0xcc, 0x48, 0xec, 0xa7, 0xec, 0xe9,
  0xec, 0xa8, 0xdc, 0xa8, 0xc4, 0x07, 0xbb, 0xe7, 0xc3, 0xe7, 0xcc, 0x28,
  0xd4, 0x28, 0xa2, 0xc3, 0xa2, 0x84, 0xaa, 0xe5, 0xbb, 0x66, 0xc3, 0xe9,
  0xc4, 0x48, 0xd5, 0x0c, 0xe5, 0x4d, 0xdd, 0x4d, 0xdd, 0x0c, 0xdd, 0x4d,
  0xed, 0x4d, 0xdd, 0x0c, 0xe4, 0x69, 0xd4, 0x28, 0xdc, 0x49, 0xf5, 0x0c,
  0xf5, 0x2c, 0xd4, 0x8a, 0xd4, 0x89, 0xcc, 0xaa, 0xdc, 0xeb, 0xd4, 0xeb,
  0xeb, 0xc8, 0xe3, 0xe9, 0xbb, 0xa7, 0xab, 0x26, 0x83, 0x66, 0x7b, 0x26,
  0x7b, 0x05, 0x72, 0xe6, 0x7b, 0x26, 0x83, 0x67, 0x83, 0x66, 0x83, 0x87,
  0x83, 0x66, 0x8b, 0xa7, 0xab, 0xe7, 0xb4, 0x69, 0xbc, 0x68, 0xb4, 0x68,
  0xbc, 0x68, 0xb4, 0x68, 0xbc, 0x68, 0xbc, 0x88, 0xc4, 0x87, 0xc4, 0xc8,
  0xcc, 0xc8, 0xcc, 0xe9, 0xd5, 0x09, 0xd5, 0x0a, 0xcc, 0xc9, 0xac, 0x07,
  0x9b, 0xc5, 0xb4, 0x89, 0xc4, 0xe8, 0xc5, 0x09, 0xcc, 0xe8, 0xc4, 0xa7,
  0xac, 0x27, 0xa3, 0xe6, 0x93, 0x46, 0x72, 0x63, 0x8a, 0xe5, 0x8a, 0xe6,
  0x8b, 0x25, 0x7b, 0x04, 0x72, 0xc4, 0x62, 0x84, 0x72, 0x84, 0x6a, 0x85,
  0x7a, 0x84, 0x7a, 0x85, 0x8b, 0x05, 0x8b, 0x06, 0x93, 0x25, 0x8b, 0x05,
  0x82, 0xe5, 0x72, 0xa4, 0x82, 0xc4, 0x93, 0x67, 0x8a, 0xe5, 0x7a, 0x84,
  0x72, 0x44, 0x72, 0xa5, 0x7a, 0xa5, 0x6a, 0x85, 0x72, 0xa4, 0x7b, 0x06,
  0x7a, 0xe5, 0x5a, 0x02, 0x51, 0xc3, 0x49, 0xc4, 0x6a, 0x24, 0x72, 0xa6,
  0x62, 0x24, 0x62, 0x65, 0x72, 0xa5, 0x7b, 0x27, 0x93, 0x65, 0x9b, 0xa7,
  0x9b, 0x85, 0x9b, 0xc6, 0xa3, 0xc6, 0xa4, 0x07, 0xa3, 0xe6, 0xa4, 0x07,
  0xa3, 0xe6, 0x9b, 0xa5, 0x93, 0x65, 0x8b, 0x66, 0x9b, 0xc6, 0xa3, 0xe7,
  0xa3, 0xe7, 0x83, 0x44, 0x62, 0x44, 0x5a, 0x44, 0x62, 0x44, 0x73, 0x07,
  0x9b, 0x86, 0xa3, 0xe7, 0xa3, 0xc6, 0xa3, 0xe7, 0xa3, 0xa5, 0xa4, 0x07,
  0xbc, 0x47, 0xb4, 0x67, 0xa3, 0xa5, 0xa3, 0xc5, 0xac, 0x26, 0xac, 0x07,
  0xac, 0x06, 0xb4, 0x48, 0xac, 0x27, 0x9b, 0xc6, 0x8b, 0x86, 0x7b, 0x66,
  0x8b, 0xa7, 0x94, 0x6a, 0x9c, 0x8b, 0xad, 0x0d, 0x9c, 0xcc, 0x94, 0xab,
  0x9c, 0xab, 0x94, 0xab, 0x94, 0x29, 0x94, 0x6b, 0xa4, 0xab, 0xad, 0x0c,
  0xb5, 0x2c, 0xad, 0x2c, 0xbd, 0x2c, 0xc5, 0x8e, 0xdd, 0xf0, 0xd5, 0xf1,
  0xe6, 0x31, 0xde, 0x11, 0xdd, 0xf0, 0xde, 0x31, 0xe6, 0x31, 0xde, 0x31,
  0xde, 0x11, 0xde, 0x11, 0xdd, 0xf0, 0xde, 0x11, 0xde, 0x11, 0xde, 0x11,
  0xdd, 0xf0, 0xd6, 0x10, 0xdd, 0xf0, 0xd5, 0xf0, 0xdd, 0xf0, 0xdd, 0xf0,
  0xd6, 0x11, 0xd5, 0xf0, 0xd6, 0x11, 0xde, 0x11, 0xd6, 0x11, 0xd5, 0xcf,
  0xd5, 0xef, 0xd5, 0xee, 0xd5, 0xce, 0xd5, 0xad, 0xd5, 0xef, 0xdd, 0xce,
  0xd5, 0xae, 0xcd, 0x4c, 0xbc, 0xab, 0xac, 0x08, 0xb4, 0x6b, 0xbc, 0x6b,
  0xa3, 0xa8, 0xa3, 0x87, 0xab, 0xc9, 0xb3, 0xe9, 0xac, 0x0a, 0xb3, 0xe9,
  0xab, 0xe8, 0xb3, 0xc8, 0xb4, 0x08, 0xb3, 0xa7, 0xb3, 0xc7, 0xb3, 0xa7,
  0xb3, 0xe8, 0xb3, 0xc7, 0xab, 0x87, 0xbb, 0xc7, 0xb4, 0x09, 0xa3, 0x66,
  0xa3, 0x66, 0xa3, 0x45, 0x9b, 0x26, 0xb3, 0x87, 0xab, 0x87, 0xab, 0x46,
  0xa3, 0x26, 0xab, 0x26, 0xb3, 0x87, 0xbb, 0xc8, 0xb3, 0xa6, 0xc3, 0xc7,
  0xbc, 0x08, 0xbb, 0xa7, 0xab, 0x46, 0xbb, 0xa7, 0xbb, 0xe8, 0xbb, 0xa7,
  0xbb, 0xc7, 0xb3, 0x86, 0xc3, 0xc7, 0xd4, 0x28, 0xe4, 0xc9, 0xec, 0xa8,
  0xd4, 0xa9, 0xd4, 0x68, 0xbc, 0x08, 0xbc, 0x08, 0xc4, 0x49, 0xcc, 0x49,
  0xa2, 0xc4, 0xbb, 0x45, 0xcc, 0x29, 0xd4, 0x28, 0xcc, 0x29, 0xd4, 0x69,
  0xcc, 0xcb, 0xd4, 0xeb, 0xdd, 0x6e, 0xe5, 0x6d, 0xdd, 0x6e, 0xe5, 0x6e,
  0xe5, 0x6d, 0xe5, 0x2c, 0xe5, 0x2c, 0xed, 0x0b, 0xdc, 0xab, 0xe4, 0xeb,
  0xd4, 0xab, 0xcc, 0x49, 0xcc, 0xab, 0xd4, 0xcb, 0xdc, 0x8a, 0xd4, 0x28,
  0xfc, 0x8c, 0xfc, 0x8c, 0xcb, 0xea, 0xaa, 0xc5, 0x8b, 0x87, 0x93, 0x87,
  0x9c, 0x0a, 0x93, 0x88, 0x83, 0x88, 0x8b, 0x87, 0x83, 0x87, 0x83, 0x46,
  0x7b, 0x47, 0x7b, 0x26, 0x8b, 0x87, 0xac, 0x49, 0xb4, 0x6a, 0xb4, 0x49,
  0xac, 0x69, 0xb4, 0x68, 0xb4, 0x48, 0xb4, 0x27, 0xbc, 0x89, 0xcc, 0xca,
  0xc4, 0xa9, 0xc4, 0x88, 0xcd, 0x0b, 0xc4, 0xa9, 0xa3, 0xe7, 0xac, 0x27,
  0xc4, 0xe9, 0xcd, 0x09, 0xcd, 0x29, 0xd5, 0x09, 0xc4, 0xe9, 0xbc, 0x87,
  0xa3, 0xe7, 0xa3, 0xe7, 0x8b, 0x07, 0x7a, 0x23, 0x82, 0xe6, 0x93, 0x06,
  0x83, 0x46, 0x8b, 0x25, 0x6a, 0xc5, 0x6a, 0x84, 0x6a, 0x86, 0x72, 0x85,
  0x72, 0x65, 0x7a, 0x65, 0x93, 0x47, 0x93, 0x46, 0x93, 0x46, 0x93, 0x25,
  0x7b, 0x06, 0x7a, 0xa5, 0x83, 0x06, 0x9b, 0x88, 0x83, 0x06, 0x7a, 0x84,
  0x6a, 0x85, 0x72, 0xa5, 0x72, 0xc5, 0x72, 0x84, 0x72, 0xa5, 0x8b, 0x47,
  0x72, 0xe6, 0x59, 0xe2, 0x51, 0xe4, 0x51, 0xc4, 0x6a, 0x66, 0x72, 0x86,
  0x5a, 0x24, 0x62, 0x44, 0x6a, 0x85, 0x7a, 0xc6, 0x93, 0x66, 0x9b, 0x66,
  0x9b, 0x86, 0x9b, 0x86, 0x93, 0xc6, 0x9b, 0xc6, 0x9b, 0xc6, 0xa3, 0xc6,
  0x9b, 0xc6, 0x93, 0x64, 0x83, 0x25, 0x93, 0x46, 0x9b, 0xc7, 0xa3, 0xc7,
  0x9b, 0xc7, 0x93, 0x45, 0x5a, 0x44, 0x5a, 0x03, 0x5a, 0x24, 0x7a, 0xe7,
  0x93, 0x86, 0xa3, 0xa7, 0x9b, 0xc7, 0x9b, 0xa6, 0x9b, 0xa6, 0xa3, 0xa6,
  0xb4, 0x47, 0xbc, 0x68, 0xac, 0x06, 0xab, 0xc5, 0xac, 0x27, 0xb4, 0x27,
  0xac, 0x07, 0xbc, 0x47, 0xac, 0x68, 0xa3, 0xe6, 0x8b, 0xc8, 0x83, 0x45,
  0x7b, 0x67, 0x83, 0x88, 0x8c, 0x0a, 0xac, 0xed, 0x9d, 0x0d, 0x94, 0x8b,
  0x94, 0xac, 0x9c, 0xac, 0x9c, 0x8c, 0x9c, 0x6b, 0x9c, 0xab, 0xa4, 0xab,
  0xad, 0x2d, 0xb5, 0x2d, 0xad, 0x0d, 0xb5, 0x2d, 0xc5, 0xb0, 0xc5, 0x6f,
  0xbd, 0x6f, 0xd5, 0xd0, 0xde, 0x32, 0xde, 0x11, 0xd6, 0x12, 0xde, 0x11,
  0xd6, 0x11, 0xdd, 0xd0, 0xd5, 0xf1, 0xde, 0x11, 0xde, 0x31, 0xdd, 0xf0,
  0xd6, 0x10, 0xdd, 0xef, 0xd5, 0xf0, 0xdd, 0xcf, 0xd5, 0xd0, 0xdd, 0xcf,
  0xd5, 0xf0, 0xd6, 0x10, 0xde, 0x31, 0xde, 0x52, 0xde, 0x30, 0xcd, 0xef,
  0xd5, 0xce, 0xd5, 0xee, 0xdd, 0xed, 0xd5, 0xcd, 0xdd, 0xad, 0xd5, 0xad,
  0xd5, 0x6c, 0xcd, 0x4c, 0xb4, 0x49, 0xb4, 0x69, 0xbc, 0x4a, 0xb4, 0x29,
  0xab, 0xa7, 0xa3, 0xa7, 0xb3, 0xe8, 0xb4, 0x2a, 0xb4, 0x09, 0xab, 0xe9,
  0xb3, 0xc7, 0xab, 0xe8, 0xbb, 0xe7, 0xab, 0xa7, 0xb3, 0x86, 0xb3, 0xc7,
  0xc4, 0x28, 0xb4, 0x08, 0xab, 0x66, 0xb3, 0xe8, 0xbc, 0x28, 0xab, 0xe8,
  0xab, 0x46, 0xa3, 0x46, 0xa2, 0xe4, 0xa3, 0x25, 0xb3, 0x66, 0xa3, 0x25,
  0xab, 0x25, 0xab, 0x66, 0xab, 0x05, 0xab, 0x46, 0xb3, 0x25, 0xbb, 0xa7,
  0xc3, 0xe7, 0xbb, 0xe8, 0xbb, 0x86, 0xbb, 0xc7, 0xc3, 0xe8, 0xbb, 0xc8,
  0xc3, 0xe7, 0xbc, 0x07, 0xcc, 0x06, 0xd4, 0x68, 0xe4, 0xc8, 0xe4, 0xa8,
  0xdc, 0xa8, 0xcc, 0x67, 0xc4, 0x48, 0xbc, 0x28, 0xcc, 0x49, 0xb3, 0xc7,
  0xbb, 0x45, 0xdc, 0x8a, 0xdc, 0x68, 0xcc, 0x28, 0xcc, 0x28, 0xdc, 0xca,
  0xe5, 0x4c, 0xdd, 0x6d, 0xe5, 0x6d, 0xe5, 0x8e, 0xed, 0x8d, 0xe5, 0x8e,
  0xed, 0x6c, 0xe5, 0x4c, 0xed, 0x4b, 0xed, 0x6c, 0xe5, 0x0b, 0xe5, 0x0b,
  0xdd, 0x0b, 0xd4, 0xca, 0xcc, 0xeb, 0xd5, 0x2c, 0xe4, 0x69, 0xe4, 0xaa,
  0xf4, 0x2a, 0xd3, 0x47, 0xd3, 0xc9, 0xcb, 0xc9, 0xa3, 0xa7, 0x9b, 0x87,
  0x9b, 0xa8, 0x9b, 0xc8, 0xa4, 0x09, 0xa4, 0x2a, 0x9c, 0x29, 0x93, 0xe8,
  0x8b, 0xc8, 0x8b, 0xc8, 0x8b, 0x87, 0x93, 0xc8, 0xa4, 0x08, 0xa4, 0x29,
  0xac, 0x48, 0xac, 0x49, 0xac, 0x07, 0xac, 0x48, 0xac, 0x07, 0xa3, 0xe7,
  0x9b, 0xc6, 0xa4, 0x07, 0xa4, 0x07, 0x9c, 0x07, 0xbc, 0xc9, 0xcd, 0x8c,
  0xd5, 0x29, 0xcd, 0x08, 0xd5, 0x29, 0xcc, 0xe8, 0xb4, 0x47, 0xac, 0x07,
  0xa3, 0xe7, 0xac, 0x69, 0x92, 0xe6, 0x7a, 0x64, 0x8a, 0xe5, 0x8b, 0x06,
  0x8b, 0x46, 0x8b, 0x46, 0x7a, 0xa4, 0x6a, 0x84, 0x7a, 0x85, 0x6a, 0x65,
  0x72, 0x44, 0x7a, 0xa6, 0x9b, 0x45, 0x9b, 0x87, 0x9b, 0x66, 0x93, 0x46,
  0x8b, 0x06, 0x82, 0xe6, 0x9b, 0x47, 0xa3, 0xa8, 0x93, 0x05, 0x82, 0xc5,
  0x72, 0x84, 0x72, 0xc5, 0x72, 0xa4, 0x72, 0xc5, 0x7a, 0xa4, 0x8b, 0x87,
  0x7a, 0xe5, 0x5a, 0x02, 0x51, 0xe3, 0x49, 0xc4, 0x72, 0x85, 0x72, 0x86,
  0x5a, 0x03, 0x62, 0x44, 0x6a, 0x64, 0x72, 0xe6, 0x93, 0x45, 0x93, 0x86,
  0x9b, 0x85, 0x9b, 0xa6, 0xa3, 0xc6, 0xa3, 0xe7, 0xa3, 0xc5, 0xa3, 0xe6,
  0xa3, 0xc6, 0x93, 0x85, 0x8b, 0x25, 0x8b, 0x66, 0xa3, 0xe7, 0x9b, 0xe7,
  0xa3, 0xc6, 0x93, 0x85, 0x62, 0x43, 0x5a, 0x43, 0x62, 0x44, 0x7b, 0x07,
  0x9b, 0x65, 0xa4, 0x08, 0xa3, 0xa6, 0xa3, 0xc6, 0xa3, 0xa5, 0xac, 0x07,
  0xbc, 0x67, 0xbc, 0x88, 0xb4, 0x26, 0xa3, 0xc5, 0xb4, 0x06, 0xb4, 0x48,
  0xbc, 0x46, 0xb4, 0x06, 0xbc, 0x67, 0xac, 0x27, 0x9b, 0xe7, 0x83, 0x65,
  0x7b, 0x05, 0x73, 0x05, 0x7b, 0x46, 0x94, 0x4b, 0xad, 0x0e, 0x9c, 0x8c,
  0x94, 0x6a, 0x9c, 0xac, 0xa4, 0xac, 0x9c, 0xac, 0xac, 0xcc, 0xa4, 0xac,
  0xac, 0xcb, 0xad, 0x0d, 0xb5, 0x2d, 0xb5, 0x4d, 0xbd, 0x4d, 0xbd, 0x8f,
  0xc5, 0x6f, 0xbd, 0x6f, 0xc5, 0x6e, 0xcd, 0xd0, 0xde, 0x11, 0xde, 0x31,
  0xdd, 0xf0, 0xd6, 0x11, 0xde, 0x11, 0xde, 0x11, 0xdd, 0xf0, 0xde, 0x10,
  0xdd, 0xef, 0xd5, 0xcf, 0xdd, 0xef, 0xd5, 0xcf, 0xdd, 0xcf, 0xd5, 0xef,
  0xd6, 0x31, 0xd6, 0x11, 0xd6, 0x32, 0xde, 0x32, 0xd6, 0x10, 0xd5, 0xcf,
  0xd5, 0xf0, 0xd5, 0xef, 0xd5, 0xef, 0xd5, 0xce, 0xd5, 0xce, 0xd5, 0xad,
  0xd5, 0x6d, 0xbc, 0x89, 0xb4, 0x49, 0xc4, 0x8a, 0xb4, 0x4a, 0xa3, 0xa7,
  0xa3, 0xc8, 0xab, 0xe8, 0xac, 0x0a, 0xac, 0x09, 0xb4, 0x4a, 0xb4, 0x09,
  0xa3, 0xc7, 0xab, 0xa7, 0xb3, 0xc8, 0xb3, 0x86, 0xab, 0x87, 0xbb, 0xe8,
  0xbc, 0x6a, 0xbc, 0x29, 0xab, 0x87, 0xb3, 0x66, 0xb3, 0xe8, 0xbc, 0x08,
  0xab, 0x67, 0xab, 0x25, 0xa2, 0xe5, 0xaa, 0xe5, 0xa3, 0x26, 0xab, 0x46,
  0xa3, 0x46, 0xab, 0x46, 0xab, 0x06, 0xaa, 0xe5, 0xaa, 0xc5, 0xaa, 0xc4,
  0xab, 0x46, 0xc3, 0xe8, 0xc4, 0x49, 0xc4, 0x28, 0xc4, 0x49, 0xc4, 0x29,
  0xc4, 0x28, 0xc4, 0x07, 0xcc, 0x48, 0xd4, 0x68, 0xdc, 0xa8, 0xdc, 0xa8,
  0xd4, 0xa9, 0xd4, 0x68, 0xc4, 0x49, 0xc4, 0x08, 0xc4, 0x29, 0xbb, 0xc7,
  0xc4, 0x28, 0xd4, 0x69, 0xcc, 0x69, 0xd4, 0x8a, 0xd4, 0xec, 0xe5, 0x0c,
  0xe5, 0x8e, 0xed, 0xaf, 0xe5, 0x8e, 0xe5, 0x4d, 0xe5, 0x4d, 0xe5, 0x2c,
  0xe5, 0x2d, 0xed, 0x4c, 0xe5, 0x2b, 0xed, 0x0b, 0xe5, 0x2b, 0xe5, 0x2a,
  0xdd, 0x4c, 0xd5, 0x0b, 0xd5, 0x4c, 0xdd, 0x4c, 0xe4, 0xcb, 0xe4, 0x89,
  0xd3, 0x27, 0xeb, 0xc9, 0xe4, 0x8b, 0xec, 0x8b, 0xcd, 0x0c, 0xab, 0xa7,
  0x93, 0xc8, 0x8b, 0x46, 0x8b, 0x87, 0x93, 0xa8, 0x94, 0x09, 0x9c, 0x08,
  0x94, 0x09, 0x93, 0xc8, 0x93, 0xe9, 0x93, 0xc8, 0x93, 0xc9, 0xa4, 0x29,
  0xa4, 0x2a, 0xa3, 0xe8, 0x9b, 0xe8, 0x93, 0x66, 0x83, 0x66, 0x8b, 0x66,
  0x8b, 0x87, 0x93, 0xc8, 0xac, 0x89, 0xc5, 0x0b, 0xd5, 0x8b, 0xd5, 0x6a,
  0xd5, 0x49, 0xd5, 0x49, 0xcd, 0x09, 0xbc, 0x46, 0xac, 0x08, 0xab, 0xe6,
  0xa4, 0x29, 0xa4, 0x08, 0x8b, 0x27, 0x72, 0x23, 0x82, 0xe6, 0x93, 0x27,
  0x8b, 0x46, 0x8b, 0x46, 0x72, 0xc5, 0x72, 0xa4, 0x6a, 0x65, 0x72, 0x65,
  0x72, 0x65, 0x7a, 0xa6, 0x9b, 0x87, 0x9b, 0x46, 0x93, 0x46, 0x93, 0x45,
  0x83, 0x06, 0x82, 0xe5, 0xa3, 0xa8, 0xab, 0x87, 0x8b, 0x05, 0x8a, 0xc4,
  0x72, 0xa5, 0x7a, 0xe6, 0x72, 0xc5, 0x72, 0xa5, 0x7a, 0xe5, 0x93, 0x87,
  0x6a, 0xc5, 0x59, 0xe2, 0x49, 0xe4, 0x51, 0xe4, 0x72, 0xa6, 0x72, 0x85,
  0x5a, 0x24, 0x62, 0x24, 0x62, 0x65, 0x7a, 0xe7, 0x8b, 0x26, 0x93, 0x46,
  0x9b, 0x86, 0x9b, 0x86, 0x9b, 0xa6, 0xa3, 0xc6, 0xa3, 0xe6, 0xa3, 0xa5,
  0x9b, 0xc6, 0x9b, 0x85, 0x8b, 0x45, 0x8b, 0x45, 0x9b, 0xc7, 0xa3, 0xc7,
  0x9b, 0xc6, 0x93, 0x65, 0x5a, 0x44, 0x62, 0x43, 0x62, 0x65, 0x7a, 0xe7,
  0x93, 0x66, 0xa3, 0xe7, 0xa3, 0xc7, 0xa3, 0xa6, 0xa3, 0xe6, 0xb4, 0x27,
  0xb4, 0x67, 0xbc, 0x67, 0xac, 0x27, 0xa3, 0x84, 0xa3, 0xa6, 0xbc, 0x48,
  0xbc, 0x88, 0xb4, 0x06, 0xbc, 0x88, 0xb4, 0x47, 0x9c, 0x07, 0x93, 0xa5,
  0x73, 0x26, 0x72, 0xc5, 0x73, 0x26, 0x83, 0xa8, 0xa4, 0xed, 0x94, 0x4b,
  0x8c, 0x4a, 0x9c, 0x6b, 0xa4, 0xcd, 0xa4, 0xac, 0x9c, 0xac, 0xa4, 0xac,
  0xac, 0xed, 0xac, 0xcc, 0xad, 0x2d, 0xb5, 0x0c, 0xad, 0x0c, 0xb5, 0x2c,
  0xb5, 0x4e, 0xbd, 0x4e, 0xac, 0xec, 0xbd, 0x6e, 0xc5, 0x6e, 0xd5, 0xf0,
  0xde, 0x31, 0xde, 0x10, 0xd6, 0x11, 0xdd, 0xf0, 0xd5, 0xf1, 0xdd, 0xf0,
  0xde, 0x11, 0xdd, 0xf0, 0xd5, 0xf0, 0xdd, 0xd0, 0xd5, 0xd0, 0xdd, 0xcf,
  0xd6, 0x31, 0xd6, 0x51, 0xde, 0x31, 0xd6, 0x31, 0xde, 0x10, 0xd6, 0x10,
  0xdd, 0xf0, 0xd6, 0x10, 0xdd, 0xef, 0xd5, 0xcf, 0xdd, 0xee, 0xd5, 0xce,
  0xcd, 0x0c, 0xb4, 0x49, 0xc4, 0x8a, 0xb4, 0x4a, 0xb4, 0x08, 0xa3, 0xc7,
  0xb3, 0xe8, 0xac, 0x09, 0xab, 0xe8, 0xa3, 0xe8, 0xb4, 0x09, 0xac, 0x09,
  0xb3, 0xe8, 0xa3, 0xc7, 0xb3, 0xa6, 0xab, 0xa7, 0xab, 0x66, 0xbc, 0x09,
  0xc4, 0x6a, 0xbc, 0x6a, 0xbb, 0xe8, 0xab, 0x66, 0xb3, 0x86, 0xab, 0x87,
  0xb3, 0x66, 0xab, 0x46, 0xb3, 0x25, 0xab, 0x25, 0xa3, 0x05, 0xab, 0x67,
  0xab, 0x26, 0xa3, 0x26, 0xab, 0x05, 0xab, 0x26, 0xb2, 0xe5, 0xb3, 0x27,
  0xab, 0x25, 0xb3, 0x87, 0xc4, 0x07, 0xc4, 0x49, 0xcc, 0x48, 0xcc, 0x69,
  0xcc, 0x48, 0xcc, 0x69, 0xd4, 0x67, 0xd4, 0xa9, 0xdc, 0xc7, 0xdc, 0xc8,
  0xdc, 0x87, 0xd4, 0x88, 0xcc, 0x28, 0xbc, 0x08, 0xcc, 0x49, 0xcc, 0x8a,
  0xd4, 0xa9, 0xd4, 0xea, 0xe5, 0x0c, 0xdd, 0x2d, 0xed, 0x6e, 0xe5, 0x8e,
  0xed, 0x6d, 0xed, 0x8e, 0xed, 0x4d, 0xe5, 0x2d, 0xe5, 0x0c, 0xe5, 0x2d,
  0xed, 0x2b, 0xed, 0x2c, 0xed, 0x2a, 0xe5, 0x2a, 0xed, 0x2a, 0xed, 0x4b,
  0xe5, 0x4b, 0xdd, 0x4b, 0xe5, 0x0a, 0xdd, 0x0a, 0xfc, 0xcb, 0xcb, 0x45,
  0xdb, 0xa8, 0xf4, 0x6b, 0xf5, 0x4b, 0xfd, 0xad, 0xfe, 0x0f, 0xbc, 0x48,
  0x9b, 0xc7, 0xa4, 0x29, 0x9b, 0xe8, 0x93, 0xc8, 0x93, 0xa6, 0x93, 0xa7,
  0x8b, 0x66, 0x8b, 0x86, 0x93, 0x87, 0x8b, 0xa8, 0x93, 0xa8, 0x8b, 0xa8,
  0x93, 0x87, 0x8b, 0x87, 0x8b, 0x66, 0x8b, 0x66, 0x8b, 0x66, 0x9b, 0xe8,
  0xac, 0x49, 0xbc, 0xec, 0xd5, 0x6c, 0xd5, 0x8d, 0xdd, 0x49, 0xd5, 0x29,
  0xd5, 0x28, 0xd5, 0x29, 0xcc, 0xa8, 0xbc, 0x67, 0xbc, 0x48, 0xb4, 0x28,
  0xa4, 0x48, 0xa4, 0x69, 0x82, 0xa4, 0x72, 0x64, 0x8a, 0xc5, 0x8b, 0x06,
  0x8b, 0x45, 0x8b, 0x66, 0x7a, 0xc4, 0x72, 0xc5, 0x72, 0x85, 0x72, 0xa5,
  0x7a, 0x64, 0x82, 0xe6, 0x9b, 0x46, 0x93, 0x66, 0x9b, 0x65, 0x93, 0x45,
  0x82, 0xc4, 0x7a, 0xe5, 0xa3, 0xa6, 0xa3, 0xc7, 0x93, 0x04, 0x82, 0xc3,
  0x72, 0x64, 0x7a, 0xe6, 0x7a, 0xe5, 0x72, 0xe5, 0x8b, 0x25, 0x93, 0xa7,
  0x72, 0xa4, 0x5a, 0x02, 0x52, 0x04, 0x52, 0x04, 0x7a, 0xc5, 0x72, 0xa5,
  0x62, 0x23, 0x62, 0x85, 0x6a, 0x64, 0x72, 0xe6, 0x93, 0x46, 0x93, 0x66,
  0x9b, 0x85, 0x9b, 0xa6, 0xa3, 0xa6, 0xa3, 0xe7, 0xa3, 0xc6, 0xa3, 0xc6,
  0xa3, 0xe6, 0x9b, 0xc6, 0x93, 0x65, 0x93, 0x86, 0xa3, 0xc6, 0x9b, 0xe7,
  0x9b, 0xa5, 0x9b, 0xc6, 0x6a, 0x63, 0x5a, 0x43, 0x6a, 0x64, 0x7b, 0x07,
  0x93, 0x85, 0xa4, 0x08, 0xab, 0xe6, 0x9b, 0xc6, 0xac, 0x06, 0xac, 0x26,
  0xbc, 0x66, 0xb4, 0x87, 0xb4, 0x26, 0xa3, 0xc5, 0xa3, 0x85, 0xb4, 0x07,
  0xbc, 0x47, 0xb4, 0x48, 0xb4, 0x26, 0xbc, 0xa8, 0x9b, 0xc5, 0x8b, 0x85,
  0x7b, 0x05, 0x72, 0xe4, 0x6a, 0xc4, 0x7b, 0x47, 0x9c, 0x4a, 0x94, 0x6b,
  0x94, 0x08, 0x8c, 0x49, 0x9c, 0x6a, 0xa4, 0xec, 0xa4, 0xab, 0xa4, 0xcc,
  0xac, 0xab, 0xa4, 0xcb, 0xac, 0xcb, 0xb5, 0x0c, 0xb5, 0x0c, 0xb5, 0x2c,
  0xb5, 0x0c, 0xb5, 0x2d, 0xb5, 0x4d, 0xad, 0x0d, 0xa4, 0x69, 0xb5, 0x0c,
  0xd5, 0xcf, 0xde, 0x31, 0xdd, 0xf0, 0xde, 0x10, 0xde, 0x10, 0xde, 0x10,
  0xdd, 0xf0, 0xde, 0x11, 0xdd, 0xf0, 0xd5, 0xf0, 0xdd, 0xcf, 0xd5, 0xd0,
  0xd6, 0x11, 0xde, 0x31, 0xd6, 0x11, 0xde, 0x11, 0xd6, 0x11, 0xd5, 0xf0,
  0xd6, 0x11, 0xdd, 0xf0, 0xd6, 0x10, 0xd5, 0xef, 0xd5, 0x8e, 0xcd, 0x4d,
  0xb4, 0x6a, 0xbc, 0x6a, 0xb4, 0x4a, 0xb4, 0x09, 0xab, 0xe9, 0xab, 0xa8,
  0xa3, 0xc9, 0xa3, 0x87, 0x9b, 0x87, 0xa3, 0x87, 0xac, 0x0a, 0xb4, 0x2a,
  0xab, 0xe9, 0xa3, 0x87, 0xab, 0xa7, 0xab, 0x87, 0xa3, 0x87, 0xbb, 0xe8,
  0xc4, 0x6b, 0xbc, 0x2a, 0xbc, 0x09, 0xb3, 0xc8, 0xab, 0x87, 0xab, 0x46,
  0xab, 0x66, 0xb3, 0x46, 0xab, 0x46, 0xab, 0x05, 0xa3, 0x05, 0xab, 0x46,
  0xab, 0x88, 0xa3, 0x06, 0x9a, 0xc5, 0xa2, 0xc5, 0xa2, 0xe6, 0xb3, 0x27,
  0xb3, 0x67, 0xb3, 0x46, 0xb3, 0xa7, 0xbb, 0xc7, 0xb3, 0xe8, 0xbb, 0xe8,
  0xc4, 0x08, 0xcc, 0x69, 0xd4, 0x88, 0xdc, 0xc9, 0xdc, 0xc8, 0xdc, 0xa8,
  0xcc, 0x67, 0xd4, 0x67, 0xcc, 0x8a, 0xd4, 0x8a, 0xd5, 0x0c, 0xd5, 0x0c,
  0xd5, 0x0b, 0xdd, 0x4c, 0xdd, 0x6d, 0xe5, 0x8d, 0xed, 0x8e, 0xed, 0x6d,
  0xed, 0x6d, 0xed, 0x4d, 0xed, 0x2d, 0xe4, 0xec, 0xed, 0x2d, 0xe4, 0xec,
  0xe5, 0x2b, 0xed, 0x2b, 0xed, 0x4b, 0xed, 0x0a, 0xe5, 0x2b, 0xed, 0x2a,
  0xed, 0x4c, 0xed, 0x0b, 0xdd, 0x0b, 0xe4, 0xea, 0xe3, 0xc8, 0xc2, 0x82,
  0xdc, 0x2a, 0xfd, 0x0d, 0xed, 0x8b, 0xf5, 0x8b, 0xf5, 0xcd, 0xdc, 0xc9,
  0x9b, 0xc8, 0xac, 0x09, 0x9c, 0x6a, 0xa4, 0x6a, 0xa4, 0x6a, 0xa4, 0x49,
  0x9c, 0x49, 0x93, 0xc7, 0x8b, 0xc9, 0x9c, 0x09, 0x94, 0x09, 0x9c, 0x09,
  0x9c, 0x29, 0xa4, 0x49, 0xac, 0x8a, 0xb4, 0xab, 0xbc, 0xeb, 0xd5, 0x6d,
  0xcd, 0x4c, 0xcd, 0x4b, 0xd5, 0x8c, 0xd5, 0x4b, 0xd5, 0x4a, 0xd5, 0x09,
  0xd5, 0x09, 0xd4, 0xc8, 0xc4, 0xa8, 0xc4, 0x47, 0xb4, 0x8a, 0xb4, 0x28,
  0xac, 0xaa, 0x93, 0xa6, 0x72, 0x23, 0x82, 0x85, 0x8a, 0xe6, 0x92, 0xe6,
  0x8b, 0x66, 0x8b, 0x46, 0x7a, 0xe5, 0x7a, 0xc5, 0x72, 0xa6, 0x6a, 0x65,
  0x72, 0x65, 0x8a, 0xe7, 0x93, 0x46, 0x9b, 0x46, 0x93, 0x66, 0x9b, 0x45,
  0x7b, 0x05, 0x82, 0xe5, 0xa3, 0xc7, 0xa3, 0xa7, 0x8b, 0x25, 0x82, 0x83,
  0x72, 0xa5, 0x7a, 0xc5, 0x72, 0xe6, 0x72, 0xe5, 0x8b, 0x46, 0x9b, 0xa7,
  0x6a, 0x85, 0x62, 0x02, 0x52, 0x04, 0x5a, 0x04, 0x7a, 0xe6, 0x7a, 0xc5,
  0x5a, 0x44, 0x6a, 0x64, 0x62, 0x85, 0x72, 0xe6, 0x8b, 0x46, 0x93, 0x46,
  0x93, 0xa7, 0x9b, 0xc7, 0x9b, 0xc7, 0xa3, 0xc7, 0x9b, 0xc6, 0xa3, 0xe7,
  0x9b, 0xc6, 0xa3, 0xc6, 0x93, 0x86, 0x93, 0x65, 0x9b, 0xc7, 0x9b, 0xa6,
  0x93, 0x86, 0xa3, 0xc6, 0x72, 0xe5, 0x62, 0x22, 0x62, 0x65, 0x7b, 0x07,
  0x93, 0x86, 0xa3, 0xe7, 0xa3, 0xe7, 0xa3, 0xc6, 0xac, 0x27, 0xb4, 0x27,
  0xb4, 0x47, 0xb4, 0x47, 0xac, 0x26, 0x9b, 0xa4, 0xa3, 0xc6, 0xab, 0xc6,
  0xac, 0x07, 0xbc, 0x28, 0xb4, 0x47, 0xbc, 0x88, 0xa4, 0x47, 0x93, 0x84,
  0x73, 0x25, 0x6a, 0xa3, 0x62, 0xa5, 0x73, 0x06, 0x7b, 0xc8, 0x94, 0x2a,
  0x8c, 0x08, 0x8b, 0xe8, 0x94, 0x29, 0xa4, 0x8a, 0xa4, 0x8b, 0xa4, 0x8b,
  0x9c, 0x8b, 0xa4, 0x6a, 0xa4, 0xcb, 0xac, 0xeb, 0xac, 0xec, 0xb5, 0x0c,
  0xad, 0x2d, 0xb5, 0x0d, 0xa4, 0xed, 0x9c, 0x4b, 0x8c, 0x29, 0x8c, 0x29,
  0xac, 0xec, 0xcd, 0xd0, 0xd5, 0xf1, 0xdd, 0xf0, 0xd6, 0x11, 0xde, 0x11,
  0xd6, 0x11, 0xd5, 0xd0, 0xd5, 0xf1, 0xdd, 0xf0, 0xd5, 0xf1, 0xd5, 0xd0,
  0xde, 0x10, 0xd6, 0x10, 0xd5, 0xf0, 0xd6, 0x31, 0xde, 0x10, 0xde, 0x31,
  0xe6, 0x30, 0xd5, 0xef, 0xd5, 0xcd, 0xcd, 0xad, 0xd5, 0x4c, 0xc5, 0x0b,
  0xb4, 0x28, 0xbc, 0x8a, 0xb4, 0x08, 0xac, 0x29, 0xb4, 0x09, 0xab, 0xe8,
  0xab, 0xa7, 0x9b, 0x67, 0xa3, 0x66, 0xa3, 0x87, 0xb4, 0x09, 0xb4, 0x29,
  0xab, 0xc7, 0xa3, 0x86, 0xab, 0x66, 0xab, 0xa7, 0xab, 0x25, 0xb3, 0xc8,
  0xbc, 0x4a, 0xbc, 0x4a, 0xb3, 0xe7, 0xb4, 0x08, 0xb3, 0x86, 0xab, 0x86,
  0xab, 0x25, 0xab, 0x66, 0xbb, 0x66, 0xab, 0x25, 0xab, 0x04, 0xab, 0x45,
  0xb3, 0x66, 0xab, 0x67, 0xab, 0x06, 0x9a, 0xa5, 0xa2, 0x64, 0xa2, 0xc5,
  0xab, 0x05, 0xb3, 0x67, 0xb3, 0x86, 0xb3, 0xa7, 0xbb, 0xa7, 0xb3, 0xa7,
  0xb3, 0x86, 0xc4, 0x08, 0xd4, 0x68, 0xdc, 0xc9, 0xdc, 0x88, 0xd4, 0x88,
  0xd4, 0x88, 0xcc, 0xa9, 0xcc, 0xa9, 0xcc, 0xaa, 0xdd, 0x6c, 0xdd, 0x6c,
  0xdd, 0x4b, 0xdd, 0x4c, 0xe5, 0x2b, 0xdd, 0x4c, 0xe4, 0xea, 0xe5, 0x0a,
  0xed, 0x0a, 0xed, 0x4c, 0xed, 0x4c, 0xe5, 0x2c, 0xec, 0xeb, 0xed, 0x2c,
  0xed, 0x2a, 0xed, 0x4b, 0xf5, 0x6a, 0xf5, 0x6a, 0xf5, 0x4a, 0xed, 0x4b,
  0xed, 0x6b, 0xed, 0x4b, 0xed, 0x0a, 0xe5, 0x2a, 0xdb, 0xe6, 0xcb, 0xa5,
  0xf5, 0x0b, 0xf5, 0x2c, 0xf5, 0x6b, 0xf5, 0x6c, 0xf5, 0x8c, 0xed, 0x6c,
  0xbc, 0x8a, 0xb4, 0x8a, 0xac, 0x8a, 0xac, 0xab, 0xac, 0x69, 0xac, 0x8a,
  0xac, 0x6a, 0x9c, 0x29, 0xa4, 0x49, 0xac, 0xab, 0xb4, 0xaa, 0xac, 0xaa,
  0xbc, 0xca, 0xbd, 0x2c, 0xcd, 0x0a, 0xcd, 0x2b, 0xd5, 0x2a, 0xcd, 0x2a,
  0xcd, 0x2a, 0xcd, 0x2a, 0xd5, 0x29, 0xd5, 0x29, 0xdd, 0x28, 0xd5, 0x08,
  0xd4, 0xc7, 0xcc, 0xc7, 0xc4, 0x87, 0xcc, 0xc8, 0xcc, 0xc9, 0xbc, 0x88,
  0xa4, 0x09, 0x7b, 0x05, 0x82, 0x84, 0x82, 0xc6, 0x92, 0xe5, 0x8a, 0xe6,
  0x93, 0x65, 0x83, 0x45, 0x83, 0x05, 0x83, 0x26, 0x7a, 0xc5, 0x72, 0xa5,
  0x7a, 0x64, 0x8b, 0x06, 0x9b, 0x66, 0x93, 0x66, 0x9b, 0x65, 0x9b, 0x66,
  0x82, 0xe5, 0x82, 0xe5, 0xab, 0xc7, 0xa3, 0xc7, 0x93, 0x25, 0x82, 0xc4,
  0x72, 0xa4, 0x72, 0xe6, 0x7a, 0xe5, 0x72, 0xe5, 0x9b, 0x86, 0x93, 0x87,
  0x6a, 0x63, 0x5a, 0x23, 0x59, 0xe4, 0x5a, 0x25, 0x8b, 0x06, 0x72, 0xa5,
  0x6a, 0x63, 0x62, 0x84, 0x6a, 0x84, 0x73, 0x06, 0x93, 0x45, 0x93, 0x86,
  0x9b, 0xa6, 0x9b, 0xc7, 0xa3, 0xe6, 0x9b, 0xe7, 0xa3, 0xc5, 0xa3, 0xe6,
  0xac, 0x06, 0xa3, 0xe6, 0x9b, 0x85, 0x93, 0x65, 0xa3, 0xe6, 0x9b, 0xc6,
  0x9b, 0x85, 0x9b, 0xc6, 0x83, 0x05, 0x5a, 0x22, 0x6a, 0x65, 0x7b, 0x28,
  0x9b, 0x86, 0xa3, 0xe7, 0xab, 0xc6, 0xac, 0x07, 0xb4, 0x27, 0xb4, 0x47,
  0xb4, 0x46, 0xac, 0x26, 0xb4, 0x26, 0xac, 0x06, 0xb4, 0x07, 0xa3, 0xc6,
  0xab, 0xc6, 0xab, 0xe6, 0xb4, 0x27, 0xb4, 0x47, 0xb4, 0x87, 0x9b, 0xc5,
  0x83, 0x45, 0x72, 0xc4, 0x6a, 0xa4, 0x6a, 0xe6, 0x7b, 0x46, 0x7b, 0xa8,
  0x8b, 0xc8, 0x8c, 0x08, 0x94, 0x08, 0x94, 0x49, 0x9c, 0x49, 0x9c, 0x6a,
  0xa4, 0x6a, 0x9c, 0x6a, 0xa4, 0x69, 0xa4, 0xaa, 0xac, 0xaa, 0xac, 0xcb,
  0xac, 0xec, 0xa4, 0xec, 0x94, 0x29, 0x83, 0xa7, 0x7b, 0x67, 0x73, 0x67,
  0x8b, 0xc8, 0xb5, 0x0d, 0xde, 0x11, 0xde, 0x11, 0xdd, 0xf1, 0xd6, 0x12,
  0xdd, 0xf1, 0xd5, 0xf1, 0xe5, 0xf0, 0xdd, 0xf0, 0xde, 0x10, 0xde, 0x11,
  0xcd, 0xf0, 0xd5, 0xf0, 0xd6, 0x11, 0xd6, 0x10, 0xd6, 0x11, 0xde, 0x10,
  0xd6, 0x0f, 0xd5, 0xae, 0xd5, 0xae, 0xcd, 0x6c, 0xcd, 0x2c, 0xbc, 0xaa,
  0xb4, 0x29, 0xb4, 0x28, 0xb4, 0x4a, 0xab, 0xe8, 0xab, 0xe9, 0xa3, 0xa7,
  0x9b, 0x67, 0x9b, 0x46, 0x9b, 0x47, 0xa3, 0x67, 0xac, 0x09, 0xab, 0xe8,
  0xab, 0xe8, 0xa3, 0x66, 0xab, 0x67, 0xb3, 0x87, 0xa3, 0x47, 0xa3, 0x26,
  0xb4, 0x09, 0xcc, 0xab, 0xac, 0x08, 0xb3, 0xe7, 0xb3, 0xc8, 0xb3, 0x86,
  0xab, 0x46, 0xab, 0x46, 0xb3, 0x67, 0xb3, 0x26, 0xab, 0x46, 0xab, 0x25,
  0xa3, 0x26, 0xab, 0x26, 0xab, 0x27, 0xa2, 0xe5, 0xa2, 0xa6, 0xa2, 0x85,
  0xa2, 0xc5, 0xaa, 0xc5, 0xab, 0x47, 0xab, 0x26, 0xb3, 0x88, 0xbb, 0xa8,
  0xbc, 0x09, 0xc4, 0x09, 0xcc, 0x49, 0xcc, 0x49, 0xcc, 0x69, 0xdc, 0x8a,
  0xd5, 0x0b, 0xdc, 0xea, 0xcc, 0xea, 0xd4, 0xea, 0xcd, 0x2b, 0xd5, 0x2b,
  0xd5, 0x0b, 0xd5, 0x0b, 0xdd, 0x0b, 0xe5, 0x0b, 0xe4, 0xea, 0xec, 0xea,
  0xe4, 0xea, 0xec, 0xea, 0xe5, 0x0c, 0xed, 0x2c, 0xed, 0x4c, 0xec, 0xeb,
  0xed, 0x2a, 0xed, 0x2a, 0xed, 0x2a, 0xf5, 0x4a, 0xed, 0x4b, 0xf5, 0x2a,
  0xe5, 0x2b, 0xed, 0x4b, 0xed, 0x6b, 0xf5, 0x6b, 0xe5, 0x2a, 0xe4, 0xe9,
  0xe5, 0x2b, 0xed, 0x2a, 0xed, 0x8d, 0xf5, 0x8d, 0xed, 0xae, 0xe5, 0x4c,
  0xcd, 0x8e, 0xd5, 0x8e, 0xc5, 0x8d, 0xc5, 0x6d, 0xc4, 0xeb, 0xa3, 0xc7,
  0x8b, 0x87, 0x93, 0x87, 0x93, 0xc9, 0xa4, 0x09, 0x9c, 0x09, 0x9b, 0xe8,
  0xac, 0x49, 0xbc, 0x8a, 0xbc, 0xca, 0xc4, 0xca, 0xc4, 0xea, 0xcc, 0xe9,
  0xcd, 0x0a, 0xcc, 0xe9, 0xcd, 0x29, 0xcd, 0x08, 0xcd, 0x09, 0xcc, 0xc8,
  0xc4, 0xa7, 0xc4, 0x66, 0xc4, 0xa8, 0xcc, 0xc8, 0xbc, 0xa9, 0xa3, 0xc5,
  0x83, 0x06, 0x93, 0x67, 0xa3, 0xa9, 0x8a, 0xc5, 0x8a, 0xc6, 0x92, 0xe6,
  0x8b, 0x66, 0x8b, 0x25, 0x83, 0x06, 0x82, 0xe5, 0x72, 0xa5, 0x72, 0x84,
  0x7a, 0xc5, 0x93, 0x27, 0x9b, 0x87, 0x93, 0x45, 0x93, 0x66, 0x93, 0x45,
  0x7a, 0xa5, 0x82, 0xa5, 0xa3, 0xa7, 0xa3, 0xa6, 0x93, 0x46, 0x82, 0xa3,
  0x6a, 0xa5, 0x72, 0xa5, 0x73, 0x06, 0x72, 0xe5, 0x93, 0x87, 0x93, 0x46,
  0x5a, 0x44, 0x5a, 0x03, 0x52, 0x04, 0x6a, 0x45, 0x83, 0x06, 0x7a, 0xa4,
  0x62, 0x44, 0x6a, 0x64, 0x62, 0xa5, 0x72, 0xe6, 0x8b, 0x46, 0x93, 0x46,
  0x93, 0xa6, 0x9b, 0xc7, 0x9b, 0xe7, 0xa3, 0xe6, 0xa3, 0xe6, 0xab, 0xe6,
  0xac, 0x27, 0xab, 0xe6, 0x93, 0x86, 0x93, 0x44, 0x9b, 0xc7, 0xa3, 0xc6,
  0xa3, 0xc6, 0xa3, 0xa6, 0x83, 0x46, 0x62, 0x21, 0x62, 0x85, 0x7b, 0x07,
  0x9b, 0x87, 0xa3, 0xc7, 0xac, 0x07, 0xac, 0x06, 0xb4, 0x48, 0xbc, 0x47,
  0xb4, 0x48, 0xbc, 0x47, 0xac, 0x27, 0xb4, 0x27, 0xa3, 0xe7, 0xa3, 0xc6,
  0xa3, 0xc6, 0xa3, 0xa6, 0xa3, 0xe6, 0xb4, 0x27, 0xac, 0x47, 0xa3, 0xe5,
  0x8b, 0x86, 0x72, 0xa3, 0x62, 0xa5, 0x6a, 0x84, 0x6a, 0xe6, 0x73, 0x06,
  0x83, 0xa8, 0x8b, 0xe8, 0x8c, 0x08, 0x94, 0x08, 0x94, 0x4a, 0x9c, 0x29,
  0x94, 0x09, 0x9c, 0x29, 0x94, 0x29, 0x9c, 0x49, 0x9c, 0x4a, 0xa4, 0x6a,
  0x9c, 0x8b, 0x8b, 0xc8, 0x7b, 0xa8, 0x73, 0x46, 0x62, 0xe6, 0x62, 0xc6,
  0x73, 0x47, 0x8b, 0xe9, 0xb5, 0x0d, 0xde, 0x11, 0xde, 0x32, 0xd5, 0xf0,
  0xd6, 0x11, 0xd5, 0xf0, 0xd5, 0xf0, 0xdd, 0xf0, 0xd5, 0xf1, 0xdd, 0xf0,
  0xde, 0x10, 0xd6, 0x10, 0xdd, 0xf0, 0xde, 0x32, 0xde, 0x30, 0xd6, 0x10,
  0xd5, 0xae, 0xd5, 0xcf, 0xd5, 0xad, 0xcd, 0x6c, 0xd5, 0x0b, 0xb4, 0x49,
  0xb4, 0x08, 0xbc, 0x4a, 0xb4, 0x09, 0xac, 0x09, 0xab, 0xe8, 0x9b, 0xa7,
  0xa3, 0x87, 0x9b, 0x87, 0xa3, 0x87, 0xa3, 0xc8, 0xab, 0xe8, 0xac, 0x29,
  0xb3, 0xe8, 0xab, 0xc7, 0xb3, 0xa7, 0xb3, 0xc8, 0xab, 0x66, 0xa3, 0x46,
  0xb3, 0xe9, 0xc4, 0xac, 0xbc, 0x48, 0xb4, 0x08, 0xbb, 0xe7, 0xbb, 0xe7,
  0xb3, 0x66, 0xab, 0x66, 0xab, 0x45, 0xab, 0x46, 0xb3, 0x66, 0xab, 0x66,
  0xab, 0x45, 0xa3, 0x46, 0xaa, 0xc5, 0xa2, 0xc5, 0xaa, 0xc5, 0xb3, 0x06,
  0xaa, 0xe5, 0xab, 0x06, 0xaa, 0xc5, 0xaa, 0xc5, 0xbb, 0x26, 0xb3, 0x47,
  0xbb, 0x67, 0xc4, 0x0a, 0xcc, 0x28, 0xcc, 0x29, 0xd4, 0x48, 0xd4, 0x8a,
  0xdc, 0xe9, 0xdd, 0x0a, 0xdd, 0x0a, 0xd4, 0xe9, 0xd5, 0x0a, 0xd5, 0x2a,
  0xdd, 0x0a, 0xdd, 0x2b, 0xec, 0xca, 0xe5, 0x0a, 0xf4, 0xea, 0xec, 0xca,
  0xf4, 0xca, 0xec, 0xeb, 0xec, 0xea, 0xe4, 0xeb, 0xf5, 0x2b, 0xed, 0x2c,
  0xf5, 0x2b, 0xed, 0x2b, 0xf5, 0x09, 0xf5, 0x4b, 0xf5, 0x4b, 0xf5, 0x6c,
  0xf5, 0x6b, 0xed, 0x6b, 0xf5, 0x6a, 0xed, 0x8b, 0xf5, 0x8b, 0xed, 0x6b,
  0xed, 0x4a, 0xed, 0x6b, 0xed, 0x8c, 0xed, 0xad, 0xe5, 0x8c, 0xd5, 0x4b,
  0xdd, 0xad, 0xd5, 0x8d, 0xdd, 0x8c, 0xd5, 0xad, 0xed, 0x4b, 0xcc, 0xa9,
  0xa3, 0x86, 0xa3, 0xc7, 0x93, 0xa7, 0x93, 0xa8, 0x9b, 0xc8, 0x9c, 0x29,
  0xac, 0x29, 0xac, 0x4a, 0xbc, 0x89, 0xc4, 0xcb, 0xcc, 0xca, 0xc4, 0xea,
  0xcc, 0xc9, 0xc4, 0xe9, 0xcc, 0xe8, 0xc4, 0xc8, 0xcc, 0xc8, 0xc4, 0xa8,
  0xcc, 0xa7, 0xcc, 0xc8, 0xcc, 0xe8, 0xcc, 0xe9, 0xa3, 0xc7, 0x83, 0x04,
  0x93, 0x66, 0xac, 0x6a, 0xb4, 0x09, 0x8a, 0xe5, 0x82, 0x84, 0x93, 0x47,
  0x93, 0x85, 0x8b, 0x65, 0x83, 0x05, 0x83, 0x05, 0x7a, 0xc5, 0x72, 0xa5,
  0x82, 0xc5, 0x8b, 0x47, 0x9b, 0x66, 0x93, 0x45, 0x9b, 0x66, 0x93, 0x25,
  0x7a, 0xa4, 0x82, 0xe5, 0xab, 0xa7, 0xa3, 0xa7, 0x93, 0x45, 0x82, 0xc4,
  0x72, 0xa5, 0x72, 0xc6, 0x7a, 0xe4, 0x73, 0x05, 0x9b, 0xa7, 0x8b, 0x26,
  0x5a, 0x03, 0x62, 0x65, 0x62, 0x04, 0x62, 0x65, 0x82, 0xe5, 0x7a, 0xc5,
  0x6a, 0x64, 0x62, 0x64, 0x6a, 0xa5, 0x73, 0x07, 0x93, 0x45, 0x93, 0x87,
  0x9b, 0xa6, 0x9b, 0xc7, 0xa3, 0xe6, 0xa3, 0xe6, 0xa3, 0xe5, 0xa4, 0x06,
  0xb4, 0x06, 0xa3, 0xe6, 0x93, 0x65, 0x8b, 0x65, 0xa3, 0xe7, 0x9b, 0xe7,
  0xa3, 0xa5, 0x9b, 0xa5, 0x93, 0x86, 0x62, 0x41, 0x6a, 0x64, 0x7b, 0x07,
  0x9b, 0x86, 0xa3, 0xe8, 0xb4, 0x06, 0xac, 0x27, 0xbc, 0x47, 0xbc, 0x68,
  0xbc, 0x47, 0xb4, 0x26, 0xb4, 0x26, 0xb4, 0x47, 0xac, 0x06, 0xa3, 0xe6,
  0xa3, 0xc5, 0xa3, 0xa6, 0xab, 0xa6, 0xac, 0x28, 0xb4, 0x27, 0xac, 0x27,
  0x9b, 0xc6, 0x83, 0x45, 0x72, 0xa4, 0x62, 0x84, 0x72, 0xc5, 0x73, 0x06,
  0x83, 0x87, 0x8b, 0xc8, 0x8b, 0xc7, 0x8b, 0xe8, 0x9c, 0x29, 0x94, 0x09,
  0x93, 0xe8, 0x94, 0x29, 0x9c, 0x28, 0x94, 0x08, 0x93, 0xe7, 0x8b, 0xc7,
  0x83, 0x87, 0x7b, 0x66, 0x73, 0x06, 0x62, 0xa4, 0x6a, 0xc5, 0x6b, 0x07,
  0x72, 0xe5, 0x7b, 0x67, 0x9c, 0x09, 0xcd, 0xd0, 0xe6, 0x51, 0xd5, 0xf0,
  0xdd, 0xf0, 0xd6, 0x11, 0xdd, 0xf0, 0xd5, 0xf0, 0xdd, 0xf1, 0xdd, 0xf1,
  0xcd, 0xf0, 0xd5, 0xf0, 0xd5, 0xf1, 0xde, 0x11, 0xd6, 0x11, 0xd5, 0xaf,
  0xcd, 0xaf, 0xd5, 0xae, 0xd5, 0x8e, 0xc4, 0xeb, 0xc4, 0xcb, 0xb3, 0xe8,
  0xab, 0xe9, 0xbc, 0x2a, 0xab, 0xe9, 0xb4, 0x09, 0xa3, 0xc9, 0xa3, 0xa8,
  0x9b, 0xa8, 0xa3, 0xa8, 0x9b, 0xc8, 0xab, 0xe9, 0x9b, 0xa8, 0xab, 0xe9,
  0xb4, 0x0a, 0xb3, 0xc8, 0xab, 0xa7, 0xab, 0xa7, 0xab, 0x87, 0xa3, 0x26,
  0xb4, 0x09, 0xc4, 0x6b, 0xc4, 0x6a, 0xb3, 0xe8, 0xb3, 0xe7, 0xbb, 0xc7,
  0xb3, 0xa7, 0xab, 0x45, 0xab, 0x67, 0xa3, 0x05, 0xa3, 0x46, 0xb3, 0x66,
  0xab, 0x46, 0xab, 0x25, 0xa2, 0xe5, 0xaa, 0xe5, 0xb3, 0x06, 0xb3, 0x06,
  0xb3, 0x06, 0xb3, 0x05, 0xaa, 0xe6, 0xaa, 0xa5, 0xaa, 0xc6, 0xaa, 0xa5,
  0x9a, 0x85, 0xaa, 0xc5, 0xbb, 0x67, 0xc3, 0xa8, 0xcc, 0x08, 0xd4, 0x28,
  0xcc, 0x68, 0xdc, 0xc9, 0xdd, 0x2a, 0xd4, 0xe9, 0xd4, 0xea, 0xdd, 0x0b,
  0xdc, 0xea, 0xdc, 0xca, 0xe4, 0xca, 0xe4, 0x89, 0xe4, 0x8b, 0xec, 0xab,
  0xec, 0xcb, 0xf4, 0xcb, 0xec, 0xeb, 0xf4, 0xeb, 0xed, 0x0c, 0xec, 0xeb,
  0xed, 0x0b, 0xed, 0x0b, 0xf5, 0x4b, 0xf5, 0x2b, 0xed, 0x4c, 0xfd, 0x6c,
  0xed, 0x6c, 0xf5, 0x6b, 0xed, 0x6b, 0xed, 0x6b, 0xed, 0x8b, 0xed, 0x4a,
  0xed, 0x4b, 0xed, 0x4a, 0xe5, 0x6c, 0xed, 0x6c, 0xdd, 0x6b, 0xdd, 0x2a,
  0xdd, 0x6c, 0xe5, 0x8c, 0xdd, 0x8c, 0xdd, 0x4b, 0xed, 0x2a, 0xf5, 0x2a,
  0xc4, 0x89, 0xab, 0x85, 0x9c, 0x08, 0xa4, 0x08, 0x93, 0xe8, 0xa4, 0x08,
  0x9c, 0x09, 0xac, 0x6a, 0xb4, 0xaa, 0xbc, 0xaa, 0xbc, 0x8a, 0xbc, 0x69,
  0xb4, 0x69, 0xbc, 0x89, 0xbc, 0xa9, 0xbc, 0x88, 0xbc, 0xa9, 0xc4, 0x89,
  0xcc, 0xea, 0xd5, 0x0a, 0xbc, 0xca, 0xa3, 0xc5, 0x8b, 0x87, 0xac, 0x4a,
  0xb4, 0x8a, 0xc4, 0xeb, 0xcc, 0xab, 0x92, 0xc4, 0x82, 0xa4, 0x9b, 0x47,
  0x93, 0xa7, 0x8b, 0x24, 0x83, 0x06, 0x82, 0xe5, 0x72, 0xa5, 0x72, 0x64,
  0x7a, 0xa5, 0x93, 0x47, 0x93, 0x66, 0x93, 0x25, 0x93, 0x66, 0x93, 0x25,
  0x7a, 0xc5, 0x7a, 0xc5, 0xa3, 0xa7, 0xab, 0xa7, 0x8b, 0x26, 0x7a, 0x83,
  0x72, 0xa6, 0x72, 0xa5, 0x73, 0x06, 0x7a, 0xe5, 0x93, 0x87, 0x7a, 0xa4,
  0x52, 0x04, 0x5a, 0x24, 0x5a, 0x04, 0x6a, 0x46, 0x83, 0x07, 0x7a, 0xa5,
  0x5a, 0x44, 0x62, 0x44, 0x62, 0xa5, 0x7b, 0x07, 0x8b, 0x46, 0x9b, 0x87,
  0x9b, 0x86, 0xa3, 0xc6, 0xa4, 0x07, 0xa3, 0xc6, 0xa3, 0xe6, 0xa3, 0xe6,
  0xa4, 0x07, 0xa3, 0xc6, 0x8b, 0x66, 0x8b, 0x45, 0xa4, 0x08, 0x9b, 0xc7,
  0x9b, 0x86, 0x9b, 0xa6, 0x93, 0xc8, 0x72, 0x62, 0x62, 0x24, 0x72, 0x85,
  0x93, 0x87, 0xab, 0xe8, 0xac, 0x07, 0xb4, 0x06, 0xb4, 0x27, 0xbc, 0x67,
  0xb4, 0x47, 0xb4, 0x26, 0xac, 0x26, 0xb4, 0x25, 0xa3, 0xe6, 0xa3, 0xa5,
  0x9b, 0xa6, 0x9b, 0x85, 0x9b, 0xa6, 0xa3, 0x86, 0x93, 0x65, 0xa3, 0xa6,
  0x9b, 0xe7, 0x9b, 0xc6, 0x62, 0xa4, 0x6a, 0x83, 0x6a, 0xc5, 0x72, 0xe5,
  0x7b, 0x67, 0x83, 0xa8, 0x83, 0xa7, 0x8b, 0xa7, 0x8b, 0xc8, 0x93, 0xe8,
  0x8b, 0xa7, 0x8b, 0xa7, 0x8b, 0xe8, 0x8b, 0x86, 0x83, 0xa7, 0x83, 0x66,
  0x73, 0x26, 0x6a, 0xc4, 0x5a, 0x85, 0x62, 0x85, 0x62, 0xc5, 0x6a, 0xe6,
  0x6b, 0x06, 0x73, 0x06, 0x7b, 0x67, 0xa4, 0x8c, 0xd6, 0x12, 0xde, 0x11,
  0xd5, 0xf2, 0xdd, 0xf2, 0xd6, 0x12, 0xd5, 0xf1, 0xd5, 0xf1, 0xdd, 0xd1,
  0xd5, 0xf0, 0xd6, 0x11, 0xde, 0x10, 0xd6, 0x11, 0xdd, 0xcf, 0xd5, 0xef,
  0xd5, 0xce, 0xcd, 0xcf, 0xd5, 0x6d, 0xcd, 0x2c, 0xc4, 0x6a, 0xab, 0xe8,
  0xb3, 0xe8, 0xb3, 0xe8, 0xab, 0xe8, 0xab, 0xe9, 0xab, 0xc8, 0xa3, 0xc8,
  0xa3, 0xa7, 0xa4, 0x09, 0xab, 0xe8, 0xa3, 0xe8, 0xa3, 0xa7, 0xa3, 0xc8,
  0xb4, 0x29, 0xb4, 0x29, 0xab, 0xa7, 0xab, 0xc8, 0xb3, 0xa7, 0xa3, 0x66,
  0xb3, 0xc8, 0xc4, 0x8b, 0xc4, 0x49, 0xbc, 0x6a, 0xbb, 0xc7, 0xb3, 0xc7,
  0xbb, 0xa6, 0xbb, 0xa6, 0xab, 0x26, 0xa2, 0xe5, 0xb3, 0x46, 0xb3, 0x87,
  0xb3, 0x46, 0xab, 0x46, 0xb3, 0x06, 0xab, 0x26, 0xb3, 0x47, 0xab, 0x26,
  0xbb, 0x26, 0xb3, 0x05, 0xb2, 0xc5, 0xb2, 0xc5, 0xb2, 0xe5, 0xaa, 0xe5,
  0xaa, 0xa4, 0xa2, 0xa5, 0xaa, 0xc4, 0xbb, 0x47, 0xcb, 0xa6, 0xcb, 0xe7,
  0xd4, 0x47, 0xd4, 0x89, 0xdc, 0xc8, 0xdc, 0xe9, 0xdc, 0xc9, 0xdd, 0x0a,
  0xe4, 0xc9, 0xdc, 0xa9, 0xec, 0xa9, 0xe4, 0x89, 0xec, 0x69, 0xec, 0xaa,
  0xf4, 0xa9, 0xf4, 0xeb, 0xf4, 0xeb, 0xf5, 0x2c, 0xf5, 0x0c, 0xed, 0x2c,
  0xf5, 0x2b, 0xed, 0x2b, 0xf5, 0x2a, 0xed, 0x0a, 0xf5, 0x2a, 0xf5, 0x4b,
  0xf5, 0x4b, 0xf5, 0x6b, 0xed, 0x2b, 0xed, 0x2b, 0xf5, 0x4b, 0xed, 0x6b,
  0xed, 0x6b, 0xe5, 0x6b, 0xed, 0x4a, 0xe5, 0x6b, 0xe5, 0x4a, 0xe5, 0x4b,
  0xe5, 0x4b, 0xe5, 0x4b, 0xed, 0x4a, 0xe5, 0x4a, 0xf4, 0xe8, 0xf5, 0x29,
  0xec, 0xe9, 0xc3, 0xe6, 0x9b, 0xc7, 0xa4, 0x29, 0xa4, 0x48, 0xa4, 0x69,
  0xac, 0x68, 0xac, 0xaa, 0xbc, 0x88, 0xb4, 0xc9, 0xbc, 0x88, 0xbc, 0xca,
  0xc4, 0xc9, 0xb4, 0xa9, 0xbc, 0x89, 0xbc, 0xca, 0xc4, 0xc9, 0xcd, 0x4c,
  0xd5, 0x2a, 0xc4, 0xa9, 0xb4, 0x06, 0xab, 0xe6, 0xb4, 0x68, 0xc5, 0x0b,
  0xcc, 0xe9, 0xe5, 0xed, 0xc4, 0x29, 0x92, 0xc3, 0x8a, 0xc4, 0x93, 0x47,
  0x9b, 0x86, 0x8b, 0x45, 0x8b, 0x25, 0x83, 0x05, 0x72, 0x84, 0x6a, 0x85,
  0x82, 0xe5, 0x8b, 0x67, 0x9b, 0x66, 0x93, 0x66, 0x9b, 0x86, 0x8b, 0x25,
  0x82, 0xc4, 0x83, 0x06, 0xab, 0xc7, 0xa3, 0xc7, 0x8b, 0x25, 0x7a, 0xc3,
  0x72, 0xa4, 0x72, 0xe5, 0x7a, 0xc4, 0x83, 0x26, 0x93, 0x87, 0x6a, 0x63,
  0x5a, 0x03, 0x52, 0x24, 0x62, 0x23, 0x6a, 0xa6, 0x83, 0x05, 0x72, 0xa4,
  0x6a, 0x64, 0x62, 0x84, 0x6a, 0x84, 0x7b, 0x27, 0x93, 0x66, 0x93, 0x86,
  0xa3, 0xa6, 0xa3, 0xe7, 0xab, 0xe6, 0xa3, 0xe6, 0xab, 0xc5, 0xac, 0x07,
  0xb4, 0x26, 0xac, 0x06, 0x93, 0x65, 0x8b, 0x45, 0xa3, 0xe7, 0x9b, 0xc7,
  0x9b, 0x65, 0x93, 0x65, 0xa3, 0xc7, 0x7a, 0xa3, 0x62, 0x43, 0x6a, 0xa5,
  0x9b, 0x87, 0xa4, 0x09, 0xb4, 0x06, 0xb4, 0x47, 0xbc, 0x46, 0xbc, 0x87,
  0xbc, 0x46, 0xb4, 0x46, 0xb4, 0x46, 0xb4, 0x66, 0xab, 0xe6, 0xa3, 0xe6,
  0xa3, 0xa6, 0x9b, 0xa5, 0x93, 0x45, 0x93, 0x66, 0x93, 0x25, 0x8b, 0x25,
  0xa3, 0xc6, 0xa4, 0x07, 0x72, 0xc4, 0x6a, 0xc4, 0x6a, 0xa4, 0x6a, 0xe5,
  0x72, 0xe6, 0x83, 0xa8, 0x8b, 0xc8, 0x83, 0x87, 0x8b, 0x86, 0x8b, 0xe8,
  0x8b, 0xa7, 0x83, 0xa6, 0x8b, 0x87, 0x83, 0x67, 0x83, 0x46, 0x73, 0x05,
  0x6a, 0xc5, 0x5a, 0x84, 0x62, 0x85, 0x62, 0xc6, 0x6a, 0xc4, 0x6a, 0xc5,
  0x6a, 0xe5, 0x6b, 0x05, 0x7b, 0x26, 0x8b, 0xc9, 0xc5, 0x6e, 0xde, 0x32,
  0xde, 0x12, 0xd6, 0x32, 0xde, 0x11, 0xde, 0x12, 0xdd, 0xf0, 0xde, 0x11,
  0xd6, 0x11, 0xd6, 0x11, 0xd5, 0xf0, 0xd5, 0xcf, 0xd5, 0xf0, 0xd5, 0xcf,
  0xd5, 0xcf, 0xcd, 0x8d, 0xcd, 0x4c, 0xcc, 0xeb, 0xb4, 0x29, 0xab, 0xc7,
  0xab, 0xc8, 0xb3, 0xc8, 0xac, 0x09, 0xab, 0xa8, 0xa3, 0xc9, 0xa3, 0xc8,
  0x9b, 0xc8, 0xac, 0x09, 0xa3, 0xe9, 0xac, 0x09, 0xa3, 0xc8, 0xa3, 0xa7,
  0xac, 0x29, 0xab, 0xe8, 0xa3, 0xa7, 0xab, 0xa7, 0xab, 0x87, 0xa3, 0x25,
  0xa3, 0x67, 0xc4, 0x2a, 0xbc, 0x4a, 0xbc, 0x29, 0xbc, 0x08, 0xbb, 0xc6,
  0xb3, 0xa6, 0xbb, 0xa6, 0xb3, 0xa8, 0xb3, 0x87, 0xab, 0x46, 0xb3, 0x66,
  0xb3, 0x87, 0xb3, 0x66, 0xb3, 0x47, 0xbb, 0x47, 0xb3, 0x88, 0xb3, 0x47,
  0xb3, 0x46, 0xb3, 0x05, 0xb3, 0x06, 0xb2, 0xe5, 0xb3, 0x47, 0xb3, 0x06,
  0xab, 0x06, 0xb3, 0x06, 0xab, 0x05, 0xb3, 0x05, 0xbb, 0x86, 0xc3, 0x86,
  0xcc, 0x28, 0xd4, 0x48, 0xd4, 0xc9, 0xd4, 0xc9, 0xd4, 0xca, 0xdc, 0xea,
  0xdc, 0xca, 0xdc, 0xa9, 0xe4, 0xca, 0xe4, 0x89, 0xe4, 0x89, 0xec, 0x89,
  0xec, 0xca, 0xec, 0xaa, 0xec, 0xeb, 0xf5, 0x0b, 0xf5, 0x4d, 0xf5, 0x2c,
  0xf5, 0x2b, 0xf5, 0x2b, 0xed, 0x2b, 0xf5, 0x0a, 0xf5, 0x2b, 0xfd, 0x4b,
  0xf5, 0x4c, 0xfd, 0x4b, 0xed, 0x4c, 0xf5, 0x2b, 0xed, 0x4b, 0xf5, 0x6b,
  0xed, 0x6b, 0xed, 0x6b, 0xe5, 0x4b, 0xe5, 0x4b, 0xe5, 0x4b, 0xe5, 0x0a,
  0xe5, 0x4b, 0xed, 0x2b, 0xe5, 0x4b, 0xed, 0x4a, 0xfd, 0x8c, 0xf5, 0x4a,
  0xed, 0x2b, 0xdc, 0x88, 0x9b, 0xc7, 0xac, 0x08, 0xac, 0x8a, 0xb4, 0xaa,
  0xac, 0x89, 0xb4, 0x89, 0xbc, 0xea, 0xc4, 0xea, 0xbc, 0xea, 0xbc, 0xc9,
  0xb4, 0xc9, 0xbc, 0xc9, 0xc4, 0xea, 0xd5, 0x6c, 0xdd, 0xad, 0xd5, 0x6c,
  0xcc, 0xea, 0xcc, 0xc9, 0xc4, 0xe9, 0xc4, 0xc9, 0xc5, 0x0a, 0xcd, 0x0a,
  0xed, 0xed, 0xf6, 0x0e, 0xbc, 0x09, 0x92, 0xa3, 0x8a, 0xe5, 0x9b, 0x46,
  0x93, 0xa6, 0x8b, 0x45, 0x8b, 0x26, 0x82, 0xe4, 0x6a, 0x85, 0x72, 0xa5,
  0x82, 0xe5, 0x93, 0x67, 0x93, 0x66, 0x93, 0x45, 0x9b, 0x86, 0x8b, 0x04,
  0x7a, 0xc5, 0x82, 0xe5, 0xa3, 0xa7, 0xa3, 0x86, 0x82, 0xe5, 0x7a, 0x83,
  0x6a, 0xc5, 0x72, 0xe5, 0x72, 0xc5, 0x8b, 0x46, 0x93, 0x87, 0x6a, 0x42,
  0x5a, 0x24, 0x5a, 0x44, 0x5a, 0x45, 0x72, 0xc6, 0x83, 0x47, 0x7a, 0xa4,
  0x6a, 0x85, 0x6a, 0xa5, 0x6a, 0xc5, 0x83, 0x47, 0x93, 0x87, 0xa3, 0xa7,
  0xa3, 0xe7, 0xa3, 0xe6, 0xa4, 0x07, 0xa3, 0xe6, 0xa3, 0xe6, 0xab, 0xe6,
  0xac, 0x27, 0xab, 0xc5, 0x8b, 0x46, 0x8b, 0x25, 0xa4, 0x08, 0x9b, 0xa6,
  0x93, 0x66, 0x93, 0x45, 0x9b, 0xa7, 0x7a, 0x83, 0x5a, 0x44, 0x6a, 0x65,
  0x93, 0x87, 0xac, 0x09, 0xac, 0x07, 0xb4, 0x27, 0xbc, 0x67, 0xc4, 0x67,
  0xbc, 0x87, 0xb4, 0x26, 0xb4, 0x47, 0xbc, 0x46, 0xac, 0x07, 0xa3, 0xa5,
  0x9b, 0x86, 0x9b, 0x65, 0x8b, 0x05, 0x8a, 0xe4, 0x7a, 0xa5, 0x82, 0xa5,
  0x7a, 0xe5, 0xac, 0x0a, 0x93, 0xa7, 0x6a, 0x41, 0x6a, 0xa6, 0x6a, 0x85,
  0x6a, 0xc6, 0x7b, 0x47, 0x83, 0xc9, 0x83, 0x87, 0x7b, 0x66, 0x83, 0x87,
  0x83, 0xa7, 0x83, 0x66, 0x7b, 0x67, 0x83, 0x46, 0x7b, 0x67, 0x6a, 0xc4,
  0x5a, 0x85, 0x5a, 0x64, 0x62, 0xa5, 0x6a, 0xc6, 0x6a, 0xc5, 0x6a, 0xc5,
  0x6a, 0xe5, 0x6a, 0xc5, 0x6a, 0xe6, 0x7b, 0x26, 0x94, 0x2a, 0xcd, 0x8f,
  0xd6, 0x32, 0xd6, 0x11, 0xd6, 0x12, 0xdd, 0xf1, 0xd5, 0xf1, 0xdd, 0xf1,
  0xd6, 0x10, 0xcd, 0xf0, 0xd5, 0xef, 0xd5, 0xef, 0xd5, 0xae, 0xd5, 0xcf,
  0xdd, 0xce, 0xcd, 0x8d, 0xd5, 0x0b, 0xbc, 0x89, 0xbb, 0xe8, 0xab, 0xc7,
  0xab, 0x87, 0xab, 0xc8, 0xb3, 0xe9, 0xa3, 0xa8, 0xa3, 0xa8, 0xab, 0xe9,
  0xa4, 0x29, 0xa4, 0x2a, 0xac, 0x49, 0xa4, 0x4a, 0xa3, 0xc7, 0x9b, 0x86,
  0xab, 0xe7, 0xac, 0x08, 0xab, 0xe7, 0xa3, 0xc7, 0xb3, 0x86, 0xa3, 0x66,
  0xab, 0x66, 0xb4, 0x08, 0xc4, 0x08, 0xbc, 0x09, 0xbb, 0xc6, 0xbc, 0x07,
  0xbb, 0xa6, 0xbb, 0xa6, 0xbb, 0x86, 0xb3, 0x87, 0xab, 0x25, 0xab, 0x46,
  0xbb, 0x86, 0xb3, 0x66, 0xaa, 0xe4, 0xbb, 0x67, 0xc3, 0xc8, 0xc3, 0xc9,
  0xc3, 0xa7, 0xb3, 0x66, 0xb3, 0x05, 0xb3, 0x25, 0xc3, 0x87, 0xc3, 0xc8,
  0xc3, 0x86, 0xbb, 0x66, 0xbb, 0x46, 0xbb, 0x66, 0xc3, 0x86, 0xbb, 0x66,
  0xcc, 0x07, 0xd4, 0x49, 0xdc, 0xa9, 0xd4, 0xa9, 0xd4, 0xa9, 0xd4, 0xa9,
  0xdc, 0xc9, 0xd4, 0xc9, 0xe4, 0xa9, 0xdc, 0xa9, 0xe4, 0x89, 0xe4, 0xca,
  0xec, 0xa9, 0xec, 0xca, 0xf4, 0xea, 0xf5, 0x0b, 0xf5, 0x2b, 0xed, 0x0b,
  0xf5, 0x0a, 0xed, 0x0a, 0xf5, 0x4a, 0xf5, 0x6b, 0xf5, 0x0a, 0xf5, 0x2b,
  0xf5, 0x0a, 0xf5, 0x2b, 0xf5, 0x0a, 0xf5, 0x4b, 0xf5, 0x6b, 0xed, 0x4a,
  0xf5, 0x6a, 0xed, 0x8b, 0xed, 0x4a, 0xed, 0x6b, 0xed, 0x0a, 0xe5, 0x0a,
  0xed, 0x2a, 0xed, 0x4b, 0xf5, 0x6a, 0xf5, 0x8b, 0xf5, 0x6b, 0xf5, 0x8c,
  0xfd, 0x4b, 0xed, 0x0a, 0xb4, 0x07, 0x9b, 0x86, 0xac, 0x08, 0xb4, 0xaa,
  0xbc, 0x89, 0xc4, 0xca, 0xc4, 0xe9, 0xc4, 0xea, 0xbc, 0xa9, 0xbc, 0xc9,
  0xc5, 0x0a, 0xcd, 0x4b, 0xe5, 0xcc, 0xe5, 0xed, 0xdd, 0x4b, 0xc4, 0xe9,
  0xcc, 0xe9, 0xd5, 0x2a, 0xd5, 0x4a, 0xd5, 0x6a, 0xd5, 0x29, 0xe5, 0xab,
  0xf5, 0xed, 0xed, 0xcc, 0xbb, 0x86, 0x9a, 0xa3, 0x93, 0x05, 0x9b, 0xa7,
  0xa3, 0xa6, 0x93, 0x65, 0x8b, 0x04, 0x7a, 0xe4, 0x72, 0x84, 0x7a, 0xc6,
  0x8b, 0x05, 0x93, 0x67, 0x9b, 0x45, 0x9b, 0x86, 0xa3, 0x86, 0x8b, 0x04,
  0x7a, 0xc4, 0x7a, 0xe5, 0x9b, 0x86, 0x9b, 0xa7, 0x82, 0xc4, 0x72, 0xa4,
  0x72, 0xc4, 0x73, 0x06, 0x7a, 0xe4, 0x8b, 0x87, 0x9b, 0xa7, 0x72, 0x63,
  0x62, 0x44, 0x5a, 0x45, 0x62, 0x23, 0x72, 0xe7, 0x93, 0x66, 0x72, 0xa4,
  0x6a, 0x84, 0x6a, 0xa5, 0x7a, 0xc5, 0x83, 0x67, 0x9b, 0x86, 0xa3, 0xe7,
  0xac, 0x07, 0xac, 0x07, 0xab, 0xe6, 0xa3, 0xe6, 0xb4, 0x06, 0xac, 0x06,
  0xb4, 0x26, 0xab, 0xe6, 0x93, 0x66, 0x8b, 0x45, 0xac, 0x07, 0x9b, 0xe7,
  0xa3, 0xa6, 0x93, 0x45, 0xa3, 0xa7, 0x7a, 0xc3, 0x62, 0x24, 0x62, 0x44,
  0x9b, 0x87, 0xac, 0x4a, 0xb4, 0x27, 0xb4, 0x27, 0xbc, 0x67, 0xbc, 0x87,
  0xc4, 0x87, 0xbc, 0x67, 0xbc, 0x46, 0xbc, 0x67, 0xb4, 0x06, 0xa3, 0xa5,
  0x9b, 0x65, 0x8b, 0x04, 0x7a, 0xa4, 0x6a, 0x63, 0x6a, 0x24, 0x6a, 0x45,
  0x72, 0x44, 0x83, 0x28, 0xbc, 0x69, 0x8b, 0x04, 0x6a, 0x63, 0x6a, 0x64,
  0x62, 0xa5, 0x6b, 0x06, 0x83, 0x87, 0x7b, 0x87, 0x7b, 0x66, 0x7b, 0x66,
  0x83, 0x66, 0x83, 0x66, 0x83, 0x66, 0x7b, 0x66, 0x7b, 0x26, 0x62, 0xc4,
  0x62, 0x84, 0x5a, 0x85, 0x6a, 0xa5, 0x6a, 0xc6, 0x6a, 0xc4, 0x6a, 0xe5,
  0x72, 0xe5, 0x6a, 0xe5, 0x6a, 0xc5, 0x6a, 0xe6, 0x8b, 0x87, 0x9c, 0x8b,
  0xcd, 0x8f, 0xd6, 0x11, 0xde, 0x31, 0xde, 0x31, 0xdd, 0xf0, 0xd6, 0x11,
  0xd6, 0x31, 0xd5, 0xd0, 0xcd, 0xef, 0xd5, 0xef, 0xcd, 0xae, 0xdd, 0xcf,
  0xd5, 0xce, 0xcd, 0x4c, 0xc4, 0xcb, 0xbc, 0x49, 0xab, 0xe9, 0xab, 0x87,
  0xa3, 0x88, 0xab, 0xa8, 0xab, 0xea, 0xab, 0xa8, 0xa3, 0xc9, 0xac, 0x09,
  0x9c, 0x09, 0xa4, 0x09, 0xa4, 0x2a, 0xa4, 0x29, 0x9b, 0xa8, 0x9b, 0x46,
  0x9b, 0xc8, 0xac, 0x08, 0xab, 0xe8, 0xa3, 0xc7, 0xab, 0x87, 0xa3, 0x45,
  0xab, 0x66, 0xab, 0x66, 0xab, 0x87, 0xb3, 0xa8, 0xbb, 0xe8, 0xbb, 0xc7,
  0xbb, 0xc7, 0xbb, 0xa6, 0xb3, 0x87, 0xbb, 0x86, 0xb3, 0xa7, 0xbb, 0x87,
  0xb3, 0x66, 0xbb, 0x46, 0xab, 0x05, 0xaa, 0xe5, 0xab, 0x47, 0xbb, 0xa8,
  0xc4, 0x2a, 0xb3, 0x67, 0xb3, 0x26, 0xbb, 0x26, 0xb3, 0x46, 0xc3, 0x87,
  0xbb, 0xa7, 0xbb, 0x66, 0xb3, 0x46, 0xb3, 0x25, 0xbb, 0x87, 0xbb, 0x46,
  0xbb, 0xa7, 0xcb, 0xe8, 0xcc, 0x89, 0xd4, 0x89, 0xc4, 0x69, 0xcc, 0x69,
  0xd4, 0xa9, 0xdc, 0xa9, 0xd4, 0xa9, 0xe4, 0xc9, 0xe4, 0xaa, 0xe4, 0x89,
  0xec, 0xaa, 0xf4, 0xaa, 0xec, 0xaa, 0xf4, 0xca, 0xec, 0xea, 0xf4, 0xea,
  0xec, 0xea, 0xf4, 0xea, 0xf5, 0x4b, 0xf5, 0x2b, 0xec, 0xeb, 0xf5, 0x0a,
  0xed, 0x0a, 0xf5, 0x0a, 0xf5, 0x4b, 0xf5, 0x4b, 0xed, 0x6b, 0xed, 0x2a,
  0xe5, 0x4a, 0xed, 0x4a, 0xe5, 0x4b, 0xed, 0x4b, 0xed, 0x4b, 0xed, 0x2a,
  0xe5, 0x2a, 0xf5, 0x4b, 0xed, 0x8b, 0xf5, 0x8b, 0xed, 0x8c, 0xf5, 0xac,
  0xf5, 0x4b, 0xf4, 0xea, 0xab, 0xe8, 0xa3, 0x86, 0xa4, 0x29, 0xb4, 0x8a,
  0xbc, 0xab, 0xc4, 0xeb, 0xbc, 0xca, 0xc4, 0xca, 0xbc, 0xcb, 0xc5, 0x0b,
  0xd5, 0xad, 0xdd, 0xac, 0xdd, 0xcd, 0xcd, 0x0a, 0xc4, 0xc9, 0xcc, 0xe9,
  0xdd, 0x6b, 0xdd, 0x4b, 0xdd, 0x6a, 0xdd, 0x29, 0xe5, 0x8b, 0xfd, 0xed,
  0xfe, 0x2e, 0xe5, 0x6b, 0xab, 0x46, 0x9a, 0x83, 0x93, 0x26, 0xa3, 0x87,
  0x9b, 0xa6, 0x93, 0x45, 0x83, 0x25, 0x7a, 0xc4, 0x72, 0x85, 0x82, 0xe6,
  0x93, 0x46, 0x9b, 0x66, 0x9b, 0x86, 0xa3, 0x86, 0x9b, 0xa6, 0x8a, 0xe3,
  0x72, 0xc5, 0x7a, 0xe5, 0x9b, 0x87, 0x9b, 0x66, 0x72, 0xc5, 0x72, 0xa4,
  0x6a, 0xc5, 0x72, 0xe6, 0x73, 0x05, 0x93, 0xc8, 0x93, 0x87, 0x72, 0x62,
  0x5a, 0x65, 0x5a, 0x04, 0x5a, 0x24, 0x7a, 0xe7, 0x8b, 0x67, 0x7a, 0xc4,
  0x62, 0x84, 0x6a, 0x84, 0x7b, 0x06, 0x8b, 0x67, 0x9b, 0xa6, 0xa3, 0xc6,
  0xac, 0x27, 0xac, 0x07, 0xac, 0x07, 0xac, 0x06, 0xac, 0x27, 0xb4, 0x26,
  0xa4, 0x06, 0xa3, 0xa5, 0x8b, 0x66, 0x8b, 0x05, 0xa4, 0x08, 0xa4, 0x07,
  0x9b, 0xc7, 0x93, 0x24, 0x9b, 0xa7, 0x82, 0xc3, 0x5a, 0x44, 0x62, 0x24,
  0x93, 0x87, 0xb4, 0x4a, 0xac, 0x27, 0xbc, 0x48, 0xb4, 0x47, 0xc4, 0x87,
  0xbc, 0x88, 0xbc, 0x26, 0xbc, 0x47, 0xc4, 0x47, 0xac, 0x07, 0xa3, 0x85,
  0x8b, 0x45, 0x82, 0xa3, 0x6a, 0x85, 0x6a, 0x43, 0x62, 0x04, 0x6a, 0x04,
  0x62, 0x25, 0x61, 0xe4, 0x93, 0x46, 0xc4, 0x8b, 0x82, 0xe5, 0x6a, 0x22,
  0x62, 0x85, 0x6a, 0xa6, 0x73, 0x27, 0x7b, 0x26, 0x73, 0x46, 0x7b, 0x46,
  0x73, 0x26, 0x7b, 0x05, 0x72, 0xe6, 0x72, 0xe5, 0x6a, 0xc6, 0x62, 0x64,
  0x52, 0x44, 0x5a, 0x44, 0x6a, 0xa5, 0x72, 0xa5, 0x6a, 0xc5, 0x72, 0xc5,
  0x6a, 0xe5, 0x6a, 0xc5, 0x62, 0xc6, 0x6a, 0xc6, 0x73, 0x06, 0x83, 0x67,
  0x9c, 0x4a, 0xbd, 0x2d, 0xde, 0x31, 0xde, 0x31, 0xd6, 0x12, 0xd5, 0xf1,
  0xd5, 0xef, 0xcd, 0xef, 0xd5, 0xce, 0xcd, 0xce, 0xd5, 0xae, 0xd5, 0xcf,
  0xdd, 0x6c, 0xc5, 0x0b, 0xc4, 0x49, 0xbc, 0x29, 0xb3, 0xe9, 0xab, 0xe9,
  0xab, 0xa8, 0xab, 0xc8, 0xbc, 0x2a, 0xa3, 0xa8, 0xa3, 0x88, 0xab, 0xea,
  0xac, 0x29, 0xac, 0x6b, 0xa4, 0x09, 0x9c, 0x09, 0xa3, 0xa7, 0x93, 0x67,
  0xa3, 0xa7, 0xac, 0x29, 0xa3, 0xa7, 0xa3, 0xc7, 0xab, 0x66, 0xa3, 0x66,
  0xab, 0x66, 0xa3, 0x25, 0xab, 0x05, 0xab, 0x46, 0xbb, 0xa7, 0xbb, 0xe7,
  0xc3, 0xc6, 0xbb, 0xa6, 0xbb, 0x86, 0xbb, 0xc7, 0xbb, 0xc7, 0xb3, 0x86,
  0xbb, 0x45, 0xb3, 0x46, 0xb3, 0x25, 0xb3, 0x25, 0xab, 0x05, 0xbb, 0xe9,
  0xc4, 0x09, 0xb3, 0xc8, 0xb2, 0xe5, 0xbb, 0x26, 0xb3, 0x25, 0xb3, 0x46,
  0xc3, 0x86, 0xc3, 0xc7, 0xbb, 0x45, 0xb3, 0x45, 0xb3, 0x05, 0xb3, 0x26,
  0xbb, 0x45, 0xc3, 0xc7, 0xd4, 0x69, 0xcc, 0x69, 0xcc, 0x68, 0xcc, 0x89,
  0xd4, 0x88, 0xd4, 0x89, 0xdc, 0x88, 0xdc, 0xc9, 0xe4, 0x68, 0xdc, 0x69,
  0xec, 0x68, 0xe4, 0x49, 0xec, 0x89, 0xf4, 0xca, 0xf4, 0xca, 0xf4, 0xea,
  0xf5, 0x0a, 0xf5, 0x0a, 0xf5, 0x2a, 0xed, 0x2b, 0xf5, 0x0a, 0xf5, 0x4b,
  0xf5, 0x2a, 0xf5, 0x2a, 0xf5, 0x2b, 0xf5, 0x2b, 0xf5, 0x4a, 0xed, 0x4a,
  0xed, 0x2a, 0xed, 0x6b, 0xed, 0x2a, 0xf5, 0x8c, 0xed, 0x2a, 0xe5, 0x2a,
  0xf5, 0x6a, 0xf5, 0x8b, 0xed, 0x8b, 0xf5, 0xcc, 0xfd, 0xab, 0xed, 0x8b,
  0xf5, 0x0a, 0xe4, 0xc9, 0xab, 0xc7, 0xac, 0x09, 0xac, 0x69, 0xa4, 0x69,
  0xbc, 0xc9, 0xb4, 0xea, 0xc4, 0xea, 0xbc, 0xca, 0xc4, 0xca, 0xcd, 0x2c,
  0xd5, 0x4b, 0xcd, 0x2b, 0xcd, 0x09, 0xcd, 0x4a, 0xdd, 0x8c, 0xdd, 0xac,
  0xe5, 0x8c, 0xdd, 0x6b, 0xed, 0x4a, 0xed, 0x8b, 0xfe, 0x0d, 0xfe, 0x2e,
  0xfe, 0x2f, 0xd4, 0xea, 0xaa, 0xe5, 0x9a, 0xa4, 0x93, 0x25, 0x9b, 0x87,
  0x9b, 0x85, 0x93, 0x65, 0x8b, 0x25, 0x72, 0xc4, 0x72, 0x63, 0x83, 0x06,
  0x9b, 0x65, 0x9b, 0xa7, 0xa3, 0x85, 0xa3, 0xc6, 0xa3, 0x85, 0x82, 0xc3,
  0x7a, 0xc4, 0x72, 0xc4, 0x93, 0x46, 0x93, 0x46, 0x7a, 0xa4, 0x72, 0xc5,
  0x72, 0xa5, 0x73, 0x06, 0x7a, 0xe4, 0x93, 0xe8, 0x9b, 0xc7, 0x72, 0x83,
  0x5a, 0x24, 0x5a, 0x24, 0x62, 0x24, 0x83, 0x48, 0x93, 0x87, 0x7a, 0xe4,
  0x6a, 0xa4, 0x6a, 0xc5, 0x83, 0x05, 0x8b, 0x67, 0xa3, 0xa5, 0xab, 0xe7,
  0xb4, 0x27, 0xac, 0x27, 0xab, 0xe6, 0xac, 0x06, 0xb4, 0x26, 0xac, 0x47,
  0xac, 0x06, 0xa3, 0xc5, 0x8b, 0x45, 0x8b, 0x66, 0xac, 0x27, 0xa4, 0x07,
  0xa3, 0xc6, 0x8b, 0x24, 0x9b, 0x66, 0x82, 0xc4, 0x62, 0x24, 0x5a, 0x24,
  0x93, 0x46, 0xac, 0x4a, 0xb4, 0x27, 0xb4, 0x47, 0xbc, 0x46, 0xbc, 0x88,
  0xc4, 0x87, 0xb4, 0x26, 0xbc, 0x46, 0xbc, 0x67, 0xb4, 0x06, 0x9b, 0xa4,
  0x93, 0x25, 0x7a, 0xc3, 0x72, 0x44, 0x6a, 0x44, 0x69, 0xe3, 0x62, 0x04,
  0x6a, 0x04, 0x62, 0x04, 0x72, 0x43, 0xac, 0x2b, 0xb4, 0x08, 0x72, 0x62,
  0x6a, 0x64, 0x6a, 0xa6, 0x7b, 0x06, 0x73, 0x06, 0x7b, 0x25, 0x73, 0x05,
  0x72, 0xc5, 0x6a, 0xc5, 0x6a, 0x64, 0x62, 0x85, 0x6a, 0xa5, 0x62, 0x85,
  0x5a, 0x44, 0x5a, 0x65, 0x6a, 0x85, 0x62, 0xa5, 0x6a, 0xa4, 0x6a, 0xe5,
  0x6a, 0xc4, 0x6a, 0xc5, 0x72, 0xc5, 0x6a, 0xc5, 0x72, 0xc5, 0x7b, 0x27,
  0x83, 0x87, 0x9c, 0x6b, 0xd5, 0xaf, 0xde, 0x51, 0xde, 0x12, 0xde, 0x32,
  0xc5, 0xaf, 0xcd, 0xaf, 0xcd, 0xce, 0xd5, 0xae, 0xd5, 0xae, 0xd5, 0x8d,
  0xd5, 0x6c, 0xc4, 0xca, 0xbc, 0x49, 0xbc, 0x08, 0xab, 0xe9, 0xab, 0xa8,
  0xa3, 0x88, 0xab, 0xa8, 0xab, 0xc9, 0xa3, 0x88, 0x9b, 0x88, 0xab, 0xc8,
  0xa4, 0x09, 0xa3, 0xe9, 0x9b, 0xe8, 0xa3, 0xe8, 0x9b, 0xa8, 0x93, 0x26,
  0x9b, 0xa8, 0xb4, 0x29, 0x9b, 0xa7, 0xa3, 0x87, 0xa3, 0x46, 0xab, 0x66,
  0xb3, 0x87, 0xab, 0x25, 0xa2, 0xe6, 0xa2, 0xc5, 0xa3, 0x06, 0xb3, 0x67,
  0xb3, 0x87, 0xbb, 0x87, 0xbb, 0xc7, 0xbb, 0xa7, 0xab, 0x67, 0xab, 0x05,
  0xab, 0x05, 0xb3, 0x05, 0xb3, 0x46, 0xb3, 0x05, 0xab, 0x47, 0xc3, 0xe8,
  0xc4, 0x09, 0xb3, 0x67, 0xb2, 0xe6, 0xb2, 0xc5, 0xb2, 0xe6, 0xb2, 0xe5,
  0xbb, 0x66, 0xc3, 0xa7, 0xcc, 0x29, 0xc3, 0xc7, 0xb3, 0x86, 0xbb, 0x66,
  0xb3, 0x66, 0xc3, 0xa7, 0xc4, 0x08, 0xcc, 0x08, 0xcc, 0x89, 0xd4, 0x89,
  0xd4, 0xa9, 0xd4, 0x88, 0xcc, 0x47, 0xdc, 0x88, 0xdc, 0x68, 0xdc, 0x48,
  0xdc, 0x48, 0xe4, 0x48, 0xec, 0x89, 0xf4, 0xa9, 0xec, 0xca, 0xf4, 0xa9,
  0xec, 0xea, 0xf4, 0xca, 0xed, 0x2b, 0xf5, 0x0a, 0xed, 0x0b, 0xf5, 0x2b,
  0xf5, 0x4b, 0xf5, 0x0a, 0xf5, 0x2c, 0xfd, 0x4c, 0xf5, 0xad, 0xf5, 0x6b,
  0xed, 0x6c, 0xf5, 0x6c, 0xed, 0x6c, 0xf5, 0x6c, 0xed, 0x6b, 0xed, 0x6b,
  0xed, 0x8c, 0xf5, 0xac, 0xf5, 0xcd, 0xf5, 0xac, 0xf5, 0xac, 0xf5, 0x4a,
  0xed, 0x0b, 0xd4, 0x27, 0xa4, 0x08, 0xb4, 0x49, 0xac, 0x8a, 0xac, 0x8a,
  0xb4, 0xca, 0xbc, 0xc9, 0xbc, 0xea, 0xb4, 0x88, 0xbc, 0xca, 0xbc, 0xca,
  0xac, 0x68, 0xbc, 0xc9, 0xcd, 0x4b, 0xdd, 0x8c, 0xdd, 0xac, 0xdd, 0x8b,
  0xed, 0xad, 0xf5, 0xed, 0xf5, 0xed, 0xfd, 0xed, 0xf6, 0x0e, 0xfe, 0x0d,
  0xfe, 0x2f, 0xc4, 0x47, 0xa3, 0x06, 0x9a, 0x84, 0x93, 0x46, 0xa3, 0x87,
  0x93, 0xa7, 0x93, 0x45, 0x83, 0x26, 0x7a, 0xa4, 0x72, 0xa5, 0x8b, 0x47,
  0x9b, 0x86, 0xa3, 0xa7, 0x93, 0x65, 0xa3, 0xa6, 0x93, 0x86, 0x8a, 0xe3,
  0x72, 0xa5, 0x72, 0x84, 0x8b, 0x47, 0x8b, 0x05, 0x72, 0xa5, 0x72, 0xa4,
  0x6a, 0xe5, 0x72, 0xc5, 0x7b, 0x05, 0xa4, 0x09, 0x93, 0x87, 0x6a, 0x41,
  0x52, 0x04, 0x5a, 0x04, 0x62, 0x45, 0x83, 0x28, 0x93, 0x87, 0x7a, 0xa4,
  0x6a, 0xc4, 0x72, 0xe5, 0x83, 0x46, 0x93, 0x67, 0x9b, 0xa6, 0xab, 0xe7,
  0xac, 0x27, 0xb4, 0x27, 0xac, 0x27, 0xb4, 0x06, 0xac, 0x06, 0xb4, 0x26,
  0xac, 0x27, 0xab, 0xc5, 0x83, 0x45, 0x8b, 0x45, 0xac, 0x28, 0xb4, 0x48,
  0xa3, 0xe8, 0x93, 0x24, 0x8b, 0x26, 0x82, 0xc4, 0x5a, 0x04, 0x62, 0x03,
  0x83, 0x06, 0xa3, 0xe9, 0xac, 0x07, 0xb4, 0x07, 0xbc, 0x47, 0xc4, 0x67,
  0xbc, 0x67, 0xb3, 0xe5, 0xb4, 0x46, 0xbc, 0x67, 0xb4, 0x68, 0xa3, 0xa5,
  0x83, 0x25, 0x7a, 0xa3, 0x72, 0x85, 0x6a, 0x24, 0x62, 0x04, 0x72, 0x25,
  0x62, 0x25, 0x61, 0xe4, 0x59, 0xc3, 0x8b, 0x08, 0xac, 0x29, 0x7a, 0x82,
  0x62, 0x65, 0x62, 0x64, 0x6a, 0xc6, 0x72, 0xc6, 0x6b, 0x06, 0x72, 0xe5,
  0x62, 0xa5, 0x62, 0x64, 0x62, 0x65, 0x62, 0x44, 0x5a, 0x45, 0x5a, 0x44,
  0x5a, 0x44, 0x62, 0x44, 0x6a, 0xa6, 0x6a, 0xa5, 0x62, 0xa5, 0x6a, 0xa5,
  0x62, 0x85, 0x6a, 0xc5, 0x6a, 0xe6, 0x6a, 0xa5, 0x6a, 0xe6, 0x7b, 0x27,
  0x7b, 0x68, 0x7b, 0x67, 0x9c, 0x4b, 0xde, 0x11, 0xd6, 0x12, 0xcd, 0xb0,
  0xd5, 0xcf, 0xd5, 0xf0, 0xdd, 0xef, 0xd5, 0xcf, 0xdd, 0xad, 0xd5, 0xad,
  0xdd, 0x4b, 0xc4, 0xa9, 0xb4, 0x07, 0xb4, 0x48, 0xb3, 0xe8, 0xab, 0xc8,
  0xab, 0x87, 0xab, 0xa8, 0xab, 0xc8, 0xab, 0xa8, 0xa3, 0xa7, 0xa3, 0xa8,
  0xab, 0xe8, 0x9b, 0xa7, 0x9b, 0xa7, 0x9b, 0xc8, 0xa3, 0xc8, 0x8b, 0x66,
  0xa3, 0xa7, 0xb4, 0x6a, 0xb3, 0xe7, 0xa3, 0xc7, 0xab, 0x45, 0xab, 0x86,
  0xb3, 0x66, 0xa3, 0x25, 0xa2, 0xc4, 0x9a, 0xa4, 0xa2, 0x84, 0x9a, 0x84,
  0xaa, 0xe5, 0xab, 0x06, 0xab, 0x05, 0xa2, 0xe5, 0xa2, 0xa4, 0xa2, 0xc5,
  0xb2, 0xe5, 0xab, 0x06, 0xb2, 0xe5, 0xb3, 0x26, 0xb3, 0x66, 0xbb, 0xe8,
  0xc3, 0xa7, 0xb3, 0x46, 0xba, 0xa4, 0xb2, 0xc5, 0xbb, 0x06, 0xb3, 0x06,
  0xb3, 0x24, 0xc3, 0xa6, 0xd4, 0x07, 0xdc, 0x69, 0xdc, 0x49, 0xbb, 0xa6,
  0xc3, 0xa7, 0xcc, 0x29, 0xcb, 0xe7, 0xcc, 0x08, 0xd4, 0x68, 0xd4, 0x89,
  0xdc, 0xa8, 0xd4, 0xa9, 0xdc, 0x67, 0xd4, 0x67, 0xe4, 0x68, 0xdc, 0x88,
  0xec, 0x68, 0xec, 0xa9, 0xf4, 0xa9, 0xec, 0xaa, 0xf4, 0x89, 0xf4, 0xca,
  0xf4, 0xc9, 0xf4, 0xca, 0xf4, 0xea, 0xf5, 0x0a, 0xf5, 0x2a, 0xf5, 0x2b,
  0xf5, 0x0a, 0xf5, 0x0b, 0xf5, 0x2b, 0xfd, 0x6c, 0xfd, 0xac, 0xf5, 0xac,
  0xfd, 0x8c, 0xf5, 0x8c, 0xf5, 0x6b, 0xf5, 0x6c, 0xf5, 0x8c, 0xf5, 0xcd,
  0xfd, 0xcc, 0xf5, 0xec, 0xfd, 0xcc, 0xf5, 0xcc, 0xf5, 0x4a, 0xf5, 0x4a,
  0xed, 0x0b, 0xbb, 0xc6, 0xb4, 0x49, 0xbc, 0xaa, 0xbc, 0xca, 0xb4, 0xaa,
  0xc4, 0xc9, 0xbc, 0xca, 0xbc, 0x68, 0xb4, 0x69, 0xc4, 0xea, 0xc5, 0x0b,
  0xcd, 0x0b, 0xcd, 0x2c, 0xd5, 0x2b, 0xdd, 0xad, 0xed, 0xcc, 0xf6, 0x2e,
  0xfe, 0x4e, 0xfe, 0x2e, 0xfe, 0x0d, 0xf5, 0xed, 0xf5, 0xec, 0xfe, 0x4e,
  0xfd, 0xcd, 0xbc, 0x26, 0xb3, 0x26, 0xa2, 0xc5, 0xa3, 0x66, 0xa3, 0xc7,
  0x9b, 0x65, 0x8b, 0x45, 0x8b, 0x05, 0x7a, 0xc4, 0x7a, 0xe5, 0x8b, 0x67,
  0xa3, 0x85, 0xa3, 0xa6, 0x9b, 0x65, 0xa3, 0xc6, 0xa3, 0xa6, 0x83, 0x04,
  0x7a, 0xa4, 0x72, 0xa5, 0x93, 0x67, 0x7a, 0xe5, 0x72, 0xa4, 0x72, 0xc5,
  0x72, 0xc4, 0x72, 0xe5, 0x8b, 0x25, 0xa4, 0x29, 0x93, 0x45, 0x6a, 0x21,
  0x5a, 0x04, 0x52, 0x24, 0x6a, 0x64, 0x8b, 0x89, 0x9b, 0xa7, 0x82, 0xe4,
  0x72, 0xc4, 0x72, 0xe5, 0x8b, 0x25, 0x93, 0x87, 0xa3, 0xc6, 0xac, 0x07,
  0xb4, 0x06, 0xac, 0x27, 0xb4, 0x26, 0xb4, 0x67, 0xbc, 0x46, 0xbc, 0x67,
  0xbc, 0x46, 0xac, 0x05, 0x93, 0x85, 0x83, 0x45, 0xac, 0x07, 0xb4, 0x68,
  0xa3, 0xc6, 0x93, 0x45, 0x93, 0x45, 0x82, 0xe4, 0x6a, 0x64, 0x62, 0x43,
  0x7a, 0xc5, 0xa4, 0x2a, 0xac, 0x06, 0xac, 0x47, 0xbc, 0x67, 0xbc, 0x88,
  0xbc, 0x46, 0xac, 0x06, 0xbc, 0x26, 0xbc, 0x68, 0xbc, 0x68, 0xa3, 0xc6,
  0x8b, 0x25, 0x7a, 0xc4, 0x7a, 0xc5, 0x72, 0x84, 0x72, 0x45, 0x72, 0x86,
  0x72, 0x44, 0x62, 0x03, 0x61, 0xc3, 0x7a, 0xa7, 0xb4, 0x69, 0x83, 0x25,
  0x62, 0x43, 0x62, 0x64, 0x72, 0xa5, 0x73, 0x06, 0x73, 0x05, 0x6b, 0x05,
  0x6a, 0xa4, 0x5a, 0x64, 0x62, 0x64, 0x5a, 0x65, 0x62, 0x65, 0x5a, 0x65,
  0x6a, 0x65, 0x6a, 0x85, 0x6a, 0xa5, 0x6a, 0xa5, 0x6a, 0xc5, 0x62, 0xa4,
  0x6a, 0xa5, 0x62, 0xc5, 0x6a, 0xc5, 0x62, 0xa5, 0x73, 0x06, 0x73, 0x47,
  0x7b, 0x46, 0x73, 0x47, 0x83, 0x46, 0xb5, 0x0e, 0xbd, 0x4e, 0xb5, 0x2e,
  0xd5, 0xf1, 0xd5, 0xf0, 0xd5, 0xf0, 0xd5, 0xaf, 0xd5, 0x8d, 0xd5, 0x6c,
  0xd5, 0x0b, 0xc4, 0x68, 0xb4, 0x08, 0xb3, 0xc7, 0xab, 0xc8, 0xab, 0x87,
  0xa3, 0xa8, 0xa3, 0x87, 0xa3, 0x88, 0xa3, 0x87, 0x9b, 0xa9, 0x9b, 0x88,
  0x9b, 0xc8, 0x9b, 0x87, 0x9b, 0xa8, 0x9b, 0xa7, 0x93, 0xa8, 0x93, 0x87,
  0xa4, 0x09, 0xbc, 0xab, 0xac, 0x08, 0xab, 0xc7, 0xa3, 0x66, 0xab, 0x66,
  0xab, 0x46, 0xa3, 0x05, 0xa2, 0xc5, 0x9a, 0xa4, 0x9a, 0xa5, 0x92, 0x44,
  0x92, 0x64, 0x9a, 0x85, 0x9a, 0xa5, 0xa2, 0xa5, 0x9a, 0xc6, 0xa2, 0xc6,
  0xa2, 0xc6, 0xaa, 0xa5, 0xab, 0x05, 0xb3, 0x05, 0xab, 0x87, 0xc3, 0xc8,
  0xbb, 0x87, 0xb3, 0x05, 0xb2, 0xa5, 0xba, 0xc5, 0xb3, 0x06, 0xbb, 0x26,
  0xbb, 0x86, 0xc3, 0xa7, 0xc3, 0x86, 0xc3, 0x85, 0xc3, 0xc7, 0xcb, 0xe8,
  0xcc, 0x49, 0xd4, 0x29, 0xcc, 0x08, 0xd4, 0x28, 0xcc, 0x69, 0xd4, 0x48,
  0xd4, 0x89, 0xdc, 0x89, 0xdc, 0x68, 0xdc, 0x68, 0xdc, 0x68, 0xdc, 0x68,
  0xe4, 0x8a, 0xe4, 0x69, 0xe4, 0x89, 0xf4, 0x89, 0xec, 0xca, 0xec, 0xaa,
  0xec, 0xcb, 0xf4, 0xca, 0xec, 0xca, 0xf4, 0xca, 0xec, 0xea, 0xf5, 0x0a,
  0xed, 0x2b, 0xf5, 0x0a, 0xed, 0x2b, 0xf5, 0x4b, 0xf5, 0x6c, 0xf5, 0x4b,
  0xf5, 0x6c, 0xfd, 0x6c, 0xf5, 0x8c, 0xf5, 0x6b, 0xf5, 0xcd, 0xf5, 0xac,
  0xf5, 0xcc, 0xf5, 0xab, 0xf5, 0x8b, 0xf5, 0x4a, 0xed, 0x2a, 0xf5, 0x2a,
  0xcc, 0x69, 0xbb, 0xa6, 0xb4, 0x6a, 0xbc, 0x6a, 0xc4, 0xca, 0xbc, 0x69,
  0xbc, 0x89, 0xc4, 0xa9, 0xc4, 0xca, 0xc4, 0x89, 0xc4, 0xaa, 0xcc, 0xaa,
  0xcc, 0xec, 0xd5, 0x0c, 0xe5, 0xae, 0xfe, 0x10, 0xfe, 0x70, 0xfe, 0x0e,
  0xed, 0xcd, 0xfe, 0x2e, 0xf5, 0xee, 0xf5, 0xac, 0xf6, 0x0d, 0xfe, 0x2d,
  0xed, 0xad, 0xc4, 0x06, 0xb3, 0x67, 0xa2, 0xa4, 0xa3, 0x87, 0xab, 0xa7,
  0x93, 0x66, 0x8b, 0x04, 0x83, 0x06, 0x7a, 0xa4, 0x7a, 0xe6, 0x93, 0x67,
  0x9b, 0x86, 0x9b, 0x65, 0x9b, 0x86, 0xa3, 0xc6, 0x9b, 0xa7, 0x8a, 0xc3,
  0x72, 0xa5, 0x7a, 0xa5, 0x83, 0x47, 0x72, 0xa4, 0x6a, 0xa5, 0x72, 0xa4,
  0x6a, 0xe5, 0x72, 0xe5, 0x93, 0x86, 0xb4, 0x49, 0x8b, 0x46, 0x61, 0xe1,
  0x52, 0x25, 0x52, 0x04, 0x72, 0xa6, 0x93, 0xa9, 0x93, 0xa6, 0x83, 0x04,
  0x72, 0xe5, 0x7a, 0xc4, 0x8b, 0x46, 0x93, 0x87, 0x9b, 0xc6, 0xab, 0xe6,
  0xac, 0x27, 0xb4, 0x06, 0xb4, 0x47, 0xbc, 0x47, 0xb4, 0x67, 0xc4, 0x87,
  0xb4, 0x67, 0xab, 0xe5, 0x8b, 0x66, 0x8b, 0x24, 0xa4, 0x07, 0xbc, 0x88,
  0x9b, 0xc6, 0x93, 0x44, 0x8b, 0x46, 0x83, 0x04, 0x62, 0x64, 0x62, 0x43,
  0x7a, 0xe5, 0xa4, 0x0a, 0xac, 0x27, 0xb4, 0x27, 0xbc, 0x88, 0xc4, 0xa8,
  0xb4, 0x46, 0xb3, 0xe5, 0xb4, 0x06, 0xbc, 0x26, 0xbc, 0x68, 0xab, 0xc6,
  0x8b, 0x25, 0x8a, 0xe4, 0x7a, 0xc5, 0x72, 0x64, 0x62, 0x24, 0x72, 0x65,
  0x72, 0x85, 0x62, 0x03, 0x62, 0x04, 0x72, 0x45, 0xac, 0x2a, 0x93, 0x46,
  0x6a, 0xa5, 0x6a, 0x43, 0x6a, 0x85, 0x72, 0xc5, 0x6a, 0xe5, 0x72, 0xe5,
  0x62, 0xc5, 0x5a, 0x43, 0x5a, 0x45, 0x62, 0x64, 0x5a, 0x65, 0x5a, 0x24,
  0x62, 0x85, 0x6a, 0x85, 0x62, 0xa5, 0x6a, 0xa5, 0x62, 0xa5, 0x62, 0x64,
  0x5a, 0x85, 0x62, 0x64, 0x5a, 0x65, 0x6a, 0x85, 0x73, 0x26, 0x7b, 0x26,
  0x73, 0x47, 0x73, 0x06, 0x73, 0x26, 0x8b, 0x88, 0xa4, 0xcc, 0xac, 0xab,
  0xd5, 0xcf, 0xd5, 0xf0, 0xdd, 0xef, 0xd5, 0xcf, 0xdd, 0x6c, 0xcd, 0x4c,
  0xd4, 0xea, 0xbc, 0x48, 0xb3, 0xc7, 0xab, 0xc7, 0xab, 0x87, 0xab, 0xa8,
  0xab, 0x87, 0xa3, 0x67, 0xa3, 0x87, 0x9b, 0x67, 0x93, 0x47, 0x8b, 0x27,
  0x93, 0x26, 0x93, 0x87, 0x9b, 0x87, 0x9b, 0xa7, 0x9b, 0xa7, 0x93, 0xa8,
  0xac, 0x29, 0xb4, 0xab, 0xbc, 0x08, 0xa3, 0xa6, 0xab, 0x66, 0xab, 0xa7,
  0xab, 0x46, 0xa3, 0x05, 0xa2, 0xc4, 0xa2, 0xc5, 0x9a, 0x85, 0x92, 0x44,
  0x92, 0x44, 0x92, 0x65, 0x9a, 0x84, 0x9a, 0x85, 0xa2, 0xa5, 0xa2, 0xc6,
  0xaa, 0xa5, 0xaa, 0xc6, 0xb3, 0x05, 0xb3, 0x05, 0xbb, 0x86, 0xc3, 0xe8,
  0xc3, 0x66, 0xb3, 0x25, 0xba, 0xe5, 0xbb, 0x06, 0xc3, 0x66, 0xbb, 0x87,
  0xc3, 0x85, 0xc3, 0xc7, 0xcb, 0xa6, 0xc3, 0x85, 0xcb, 0xc6, 0xd4, 0x48,
  0xdc, 0x89, 0xd4, 0x68, 0xd4, 0x68, 0xc4, 0x07, 0xd4, 0x08, 0xd4, 0x28,
  0xdc, 0x48, 0xd4, 0x48, 0xe4, 0x67, 0xe4, 0xa8, 0xe4, 0x68, 0xdc, 0x68,
  0xe4, 0x48, 0xdc, 0x69, 0xe4, 0x48, 0xec, 0x89, 0xec, 0xa9, 0xec, 0xaa,
  0xf4, 0xaa, 0xf4, 0xca, 0xf4, 0xa9, 0xf4, 0xea, 0xf4, 0xea, 0xf5, 0x0b,
  0xf5, 0x0b, 0xed, 0x0b, 0xf5, 0x2a, 0xf5, 0x4b, 0xf5, 0x4a, 0xf5, 0x6b,
  0xfd, 0x8b, 0xfd, 0xac, 0xf5, 0xac, 0xf5, 0xed, 0xfd, 0xcc, 0xf5, 0xcc,
  0xfd, 0x8a, 0xed, 0x6a, 0xf5, 0x49, 0xed, 0x49, 0xf5, 0x6a, 0xe5, 0x29,
  0xc4, 0x06, 0xc4, 0x27, 0xd4, 0x68, 0xcc, 0x89, 0xd4, 0xa8, 0xdc, 0xea,
  0xe5, 0x2a, 0xdd, 0x0a, 0xe5, 0x6c, 0xed, 0xcd, 0xed, 0xcd, 0xed, 0xee,
  0xfd, 0xee, 0xfe, 0x2f, 0xfd, 0xee, 0xf5, 0xee, 0xfd, 0xed, 0xf5, 0xed,
  0xfe, 0x0f, 0xfe, 0x0f, 0xfd, 0xee, 0xf5, 0xce, 0xfd, 0xec, 0xfe, 0x0d,
  0xed, 0x6c, 0xc4, 0x48, 0xc3, 0xa8, 0xa2, 0xc5, 0xa3, 0x65, 0xab, 0xc7,
  0x9b, 0x65, 0x8b, 0x25, 0x83, 0x05, 0x72, 0xa4, 0x82, 0xc4, 0x93, 0x87,
  0xa3, 0xa6, 0x9b, 0x85, 0xa3, 0x85, 0xa3, 0xc7, 0xa3, 0xa6, 0x8b, 0x04,
  0x7a, 0xc4, 0x7a, 0xe5, 0x83, 0x06, 0x6a, 0xa4, 0x72, 0xa4, 0x72, 0xe5,
  0x7a, 0xe4, 0x7b, 0x26, 0xac, 0x07, 0xb4, 0x69, 0x82, 0xc4, 0x62, 0x01,
  0x5a, 0x04, 0x52, 0x05, 0x82, 0xe5, 0x9b, 0xe9, 0x93, 0x65, 0x83, 0x03,
  0x7a, 0xe4, 0x7b, 0x05, 0x93, 0x66, 0x9b, 0xe8, 0xa3, 0xe5, 0xac, 0x27,
  0xbc, 0x47, 0xb4, 0x47, 0xbc, 0x46, 0xc4, 0x87, 0xc4, 0x66, 0xc4, 0xa7,
  0xc4, 0x87, 0xbc, 0x66, 0x9b, 0xa6, 0x8b, 0x44, 0xb4, 0x27, 0xb4, 0x68,
  0xa3, 0xa5, 0x8b, 0x44, 0x93, 0x25, 0x8b, 0x25, 0x72, 0x84, 0x6a, 0x43,
  0x7a, 0xa4, 0xa4, 0x0a, 0xbc, 0x27, 0xbc, 0x48, 0xbc, 0x67, 0xc4, 0xa8,
  0xbc, 0x46, 0xac, 0x05, 0xb4, 0x05, 0xb4, 0x26, 0xbc, 0x67, 0xac, 0x06,
  0x9b, 0x65, 0x8b, 0x04, 0x7a, 0xc4, 0x6a, 0x84, 0x72, 0x64, 0x6a, 0x64,
  0x72, 0x84, 0x62, 0x43, 0x69, 0xe3, 0x72, 0x45, 0xa3, 0xc8, 0x93, 0x67,
  0x7a, 0xc4, 0x6a, 0x83, 0x6a, 0x84, 0x72, 0xe6, 0x72, 0xe4, 0x73, 0x05,
  0x6a, 0xc5, 0x62, 0x84, 0x62, 0x64, 0x5a, 0x64, 0x62, 0x44, 0x62, 0x65,
  0x6a, 0x84, 0x6a, 0xa5, 0x6a, 0xa4, 0x6a, 0xc5, 0x6a, 0xa4, 0x6a, 0xa5,
  0x6a, 0x85, 0x5a, 0x24, 0x5a, 0x24, 0x5a, 0x85, 0x73, 0x06, 0x73, 0x47,
  0x73, 0x26, 0x6b, 0x26, 0x72, 0xe5, 0x73, 0x47, 0xa4, 0x6a, 0xa4, 0xab,
  0xcd, 0xae, 0xcd, 0xae, 0xcd, 0xae, 0xd5, 0xae, 0xd5, 0x6d, 0xd5, 0x2c,
  0xcc, 0x89, 0xbb, 0xc6, 0xb3, 0xe8, 0xab, 0x87, 0xa3, 0x67, 0xab, 0x67,
  0xa3, 0x47, 0xa3, 0x46, 0x9b, 0x68, 0x9b, 0x27, 0x83, 0x07, 0x82, 0xe6,
  0x8b, 0x47, 0x8b, 0x26, 0x8b, 0x46, 0x93, 0x46, 0x93, 0x87, 0x9b, 0x87,
  0xbc, 0xac, 0xb4, 0x4a, 0xb4, 0x09, 0xa3, 0x86, 0xab, 0xa7, 0xab, 0x86,
  0xa3, 0x26, 0x9a, 0xe5, 0x9a, 0xc5, 0x9a, 0x84, 0x92, 0x85, 0x92, 0x44,
  0x8a, 0x45, 0x8a, 0x24, 0x92, 0x65, 0x9a, 0x85, 0x9a, 0x85, 0xa2, 0xa5,
  0xaa, 0xc6, 0xb2, 0xe6, 0xb3, 0x06, 0xbb, 0x26, 0xbb, 0xc7, 0xc3, 0xe7,
  0xbb, 0x66, 0xb3, 0x04, 0xbb, 0x06, 0xba, 0xc5, 0xbb, 0x67, 0xd3, 0xe9,
  0xcc, 0x28, 0xd4, 0x28, 0xcc, 0x08, 0xc3, 0xa6, 0xd4, 0x68, 0xdc, 0x68,
  0xd4, 0x67, 0xdc, 0x87, 0xd4, 0x89, 0xd4, 0x47, 0xcc, 0x07, 0xcb, 0xe7,
  0xcc, 0x08, 0xd4, 0x07, 0xd4, 0x47, 0xe4, 0x88, 0xd4, 0x48, 0xe4, 0x68,
  0xdc, 0x49, 0xdc, 0x28, 0xdc, 0x28, 0xe4, 0x48, 0xe4, 0x89, 0xec, 0x89,
  0xec, 0xaa, 0xec, 0x89, 0xec, 0xaa, 0xf4, 0xaa, 0xec, 0xeb, 0xf4, 0xea,
  0xed, 0x0c, 0xf5, 0x0c, 0xf5, 0x2c, 0xf5, 0x2b, 0xf5, 0x4b, 0xfd, 0x4b,
  0xed, 0xac, 0xfd, 0xcc, 0xf5, 0xed, 0xf5, 0xed, 0xf5, 0xed, 0xf5, 0x8b,
  0xf5, 0x6a, 0xf5, 0x4a, 0xf5, 0x8b, 0xf5, 0x6a, 0xed, 0x8b, 0xd4, 0xc8,
  0xcc, 0xa8, 0xd4, 0xa8, 0xd4, 0xa9, 0xe4, 0xc9, 0xe5, 0x0a, 0xf5, 0x4b,
  0xed, 0xcc, 0xfe, 0x0d, 0xf6, 0x2e, 0xfe, 0x4f, 0xfe, 0x50, 0xf6, 0x0e,
  0xf6, 0x0e, 0xfd, 0xee, 0xfe, 0x0e, 0xfe, 0x0e, 0xf6, 0x0e, 0xfd, 0xed,
  0xf5, 0xce, 0xfd, 0xee, 0xfe, 0x0f, 0xfd, 0xee, 0xf5, 0xed, 0xfd, 0xec,
  0xed, 0x8e, 0xc4, 0x07, 0xbb, 0x88, 0xaa, 0xc5, 0xa3, 0x66, 0xab, 0xa7,
  0x93, 0x66, 0x93, 0x25, 0x83, 0x06, 0x7a, 0xc4, 0x83, 0x05, 0x9b, 0x87,
  0xa3, 0xc7, 0xa3, 0x85, 0x9b, 0xa6, 0xab, 0xc7, 0x9b, 0xa7, 0x8a, 0xe3,
  0x72, 0xc5, 0x7a, 0xc5, 0x72, 0xc5, 0x6a, 0x84, 0x72, 0xe6, 0x72, 0xe5,
  0x72, 0xc5, 0x8b, 0x47, 0xb4, 0x69, 0xb4, 0x28, 0x72, 0xa5, 0x61, 0xe1,
  0x52, 0x25, 0x51, 0xe4, 0x83, 0x26, 0x9b, 0xc9, 0x8b, 0x65, 0x82, 0xc3,
  0x7b, 0x06, 0x83, 0x26, 0x93, 0x86, 0xa3, 0xc7, 0xac, 0x07, 0xb4, 0x27,
  0xb4, 0x67, 0xbc, 0x47, 0xbc, 0x67, 0xc4, 0x66, 0xc4, 0x87, 0xcc, 0xa7,
  0xcc, 0xe9, 0xcc, 0xa8, 0x9b, 0xc7, 0x8b, 0x04, 0xac, 0x28, 0xbc, 0x89,
  0x9b, 0xc7, 0x8b, 0x04, 0x8b, 0x26, 0x93, 0x26, 0x72, 0xa5, 0x6a, 0x43,
  0x72, 0x85, 0xa4, 0x0a, 0xac, 0x48, 0xac, 0x28, 0xa4, 0x49, 0xac, 0x69,
  0x9c, 0x08, 0xac, 0x69, 0xa4, 0xa9, 0xac, 0x89, 0xac, 0x8a, 0xa4, 0x08,
  0x93, 0x88, 0x8b, 0x26, 0x72, 0xe6, 0x72, 0xa5, 0x72, 0x85, 0x72, 0x64,
  0x6a, 0x65, 0x72, 0x44, 0x62, 0x04, 0x72, 0x25, 0xa3, 0xe8, 0x93, 0x66,
  0x72, 0xc5, 0x6a, 0x63, 0x5a, 0x65, 0x6a, 0xa6, 0x6b, 0x06, 0x6a, 0xc5,
  0x6a, 0xc5, 0x6a, 0xa4, 0x62, 0x64, 0x62, 0x64, 0x62, 0x85, 0x6a, 0x85,
  0x62, 0xa5, 0x6a, 0x85, 0x6a, 0xa5, 0x6a, 0xa5, 0x6a, 0xa5, 0x6a, 0xa5,
  0x62, 0x85, 0x51, 0xe3, 0x52, 0x05, 0x62, 0x86, 0x6b, 0x07, 0x73, 0x07,
  0x6a, 0xe6, 0x6a, 0xc5, 0x62, 0xc6, 0x6a, 0xe6, 0x83, 0x88, 0x94, 0x0a,
  0xd5, 0xcd, 0xcd, 0xce, 0xd5, 0xcd, 0xd5, 0xce, 0xdd, 0x6c, 0xcd, 0x2b,
  0xcc, 0x48, 0xbb, 0xc6, 0xbb, 0xa7, 0xab, 0x87, 0xa3, 0x46, 0xa3, 0x87,
  0xa3, 0x67, 0xa3, 0x67, 0xa3, 0x67, 0x9b, 0x67, 0x93, 0x67, 0x7b, 0x06,
  0x8b, 0x26, 0x83, 0x26, 0x93, 0x05, 0x93, 0x46, 0x93, 0x46, 0x9b, 0xa7,
  0xc4, 0xab, 0xac, 0x29, 0xbc, 0x08, 0xab, 0xa7, 0xb3, 0xa7, 0xa3, 0x66,
  0xa2, 0xe5, 0x9a, 0xe5, 0xa2, 0xc5, 0x92, 0xa4, 0x92, 0x64, 0x8a, 0x44,
  0x8a, 0x24, 0x82, 0x04, 0x92, 0x44, 0x92, 0x65, 0x9a, 0x64, 0xa2, 0xa5,
  0xaa, 0xa4, 0xaa, 0xc5, 0xbb, 0x05, 0xbb, 0x87, 0xc3, 0xa6, 0xbb, 0x65,
  0xbb, 0x25, 0xbb, 0x25, 0xba, 0xc5, 0xb2, 0xc5, 0xba, 0xe5, 0xcb, 0x67,
  0xcb, 0xa6, 0xcc, 0x08, 0xe4, 0x89, 0xd4, 0x48, 0xdc, 0x46, 0xcc, 0x26,
  0xdc, 0x66, 0xdc, 0xa8, 0xe4, 0xc8, 0xdc, 0xc8, 0xd4, 0x07, 0xd4, 0x48,
  0xd4, 0x07, 0xcc, 0x07, 0xd4, 0x06, 0xe4, 0xa8, 0xdc, 0x47, 0xd4, 0x47,
  0xe4, 0x68, 0xdc, 0x48, 0xe4, 0x68, 0xe4, 0x89, 0xec, 0x48, 0xec, 0x89,
  0xf4, 0xa9, 0xf4, 0xca, 0xec, 0xa9, 0xf4, 0xca, 0xf5, 0x0a, 0xec, 0xea,
  0xf4, 0xea, 0xf5, 0x0b, 0xfd, 0x2b, 0xf5, 0x0b, 0xf5, 0x2b, 0xfd, 0x8c,
  0xf5, 0xcc, 0xf6, 0x0d, 0xf5, 0xcc, 0xf5, 0xec, 0xf5, 0x8b, 0xf5, 0x8b,
  0xfd, 0x6a, 0xf5, 0x6b, 0xf5, 0x8b, 0xf5, 0xab, 0xdd, 0x49, 0xcc, 0xe8,
  0xcc, 0xc8, 0xcc, 0xe9, 0xdc, 0xa8, 0xdc, 0xc9, 0xe5, 0x0a, 0xed, 0xad,
  0xf5, 0xcb, 0xf6, 0x0d, 0xfe, 0x4e, 0xf6, 0x4e, 0xfe, 0x2e, 0xf6, 0x4f,
  0xfe, 0x0e, 0xf6, 0x0e, 0xfe, 0x0e, 0xfe, 0x4f, 0xfd, 0xec, 0xf5, 0xec,
  0xfe, 0x0c, 0xfe, 0x0c, 0xfd, 0xec, 0xfe, 0x0d, 0xfd, 0xeb, 0xfe, 0x0c,
  0xfd, 0xcd, 0xcc, 0x68, 0xc3, 0xa8, 0xab, 0x06, 0xab, 0x86, 0xb3, 0xe7,
  0x9b, 0x86, 0x8b, 0x45, 0x83, 0x05, 0x72, 0xc4, 0x8b, 0x05, 0x9b, 0xa8,
  0xab, 0xc6, 0xa3, 0xa6, 0xa3, 0x85, 0xab, 0xe7, 0x9b, 0x85, 0x82, 0xe3,
  0x72, 0xa4, 0x7a, 0xe5, 0x72, 0xc5, 0x6a, 0xa5, 0x72, 0xa4, 0x72, 0xe6,
  0x7a, 0xc4, 0x8b, 0x87, 0xbc, 0x68, 0xb4, 0x68, 0x72, 0x63, 0x59, 0xe2,
  0x5a, 0x24, 0x52, 0x24, 0x93, 0x67, 0x9b, 0xc8, 0x8b, 0x24, 0x7a, 0xe3,
  0x83, 0x05, 0x83, 0x46, 0x9b, 0xa6, 0xa4, 0x08, 0xb4, 0x26, 0xb4, 0x68,
  0xbc, 0x46, 0xbc, 0x67, 0xc4, 0x86, 0xc4, 0xa7, 0xcc, 0xa7, 0xcc, 0xe8,
  0xcc, 0xc7, 0xc4, 0xc7, 0x9b, 0xa6, 0x8b, 0x24, 0xac, 0x27, 0xb4, 0x89,
  0x9b, 0x85, 0x8b, 0x44, 0x8a, 0xe5, 0x83, 0x06, 0x6a, 0xc4, 0x62, 0xc4,
  0x6a, 0xe4, 0x83, 0xe9, 0x9c, 0x6a, 0x94, 0x6a, 0x73, 0x88, 0x73, 0xc9,
  0x63, 0x07, 0x63, 0x68, 0x73, 0xa8, 0x84, 0x6b, 0x5a, 0x85, 0x52, 0x65,
  0x5a, 0x65, 0x5a, 0x65, 0x7b, 0x27, 0x73, 0x47, 0x7a, 0xe5, 0x72, 0xa5,
  0x72, 0x64, 0x6a, 0x64, 0x6a, 0x04, 0x6a, 0x45, 0xab, 0xe8, 0x93, 0x66,
  0x7a, 0xc4, 0x6a, 0x83, 0x5a, 0x24, 0x5a, 0x65, 0x72, 0xe5, 0x6a, 0xe5,
  0x72, 0xa4, 0x6a, 0xc4, 0x72, 0xa4, 0x72, 0xa5, 0x72, 0xa5, 0x6a, 0xa5,
  0x6a, 0xa4, 0x6a, 0xc5, 0x6a, 0x84, 0x6a, 0xc5, 0x72, 0xa5, 0x6a, 0xa5,
  0x62, 0x44, 0x52, 0x24, 0x62, 0x65, 0x62, 0xa6, 0x6a, 0xa5, 0x6a, 0xc6,
  0x6a, 0xa5, 0x6a, 0xe6, 0x73, 0x06, 0x62, 0xe6, 0x6a, 0xa4, 0x8b, 0xe9,
  0xd5, 0xef, 0xd5, 0xef, 0xd5, 0xce, 0xd5, 0xce, 0xd5, 0x6c, 0xc4, 0xa9,
  0xbb, 0xc8, 0xbb, 0x66, 0xb3, 0xa7, 0xab, 0x46, 0xa3, 0x06, 0xab, 0x26,
  0xa3, 0x88, 0x9b, 0x26, 0x9b, 0x68, 0x9b, 0x47, 0x8b, 0xa9, 0x83, 0x27,
  0x83, 0x26, 0x8b, 0x26, 0x8b, 0x06, 0x8a, 0xe5, 0x82, 0xe5, 0xa3, 0xc8,
  0xbc, 0x49, 0xb3, 0xe7, 0xb3, 0xc8, 0xb3, 0xa7, 0xab, 0x87, 0xab, 0x46,
  0x9b, 0x26, 0x9a, 0xc4, 0x92, 0xc5, 0x92, 0x84, 0x8a, 0x45, 0x92, 0x44,
  0x82, 0x24, 0x8a, 0x04, 0x8a, 0x05, 0x92, 0x25, 0x9a, 0x65, 0xa2, 0x85,
  0xaa, 0xc5, 0xb2, 0xe6, 0xbb, 0x86, 0xc3, 0x86, 0xb3, 0x45, 0xbb, 0x24,
  0xbb, 0x26, 0xba, 0xe5, 0xb2, 0xa5, 0xba, 0xa5, 0xba, 0xa5, 0xc2, 0xc5,
  0xbb, 0x46, 0xcb, 0xa7, 0xc3, 0xe7, 0xd4, 0x48, 0xe4, 0xa9, 0xd4, 0x27,
  0xdc, 0x88, 0xdc, 0x88, 0xdc, 0xa8, 0xe4, 0xc9, 0xdc, 0xa9, 0xd4, 0x47,
  0xd4, 0x68, 0xd4, 0x27, 0xd4, 0x27, 0xe4, 0xa9, 0xdc, 0x68, 0xd4, 0x27,
  0xdc, 0x48, 0xdc, 0x48, 0xdc, 0x89, 0xe4, 0x69, 0xe4, 0x69, 0xec, 0x69,
  0xec, 0xa9, 0xf4, 0x89, 0xec, 0xea, 0xf5, 0x0a, 0xec, 0xca, 0xec, 0xa9,
  0xf5, 0x0b, 0xf4, 0xca, 0xed, 0x2b, 0xfd, 0x6c, 0xf5, 0xed, 0xfd, 0xac,
  0xf5, 0xec, 0xf5, 0xec, 0xf5, 0xcc, 0xf5, 0xac, 0xf5, 0x8c, 0xf5, 0x4a,
  0xf5, 0x8c, 0xfd, 0xac, 0xf5, 0xcc, 0xed, 0x6a, 0xcd, 0x09, 0xd5, 0x08,
  0xcd, 0x0a, 0xcc, 0xe9, 0xd4, 0xa9, 0xdc, 0xca, 0xdd, 0x4c, 0xed, 0x8d,
  0xe5, 0x8c, 0xf5, 0xed, 0xf6, 0x2f, 0xfe, 0x2f, 0xf6, 0x2e, 0xfe, 0x2e,
  0xf6, 0x2f, 0xf6, 0x2e, 0xf6, 0x0e, 0xf6, 0x2e, 0xf5, 0xcc, 0xfd, 0xec,
  0xfd, 0xcc, 0xfd, 0xcb, 0xfd, 0xec, 0xfd, 0xcb, 0xf5, 0xab, 0xf5, 0xab,
  0xf5, 0xcd, 0xcc, 0x68, 0xc3, 0xc8, 0xb3, 0x46, 0xa3, 0xa6, 0xb4, 0x07,
  0xa3, 0xc7, 0x93, 0x44, 0x7a, 0xe6, 0x72, 0x84, 0x83, 0x26, 0xa3, 0xc8,
  0xa3, 0xc6, 0x9b, 0x65, 0xa3, 0xa6, 0xab, 0xc6, 0x9b, 0x87, 0x82, 0xc3,
  0x72, 0xa5, 0x7a, 0xc5, 0x6a, 0x85, 0x6a, 0x85, 0x6a, 0xc5, 0x72, 0xc5,
  0x7b, 0x05, 0xac, 0x2a, 0xbc, 0xc9, 0xac, 0x26, 0x6a, 0x44, 0x61, 0xe2,
  0x5a, 0x45, 0x5a, 0x25, 0x8b, 0x67, 0x9b, 0xa8, 0x83, 0x25, 0x82, 0xe4,
  0x83, 0x46, 0x83, 0x46, 0x9b, 0xc7, 0xa4, 0x07, 0xb4, 0x47, 0xbc, 0x68,
  0xbc, 0x67, 0xc4, 0x87, 0xcc, 0xe8, 0xcc, 0xa7, 0xcc, 0xe8, 0xd4, 0xc8,
  0xc4, 0xc7, 0xc4, 0x86, 0x93, 0x86, 0x8b, 0x24, 0xac, 0x27, 0xb4, 0x48,
  0x93, 0x86, 0x93, 0x24, 0x73, 0xa7, 0x7b, 0xa7, 0x63, 0x67, 0x73, 0xa8,
  0x7c, 0xab, 0x84, 0xab, 0x74, 0x6b, 0x74, 0x0a, 0x53, 0x29, 0x3a, 0x04,
  0x32, 0x26, 0x42, 0xa8, 0x5b, 0xeb, 0x5b, 0xa9, 0x63, 0xca, 0x5b, 0x48,
  0x53, 0x69, 0x4b, 0x07, 0x5b, 0x29, 0x52, 0xa7, 0x6b, 0x08, 0x62, 0x86,
  0x6a, 0x65, 0x6a, 0x24, 0x62, 0x04, 0x7a, 0x65, 0xac, 0x29, 0x93, 0x25,
  0x72, 0xc5, 0x6a, 0x63, 0x52, 0x24, 0x5a, 0x24, 0x62, 0x85, 0x62, 0x85,
  0x6a, 0xa5, 0x6a, 0x85, 0x72, 0xa5, 0x72, 0x85, 0x6a, 0x85, 0x6a, 0x64,
  0x6a, 0xa6, 0x72, 0xa5, 0x6a, 0xc5, 0x6a, 0xa5, 0x6a, 0xa5, 0x62, 0x43,
  0x5a, 0x45, 0x62, 0x65, 0x5a, 0x85, 0x62, 0x85, 0x62, 0xa5, 0x62, 0x85,
  0x6a, 0xe6, 0x6a, 0xc5, 0x6b, 0x27, 0x62, 0x84, 0x6a, 0xe6, 0x8b, 0xea,
  0xd5, 0xef, 0xd6, 0x10, 0xde, 0x0e, 0xd5, 0xee, 0xdd, 0x4b, 0xc4, 0xa9,
  0xb3, 0x45, 0xab, 0x45, 0xab, 0x25, 0xab, 0x45, 0xaa, 0xe5, 0xab, 0x26,
  0xab, 0x87, 0xa3, 0x67, 0x9b, 0x47, 0x9b, 0x88, 0x93, 0xc9, 0x83, 0x88,
  0x83, 0x26, 0x83, 0x46, 0x92, 0xc5, 0x8a, 0xa4, 0x8a, 0xa4, 0xab, 0xc9,
  0xbc, 0x08, 0xb3, 0xe7, 0xb3, 0xa6, 0xb3, 0xa7, 0xab, 0x66, 0xab, 0x66,
  0x9a, 0xc5, 0x92, 0xc5, 0x92, 0xa4, 0x8a, 0x84, 0x92, 0x44, 0x8a, 0x44,
  0x8a, 0x24, 0x8a, 0x24, 0x9a, 0x24, 0x9a, 0x65, 0xa2, 0x64, 0xa2, 0x85,
  0xb2, 0xe5, 0xbb, 0x47, 0xc3, 0xa6, 0xbb, 0x65, 0xbb, 0x24, 0xb3, 0x25,
  0xc3, 0x25, 0xbb, 0x05, 0xba, 0xa4, 0xba, 0xc5, 0xba, 0x84, 0xc2, 0xe5,
  0xcb, 0x45, 0xcb, 0x87, 0xcb, 0xa5, 0xd3, 0xe7, 0xdc, 0x47, 0xd4, 0x26,
  0xdc, 0x67, 0xed, 0x0a, 0xdc, 0x88, 0xdc, 0x88, 0xdc, 0x88, 0xdc, 0x89,
  0xe4, 0x88, 0xdc, 0x68, 0xdc, 0x67, 0xdc, 0x88, 0xdc, 0x68, 0xd4, 0x68,
  0xd4, 0x07, 0xdc, 0x68, 0xdc, 0x48, 0xdc, 0x69, 0xec, 0x48, 0xe4, 0x69,
  0xec, 0x48, 0xec, 0x89, 0xec, 0xa9, 0xec, 0xea, 0xf4, 0xea, 0xf5, 0x0b,
  0xfd, 0x4b, 0xf5, 0x4c, 0xf5, 0x8b, 0xfd, 0xcd, 0xfd, 0xcb, 0xf5, 0xcb,
  0xfd, 0xca, 0xf5, 0xcb, 0xf5, 0xab, 0xf5, 0xcc, 0xf5, 0xab, 0xf5, 0xab,
  0xfd, 0xcb, 0xf5, 0xec, 0xf5, 0xcb, 0xe5, 0x8a, 0xd5, 0x28, 0xd5, 0x49,
  0xd5, 0x0a, 0xc4, 0xc9, 0xd4, 0xa9, 0xd4, 0xea, 0xe5, 0x4c, 0xed, 0xad,
  0xed, 0x8d, 0xf6, 0x0f, 0xfe, 0x2f, 0xf6, 0x2f, 0xfe, 0x0d, 0xfe, 0x2e,
  0xfe, 0x4e, 0xfe, 0x4e, 0xfe, 0x2d, 0xf6, 0x0d, 0xfd, 0xcc, 0xfd, 0xec,
  0xfd, 0xab, 0xfd, 0xcb, 0xfd, 0xcb, 0xfd, 0xcb, 0xfd, 0xcb, 0xf5, 0xcb,
  0xfd, 0xac, 0xd4, 0x88, 0xcb, 0xe8, 0xbb, 0x66, 0xab, 0xa6, 0xb4, 0x07,
  0xab, 0xe6, 0x93, 0x85, 0x82, 0xe5, 0x72, 0xa4, 0x8b, 0x05, 0x9b, 0xa8,
  0xa3, 0xa5, 0x9b, 0x65, 0xab, 0xc6, 0xab, 0xe7, 0xa3, 0xa7, 0x82, 0xc3,
  0x72, 0xa4, 0x72, 0xc5, 0x6a, 0x64, 0x6a, 0xc5, 0x72, 0xe5, 0x72, 0xe6,
  0x83, 0x04, 0xac, 0x6a, 0xc4, 0xa8, 0xa3, 0xe5, 0x6a, 0x23, 0x62, 0x23,
  0x62, 0x45, 0x5a, 0x45, 0x93, 0x67, 0x9b, 0xe9, 0x83, 0x24, 0x7b, 0x04,
  0x83, 0x25, 0x83, 0x66, 0x9b, 0xa5, 0xa4, 0x07, 0xb4, 0x46, 0xc4, 0xc8,
  0xc4, 0xa6, 0xcc, 0xe8, 0xd4, 0xc7, 0xcc, 0xe8, 0xcc, 0xc7, 0xcc, 0xe8,
  0xcc, 0xc7, 0xbc, 0x66, 0x8b, 0x24, 0x8b, 0x45, 0xb4, 0x48, 0xac, 0x48,
  0x83, 0xc6, 0x84, 0x07, 0x74, 0xea, 0x5c, 0x48, 0x63, 0xe7, 0x5b, 0xe8,
  0x6b, 0xc8, 0x5b, 0x87, 0x42, 0x84, 0x63, 0xe9, 0x6b, 0xca, 0x3a, 0x86,
  0x7c, 0x8c, 0x7c, 0xad, 0x6c, 0x6a, 0x4b, 0xa8, 0x84, 0xec, 0x74, 0xcb,
  0x7c, 0x6b, 0x63, 0xc8, 0x29, 0xa2, 0x29, 0xc3, 0x52, 0xc9, 0x31, 0xe5,
  0x51, 0xe6, 0x5a, 0x47, 0x72, 0x03, 0x93, 0x69, 0xbc, 0x8a, 0x8b, 0x45,
  0x7a, 0xc4, 0x6a, 0x83, 0x5a, 0x24, 0x5a, 0x44, 0x62, 0x64, 0x5a, 0x65,
  0x62, 0x44, 0x5a, 0x23, 0x6a, 0x64, 0x62, 0x64, 0x62, 0x64, 0x62, 0xa5,
  0x6a, 0x85, 0x6a, 0xa6, 0x6a, 0xc5, 0x6a, 0xc5, 0x72, 0xa4, 0x62, 0xa4,
  0x72, 0xa4, 0x72, 0xc5, 0x72, 0xc5, 0x62, 0xa5, 0x62, 0x84, 0x62, 0xa5,
  0x6a, 0xc5, 0x62, 0xa5, 0x6a, 0xc5, 0x6a, 0xe5, 0x8b, 0xc9, 0x94, 0x6c,
  0xd6, 0x31, 0xdd, 0xf0, 0xde, 0x0f, 0xdd, 0xce, 0xcd, 0x2c, 0xbc, 0x69,
  0xab, 0x46, 0xb3, 0x45, 0xab, 0x26, 0xab, 0x05, 0xa2, 0xe6, 0xab, 0x06,
  0xa3, 0xa8, 0xa3, 0x67, 0x93, 0x68, 0x9b, 0x68, 0x8b, 0xa9, 0x93, 0xc9,
  0x83, 0x47, 0x83, 0x06, 0x92, 0xa5, 0x8a, 0x64, 0x92, 0xc5, 0xb3, 0xa8,
  0xb3, 0xc7, 0xb3, 0xc7, 0xb3, 0xa7, 0xb3, 0x66, 0xab, 0x87, 0xa3, 0x05,
  0x92, 0xc6, 0x9a, 0xc5, 0x8a, 0xa5, 0x8a, 0x64, 0x8a, 0x44, 0x8a, 0x44,
  0x8a, 0x24, 0x8a, 0x04, 0x92, 0x24, 0x9a, 0x45, 0x9a, 0x65, 0xa2, 0x85,
  0xaa, 0xe5, 0xc3, 0x47, 0xbb, 0x66, 0xb3, 0x04, 0xb3, 0x05, 0xbb, 0x05,
  0xbb, 0x26, 0xbb, 0x05, 0xbb, 0x06, 0xc3, 0x06, 0xba, 0xc5, 0xc2, 0xc5,
  0xba, 0xc5, 0xcb, 0x26, 0xcb, 0xc6, 0xdb, 0xe7, 0xd4, 0x27, 0xd4, 0x06,
  0xcc, 0x06, 0xdc, 0x68, 0xe4, 0xeb, 0xe4, 0xa9, 0xe4, 0xea, 0xe4, 0xc9,
  0xdc, 0x88, 0xdc, 0x88, 0xdc, 0x88, 0xe4, 0xc9, 0xdc, 0xa9, 0xdc, 0x48,
  0xd4, 0x48, 0xdc, 0x48, 0xd4, 0x28, 0xe4, 0x69, 0xe4, 0x69, 0xe4, 0x28,
  0xe4, 0x68, 0xec, 0x89, 0xec, 0xa9, 0xf4, 0xa9, 0xed, 0x0b, 0xf5, 0x0b,
  0xed, 0x6c, 0xf5, 0x6c, 0xed, 0xad, 0xf5, 0xac, 0xf5, 0xcc, 0xfd, 0xcc,
  0xf5, 0xcc, 0xf5, 0x8b, 0xf5, 0xac, 0xf5, 0xab, 0xf5, 0xcc, 0xf5, 0xcc,
  0xf5, 0xec, 0xed, 0xab, 0xd5, 0x4a, 0xdd, 0x49, 0xd5, 0x6a, 0xd5, 0x69,
  0xd5, 0x4b, 0xcc, 0xe9, 0xc4, 0xaa, 0xdc, 0xeb, 0xdd, 0x2c, 0xe5, 0x4c,
  0xe5, 0xcf, 0xf5, 0xef, 0xf6, 0x0f, 0xf5, 0xee, 0xfe, 0x0e, 0xfd, 0xed,
  0xfe, 0x4f, 0xfe, 0x0e, 0xfe, 0x0d, 0xfd, 0xed, 0xfe, 0x0d, 0xfd, 0xcc,
  0xfd, 0xcc, 0xfd, 0xec, 0xf5, 0xcb, 0xfd, 0xcb, 0xf5, 0xab, 0xfd, 0xcb,
  0xf5, 0xad, 0xd4, 0x68, 0xc3, 0xe8, 0xbb, 0x87, 0xa3, 0xa6, 0xb3, 0xe7,
  0xa3, 0xe7, 0x9b, 0x85, 0x7a, 0xe6, 0x72, 0x84, 0x83, 0x05, 0x9b, 0xa8,
  0xa3, 0xa6, 0xa3, 0x85, 0xa3, 0xc7, 0xab, 0xe7, 0x9b, 0xa7, 0x82, 0xc3,
  0x72, 0xc5, 0x72, 0x84, 0x62, 0x84, 0x6a, 0xa5, 0x72, 0xe6, 0x6a, 0xa5,
  0x8b, 0x46, 0xb4, 0x49, 0xbc, 0xa8, 0x9b, 0x63, 0x5a, 0x24, 0x62, 0x44,
  0x5a, 0x45, 0x5a, 0x25, 0x83, 0x26, 0x9b, 0xc8, 0x7b, 0x05, 0x83, 0x04,
  0x83, 0x46, 0x8b, 0x66, 0x9b, 0xc7, 0xac, 0x07, 0xb4, 0x67, 0xbc, 0x87,
  0xc4, 0xc8, 0xcc, 0xc7, 0xcc, 0xe8, 0xd4, 0xe7, 0xcc, 0xe9, 0xcc, 0xc8,
  0xd5, 0x0a, 0xc4, 0x47, 0x83, 0x25, 0x83, 0x25, 0x8c, 0x08, 0x8b, 0xe8,
  0x74, 0xaa, 0x7c, 0xca, 0x6c, 0xca, 0x64, 0x48, 0x64, 0x4a, 0x43, 0x04,
  0x4a, 0xc6, 0x53, 0x06, 0x53, 0x68, 0x74, 0x4b, 0x5b, 0x89, 0x4a, 0xe6,
  0x63, 0xa7, 0x5b, 0x46, 0x53, 0x87, 0x63, 0xc8, 0x7c, 0x4a, 0x7c, 0x4a,
  0x6b, 0xe8, 0x7c, 0x29, 0x5b, 0xa9, 0x6b, 0xea, 0x63, 0xec, 0x29, 0xe4,
  0x29, 0x64, 0x39, 0xa5, 0x72, 0xa6, 0xac, 0x4c, 0xb4, 0x69, 0x93, 0x45,
  0x7b, 0x05, 0x6a, 0x83, 0x5a, 0x25, 0x5a, 0x24, 0x62, 0x65, 0x5a, 0x24,
  0x52, 0x04, 0x62, 0x45, 0x62, 0x85, 0x62, 0x65, 0x62, 0xc6, 0x62, 0xa5,
  0x62, 0x85, 0x6a, 0xa5, 0x6a, 0xc5, 0x6a, 0xa4, 0x6a, 0xc5, 0x7b, 0x05,
  0x7b, 0x26, 0x83, 0x26, 0x72, 0xe6, 0x6a, 0x84, 0x62, 0x86, 0x62, 0x65,
  0x5a, 0x65, 0x62, 0x64, 0x6a, 0xe6, 0x83, 0x68, 0x8c, 0x0b, 0x73, 0x48,
  0xd5, 0xef, 0xd5, 0xef, 0xd5, 0xcd, 0xcd, 0xad, 0xd5, 0x2b, 0xbc, 0x68,
  0xb3, 0x45, 0xab, 0x45, 0xb3, 0x25, 0xab, 0x05, 0xa3, 0x05, 0xab, 0x67,
  0xa3, 0xa7, 0x9b, 0xa7, 0x9b, 0x47, 0x9b, 0x88, 0x93, 0x88, 0x93, 0xa8,
  0x93, 0x46, 0x82, 0xe5, 0x9a, 0xa5, 0x8a, 0x85, 0x92, 0xc4, 0xab, 0xa8,
  0xbb, 0xc7, 0xb3, 0xc7, 0xbb, 0xa7, 0xb3, 0x87, 0xb3, 0x86, 0x9b, 0x05,
  0x8a, 0x64, 0x8a, 0xa5, 0x8a, 0x64, 0x82, 0x85, 0x92, 0x44, 0x8a, 0x44,
  0x92, 0x04, 0x8a, 0x04, 0x9a, 0x03, 0x9a, 0x24, 0xa2, 0x64, 0xaa, 0xa6,
  0xb2, 0xe4, 0xbb, 0x47, 0xc3, 0x45, 0xb3, 0x04, 0xbb, 0x05, 0xb3, 0x05,
  0xc3, 0x05, 0xc3, 0x26, 0xc3, 0x25, 0xc3, 0x46, 0xcb, 0x46, 0xc3, 0x46,
  0xc2, 0xe4, 0xc3, 0x06, 0xd3, 0xa6, 0xd3, 0xe7, 0xdc, 0x26, 0xd4, 0x26,
  0xd3, 0xe6, 0xcb, 0xe6, 0xf5, 0x0a, 0xed, 0x0a, 0xec, 0xe8, 0xed, 0x09,
  0xe4, 0xa8, 0xdc, 0xa8, 0xe4, 0xa8, 0xe4, 0xe9, 0xe4, 0xa8, 0xdc, 0x88,
  0xdc, 0x47, 0xdc, 0x68, 0xdc, 0x48, 0xd4, 0x48, 0xdc, 0x48, 0xdc, 0x68,
  0xec, 0x88, 0xec, 0xa9, 0xec, 0x88, 0xec, 0xe9, 0xec, 0xe9, 0xed, 0x0a,
  0xf5, 0x6b, 0xfd, 0xac, 0xfd, 0xed, 0xf5, 0xcd, 0xfd, 0xcc, 0xf5, 0xcc,
  0xf5, 0x8b, 0xf5, 0x8b, 0xf5, 0xab, 0xfe, 0x0d, 0xfe, 0x0d, 0xf6, 0x2e,
  0xfe, 0x0c, 0xe5, 0x8b, 0xdd, 0x49, 0xd5, 0x49, 0xd5, 0x49, 0xcd, 0x6a,
  0xd5, 0x49, 0xcd, 0x4a, 0xcc, 0x88, 0xcc, 0xca, 0xe5, 0x2c, 0xe5, 0x6d,
  0xed, 0xae, 0xee, 0x0f, 0xf6, 0x0f, 0xf6, 0x0f, 0xfe, 0x0e, 0xfe, 0x2e,
  0xfe, 0x2d, 0xf6, 0x0d, 0xfd, 0xcc, 0xf5, 0xec, 0xfd, 0xcc, 0xf5, 0xcc,
  0xfd, 0xeb, 0xfd, 0xcb, 0xfd, 0xeb, 0xfd, 0xec, 0xfd, 0xaa, 0xf5, 0xcb,
  0xf5, 0x8c, 0xd4, 0x88, 0xd4, 0x29, 0xc3, 0xc8, 0xab, 0xa6, 0xab, 0xe7,
  0xac, 0x07, 0x93, 0x85, 0x82, 0xe5, 0x7a, 0xe5, 0x8b, 0x25, 0x9b, 0xc8,
  0xab, 0xc6, 0x9b, 0x85, 0xab, 0xa5, 0xac, 0x07, 0xa3, 0xa6, 0x82, 0xe3,
  0x7a, 0xe5, 0x72, 0xc5, 0x6a, 0xa5, 0x6a, 0xc5, 0x7a, 0xe5, 0x73, 0x05,
  0x9b, 0x65, 0xb4, 0x69, 0xc4, 0xa8, 0x93, 0x43, 0x6a, 0x63, 0x6a, 0x64,
  0x5a, 0x24, 0x5a, 0x24, 0x83, 0x25, 0x93, 0xc8, 0x82, 0xe4, 0x83, 0x05,
  0x8b, 0x25, 0x8b, 0x66, 0xa3, 0xe6, 0xac, 0x28, 0xc4, 0x67, 0xbc, 0x88,
  0xcc, 0xa7, 0xc4, 0xc7, 0xd4, 0xc7, 0xcc, 0xe8, 0xd4, 0xc7, 0xd5, 0x29,
  0xcc, 0xe9, 0xac, 0x06, 0x73, 0x25, 0x7b, 0x87, 0x84, 0xca, 0x7c, 0xaa,
  0x6c, 0x89, 0x6c, 0xca, 0x6c, 0x48, 0x74, 0xaa, 0x74, 0x4a, 0x43, 0x25,
  0x5a, 0xc6, 0x4a, 0x86, 0x63, 0x47, 0x5b, 0x27, 0x6b, 0x24, 0x73, 0x86,
  0x93, 0xa6, 0x8b, 0xa6, 0x93, 0xe8, 0x9c, 0x49, 0xa4, 0x08, 0x93, 0xc8,
  0x83, 0x44, 0x7b, 0x24, 0x6b, 0x45, 0x73, 0xc7, 0x7c, 0x2a, 0x53, 0x26,
  0x31, 0xe5, 0x29, 0xc4, 0x6b, 0x07, 0x9c, 0xae, 0xb4, 0x89, 0x93, 0xa6,
  0x83, 0x25, 0x72, 0xc4, 0x62, 0x24, 0x5a, 0x25, 0x62, 0x45, 0x52, 0x04,
  0x5a, 0x24, 0x62, 0x65, 0x62, 0x64, 0x62, 0x85, 0x6a, 0xa5, 0x62, 0x84,
  0x6a, 0x84, 0x6a, 0xa5, 0x72, 0xc4, 0x6a, 0xa5, 0x7a, 0xe4, 0x83, 0x46,
  0x8b, 0x45, 0x7b, 0x05, 0x6a, 0x85, 0x62, 0x44, 0x62, 0x24, 0x5a, 0x45,
  0x5a, 0x23, 0x6a, 0xc6, 0x7b, 0x47, 0x8c, 0x0a, 0x83, 0xa9, 0x62, 0xe6,
  0xd5, 0xef, 0xd5, 0xef, 0xd5, 0xef, 0xd5, 0xad, 0xd5, 0x2c, 0xbc, 0x48,
  0xab, 0x66, 0xab, 0x25, 0xab, 0x46, 0xaa, 0xe4, 0x9b, 0x46, 0xab, 0x87,
  0xa3, 0xc8, 0xa3, 0xa7, 0x93, 0x26, 0xa3, 0x67, 0x93, 0x88, 0x93, 0x47,
  0x93, 0x27, 0x8a, 0xc5, 0x8a, 0xa5, 0x82, 0x23, 0x92, 0xc5, 0xb3, 0xc8,
  0xbb, 0xe8, 0xb3, 0x86, 0xb3, 0x87, 0xb3, 0x66, 0xa3, 0x67, 0x9a, 0xc4,
  0x82, 0x65, 0x7a, 0x03, 0x7a, 0x24, 0x7a, 0x04, 0x8a, 0x45, 0x8a, 0x45,
  0x81, 0xe4, 0x89, 0xe4, 0x91, 0xe4, 0xa2, 0x25, 0xa2, 0x65, 0xb2, 0xc6,
  0xaa, 0xc5, 0xb3, 0x06, 0xbb, 0x46, 0xb2, 0xe4, 0xb2, 0xe5, 0xba, 0xe5,
  0xba, 0xe5, 0xba, 0xe5, 0xbb, 0x05, 0xc3, 0x05, 0xbb, 0x26, 0xc3, 0x25,
  0xc3, 0x27, 0xcb, 0x47, 0xd3, 0xc7, 0xd3, 0xa6, 0xd3, 0xe6, 0xdc, 0x06,
  0xd4, 0x28, 0xcb, 0xa6, 0xd4, 0x68, 0xec, 0xea, 0xe4, 0xe8, 0xec, 0xe8,
  0xe4, 0xc9, 0xdc, 0x87, 0xdc, 0xa8, 0xe4, 0xa8, 0xdc, 0x88, 0xdc, 0x68,
  0xd4, 0x68, 0xdc, 0x48, 0xd4, 0x28, 0xdc, 0x27, 0xdc, 0x89, 0xdc, 0x68,
  0xe4, 0xa9, 0xec, 0x89, 0xe4, 0xa9, 0xec, 0xc9, 0xed, 0x2a, 0xf5, 0x4b,
  0xf5, 0x6b, 0xfd, 0x8c, 0xf5, 0xcd, 0xf5, 0xac, 0xf5, 0xcc, 0xf5, 0x6b,
  0xf5, 0xab, 0xf5, 0x8b, 0xf5, 0xed, 0xfe, 0x0d, 0xed, 0xee, 0xf5, 0xed,
  0xed, 0xec, 0xdd, 0x09, 0xd5, 0x8a, 0xd5, 0x49, 0xcd, 0x6a, 0xd5, 0x4a,
  0xcd, 0x4a, 0xd5, 0x6a, 0xc4, 0xa9, 0xc4, 0x68, 0xdd, 0x2d, 0xed, 0x8e,
  0xe5, 0xce, 0xed, 0xee, 0xee, 0x0f, 0xf6, 0x0f, 0xf6, 0x0e, 0xf6, 0x0e,
  0xfe, 0x4e, 0xf6, 0x0d, 0xf5, 0xed, 0xfd, 0xed, 0xfe, 0x0d, 0xfd, 0xcc,
  0xf5, 0xcc, 0xfd, 0xcb, 0xfd, 0xec, 0xfd, 0xab, 0xf5, 0xcb, 0xfd, 0xcb,
  0xed, 0xad, 0xcc, 0x88, 0xd4, 0x6b, 0xc3, 0xe8, 0xab, 0xe7, 0xb4, 0x28,
  0xac, 0x28, 0x9b, 0xa5, 0x7a, 0xe5, 0x7a, 0xc5, 0x83, 0x26, 0x9b, 0xa8,
  0x9b, 0xa6, 0x9b, 0x65, 0xa3, 0xc6, 0xb3, 0xe6, 0x9b, 0x86, 0x82, 0xa2,
  0x72, 0xe6, 0x6a, 0xa4, 0x6a, 0xe6, 0x72, 0xc5, 0x72, 0xc5, 0x72, 0xc5,
  0x9b, 0xa6, 0xb4, 0x69, 0xbc, 0xa9, 0x8b, 0x22, 0x6a, 0x64, 0x6a, 0x43,
  0x5a, 0x24, 0x5a, 0x24, 0x83, 0x26, 0x93, 0xa8, 0x7a, 0xe5, 0x83, 0x25,
  0x83, 0x46, 0x93, 0x86, 0x9b, 0xe7, 0xb4, 0x48, 0xbc, 0x68, 0xc4, 0xa8,
  0xc4, 0xc8, 0xc4, 0xa7, 0xcc, 0xe8, 0xcc, 0xc8, 0xcc, 0xe7, 0xd4, 0xe7,
  0xc4, 0xa9, 0x8a, 0xa1, 0x73, 0xe8, 0x8c, 0x6a, 0x85, 0x2c, 0x7c, 0xea,
  0x6c, 0x8a, 0x7c, 0xeb, 0x7d, 0x4c, 0x7d, 0x0b, 0x5b, 0xc8, 0x4b, 0x05,
  0x42, 0x86, 0x39, 0xe4, 0x63, 0x07, 0x83, 0xc9, 0xb4, 0x88, 0xbc, 0x68,
  0xcc, 0x28, 0xdc, 0x69, 0xc4, 0x28, 0xcc, 0x28, 0xcc, 0x8a, 0xc4, 0x29,
  0xc4, 0x08, 0xbb, 0xa6, 0xa3, 0x87, 0x92, 0xe4, 0x63, 0x07, 0x6b, 0x27,
  0x53, 0x6a, 0x4b, 0x09, 0x5b, 0x29, 0x7c, 0x2c, 0xa4, 0x69, 0x93, 0xa6,
  0x72, 0xe5, 0x6a, 0x62, 0x5a, 0x25, 0x5a, 0x04, 0x5a, 0x05, 0x51, 0xc3,
  0x52, 0x04, 0x5a, 0x25, 0x62, 0x85, 0x6a, 0x85, 0x62, 0xa5, 0x6a, 0xa4,
  0x6a, 0xc6, 0x6a, 0xa5, 0x7b, 0x06, 0x72, 0xa4, 0x7a, 0xc5, 0x83, 0x05,
  0x7a, 0xc5, 0x6a, 0x43, 0x5a, 0x24, 0x5a, 0x04, 0x52, 0x25, 0x5a, 0x04,
  0x62, 0x86, 0x7b, 0x28, 0x83, 0xeb, 0x83, 0xa9, 0x63, 0x07, 0x52, 0x65,
  0xd5, 0xcf, 0xd5, 0xef, 0xdd, 0xee, 0xcd, 0xce, 0xdd, 0x2b, 0xbc, 0x69,
  0xb3, 0x45, 0xab, 0x46, 0xab, 0x05, 0xa3, 0x05, 0xa3, 0x46, 0xab, 0xa8,
  0xab, 0xe8, 0xa3, 0xe9, 0xa3, 0x46, 0x9b, 0x46, 0x9b, 0x47, 0x8b, 0x26,
  0x92, 0xe5, 0x8a, 0xc5, 0x8a, 0x65, 0x82, 0x44, 0x92, 0xe5, 0xb4, 0x2a,
  0xbb, 0xc7, 0xb3, 0x87, 0xb3, 0x87, 0xab, 0x87, 0x9b, 0x06, 0x8a, 0xa4,
  0x82, 0x64, 0x7a, 0x23, 0x79, 0xe4, 0x71, 0xe4, 0x79, 0xc3, 0x82, 0x05,
  0x81, 0xc3, 0x8a, 0x04, 0x91, 0xe3, 0x9a, 0x45, 0xaa, 0x64, 0xaa, 0xa5,
  0xb2, 0xe5, 0xbb, 0x46, 0xb2, 0xe4, 0xaa, 0xe4, 0xba, 0xe5, 0xbb, 0x06,
  0xc3, 0x05, 0xbb, 0x05, 0xba, 0xe5, 0xbb, 0x05, 0xc3, 0x05, 0xbb, 0x06,
  0xc2, 0xc5, 0xc3, 0x06, 0xdb, 0xc7, 0xcb, 0x86, 0xd3, 0xe6, 0xdc, 0x27,
  0xdc, 0x27, 0xcb, 0xe6, 0xcb, 0xc6, 0xec, 0xca, 0xec, 0xe8, 0xe5, 0x09,
  0xe4, 0xc8, 0xdc, 0xa8, 0xdc, 0xa7, 0xe5, 0x09, 0xdc, 0x87, 0xd4, 0x88,
  0xe4, 0xc9, 0xd4, 0x88, 0xdc, 0x67, 0xdc, 0x88, 0xe4, 0x88, 0xe4, 0xc9,
  0xec, 0xc8, 0xec, 0xea, 0xed, 0x09, 0xed, 0x2a, 0xf5, 0x49, 0xf5, 0x8a,
  0xfd, 0xaa, 0xf5, 0xaa, 0xfd, 0xac, 0xf5, 0xab, 0xf5, 0x6a, 0xf5, 0xab,
  0xfd, 0xcb, 0xf5, 0xcb, 0xf5, 0xcb, 0xfe, 0x2d, 0xfe, 0x2d, 0xf6, 0x0d,
  0xe5, 0x8a, 0xd5, 0x49, 0xd5, 0x49, 0xd5, 0x8a, 0xd5, 0x8a, 0xd5, 0xab,
  0xdd, 0x6b, 0xd5, 0x6b, 0xcd, 0x09, 0xb4, 0x27, 0xdd, 0x0c, 0xe5, 0xae,
  0xed, 0xce, 0xf6, 0x10, 0xfe, 0x0e, 0xf6, 0x0e, 0xf5, 0xed, 0xfe, 0x4f,
  0xfe, 0x4e, 0xf5, 0xcd, 0xfd, 0xcc, 0xfd, 0xed, 0xfe, 0x0d, 0xf5, 0xed,
  0xfd, 0xcc, 0xfd, 0xcc, 0xfd, 0xca, 0xfd, 0xeb, 0xfd, 0xaa, 0xfd, 0xec,
  0xfd, 0xad, 0xd4, 0xa9, 0xd4, 0x6a, 0xc3, 0xe8, 0xb3, 0xe6, 0xbc, 0x48,
  0xb4, 0x27, 0x9b, 0x85, 0x7a, 0xc5, 0x72, 0xa5, 0x8a, 0xe5, 0x9b, 0xa8,
  0xab, 0xa6, 0xa3, 0xa6, 0xab, 0xc6, 0xab, 0xe7, 0x9b, 0x65, 0x82, 0xe3,
  0x7a, 0xe5, 0x72, 0xe5, 0x73, 0x05, 0x73, 0x06, 0x72, 0xc4, 0x72, 0xe5,
  0xa3, 0xa6, 0xbc, 0xaa, 0xbc, 0x68, 0x83, 0x02, 0x72, 0x84, 0x72, 0x84,
  0x62, 0x24, 0x5a, 0x04, 0x83, 0x06, 0x93, 0xc9, 0x7a, 0xe3, 0x83, 0x45,
  0x8b, 0x25, 0x9b, 0xa7, 0xac, 0x07, 0xb4, 0x68, 0xc4, 0x88, 0xbc, 0x88,
  0xcc, 0xc7, 0xcc, 0xe8, 0xd4, 0xe8, 0xd5, 0x08, 0xd4, 0xc7, 0xcc, 0xa7,
  0xa3, 0xc7, 0x72, 0x41, 0x74, 0x28, 0x8c, 0xeb, 0x95, 0x2b, 0x6c, 0x27,
  0x6c, 0x08, 0x85, 0x2c, 0x74, 0x8a, 0x53, 0xa7, 0x42, 0x64, 0x32, 0x23,
  0x41, 0xe4, 0x42, 0x05, 0x72, 0x84, 0x9c, 0x0a, 0xd4, 0x48, 0xcc, 0x69,
  0xd4, 0x48, 0xc4, 0x08, 0xbb, 0xa7, 0xc4, 0x08, 0xb3, 0xc7, 0xa3, 0x86,
  0x9b, 0x04, 0xa3, 0x86, 0xbb, 0x86, 0xc3, 0xe8, 0x82, 0xa4, 0x6a, 0x22,
  0x4a, 0xc5, 0x4a, 0xe6, 0x4a, 0xa7, 0x32, 0x25, 0x7b, 0x68, 0x83, 0xea,
  0x72, 0xa4, 0x5a, 0x22, 0x51, 0xc4, 0x51, 0xe4, 0x59, 0xe3, 0x51, 0xc3,
  0x5a, 0x24, 0x62, 0x85, 0x6a, 0x84, 0x6a, 0xc5, 0x72, 0xc5, 0x72, 0xe5,
  0x7a, 0xe5, 0x72, 0xe5, 0x82, 0xe5, 0x83, 0x26, 0x8b, 0x25, 0x83, 0x05,
  0x72, 0x84, 0x62, 0x43, 0x5a, 0x03, 0x5a, 0x24, 0x6a, 0x64, 0x6a, 0xa6,
  0x7b, 0x27, 0x8c, 0x0b, 0x7b, 0xa9, 0x5a, 0xc6, 0x52, 0x44, 0x52, 0x65,
  0xd5, 0xf0, 0xdd, 0xef, 0xd5, 0xce, 0xd5, 0xad, 0xcd, 0x2c, 0xbc, 0x48,
  0xab, 0x66, 0xab, 0x25, 0xa3, 0x26, 0xa2, 0xe5, 0x93, 0x26, 0xa3, 0x67,
  0x9b, 0x88, 0xac, 0x09, 0xa3, 0xa8, 0x93, 0x25, 0x93, 0x27, 0x8a, 0xe5,
  0x92, 0xc6, 0x92, 0xa5, 0x8a, 0x65, 0x82, 0x24, 0xab, 0xa8, 0xb4, 0x09,
  0xab, 0x87, 0xab, 0x66, 0xa3, 0x66, 0xb3, 0x87, 0x9b, 0x26, 0x92, 0x84,
  0x8a, 0xa5, 0x82, 0x23, 0x71, 0xe4, 0x71, 0xc3, 0x71, 0xc4, 0x79, 0xc4,
  0x79, 0xa3, 0x89, 0xe4, 0x8a, 0x04, 0x9a, 0x65, 0xa2, 0x85, 0xaa, 0xc6,
  0xaa, 0xc5, 0xb2, 0xe5, 0xaa, 0xc5, 0xb2, 0xc4, 0xb2, 0xc5, 0xba, 0xe5,
  0xbb, 0x26, 0xc3, 0x06, 0xbb, 0x06, 0xba, 0xc5, 0xba, 0xc6, 0xba, 0x85,
  0xb2, 0x85, 0xba, 0x84, 0xcb, 0x67, 0xdb, 0xc8, 0xcb, 0xc6, 0xd3, 0xe6,
  0xcc, 0x07, 0xcb, 0xe6, 0xc3, 0xa5, 0xdc, 0x48, 0xe5, 0x09, 0xe4, 0xe8,
  0xdc, 0xa8, 0xdc, 0x88, 0xdc, 0xa8, 0xe4, 0xc9, 0xd4, 0x88, 0xcc, 0x26,
  0xe5, 0x0b, 0xdc, 0xa9, 0xdc, 0x68, 0xe4, 0x88, 0xe4, 0xc9, 0xe4, 0xa9,
  0xe4, 0xc9, 0xec, 0xea, 0xe5, 0x2a, 0xf5, 0x6b, 0xf5, 0x8b, 0xf5, 0x6a,
  0xf5, 0xab, 0xf5, 0x8a, 0xed, 0xac, 0xf5, 0xab, 0xf5, 0xac, 0xf5, 0xac,
  0xed, 0xcc, 0xf5, 0xcc, 0xf5, 0xec, 0xfd, 0xec, 0xf6, 0x0d, 0xf5, 0xcc,
  0xdd, 0x6a, 0xd5, 0x08, 0xcd, 0x49, 0xdd, 0x6a, 0xd5, 0xab, 0xd5, 0x8a,
  0xd5, 0x8b, 0xd5, 0x4a, 0xd5, 0x6b, 0xbc, 0x67, 0xc4, 0x8a, 0xed, 0x8e,
  0xed, 0xf0, 0xf5, 0xf0, 0xf6, 0x10, 0xfe, 0x0f, 0xf6, 0x0f, 0xfe, 0x2f,
  0xfe, 0x2e, 0xf5, 0xcd, 0xfe, 0x0f, 0xfd, 0xee, 0xfe, 0x0e, 0xfd, 0xed,
  0xfd, 0xed, 0xfd, 0xcc, 0xfd, 0xcc, 0xfd, 0xcb, 0xf5, 0xcd, 0xf5, 0xac,
  0xf5, 0xad, 0xdc, 0xc9, 0xd4, 0x8b, 0xcb, 0xe9, 0xab, 0xe7, 0xbc, 0x27,
  0xac, 0x07, 0x9b, 0x64, 0x72, 0xe5, 0x7a, 0xa4, 0x82, 0xe5, 0xa3, 0xa8,
  0xa3, 0xa6, 0xab, 0xa6, 0xa3, 0xa6, 0xab, 0xc6, 0x93, 0x66, 0x82, 0xc3,
  0x72, 0xe6, 0x72, 0xa5, 0x6a, 0xc5, 0x72, 0xe5, 0x72, 0xc5, 0x7b, 0x06,
  0xa4, 0x07, 0xbc, 0x89, 0xb4, 0x68, 0x8b, 0x02, 0x72, 0xa5, 0x72, 0x64,
  0x5a, 0x05, 0x59, 0xe4, 0x7b, 0x27, 0x93, 0xa8, 0x7a, 0xe4, 0x8b, 0x25,
  0x83, 0x25, 0x9b, 0x87, 0xac, 0x28, 0xb4, 0x48, 0xbc, 0x68, 0xbc, 0x47,
  0xc4, 0xa7, 0xcc, 0xc8, 0xd5, 0x08, 0xd4, 0xe8, 0xc4, 0xc8, 0xc4, 0x66,
  0x8b, 0x46, 0x8b, 0x45, 0x8c, 0xcc, 0x8c, 0xcc, 0x85, 0x2c, 0x85, 0x0b,
  0x84, 0x4a, 0x5b, 0x05, 0x41, 0xe4, 0x41, 0x82, 0x39, 0xa5, 0x41, 0xa5,
  0x72, 0xa6, 0x93, 0xaa, 0xbc, 0x08, 0xcc, 0x48, 0xab, 0xa6, 0xa3, 0x03,
  0x93, 0x25, 0xb3, 0xe8, 0xbc, 0x8a, 0x93, 0x24, 0x72, 0x84, 0x7a, 0xa4,
  0x8b, 0x05, 0x9b, 0x46, 0x9b, 0x05, 0x9a, 0xc4, 0x9b, 0x67, 0x82, 0x63,
  0x4a, 0x64, 0x5a, 0xc5, 0x5b, 0xeb, 0x3a, 0xa6, 0x4a, 0x66, 0x7b, 0xab,
  0x72, 0xe5, 0x5a, 0x01, 0x51, 0xe4, 0x51, 0xc4, 0x51, 0xe4, 0x5a, 0x25,
  0x62, 0xa5, 0x6a, 0xa5, 0x6a, 0xa5, 0x7a, 0xe6, 0x7b, 0x05, 0x7a, 0xe5,
  0x72, 0xe5, 0x72, 0xc4, 0x72, 0xc4, 0x82, 0xe5, 0x83, 0x46, 0x72, 0xa3,
  0x5a, 0x44, 0x5a, 0x23, 0x52, 0x04, 0x5a, 0x04, 0x5a, 0x85, 0x7b, 0x28,
  0x8c, 0x2c, 0x7b, 0x68, 0x5a, 0xc7, 0x52, 0x65, 0x52, 0x66, 0x5a, 0x45,
  0xdd, 0xef, 0xd5, 0xcf, 0xd5, 0xad, 0xcd, 0xad, 0xd5, 0x0b, 0xbc, 0x89,
  0xab, 0x66, 0xa3, 0x46, 0xa3, 0x25, 0xa3, 0x46, 0x9b, 0x46, 0xa3, 0x87,
  0x93, 0x46, 0xa3, 0xc8, 0xab, 0xe8, 0x93, 0x67, 0x9a, 0xc5, 0x8a, 0xc5,
  0x9a, 0xa5, 0x92, 0xa5, 0x8a, 0x64, 0x92, 0xa5, 0xbc, 0x08, 0xb4, 0x08,
  0xab, 0x65, 0xa3, 0x65, 0xab, 0x66, 0xa3, 0x46, 0x9a, 0xa5, 0x92, 0xa5,
  0x92, 0x85, 0x82, 0x64, 0x79, 0xe3, 0x69, 0xc3, 0x71, 0xa3, 0x71, 0xc4,
  0x81, 0xe4, 0x81, 0xe4, 0x92, 0x24, 0x92, 0x65, 0xa2, 0x85, 0x9a, 0x85,
  0xaa, 0x84, 0xaa, 0xa5, 0xb2, 0xa4, 0xb2, 0xc5, 0xba, 0xe5, 0xc3, 0x26,
  0xc3, 0x05, 0xc3, 0x06, 0xc2, 0xc5, 0xba, 0xa5, 0xba, 0x64, 0xb2, 0x44,
  0xba, 0x24, 0xba, 0x85, 0xc3, 0x04, 0xd3, 0xc8, 0xdc, 0x07, 0xd3, 0xe7,
  0xdc, 0x27, 0xcb, 0xe6, 0xc3, 0x84, 0xdc, 0x48, 0xe4, 0xc8, 0xe4, 0xc8,
  0xe4, 0xa8, 0xdc, 0xc9, 0xe4, 0xc8, 0xe4, 0xe9, 0xe4, 0xc9, 0xcc, 0x26,
  0xe4, 0xc9, 0xdc, 0xc9, 0xe4, 0xa8, 0xe4, 0xe9, 0xec, 0xc9, 0xe4, 0xea,
  0xed, 0x09, 0xed, 0x4b, 0xf5, 0x6b, 0xed, 0x6b, 0xf5, 0x6a, 0xf5, 0x8b,
  0xf5, 0x8a, 0xf5, 0xab, 0xfd, 0xcb, 0xf5, 0xcc, 0xfd, 0xec, 0xf6, 0x0d,
  0xf5, 0xec, 0xf6, 0x0d, 0xfe, 0x0c, 0xf6, 0x0c, 0xf5, 0xcb, 0xed, 0xcb,
  0xdd, 0x28, 0xd5, 0x08, 0xd5, 0x08, 0xdd, 0x6a, 0xdd, 0xab, 0xd5, 0xcb,
  0xdd, 0xab, 0xd5, 0xab, 0xdd, 0x6a, 0xc5, 0x29, 0xb4, 0x06, 0xd5, 0x2c,
  0xf5, 0xce, 0xed, 0xef, 0xf6, 0x0e, 0xfe, 0x50, 0xfe, 0x0d, 0xf6, 0x2e,
  0xfd, 0xed, 0xfe, 0x0e, 0xfd, 0xed, 0xf5, 0xcd, 0xfd, 0xcd, 0xf5, 0xcd,
  0xfd, 0xcc, 0xfd, 0xec, 0xfd, 0xec, 0xfd, 0xed, 0xfe, 0x0d, 0xf5, 0xcd,
  0xfd, 0xec, 0xdd, 0x09, 0xdc, 0x6a, 0xc4, 0x09, 0xab, 0xc6, 0xb4, 0x28,
  0xb4, 0x06, 0xa3, 0xa5, 0x7a, 0xc4, 0x72, 0xc4, 0x93, 0x25, 0xa3, 0xe8,
  0xab, 0xa5, 0xa3, 0xc6, 0xab, 0xc6, 0xab, 0xc6, 0x93, 0x45, 0x7a, 0xc3,
  0x7a, 0xe5, 0x72, 0xe5, 0x72, 0xc4, 0x73, 0x06, 0x7a, 0xe4, 0x8b, 0x67,
  0xac, 0x26, 0xbc, 0xc9, 0xb4, 0x47, 0x8b, 0x03, 0x7a, 0xa4, 0x72, 0xa5,
  0x59, 0xe3, 0x5a, 0x04, 0x83, 0x26, 0x83, 0x67, 0x82, 0xe4, 0x8b, 0x46,
  0x8b, 0x45, 0x9b, 0xc7, 0xb4, 0x47, 0xbc, 0x88, 0xc4, 0x87, 0xbc, 0x88,
  0xcc, 0xc7, 0xcc, 0xe8, 0xd4, 0xe8, 0xcc, 0xe8, 0xd4, 0xc8, 0xb4, 0x26,
  0x7b, 0x65, 0xa4, 0xcb, 0x84, 0xec, 0x74, 0x6a, 0x7c, 0xcb, 0x6c, 0x8a,
  0x6a, 0x85, 0x72, 0xc6, 0x71, 0xc4, 0x69, 0xe4, 0x7a, 0xa7, 0x59, 0xe4,
  0xb3, 0xa7, 0xd4, 0xac, 0xdc, 0x47, 0xc3, 0xa5, 0xa3, 0x45, 0x9b, 0x65,
  0xa3, 0xa6, 0xb4, 0x69, 0xb4, 0x49, 0x7a, 0xa3, 0x6a, 0x23, 0x72, 0xa5,
  0x93, 0x46, 0x9b, 0x87, 0xab, 0x86, 0x8a, 0xc3, 0x92, 0xc4, 0xa3, 0x67,
  0x62, 0x84, 0x6a, 0xe6, 0x53, 0xe9, 0x2a, 0xc5, 0x31, 0x83, 0x63, 0x4a,
  0x7a, 0xe5, 0x5a, 0x43, 0x59, 0xe3, 0x5a, 0x04, 0x62, 0x44, 0x72, 0xc7,
  0x72, 0xc5, 0x72, 0xe6, 0x7b, 0x05, 0x7b, 0x26, 0x7b, 0x04, 0x7b, 0x05,
  0x7a, 0xe4, 0x7a, 0xe5, 0x82, 0xe4, 0x7b, 0x05, 0x7a, 0xc4, 0x6a, 0x63,
  0x5a, 0x23, 0x52, 0x03, 0x59, 0xe3, 0x5a, 0x45, 0x73, 0x48, 0x83, 0xca,
  0x6b, 0x07, 0x52, 0x65, 0x5a, 0x44, 0x52, 0x65, 0x62, 0x85, 0x5a, 0x86,
  0xcd, 0xcf, 0xd5, 0xae, 0xcd, 0x8d, 0xcd, 0x4c, 0xcd, 0x2c, 0xc4, 0x89,
  0xa3, 0x67, 0xa3, 0x25, 0x9b, 0x06, 0xa3, 0x26, 0x9b, 0x47, 0x9b, 0x47,
  0x8b, 0x26, 0x93, 0x27, 0x9b, 0xa9, 0xa3, 0xa9, 0x92, 0xe6, 0x92, 0xa4,
  0x92, 0x65, 0x92, 0x85, 0x8a, 0x64, 0x9a, 0xa5, 0xb4, 0x08, 0xbb, 0xe8,
  0xa3, 0x66, 0xab, 0x66, 0xab, 0x67, 0xa3, 0x05, 0x92, 0x85, 0x8a, 0x44,
  0x8a, 0x85, 0x82, 0x24, 0x71, 0xe4, 0x69, 0xa3, 0x69, 0xc4, 0x69, 0xa4,
  0x79, 0xe5, 0x79, 0xe4, 0x8a, 0x25, 0x8a, 0x24, 0x8a, 0x04, 0x92, 0x24,
  0xa2, 0x65, 0xaa, 0x65, 0xb2, 0x85, 0xb2, 0x85, 0xbb, 0x06, 0xc3, 0x06,
  0xc3, 0x06, 0xc3, 0x06, 0xc2, 0xe6, 0xba, 0x84, 0xba, 0x65, 0xba, 0x65,
  0xba, 0xa5, 0xca, 0xc5, 0xcb, 0x86, 0xc3, 0x45, 0xc3, 0x86, 0xcb, 0x86,
  0xc3, 0xc7, 0xcb, 0xc7, 0xc3, 0xc6, 0xd4, 0x07, 0xdc, 0xa8, 0xdc, 0x87,
  0xd4, 0x67, 0xe4, 0xa8, 0xdc, 0xc9, 0xec, 0xe9, 0xe4, 0xe9, 0xd4, 0x47,
  0xe4, 0xea, 0xe4, 0xa9, 0xe4, 0xc9, 0xe4, 0xa8, 0xe4, 0xea, 0xec, 0xe9,
  0xe5, 0x2a, 0xed, 0x4a, 0xed, 0x6b, 0xf5, 0x8b, 0xed, 0xac, 0xf5, 0x8b,
  0xed, 0x8b, 0xf5, 0xab, 0xf5, 0xcc, 0xfd, 0xec, 0xf5, 0xed, 0xfd, 0xed,
  0xf6, 0x0d, 0xf6, 0x0d, 0xf6, 0x0c, 0xf5, 0xec, 0xed, 0xcc, 0xe5, 0x6a,
  0xcc, 0xe9, 0xcc, 0xa7, 0xcd, 0x08, 0xdd, 0x49, 0xd5, 0xcc, 0xdd, 0xab,
  0xd5, 0xec, 0xd5, 0xab, 0xd5, 0x8b, 0xd5, 0x4a, 0xb4, 0x47, 0xbc, 0x67,
  0xe5, 0xce, 0xf5, 0xee, 0xee, 0x0e, 0xfe, 0x2e, 0xf5, 0xed, 0xfd, 0xed,
  0xf5, 0xee, 0xfd, 0xed, 0xfe, 0x0e, 0xfd, 0xee, 0xfd, 0xcc, 0xfd, 0xac,
  0xfd, 0xcc, 0xfd, 0xcc, 0xf5, 0xed, 0xfe, 0x2e, 0xfe, 0x4f, 0xf5, 0xcd,
  0xf5, 0xed, 0xdd, 0x09, 0xd4, 0x8b, 0xcc, 0x09, 0xab, 0xa6, 0xb3, 0xe7,
  0xac, 0x07, 0xa3, 0xa5, 0x72, 0xe5, 0x7a, 0xa4, 0x8b, 0x05, 0xa3, 0xc8,
  0xa3, 0xc6, 0xab, 0xc6, 0xa3, 0xc6, 0xab, 0xa6, 0x83, 0x05, 0x82, 0xe4,
  0x72, 0xe6, 0x72, 0xa5, 0x6a, 0xc5, 0x72, 0xe5, 0x7a, 0xe5, 0x9b, 0xa8,
  0xb4, 0x47, 0xc4, 0xa9, 0xac, 0x28, 0x8a, 0xe2, 0x72, 0xa5, 0x7a, 0xa5,
  0x5a, 0x24, 0x59, 0xe3, 0x7b, 0x27, 0x83, 0x27, 0x7b, 0x05, 0x8b, 0x26,
  0x8b, 0x46, 0xa3, 0xe8, 0xb4, 0x68, 0xbc, 0x88, 0xc4, 0xc8, 0xc4, 0xc8,
  0xcc, 0xe8, 0xcc, 0xc7, 0xcc, 0xe8, 0xcc, 0xc7, 0xcc, 0xc9, 0xab, 0xc5,
  0x8c, 0xcb, 0x7c, 0x49, 0x74, 0xcb, 0x5b, 0xe8, 0x63, 0x87, 0x4a, 0x83,
  0x6a, 0x44, 0x8b, 0x28, 0x9a, 0xc5, 0xab, 0x27, 0xb3, 0xe8, 0xab, 0xa7,
  0xcc, 0x4a, 0xc4, 0x08, 0xa3, 0x26, 0xab, 0x66, 0xac, 0x08, 0xa3, 0xa6,
  0xb4, 0x27, 0xc4, 0x88, 0x93, 0x87, 0x72, 0x62, 0x59, 0xe4, 0x72, 0x45,
  0x93, 0x47, 0x9b, 0x67, 0xa3, 0x86, 0xa3, 0x86, 0x82, 0x64, 0x92, 0xa4,
  0x72, 0xa5, 0x7a, 0xa5, 0x4b, 0x47, 0x4a, 0xe6, 0x21, 0x63, 0x4a, 0x67,
  0x73, 0x07, 0x62, 0x64, 0x5a, 0x24, 0x62, 0x24, 0x72, 0xc6, 0x7a, 0xe7,
  0x73, 0x06, 0x7a, 0xe5, 0x7b, 0x05, 0x7a, 0xe5, 0x83, 0x25, 0x83, 0x04,
  0x7b, 0x25, 0x83, 0x05, 0x7b, 0x26, 0x7a, 0xe5, 0x6a, 0xa5, 0x62, 0x23,
  0x52, 0x25, 0x52, 0x04, 0x52, 0x25, 0x72, 0xe7, 0x73, 0x49, 0x5a, 0x86,
  0x4a, 0x25, 0x52, 0x24, 0x52, 0x25, 0x52, 0x24, 0x52, 0x25, 0x5a, 0x25,
  0xd5, 0xad, 0xcd, 0xae, 0xd5, 0x8c, 0xcd, 0x8d, 0xd5, 0x0b, 0xc4, 0xca,
  0xab, 0x86, 0xa3, 0x46, 0xa3, 0x05, 0xa3, 0x26, 0x9b, 0x26, 0x9b, 0x47,
  0x9b, 0x46, 0x93, 0x26, 0x93, 0x06, 0xa3, 0xa8, 0xa3, 0x67, 0x8a, 0xc4,
  0x9a, 0x64, 0x92, 0x85, 0x92, 0x64, 0xa3, 0x27, 0xbb, 0xe7, 0xb3, 0xc7,
  0xab, 0x45, 0xa3, 0x46, 0xab, 0x46, 0x9b, 0x05, 0x9a, 0x84, 0x8a, 0x64,
  0x92, 0x64, 0x82, 0x44, 0x79, 0xe3, 0x69, 0xc3, 0x61, 0xa3, 0x61, 0xa4,
  0x71, 0xa3, 0x71, 0xe4, 0x8a, 0x04, 0x82, 0x24, 0x89, 0xe3, 0x8a, 0x04,
  0x9a, 0x04, 0x9a, 0x45, 0xb2, 0x44, 0xaa, 0x65, 0xba, 0xa5, 0xc3, 0x27,
  0xc2, 0xe5, 0xc3, 0x06, 0xc2, 0xe5, 0xba, 0xc5, 0xc2, 0x85, 0xb2, 0x44,
  0xc2, 0xa4, 0xd3, 0x47, 0xdb, 0xe6, 0xd3, 0xc6, 0xba, 0xe4, 0xbb, 0x25,
  0xcb, 0x66, 0xd3, 0xc8, 0xcb, 0xe6, 0xd4, 0x48, 0xdc, 0xa7, 0xdc, 0xc8,
  0xdc, 0x87, 0xdc, 0xa8, 0xdc, 0x87, 0xe4, 0xe9, 0xec, 0xe9, 0xdc, 0x88,
  0xec, 0xe9, 0xe4, 0xc9, 0xec, 0xe9, 0xe4, 0xe9, 0xec, 0xe8, 0xed, 0x09,
  0xed, 0x2a, 0xed, 0x6a, 0xf5, 0x6a, 0xf5, 0x8b, 0xf5, 0xab, 0xf5, 0xab,
  0xf5, 0xab, 0xf5, 0xec, 0xfd, 0xcb, 0xf5, 0xeb, 0xfe, 0x0c, 0xf6, 0x0d,
  0xfe, 0x0c, 0xf6, 0x0c, 0xfe, 0x0c, 0xf6, 0x2d, 0xed, 0xab, 0xd5, 0x4a,
  0xc4, 0x87, 0xcc, 0xc8, 0xcc, 0xc7, 0xd5, 0x29, 0xd5, 0x8a, 0xdd, 0xec,
  0xdd, 0xec, 0xd5, 0xcc, 0xdd, 0x8b, 0xd5, 0x8b, 0xcc, 0xc8, 0xb4, 0x46,
  0xd5, 0x0a, 0xf6, 0x0e, 0xf6, 0x2e, 0xf6, 0x6f, 0xfe, 0x0d, 0xf6, 0x0e,
  0xfe, 0x0e, 0xfe, 0x2e, 0xfe, 0x0d, 0xf5, 0xec, 0xfd, 0xcb, 0xfd, 0xcb,
  0xfd, 0xeb, 0xfd, 0xeb, 0xfd, 0xeb, 0xfe, 0x6d, 0xfe, 0x2d, 0xf6, 0x2d,
  0xfd, 0xed, 0xe5, 0x4a, 0xdc, 0x8a, 0xc4, 0x29, 0xb3, 0xa6, 0xb4, 0x08,
  0xb4, 0x06, 0xa3, 0xc6, 0x7a, 0xc4, 0x7a, 0xe5, 0x93, 0x26, 0x9b, 0xc8,
  0xa3, 0xa5, 0xa3, 0xc6, 0xab, 0xa5, 0xa3, 0x85, 0x93, 0x25, 0x82, 0xe4,
  0x72, 0xc5, 0x6a, 0xc5, 0x72, 0xc4, 0x7b, 0x26, 0x93, 0x46, 0x9b, 0xe8,
  0xbc, 0x67, 0xc4, 0xc9, 0xac, 0x07, 0x82, 0xe2, 0x7a, 0xc5, 0x7a, 0xc5,
  0x62, 0x44, 0x5a, 0x03, 0x83, 0x27, 0x83, 0x47, 0x83, 0x05, 0x83, 0x25,
  0x93, 0x65, 0xa4, 0x28, 0xbc, 0x46, 0xbc, 0x88, 0xc4, 0xc7, 0xc4, 0xe8,
  0xd5, 0x08, 0xcc, 0xe8, 0xd4, 0xc7, 0xd5, 0x08, 0xbc, 0xc8, 0xb4, 0x87,
  0x95, 0x2b, 0x8d, 0x0b, 0x73, 0xa7, 0x73, 0xc8, 0x93, 0x46, 0x93, 0x67,
  0xcc, 0x49, 0xdc, 0xec, 0xe4, 0xea, 0xe4, 0xeb, 0xd4, 0x88, 0xdc, 0xe9,
  0xc4, 0x6a, 0x92, 0xe4, 0x72, 0x02, 0x9b, 0x68, 0xa3, 0xc6, 0x9b, 0xc6,
  0xbc, 0x87, 0xc4, 0xc9, 0x82, 0xe4, 0x6a, 0x42, 0x61, 0xe3, 0x72, 0x86,
  0x9b, 0x66, 0x93, 0x66, 0xa3, 0x65, 0xa3, 0xa6, 0x8a, 0x84, 0x72, 0x22,
  0x82, 0x44, 0x7a, 0x44, 0x62, 0xe6, 0x6b, 0x28, 0x29, 0x83, 0x3a, 0x66,
  0x72, 0xe7, 0x5a, 0x85, 0x6a, 0x43, 0x62, 0x44, 0x7a, 0xa5, 0x7a, 0xc5,
  0x7a, 0xc4, 0x72, 0xe5, 0x83, 0x04, 0x83, 0x66, 0x93, 0x66, 0x8b, 0x45,
  0x7a, 0xc4, 0x7b, 0x05, 0x7a, 0xe4, 0x6a, 0xa4, 0x62, 0x43, 0x52, 0x02,
  0x52, 0x04, 0x52, 0x24, 0x6a, 0xe6, 0x73, 0x48, 0x5a, 0x85, 0x4a, 0x24,
  0x51, 0xe4, 0x5a, 0x25, 0x5a, 0x04, 0x52, 0x04, 0x5a, 0x24, 0x5a, 0x45,
  0xcd, 0xae, 0xcd, 0x6d, 0xcd, 0x8d, 0xcd, 0x4b, 0xcd, 0x0b, 0xc4, 0xa9,
  0xab, 0xa8, 0xab, 0x66, 0xa3, 0x27, 0x9a, 0xe5, 0x93, 0x06, 0x9b, 0x26,
  0x93, 0x27, 0x9b, 0x06, 0x92, 0xe6, 0xa3, 0x47, 0x9b, 0x47, 0x92, 0xc5,
  0x92, 0x65, 0x92, 0x64, 0x8a, 0x64, 0xb3, 0x88, 0xbc, 0x49, 0xb3, 0xa7,
  0xa3, 0x66, 0xa3, 0x25, 0xab, 0x47, 0x9a, 0xa4, 0x8a, 0x85, 0x9a, 0x85,
  0x8a, 0x65, 0x82, 0x03, 0x7a, 0x25, 0x71, 0xa3, 0x59, 0xa4, 0x61, 0x83,
  0x61, 0x84, 0x71, 0xc5, 0x81, 0xe4, 0x89, 0xe4, 0x79, 0xe4, 0x82, 0x04,
  0x8a, 0x05, 0x92, 0x04, 0xa2, 0x05, 0xaa, 0x65, 0xb2, 0x85, 0xc2, 0xc6,
  0xc2, 0xe6, 0xc2, 0xe6, 0xc2, 0xc6, 0xba, 0x85, 0xba, 0xa5, 0xc2, 0xe5,
  0xc3, 0x65, 0xdb, 0xe7, 0xdc, 0x47, 0xd4, 0x06, 0xc3, 0x46, 0xc3, 0x25,
  0xcb, 0xc8, 0xd4, 0x08, 0xcc, 0x28, 0xdc, 0x68, 0xdc, 0xa8, 0xdc, 0xa8,
  0xd4, 0x88, 0xe4, 0xa8, 0xdc, 0xa9, 0xe4, 0xa9, 0xe4, 0xea, 0xe4, 0x89,
  0xe4, 0xca, 0xec, 0xca, 0xe4, 0xe9, 0xec, 0xc9, 0xe4, 0xe9, 0xec, 0xe8,
  0xed, 0x4a, 0xed, 0x4a, 0xed, 0x6b, 0xf5, 0x6a, 0xed, 0xab, 0xf5, 0xab,
  0xed, 0x8b, 0xf5, 0xab, 0xf5, 0xab, 0xf5, 0xab, 0xf5, 0xec, 0xf5, 0xec,
  0xf6, 0x2d, 0xf6, 0x0c, 0xf6, 0x2d, 0xfe, 0x0d, 0xdd, 0xab, 0xcc, 0xe9,
  0xb4, 0x67, 0xc4, 0xa8, 0xc4, 0xc8, 0xd5, 0x08, 0xcd, 0x4b, 0xdd, 0x8b,
  0xd5, 0xed, 0xd5, 0xac, 0xd5, 0xcc, 0xcd, 0x6a, 0xd5, 0x4b, 0xbc, 0x87,
  0xbc, 0x69, 0xed, 0xae, 0xfe, 0x70, 0xfe, 0x2f, 0xfe, 0x2f, 0xf5, 0xed,
  0xf5, 0xed, 0xfe, 0x0e, 0xfe, 0x0d, 0xfd, 0xed, 0xfd, 0xed, 0xfd, 0xcc,
  0xfe, 0x0d, 0xfd, 0xec, 0xf6, 0x0c, 0xfe, 0x2c, 0xf6, 0x2d, 0xf5, 0xec,
  0xf6, 0x0d, 0xe5, 0x6b, 0xdc, 0xed, 0xcc, 0x2a, 0xa3, 0x86, 0xb3, 0xe7,
  0xb4, 0x47, 0xab, 0xc5, 0x7b, 0x06, 0x7a, 0xc4, 0x8b, 0x26, 0xa3, 0xa8,
  0xa3, 0xc7, 0xa3, 0xa6, 0xa3, 0xa6, 0xa3, 0x85, 0x8b, 0x46, 0x82, 0xe4,
  0x6a, 0xe6, 0x6a, 0xa5, 0x6a, 0xc5, 0x83, 0x26, 0x8b, 0x46, 0xa3, 0xe8,
  0xbc, 0x88, 0xc4, 0xa8, 0xa4, 0x08, 0x82, 0xc3, 0x72, 0xa5, 0x7a, 0xa5,
  0x5a, 0x45, 0x5a, 0x04, 0x7b, 0x27, 0x83, 0x27, 0x7b, 0x05, 0x8b, 0x46,
  0x93, 0x86, 0xac, 0x28, 0xbc, 0x87, 0xc4, 0xa8, 0xc4, 0xe8, 0xcc, 0xe8,
  0xcc, 0xe8, 0xd4, 0xe8, 0xcc, 0xe8, 0xd5, 0x08, 0xbc, 0xa8, 0x93, 0x43,
  0x84, 0x2a, 0x73, 0x87, 0x72, 0x64, 0xb4, 0x4b, 0xdc, 0xcc, 0xd4, 0x8a,
  0xcc, 0xaa, 0xc4, 0x68, 0xb3, 0xe6, 0xbc, 0x27, 0xab, 0xc6, 0xab, 0x85,
  0x83, 0x05, 0x6a, 0x21, 0x5a, 0x24, 0x93, 0x89, 0x9b, 0xc6, 0xa3, 0xc6,
  0xc4, 0xc9, 0xb4, 0x46, 0x7a, 0xe5, 0x62, 0x21, 0x59, 0xe4, 0x83, 0x08,
  0x93, 0x67, 0xa3, 0xa8, 0x9b, 0x66, 0xa3, 0x45, 0x8b, 0x06, 0x72, 0x02,
  0x8a, 0x86, 0x92, 0x85, 0x7b, 0x07, 0x6a, 0x64, 0x3a, 0x46, 0x52, 0xe8,
  0x63, 0x07, 0x62, 0xc6, 0x72, 0xa4, 0x6a, 0x63, 0x6a, 0xa5, 0x72, 0xa5,
  0x72, 0xc5, 0x82, 0xe6, 0x83, 0x66, 0x93, 0x87, 0x8b, 0x67, 0x8b, 0x25,
  0x72, 0xe4, 0x72, 0xa3, 0x6a, 0x84, 0x62, 0x22, 0x51, 0xe3, 0x51, 0xc2,
  0x49, 0xe4, 0x72, 0xe8, 0x73, 0x69, 0x62, 0xa5, 0x4a, 0x04, 0x49, 0xe3,
  0x49, 0xe4, 0x52, 0x04, 0x49, 0xe4, 0x51, 0xe4, 0x52, 0x45, 0x5a, 0x45,
  0xd5, 0x8d, 0xcd, 0x8e, 0xd5, 0x4b, 0xc5, 0x0a, 0xcc, 0xa9, 0xbc, 0x47,
  0xb3, 0xa7, 0xab, 0x66, 0xab, 0x06, 0xa3, 0x06, 0x92, 0xe5, 0x9b, 0x47,
  0x9b, 0x06, 0x92, 0xe5, 0x9a, 0xc5, 0x9b, 0x06, 0x9b, 0x06, 0x92, 0xc5,
  0x92, 0x64, 0x8a, 0x44, 0x8a, 0x43, 0xb3, 0xa9, 0xc4, 0x29, 0xab, 0xc7,
  0xa3, 0x45, 0xa3, 0x66, 0xa3, 0x06, 0x92, 0xa4, 0x92, 0x64, 0x92, 0xa5,
  0x92, 0x64, 0x8a, 0x44, 0x92, 0x85, 0x7a, 0x04, 0x69, 0xa3, 0x61, 0xa3,
  0x69, 0x83, 0x69, 0xe5, 0x8a, 0x04, 0x82, 0x05, 0x81, 0xc3, 0x82, 0x04,
  0x92, 0x04, 0x8a, 0x04, 0xa2, 0x24, 0xaa, 0xa6, 0xc2, 0x85, 0xba, 0xa5,
  0xc2, 0xa5, 0xc2, 0xc6, 0xba, 0xa4, 0xc3, 0x06, 0xd3, 0x86, 0xd3, 0xe8,
  0xdb, 0xe6, 0xd4, 0x06, 0xe4, 0x26, 0xd3, 0xe6, 0xd3, 0x86, 0xcb, 0x87,
  0xdc, 0x28, 0xd4, 0x48, 0xdc, 0x47, 0xdc, 0x68, 0xe4, 0x87, 0xdc, 0x88,
  0xdc, 0x87, 0xe4, 0xc9, 0xec, 0xe9, 0xe4, 0xea, 0xec, 0xea, 0xdc, 0xa9,
  0xec, 0xc9, 0xe4, 0xea, 0xec, 0xe9, 0xed, 0x09, 0xec, 0xe8, 0xec, 0xe8,
  0xed, 0x29, 0xf5, 0x6a, 0xf5, 0x8b, 0xed, 0x6b, 0xf5, 0x6a, 0xed, 0x8b,
  0xf5, 0xab, 0xf5, 0xac, 0xf5, 0xcb, 0xf5, 0xec, 0xfd, 0xec, 0xf6, 0x0c,
  0xfe, 0x0c, 0xf6, 0x2d, 0xf6, 0x0c, 0xed, 0xcb, 0xdd, 0x49, 0xcd, 0x08,
  0xc4, 0xa7, 0xbc, 0xa7, 0xc4, 0xa7, 0xcc, 0xe8, 0xcd, 0x29, 0xd5, 0x8b,
  0xd5, 0x6a, 0xd5, 0xab, 0xd5, 0xaa, 0xd5, 0x8a, 0xdd, 0x6a, 0xcd, 0x29,
  0xc4, 0x47, 0xdd, 0x2b, 0xfe, 0x2f, 0xfe, 0x70, 0xfe, 0x4e, 0xf6, 0x2e,
  0xfe, 0x0d, 0xfe, 0x2e, 0xfe, 0x0d, 0xf5, 0xed, 0xfd, 0xec, 0xfd, 0xed,
  0xfe, 0x0c, 0xfe, 0x2d, 0xfe, 0x2c, 0xfe, 0x4d, 0xfe, 0x2d, 0xfe, 0x2d,
  0xfe, 0x2d, 0xe5, 0xac, 0xdc, 0xcc, 0xcc, 0x4b, 0xab, 0x85, 0xb3, 0xe7,
  0xbc, 0x26, 0xab, 0xe6, 0x82, 0xe5, 0x7b, 0x05, 0x93, 0x25, 0xa3, 0xc8,
  0xab, 0xc6, 0xa3, 0xc6, 0xab, 0xc6, 0x9b, 0xa5, 0x93, 0x46, 0x7a, 0xe4,
  0x72, 0xc5, 0x6a, 0x84, 0x7a, 0xc5, 0x83, 0x67, 0x93, 0x25, 0xa4, 0x09,
  0xcc, 0xa8, 0xc4, 0xc8, 0xa3, 0xc6, 0x7a, 0xa2, 0x7a, 0xc5, 0x83, 0x06,
  0x62, 0x24, 0x5a, 0x24, 0x83, 0x26, 0x7b, 0x26, 0x82, 0xe4, 0x8b, 0x46,
  0x9b, 0xa6, 0xac, 0x69, 0xc4, 0xa7, 0xc4, 0xc8, 0xd4, 0xe8, 0xcc, 0xe8,
  0xd4, 0xe8, 0xd5, 0x09, 0xdd, 0x08, 0xd5, 0x29, 0xcc, 0xc8, 0x9b, 0xa3,
  0x83, 0x45, 0x8b, 0xa7, 0xcc, 0x6a, 0xcc, 0x8b, 0xcc, 0x88, 0xbc, 0x06,
  0xb4, 0x26, 0xa4, 0x05, 0x9b, 0x64, 0xab, 0xe6, 0xab, 0xc6, 0x9b, 0x85,
  0x83, 0x26, 0x6a, 0x63, 0x62, 0x03, 0x83, 0x68, 0xa3, 0xa6, 0xa3, 0xe7,
  0xc4, 0xa7, 0xa3, 0xe5, 0x7a, 0xc4, 0x62, 0x22, 0x61, 0xe3, 0x7b, 0x07,
  0xa3, 0x66, 0x9b, 0x87, 0xab, 0xa6, 0x9b, 0x45, 0x93, 0x05, 0x82, 0x83,
  0x9a, 0xa4, 0x9a, 0xe5, 0x8b, 0x46, 0x62, 0x43, 0x4a, 0xa6, 0x53, 0x28,
  0x73, 0x06, 0x73, 0x47, 0x82, 0xe4, 0x7a, 0xa3, 0x7a, 0xa4, 0x72, 0xc5,
  0x7a, 0xe4, 0x83, 0x26, 0x8b, 0x65, 0x8b, 0x86, 0x8b, 0x45, 0x7b, 0x04,
  0x72, 0xa4, 0x72, 0xc4, 0x72, 0xa4, 0x62, 0x43, 0x62, 0x23, 0x62, 0x24,
  0x62, 0x84, 0x73, 0x07, 0x6a, 0xe6, 0x52, 0x44, 0x51, 0xe3, 0x4a, 0x04,
  0x51, 0xe4, 0x52, 0x04, 0x52, 0x04, 0x52, 0x25, 0x52, 0x04, 0x5a, 0x65,
  0xcd, 0x4d, 0xcd, 0x2c, 0xcd, 0x2b, 0xc4, 0xc9, 0xc4, 0x48, 0xb3, 0xc6,
  0xb3, 0x87, 0xb3, 0x66, 0xa3, 0x26, 0xa3, 0x05, 0x93, 0x06, 0xa3, 0x47,
  0x93, 0x27, 0x8a, 0xa5, 0x82, 0x65, 0x8a, 0x85, 0x92, 0xc6, 0x92, 0xa5,
  0x8a, 0x65, 0x8a, 0x24, 0x82, 0x44, 0xbb, 0xea, 0xb4, 0x29, 0xab, 0x87,
  0x9b, 0x26, 0x9b, 0x05, 0x9b, 0x07, 0x92, 0xa5, 0x8a, 0x45, 0x92, 0x65,
  0x8a, 0x44, 0x92, 0x44, 0x9a, 0xc6, 0x92, 0x44, 0x69, 0xc4, 0x69, 0x62,
  0x59, 0x84, 0x69, 0xc4, 0x79, 0xe5, 0x79, 0xe4, 0x79, 0xe4, 0x81, 0xc3,
  0x81, 0xe4, 0x89, 0xe4, 0xaa, 0x24, 0xba, 0x86, 0xba, 0x85, 0xba, 0x65,
  0xb2, 0x65, 0xc2, 0xa5, 0xc3, 0x66, 0xd3, 0xa7, 0xd4, 0x07, 0xd3, 0xe6,
  0xd3, 0xc6, 0xd3, 0xa6, 0xdc, 0x08, 0xd3, 0x85, 0xcb, 0x67, 0xdb, 0xa7,
  0xd4, 0x08, 0xd3, 0xe7, 0xcc, 0x07, 0xd4, 0x07, 0xd4, 0x47, 0xe4, 0x88,
  0xdc, 0x88, 0xe4, 0xa8, 0xdc, 0xc9, 0xec, 0xe9, 0xed, 0x2a, 0xe4, 0xc9,
  0xe4, 0xc9, 0xe4, 0xc9, 0xed, 0x09, 0xec, 0xe8, 0xed, 0x09, 0xed, 0x09,
  0xe5, 0x2a, 0xf5, 0x6b, 0xed, 0x6b, 0xed, 0x2a, 0xed, 0x6b, 0xf5, 0x8c,
  0xed, 0xac, 0xf5, 0xac, 0xed, 0xab, 0xf5, 0xcc, 0xf5, 0xec, 0xfe, 0x0c,
  0xf6, 0x0d, 0xfe, 0x0d, 0xf6, 0x2d, 0xe5, 0x6a, 0xcd, 0x29, 0xd5, 0x09,
  0xc4, 0xe9, 0xbc, 0x67, 0xbc, 0xa8, 0xcc, 0xe8, 0xcd, 0x2a, 0xd5, 0x4a,
  0xd5, 0xac, 0xd5, 0x8b, 0xcd, 0x6a, 0xd5, 0x8a, 0xd5, 0x69, 0xd5, 0x49,
  0xc4, 0xa8, 0xcc, 0x87, 0xed, 0xee, 0xfe, 0x50, 0xf6, 0x90, 0xf6, 0x4e,
  0xf6, 0x4e, 0xfe, 0x4e, 0xf6, 0x0d, 0xf5, 0xcc, 0xfd, 0xed, 0xfd, 0xec,
  0xfe, 0x0d, 0xfe, 0x0c, 0xfe, 0x2e, 0xfe, 0x0d, 0xfe, 0x2e, 0xfe, 0x0d,
  0xf6, 0x2f, 0xed, 0xac, 0xdc, 0xed, 0xd4, 0x8b, 0xab, 0xa7, 0xbb, 0xe7,
  0xb4, 0x28, 0xab, 0xa5, 0x7a, 0xe5, 0x7a, 0xc4, 0x8b, 0x26, 0xa3, 0xa7,
  0xab, 0xe7, 0xab, 0xe6, 0xa3, 0xc6, 0x9b, 0x44, 0x8b, 0x26, 0x82, 0xa4,
  0x6a, 0xa5, 0x6a, 0x64, 0x7b, 0x27, 0x83, 0x47, 0x83, 0x05, 0xb4, 0x4a,
  0xc4, 0xa8, 0xc4, 0xa8, 0x93, 0x85, 0x7a, 0x81, 0x8b, 0x47, 0x8b, 0x26,
  0x5a, 0x03, 0x62, 0x24, 0x83, 0x27, 0x7a, 0xe6, 0x7a, 0xe5, 0x8b, 0x46,
  0x9b, 0xa7, 0xb4, 0x49, 0xbc, 0x87, 0xc4, 0xa8, 0xcd, 0x09, 0xcc, 0xc8,
  0xcd, 0x09, 0xdd, 0x2a, 0xd5, 0x29, 0xdd, 0x09, 0xc4, 0xc8, 0xbc, 0x86,
  0xa4, 0x08, 0xac, 0x08, 0xbc, 0x48, 0xcc, 0xca, 0xbc, 0x87, 0xbc, 0x46,
  0xac, 0x47, 0xac, 0x06, 0x93, 0x85, 0xac, 0x06, 0xa3, 0xe7, 0xa3, 0xc6,
  0x83, 0x47, 0x6a, 0x42, 0x6a, 0x65, 0x8b, 0x68, 0x9b, 0xa6, 0xab, 0xe7,
  0xb4, 0xa8, 0x93, 0x63, 0x72, 0xa4, 0x62, 0x01, 0x62, 0x24, 0x83, 0x07,
  0x9b, 0x66, 0xa3, 0x66, 0xab, 0xc7, 0xab, 0xa6, 0x93, 0x05, 0x8a, 0xa3,
  0x92, 0xc5, 0xa2, 0xe5, 0x6a, 0xc5, 0x72, 0xc4, 0x63, 0x8a, 0x52, 0xe6,
  0x73, 0x06, 0x83, 0x47, 0x82, 0xe5, 0x7a, 0x83, 0x7a, 0xc5, 0x82, 0xe6,
  0x83, 0x26, 0x83, 0x25, 0x8b, 0x46, 0x8b, 0x45, 0x8b, 0x66, 0x82, 0xe4,
  0x72, 0xe5, 0x6a, 0xa4, 0x6a, 0x65, 0x6a, 0x64, 0x6a, 0x85, 0x82, 0xe6,
  0x73, 0x26, 0x72, 0xe5, 0x5a, 0xa6, 0x4a, 0x03, 0x49, 0xc4, 0x51, 0xc4,
  0x49, 0xe4, 0x51, 0xe4, 0x52, 0x25, 0x5a, 0x24, 0x52, 0x45, 0x62, 0xa6,
  0xcd, 0x4b, 0xc5, 0x2b, 0xcc, 0xc9, 0xbc, 0x88, 0xc3, 0xc6, 0xb3, 0xa6,
  0xb3, 0x45, 0xb3, 0x66, 0xab, 0x25, 0xa3, 0x25, 0xa3, 0x05, 0x9b, 0x26,
  0x9a, 0xe6, 0x92, 0xe6, 0x8a, 0x64, 0x82, 0x24, 0x92, 0x64, 0x92, 0x85,
  0x92, 0x44, 0x82, 0x24, 0x92, 0x85, 0xb3, 0xca, 0xab, 0x87, 0x9b, 0x26,
  0xa3, 0x26, 0x8a, 0xc5, 0x92, 0xa5, 0x8a, 0xa5, 0x92, 0x24, 0x92, 0x85,
  0x92, 0x44, 0x92, 0x64, 0x9a, 0xa5, 0xa2, 0xe6, 0x82, 0x24, 0x69, 0xa2,
  0x61, 0x83, 0x61, 0xa4, 0x69, 0xa3, 0x72, 0x05, 0x81, 0xe4, 0x79, 0xe4,
  0x89, 0xc3, 0x8a, 0x04, 0xb2, 0x44, 0xba, 0x86, 0xc2, 0x85, 0xba, 0x45,
  0xaa, 0x23, 0xc3, 0x27, 0xd3, 0xe6, 0xcb, 0xe7, 0xd3, 0xe6, 0xd4, 0x07,
  0xdb, 0xc6, 0xd3, 0xc6, 0xdb, 0xa6, 0xcb, 0x45, 0xd3, 0xa6, 0xd3, 0xc7,
  0xd3, 0xe6, 0xcb, 0xe7, 0xd3, 0xc6, 0xdc, 0x69, 0xdc, 0x47, 0xd4, 0x47,
  0xdc, 0x47, 0xdc, 0xa8, 0xe4, 0xc8, 0xe4, 0xe9, 0xe4, 0xc8, 0xe4, 0xe9,
  0xe4, 0xa8, 0xe4, 0xe9, 0xf5, 0x08, 0xed, 0x29, 0xed, 0x08, 0xed, 0x29,
  0xf5, 0x6a, 0xf5, 0x8b, 0xf5, 0x6a, 0xf5, 0x8b, 0xf5, 0x6b, 0xf5, 0xac,
  0xf5, 0xcc, 0xed, 0xec, 0xf5, 0xcb, 0xf6, 0x0c, 0xfe, 0x0c, 0xf6, 0x0c,
  0xfe, 0x0c, 0xf6, 0x2d, 0xf5, 0xcd, 0xdd, 0x2a, 0xcc, 0xc9, 0xcc, 0xe9,
  0xcc, 0xc8, 0xbc, 0x88, 0xc4, 0x66, 0xc4, 0xc8, 0xcd, 0x29, 0xcd, 0x6a,
  0xd5, 0x6a, 0xcd, 0x8b, 0xd5, 0x6a, 0xd5, 0x8a, 0xdd, 0x69, 0xd5, 0x69,
  0xd4, 0xe8, 0xc4, 0x86, 0xe5, 0x8c, 0xfe, 0x6f, 0xfe, 0x8f, 0xf6, 0x6f,
  0xfe, 0x4d, 0xf6, 0x4d, 0xfe, 0x2c, 0xf6, 0x2c, 0xfe, 0x0c, 0xfe, 0x0c,
  0xfe, 0x2d, 0xfe, 0x2d, 0xfe, 0x2d, 0xfe, 0x2d, 0xfe, 0x2d, 0xfe, 0x4e,
  0xfe, 0x4e, 0xed, 0xed, 0xed, 0x2d, 0xdc, 0xcc, 0xbb, 0xc7, 0xbb, 0xe8,
  0xbc, 0x47, 0xac, 0x07, 0x83, 0x25, 0x7a, 0xe4, 0x93, 0x25, 0x93, 0x87,
  0xb3, 0xe6, 0xb4, 0x07, 0xab, 0xc6, 0x9b, 0x85, 0x93, 0x26, 0x82, 0xe5,
  0x72, 0x84, 0x72, 0xc5, 0x8b, 0x46, 0x6a, 0xa4, 0x82, 0xc3, 0xb4, 0x8b,
  0xc4, 0xa7, 0xc4, 0xa8, 0x9b, 0x85, 0x7a, 0xa2, 0x93, 0x67, 0x8b, 0x67,
  0x62, 0x03, 0x62, 0x44, 0x83, 0x06, 0x72, 0xc6, 0x83, 0x05, 0x8b, 0x46,
  0xa3, 0xc6, 0xb4, 0x89, 0xc4, 0x66, 0xbc, 0xa7, 0xcc, 0xa7, 0xd5, 0x29,
  0xd5, 0x08, 0xd5, 0x29, 0xdd, 0x29, 0xd5, 0x29, 0xc4, 0xc8, 0xb4, 0x66,
  0xb4, 0x89, 0x9b, 0xe7, 0xb4, 0x47, 0xcd, 0x4b, 0xcc, 0xe8, 0xc4, 0xc8,
  0xbc, 0x88, 0xac, 0x47, 0x9b, 0x85, 0xa4, 0x08, 0xac, 0x07, 0xa3, 0xc6,
  0x93, 0x66, 0x6a, 0x83, 0x72, 0x64, 0x8b, 0x68, 0x9b, 0x85, 0xa4, 0x07,
  0xbc, 0x88, 0x8b, 0x43, 0x72, 0xa4, 0x5a, 0x22, 0x62, 0x03, 0x83, 0x08,
  0xa3, 0x65, 0xa3, 0xa6, 0xab, 0x85, 0xa3, 0x86, 0x9b, 0x04, 0x93, 0x04,
  0xab, 0x26, 0x9b, 0x06, 0x59, 0xe2, 0x62, 0x64, 0x4a, 0xa7, 0x32, 0x04,
  0x7b, 0x27, 0x7b, 0x48, 0x7a, 0xc4, 0x83, 0x05, 0x82, 0xe5, 0x7b, 0x05,
  0x8b, 0x26, 0x83, 0x26, 0x8b, 0x05, 0x8b, 0x46, 0x8b, 0x65, 0x83, 0x45,
  0x7a, 0xc4, 0x6a, 0xa4, 0x72, 0x84, 0x72, 0x84, 0x82, 0xe5, 0x8b, 0x67,
  0x73, 0x25, 0x6b, 0x05, 0x52, 0x03, 0x49, 0xe3, 0x51, 0xe4, 0x51, 0xe4,
  0x52, 0x04, 0x5a, 0x45, 0x5a, 0x24, 0x52, 0x44, 0x62, 0x64, 0x6a, 0xe7,
  0xcd, 0x6c, 0xc5, 0x0a, 0xc4, 0x69, 0xbc, 0x07, 0xc3, 0xc7, 0xbb, 0x86,
  0xb3, 0x46, 0xb3, 0x25, 0xa3, 0x46, 0xa3, 0x05, 0x9b, 0x27, 0xa3, 0x06,
  0x92, 0xc6, 0x92, 0x85, 0x8a, 0xa6, 0x82, 0x04, 0x82, 0x04, 0x8a, 0x25,
  0x82, 0x25, 0x81, 0xe4, 0x82, 0x45, 0xb3, 0xaa, 0x9b, 0x47, 0x8a, 0xc4,
  0x8a, 0xe6, 0x8a, 0x84, 0x7a, 0x24, 0x82, 0x04, 0x8a, 0x44, 0x92, 0x65,
  0x92, 0x65, 0x92, 0x44, 0x92, 0x64, 0xa2, 0xc5, 0x8a, 0xa6, 0x79, 0xc3,
  0x59, 0x84, 0x61, 0x84, 0x61, 0xa4, 0x71, 0xe5, 0x79, 0xc5, 0x79, 0xc4,
  0x79, 0xa3, 0x92, 0x05, 0xb2, 0x66, 0xb2, 0x25, 0xb2, 0x25, 0xa9, 0xe4,
  0xaa, 0x85, 0xcb, 0x68, 0xcb, 0xe7, 0xcb, 0xa6, 0xcb, 0xa7, 0xd3, 0xa6,
  0xcb, 0x66, 0xd3, 0x45, 0xcb, 0x46, 0xdb, 0xa7, 0xdc, 0x29, 0xd3, 0xc7,
  0xcb, 0xe7, 0xcb, 0xc7, 0xd4, 0x08, 0xdc, 0x28, 0xd4, 0x07, 0xd4, 0x07,
  0xdc, 0x68, 0xdc, 0x68, 0xdc, 0xa8, 0xe4, 0xa8, 0xdc, 0xa8, 0xdc, 0x67,
  0xdc, 0x88, 0xe4, 0xc9, 0xe5, 0x29, 0xf5, 0x6a, 0xed, 0x6a, 0xf5, 0x8a,
  0xed, 0x8b, 0xf5, 0x8a, 0xf5, 0xac, 0xf5, 0x8b, 0xed, 0x8c, 0xf5, 0x8c,
  0xed, 0xcc, 0xf5, 0xec, 0xf6, 0x0c, 0xfd, 0xec, 0xf5, 0xec, 0xfd, 0xec,
  0xf6, 0x2d, 0xfe, 0x2d, 0xe5, 0x6c, 0xcc, 0xa8, 0xc4, 0xc9, 0xc4, 0xa8,
  0xcc, 0xe9, 0xcc, 0xc8, 0xbc, 0x87, 0xc4, 0xa7, 0xc5, 0x2a, 0xd5, 0x4a,
  0xd5, 0xac, 0xd5, 0x8c, 0xd5, 0x6b, 0xd5, 0x6a, 0xd5, 0x49, 0xd5, 0x49,
  0xd5, 0x29, 0xc4, 0x87, 0xcd, 0x0a, 0xfe, 0x2e, 0xf6, 0x4e, 0xf6, 0x4e,
  0xf6, 0x6f, 0xfe, 0x4e, 0xf6, 0x4d, 0xf6, 0x2c, 0xf6, 0x2d, 0xfe, 0x2d,
  0xfe, 0x4e, 0xfe, 0x2d, 0xf6, 0x2d, 0xfe, 0x0c, 0xf6, 0x2d, 0xfe, 0x2d,
  0xf6, 0x4f, 0xed, 0xed, 0xe5, 0x4e, 0xd4, 0xab, 0xbb, 0xe8, 0xc4, 0x08,
  0xb4, 0x48, 0xab, 0xe6, 0x83, 0x25, 0x7a, 0xe4, 0x8b, 0x26, 0x9b, 0xa7,
  0xb4, 0x07, 0xb3, 0xe6, 0xa3, 0xc6, 0x9b, 0x24, 0x93, 0x47, 0x82, 0xa5,
  0x72, 0x85, 0x82, 0xe6, 0x83, 0x26, 0x72, 0xa4, 0x8b, 0x46, 0xac, 0x4a,
  0xc4, 0xc8, 0xc4, 0xa8, 0x8b, 0x86, 0x72, 0x82, 0x93, 0x88, 0x8b, 0x26,
  0x5a, 0x23, 0x6a, 0x44, 0x72, 0xc6, 0x72, 0x85, 0x83, 0x26, 0x8b, 0x46,
  0xa3, 0xe7, 0xbc, 0x89, 0xbc, 0xa7, 0xbc, 0x87, 0xc4, 0xe8, 0xd5, 0x09,
  0xcd, 0x09, 0xdd, 0x6a, 0xd5, 0x6a, 0xd5, 0x09, 0xc5, 0x09, 0xbc, 0x87,
  0xa4, 0xaa, 0x9c, 0x28, 0xbd, 0x0a, 0xcd, 0x4b, 0xd5, 0x4a, 0xcc, 0xe9,
  0xbc, 0xc9, 0xb4, 0x67, 0x93, 0x65, 0xa3, 0xe7, 0xa4, 0x07, 0x9b, 0xa6,
  0x93, 0x87, 0x72, 0x83, 0x6a, 0x64, 0x93, 0x68, 0xa3, 0xe7, 0xac, 0x07,
  0xac, 0x69, 0x82, 0xe2, 0x6a, 0x85, 0x59, 0xc2, 0x59, 0xc3, 0x83, 0x08,
  0x9b, 0x66, 0xa3, 0x66, 0xa3, 0x86, 0xa3, 0x45, 0x9b, 0x45, 0xa3, 0x66,
  0xa3, 0x47, 0x9a, 0xc4, 0x62, 0xc6, 0x6a, 0xa5, 0x29, 0xa4, 0x39, 0xe5,
  0x7b, 0x28, 0x7a, 0xe7, 0x8b, 0x46, 0x93, 0x66, 0x93, 0x86, 0x8b, 0x04,
  0x83, 0x05, 0x93, 0x46, 0x93, 0xa7, 0x9b, 0x87, 0x8b, 0x67, 0x82, 0xe4,
  0x72, 0xa5, 0x72, 0x84, 0x72, 0x84, 0x7a, 0xc5, 0x9b, 0xe8, 0x83, 0x25,
  0x62, 0xe5, 0x62, 0xa4, 0x4a, 0x04, 0x52, 0x04, 0x52, 0x05, 0x51, 0xe4,
  0x52, 0x25, 0x52, 0x04, 0x52, 0x24, 0x5a, 0x24, 0x62, 0xc6, 0x6a, 0xc6,
  0xcd, 0x0a, 0xc4, 0xca, 0xc4, 0x27, 0xbc, 0x07, 0xc3, 0x66, 0xb3, 0x45,
  0xb3, 0x05, 0xb3, 0x05, 0xab, 0x05, 0xab, 0x26, 0xab, 0x26, 0xa3, 0x06,
  0x9a, 0xa5, 0x92, 0x65, 0x8a, 0x65, 0x82, 0x24, 0x81, 0xe3, 0x8a, 0x45,
  0x8a, 0x04, 0x82, 0x04, 0x82, 0x44, 0xab, 0xca, 0x9b, 0x06, 0x8a, 0xe5,
  0x8a, 0xa5, 0x82, 0xa5, 0x79, 0xe3, 0x7a, 0x04, 0x92, 0x23, 0x9a, 0xa6,
  0xa2, 0x64, 0x9a, 0x64, 0x92, 0x43, 0x92, 0x44, 0x9a, 0xe6, 0x82, 0x64,
  0x69, 0xa3, 0x61, 0xa3, 0x69, 0xa4, 0x69, 0xc4, 0x71, 0xa3, 0x71, 0xc4,
  0x81, 0x83, 0x8a, 0x05, 0xa9, 0xc3, 0xa1, 0xc4, 0xa9, 0xa3, 0xa9, 0xe5,
  0xba, 0xa5, 0xcb, 0x68, 0xc3, 0x65, 0xcb, 0xa7, 0xcb, 0x85, 0xc3, 0x45,
  0xcb, 0x04, 0xcb, 0x46, 0xd3, 0x66, 0xd3, 0x87, 0xd3, 0xe7, 0xcb, 0xc7,
  0xdc, 0x27, 0xd4, 0x48, 0xdc, 0x28, 0xd4, 0x28, 0xcb, 0xa5, 0xcc, 0x07,
  0xd3, 0xe6, 0xdc, 0x68, 0xe4, 0xa8, 0xdc, 0x88, 0xdc, 0x67, 0xd4, 0x67,
  0xe4, 0xa8, 0xed, 0x2a, 0xf5, 0x8a, 0xf5, 0xab, 0xf5, 0x89, 0xf5, 0xaa,
  0xf5, 0x8a, 0xf5, 0xab, 0xf5, 0xab, 0xf5, 0xcb, 0xf5, 0xcb, 0xf5, 0xec,
  0xfd, 0xec, 0xed, 0xcc, 0xf5, 0xcb, 0xfe, 0x2c, 0xfd, 0xeb, 0xf5, 0xeb,
  0xf6, 0x0b, 0xf6, 0x2c, 0xdd, 0x09, 0xc4, 0x87, 0xc4, 0x87, 0xbc, 0x66,
  0xcc, 0xc7, 0xcd, 0x08, 0xcc, 0xc7, 0xc4, 0xa7, 0xc4, 0xc8, 0xcd, 0x4a,
  0xd5, 0x6b, 0xd5, 0x8b, 0xd5, 0x49, 0xcd, 0x49, 0xd5, 0x28, 0xd5, 0x49,
  0xdd, 0x49, 0xd5, 0x09, 0xcc, 0xa8, 0xed, 0xcc, 0xfe, 0x4e, 0xf6, 0x4e,
  0xfe, 0x6f, 0xfe, 0x90, 0xfe, 0x6e, 0xfe, 0x6e, 0xfe, 0x2e, 0xfe, 0x4f,
  0xfe, 0x4e, 0xf6, 0x4e, 0xfe, 0x4d, 0xfe, 0x2d, 0xfe, 0x0c, 0xfe, 0x4e,
  0xfe, 0x4f, 0xee, 0x0e, 0xe5, 0x2c, 0xdc, 0xec, 0xbb, 0xe7, 0xbc, 0x07,
  0xb4, 0x27, 0xac, 0x26, 0x8b, 0x45, 0x7b, 0x04, 0x93, 0x25, 0x9b, 0xa8,
  0xb4, 0x06, 0xac, 0x06, 0xa3, 0x85, 0x93, 0x24, 0x93, 0x26, 0x7a, 0x84,
  0x7a, 0x84, 0x8b, 0x27, 0x7a, 0xc4, 0x7a, 0xe5, 0x9b, 0xa6, 0xac, 0x49,
  0xc4, 0xc7, 0xc5, 0x09, 0x93, 0x65, 0x72, 0xc3, 0x9b, 0xc8, 0x8b, 0x46,
  0x62, 0x02, 0x62, 0x43, 0x6a, 0x85, 0x6a, 0xc6, 0x8b, 0x26, 0x8b, 0x87,
  0xb4, 0x47, 0xbc, 0xc9, 0xc4, 0xa7, 0xc4, 0xe8, 0xd4, 0xe8, 0xd5, 0x29,
  0xdd, 0x49, 0xdd, 0x8a, 0xdd, 0x49, 0xd5, 0x4a, 0xcd, 0x09, 0xc4, 0xc8,
  0xac, 0xa9, 0x9c, 0x88, 0xcd, 0x09, 0xcd, 0x6b, 0xe5, 0x6a, 0xd5, 0x49,
  0xcc, 0xe8, 0xc4, 0xc8, 0x9b, 0x85, 0xa3, 0xe6, 0xa3, 0xe6, 0x9b, 0xa6,
  0x9b, 0xa7, 0x7a, 0xc4, 0x72, 0x64, 0x8b, 0x47, 0xa3, 0xa6, 0xb4, 0x48,
  0xab, 0xe7, 0x7a, 0xa2, 0x6a, 0x65, 0x51, 0xa2, 0x59, 0xa3, 0x83, 0x08,
  0xa3, 0x46, 0x9b, 0x46, 0x9b, 0x44, 0x9b, 0x65, 0xb3, 0xc7, 0xab, 0xc7,
  0xb3, 0x86, 0xa3, 0x25, 0x7b, 0x46, 0x62, 0xc4, 0x42, 0x05, 0x4a, 0x67,
  0x8b, 0x06, 0x8b, 0x47, 0xac, 0x07, 0xac, 0x28, 0xa3, 0xe5, 0xa3, 0xe6,
  0xab, 0xe6, 0xb4, 0x48, 0xa3, 0xe7, 0x8b, 0x65, 0x82, 0xe5, 0x72, 0xa4,
  0x72, 0x84, 0x72, 0x85, 0x82, 0xc4, 0xa4, 0x09, 0x93, 0xa6, 0x72, 0xe3,
  0x5a, 0x43, 0x4a, 0x03, 0x51, 0xc3, 0x52, 0x04, 0x49, 0xe4, 0x4a, 0x04,
  0x51, 0xe4, 0x52, 0x25, 0x5a, 0x64, 0x62, 0xa6, 0x62, 0xa5, 0x62, 0xe6,
  0xc4, 0xaa, 0xbc, 0x48, 0xbb, 0xe7, 0xbb, 0xc6, 0xb3, 0x46, 0xb3, 0x05,
  0xb3, 0x27, 0xaa, 0xe5, 0xa2, 0xc5, 0xaa, 0xe5, 0xa3, 0x06, 0xa2, 0xc5,
  0x9a, 0xa6, 0x9a, 0x44, 0x8a, 0x45, 0x82, 0x04, 0x79, 0xe4, 0x81, 0xe4,
  0x79, 0xc4, 0x81, 0xc3, 0x7a, 0x25, 0xab, 0xaa, 0x93, 0x27, 0x8a, 0xc5,
  0x7a, 0x85, 0x82, 0x65, 0x82, 0x25, 0x79, 0xc3, 0x92, 0x25, 0xa2, 0x66,
  0xa2, 0x85, 0xa2, 0x44, 0x92, 0x85, 0x92, 0x03, 0x92, 0xa5, 0xa3, 0x07,
  0x7a, 0x25, 0x69, 0x82, 0x61, 0xa4, 0x69, 0xa4, 0x69, 0xa4, 0x69, 0x84,
  0x79, 0x84, 0x81, 0xa4, 0x91, 0x84, 0x99, 0x84, 0x99, 0xc5, 0xa9, 0xe5,
  0xaa, 0x65, 0xba, 0xc6, 0xb3, 0x25, 0xcb, 0x86, 0xcb, 0xc6, 0xcb, 0x85,
  0xc3, 0x25, 0xc3, 0x05, 0xc3, 0x25, 0xc3, 0x05, 0xc3, 0x86, 0xcb, 0xc7,
  0xd4, 0x48, 0xd4, 0x28, 0xcb, 0xe7, 0xcb, 0xc7, 0xc3, 0xa6, 0xcb, 0xa6,
  0xc3, 0xe6, 0xdc, 0x48, 0xdc, 0xa9, 0xdc, 0x88, 0xd4, 0x47, 0xdc, 0x68,
  0xe4, 0xea, 0xec, 0xe9, 0xed, 0x6a, 0xf5, 0x8a, 0xf5, 0xcb, 0xf5, 0xab,
  0xf5, 0xcc, 0xf5, 0xab, 0xed, 0xac, 0xf5, 0x8c, 0xed, 0xcd, 0xf5, 0xcd,
  0xed, 0xcc, 0xf5, 0xcc, 0xf5, 0xcc, 0xfd, 0xec, 0xf6, 0x0d, 0xf5, 0xec,
  0xf6, 0x0c, 0xf5, 0xec, 0xd5, 0x0a, 0xbc, 0x47, 0xc4, 0x68, 0xbc, 0x27,
  0xc4, 0x87, 0xd4, 0xe8, 0xcd, 0x29, 0xbc, 0x86, 0xbc, 0xe8, 0xc5, 0x09,
  0xc5, 0x4a, 0xcd, 0x6a, 0xd5, 0x8a, 0xcd, 0x29, 0xcd, 0x08, 0xd5, 0x08,
  0xdd, 0x6a, 0xdd, 0x49, 0xcc, 0xe9, 0xd5, 0x09, 0xf6, 0x2f, 0xfe, 0x4f,
  0xfe, 0x6f, 0xfe, 0x4f, 0xfe, 0x6f, 0xfe, 0x4e, 0xfe, 0x70, 0xfe, 0x4f,
  0xf6, 0x2e, 0xfe, 0x2d, 0xfe, 0x4e, 0xfe, 0x2d, 0xfe, 0x4f, 0xfe, 0x4e,
  0xf6, 0x90, 0xf6, 0x2e, 0xe5, 0x4e, 0xdc, 0xed, 0xbc, 0x29, 0xb3, 0xe7,
  0xb4, 0x27, 0xb3, 0xe6, 0x83, 0x26, 0x7a, 0xa3, 0x8b, 0x26, 0x9b, 0x87,
  0xb4, 0x27, 0xb3, 0xe6, 0x9b, 0x66, 0x9b, 0x24, 0x8b, 0x06, 0x7a, 0x64,
  0x83, 0x06, 0x8b, 0x26, 0x7a, 0xa5, 0x82, 0xc5, 0x9b, 0xc7, 0xac, 0x08,
  0xbc, 0xa8, 0xc4, 0xc8, 0x93, 0xa7, 0x7a, 0xa3, 0x9b, 0xc8, 0x8b, 0x25,
  0x5a, 0x03, 0x6a, 0x24, 0x62, 0x45, 0x72, 0xa6, 0x83, 0x46, 0x9b, 0xa7,
  0xb4, 0x68, 0xc4, 0xc9, 0xc4, 0xca, 0xc4, 0xc9, 0xbc, 0xea, 0xbc, 0xaa,
  0xac, 0xc9, 0xac, 0x88, 0xac, 0x69, 0xa4, 0x07, 0x9b, 0xe8, 0xa4, 0x08,
  0x8c, 0x48, 0x94, 0x69, 0xb4, 0xca, 0xcd, 0x2b, 0xcd, 0x6a, 0xd5, 0x6a,
  0xcd, 0x2a, 0xcc, 0xe8, 0xa3, 0xc6, 0xab, 0xc6, 0xa4, 0x28, 0x9b, 0xa6,
  0x93, 0x66, 0x82, 0xa3, 0x6a, 0x84, 0x8b, 0x47, 0xa3, 0xc7, 0xb4, 0x48,
  0x93, 0x87, 0x72, 0x82, 0x62, 0x65, 0x49, 0x81, 0x62, 0x04, 0x82, 0xe8,
  0x93, 0x26, 0xa3, 0x66, 0x93, 0x65, 0xa3, 0xa6, 0xb4, 0x08, 0xb3, 0xc7,
  0xb3, 0xc7, 0xab, 0x65, 0x7b, 0x47, 0x5a, 0x42, 0x39, 0xe4, 0x5a, 0xa7,
  0x9b, 0x67, 0xa3, 0xa8, 0xac, 0x27, 0xac, 0x27, 0xac, 0x26, 0xb4, 0x26,
  0xb4, 0x47, 0xab, 0xe5, 0x8b, 0x26, 0x7a, 0xa3, 0x6a, 0x65, 0x62, 0x03,
  0x62, 0x24, 0x7a, 0xc6, 0xa4, 0x08, 0xa3, 0xc7, 0x73, 0x04, 0x6a, 0x61,
  0x4a, 0x04, 0x49, 0xe3, 0x49, 0xe4, 0x51, 0xe4, 0x41, 0xe4, 0x49, 0xe4,
  0x4a, 0x24, 0x5a, 0x45, 0x5a, 0x85, 0x62, 0xc6, 0x5a, 0xa6, 0x6a, 0xc6,
  0xc4, 0x68, 0xbc, 0x48, 0xc3, 0xe6, 0xbb, 0xe7, 0xbb, 0x46, 0xab, 0x05,
  0xaa, 0xe5, 0xa2, 0xe5, 0xa2, 0xc4, 0x9a, 0xa5, 0xaa, 0xe5, 0xa2, 0xc5,
  0x9a, 0x65, 0x9a, 0x65, 0x92, 0x44, 0x82, 0x04, 0x81, 0xe3, 0x79, 0xe4,
  0x79, 0xc4, 0x71, 0xa4, 0x7a, 0x04, 0xa3, 0x8a, 0x92, 0xe6, 0x82, 0xa5,
  0x82, 0x64, 0x7a, 0x64, 0x81, 0xe4, 0x7a, 0x04, 0x92, 0x04, 0x9a, 0x86,
  0xaa, 0xa5, 0xaa, 0xa6, 0x92, 0x24, 0x8a, 0x03, 0x8a, 0x44, 0x92, 0xc6,
  0x92, 0xc6, 0x72, 0x03, 0x69, 0x83, 0x69, 0xa3, 0x71, 0x83, 0x71, 0xa4,
  0x89, 0x84, 0x89, 0xa4, 0x99, 0xc3, 0x9a, 0x05, 0xa2, 0x04, 0xa2, 0x25,
  0xb2, 0xa4, 0xbb, 0x47, 0xc3, 0x65, 0xc3, 0xa7, 0xcb, 0xc6, 0xc3, 0xa5,
  0xc3, 0x04, 0xbb, 0x25, 0xbb, 0x24, 0xc3, 0x66, 0xd4, 0x07, 0xd4, 0x28,
  0xd4, 0x07, 0xc3, 0xc6, 0xcb, 0x86, 0xc3, 0xa6, 0xc3, 0x85, 0xc3, 0x86,
  0xd4, 0x06, 0xdc, 0x89, 0xdc, 0x67, 0xd4, 0x27, 0xe4, 0xa8, 0xed, 0x0a,
  0xed, 0x09, 0xed, 0x4a, 0xf5, 0x69, 0xf5, 0x8a, 0xf5, 0xaa, 0xf5, 0xeb,
  0xf5, 0xaa, 0xed, 0xaa, 0xf5, 0xab, 0xf5, 0xcc, 0xf5, 0xcc, 0xf5, 0xcd,
  0xf5, 0xcc, 0xf5, 0xec, 0xf5, 0xcb, 0xf6, 0x0d, 0xfe, 0x0c, 0xf6, 0x0d,
  0xfd, 0xec, 0xf5, 0xec, 0xdd, 0x2a, 0xbc, 0x67, 0xc4, 0x67, 0xbc, 0x47,
  0xc4, 0x86, 0xc4, 0x87, 0xd5, 0x08, 0xc4, 0xc7, 0xbc, 0xa7, 0xc5, 0x29,
  0xcd, 0x69, 0xcd, 0x8a, 0xd5, 0x49, 0xcd, 0x4a, 0xd5, 0x08, 0xcd, 0x28,
  0xdd, 0x49, 0xe5, 0xca, 0xe5, 0x6a, 0xcc, 0xe8, 0xed, 0xcc, 0xfe, 0x4f,
  0xfe, 0x6f, 0xfe, 0x6f, 0xfe, 0x6e, 0xf6, 0x4e, 0xfe, 0x6e, 0xfe, 0x8f,
  0xfe, 0x4e, 0xfe, 0x6e, 0xfe, 0x0d, 0xfe, 0x4e, 0xfe, 0x4e, 0xfe, 0x6f,
  0xfe, 0x6f, 0xfe, 0x6f, 0xed, 0x8e, 0xd4, 0xec, 0xbc, 0x07, 0xbc, 0x28,
  0xbc, 0x47, 0xac, 0x06, 0x8b, 0x25, 0x7a, 0xa3, 0x93, 0x25, 0xa3, 0xe8,
  0xc4, 0x67, 0xb4, 0x06, 0x9b, 0x24, 0x93, 0x24, 0x8a, 0xe5, 0x82, 0xa4,
  0x93, 0x46, 0x8b, 0x26, 0x82, 0xc5, 0x8b, 0x46, 0x93, 0x85, 0xa4, 0x28,
  0xc4, 0xa7, 0xc4, 0xe8, 0x9b, 0x65, 0x83, 0x04, 0xa3, 0xe8, 0x83, 0x25,
  0x61, 0xe3, 0x62, 0x24, 0x62, 0x24, 0x72, 0xe7, 0x93, 0x25, 0x9b, 0xa7,
  0xc4, 0xa9, 0xbc, 0xa9, 0xb4, 0xea, 0x9c, 0x28, 0x73, 0xa7, 0x7c, 0x29,
  0x74, 0x08, 0x5b, 0x66, 0x52, 0x64, 0x42, 0x44, 0x5a, 0xa5, 0x73, 0xa9,
  0x84, 0x69, 0x63, 0xa7, 0x73, 0x47, 0x73, 0x88, 0x83, 0xa7, 0x94, 0x6a,
  0xac, 0x89, 0xac, 0xaa, 0x9b, 0xa6, 0x9b, 0xe7, 0xb4, 0x49, 0xa3, 0xe8,
  0x9b, 0x86, 0x7a, 0xc4, 0x72, 0x84, 0x83, 0x27, 0xa3, 0xa6, 0xa4, 0x08,
  0x8b, 0x25, 0x6a, 0x62, 0x62, 0x45, 0x49, 0xa2, 0x72, 0x24, 0x93, 0x49,
  0xb3, 0xe8, 0xa3, 0x86, 0xa3, 0x65, 0xab, 0xe8, 0xcc, 0x48, 0xbc, 0x48,
  0xb3, 0xe7, 0x9b, 0x65, 0x63, 0x27, 0x4a, 0x64, 0x52, 0x04, 0x73, 0x49,
  0xab, 0xc7, 0xa3, 0xc7, 0xb4, 0x06, 0xb4, 0x67, 0xbc, 0x66, 0xac, 0x05,
  0xa3, 0xa5, 0x93, 0x44, 0x7a, 0xa4, 0x6a, 0x43, 0x62, 0x24, 0x51, 0xc2,
  0x72, 0x64, 0xa4, 0x2b, 0xb4, 0x27, 0x93, 0x64, 0x62, 0x63, 0x52, 0x22,
  0x52, 0x04, 0x4a, 0x04, 0x51, 0xe4, 0x4a, 0x04, 0x52, 0x25, 0x52, 0x25,
  0x52, 0x24, 0x52, 0x65, 0x62, 0x84, 0x62, 0xa5, 0x6a, 0xc5, 0x62, 0xc6,
  0xc4, 0x88, 0xbc, 0x27, 0xc4, 0x28, 0xc3, 0xe7, 0xab, 0x46, 0xab, 0x05,
  0x9a, 0xc5, 0xa2, 0xc5, 0xa2, 0xe6, 0x9a, 0x64, 0xa2, 0xc6, 0xa2, 0xa5,
  0x9a, 0xa6, 0x9a, 0x44, 0x8a, 0x25, 0x81, 0xe4, 0x79, 0xe4, 0x79, 0xa3,
  0x71, 0xc5, 0x79, 0xa4, 0x69, 0xe4, 0xab, 0x8a, 0x8a, 0xe6, 0x82, 0x64,
  0x72, 0x25, 0x72, 0x04, 0x79, 0xc4, 0x81, 0xe4, 0x81, 0xe4, 0x92, 0x25,
  0x9a, 0x65, 0x9a, 0x04, 0x81, 0xe4, 0x89, 0xe4, 0x82, 0x45, 0x8a, 0x45,
  0x8a, 0x85, 0x92, 0x85, 0x82, 0x25, 0x81, 0xe4, 0x79, 0xc4, 0x81, 0xa4,
  0x89, 0xc5, 0x89, 0xa4, 0x91, 0xc4, 0xa2, 0x25, 0xaa, 0x86, 0xba, 0xa6,
  0xc3, 0x67, 0xcb, 0x67, 0xbb, 0x46, 0xc3, 0x46, 0xbb, 0x46, 0xbb, 0x04,
  0xbb, 0x26, 0xcb, 0x87, 0xc3, 0xc7, 0xc3, 0xa7, 0xc4, 0x08, 0xc3, 0xc7,
  0xcb, 0xe7, 0xc3, 0x86, 0xc3, 0x86, 0xc3, 0x66, 0xbb, 0x45, 0xcb, 0xa7,
  0xcc, 0x28, 0xd4, 0x28, 0xcb, 0xe6, 0xdc, 0x27, 0xe4, 0xc9, 0xed, 0x0a,
  0xed, 0x4a, 0xed, 0x4a, 0xed, 0x8b, 0xf5, 0x8a, 0xf5, 0xcb, 0xf5, 0xcb,
  0xf5, 0xec, 0xf5, 0xab, 0xed, 0xac, 0xf5, 0xcc, 0xf5, 0xed, 0xf5, 0xac,
  0xed, 0xcc, 0xfd, 0xed, 0xf6, 0x0d, 0xfd, 0xec, 0xf6, 0x0d, 0xfe, 0x0d,
  0xed, 0xec, 0xfe, 0x0d, 0xd5, 0x2b, 0xc4, 0x88, 0xbc, 0x48, 0xbc, 0x07,
  0xbc, 0x47, 0xc4, 0x67, 0xc4, 0xe9, 0xcd, 0x09, 0xb4, 0xc8, 0xbc, 0xc8,
  0xcd, 0x6b, 0xd5, 0x6b, 0xc5, 0x29, 0xd5, 0x4a, 0xcd, 0x49, 0xd5, 0x29,
  0xd5, 0x49, 0xdd, 0x6a, 0xdd, 0x6b, 0xd4, 0xe8, 0xd5, 0x4b, 0xfe, 0x4e,
  0xf6, 0x70, 0xfe, 0x70, 0xf6, 0x6e, 0xf6, 0x2d, 0xfe, 0x6f, 0xfe, 0x6e,
  0xfe, 0x6f, 0xfe, 0x4e, 0xf6, 0x2e, 0xfe, 0x4e, 0xf6, 0x4f, 0xfe, 0x4f,
  0xfe, 0x8f, 0xf6, 0x4e, 0xf5, 0xf0, 0xd4, 0xeb, 0xbc, 0x48, 0xbc, 0x27,
  0xb4, 0x47, 0xb4, 0x06, 0x83, 0x05, 0x7a, 0xa4, 0x93, 0x66, 0xa3, 0xc8,
  0xbc, 0x68, 0xb3, 0xe5, 0x93, 0x45, 0x93, 0x45, 0x82, 0xc5, 0x93, 0x26,
  0x9b, 0x88, 0x93, 0x26, 0x8b, 0x46, 0x93, 0x67, 0x93, 0xa6, 0xa4, 0x07,
  0xbc, 0xa8, 0xc4, 0xc8, 0x9b, 0xa6, 0x8b, 0x24, 0xa4, 0x09, 0x8b, 0x04,
  0x62, 0x24, 0x6a, 0x24, 0x62, 0x64, 0x7a, 0xe6, 0x83, 0x46, 0xa4, 0x08,
  0xa4, 0xcb, 0xb5, 0x0c, 0xa5, 0x4e, 0x4a, 0x62, 0x3a, 0x85, 0x63, 0x88,
  0x53, 0x28, 0x31, 0xe3, 0x31, 0xe6, 0x42, 0x06, 0x3a, 0x06, 0x52, 0x88,
  0x53, 0x08, 0x31, 0xe3, 0x29, 0x63, 0x31, 0x83, 0x4a, 0xa7, 0x7c, 0x0c,
  0x74, 0x0a, 0x7c, 0x0a, 0x6b, 0xc8, 0x6b, 0xa7, 0x7b, 0x87, 0x83, 0x87,
  0x83, 0x26, 0x72, 0x84, 0x6a, 0x85, 0x83, 0x07, 0x9b, 0x87, 0xa3, 0xa7,
  0x7a, 0xc5, 0x72, 0x43, 0x5a, 0x05, 0x51, 0xa3, 0x6a, 0x45, 0x9b, 0x89,
  0xb4, 0x08, 0xa3, 0x65, 0xa3, 0xa7, 0xc4, 0x69, 0xc4, 0xa9, 0xc4, 0x48,
  0x83, 0x66, 0x72, 0xa3, 0x3a, 0xa7, 0x29, 0xc3, 0x6a, 0xa6, 0x93, 0xeb,
  0xb4, 0x48, 0xbc, 0x48, 0xbc, 0x88, 0xbc, 0x67, 0xb4, 0x27, 0xa3, 0x63,
  0x8b, 0x25, 0x8a, 0xc3, 0x72, 0xa5, 0x72, 0x84, 0x5a, 0x24, 0x59, 0xe3,
  0x93, 0xa8, 0xa3, 0xe8, 0x93, 0xc6, 0x7a, 0xc2, 0x4a, 0x04, 0x49, 0xe3,
  0x49, 0xe4, 0x51, 0xe4, 0x4a, 0x04, 0x52, 0x04, 0x52, 0x66, 0x52, 0x45,
  0x52, 0x65, 0x5a, 0x65, 0x62, 0xc6, 0x62, 0xa5, 0x62, 0xc6, 0x6a, 0xe6,
  0xcc, 0x88, 0xc4, 0x47, 0xc3, 0xa6, 0xbb, 0xa6, 0xab, 0x05, 0xa3, 0x05,
  0xa2, 0xe5, 0xa2, 0xe5, 0xaa, 0xe5, 0x9a, 0xa5, 0xa2, 0xa5, 0xa2, 0xa5,
  0xa2, 0x85, 0x9a, 0x44, 0x89, 0xe3, 0x81, 0xe4, 0x79, 0xc3, 0x71, 0x83,
  0x79, 0xc4, 0x71, 0xc4, 0x71, 0xe3, 0x9b, 0x49, 0x9b, 0x06, 0x7a, 0x43,
  0x71, 0xe4, 0x71, 0xe4, 0x81, 0xc4, 0x79, 0xe5, 0x81, 0xa3, 0x8a, 0x04,
  0x92, 0x04, 0x89, 0xe4, 0x81, 0xe3, 0x81, 0xe4, 0x8a, 0x04, 0x8a, 0x25,
  0x9a, 0x85, 0x92, 0x85, 0xa2, 0xa6, 0x9a, 0xc6, 0x92, 0x24, 0x8a, 0x04,
  0x91, 0xe3, 0x81, 0xc3, 0x99, 0xc3, 0xa2, 0x45, 0xaa, 0x84, 0xb3, 0x06,
  0xbb, 0x46, 0xb3, 0x25, 0xaa, 0xe4, 0xb3, 0x46, 0xbb, 0x45, 0xb3, 0x66,
  0xc3, 0x86, 0xc3, 0xc8, 0xbb, 0xc6, 0xbb, 0xc7, 0xc3, 0xa6, 0xbb, 0x86,
  0xc3, 0x45, 0xbb, 0x45, 0xc3, 0x45, 0xc3, 0x86, 0xcb, 0xc6, 0xcb, 0xe7,
  0xcb, 0xa6, 0xd4, 0x07, 0xd4, 0x07, 0xe4, 0xa9, 0xec, 0xe9, 0xed, 0x4a,
  0xf5, 0x6a, 0xed, 0x8a, 0xf5, 0x8a, 0xf5, 0xab, 0xf5, 0xcb, 0xf5, 0xcb,
  0xfd, 0xcb, 0xf5, 0xcb, 0xf5, 0xab, 0xf5, 0xec, 0xfd, 0xcb, 0xf5, 0xcc,
  0xf5, 0xcc, 0xf6, 0x0d, 0xfe, 0x2d, 0xf6, 0x0c, 0xfe, 0x0c, 0xf6, 0x0c,
  0xfd, 0xec, 0xfe, 0x2d, 0xdd, 0x4a, 0xc4, 0x88, 0xbc, 0x27, 0xb4, 0x27,
  0xbc, 0x26, 0xc4, 0xa8, 0xcc, 0xe8, 0xcd, 0x29, 0xc4, 0xe8, 0xbc, 0xe8,
  0xcd, 0x29, 0xc5, 0x4a, 0xd5, 0x49, 0xd5, 0x6a, 0xd5, 0x69, 0xcd, 0x69,
  0xd5, 0x49, 0xd5, 0x6a, 0xe5, 0x6a, 0xdd, 0x4a, 0xd4, 0xe9, 0xf6, 0x0e,
  0xfe, 0x6f, 0xf6, 0x70, 0xfe, 0x6e, 0xf6, 0x6f, 0xfe, 0x8e, 0xfe, 0x8f,
  0xfe, 0x4e, 0xf6, 0x6f, 0xfe, 0x6e, 0xfe, 0x6f, 0xfe, 0x8f, 0xfe, 0x8f,
  0xfe, 0x6e, 0xf6, 0x4d, 0xf5, 0xee, 0xd5, 0x0b, 0xc4, 0x27, 0xbc, 0x48,
  0xc4, 0x67, 0xb4, 0x26, 0x8b, 0x25, 0x7a, 0xc4, 0x93, 0x25, 0xa4, 0x08,
  0xbc, 0x46, 0xab, 0xe5, 0x9b, 0x65, 0x93, 0x45, 0x8a, 0xa4, 0x9b, 0x67,
  0xa3, 0xc7, 0x9b, 0x86, 0x93, 0x66, 0x9b, 0xc7, 0xa3, 0xe6, 0xac, 0x68,
  0xc4, 0xa8, 0xc4, 0xe9, 0x9b, 0xa5, 0x8b, 0x44, 0xa3, 0xc7, 0x7a, 0xc3,
  0x62, 0x03, 0x62, 0x23, 0x6a, 0x84, 0x73, 0x27, 0x83, 0xa8, 0x73, 0x67,
  0x5a, 0xe6, 0x4a, 0xa5, 0x63, 0x68, 0x6b, 0xca, 0x6b, 0xc9, 0x3a, 0x64,
  0x29, 0x82, 0x29, 0xc4, 0x39, 0xa5, 0x31, 0x85, 0x31, 0x44, 0x31, 0x64,
  0x39, 0xe4, 0x52, 0xa7, 0x42, 0x25, 0x5b, 0x09, 0x63, 0x68, 0x5b, 0x48,
  0x5b, 0x66, 0x8c, 0xec, 0x74, 0x69, 0x64, 0x29, 0x5b, 0x26, 0x4a, 0xe5,
  0x5a, 0x44, 0x49, 0xe3, 0x62, 0x65, 0x6a, 0xc7, 0x93, 0x66, 0x8b, 0x46,
  0x72, 0x84, 0x6a, 0x43, 0x59, 0xc3, 0x59, 0xe4, 0x7a, 0x65, 0x9b, 0xaa,
  0xab, 0xa6, 0x9b, 0x45, 0xcc, 0x48, 0xdd, 0x2b, 0xcc, 0xa9, 0xab, 0xe6,
  0x62, 0x84, 0x5a, 0x84, 0x3a, 0x04, 0x3a, 0x24, 0x93, 0x67, 0xac, 0x8b,
  0xc4, 0x87, 0xc4, 0xa8, 0xc4, 0xa8, 0xb4, 0x67, 0xa3, 0xc6, 0x8b, 0x44,
  0x8a, 0xe4, 0x8b, 0x46, 0x83, 0x26, 0x72, 0xc4, 0x61, 0xe2, 0x83, 0x27,
  0xb4, 0x68, 0x9b, 0xe7, 0x83, 0x45, 0x62, 0x41, 0x51, 0xe3, 0x49, 0xe4,
  0x51, 0xe3, 0x49, 0xe4, 0x52, 0x24, 0x5a, 0x86, 0x62, 0x85, 0x5a, 0xa5,
  0x6a, 0xc6, 0x62, 0xc6, 0x6a, 0xc5, 0x6b, 0x06, 0x73, 0x06, 0x73, 0x47,
  0xc4, 0x48, 0xc4, 0x06, 0xb3, 0x86, 0xb3, 0x65, 0xa2, 0xe5, 0xaa, 0xe5,
  0xa3, 0x06, 0xa2, 0xc5, 0xa2, 0xe6, 0x9a, 0xa5, 0xa2, 0xa5, 0x9a, 0x64,
  0x9a, 0x85, 0x9a, 0x44, 0x82, 0x04, 0x81, 0xc3, 0x79, 0xc4, 0x71, 0x83,
  0x71, 0xa4, 0x71, 0xa4, 0x69, 0xc3, 0x9a, 0xe8, 0x9b, 0x48, 0x82, 0x64,
  0x69, 0xe4, 0x71, 0xe4, 0x79, 0xe5, 0x81, 0xc4, 0x79, 0xc4, 0x81, 0xc4,
  0x89, 0xe4, 0x81, 0xa3, 0x79, 0xa4, 0x81, 0xc4, 0x8a, 0x05, 0x92, 0x45,
  0x9a, 0x86, 0xaa, 0xc6, 0x9a, 0x85, 0x89, 0xe3, 0x82, 0x03, 0x92, 0x44,
  0x92, 0x45, 0x92, 0x04, 0x92, 0x45, 0xb2, 0xe7, 0xbb, 0xa8, 0xcc, 0x0a,
  0xcc, 0x6a, 0xd4, 0xcb, 0xd4, 0xeb, 0xd4, 0xca, 0xcc, 0xca, 0xcc, 0x89,
  0xc4, 0x49, 0xc4, 0x28, 0xc4, 0x69, 0xc4, 0x28, 0xbb, 0xa7, 0xab, 0x04,
  0xb2, 0xe5, 0xbb, 0x05, 0xc3, 0x66, 0xcb, 0xa7, 0xcb, 0xa6, 0xc3, 0x65,
  0xcb, 0xa7, 0xdc, 0x08, 0xdc, 0xa9, 0xec, 0xea, 0xed, 0x4b, 0xed, 0x2a,
  0xed, 0x6b, 0xf5, 0x6a, 0xed, 0xab, 0xf5, 0x8a, 0xf5, 0xcc, 0xf5, 0xab,
  0xf5, 0xab, 0xf5, 0x8a, 0xf5, 0xcb, 0xf5, 0xcb, 0xed, 0xcb, 0xf5, 0xcb,
  0xf5, 0xec, 0xfe, 0x0c, 0xf6, 0x2d, 0xfe, 0x0c, 0xfe, 0x2d, 0xfe, 0x0c,
  0xf6, 0x0d, 0xfe, 0x0d, 0xd5, 0x2a, 0xc4, 0x67, 0xb4, 0x27, 0xbc, 0x47,
  0xb4, 0x47, 0xc4, 0x87, 0xc4, 0xe8, 0xd5, 0x29, 0xc5, 0x29, 0xbc, 0xc8,
  0xbd, 0x09, 0xc5, 0x09, 0xcd, 0x6a, 0xd5, 0x4a, 0xcd, 0x4a, 0xcd, 0x49,
  0xcd, 0x2a, 0xdd, 0x6a, 0xe5, 0x8c, 0xe5, 0x6b, 0xd5, 0x0a, 0xdd, 0x4b,
  0xf6, 0x70, 0xfe, 0x70, 0xfe, 0x90, 0xf6, 0x4f, 0xf6, 0x70, 0xfe, 0x6f,
  0xf6, 0x70, 0xfe, 0x90, 0xfe, 0x8f, 0xfe, 0x4e, 0xfe, 0x8f, 0xfe, 0x8f,
  0xf6, 0x4e, 0xf6, 0x2d, 0xed, 0xef, 0xdd, 0x0b, 0xbc, 0x48, 0xc4, 0x28,
  0xb4, 0x47, 0xb4, 0x06, 0x83, 0x05, 0x82, 0xe4, 0x8b, 0x66, 0xab, 0xe8,
  0xbc, 0x67, 0xb3, 0xe5, 0x9b, 0x66, 0x9b, 0x25, 0x82, 0xc4, 0xa3, 0x87,
  0xa3, 0xe8, 0xa3, 0xc7, 0x93, 0xa6, 0x9b, 0xa6, 0xac, 0x68, 0xac, 0x47,
  0xbc, 0xa9, 0xc4, 0xc9, 0x93, 0x86, 0x93, 0x45, 0x9b, 0xc8, 0x72, 0x83,
  0x5a, 0x24, 0x62, 0x24, 0x62, 0xa7, 0x62, 0xa6, 0x4a, 0x25, 0x29, 0x41,
  0x29, 0x44, 0x29, 0x23, 0x21, 0x83, 0x6b, 0x6b, 0x6c, 0x0a, 0x42, 0x84,
  0x32, 0x06, 0x3a, 0x06, 0x29, 0x85, 0x29, 0x44, 0x31, 0x64, 0x31, 0x44,
  0x29, 0x63, 0x52, 0x67, 0x6b, 0xec, 0x3a, 0x25, 0x31, 0xe5, 0x3a, 0x05,
  0x31, 0xa4, 0x5a, 0x87, 0x52, 0xc7, 0x52, 0xa6, 0x53, 0x28, 0x52, 0xe6,
  0x3a, 0x25, 0x39, 0xe4, 0x52, 0xc7, 0x63, 0x29, 0x6b, 0x06, 0x6a, 0xe5,
  0x5a, 0x44, 0x62, 0x23, 0x51, 0xc4, 0x59, 0xe4, 0x7a, 0x66, 0x8a, 0xe7,
  0x9b, 0x46, 0xbc, 0x08, 0xdd, 0x2b, 0xd4, 0xa8, 0x9b, 0xc7, 0x82, 0xc2,
  0x5a, 0xe6, 0x7b, 0xa9, 0x62, 0xc6, 0x6a, 0xe6, 0xb4, 0x69, 0xc4, 0x89,
  0xc4, 0xa7, 0xc4, 0x87, 0xac, 0x67, 0x9b, 0xa4, 0x83, 0x25, 0x82, 0xc4,
  0x83, 0x46, 0x8b, 0x46, 0x7b, 0x06, 0x62, 0x22, 0x62, 0x23, 0xac, 0x2b,
  0xac, 0x68, 0xa3, 0xc5, 0x6a, 0xc5, 0x5a, 0x01, 0x52, 0x04, 0x51, 0xe4,
  0x52, 0x04, 0x52, 0x04, 0x5a, 0x65, 0x62, 0x86, 0x62, 0xc6, 0x6a, 0xe6,
  0x62, 0xc5, 0x6a, 0xc5, 0x6b, 0x26, 0x7b, 0x47, 0x73, 0x68, 0x6a, 0xe6,
  0xcc, 0x47, 0xbc, 0x06, 0xbb, 0x86, 0xab, 0x25, 0xa2, 0xc5, 0xa3, 0x06,
  0xab, 0x05, 0xa2, 0xe5, 0xaa, 0xe5, 0xab, 0x26, 0xaa, 0xa5, 0xa2, 0xa5,
  0xa2, 0x64, 0x9a, 0x44, 0x8a, 0x04, 0x79, 0xc3, 0x79, 0xc3, 0x71, 0xa4,
  0x71, 0x63, 0x69, 0x84, 0x71, 0xa3, 0x92, 0xc8, 0xab, 0x48, 0x92, 0xc6,
  0x7a, 0x24, 0x72, 0x04, 0x81, 0xc4, 0x82, 0x05, 0x91, 0xc3, 0x89, 0xe4,
  0x91, 0xe3, 0x92, 0x04, 0x8a, 0x04, 0x8a, 0x04, 0x92, 0x24, 0x9a, 0xa6,
  0xaa, 0xc5, 0xa2, 0xc5, 0xa2, 0x84, 0xa2, 0x85, 0xa2, 0x84, 0xaa, 0xe6,
  0xab, 0x26, 0xb3, 0x67, 0xcc, 0x8a, 0xd5, 0x2d, 0xdd, 0x8d, 0xdd, 0xae,
  0xe5, 0xce, 0xe5, 0xee, 0xed, 0xcc, 0xe5, 0xcd, 0xed, 0xcd, 0xe5, 0xcd,
  0xed, 0xcd, 0xe5, 0xad, 0xe5, 0xac, 0xdd, 0x6c, 0xd4, 0xa9, 0xc4, 0x48,
  0xcb, 0xc6, 0xc3, 0xc6, 0xd3, 0xc6, 0xd3, 0xc7, 0xd3, 0xc6, 0xd3, 0xe7,
  0xdc, 0x27, 0xdc, 0x68, 0xec, 0xe9, 0xed, 0x2a, 0xf5, 0x49, 0xed, 0x4a,
  0xed, 0x49, 0xf5, 0x8a, 0xf5, 0x8b, 0xf5, 0xab, 0xf5, 0xab, 0xf5, 0xcc,
  0xf5, 0xab, 0xf5, 0xcb, 0xfd, 0xcb, 0xed, 0xab, 0xf5, 0xcb, 0xf6, 0x0d,
  0xfd, 0xec, 0xfe, 0x0d, 0xfe, 0x2d, 0xfe, 0x4d, 0xfe, 0x2c, 0xf6, 0x0c,
  0xfd, 0xec, 0xfe, 0x0d, 0xd4, 0xe8, 0xc4, 0x87, 0xbc, 0x47, 0xbc, 0x67,
  0xc4, 0xa8, 0xc4, 0xc8, 0xc4, 0xc8, 0xd5, 0x6a, 0xcd, 0x29, 0xc5, 0x09,
  0xc4, 0xe8, 0xc5, 0x09, 0xcd, 0x29, 0xcd, 0x49, 0xd5, 0x49, 0xcd, 0x69,
  0xd5, 0x49, 0xd5, 0x69, 0xdd, 0x6a, 0xdd, 0x6a, 0xdd, 0x49, 0xcd, 0x08,
  0xfe, 0x2e, 0xfe, 0x90, 0xfe, 0x8f, 0xf6, 0x6f, 0xfe, 0x90, 0xfe, 0x91,
  0xfe, 0x90, 0xfe, 0xb0, 0xfe, 0x8f, 0xfe, 0x8f, 0xfe, 0x6f, 0xfe, 0x8f,
  0xfe, 0x4e, 0xfe, 0x6f, 0xf6, 0x0f, 0xd5, 0x2c, 0xc4, 0x48, 0xbc, 0x49,
  0xbc, 0x67, 0xac, 0x06, 0x8b, 0x25, 0x7a, 0xe4, 0x9b, 0x66, 0xac, 0x08,
  0xc4, 0x88, 0xb4, 0x47, 0xa3, 0x86, 0x8b, 0x04, 0x93, 0x45, 0xa4, 0x08,
  0xa3, 0xc7, 0x9b, 0xa6, 0x9b, 0x85, 0xac, 0x48, 0xbc, 0xa7, 0xb4, 0xa7,
  0xc4, 0xa7, 0xc4, 0xc8, 0x93, 0x44, 0x9b, 0x86, 0xa3, 0xe8, 0x7a, 0xc3,
  0x62, 0x44, 0x62, 0x85, 0x52, 0x26, 0x31, 0x42, 0x31, 0x84, 0x42, 0x27,
  0x42, 0x26, 0x3a, 0x26, 0x42, 0x86, 0x63, 0x8b, 0x5b, 0x68, 0x63, 0xea,
  0x74, 0x0a, 0x4a, 0xc6, 0x39, 0xc4, 0x31, 0xc4, 0x41, 0xa4, 0x31, 0x84,
  0x29, 0x63, 0x52, 0xa8, 0x63, 0x89, 0x29, 0xc2, 0x39, 0xc5, 0x31, 0xe5,
  0x31, 0x63, 0x31, 0x83, 0x31, 0x63, 0x31, 0x84, 0x31, 0x83, 0x5a, 0xc8,
  0x62, 0xe8, 0x31, 0xa3, 0x39, 0xc4, 0x52, 0xc8, 0x63, 0x07, 0x52, 0xc6,
  0x5a, 0xa5, 0x4a, 0x64, 0x51, 0xc3, 0x5a, 0x25, 0x72, 0x24, 0x8a, 0xe7,
  0xcc, 0x68, 0xdd, 0x4c, 0xd4, 0xe9, 0x9b, 0x63, 0x7b, 0x46, 0x73, 0x26,
  0x73, 0x47, 0x7b, 0x89, 0xab, 0xe7, 0xb4, 0x6a, 0xcc, 0x88, 0xc4, 0xa8,
  0xc4, 0xa7, 0xc4, 0xa7, 0xab, 0xe6, 0x8b, 0x23, 0x7a, 0xc4, 0x8b, 0x46,
  0x93, 0x65, 0x8b, 0x65, 0x62, 0x64, 0x49, 0xc2, 0x9b, 0xc7, 0xb4, 0x8a,
  0xb4, 0x47, 0x93, 0x84, 0x62, 0x63, 0x52, 0x02, 0x51, 0xe3, 0x51, 0xe4,
  0x51, 0xe4, 0x52, 0x25, 0x5a, 0x44, 0x62, 0xa6, 0x6a, 0xc5, 0x62, 0xc5,
  0x6a, 0xc5, 0x73, 0x27, 0x7b, 0x47, 0x7b, 0x88, 0x6a, 0xc5, 0x52, 0x64,
  0xc4, 0x48, 0xbb, 0xc6, 0xab, 0x66, 0xab, 0x05, 0x9a, 0xc5, 0xa2, 0xe5,
  0xa3, 0x26, 0xa3, 0x05, 0xa2, 0xe6, 0xab, 0x06, 0x9a, 0xa5, 0xa2, 0xa5,
  0xa2, 0x85, 0x92, 0x03, 0x82, 0x04, 0x81, 0xa3, 0x79, 0xc4, 0x79, 0xa3,
  0x69, 0x84, 0x71, 0x83, 0x69, 0xa4, 0x82, 0x26, 0x9b, 0x49, 0x9a, 0xe7,
  0x82, 0x65, 0x82, 0x24, 0x89, 0xe4, 0x9a, 0x25, 0x92, 0x25, 0x9a, 0x04,
  0x92, 0x25, 0x9a, 0x04, 0x92, 0x45, 0x92, 0x45, 0x9a, 0xa5, 0xaa, 0xe6,
  0xab, 0x06, 0xab, 0x06, 0xab, 0x26, 0xab, 0x26, 0xa3, 0x46, 0xbb, 0xc8,
  0xd4, 0xec, 0xe5, 0x4d, 0xe5, 0xcf, 0xed, 0xef, 0xdd, 0xef, 0xe5, 0xef,
  0xe6, 0x10, 0xee, 0x0f, 0xe5, 0xee, 0xe5, 0xcd, 0xe5, 0xee, 0xed, 0xce,
  0xe5, 0xef, 0xed, 0xef, 0xe5, 0xce, 0xe5, 0xcd, 0xe5, 0xae, 0xe5, 0x6c,
  0xdd, 0x0b, 0xdc, 0xca, 0xdc, 0x89, 0xe4, 0x89, 0xec, 0xaa, 0xe4, 0x69,
  0xe4, 0xa9, 0xec, 0xca, 0xe4, 0xe9, 0xec, 0xe9, 0xed, 0x29, 0xf5, 0x29,
  0xed, 0x6a, 0xf5, 0x6a, 0xed, 0xab, 0xf5, 0xab, 0xf5, 0xcb, 0xfd, 0xcb,
  0xf5, 0xec, 0xfd, 0xcc, 0xf6, 0x0c, 0xfd, 0xec, 0xf5, 0xec, 0xfd, 0xeb,
  0xf6, 0x0d, 0xfe, 0x0d, 0xf6, 0x4e, 0xfe, 0x2e, 0xfe, 0x4f, 0xf6, 0x0d,
  0xf5, 0xcd, 0xf5, 0xac, 0xcc, 0xa8, 0xcc, 0x88, 0xbc, 0x68, 0xbc, 0x47,
  0xbc, 0xc9, 0xc4, 0xc8, 0xcd, 0x0a, 0xcd, 0x09, 0xcd, 0x2a, 0xcd, 0x0a,
  0xc5, 0x09, 0xc4, 0xe9, 0xc5, 0x09, 0xcd, 0x29, 0xcd, 0x49, 0xd5, 0x49,
  0xcd, 0x49, 0xd5, 0x29, 0xdd, 0x6b, 0xdd, 0x6a, 0xdd, 0x6a, 0xd5, 0x08,
  0xe5, 0xac, 0xfe, 0x6f, 0xf6, 0x6f, 0xfe, 0x6e, 0xfe, 0x90, 0xfe, 0x90,
  0xf6, 0x8f, 0xfe, 0x8f, 0xfe, 0x8f, 0xfe, 0x6e, 0xfe, 0x6f, 0xfe, 0x4e,
  0xf6, 0x4e, 0xfe, 0x6e, 0xf6, 0x30, 0xd5, 0x0b, 0xbc, 0x49, 0xc4, 0x48,
  0xb4, 0x68, 0xac, 0x06, 0x8b, 0x66, 0x7a, 0xa3, 0x93, 0x46, 0xb4, 0x09,
  0xbc, 0x68, 0xb4, 0x26, 0xa3, 0xe7, 0x93, 0x24, 0x9b, 0xc7, 0xac, 0x08,
  0x9b, 0xc7, 0x8b, 0x04, 0x93, 0xa6, 0xb4, 0x89, 0xbc, 0xc8, 0xbc, 0xa7,
  0xc4, 0xe9, 0xb4, 0x67, 0x8b, 0x65, 0x9b, 0xa6, 0xa4, 0x09, 0x82, 0xc4,
  0x62, 0x65, 0x49, 0xa2, 0x29, 0x83, 0x31, 0xc4, 0x31, 0xc5, 0x42, 0x47,
  0x4a, 0xe7, 0x63, 0x48, 0x63, 0x8a, 0x52, 0xe7, 0x31, 0xe4, 0x4a, 0x86,
  0x6b, 0x28, 0x52, 0x65, 0x73, 0x48, 0x73, 0x27, 0x6b, 0x49, 0x6b, 0x28,
  0x4a, 0x87, 0x62, 0xe9, 0x63, 0x4a, 0x4a, 0x25, 0x39, 0xe5, 0x39, 0xa4,
  0x31, 0x44, 0x39, 0x43, 0x39, 0x65, 0x39, 0x64, 0x39, 0x85, 0x52, 0x07,
  0x63, 0x4a, 0x39, 0xa3, 0x29, 0xa4, 0x39, 0xe5, 0x42, 0xa6, 0x63, 0x69,
  0x5b, 0x89, 0x5b, 0x27, 0x4a, 0x65, 0x4a, 0x24, 0x82, 0xc6, 0xc4, 0x8d,
  0xe5, 0x6c, 0xe5, 0x0a, 0x93, 0xa6, 0x72, 0x81, 0x94, 0x2a, 0x7b, 0x26,
  0x52, 0x04, 0x5a, 0x03, 0xa3, 0xe8, 0xc4, 0xab, 0xc4, 0xa8, 0xc4, 0xa7,
  0xc4, 0xea, 0xbc, 0x68, 0x83, 0x05, 0x7a, 0x62, 0x8b, 0x46, 0x93, 0x66,
  0x8b, 0x87, 0x7a, 0xc4, 0x49, 0xa2, 0x72, 0xc6, 0xbc, 0xaa, 0xbc, 0x89,
  0xac, 0x47, 0x93, 0x43, 0x52, 0x24, 0x51, 0xe3, 0x49, 0xe4, 0x51, 0xc4,
  0x49, 0xe4, 0x5a, 0x24, 0x5a, 0x85, 0x62, 0xa5, 0x5a, 0xa6, 0x62, 0xa5,
  0x6a, 0xe6, 0x73, 0x06, 0x73, 0x27, 0x62, 0xa5, 0x52, 0x45, 0x52, 0x24,
  0xc4, 0x28, 0xab, 0x86, 0xab, 0x25, 0xa3, 0x05, 0xa2, 0xa4, 0xa2, 0xe5,
  0xab, 0x46, 0xa3, 0x26, 0xa2, 0xe5, 0xa2, 0xe5, 0x9a, 0x84, 0xa3, 0x06,
  0xaa, 0xa5, 0x92, 0x44, 0x8a, 0x04, 0x81, 0xc3, 0x81, 0xc3, 0x79, 0xc3,
  0x79, 0xa3, 0x71, 0xa4, 0x71, 0x84, 0x71, 0xc4, 0x92, 0xc6, 0x92, 0xe7,
  0x92, 0x85, 0x92, 0xc6, 0xaa, 0x85, 0xaa, 0xc7, 0xa2, 0x45, 0x9a, 0x45,
  0x9a, 0x04, 0x9a, 0x45, 0xa2, 0x85, 0xab, 0x07, 0xaa, 0xe5, 0xab, 0x06,
  0xb3, 0x45, 0xb3, 0x86, 0xbb, 0xc6, 0xc4, 0x28, 0xd5, 0x0b, 0xdd, 0x8d,
  0xe5, 0xce, 0xe5, 0xee, 0xe6, 0x0f, 0xe6, 0x0f, 0xe6, 0x0e, 0xe6, 0x2f,
  0xe6, 0x0f, 0xe6, 0x0f, 0xed, 0xee, 0xe6, 0x0f, 0xed, 0xef, 0xe6, 0x0f,
  0xed, 0xcf, 0xdd, 0xae, 0xe5, 0xce, 0xdd, 0xce, 0xe5, 0xcd, 0xdd, 0xcd,
  0xe5, 0xac, 0xdd, 0x8c, 0xe4, 0xe9, 0xd4, 0xa8, 0xe4, 0x88, 0xe4, 0xa8,
  0xec, 0xa8, 0xec, 0xe9, 0xec, 0xc8, 0xed, 0x09, 0xed, 0x29, 0xed, 0x4a,
  0xed, 0x49, 0xed, 0x6a, 0xed, 0x69, 0xed, 0xaa, 0xf5, 0xaa, 0xf5, 0xca,
  0xfd, 0xcb, 0xf5, 0xec, 0xfd, 0xeb, 0xf6, 0x0c, 0xfd, 0xeb, 0xfd, 0xeb,
  0xfe, 0x0c, 0xfe, 0x2c, 0xfe, 0x4e, 0xf6, 0x4e, 0xfe, 0x2e, 0xf6, 0x4e,
  0xfd, 0xed, 0xed, 0x8b, 0xc4, 0x27, 0xcc, 0x88, 0xc4, 0x88, 0xc4, 0xa9,
  0xcc, 0xa8, 0xcc, 0xe9, 0xcc, 0xe9, 0xc4, 0xc9, 0xcc, 0xe9, 0xc5, 0x0a,
  0xc4, 0xc8, 0xc4, 0xe9, 0xcd, 0x08, 0xcd, 0x09, 0xd5, 0x28, 0xcd, 0x29,
  0xd5, 0x29, 0xcd, 0x49, 0xdd, 0x6a, 0xdd, 0xab, 0xe5, 0x8a, 0xd5, 0x29,
  0xd5, 0x08, 0xf6, 0x4d, 0xfe, 0x6d, 0xfe, 0x6e, 0xfe, 0x8f, 0xfe, 0xaf,
  0xfe, 0x8e, 0xfe, 0xae, 0xfe, 0x8f, 0xfe, 0x8f, 0xfe, 0x6e, 0xf6, 0x6e,
  0xfe, 0x6d, 0xf6, 0x8e, 0xf6, 0x0e, 0xd5, 0x0a, 0xc4, 0x27, 0xc4, 0x69,
  0xc4, 0xa8, 0xac, 0x26, 0x93, 0x46, 0x7a, 0xa4, 0xa3, 0x46, 0xb4, 0x09,
  0xc4, 0x47, 0xbc, 0x47, 0xa3, 0xa5, 0x9b, 0xa6, 0xb3, 0xe7, 0xac, 0x07,
  0x9b, 0x85, 0x8b, 0x04, 0xac, 0x06, 0xb4, 0xa9, 0xc4, 0xe8, 0xbc, 0xc8,
  0xc4, 0xe8, 0xb4, 0x87, 0x8b, 0x44, 0x9b, 0xc6, 0xac, 0x08, 0x82, 0xe4,
  0x41, 0xa2, 0x39, 0x82, 0x4b, 0x08, 0x6c, 0x2c, 0x4a, 0xe7, 0x4b, 0x28,
  0x73, 0xe8, 0x74, 0x49, 0x6b, 0x87, 0x42, 0x83, 0x4a, 0x24, 0x42, 0x04,
  0x62, 0xa5, 0x7b, 0x89, 0x8b, 0xc8, 0x83, 0xa7, 0x83, 0x67, 0x6a, 0xe5,
  0x41, 0x82, 0x41, 0xa3, 0x42, 0x04, 0x63, 0x29, 0x63, 0x07, 0x4a, 0xa5,
  0x5a, 0x24, 0x4a, 0x04, 0x49, 0xc4, 0x41, 0xa3, 0x39, 0xa3, 0x39, 0xe4,
  0x5b, 0x27, 0x6b, 0xa9, 0x53, 0x07, 0x4a, 0xe7, 0x52, 0xe6, 0x6b, 0xea,
  0x4b, 0x26, 0x5b, 0xc9, 0x5b, 0x87, 0x5b, 0xa8, 0x9c, 0x29, 0xa4, 0xcc,
  0xc4, 0xa8, 0xc4, 0xc9, 0x9b, 0x84, 0xac, 0x27, 0xcc, 0xca, 0x9b, 0x85,
  0x7a, 0x83, 0x9b, 0x87, 0xc4, 0x68, 0xc4, 0xaa, 0xcc, 0xc8, 0xc4, 0xc8,
  0xb4, 0x28, 0x83, 0x04, 0x72, 0x43, 0x8b, 0x47, 0x9b, 0x65, 0x93, 0x65,
  0x72, 0xc5, 0x51, 0xe2, 0x6a, 0x23, 0xa4, 0x6c, 0xcc, 0xa8, 0xbc, 0x67,
  0xb4, 0x67, 0x8b, 0x43, 0x51, 0xe3, 0x49, 0xe3, 0x51, 0xc3, 0x52, 0x04,
  0x62, 0x44, 0x62, 0xa6, 0x6a, 0xa5, 0x62, 0xc6, 0x6a, 0xc5, 0x62, 0xc5,
  0x6a, 0xc5, 0x6a, 0xe5, 0x62, 0xa4, 0x52, 0x43, 0x49, 0xa4, 0x39, 0x63,
  0xbc, 0x08, 0xab, 0x45, 0xa3, 0x26, 0x9a, 0xc4, 0x9a, 0xa5, 0xa2, 0xc5,
  0xa3, 0x47, 0xa3, 0x06, 0xa3, 0x06, 0x9a, 0x84, 0x92, 0x44, 0x9a, 0x85,
  0xaa, 0xe7, 0x9a, 0x65, 0x8a, 0x04, 0x89, 0xe3, 0x8a, 0x05, 0x89, 0xe4,
  0x79, 0xe5, 0x79, 0xa3, 0x71, 0xa4, 0x71, 0x83, 0x79, 0xe4, 0x92, 0x65,
  0x92, 0x85, 0x9a, 0x85, 0xa2, 0x65, 0xa2, 0x24, 0x9a, 0x25, 0x91, 0xe3,
  0x89, 0xc4, 0x92, 0x04, 0xa2, 0xc6, 0xaa, 0xe6, 0xab, 0x06, 0xb3, 0x26,
  0xab, 0x67, 0xc3, 0xc8, 0xcc, 0xeb, 0xdd, 0x4c, 0xd5, 0xad, 0xe5, 0xcd,
  0xde, 0x0e, 0xe6, 0x0e, 0xde, 0x0f, 0xe6, 0x2f, 0xe6, 0x30, 0xe6, 0x2f,
  0xe6, 0x30, 0xe6, 0x0f, 0xe6, 0x10, 0xee, 0x30, 0xe6, 0x0f, 0xe5, 0xef,
  0xe5, 0xef, 0xed, 0xef, 0xdd, 0xcf, 0xdd, 0xae, 0xdd, 0xee, 0xdd, 0xad,
  0xe5, 0xed, 0xe5, 0xcc, 0xe5, 0x8c, 0xdc, 0xe9, 0xdc, 0x88, 0xe4, 0xa8,
  0xe4, 0x89, 0xec, 0xca, 0xe4, 0xc9, 0xec, 0xe9, 0xed, 0x29, 0xed, 0x29,
  0xe5, 0x49, 0xed, 0x49, 0xed, 0x8a, 0xed, 0x8a, 0xed, 0x8b, 0xf5, 0x8a,
  0xf5, 0xcc, 0xf5, 0xab, 0xf5, 0xcc, 0xf5, 0xcc, 0xf5, 0xec, 0xfd, 0xeb,
  0xf5, 0xec, 0xfe, 0x0c, 0xf6, 0x4e, 0xfe, 0x2d, 0xf6, 0x0d, 0xfe, 0x0d,
  0xf6, 0x0d, 0xdc, 0xe8, 0xc4, 0x68, 0xcc, 0x88, 0xc4, 0xaa, 0xc4, 0x68,
  0xc4, 0xa9, 0xcc, 0xc9, 0xbc, 0xa9, 0xc4, 0x88, 0xc4, 0xca, 0xcc, 0xea,
  0xbc, 0xc9, 0xbc, 0x88, 0xc4, 0xa9, 0xcc, 0xc9, 0xcd, 0x09, 0xd5, 0x09,
  0xcd, 0x4a, 0xd5, 0x4a, 0xd5, 0x6b, 0xe5, 0x8b, 0xdd, 0x6b, 0xdd, 0x2a,
  0xc4, 0xc8, 0xed, 0x8b, 0xfe, 0x6f, 0xfe, 0x4e, 0xfe, 0xb0, 0xfe, 0x8f,
  0xf6, 0x8f, 0xfe, 0x8f, 0xfe, 0x90, 0xfe, 0x6f, 0xf6, 0x6f, 0xfe, 0x4e,
  0xf6, 0x6f, 0xfe, 0x6e, 0xed, 0xee, 0xcc, 0xa9, 0xb4, 0x28, 0xc4, 0x69,
  0xc4, 0xc9, 0xb4, 0x06, 0x93, 0x46, 0x82, 0xc4, 0x9b, 0x87, 0xb4, 0x09,
  0xbc, 0x47, 0xbc, 0x26, 0x9b, 0xa5, 0xab, 0xe6, 0xac, 0x27, 0xab, 0xc6,
  0x8b, 0x65, 0x93, 0x45, 0xac, 0x68, 0xbc, 0xa9, 0xc5, 0x09, 0xc4, 0xc7,
  0xc4, 0xe9, 0xb4, 0x66, 0x8b, 0x85, 0xa3, 0xe6, 0xa4, 0x29, 0x83, 0x04,
  0x4a, 0x66, 0x5a, 0xc7, 0x6c, 0x4d, 0x53, 0x28, 0x3a, 0x65, 0x5b, 0x48,
  0x7c, 0x29, 0x7c, 0x28, 0x7b, 0x88, 0x7b, 0x87, 0x7b, 0x68, 0x83, 0x88,
  0x8b, 0xa8, 0x83, 0x67, 0x83, 0x47, 0x8b, 0x67, 0x83, 0x05, 0x7a, 0x83,
  0x72, 0xc6, 0x62, 0x23, 0x52, 0xc6, 0x6b, 0x48, 0x7c, 0x09, 0x84, 0x09,
  0x83, 0xe9, 0x83, 0xa8, 0x6b, 0x88, 0x73, 0x88, 0x5b, 0x48, 0x63, 0x28,
  0x74, 0x2b, 0x6b, 0xe9, 0x3a, 0x45, 0x3a, 0x45, 0x3a, 0x45, 0x5b, 0x08,
  0x5b, 0xa9, 0x74, 0x2b, 0x5b, 0xc9, 0x5b, 0xc8, 0x74, 0x4a, 0x74, 0x08,
  0x73, 0xc7, 0x94, 0x69, 0xcd, 0x0a, 0xd5, 0x2a, 0xdc, 0xa9, 0xcc, 0x27,
  0xb4, 0x07, 0xcc, 0xa9, 0xc4, 0xc9, 0xcc, 0xc9, 0xc4, 0xeb, 0xa3, 0xc6,
  0x6a, 0x63, 0x6a, 0x01, 0x83, 0x06, 0x9b, 0xa8, 0x93, 0x87, 0x82, 0xc4,
  0x5a, 0x03, 0x62, 0x44, 0x93, 0x67, 0xb4, 0x8b, 0xbc, 0x88, 0xb4, 0x06,
  0xac, 0x47, 0x8b, 0x43, 0x4a, 0x03, 0x51, 0xe2, 0x52, 0x25, 0x5a, 0x25,
  0x62, 0x86, 0x6a, 0xa6, 0x62, 0xc6, 0x6a, 0xa5, 0x62, 0xa5, 0x62, 0x85,
  0x62, 0x86, 0x62, 0x85, 0x49, 0xe4, 0x41, 0x82, 0x39, 0x43, 0x51, 0xa4,
  0xbb, 0xc7, 0xab, 0x86, 0xab, 0x25, 0x9a, 0xc4, 0xa2, 0xa4, 0xa2, 0xe5,
  0xa3, 0x06, 0xa3, 0x26, 0xa2, 0xe5, 0x92, 0xa5, 0x92, 0x43, 0x92, 0x64,
  0xa2, 0xa5, 0xa2, 0xa5, 0x92, 0x44, 0x8a, 0x24, 0x92, 0x04, 0x8a, 0x04,
  0x8a, 0x04, 0x82, 0x04, 0x81, 0xe3, 0x8a, 0x24, 0x92, 0x04, 0x9a, 0x86,
  0x9a, 0x65, 0x9a, 0x85, 0xa2, 0x24, 0x9a, 0x24, 0x91, 0xe4, 0x89, 0xc4,
  0x81, 0x83, 0x9a, 0x86, 0xab, 0x05, 0xab, 0x46, 0xb3, 0x26, 0xab, 0x26,
  0xbb, 0xa7, 0xcc, 0x8b, 0xdd, 0x8d, 0xdd, 0xad, 0xdd, 0xcd, 0xe6, 0x0e,
  0xe6, 0x2f, 0xe6, 0x2f, 0xe6, 0x2f, 0xe6, 0x50, 0xe6, 0x0f, 0xe6, 0x2f,
  0xee, 0x0f, 0xee, 0x30, 0xee, 0x2f, 0xe6, 0x0f, 0xee, 0x0e, 0xe6, 0x0e,
  0xe5, 0xee, 0xe6, 0x2f, 0xe5, 0xcd, 0xdd, 0xcd, 0xe5, 0xcd, 0xdd, 0xad,
  0xe5, 0x8b, 0xe5, 0xab, 0xed, 0xcb, 0xed, 0xcc, 0xed, 0x09, 0xdc, 0xc8,
  0xe4, 0x88, 0xe4, 0xc9, 0xec, 0xc9, 0xed, 0x0a, 0xed, 0x29, 0xed, 0x29,
  0xf5, 0x69, 0xed, 0x6a, 0xf5, 0x8a, 0xed, 0x8a, 0xf5, 0xab, 0xf5, 0xac,
  0xf5, 0xab, 0xf5, 0xcc, 0xf5, 0xcb, 0xf5, 0xec, 0xfd, 0xeb, 0xf6, 0x0c,
  0xfe, 0x0c, 0xfe, 0x0d, 0xfd, 0xec, 0xfe, 0x0d, 0xf5, 0xcb, 0xf6, 0x0c,
  0xf5, 0xac, 0xcc, 0xa8, 0xcc, 0x67, 0xcc, 0x88, 0xc4, 0x47, 0xb4, 0x27,
  0xbc, 0x48, 0xbc, 0x68, 0xbc, 0x68, 0xb4, 0x68, 0xc4, 0xa9, 0xc4, 0xc9,
  0xcc, 0xa9, 0xbc, 0x89, 0xbc, 0x47, 0xc4, 0x89, 0xc4, 0x87, 0xc4, 0xa8,
  0xcc, 0xc9, 0xcc, 0xe9, 0xdd, 0x49, 0xdd, 0x8b, 0xe5, 0x6a, 0xdd, 0x4a,
  0xd4, 0xe8, 0xd5, 0x09, 0xfe, 0x2f, 0xfe, 0x70, 0xfe, 0x6f, 0xfe, 0xb1,
  0xfe, 0x8f, 0xfe, 0x8f, 0xfe, 0x6f, 0xfe, 0x8f, 0xfe, 0x6f, 0xfe, 0x6f,
  0xfe, 0x6f, 0xf6, 0x6f, 0xf5, 0xce, 0xcc, 0xca, 0xbc, 0x27, 0xc4, 0x69,
  0xc4, 0xa8, 0xb4, 0x47, 0x9b, 0x86, 0x82, 0xc3, 0xa3, 0xa5, 0xbc, 0x89,
  0xc4, 0x67, 0xbc, 0x26, 0xa3, 0xa5, 0xac, 0x27, 0xb4, 0x27, 0x9b, 0x85,
  0x8b, 0x24, 0x9b, 0xc7, 0xb4, 0x67, 0xbc, 0xe9, 0xcd, 0x08, 0xcd, 0x28,
  0xcc, 0xe8, 0xb4, 0x66, 0x9b, 0x65, 0xa3, 0xc6, 0x8b, 0x85, 0x8b, 0xc6,
  0x52, 0xa7, 0x31, 0xe4, 0x52, 0x86, 0x5a, 0xe7, 0x63, 0x06, 0x73, 0x88,
  0x83, 0x87, 0x8b, 0xe9, 0x9b, 0x88, 0xac, 0x4b, 0xc4, 0x4a, 0xc4, 0x6b,
  0xd4, 0xab, 0xcc, 0xab, 0xc4, 0x49, 0xcc, 0x8a, 0xd4, 0x89, 0xc4, 0x48,
  0xb3, 0xc7, 0xa3, 0x46, 0x8b, 0x46, 0x8b, 0x67, 0x83, 0x86, 0x8b, 0xc8,
  0x93, 0xc7, 0x9c, 0x69, 0x6b, 0x26, 0x52, 0x84, 0x52, 0xa6, 0x5b, 0x08,
  0x6b, 0x69, 0x3a, 0x45, 0x29, 0x63, 0x29, 0x84, 0x31, 0x64, 0x31, 0x84,
  0x31, 0xc4, 0x4a, 0x87, 0x5b, 0x67, 0x5b, 0xa8, 0x4b, 0x06, 0x5b, 0x88,
  0x6b, 0xa8, 0x63, 0x88, 0x8b, 0xc7, 0x7b, 0x87, 0xab, 0x25, 0xb3, 0xc7,
  0xcc, 0x28, 0xcc, 0x69, 0xc4, 0x88, 0xc4, 0xc9, 0xac, 0x08, 0x72, 0x42,
  0x72, 0x63, 0x8b, 0x47, 0x9b, 0xa7, 0x93, 0xa7, 0x83, 0x25, 0x62, 0x62,
  0x6a, 0x64, 0x83, 0x68, 0xb4, 0x68, 0xbc, 0xa9, 0xbc, 0x46, 0xac, 0x06,
  0xac, 0x47, 0x8b, 0x43, 0x62, 0x63, 0x5a, 0x22, 0x52, 0x03, 0x52, 0x03,
  0x62, 0x64, 0x62, 0x85, 0x6a, 0xa5, 0x6a, 0xc5, 0x6a, 0xa5, 0x5a, 0x64,
  0x5a, 0x24, 0x49, 0xc3, 0x39, 0x43, 0x31, 0x43, 0x59, 0xe4, 0x6a, 0xa7,
  0xb3, 0xe7, 0xab, 0x65, 0xa3, 0x06, 0x9a, 0xa4, 0x9a, 0xa5, 0x9a, 0xa5,
  0xa3, 0x06, 0xa2, 0xe6, 0x9a, 0xc6, 0x9a, 0xa5, 0x92, 0x65, 0x92, 0x64,
  0x92, 0x65, 0x9a, 0x64, 0x92, 0x45, 0x8a, 0x03, 0x8a, 0x25, 0x8a, 0x04,
  0x81, 0xe4, 0x89, 0xe4, 0x9a, 0x65, 0xaa, 0xa6, 0x9a, 0x65, 0xa2, 0x65,
  0x9a, 0x65, 0xa2, 0x44, 0xa2, 0x25, 0xa2, 0x04, 0x9a, 0x26, 0x89, 0xa3,
  0x79, 0xa4, 0x9a, 0x87, 0xa2, 0xe6, 0xaa, 0xe6, 0xab, 0x07, 0xa2, 0xc5,
  0xab, 0xa8, 0xe5, 0x2e, 0xd5, 0xae, 0xdd, 0xce, 0xdd, 0xef, 0xe6, 0x30,
  0xe6, 0x30, 0xe6, 0x10, 0xde, 0x10, 0xe6, 0x10, 0xde, 0x10, 0xe6, 0x10,
  0xe6, 0x30, 0xee, 0x30, 0xe6, 0x2f, 0xee, 0x0f, 0xe6, 0x0f, 0xe5, 0xee,
  0xe6, 0x0f, 0xe5, 0xce, 0xdd, 0xce, 0xe5, 0xce, 0xe5, 0xce, 0xe5, 0xcd,
  0xe5, 0xac, 0xe5, 0xab, 0xed, 0xcc, 0xfe, 0x2d, 0xed, 0xac, 0xd4, 0xc8,
  0xdc, 0xa9, 0xec, 0xc9, 0xe4, 0xc9, 0xec, 0xe9, 0xe5, 0x09, 0xed, 0x29,
  0xed, 0x6a, 0xf5, 0x6a, 0xed, 0x8b, 0xf5, 0xab, 0xf5, 0xcc, 0xf5, 0xac,
  0xed, 0xcc, 0xf5, 0xac, 0xf5, 0xcc, 0xfd, 0xec, 0xf5, 0xcc, 0xf5, 0xcb,
  0xf5, 0xec, 0xf5, 0xcc, 0xf6, 0x0d, 0xfd, 0xec, 0xf5, 0xed, 0xfd, 0xed,
  0xed, 0x8c, 0xcc, 0x88, 0xcc, 0x69, 0xc3, 0xe7, 0xb4, 0x27, 0xc4, 0x68,
  0xbc, 0x89, 0xc4, 0x89, 0xbc, 0x69, 0xbc, 0x69, 0xbc, 0x89, 0xbc, 0x48,
  0xbc, 0x68, 0xbc, 0x48, 0xbc, 0x28, 0xbc, 0x07, 0xbc, 0x68, 0xc4, 0x68,
  0xc4, 0xa9, 0xc4, 0x89, 0xc4, 0xa8, 0xd5, 0x09, 0xe5, 0x8b, 0xe5, 0x4a,
  0xd5, 0x09, 0xcc, 0x86, 0xe5, 0xad, 0xfe, 0x6f, 0xf6, 0x6f, 0xfe, 0x90,
  0xfe, 0xb1, 0xfe, 0x90, 0xf6, 0x90, 0xfe, 0x8f, 0xfe, 0x8f, 0xfe, 0x6f,
  0xfe, 0x90, 0xf6, 0x4f, 0xed, 0xae, 0xcc, 0x69, 0xc4, 0x48, 0xcc, 0x48,
  0xbc, 0x88, 0xac, 0x06, 0x8b, 0x46, 0x82, 0xc3, 0xa3, 0xa6, 0xc4, 0x89,
  0xc4, 0x88, 0xbc, 0x06, 0xa3, 0xc6, 0xb4, 0x07, 0xac, 0x07, 0x9b, 0x44,
  0x83, 0x45, 0x9b, 0xe7, 0xb4, 0x88, 0xbc, 0xc9, 0xc4, 0xe8, 0xcc, 0xe8,
  0xc4, 0xe8, 0xb4, 0x45, 0x93, 0xa5, 0xa3, 0xe6, 0x9c, 0x28, 0x93, 0xc6,
  0x5a, 0x45, 0x5a, 0x24, 0x72, 0xc7, 0x8b, 0x28, 0x93, 0x68, 0x93, 0x47,
  0x8a, 0xe6, 0x9b, 0x06, 0x92, 0x65, 0x9a, 0x65, 0x9a, 0x45, 0x9a, 0x24,
  0xb3, 0x06, 0xb3, 0x06, 0xb3, 0x25, 0xbb, 0x66, 0xbc, 0x08, 0xc3, 0xe7,
  0xa3, 0x46, 0x9a, 0xa4, 0x9b, 0x06, 0x9a, 0xe5, 0xa3, 0xa8, 0xbc, 0x4a,
  0x9c, 0x09, 0x83, 0x25, 0x62, 0xc5, 0x49, 0xe1, 0x31, 0xa3, 0x4a, 0x25,
  0x5a, 0xe8, 0x42, 0x05, 0x29, 0x64, 0x31, 0x64, 0x31, 0x65, 0x31, 0x44,
  0x29, 0x64, 0x39, 0xa5, 0x53, 0x28, 0x6b, 0xaa, 0x29, 0xe4, 0x21, 0x62,
  0x31, 0xe5, 0x52, 0xc8, 0x6b, 0xa9, 0x5b, 0x27, 0x72, 0xc5, 0x83, 0x47,
  0x9b, 0x47, 0xa3, 0x26, 0x93, 0x06, 0x8a, 0xa4, 0x7a, 0xa4, 0x93, 0x26,
  0xa3, 0xea, 0xa3, 0xc9, 0x93, 0x87, 0x93, 0x66, 0x72, 0xa5, 0x6a, 0x43,
  0x7a, 0xe6, 0xa3, 0xc9, 0xbc, 0x89, 0xc4, 0xa9, 0xbc, 0xa8, 0xbc, 0x67,
  0xac, 0x47, 0x9b, 0xa5, 0x8b, 0xa6, 0x93, 0xc7, 0x83, 0x87, 0x83, 0x26,
  0x7b, 0x27, 0x8b, 0x68, 0x72, 0xe6, 0x6a, 0xa5, 0x52, 0x24, 0x49, 0xa2,
  0x39, 0x64, 0x39, 0x23, 0x41, 0x84, 0x5a, 0x47, 0x72, 0xc6, 0x7a, 0xe6,
  0xbb, 0xe7, 0xb3, 0xc6, 0xb3, 0x25, 0xa3, 0x05, 0xaa, 0xe5, 0x9a, 0x84,
  0xa2, 0xc5, 0xa3, 0x06, 0x9a, 0xa5, 0x92, 0xa5, 0x9a, 0x84, 0x92, 0x85,
  0x9a, 0x64, 0x92, 0x65, 0x92, 0x44, 0x92, 0x44, 0x92, 0x24, 0x8a, 0x24,
  0x92, 0x24, 0x9a, 0x65, 0xb2, 0xc6, 0xa2, 0xa6, 0x9a, 0x44, 0x9a, 0x64,
  0x9a, 0x24, 0x9a, 0x45, 0xa2, 0x04, 0xa2, 0x45, 0x92, 0x04, 0x79, 0x83,
  0x79, 0x83, 0x92, 0x66, 0xa2, 0x85, 0xa2, 0x85, 0xa2, 0xa4, 0xab, 0x07,
  0xd5, 0x2d, 0xe5, 0xd0, 0xdd, 0xee, 0xe6, 0x2f, 0xe6, 0x10, 0xe6, 0x51,
  0xee, 0x50, 0xe6, 0x50, 0xe6, 0x10, 0xe6, 0x51, 0xee, 0x31, 0xe6, 0x31,
  0xee, 0x30, 0xe6, 0x30, 0xee, 0x0e, 0xee, 0x2f, 0xed, 0xee, 0xee, 0x2f,
  0xed, 0xee, 0xe5, 0xef, 0xe5, 0xce, 0xdd, 0xce, 0xed, 0xed, 0xe5, 0xcd,
  0xed, 0xcb, 0xed, 0xec, 0xf5, 0xec, 0xf6, 0x0c, 0xfe, 0x0c, 0xed, 0xcb,
  0xe4, 0xc8, 0xe4, 0xe9, 0xec, 0xc9, 0xec, 0xea, 0xed, 0x09, 0xed, 0x6b,
  0xf5, 0x69, 0xed, 0x8a, 0xed, 0x6a, 0xed, 0xab, 0xf5, 0xaa, 0xf5, 0xcb,
  0xf5, 0xcc, 0xf5, 0xcc, 0xfd, 0xcb, 0xf5, 0xec, 0xfd, 0xeb, 0xf5, 0xeb,
  0xf5, 0xcb, 0xfe, 0x2d, 0xfe, 0x0c, 0xf6, 0x0c, 0xfd, 0xec, 0xfe, 0x0d,
  0xed, 0x6b, 0xd4, 0xa8, 0xcc, 0x28, 0xb3, 0xc6, 0xb3, 0xc6, 0xbc, 0x48,
  0xc4, 0x89, 0xc4, 0x89, 0xbc, 0x28, 0xb4, 0x28, 0xbc, 0x28, 0xbc, 0x49,
  0xbc, 0x27, 0xbc, 0x48, 0xc4, 0x08, 0xc4, 0x28, 0xc4, 0x48, 0xcc, 0x89,
  0xd5, 0x0a, 0xd5, 0x0b, 0xd4, 0xc9, 0xd4, 0xea, 0xe5, 0x29, 0xdd, 0x4a,
  0xdc, 0xe8, 0xcc, 0xa7, 0xdd, 0x09, 0xfe, 0x2e, 0xfe, 0x6e, 0xfe, 0x8f,
  0xfe, 0x8f, 0xfe, 0xaf, 0xfe, 0x8e, 0xfe, 0xaf, 0xfe, 0x6e, 0xf6, 0x6e,
  0xfe, 0x6e, 0xf6, 0x6f, 0xf5, 0x8c, 0xcc, 0x88, 0xc4, 0x27, 0xc4, 0x68,
  0xc4, 0x87, 0xac, 0x06, 0x93, 0x45, 0x82, 0xe4, 0xb3, 0xe6, 0xbc, 0x69,
  0xcc, 0x88, 0xab, 0xe5, 0xb3, 0xe6, 0xbc, 0x48, 0xab, 0xe7, 0x8b, 0x44,
  0x93, 0x85, 0x9c, 0x07, 0xbc, 0x87, 0xbc, 0xc9, 0xcc, 0xc7, 0xd5, 0x49,
  0xd5, 0x4a, 0xbc, 0xa8, 0xac, 0x07, 0xbc, 0xca, 0xcc, 0xeb, 0xdd, 0x8e,
  0xee, 0x31, 0xde, 0x10, 0xab, 0xe9, 0x72, 0x43, 0x8a, 0x23, 0xa3, 0x07,
  0xb3, 0x25, 0xab, 0x26, 0xa3, 0x05, 0xa3, 0x06, 0xa2, 0xc5, 0xab, 0x47,
  0xc3, 0xc7, 0xbb, 0xc8, 0xbb, 0xc6, 0xc4, 0x28, 0xd4, 0xa9, 0xbc, 0x27,
  0xab, 0x86, 0xbc, 0x49, 0xd4, 0x89, 0xd4, 0xaa, 0xd4, 0x68, 0xc4, 0x48,
  0xbc, 0x47, 0xbc, 0x48, 0xb4, 0x89, 0x93, 0xc6, 0x6a, 0xa4, 0x6a, 0xe5,
  0x8b, 0xc9, 0x62, 0xc5, 0x41, 0x82, 0x39, 0xa3, 0x39, 0x64, 0x31, 0x64,
  0x31, 0x44, 0x31, 0x64, 0x42, 0x05, 0x52, 0xe8, 0x42, 0x86, 0x32, 0x25,
  0x31, 0xa3, 0x29, 0xa4, 0x4a, 0x85, 0x5b, 0x48, 0x5b, 0x67, 0x53, 0x26,
  0x72, 0xc5, 0x62, 0xa5, 0x6a, 0x03, 0x6a, 0x24, 0x7a, 0xa6, 0x8b, 0x28,
  0x8b, 0x26, 0x83, 0x26, 0x8b, 0x05, 0x9b, 0xc8, 0x93, 0x88, 0x7a, 0xe6,
  0x9b, 0x47, 0xac, 0x4a, 0xcc, 0xa9, 0xc4, 0xc9, 0xc4, 0xe8, 0xb4, 0x67,
  0xac, 0x26, 0xa4, 0x06, 0x9c, 0x06, 0xa4, 0x88, 0xac, 0x88, 0x9c, 0x07,
  0x8b, 0x66, 0x72, 0xe5, 0x62, 0x43, 0x52, 0x03, 0x41, 0xa3, 0x31, 0x63,
  0x41, 0x42, 0x5a, 0x67, 0x82, 0xe6, 0x83, 0x27, 0x8b, 0x25, 0x83, 0x05,
  0xbc, 0x07, 0xc4, 0x07, 0xb3, 0xa7, 0xb3, 0x45, 0x9a, 0xc5, 0x9a, 0x85,
  0x9a, 0xc5, 0x9a, 0xa5, 0x92, 0xa5, 0x9a, 0xa5, 0x92, 0x85, 0x9a, 0x65,
  0x9a, 0x85, 0x9a, 0x64, 0x8a, 0x45, 0x92, 0x44, 0x8a, 0x45, 0x92, 0x44,
  0x9a, 0x65, 0x9a, 0x24, 0x9a, 0x86, 0x9a, 0x65, 0x9a, 0x65, 0x9a, 0x65,
  0x9a, 0x24, 0xa2, 0x65, 0xa2, 0x86, 0x9a, 0x24, 0x79, 0xc4, 0x79, 0x62,
  0x81, 0xe4, 0x92, 0x25, 0x9a, 0x44, 0xa2, 0x65, 0xa3, 0x67, 0xdc, 0xed,
  0xde, 0x10, 0xe6, 0x10, 0xde, 0x30, 0xe6, 0x30, 0xe6, 0x51, 0xe6, 0x51,
  0xde, 0x50, 0xe6, 0x50, 0xe6, 0x51, 0xe6, 0x50, 0xe6, 0x51, 0xe6, 0x10,
  0xde, 0x10, 0xe6, 0x0f, 0xe6, 0x2f, 0xe5, 0xee, 0xe6, 0x0f, 0xee, 0x0f,
  0xe5, 0xef, 0xe5, 0xcf, 0xe5, 0xef, 0xe5, 0xee, 0xe5, 0xee, 0xe5, 0xad,
  0xed, 0xed, 0xed, 0xcc, 0xf6, 0x0d, 0xf5, 0xec, 0xf6, 0x0d, 0xf5, 0xec,
  0xed, 0x4b, 0xdc, 0xc8, 0xe4, 0xc9, 0xec, 0xc9, 0xed, 0x0a, 0xf5, 0x2a,
  0xed, 0x6b, 0xf5, 0x6a, 0xe5, 0x6a, 0xed, 0x6a, 0xed, 0x8b, 0xf5, 0xab,
  0xed, 0xec, 0xf5, 0xec, 0xf5, 0xec, 0xfd, 0xec, 0xf5, 0xec, 0xf5, 0xaa,
  0xf5, 0xec, 0xfd, 0xec, 0xfe, 0x4d, 0xf5, 0xcb, 0xf6, 0x0d, 0xf5, 0xec,
  0xe5, 0x4a, 0xcc, 0x67, 0xbb, 0xe7, 0xbb, 0xa6, 0xbb, 0xe8, 0xbb, 0xe7,
  0xbc, 0x28, 0xbc, 0x07, 0xbc, 0x29, 0xbc, 0x08, 0xbc, 0x29, 0xbb, 0xe8,
  0xb4, 0x08, 0xbc, 0x08, 0xc4, 0x49, 0xbb, 0xe7, 0xbc, 0x08, 0xcc, 0x69,
  0xc4, 0xab, 0xd4, 0xab, 0xd4, 0xeb, 0xd4, 0xca, 0xd5, 0x0a, 0xdd, 0x0a,
  0xdd, 0x0a, 0xd4, 0xa8, 0xcc, 0xc9, 0xf5, 0xcd, 0xf6, 0x4e, 0xfe, 0x6e,
  0xfe, 0xaf, 0xfe, 0x6e, 0xf6, 0x8f, 0xfe, 0x6e, 0xfe, 0x8f, 0xfe, 0x6e,
  0xf6, 0x6e, 0xf6, 0x4d, 0xe5, 0x4c, 0xcc, 0x68, 0xbc, 0x07, 0xc4, 0x27,
  0xbc, 0x88, 0xb4, 0x26, 0x8b, 0x46, 0x82, 0xe4, 0xab, 0xc7, 0xbc, 0x28,
  0xb4, 0x27, 0xb3, 0xc5, 0xab, 0xe7, 0xbc, 0x28, 0x9b, 0xc7, 0x8b, 0x44,
  0x93, 0xe8, 0xa4, 0x49, 0xb4, 0x48, 0xc4, 0xa9, 0xcc, 0xea, 0xc4, 0x88,
  0xb3, 0xe8, 0x9a, 0xe4, 0x8a, 0xa5, 0xd4, 0xac, 0xe6, 0x11, 0xed, 0xf0,
  0xee, 0x91, 0xdd, 0xce, 0xac, 0x09, 0x93, 0x05, 0xab, 0x47, 0xbb, 0x68,
  0xab, 0xa7, 0xab, 0x66, 0xac, 0x08, 0xbc, 0x49, 0xa4, 0x28, 0xb4, 0x69,
  0xb4, 0x89, 0xbc, 0x89, 0xc4, 0xa9, 0xc4, 0x88, 0xc4, 0xc9, 0xb4, 0x26,
  0xab, 0xe6, 0xc4, 0x88, 0xdd, 0x2a, 0xd4, 0xc9, 0xd4, 0xc9, 0xd4, 0xa7,
  0xcc, 0x87, 0xcc, 0x67, 0xcc, 0xc9, 0xdc, 0xe9, 0xd5, 0x6d, 0xd5, 0x2b,
  0xac, 0x89, 0xa4, 0x07, 0x7a, 0xe6, 0x62, 0x02, 0x42, 0x05, 0x41, 0xa3,
  0x29, 0x65, 0x31, 0x44, 0x29, 0x64, 0x39, 0xa5, 0x4a, 0xe8, 0x63, 0x49,
  0x53, 0x08, 0x3a, 0x25, 0x4a, 0x87, 0x6b, 0x6a, 0x53, 0xe9, 0x53, 0xc9,
  0x5b, 0x88, 0x4a, 0xc5, 0x41, 0xe4, 0x52, 0x25, 0x5a, 0x66, 0x6a, 0xa7,
  0x72, 0xa6, 0x7a, 0xa6, 0x7a, 0xc6, 0x82, 0xc6, 0x7a, 0xa6, 0x7a, 0x85,
  0x7a, 0x85, 0x93, 0x07, 0xab, 0xc7, 0xcc, 0x8a, 0xbc, 0x89, 0xbc, 0x68,
  0xa4, 0x47, 0xa3, 0xe6, 0x94, 0x26, 0x93, 0xc5, 0x83, 0x45, 0x72, 0xc2,
  0x62, 0x64, 0x62, 0x23, 0x49, 0xc4, 0x41, 0x62, 0x31, 0x64, 0x39, 0x64,
  0x72, 0xc6, 0x93, 0xa9, 0x9b, 0x66, 0x9b, 0x45, 0x83, 0x45, 0x83, 0x04,
  0xc4, 0x07, 0xbb, 0xe7, 0xbb, 0xa6, 0xab, 0x66, 0x9a, 0x84, 0x92, 0x84,
  0x9a, 0xc5, 0x92, 0xa5, 0x9a, 0xa5, 0x9a, 0xc6, 0xa2, 0xa5, 0x9a, 0xa5,
  0xa2, 0x85, 0x9a, 0x64, 0x92, 0x64, 0x92, 0x64, 0x92, 0x64, 0x92, 0x85,
  0x9a, 0x64, 0x92, 0x24, 0x9a, 0x64, 0x9a, 0x85, 0xa2, 0x85, 0x9a, 0xa5,
  0x9a, 0x44, 0xa2, 0xa6, 0xa2, 0x85, 0x89, 0xe3, 0x79, 0xa3, 0x79, 0xc3,
  0x92, 0x04, 0x92, 0x45, 0xa2, 0xa5, 0xab, 0x07, 0xc4, 0xcb, 0xe5, 0xf0,
  0xde, 0x30, 0xde, 0x51, 0xe6, 0x30, 0xe6, 0x71, 0xe6, 0x31, 0xde, 0x51,
  0xe6, 0x51, 0xde, 0x30, 0xe6, 0x50, 0xe6, 0x50, 0xee, 0x50, 0xee, 0x71,
  0xee, 0x30, 0xe6, 0x10, 0xed, 0xee, 0xe6, 0x0f, 0xe5, 0xce, 0xe5, 0xee,
  0xed, 0xef, 0xe6, 0x0f, 0xe5, 0xee, 0xe6, 0x0f, 0xed, 0xcd, 0xe5, 0xcd,
  0xed, 0xcc, 0xed, 0xec, 0xf5, 0xcb, 0xed, 0xec, 0xf6, 0x0c, 0xf6, 0x0d,
  0xfd, 0xcc, 0xe5, 0x6a, 0xec, 0xea, 0xe4, 0xc9, 0xec, 0xe9, 0xf5, 0x4b,
  0xf5, 0x6a, 0xf5, 0x8b, 0xf5, 0x8b, 0xed, 0x8b, 0xf5, 0xab, 0xf5, 0xec,
  0xf5, 0xec, 0xf6, 0x0c, 0xf5, 0xeb, 0xf6, 0x0c, 0xfd, 0xeb, 0xf5, 0xeb,
  0xfd, 0xeb, 0xf5, 0xeb, 0xfe, 0x0c, 0xf6, 0x0c, 0xfe, 0x2d, 0xed, 0xcb,
  0xed, 0x6a, 0xdd, 0x29, 0xd4, 0x67, 0xc4, 0x47, 0xbb, 0xa5, 0xbc, 0x07,
  0xbc, 0x07, 0xb3, 0xe7, 0xb3, 0xa6, 0xb3, 0xc7, 0xbb, 0xc7, 0xbb, 0xe8,
  0xbb, 0xe7, 0xc4, 0x48, 0xcc, 0x08, 0xc4, 0x08, 0xc3, 0xe7, 0xc4, 0x08,
  0xc4, 0x08, 0xbc, 0x29, 0xcc, 0x69, 0xd4, 0xaa, 0xdc, 0xc9, 0xdd, 0x0b,
  0xe5, 0x0a, 0xdc, 0xe9, 0xdc, 0xe9, 0xed, 0xac, 0xfe, 0x4e, 0xfe, 0x6f,
  0xfe, 0x8f, 0xfe, 0x90, 0xfe, 0x6f, 0xfe, 0x8f, 0xfe, 0x6e, 0xfe, 0x8f,
  0xf6, 0x2d, 0xfe, 0x6e, 0xed, 0x6c, 0xcc, 0x88, 0xc3, 0xe6, 0xc4, 0x27,
  0xc4, 0x67, 0xb4, 0x26, 0x8b, 0x25, 0x82, 0xe4, 0xab, 0xe6, 0xb4, 0x68,
  0xb4, 0x06, 0xa3, 0xa5, 0xab, 0xe7, 0xac, 0x28, 0x9b, 0x65, 0x93, 0x65,
  0xa3, 0xa7, 0x9b, 0xe8, 0xa3, 0x66, 0xab, 0xc7, 0xb3, 0x66, 0x9a, 0xa4,
  0xa2, 0x64, 0xa2, 0x85, 0x8a, 0x63, 0xdd, 0x0e, 0xe6, 0x30, 0xe6, 0x31,
  0xe5, 0xf0, 0xbc, 0xed, 0xb4, 0x6a, 0xc4, 0xec, 0xb4, 0x27, 0xbc, 0x89,
  0xac, 0x49, 0x9b, 0xe7, 0xb4, 0x69, 0xbc, 0xeb, 0xb4, 0x68, 0xa4, 0x27,
  0xa4, 0x06, 0xa4, 0x27, 0xb4, 0x47, 0xb4, 0x68, 0xbc, 0x47, 0xac, 0x06,
  0xab, 0xc6, 0xbc, 0xa9, 0xdd, 0x2a, 0xd5, 0x09, 0xd4, 0xe8, 0xd4, 0xe9,
  0xd4, 0xa7, 0xd4, 0xa8, 0xdc, 0xa8, 0xcc, 0x67, 0xcc, 0x67, 0xdd, 0x0a,
  0xbc, 0x68, 0xac, 0x07, 0xbc, 0x8a, 0x9b, 0x87, 0x6a, 0xa5, 0x52, 0x02,
  0x41, 0xa4, 0x39, 0x83, 0x39, 0x64, 0x41, 0xe6, 0x4a, 0x85, 0x63, 0x69,
  0x52, 0xc6, 0x42, 0x86, 0x5a, 0xc7, 0x73, 0x8b, 0x6b, 0xc9, 0x6c, 0x0a,
  0x74, 0x8b, 0x6c, 0x6a, 0x5b, 0x27, 0x42, 0xa5, 0x52, 0x45, 0x4a, 0x45,
  0x62, 0x44, 0x62, 0x85, 0x6a, 0x24, 0x62, 0x24, 0x69, 0xc2, 0x72, 0x44,
  0x92, 0x65, 0x8a, 0x65, 0x9a, 0x84, 0xa3, 0x27, 0xbb, 0xc7, 0xab, 0xa7,
  0xab, 0xa6, 0xa3, 0xa6, 0x93, 0x65, 0x7a, 0xe3, 0x72, 0xa5, 0x62, 0x23,
  0x51, 0xe4, 0x49, 0xa3, 0x41, 0x63, 0x39, 0x43, 0x41, 0x83, 0x6a, 0xe9,
  0xab, 0xe8, 0xa3, 0xe8, 0xa3, 0x84, 0x9b, 0x64, 0x8b, 0x25, 0x72, 0xa4,
  0xbc, 0x08, 0xb3, 0xa6, 0xb3, 0x87, 0xab, 0x25, 0x8a, 0x64, 0x9a, 0xa5,
  0x92, 0xa6, 0x92, 0x85, 0x92, 0xa5, 0x92, 0x85, 0x9a, 0xa6, 0xa2, 0x85,
  0xa2, 0xa5, 0x9a, 0x64, 0x8a, 0x65, 0x92, 0x64, 0x8a, 0x65, 0x92, 0x85,
  0x92, 0x45, 0x92, 0x44, 0x92, 0x65, 0xa2, 0x85, 0x9a, 0x86, 0x9a, 0x65,
  0x92, 0x45, 0x9a, 0x44, 0x8a, 0x25, 0x81, 0xc3, 0x79, 0xc3, 0x8a, 0x04,
  0x9a, 0x45, 0xa2, 0x65, 0xa3, 0x27, 0xc4, 0x2a, 0xd5, 0x8f, 0xe5, 0xf0,
  0xde, 0x31, 0xe6, 0x31, 0xde, 0x52, 0xe6, 0x31, 0xe6, 0x73, 0xe6, 0x52,
  0xde, 0x31, 0xe6, 0x31, 0xe6, 0x50, 0xe6, 0x0f, 0xe6, 0x50, 0xe6, 0x50,
  0xe6, 0x30, 0xe6, 0x10, 0xe6, 0x2f, 0xe5, 0xee, 0xe5, 0xef, 0xe5, 0xee,
  0xe6, 0x0f, 0xe5, 0xee, 0xdd, 0xee, 0xe5, 0xee, 0xe5, 0xed, 0xed, 0xcd,
  0xed, 0xcc, 0xf5, 0xec, 0xed, 0xcc, 0xf5, 0xcc, 0xed, 0xed, 0xfe, 0x2d,
  0xf6, 0x0e, 0xed, 0xac, 0xdc, 0xc9, 0xe5, 0x0a, 0xe4, 0xe9, 0xed, 0x2a,
  0xed, 0x6b, 0xed, 0x4a, 0xe5, 0x6a, 0xf5, 0x8b, 0xf5, 0xcd, 0xf5, 0xcd,
  0xf5, 0xed, 0xf5, 0xcc, 0xed, 0xcc, 0xf5, 0xec, 0xf5, 0xcb, 0xf5, 0xcb,
  0xf5, 0xeb, 0xfd, 0xeb, 0xf5, 0xcc, 0xfe, 0x2d, 0xed, 0xed, 0xed, 0xac,
  0xdc, 0xca, 0xe4, 0xea, 0xd4, 0xc9, 0xc4, 0x27, 0xb3, 0xc7, 0xb3, 0x66,
  0xb3, 0xc7, 0xbb, 0xa7, 0xb3, 0xc7, 0xbb, 0xc7, 0xc4, 0x49, 0xcc, 0x69,
  0xcc, 0x89, 0xcc, 0x48, 0xcc, 0x48, 0xbb, 0xa6, 0xbb, 0xe7, 0xc3, 0xe7,
  0xbb, 0xc7, 0xc3, 0xc7, 0xc4, 0x08, 0xcc, 0x08, 0xcc, 0x28, 0xd4, 0x48,
  0xdc, 0xc9, 0xdc, 0xa8, 0xd4, 0xe9, 0xed, 0x6b, 0xed, 0xcd, 0xfe, 0x4f,
  0xfe, 0x6f, 0xfe, 0x4f, 0xf6, 0x4f, 0xfe, 0x6f, 0xfe, 0x6f, 0xfe, 0x6e,
  0xf6, 0x6e, 0xf6, 0x4d, 0xed, 0x6d, 0xcc, 0x48, 0xbb, 0xe8, 0xcc, 0x28,
  0xbc, 0x67, 0xbc, 0x06, 0x83, 0x05, 0x82, 0xe4, 0xab, 0xe7, 0xb4, 0x48,
  0xab, 0xc6, 0xa3, 0x44, 0xa3, 0xe7, 0xab, 0xe7, 0x93, 0x46, 0x8b, 0x04,
  0x8a, 0xa5, 0x9a, 0xc5, 0xa3, 0x26, 0xab, 0x26, 0xa3, 0x05, 0xaa, 0xe5,
  0xab, 0x47, 0xc4, 0x0a, 0xbc, 0x6a, 0xd5, 0x0c, 0xde, 0x31, 0xde, 0x11,
  0xe6, 0x74, 0xee, 0x74, 0xd5, 0x8f, 0xc5, 0x0c, 0xbc, 0xe9, 0xac, 0x47,
  0xa4, 0x28, 0xa3, 0xe7, 0xb4, 0x69, 0xc4, 0xa9, 0xc4, 0xc9, 0xc4, 0x88,
  0xb4, 0x68, 0xb4, 0x27, 0xbc, 0x88, 0xbc, 0x68, 0xac, 0x07, 0x9b, 0x43,
  0x93, 0x45, 0xb4, 0x07, 0xb4, 0x28, 0xb3, 0xe6, 0xbc, 0x27, 0xcc, 0x68,
  0xc4, 0x67, 0xcc, 0x67, 0xcc, 0xa8, 0xcc, 0x88, 0xc4, 0x69, 0xc4, 0x48,
  0xbc, 0x68, 0xe5, 0x4c, 0xe5, 0xcf, 0xb4, 0x29, 0x8b, 0x47, 0x7a, 0x83,
  0x52, 0x03, 0x49, 0xa2, 0x52, 0x46, 0x6a, 0xe8, 0x63, 0x48, 0x4a, 0x64,
  0x21, 0x43, 0x29, 0x43, 0x39, 0x84, 0x49, 0xe5, 0x4a, 0x86, 0x6b, 0x6a,
  0x74, 0xac, 0x74, 0x8b, 0x6c, 0x2b, 0x53, 0x47, 0x52, 0xe8, 0x52, 0xc7,
  0x4a, 0x65, 0x52, 0x65, 0x62, 0x86, 0x72, 0xc6, 0x82, 0xe6, 0x9b, 0x47,
  0x9b, 0x06, 0x92, 0xa4, 0x92, 0xa5, 0x8a, 0x63, 0x8a, 0x63, 0x8a, 0x43,
  0x82, 0x44, 0x82, 0x03, 0x7a, 0x85, 0x7a, 0x44, 0x5a, 0x04, 0x51, 0x82,
  0x39, 0x64, 0x39, 0x43, 0x31, 0x44, 0x39, 0x64, 0x6a, 0xa6, 0x9b, 0xaa,
  0xac, 0x27, 0xab, 0xe6, 0x9b, 0xa6, 0x93, 0x24, 0x6a, 0xa5, 0x59, 0xe2,
  0xbb, 0xa6, 0xab, 0x85, 0xb3, 0x66, 0x9a, 0xe5, 0x9a, 0xa4, 0xa3, 0x06,
  0x9a, 0xa5, 0x92, 0xa5, 0x92, 0x64, 0x92, 0xa5, 0xa2, 0xa5, 0x9a, 0xa6,
  0xaa, 0xa5, 0x9a, 0x64, 0x92, 0x64, 0x8a, 0x64, 0x92, 0x44, 0x8a, 0x64,
  0x92, 0x24, 0x92, 0x44, 0xa2, 0x85, 0x9a, 0xa5, 0xa2, 0x85, 0x92, 0x64,
  0x9a, 0x44, 0x92, 0x64, 0x92, 0x24, 0x8a, 0x24, 0x89, 0xe3, 0x9a, 0x65,
  0xa2, 0xa4, 0xab, 0x06, 0xbc, 0x4a, 0xd5, 0x4e, 0xdd, 0xcf, 0xee, 0x72,
  0xe6, 0x31, 0xde, 0x32, 0xee, 0x52, 0xe6, 0x52, 0xee, 0x72, 0xe6, 0x52,
  0xe6, 0x30, 0xe6, 0x71, 0xe6, 0x50, 0xe6, 0x50, 0xe6, 0x2f, 0xe6, 0x50,
  0xe6, 0x0f, 0xe6, 0x30, 0xed, 0xef, 0xe6, 0x0f, 0xe5, 0xce, 0xe5, 0xef,
  0xe5, 0xed, 0xe6, 0x0e, 0xe5, 0xcd, 0xe5, 0xee, 0xed, 0xcd, 0xe5, 0xcd,
  0xed, 0xcc, 0xed, 0xec, 0xfd, 0xeb, 0xf6, 0x0c, 0xf5, 0xeb, 0xf6, 0x0c,
  0xfe, 0x2d, 0xf6, 0x2d, 0xe5, 0x09, 0xdd, 0x0a, 0xed, 0x09, 0xed, 0x4a,
  0xed, 0x6a, 0xed, 0x8b, 0xed, 0x6a, 0xed, 0xab, 0xf5, 0xac, 0xf5, 0xed,
  0xf5, 0xec, 0xf6, 0x0d, 0xfe, 0x0c, 0xf5, 0xec, 0xf5, 0xcb, 0xf5, 0xec,
  0xfd, 0xeb, 0xfd, 0xec, 0xfd, 0xec, 0xfe, 0x4e, 0xfe, 0x0d, 0xdd, 0x4b,
  0xcc, 0x28, 0xcc, 0x69, 0xc4, 0x08, 0xbb, 0xe8, 0xc3, 0xc8, 0xbb, 0xc8,
  0xbb, 0xc7, 0xb3, 0xc7, 0xc4, 0x49, 0xcc, 0x8a, 0xcc, 0x69, 0xcc, 0x8a,
  0xdc, 0xc9, 0xdc, 0xea, 0xd4, 0x68, 0xcc, 0x68, 0xd4, 0x68, 0xcc, 0x48,
  0xcb, 0xe7, 0xcc, 0x08, 0xcc, 0x07, 0xc4, 0x07, 0xcb, 0xe6, 0xcc, 0x07,
  0xd4, 0x46, 0xd4, 0x67, 0xdc, 0xa7, 0xdd, 0x09, 0xf5, 0xab, 0xfe, 0x4e,
  0xfe, 0x8e, 0xfe, 0x8e, 0xfe, 0x4d, 0xfe, 0x8e, 0xfe, 0x6e, 0xfe, 0x6e,
  0xf6, 0x2d, 0xf6, 0x4e, 0xe5, 0x0c, 0xcc, 0x8a, 0xc3, 0xe7, 0xbc, 0x07,
  0xc4, 0x67, 0xb3, 0xe6, 0x8b, 0x04, 0x8b, 0x25, 0xab, 0xe6, 0xb4, 0x48,
  0xab, 0xc5, 0x9b, 0x85, 0xac, 0x08, 0x93, 0x65, 0x9b, 0x25, 0x93, 0x05,
  0xa2, 0xa4, 0xab, 0x06, 0xbb, 0x45, 0xb3, 0x45, 0xab, 0x85, 0xc4, 0x69,
  0xcc, 0xeb, 0xc4, 0xeb, 0xc5, 0x0b, 0xdd, 0xef, 0xf6, 0xb3, 0xee, 0x93,
  0xf6, 0xd4, 0xe6, 0x93, 0xd5, 0xae, 0xc5, 0x4c, 0xd4, 0xe8, 0xb4, 0x26,
  0xbc, 0x47, 0xbc, 0x88, 0xc4, 0x68, 0xc4, 0xa9, 0xd4, 0xa7, 0xcc, 0xa7,
  0xd4, 0xa7, 0xd4, 0xc8, 0xd4, 0xe8, 0xcc, 0xe8, 0xc4, 0x47, 0xb4, 0x06,
  0xab, 0xc6, 0xbc, 0x48, 0xcc, 0xa8, 0xc4, 0x88, 0xd4, 0x67, 0xdc, 0xc9,
  0xe4, 0xe9, 0xdd, 0x09, 0xdd, 0x2a, 0xd5, 0x09, 0xcc, 0xa9, 0xbc, 0x48,
  0xcc, 0x88, 0xd4, 0xea, 0xbc, 0x68, 0x9b, 0x85, 0xa3, 0x86, 0xa3, 0xc7,
  0x93, 0x87, 0x83, 0x26, 0x73, 0x06, 0x73, 0x27, 0x7b, 0xc9, 0x4a, 0x43,
  0x31, 0x22, 0x31, 0x43, 0x49, 0xa5, 0x41, 0x84, 0x29, 0x42, 0x39, 0xc5,
  0x74, 0x0a, 0x6b, 0xea, 0x3a, 0x44, 0x32, 0x65, 0x4a, 0x66, 0x4a, 0x87,
  0x4a, 0x85, 0x42, 0x85, 0x63, 0x27, 0x63, 0x68, 0x8b, 0xa7, 0x9c, 0x6a,
  0xbc, 0x48, 0xbc, 0x69, 0xbc, 0x28, 0xa3, 0xa6, 0x9b, 0x25, 0x8a, 0xa3,
  0x7a, 0x04, 0x69, 0xc2, 0x61, 0x83, 0x61, 0x83, 0x49, 0x82, 0x41, 0x42,
  0x31, 0x63, 0x31, 0x43, 0x41, 0x62, 0x6a, 0xe9, 0xab, 0xe8, 0xb4, 0x6a,
  0xb4, 0x46, 0xa3, 0xe5, 0x8b, 0x44, 0x72, 0xe3, 0x5a, 0x03, 0x49, 0xe2,
  0xb3, 0xa7, 0xab, 0x25, 0xa3, 0x47, 0xa2, 0xe5, 0x9b, 0x26, 0xa3, 0x26,
  0xa3, 0x48, 0xa3, 0x47, 0x9b, 0x27, 0x9a, 0xe6, 0x9a, 0xc6, 0xa2, 0xa5,
  0xa2, 0xa6, 0x9a, 0x64, 0x8a, 0x65, 0x8a, 0x44, 0x82, 0x24, 0x8a, 0x24,
  0x8a, 0x45, 0x9a, 0x66, 0x9a, 0x86, 0xa2, 0x85, 0x92, 0x85, 0x9a, 0x64,
  0x92, 0x65, 0x92, 0x44, 0x8a, 0x45, 0x92, 0x24, 0x9a, 0x85, 0xa2, 0xa5,
  0xa3, 0x26, 0xbb, 0xc8, 0xcd, 0x8e, 0xdd, 0xcf, 0xde, 0x51, 0xe6, 0x51,
  0xde, 0x52, 0xe6, 0x52, 0xe6, 0x53, 0xee, 0x52, 0xe6, 0x72, 0xe6, 0x31,
  0xde, 0x30, 0xe6, 0x30, 0xe6, 0x52, 0xe6, 0x51, 0xde, 0x30, 0xe6, 0x30,
  0xe6, 0x10, 0xee, 0x30, 0xe5, 0xf0, 0xed, 0xef, 0xe5, 0xef, 0xdd, 0x8e,
  0xdd, 0xef, 0xe5, 0xef, 0xe5, 0xee, 0xe5, 0xad, 0xe5, 0xcd, 0xe5, 0xac,
  0xed, 0xed, 0xed, 0xec, 0xf6, 0x0c, 0xf6, 0x0c, 0xed, 0xeb, 0xf6, 0x0b,
  0xf6, 0x4d, 0xf6, 0x2c, 0xe5, 0x4b, 0xdc, 0xe9, 0xe5, 0x0a, 0xed, 0x2a,
  0xed, 0x8b, 0xed, 0x8b, 0xed, 0xcc, 0xf5, 0xcc, 0xf6, 0x0d, 0xf5, 0xec,
  0xf6, 0x2d, 0xf6, 0x0d, 0xf6, 0x0d, 0xf5, 0xec, 0xf5, 0xec, 0xfd, 0xec,
  0xf5, 0xec, 0xfd, 0xeb, 0xfe, 0x2d, 0xfe, 0x2d, 0xf5, 0xcd, 0xd4, 0xa9,
  0xa2, 0xe5, 0xbb, 0x66, 0xbb, 0xe9, 0xbb, 0xa7, 0xb3, 0x87, 0xbb, 0x87,
  0xbb, 0xe9, 0xc4, 0x09, 0xc4, 0x29, 0xcc, 0x49, 0xcc, 0x29, 0xcc, 0x08,
  0xcc, 0x08, 0xcb, 0xe7, 0xcc, 0x48, 0xcc, 0x27, 0xc3, 0xe7, 0xc3, 0xe6,
  0xc3, 0xc7, 0xcb, 0xe7, 0xc3, 0xe7, 0xcb, 0xc7, 0xd4, 0x27, 0xdc, 0x48,
  0xd4, 0x88, 0xe4, 0xa8, 0xdd, 0x09, 0xe5, 0x09, 0xe5, 0x4a, 0xfe, 0x0d,
  0xfe, 0x6e, 0xfe, 0x4d, 0xfe, 0x6e, 0xfe, 0x6e, 0xfe, 0x8f, 0xfe, 0x4e,
  0xf6, 0x6f, 0xf6, 0x2e, 0xdd, 0x2c, 0xcc, 0x69, 0xbc, 0x08, 0xc4, 0x07,
  0xbc, 0x68, 0xb3, 0xe6, 0x7a, 0xe5, 0x82, 0xe4, 0xa3, 0xc7, 0xbc, 0x28,
  0x9b, 0xa6, 0xa3, 0x86, 0xa3, 0xe8, 0xa3, 0xa7, 0xab, 0x87, 0xab, 0x46,
  0xa2, 0xc4, 0xbb, 0x67, 0xc4, 0x28, 0xc4, 0x28, 0xac, 0x08, 0xcc, 0xca,
  0xcd, 0x8f, 0xc5, 0x0d, 0xc5, 0x2d, 0xdd, 0xef, 0xee, 0xb3, 0xee, 0x93,
  0xee, 0xd5, 0xe6, 0x94, 0xd5, 0xef, 0xc5, 0x4c, 0xd5, 0x2a, 0xcc, 0xc8,
  0xc4, 0xa8, 0xc4, 0x87, 0xb3, 0xe6, 0xc4, 0x47, 0xd4, 0xa8, 0xd4, 0xa8,
  0xdc, 0xe7, 0xdc, 0xc7, 0xdc, 0xe8, 0xdc, 0xc7, 0xcc, 0x87, 0xcc, 0x66,
  0xbc, 0x67, 0xc4, 0x67, 0xcc, 0xa8, 0xcc, 0x67, 0xcc, 0x68, 0xd4, 0xa8,
  0xcc, 0xc9, 0xe5, 0x2b, 0xcc, 0xeb, 0xb3, 0xe7, 0xa3, 0xa6, 0xc4, 0x89,
  0xc4, 0xca, 0xc4, 0x89, 0xbc, 0x8a, 0xbc, 0x89, 0xab, 0xc7, 0xbc, 0x28,
  0xc4, 0xcc, 0x9b, 0x46, 0x6a, 0x64, 0x6a, 0x23, 0x62, 0x85, 0x72, 0xe6,
  0x41, 0xc4, 0x39, 0x42, 0x31, 0x44, 0x39, 0x85, 0x29, 0x23, 0x29, 0x02,
  0x3a, 0x45, 0x63, 0x49, 0x21, 0xa3, 0x21, 0x62, 0x29, 0x43, 0x39, 0x84,
  0x5b, 0x48, 0x7c, 0x2b, 0x5c, 0x0a, 0x5b, 0xe9, 0x63, 0xe9, 0x5b, 0x67,
  0x83, 0x88, 0x93, 0xc9, 0xac, 0x08, 0xbc, 0x28, 0xac, 0x49, 0x9b, 0x65,
  0x72, 0x65, 0x69, 0xc2, 0x59, 0x83, 0x59, 0x63, 0x41, 0x84, 0x41, 0x43,
  0x31, 0x44, 0x39, 0x44, 0x7b, 0x28, 0xb4, 0xad, 0xbc, 0xa9, 0xbc, 0x67,
  0xa4, 0x07, 0x8b, 0x03, 0x6a, 0xa4, 0x7a, 0xe5, 0x6a, 0xc6, 0x93, 0xca,
  0xbb, 0xa7, 0xa3, 0x45, 0xa3, 0x05, 0xa3, 0x26, 0xa3, 0x46, 0xa3, 0x47,
  0xa3, 0x46, 0xa3, 0x67, 0xb3, 0xc8, 0xa3, 0xa8, 0xab, 0x47, 0xa3, 0x26,
  0x9a, 0x85, 0x92, 0x64, 0x8a, 0x44, 0x82, 0x24, 0x8a, 0x03, 0x82, 0x24,
  0x92, 0x45, 0x92, 0x65, 0x9a, 0x85, 0x9a, 0x85, 0x9a, 0x64, 0x92, 0x65,
  0x92, 0x44, 0x92, 0x65, 0x9a, 0x44, 0x92, 0x65, 0xa2, 0xc5, 0xab, 0x06,
  0xb3, 0xa7, 0xd5, 0x0d, 0xe5, 0xef, 0xdd, 0xef, 0xe6, 0x50, 0xe6, 0x71,
  0xe6, 0x50, 0xe6, 0x71, 0xe6, 0x50, 0xe6, 0x71, 0xee, 0x51, 0xde, 0x31,
  0xe6, 0x30, 0xe6, 0x50, 0xe6, 0x30, 0xe6, 0x51, 0xe6, 0x2f, 0xe6, 0x50,
  0xe6, 0x0f, 0xe6, 0x2f, 0xed, 0xef, 0xe6, 0x0f, 0xe5, 0xcf, 0xdd, 0xae,
  0xe5, 0xce, 0xe5, 0xef, 0xed, 0xee, 0xdd, 0xcd, 0xe5, 0xcc, 0xee, 0x0d,
  0xed, 0xec, 0xed, 0xec, 0xf5, 0xec, 0xf6, 0x0d, 0xf6, 0x0c, 0xf6, 0x2d,
  0xf6, 0x0d, 0xf6, 0x2d, 0xf5, 0xab, 0xd4, 0xc8, 0xe4, 0xe9, 0xed, 0x4a,
  0xed, 0x8b, 0xed, 0x8c, 0xed, 0xac, 0xed, 0xcd, 0xf5, 0xec, 0xf6, 0x0d,
  0xfe, 0x4e, 0xf6, 0x4e, 0xf5, 0xec, 0xf5, 0xed, 0xfe, 0x0c, 0xf5, 0xec,
  0xf5, 0xeb, 0xed, 0xeb, 0xf6, 0x0c, 0xf6, 0x2d, 0xf5, 0xac, 0xbc, 0x06,
  0xa2, 0x83, 0xaa, 0xe5, 0xb3, 0x26, 0xab, 0x46, 0xbb, 0x87, 0xb3, 0x66,
  0xab, 0x25, 0xb3, 0xa7, 0xc3, 0xa7, 0xc3, 0xe8, 0xc3, 0x86, 0xbb, 0xa7,
  0xcb, 0xc6, 0xcb, 0xe7, 0xc3, 0xa6, 0xbb, 0x86, 0xcb, 0xa6, 0xd4, 0x28,
  0xd3, 0xc6, 0xc3, 0x65, 0xcb, 0xa6, 0xcc, 0x07, 0xdc, 0x47, 0xe4, 0xa9,
  0xe4, 0xc8, 0xe4, 0xe9, 0xe5, 0x29, 0xdd, 0x08, 0xdc, 0xe8, 0xed, 0xab,
  0xfe, 0x0c, 0xfe, 0x4d, 0xfe, 0x6d, 0xfe, 0x8e, 0xfe, 0x4e, 0xfe, 0x6f,
  0xfe, 0x8f, 0xf6, 0x4e, 0xe5, 0x0b, 0xcc, 0x89, 0xc4, 0x07, 0xc4, 0x28,
  0xc4, 0x67, 0xb4, 0x06, 0x82, 0xc4, 0x83, 0x05, 0xab, 0xc6, 0xb4, 0x07,
  0xa3, 0xa5, 0x9b, 0xa6, 0xab, 0xe7, 0x9b, 0xc7, 0xab, 0x25, 0xb3, 0xc7,
  0xcb, 0xc7, 0xcb, 0xc7, 0xc4, 0x07, 0xc4, 0x68, 0xb3, 0xe7, 0xc4, 0xca,
  0xdd, 0xb0, 0xcd, 0x8f, 0xc4, 0xeb, 0xcd, 0x6e, 0xee, 0xb3, 0xf6, 0xf4,
  0xee, 0xd4, 0xee, 0xd5, 0xee, 0x93, 0xc5, 0x6f, 0xb4, 0x48, 0xbc, 0xca,
  0xd4, 0xc9, 0xc4, 0x88, 0xc4, 0x67, 0xc4, 0xa8, 0xdd, 0x08, 0xe5, 0x6a,
  0xed, 0x28, 0xe5, 0x49, 0xed, 0x29, 0xed, 0x49, 0xe5, 0x08, 0xdd, 0x08,
  0xd4, 0xe7, 0xd4, 0xc7, 0xdc, 0xc7, 0xcc, 0xa7, 0xcc, 0x67, 0xcc, 0x87,
  0xcc, 0x47, 0xbc, 0x26, 0xbb, 0xe6, 0xb3, 0xe6, 0xbc, 0x07, 0xc4, 0x8a,
  0xb4, 0x27, 0xa3, 0xe6, 0xc4, 0x68, 0xdd, 0x4b, 0xcc, 0x89, 0xab, 0xa6,
  0x93, 0x05, 0x8b, 0x25, 0x82, 0xc5, 0x7a, 0xa5, 0x72, 0x64, 0x6a, 0x84,
  0x6a, 0x65, 0x5a, 0x25, 0x39, 0xa4, 0x31, 0x63, 0x31, 0x42, 0x29, 0x43,
  0x39, 0xa4, 0x63, 0x4a, 0x52, 0xe6, 0x42, 0x85, 0x4a, 0x45, 0x42, 0x45,
  0x3a, 0x43, 0x53, 0x27, 0x5b, 0xe9, 0x5c, 0x2a, 0x5c, 0x09, 0x53, 0xe9,
  0x63, 0x47, 0x4a, 0xc5, 0x72, 0x85, 0x8b, 0x69, 0x9b, 0xa8, 0x83, 0x05,
  0x82, 0x83, 0x7a, 0x43, 0x6a, 0x44, 0x59, 0xe3, 0x49, 0x83, 0x49, 0xa4,
  0x39, 0x42, 0x5a, 0x67, 0xc4, 0xca, 0xbd, 0x0b, 0xc4, 0xe9, 0xa3, 0xe5,
  0x8b, 0x04, 0x7a, 0xa3, 0x83, 0x05, 0x9b, 0xe9, 0xb4, 0x69, 0xb4, 0xaa,
  0xab, 0xa7, 0xab, 0x66, 0xa3, 0x06, 0xa3, 0x06, 0xa3, 0x47, 0xa3, 0x26,
  0x9b, 0x47, 0xa3, 0x47, 0x9b, 0x88, 0xa3, 0x88, 0xa3, 0x68, 0x9a, 0xc5,
  0x92, 0x85, 0x92, 0x44, 0x8a, 0x04, 0x8a, 0x04, 0x8a, 0x04, 0x89, 0xe4,
  0x82, 0x04, 0x92, 0x45, 0x9a, 0x86, 0x9a, 0x65, 0x92, 0x45, 0x92, 0x24,
  0x8a, 0x44, 0x92, 0x44, 0x92, 0x85, 0x9a, 0x85, 0xa2, 0xe6, 0xb3, 0x47,
  0xb4, 0x4a, 0xdd, 0x6e, 0xde, 0x11, 0xde, 0x10, 0xde, 0x51, 0xde, 0x30,
  0xde, 0x71, 0xde, 0x50, 0xde, 0x71, 0xe6, 0x71, 0xe6, 0x72, 0xe6, 0x31,
  0xe6, 0x71, 0xe6, 0x51, 0xe6, 0x51, 0xe6, 0x51, 0xde, 0x0f, 0xe6, 0x0f,
  0xe6, 0x2f, 0xe5, 0xee, 0xdd, 0xef, 0xe5, 0xce, 0xe5, 0xef, 0xe5, 0xaf,
  0xdd, 0xef, 0xe5, 0xcf, 0xe5, 0xee, 0xe5, 0xcd, 0xe5, 0xcd, 0xed, 0xed,
  0xee, 0x0d, 0xed, 0xcc, 0xed, 0xed, 0xf5, 0xed, 0xf6, 0x0e, 0xfe, 0x2e,
  0xf6, 0x2e, 0xf6, 0x2e, 0xf5, 0xed, 0xdc, 0xe9, 0xdc, 0xc9, 0xed, 0x4a,
  0xe5, 0x6c, 0xf5, 0x8c, 0xf5, 0xee, 0xed, 0xac, 0xee, 0x0e, 0xf6, 0x0e,
  0xee, 0x0e, 0xf6, 0x0e, 0xf6, 0x2e, 0xf6, 0x0e, 0xf6, 0x0e, 0xf5, 0xee,
  0xfe, 0x4f, 0xf5, 0xed, 0xee, 0x2e, 0xf6, 0x2e, 0xed, 0x8c, 0xb3, 0xa5,
  0xaa, 0xc6, 0xb2, 0xe6, 0xab, 0x06, 0xa2, 0xc5, 0xab, 0x06, 0xaa, 0xe5,
  0xab, 0x06, 0xaa, 0xe5, 0xab, 0x26, 0xb3, 0x05, 0xb3, 0x25, 0xbb, 0x46,
  0xbb, 0x46, 0xbb, 0x25, 0xb3, 0x26, 0xbb, 0x25, 0xc3, 0x87, 0xc3, 0x66,
  0xc3, 0x86, 0xcb, 0x86, 0xd4, 0x08, 0xdc, 0x28, 0xd4, 0x68, 0xe4, 0x88,
  0xdc, 0xe8, 0xec, 0xe9, 0xdd, 0x29, 0xe5, 0x09, 0xcc, 0x88, 0xdc, 0xc9,
  0xed, 0x8c, 0xfe, 0x0e, 0xfe, 0x90, 0xfe, 0x6f, 0xf6, 0x8f, 0xfe, 0x6f,
  0xf6, 0x8f, 0xee, 0x0d, 0xdd, 0x0b, 0xcc, 0x68, 0xbb, 0xe8, 0xc3, 0xe7,
  0xbc, 0x68, 0xb3, 0xe6, 0x83, 0x05, 0x8b, 0x25, 0xa3, 0xc6, 0xab, 0xc6,
  0xa3, 0xc7, 0xa3, 0xa6, 0xa4, 0x08, 0xa3, 0xc7, 0xa3, 0x86, 0xd4, 0xcb,
  0xe4, 0xaa, 0xe4, 0x89, 0xcc, 0x68, 0xc4, 0x27, 0xab, 0xc7, 0xbc, 0x49,
  0xd5, 0x6f, 0xc4, 0xcc, 0xac, 0x2a, 0xb4, 0x29, 0xee, 0x94, 0xfe, 0xb4,
  0xee, 0xf6, 0xee, 0xb4, 0xf7, 0x16, 0xcd, 0xd1, 0xa4, 0x09, 0xa4, 0x09,
  0xac, 0x07, 0xc4, 0x89, 0xe5, 0x4b, 0xf5, 0xac, 0xed, 0x6a, 0xed, 0x29,
  0xe5, 0x08, 0xf5, 0x49, 0xed, 0x4a, 0xed, 0x09, 0xed, 0x49, 0xed, 0x29,
  0xdd, 0x09, 0xe4, 0xe8, 0xe5, 0x09, 0xdc, 0x86, 0xd4, 0x87, 0xdc, 0x67,
  0xd4, 0x47, 0xd4, 0x26, 0xd4, 0x47, 0xd4, 0x06, 0xc4, 0x27, 0xbb, 0xc5,
  0xb4, 0x06, 0xbc, 0x06, 0xc4, 0x88, 0xbc, 0x06, 0x8a, 0xc3, 0x82, 0x82,
  0x82, 0xc4, 0x9b, 0x46, 0xc4, 0xcb, 0xc4, 0x8a, 0xc4, 0xaa, 0xb3, 0xe7,
  0x82, 0xe5, 0x82, 0xa4, 0x62, 0x86, 0x41, 0x41, 0x31, 0x84, 0x31, 0x84,
  0x31, 0x84, 0x5a, 0xa9, 0x52, 0xe7, 0x52, 0xc6, 0x5b, 0x09, 0x6b, 0x6a,
  0x63, 0x8a, 0x5b, 0x28, 0x5b, 0xc9, 0x6c, 0x2a, 0x54, 0x0a, 0x53, 0xe9,
  0x4b, 0x68, 0x3a, 0x85, 0x52, 0xc6, 0x5a, 0xe7, 0x63, 0x06, 0x73, 0x67,
  0x9b, 0xc9, 0x9b, 0xc8, 0x72, 0xc6, 0x7a, 0xe6, 0x52, 0x06, 0x49, 0xa4,
  0x39, 0x62, 0x93, 0xec, 0xc5, 0x2b, 0xc5, 0x0a, 0x9b, 0xe7, 0x7a, 0xa2,
  0x72, 0xc4, 0x93, 0x86, 0xb4, 0x8a, 0xbc, 0xaa, 0xc5, 0x09, 0xcc, 0xe9,
  0xab, 0x66, 0xab, 0x66, 0xa3, 0x26, 0xab, 0x67, 0xa3, 0x26, 0xa3, 0x67,
  0xa3, 0x66, 0xa3, 0x67, 0xa3, 0x67, 0x9b, 0x67, 0x9a, 0xe5, 0x92, 0xc5,
  0x9a, 0x64, 0x8a, 0x44, 0x92, 0x44, 0x9a, 0xa5, 0x9a, 0x85, 0x9a, 0xc6,
  0x9a, 0x85, 0x8a, 0x64, 0x92, 0x24, 0x92, 0x44, 0x92, 0x24, 0x92, 0x24,
  0x9a, 0x44, 0x92, 0x65, 0x9a, 0x84, 0xa2, 0xc5, 0xab, 0x46, 0xb3, 0xc8,
  0xc4, 0xec, 0xdd, 0xf0, 0xdd, 0xf0, 0xe6, 0x51, 0xe6, 0x51, 0xde, 0x31,
  0xe6, 0x51, 0xde, 0x72, 0xe6, 0x51, 0xe6, 0x72, 0xe6, 0x71, 0xde, 0x51,
  0xe6, 0x30, 0xe6, 0x51, 0xe6, 0x30, 0xe6, 0x51, 0xe6, 0x0f, 0xe6, 0x2f,
  0xe5, 0xee, 0xe6, 0x0e, 0xee, 0x0e, 0xe6, 0x0f, 0xe5, 0xce, 0xdd, 0xce,
  0xe5, 0xee, 0xe6, 0x0f, 0xe5, 0xed, 0xe5, 0xed, 0xed, 0xcc, 0xee, 0x0e,
  0xed, 0xcc, 0xee, 0x0d, 0xf6, 0x0c, 0xf6, 0x0d, 0xfe, 0x2d, 0xf6, 0x4e,
  0xfe, 0x2d, 0xf6, 0x2d, 0xfe, 0x2d, 0xe5, 0x8b, 0xe4, 0xe8, 0xf5, 0x8b,
  0xed, 0x4a, 0xed, 0x8b, 0xf5, 0xac, 0xed, 0xad, 0xf5, 0xee, 0xf6, 0x2f,
  0xf6, 0x2e, 0xee, 0x0e, 0xfe, 0x0e, 0xfe, 0x4f, 0xfe, 0x0e, 0xf6, 0x2f,
  0xfe, 0x4f, 0xf6, 0x4f, 0xfe, 0x4f, 0xf6, 0x4f, 0xe5, 0x2a, 0xb3, 0xc5,
  0xb3, 0x05, 0xa2, 0xc4, 0xa2, 0xc5, 0x9a, 0xc5, 0xa2, 0x84, 0xa2, 0xc5,
  0xa2, 0xa4, 0xab, 0x05, 0xaa, 0xe4, 0xbb, 0x88, 0xc3, 0xa7, 0xbb, 0x66,
  0xbb, 0x25, 0xb3, 0x25, 0xaa, 0xa3, 0x9a, 0x83, 0xaa, 0xa3, 0xb3, 0x05,
  0xd3, 0xe7, 0xcb, 0xe7, 0xcb, 0xc7, 0xcb, 0xc7, 0xd3, 0xe6, 0xd4, 0x07,
  0xe4, 0x88, 0xe4, 0xc9, 0xe4, 0xc8, 0xe5, 0x09, 0xed, 0x2a, 0xed, 0x4b,
  0xed, 0x4c, 0xf5, 0xce, 0xfe, 0x2f, 0xfe, 0xb1, 0xfe, 0xb0, 0xfe, 0xb0,
  0xfe, 0x8f, 0xee, 0x2e, 0xdc, 0xeb, 0xc4, 0x48, 0xbb, 0xc7, 0xb3, 0xc7,
  0xbc, 0x47, 0xac, 0x06, 0x82, 0xc4, 0x8b, 0x25, 0xb3, 0xe6, 0xab, 0xc6,
  0xab, 0xc6, 0xa3, 0xc6, 0xab, 0xe7, 0xac, 0x28, 0x9b, 0x44, 0xab, 0xe7,
  0xe4, 0xe9, 0xdc, 0xc9, 0xcc, 0x67, 0xc4, 0x88, 0xb3, 0xe6, 0xb4, 0x07,
  0xc4, 0xcb, 0xb4, 0x8a, 0xb3, 0xc7, 0x9b, 0x66, 0xdd, 0x8f, 0xf6, 0x93,
  0xf6, 0xf4, 0xe6, 0x93, 0xf6, 0xd4, 0xd6, 0x12, 0xab, 0xc8, 0xac, 0x2a,
  0xb4, 0x07, 0xac, 0x07, 0xbb, 0xc6, 0xd4, 0xaa, 0xe4, 0xc8, 0xed, 0x4a,
  0xf5, 0x6a, 0xed, 0x6b, 0xe4, 0xea, 0xc4, 0x27, 0xe4, 0xea, 0xdc, 0xc9,
  0xdc, 0xe9, 0xdc, 0xea, 0xed, 0x4a, 0xe5, 0x2a, 0xe4, 0xe8, 0xdc, 0x88,
  0xe4, 0x88, 0xd4, 0x68, 0xdc, 0x88, 0xdc, 0xc9, 0xcc, 0x68, 0xc4, 0x47,
  0xc4, 0x68, 0xbc, 0x48, 0xc4, 0x07, 0x9b, 0x03, 0x9a, 0xc4, 0xa3, 0x47,
  0xab, 0x26, 0xab, 0x47, 0xbb, 0xa6, 0xbb, 0xc7, 0xcb, 0xc7, 0xcc, 0x28,
  0xbb, 0xa7, 0xab, 0x66, 0x8b, 0x05, 0x61, 0xe1, 0x51, 0xe4, 0x41, 0xa4,
  0x52, 0x25, 0x6b, 0x09, 0x39, 0xa3, 0x29, 0x41, 0x31, 0x63, 0x31, 0xc4,
  0x42, 0x25, 0x52, 0xe8, 0x42, 0x65, 0x53, 0x28, 0x63, 0xc9, 0x53, 0x67,
  0x52, 0xc6, 0x3a, 0x65, 0x4a, 0xa5, 0x53, 0x07, 0x4a, 0xe6, 0x42, 0xc5,
  0x5a, 0x64, 0x52, 0x44, 0x49, 0xa3, 0x49, 0xc3, 0x39, 0x83, 0x39, 0xa4,
  0x39, 0xa3, 0x73, 0x8b, 0xc4, 0xeb, 0x93, 0xc7, 0x7a, 0x83, 0x7a, 0xc4,
  0xa3, 0xe6, 0xbd, 0x0b, 0xc4, 0xc8, 0xc4, 0xe9, 0xcc, 0xe8, 0xc4, 0xc8,
  0xa3, 0x46, 0xa3, 0x25, 0xa3, 0x26, 0xa3, 0x26, 0x9b, 0x27, 0xab, 0x67,
  0xab, 0xc9, 0xab, 0x88, 0xa3, 0x67, 0x9b, 0x26, 0x92, 0xc5, 0x92, 0x84,
  0x92, 0xa5, 0x9a, 0xc5, 0xab, 0x68, 0xb3, 0x68, 0xb3, 0xc9, 0xbb, 0xea,
  0xab, 0xa9, 0xa3, 0x27, 0x9a, 0x65, 0x92, 0x03, 0x8a, 0x04, 0x92, 0x04,
  0x92, 0x65, 0x9a, 0x65, 0x9a, 0xa5, 0xaa, 0xe6, 0xab, 0x67, 0xbb, 0xc9,
  0xcd, 0xaf, 0xe6, 0x10, 0xde, 0x51, 0xe6, 0x51, 0xde, 0x31, 0xde, 0x30,
  0xd6, 0x31, 0xe6, 0x51, 0xde, 0x52, 0xee, 0x92, 0xe6, 0x73, 0xe6, 0x72,
  0xde, 0x51, 0xe6, 0x31, 0xde, 0x31, 0xe6, 0x30, 0xe6, 0x31, 0xe6, 0x10,
  0xe6, 0x0f, 0xe5, 0xce, 0xe5, 0xef, 0xe5, 0xef, 0xe5, 0xef, 0xe5, 0xce,
  0xdd, 0xee, 0xe5, 0xee, 0xdd, 0xcd, 0xe5, 0xcd, 0xe5, 0xee, 0xed, 0xee,
  0xe5, 0xcd, 0xf5, 0xed, 0xf6, 0x2d, 0xf6, 0x0d, 0xf6, 0x4e, 0xf6, 0x2d,
  0xee, 0x0d, 0xf6, 0x0c, 0xf6, 0x2d, 0xed, 0xab, 0xe5, 0x29, 0xed, 0x29,
  0xe5, 0x29, 0xed, 0x4a, 0xed, 0x6c, 0xf5, 0xad, 0xee, 0x0f, 0xf6, 0x2f,
  0xf6, 0x50, 0xf6, 0x0f, 0xf6, 0x2f, 0xf6, 0x0e, 0xf6, 0x4e, 0xfe, 0x4e,
  0xee, 0x4e, 0xf6, 0x4e, 0xf6, 0x6f, 0xfe, 0x4f, 0xd4, 0xaa, 0xb3, 0xa5,
  0xab, 0x26, 0xa2, 0xe5, 0x9a, 0xc6, 0xa2, 0xa5, 0xa2, 0xc5, 0xb3, 0x06,
  0xaa, 0xe6, 0xaa, 0xc5, 0xa3, 0x05, 0xab, 0x05, 0xb3, 0x46, 0xbb, 0x46,
  0xb3, 0x47, 0xd4, 0x09, 0xd4, 0x6b, 0xcb, 0xe9, 0xd4, 0x4a, 0xcb, 0xc8,
  0xbb, 0xc8, 0xbb, 0x66, 0xbb, 0x66, 0xbb, 0x46, 0xbb, 0x65, 0xc3, 0x65,
  0xcb, 0xc6, 0xd4, 0x27, 0xdc, 0xa8, 0xec, 0xe9, 0xe5, 0x2a, 0xdc, 0xe9,
  0xe5, 0x4b, 0xf5, 0x8c, 0xf6, 0x0e, 0xfe, 0x2f, 0xf6, 0x90, 0xfe, 0x6f,
  0xfe, 0xb1, 0xf6, 0x2e, 0xdc, 0xec, 0xcc, 0x49, 0xbb, 0xc8, 0xb3, 0xa7,
  0xbc, 0x68, 0xab, 0xa5, 0x72, 0xa4, 0x8b, 0x26, 0xab, 0xe7, 0xab, 0xc6,
  0xac, 0x07, 0xa3, 0xa6, 0xa4, 0x07, 0xbc, 0x89, 0x9b, 0xe7, 0x9b, 0xa6,
  0xcd, 0x0a, 0xd5, 0x0a, 0xc4, 0xc8, 0xc4, 0xa8, 0xb4, 0x67, 0xac, 0x05,
  0xb4, 0x89, 0xac, 0x07, 0x9b, 0xa6, 0xab, 0xc7, 0xd5, 0xf0, 0xee, 0x92,
  0xee, 0xf4, 0xee, 0xb3, 0xee, 0xb4, 0xd5, 0xd0, 0x93, 0x06, 0xa3, 0x47,
  0xab, 0x67, 0xb3, 0x67, 0xab, 0xa7, 0xbb, 0xe8, 0xc4, 0x88, 0xdd, 0x0a,
  0xe5, 0x8e, 0xdd, 0x2c, 0xdd, 0x6e, 0xdd, 0x4e, 0xd4, 0xec, 0xcc, 0x8b,
  0xd5, 0x6d, 0xe5, 0x8d, 0xe5, 0xad, 0xe5, 0x8d, 0xed, 0xce, 0xe5, 0x6c,
  0xd4, 0xeb, 0xd4, 0xeb, 0xcd, 0x2c, 0xe5, 0xae, 0xe6, 0x31, 0xdd, 0xf0,
  0xdd, 0xf1, 0xe5, 0xd0, 0xd5, 0x6e, 0xd5, 0x4d, 0xc5, 0x2e, 0xcd, 0x0e,
  0xb4, 0x4b, 0xd5, 0x0d, 0xc4, 0xed, 0xc4, 0xcc, 0xbc, 0x6b, 0xbc, 0x09,
  0xbc, 0x8c, 0xbc, 0x4b, 0xa3, 0x87, 0x82, 0x63, 0x6a, 0x24, 0x72, 0x24,
  0x5a, 0x24, 0x62, 0x23, 0x41, 0xa4, 0x31, 0x22, 0x29, 0x44, 0x29, 0x24,
  0x29, 0x44, 0x31, 0x64, 0x4a, 0x86, 0x63, 0x08, 0x5b, 0x48, 0x42, 0x44,
  0x31, 0xc4, 0x39, 0xc4, 0x42, 0x25, 0x5a, 0xc7, 0x4a, 0xe7, 0x42, 0x65,
  0x42, 0x46, 0x31, 0xc4, 0x31, 0xc5, 0x31, 0x83, 0x29, 0xa4, 0x3a, 0x05,
  0x3a, 0x05, 0x42, 0x46, 0x7b, 0x47, 0x72, 0xa5, 0x7b, 0x05, 0xac, 0x49,
  0xbc, 0xeb, 0xc4, 0xeb, 0xbc, 0xc8, 0xc4, 0xc8, 0xcc, 0xe9, 0xcc, 0xc8,
  0xab, 0x45, 0xa3, 0x25, 0xab, 0x26, 0xa3, 0x47, 0xab, 0x47, 0xa3, 0x48,
  0xab, 0xa8, 0xab, 0xa8, 0xa3, 0x66, 0x93, 0x46, 0x9a, 0xa4, 0x92, 0xa5,
  0xa2, 0xc5, 0xbb, 0xa9, 0xbb, 0xc8, 0xab, 0xa7, 0xab, 0xa7, 0xab, 0xe8,
  0xbc, 0x09, 0xab, 0xa8, 0xb3, 0x27, 0x9a, 0xa5, 0x92, 0x24, 0x92, 0x45,
  0x9a, 0x64, 0x9a, 0xa5, 0xa2, 0xc4, 0xb3, 0x46, 0xab, 0x87, 0xcc, 0xac,
  0xe6, 0x30, 0xde, 0x31, 0xe6, 0x51, 0xe6, 0x72, 0xde, 0x30, 0xd6, 0x30,
  0xde, 0x30, 0xd6, 0x30, 0xe6, 0x50, 0xe6, 0x91, 0xee, 0x71, 0xde, 0x30,
  0xe6, 0x2f, 0xde, 0x50, 0xe6, 0x2f, 0xde, 0x30, 0xe6, 0x0f, 0xe6, 0x2f,
  0xe5, 0xee, 0xe5, 0xee, 0xed, 0xcd, 0xe5, 0xcd, 0xed, 0xee, 0xe6, 0x0f,
  0xe5, 0xcd, 0xe5, 0xee, 0xdd, 0xad, 0xe6, 0x0e, 0xee, 0x0e, 0xee, 0x2f,
  0xee, 0x0d, 0xee, 0x2e, 0xfe, 0x2d, 0xf6, 0x2d, 0xfe, 0x2d, 0xf6, 0x2d,
  0xf6, 0x0c, 0xf6, 0x2d, 0xfd, 0xec, 0xf5, 0xec, 0xed, 0x49, 0xe5, 0x49,
  0xec, 0xe8, 0xed, 0x29, 0xf5, 0x6b, 0xf5, 0xac, 0xf6, 0x0e, 0xf6, 0x2f,
  0xf6, 0x4e, 0xf6, 0x4e, 0xfe, 0x0c, 0xf6, 0x2d, 0xf6, 0x2c, 0xf6, 0x4d,
  0xf6, 0x4e, 0xf6, 0x4e, 0xfe, 0x6f, 0xee, 0x2e, 0xcc, 0x48, 0xb3, 0xa5,
  0xbb, 0x66, 0xab, 0x05, 0xa2, 0xc5, 0xa2, 0xc5, 0xb3, 0x25, 0xb3, 0x66,
  0xb3, 0x25, 0xa2, 0xe5, 0xab, 0x05, 0xb3, 0x87, 0xb3, 0x05, 0xa2, 0xc5,
  0xaa, 0xc5, 0xaa, 0xe6, 0xbb, 0x46, 0xb3, 0x46, 0xc3, 0x86, 0xc3, 0xa7,
  0xc3, 0xa6, 0xb3, 0x66, 0xb3, 0x05, 0xb3, 0x25, 0xbb, 0x45, 0xb3, 0x45,
  0xc3, 0x65, 0xc3, 0xa7, 0xdc, 0x46, 0xe4, 0xc9, 0xed, 0x4a, 0xe5, 0x6a,
  0xed, 0x29, 0xe5, 0x29, 0xf5, 0xac, 0xf5, 0xac, 0xf5, 0xcc, 0xfe, 0x8f,
  0xfe, 0xb0, 0xee, 0x4f, 0xd4, 0xeb, 0xc4, 0x8a, 0xbb, 0xc7, 0xb3, 0xc8,
  0xbc, 0x68, 0xa3, 0xc5, 0x82, 0xc3, 0x93, 0x46, 0xab, 0xe6, 0xac, 0x07,
  0xac, 0x06, 0xa3, 0xc5, 0xac, 0x06, 0xc4, 0xc9, 0xc4, 0xa9, 0x9b, 0xa5,
  0xc4, 0x88, 0xed, 0xee, 0xe5, 0xab, 0xc4, 0xe9, 0xbc, 0x87, 0xb4, 0x87,
  0xbc, 0x89, 0xac, 0x28, 0x9b, 0xe7, 0xac, 0x69, 0xde, 0x30, 0xee, 0xd3,
  0xf6, 0xb4, 0xf6, 0xf5, 0xe6, 0x52, 0xd5, 0xd0, 0xbc, 0xec, 0xc5, 0x4e,
  0xcd, 0x2e, 0xe6, 0x12, 0xee, 0x10, 0xdd, 0xcf, 0xe5, 0xed, 0xdd, 0xcd,
  0xe6, 0x0f, 0xee, 0x71, 0xf6, 0x71, 0xe6, 0x30, 0xee, 0x2f, 0xee, 0x70,
  0xee, 0x0d, 0xee, 0x2e, 0xf6, 0x2e, 0xee, 0x4f, 0xee, 0x0d, 0xee, 0x2e,
  0xed, 0xee, 0xee, 0x0f, 0xe5, 0xef, 0xdd, 0xcf, 0xe6, 0x10, 0xee, 0x92,
  0xf6, 0x91, 0xe6, 0x30, 0xe5, 0xad, 0xe5, 0xee, 0xee, 0x10, 0xee, 0x52,
  0xf6, 0x72, 0xf6, 0x93, 0xf6, 0x92, 0xee, 0x72, 0xf6, 0x70, 0xee, 0x30,
  0xf6, 0x50, 0xee, 0x30, 0xed, 0xce, 0xdd, 0x8d, 0xbc, 0x0a, 0xa3, 0x67,
  0x8a, 0xa5, 0x7a, 0x23, 0x71, 0xe4, 0x59, 0x62, 0x39, 0x63, 0x39, 0x84,
  0x41, 0xc4, 0x39, 0xa4, 0x41, 0xa3, 0x4a, 0x25, 0x4a, 0x45, 0x39, 0xc4,
  0x29, 0x63, 0x21, 0x63, 0x39, 0xa4, 0x4a, 0x67, 0x4a, 0x66, 0x42, 0x45,
  0x4a, 0x05, 0x39, 0xe4, 0x31, 0x83, 0x31, 0xc4, 0x42, 0x25, 0x42, 0x66,
  0x42, 0x04, 0x3a, 0x04, 0x5a, 0x64, 0x73, 0x48, 0xb4, 0x68, 0xc5, 0x0b,
  0xc4, 0xe8, 0xc4, 0xe9, 0xcc, 0xe8, 0xc4, 0xe9, 0xc4, 0xc8, 0xbc, 0x88,
  0xa3, 0x26, 0xa3, 0x25, 0xa3, 0x67, 0xab, 0x47, 0xb3, 0xea, 0xb3, 0xa9,
  0xb4, 0x4b, 0xbc, 0x4b, 0xbc, 0x8b, 0xa3, 0xc8, 0x9b, 0x27, 0x92, 0xc5,
  0xa3, 0x06, 0xb3, 0x88, 0xab, 0x87, 0xab, 0x87, 0xab, 0xa8, 0xab, 0xa8,
  0xab, 0x87, 0xab, 0x87, 0xa3, 0x27, 0xab, 0x47, 0x9a, 0x86, 0x92, 0x44,
  0x92, 0x65, 0xa2, 0xa5, 0xa3, 0x06, 0xb3, 0x26, 0xab, 0xc9, 0xe5, 0x6f,
  0xde, 0x52, 0xe6, 0x51, 0xde, 0x52, 0xde, 0x31, 0xd6, 0x31, 0xde, 0x30,
  0xde, 0x51, 0xde, 0x51, 0xde, 0x71, 0xe6, 0x51, 0xe6, 0x51, 0xe6, 0x10,
  0xde, 0x30, 0xe6, 0x50, 0xe6, 0x50, 0xee, 0x50, 0xe6, 0x30, 0xe5, 0xef,
  0xdd, 0xcf, 0xe5, 0xef, 0xe5, 0xee, 0xe5, 0xad, 0xdd, 0xce, 0xe5, 0xce,
  0xdd, 0xce, 0xe5, 0xce, 0xe5, 0xee, 0xe5, 0xed, 0xdd, 0xed, 0xee, 0x0e,
  0xee, 0x0e, 0xee, 0x0d, 0xee, 0x0d, 0xf6, 0x0c, 0xed, 0xed, 0xf6, 0x0d,
  0xee, 0x0d, 0xfe, 0x2d, 0xf6, 0x0d, 0xf5, 0xec, 0xed, 0x8b, 0xe5, 0x29,
  0xe5, 0x09, 0xed, 0x29, 0xed, 0x6c, 0xf5, 0x6b, 0xf6, 0x0f, 0xf6, 0x0e,
  0xee, 0x2e, 0xf6, 0x0e, 0xf6, 0x2d, 0xf6, 0x0d, 0xf6, 0x0e, 0xfe, 0x2e,
  0xf6, 0x6f, 0xfe, 0x6f, 0xfe, 0x90, 0xe5, 0xcc, 0xc4, 0x28, 0xbb, 0xa5,
  0xbb, 0x87, 0xbb, 0x67, 0xab, 0x47, 0xab, 0x05, 0xa3, 0x05, 0xab, 0x05,
  0xa3, 0x06, 0xa2, 0xa4, 0xa2, 0xc5, 0xbb, 0x27, 0xbb, 0x88, 0x9a, 0x63,
  0x92, 0x23, 0xa2, 0x64, 0xab, 0x26, 0xab, 0x05, 0xbb, 0xa7, 0xc3, 0xc8,
  0xb3, 0x46, 0xaa, 0xe5, 0xaa, 0xe5, 0xb2, 0xe5, 0xaa, 0xe5, 0xb2, 0xe5,
  0xb3, 0x05, 0xbb, 0x25, 0xc3, 0xc6, 0xd4, 0x27, 0xe5, 0x2a, 0xed, 0x4a,
  0xe5, 0x2a, 0xed, 0x2a, 0xe5, 0x4b, 0xed, 0x6b, 0xf5, 0xed, 0xfe, 0x6e,
  0xfe, 0xd1, 0xee, 0x2e, 0xcc, 0xcc, 0xcc, 0x6a, 0xbc, 0x08, 0xbb, 0xc7,
  0xb4, 0x68, 0x9b, 0x85, 0x7a, 0xc4, 0x9b, 0xa7, 0xac, 0x07, 0xb4, 0x07,
  0xac, 0x27, 0xa3, 0xe6, 0xb4, 0x88, 0xc4, 0xc9, 0xc5, 0x0a, 0xa3, 0xe6,
  0xac, 0x07, 0xe5, 0x8d, 0xee, 0x0d, 0xdd, 0x2a, 0xbc, 0xc9, 0xbc, 0xa8,
  0xac, 0xab, 0xb4, 0xcb, 0xc5, 0x6f, 0xd5, 0xf1, 0xde, 0x52, 0xee, 0x73,
  0xee, 0xd5, 0xee, 0x74, 0xe6, 0x93, 0xde, 0x32, 0xd5, 0xf1, 0xf6, 0x93,
  0xee, 0x93, 0xee, 0x51, 0xe6, 0x30, 0xe5, 0xef, 0xe5, 0xee, 0xdd, 0xac,
  0xee, 0x2f, 0xee, 0x2e, 0xe6, 0x2e, 0xe5, 0xed, 0xe6, 0x0d, 0xf6, 0x4e,
  0xee, 0x0d, 0xed, 0xec, 0xe5, 0xed, 0xed, 0xed, 0xee, 0x4f, 0xf6, 0x2e,
  0xee, 0x50, 0xee, 0x0f, 0xf6, 0x92, 0xf6, 0x71, 0xee, 0x71, 0xf6, 0x71,
  0xee, 0x70, 0xee, 0x2f, 0xee, 0x2f, 0xee, 0x0e, 0xe6, 0x10, 0xe5, 0xef,
  0xe5, 0xf0, 0xdd, 0x8e, 0xe5, 0xad, 0xe5, 0x8c, 0xe5, 0x6b, 0xdd, 0x09,
  0xe5, 0x2a, 0xe5, 0x09, 0xe5, 0x4b, 0xdc, 0xea, 0xdd, 0x2c, 0xdd, 0x0b,
  0xd4, 0xcb, 0xcc, 0x29, 0xab, 0x47, 0x92, 0x63, 0x59, 0xa3, 0x51, 0x41,
  0x41, 0xa5, 0x39, 0x63, 0x29, 0x44, 0x31, 0x44, 0x41, 0xe5, 0x5a, 0x87,
  0x39, 0xe5, 0x41, 0xe4, 0x3a, 0x25, 0x3a, 0x05, 0x3a, 0x05, 0x42, 0x25,
  0x41, 0xe5, 0x41, 0xa4, 0x5a, 0xc9, 0x4a, 0x46, 0x3a, 0x46, 0x4a, 0x86,
  0x32, 0x45, 0x29, 0xc3, 0x5a, 0xa6, 0xac, 0xce, 0xcd, 0x4c, 0xcd, 0x2b,
  0xc5, 0x09, 0xbc, 0xa8, 0xb4, 0x68, 0xb4, 0x67, 0xbc, 0x68, 0xbc, 0x68,
  0xab, 0x45, 0xab, 0x66, 0xb3, 0xa7, 0xab, 0xc8, 0xbc, 0x0a, 0xb4, 0x2a,
  0xb4, 0x2a, 0xb4, 0x4b, 0xbc, 0x8a, 0xbc, 0x8b, 0xbc, 0x29, 0xab, 0xa8,
  0xab, 0x66, 0xb3, 0xa8, 0xab, 0x66, 0xa3, 0x66, 0xab, 0x87, 0xa3, 0x87,
  0xab, 0x46, 0x9a, 0xe5, 0xa2, 0xe5, 0x9b, 0x06, 0xa2, 0xc6, 0x92, 0x85,
  0x9a, 0x64, 0xa2, 0xc6, 0xab, 0x05, 0xb3, 0x67, 0xc4, 0xab, 0xee, 0x11,
  0xe6, 0x71, 0xde, 0x72, 0xe6, 0x51, 0xde, 0x51, 0xde, 0x51, 0xd6, 0x31,
  0xde, 0x30, 0xde, 0x31, 0xe6, 0x50, 0xe6, 0x72, 0xe6, 0x30, 0xe6, 0x50,
  0xee, 0x50, 0xe6, 0x50, 0xee, 0x50, 0xe6, 0x30, 0xe6, 0x0f, 0xdd, 0xce,
  0xe5, 0xce, 0xe5, 0xee, 0xe5, 0xcd, 0xe5, 0xee, 0xe5, 0xce, 0xe5, 0xee,
  0xe5, 0xed, 0xe5, 0xee, 0xe5, 0xcc, 0xe6, 0x0d, 0xee, 0x0c, 0xe5, 0xec,
  0xee, 0x0c, 0xee, 0x2d, 0xf5, 0xec, 0xed, 0xec, 0xf6, 0x0c, 0xf6, 0x2d,
  0xf6, 0x0d, 0xf6, 0x4e, 0xfe, 0x0d, 0xf6, 0x0c, 0xfd, 0xcb, 0xed, 0xab,
  0xed, 0x49, 0xf5, 0x8a, 0xf5, 0x8b, 0xed, 0xab, 0xf5, 0xcc, 0xfe, 0x2e,
  0xf6, 0x0d, 0xf6, 0x2d, 0xf6, 0x2d, 0xf6, 0x4d, 0xfe, 0x4e, 0xfe, 0x4f,
  0xfe, 0x6f, 0xf6, 0x6f, 0xfe, 0x6f, 0xdd, 0x8b, 0xc3, 0xa6, 0xab, 0x24,
  0xb3, 0x25, 0xb3, 0x66, 0xb3, 0x66, 0xb3, 0x87, 0xbb, 0x66, 0xab, 0x25,
  0xaa, 0xe6, 0xab, 0x06, 0xaa, 0xa5, 0xaa, 0xc5, 0xbb, 0x26, 0xbb, 0x47,
  0xb3, 0x05, 0xbb, 0x66, 0xc3, 0xc7, 0xb3, 0x65, 0xab, 0x04, 0xab, 0x46,
  0xb2, 0xe5, 0xaa, 0xe5, 0xaa, 0xa5, 0xaa, 0xc5, 0xb3, 0x06, 0xaa, 0xe6,
  0xb2, 0xe5, 0xab, 0x05, 0xcb, 0x85, 0xd3, 0xe7, 0xdc, 0x67, 0xf5, 0x4b,
  0xed, 0x29, 0xe5, 0x2a, 0xfd, 0x8c, 0xf5, 0xac, 0xfe, 0x0d, 0xfe, 0x6e,
  0xfe, 0xb0, 0xee, 0x6f, 0xdc, 0xec, 0xc4, 0x8a, 0xc4, 0x08, 0xbb, 0xe8,
  0xbc, 0x88, 0x9b, 0xa5, 0x8b, 0x04, 0xa4, 0x08, 0xb4, 0x27, 0xb4, 0x68,
  0xac, 0x26, 0xac, 0x47, 0xc4, 0xc8, 0xbc, 0xc8, 0xcd, 0x29, 0xbc, 0xc8,
  0xab, 0xc5, 0xc4, 0xca, 0xf5, 0xcc, 0xe5, 0x8b, 0xc4, 0xea, 0xe6, 0x0e,
  0xe6, 0x51, 0xee, 0x92, 0xee, 0x71, 0xf6, 0xb3, 0xee, 0x31, 0xee, 0x72,
  0xf6, 0xd4, 0xee, 0xb4, 0xee, 0xb3, 0xe6, 0xb4, 0xe6, 0x51, 0xde, 0x10,
  0xee, 0x0f, 0xee, 0x50, 0xf6, 0x90, 0xf6, 0xb1, 0xfe, 0x6f, 0xee, 0x4f,
  0xfe, 0x4f, 0xf6, 0x4f, 0xf6, 0x4e, 0xf6, 0x6f, 0xf6, 0x4e, 0xee, 0x4e,
  0xf6, 0x4f, 0xf6, 0x90, 0xfe, 0x91, 0xfe, 0xd2, 0xf6, 0x92, 0xee, 0x51,
  0xf6, 0x92, 0xee, 0x92, 0xf6, 0x92, 0xe6, 0x52, 0xee, 0x92, 0xee, 0x93,
  0xfe, 0xd2, 0xee, 0xb2, 0xf6, 0x50, 0xf6, 0x91, 0xf6, 0xb2, 0xee, 0x92,
  0xee, 0x50, 0xee, 0x91, 0xee, 0x91, 0xe6, 0x91, 0xee, 0x4f, 0xe6, 0x2f,
  0xed, 0xac, 0xdd, 0x8c, 0xf5, 0x8b, 0xf5, 0xcc, 0xed, 0x8b, 0xe5, 0x6b,
  0xed, 0x2a, 0xe5, 0x2a, 0xed, 0x0a, 0xcc, 0x47, 0xa3, 0x05, 0x7a, 0x01,
  0x59, 0xa2, 0x51, 0xa2, 0x49, 0x64, 0x49, 0x64, 0x51, 0xe4, 0x52, 0x45,
  0x4a, 0x46, 0x4a, 0x66, 0x4a, 0x87, 0x42, 0x67, 0x39, 0xc4, 0x31, 0xc4,
  0x39, 0x63, 0x39, 0xa4, 0x52, 0x67, 0x31, 0xc4, 0x4a, 0x66, 0x5b, 0x29,
  0x42, 0xc6, 0x2a, 0x24, 0x8b, 0xa9, 0xbd, 0x50, 0xc5, 0x0a, 0xbc, 0xc9,
  0xac, 0x46, 0x9c, 0x06, 0x8b, 0x64, 0x83, 0x43, 0x8b, 0x04, 0x8b, 0x45,
  0xa3, 0x46, 0xab, 0x26, 0xa3, 0x87, 0xb3, 0xc8, 0xb4, 0x0a, 0xbc, 0x2a,
  0xac, 0x2b, 0xb4, 0x2a, 0xb4, 0x4b, 0xab, 0xe9, 0xb4, 0x0a, 0xb3, 0xe9,
  0xb3, 0xe8, 0xab, 0x66, 0xa3, 0x86, 0xa3, 0x45, 0xa3, 0x67, 0xa3, 0x25,
  0x9b, 0x06, 0x9a, 0xa5, 0x9b, 0x07, 0xab, 0x47, 0xab, 0x27, 0x9a, 0x85,
  0x9a, 0x85, 0xa2, 0x85, 0xa3, 0x26, 0xc3, 0xc8, 0xcd, 0x6e, 0xee, 0x11,
  0xde, 0x52, 0xe6, 0x52, 0xde, 0x51, 0xde, 0x31, 0xde, 0x51, 0xde, 0x10,
  0xde, 0x52, 0xe6, 0x51, 0xe6, 0x71, 0xe6, 0x71, 0xe6, 0x51, 0xe6, 0x30,
  0xe6, 0x30, 0xe6, 0x30, 0xe6, 0x30, 0xe6, 0x10, 0xde, 0x0f, 0xdd, 0xce,
  0xdd, 0xef, 0xe5, 0xef, 0xe5, 0xee, 0xe5, 0xee, 0xdd, 0xce, 0xe5, 0xee,
  0xdd, 0xed, 0xe5, 0xcd, 0xdd, 0xcd, 0xe5, 0xed, 0xe5, 0xed, 0xe5, 0xcc,
  0xed, 0xec, 0xed, 0xec, 0xed, 0xec, 0xf5, 0xec, 0xf6, 0x2d, 0xfe, 0x2d,
  0xf6, 0x2e, 0xf6, 0x0d, 0xf6, 0x2d, 0xf6, 0x0c, 0xf5, 0xec, 0xf5, 0xcb,
  0xed, 0xab, 0xed, 0x8a, 0xed, 0xab, 0xf5, 0xab, 0xed, 0xcc, 0xf5, 0xcc,
  0xf5, 0xed, 0xf5, 0xec, 0xed, 0xec, 0xf6, 0x0d, 0xf6, 0x4f, 0xfe, 0x4e,
  0xf6, 0x4f, 0xf6, 0x2e, 0xf6, 0x2e, 0xdd, 0x2a, 0xb3, 0x46, 0xaa, 0xc4,
  0xa2, 0xc5, 0xaa, 0xe6, 0xab, 0x25, 0xb3, 0x66, 0xab, 0x46, 0xb3, 0x46,
  0xa2, 0xe6, 0xa2, 0xc5, 0xa2, 0xc6, 0xaa, 0xe6, 0xc3, 0xa8, 0xd4, 0x2a,
  0xd4, 0x69, 0xe4, 0xca, 0xdc, 0xea, 0xdc, 0x89, 0xb3, 0x66, 0xa2, 0xe4,
  0xab, 0x06, 0xaa, 0xe5, 0xa2, 0xc5, 0xaa, 0xe6, 0xab, 0x26, 0xab, 0x05,
  0xaa, 0xe5, 0xb2, 0xe5, 0xbb, 0x46, 0xcb, 0xa7, 0xcc, 0x07, 0xe4, 0x88,
  0xed, 0x4b, 0xe4, 0xe9, 0xed, 0x4b, 0xfd, 0xcc, 0xfe, 0x2e, 0xfe, 0x4e,
  0xfe, 0xd1, 0xee, 0x2f, 0xd4, 0xcd, 0xcc, 0x8b, 0xbc, 0x09, 0xbb, 0xe8,
  0xb4, 0x89, 0x9b, 0x85, 0x83, 0x05, 0x9b, 0xa7, 0xb4, 0x48, 0xc4, 0xa9,
  0xac, 0x47, 0xb4, 0x67, 0xbc, 0xc9, 0xc4, 0xc8, 0xcd, 0x29, 0xcd, 0x09,
  0xc4, 0xea, 0xb4, 0x27, 0xcd, 0x0a, 0xd5, 0x2b, 0xe5, 0xcd, 0xfe, 0x6f,
  0xee, 0x4f, 0xe5, 0xcd, 0xe5, 0x8d, 0xe5, 0x4c, 0xdd, 0xae, 0xfe, 0x50,
  0xee, 0xb4, 0xf6, 0xd4, 0xe6, 0xb4, 0xee, 0xb4, 0xe6, 0x72, 0xe6, 0x31,
  0xee, 0x51, 0xfe, 0x91, 0xf6, 0x71, 0xf6, 0x50, 0xee, 0x51, 0xee, 0x30,
  0xee, 0x71, 0xf6, 0x71, 0xf6, 0xb1, 0xfe, 0x91, 0xee, 0x92, 0xfe, 0xd2,
  0xf6, 0xd4, 0xf6, 0xd4, 0xf6, 0xf5, 0xf6, 0xb4, 0xe6, 0x94, 0xf6, 0xf5,
  0xee, 0xb5, 0xee, 0xb4, 0xe6, 0xb5, 0xee, 0xb5, 0xe6, 0xb5, 0xee, 0xb5,
  0xee, 0xf6, 0xee, 0x94, 0xee, 0xb4, 0xee, 0x93, 0xee, 0xb4, 0xee, 0x93,
  0xee, 0xd4, 0xee, 0xd3, 0xee, 0xf4, 0xee, 0xb3, 0xee, 0xb2, 0xf6, 0xb2,
  0xee, 0x92, 0xee, 0x50, 0xee, 0x50, 0xee, 0x4f, 0xee, 0x0f, 0xed, 0xce,
  0xdd, 0x8c, 0xe5, 0x8c, 0xe5, 0xac, 0xed, 0xcc, 0xed, 0xad, 0xd4, 0xa9,
  0x9b, 0x46, 0x82, 0x62, 0x82, 0x65, 0x82, 0x24, 0x62, 0x24, 0x49, 0x21,
  0x29, 0x63, 0x31, 0x63, 0x29, 0x64, 0x31, 0x84, 0x31, 0x84, 0x39, 0xc5,
  0x39, 0xe5, 0x39, 0xa4, 0x29, 0xa4, 0x31, 0xa3, 0x5b, 0x29, 0x5b, 0x08,
  0x42, 0x86, 0x3a, 0x04, 0x7b, 0x47, 0x8b, 0xa8, 0x93, 0xc6, 0xa4, 0x07,
  0x9c, 0x27, 0xa4, 0x26, 0xa4, 0x47, 0xa4, 0x06, 0x93, 0xc7, 0x8b, 0x25,
  0xab, 0x46, 0xa3, 0x25, 0xab, 0x46, 0xbb, 0xe9, 0xb3, 0xe9, 0xbc, 0x4a,
  0xbc, 0x4b, 0xb4, 0x4b, 0xbc, 0x4a, 0xbc, 0x4a, 0xb3, 0xe8, 0xab, 0xe8,
  0xb3, 0xe7, 0xa3, 0x86, 0xab, 0x65, 0xa3, 0x66, 0xab, 0x87, 0x9b, 0x25,
  0x9a, 0xc4, 0x9a, 0xc5, 0x9a, 0xc5, 0x9b, 0x06, 0x9a, 0xa5, 0x92, 0x84,
  0xa2, 0x84, 0xa2, 0xa5, 0xab, 0x25, 0xc4, 0x09, 0xdd, 0xee, 0xe6, 0x30,
  0xe6, 0x31, 0xde, 0x51, 0xe6, 0x30, 0xde, 0x30, 0xde, 0x30, 0xde, 0x71,
  0xe6, 0x50, 0xde, 0x51, 0xee, 0x71, 0xe6, 0x51, 0xe6, 0x30, 0xe6, 0x30,
  0xe6, 0x30, 0xde, 0x30, 0xe6, 0x0f, 0xde, 0x0f, 0xe5, 0xef, 0xe6, 0x0f,
  0xe6, 0x0f, 0xe6, 0x0f, 0xe5, 0xed, 0xe5, 0xee, 0xe5, 0xcd, 0xdd, 0xcd,
  0xe5, 0xcd, 0xdd, 0xcd, 0xe5, 0xcc, 0xdd, 0xcd, 0xe5, 0xcc, 0xe5, 0xec,
  0xed, 0xec, 0xee, 0x0d, 0xf5, 0xec, 0xf6, 0x0d, 0xf6, 0x0c, 0xf6, 0x4d,
  0xfe, 0x4d, 0xf6, 0x4e, 0xfe, 0x2c, 0xf6, 0x0c, 0xfd, 0xeb, 0xf6, 0x0c,
  0xf5, 0xca, 0xf5, 0xeb, 0xf5, 0xaa, 0xed, 0xaa, 0xf5, 0xab, 0xed, 0xcc,
  0xf5, 0xab, 0xf5, 0xcc, 0xf6, 0x0b, 0xf6, 0x2d, 0xfe, 0x4d, 0xf6, 0x4e,
  0xfe, 0x6e, 0xfe, 0x8f, 0xfd, 0xed, 0xcc, 0xa8, 0xaa, 0xc4, 0xaa, 0xc5,
  0xb2, 0xe6, 0xb3, 0x27, 0xb3, 0x25, 0xb3, 0x66, 0xb3, 0x46, 0xab, 0x25,
  0xa2, 0xc4, 0x9a, 0xc4, 0xa2, 0x84, 0xaa, 0xe6, 0xd4, 0x49, 0xe5, 0x0c,
  0xe4, 0xe9, 0xe5, 0x2a, 0xe5, 0x09, 0xed, 0x8b, 0xdc, 0xca, 0xab, 0x44,
  0xaa, 0xc4, 0xaa, 0xe5, 0xb3, 0x26, 0xbb, 0x67, 0xbb, 0x45, 0xbb, 0x66,
  0xbb, 0x25, 0xaa, 0xe4, 0xbb, 0x25, 0xbb, 0x86, 0xcb, 0xc5, 0xd4, 0x27,
  0xf5, 0x4b, 0xe5, 0x2a, 0xed, 0x08, 0xfd, 0xab, 0xfe, 0x0d, 0xfe, 0x6f,
  0xfe, 0xd1, 0xee, 0x4f, 0xd4, 0xcb, 0xcc, 0xab, 0xc4, 0x09, 0xbb, 0xe9,
  0xb4, 0x27, 0x9b, 0xa5, 0x82, 0xe5, 0xa4, 0x09, 0xbc, 0x68, 0xbc, 0x88,
  0xbc, 0x67, 0xbc, 0xa8, 0xc4, 0xe8, 0xc5, 0x09, 0xcd, 0x08, 0xcd, 0x29,
  0xdd, 0xac, 0xd5, 0x8c, 0xdd, 0x8d, 0xdd, 0xce, 0xed, 0xac, 0xed, 0xed,
  0xed, 0x69, 0xed, 0xaa, 0xf5, 0x6a, 0xed, 0x4a, 0xdd, 0x8c, 0xee, 0x50,
  0xee, 0xb2, 0xee, 0xb3, 0xee, 0xb3, 0xee, 0xd4, 0xee, 0x51, 0xee, 0x92,
  0xf6, 0x92, 0xfe, 0xf4, 0xfe, 0xf3, 0xf6, 0xd3, 0xf6, 0xb2, 0xee, 0xd2,
  0xf6, 0xb1, 0xf6, 0xf2, 0xf6, 0xd2, 0xee, 0xd2, 0xf6, 0xb2, 0xf6, 0xf3,
  0xf6, 0xd4, 0xf6, 0xd4, 0xf6, 0xd5, 0xee, 0xb4, 0xee, 0xb4, 0xde, 0x73,
  0xe6, 0x73, 0xee, 0xb4, 0xf6, 0xd4, 0xf6, 0xf5, 0xee, 0x94, 0xe6, 0x93,
  0xe6, 0x72, 0xee, 0xb3, 0xf6, 0x93, 0xee, 0xb4, 0xf6, 0xd4, 0xee, 0xd4,
  0xf6, 0xb4, 0xee, 0xd4, 0xee, 0xb3, 0xee, 0xb4, 0xf6, 0x92, 0xee, 0x92,
  0xee, 0x71, 0xe6, 0x51, 0xf6, 0x92, 0xee, 0x92, 0xee, 0x92, 0xe6, 0x72,
  0xee, 0x30, 0xe6, 0x30, 0xee, 0x2f, 0xee, 0x0f, 0xf5, 0xcb, 0xed, 0xec,
  0xed, 0x8c, 0xd4, 0xc9, 0xbb, 0x86, 0x9b, 0x04, 0x92, 0x45, 0x69, 0x20,
  0x41, 0x22, 0x41, 0x43, 0x31, 0x23, 0x29, 0x43, 0x31, 0x43, 0x39, 0x84,
  0x4a, 0x25, 0x5a, 0xc8, 0x41, 0xe4, 0x5a, 0xe8, 0x5b, 0x07, 0x32, 0x04,
  0x39, 0x83, 0x42, 0x26, 0x8b, 0x66, 0x94, 0x08, 0xbc, 0xa8, 0xbd, 0x0a,
  0xcc, 0xe8, 0xc5, 0x09, 0xc4, 0xc7, 0xbc, 0xc7, 0xbc, 0x88, 0xac, 0x27,
  0xa3, 0x46, 0xa3, 0x05, 0x9b, 0x06, 0xb3, 0x67, 0xb3, 0xea, 0xb3, 0xc9,
  0xac, 0x0a, 0xb4, 0x0a, 0xb3, 0xea, 0xb3, 0xe9, 0xab, 0xe9, 0xb3, 0xe9,
  0xab, 0xc8, 0xa3, 0x66, 0x9b, 0x46, 0xa3, 0x45, 0xa3, 0x67, 0xa3, 0x26,
  0x9b, 0x06, 0x9a, 0xc5, 0x92, 0xc6, 0x9a, 0xa5, 0x9a, 0x85, 0x9a, 0x84,
  0xa2, 0xa6, 0xaa, 0xa5, 0xa3, 0x06, 0xd4, 0x6b, 0xdd, 0xef, 0xe6, 0x10,
  0xde, 0x51, 0xde, 0x10, 0xde, 0x31, 0xe6, 0x30, 0xde, 0x51, 0xe6, 0x50,
  0xde, 0x51, 0xe6, 0x50, 0xe6, 0x50, 0xe6, 0x50, 0xe6, 0x51, 0xee, 0x50,
  0xe6, 0x30, 0xe6, 0x0f, 0xe6, 0x30, 0xe5, 0xef, 0xe6, 0x30, 0xe5, 0xef,
  0xe6, 0x0e, 0xe5, 0xee, 0xdd, 0xcd, 0xdd, 0xac, 0xdd, 0xcd, 0xdd, 0xac,
  0xdd, 0xad, 0xe5, 0xcd, 0xdd, 0xad, 0xdd, 0x8c, 0xe5, 0xcd, 0xe5, 0xcc,
  0xe5, 0xcc, 0xed, 0xec, 0xee, 0x0d, 0xf5, 0xec, 0xee, 0x0d, 0xf6, 0x0d,
  0xf6, 0x4e, 0xf6, 0x2d, 0xf6, 0x2d, 0xf6, 0x0c, 0xed, 0xec, 0xf5, 0xeb,
  0xf6, 0x0c, 0xf6, 0x0c, 0xf5, 0xec, 0xed, 0x8b, 0xed, 0xec, 0xed, 0xab,
  0xed, 0xcc, 0xf5, 0xab, 0xed, 0xed, 0xf5, 0xec, 0xf6, 0x4e, 0xf6, 0x2d,
  0xf6, 0x6f, 0xfe, 0x6e, 0xed, 0xac, 0xbb, 0xe5, 0xa2, 0xa4, 0xa2, 0x63,
  0x9a, 0x85, 0xb3, 0x07, 0xb3, 0x86, 0xb3, 0x66, 0xb3, 0xa7, 0xbb, 0xa7,
  0xb3, 0x87, 0xab, 0x25, 0xab, 0x26, 0xab, 0x05, 0xb3, 0x66, 0xdc, 0xaa,
  0xdc, 0xc9, 0xe4, 0xe9, 0xdc, 0xe9, 0xe4, 0xe9, 0xdc, 0xcb, 0xab, 0x24,
  0xaa, 0xc5, 0xb2, 0xc5, 0xb3, 0x05, 0xc3, 0x87, 0xbb, 0xa7, 0xd4, 0x08,
  0xcc, 0x4a, 0xaa, 0xe4, 0xab, 0x46, 0xbb, 0xa7, 0xbb, 0xa6, 0xdc, 0x89,
  0xe5, 0x2b, 0xed, 0x2b, 0xe5, 0x09, 0xfd, 0x6b, 0xf5, 0xed, 0xfe, 0x2e,
  0xfe, 0xd1, 0xee, 0x0e, 0xcc, 0xcc, 0xcc, 0xab, 0xc4, 0x2a, 0xb3, 0x87,
  0xac, 0x49, 0x8b, 0x24, 0x83, 0x46, 0xa4, 0x09, 0xbc, 0x89, 0xbc, 0x68,
  0xb4, 0x87, 0xbc, 0xa8, 0xc5, 0x09, 0xcd, 0x09, 0xcd, 0x29, 0xd5, 0x09,
  0xcd, 0x4a, 0xee, 0x0d, 0xf6, 0x91, 0xe5, 0xad, 0xe5, 0x0a, 0xfd, 0x8b,
  0xf5, 0x8a, 0xf5, 0x49, 0xe5, 0x8c, 0xfe, 0x2e, 0xee, 0xb3, 0xee, 0x71,
  0xde, 0x32, 0xde, 0x11, 0xde, 0x32, 0xe6, 0x52, 0xe6, 0x51, 0xee, 0x71,
  0xee, 0xf4, 0xf6, 0xd4, 0xee, 0xd3, 0xe6, 0x72, 0xe6, 0xb1, 0xee, 0xb1,
  0xee, 0xb1, 0xf6, 0xd1, 0xf6, 0xd3, 0xf6, 0xb2, 0xf6, 0xf3, 0xf6, 0xd2,
  0xf6, 0xf4, 0xee, 0xb3, 0xf6, 0xf5, 0xee, 0xb3, 0xee, 0xd4, 0xee, 0x93,
  0xe6, 0x53, 0xf6, 0xb3, 0xee, 0xb4, 0xee, 0x73, 0xe6, 0x93, 0xe6, 0x32,
  0xde, 0x11, 0xe6, 0x51, 0xe6, 0x53, 0xe6, 0x52, 0xe6, 0x93, 0xe6, 0x72,
  0xee, 0xb5, 0xee, 0x94, 0xee, 0xd5, 0xee, 0xb4, 0xee, 0xd3, 0xe6, 0x51,
  0xde, 0x53, 0xde, 0x11, 0xd5, 0xd0, 0xee, 0x93, 0xee, 0xd4, 0xee, 0xb3,
  0xee, 0xb4, 0xde, 0x32, 0xe6, 0x31, 0xe5, 0xf0, 0xe5, 0xec, 0xee, 0x0c,
  0xe5, 0xcd, 0xf6, 0x0e, 0xf5, 0xef, 0xdd, 0x2c, 0xbb, 0xa9, 0xa2, 0x85,
  0x8a, 0x66, 0x79, 0xc3, 0x51, 0x83, 0x49, 0x41, 0x41, 0x43, 0x49, 0x43,
  0x41, 0x63, 0x51, 0xc4, 0x42, 0x25, 0x5a, 0xa7, 0x3a, 0x04, 0x39, 0xc3,
  0x5a, 0x45, 0x9c, 0x0c, 0xbc, 0xea, 0xcd, 0x0a, 0xcd, 0x29, 0xd5, 0x29,
  0xcd, 0x29, 0xcc, 0xe7, 0xc4, 0xe7, 0xc4, 0xc7, 0xbc, 0xc8, 0xbc, 0x87,
  0xb3, 0x66, 0xab, 0x45, 0xa3, 0x05, 0xa3, 0x26, 0xb3, 0xa8, 0xab, 0xc9,
  0xab, 0xa8, 0xbc, 0x6c, 0xc4, 0x4a, 0xb4, 0x2a, 0xbc, 0x09, 0xb4, 0x0a,
  0xab, 0x25, 0xa3, 0x46, 0xa3, 0x25, 0xa3, 0x46, 0xa3, 0x26, 0xa3, 0x26,
  0xab, 0x26, 0xa3, 0x26, 0xa2, 0xc5, 0x9a, 0xa5, 0xa2, 0x84, 0xa2, 0xc5,
  0xa2, 0x84, 0xa2, 0xa5, 0xa3, 0x06, 0xe5, 0x4e, 0xe5, 0xef, 0xe6, 0x30,
  0xde, 0x30, 0xde, 0x51, 0xe6, 0x30, 0xde, 0x30, 0xe6, 0x50, 0xde, 0x30,
  0xe6, 0x30, 0xe6, 0x50, 0xee, 0x50, 0xe6, 0x50, 0xee, 0x50, 0xe6, 0x50,
  0xe6, 0x0f, 0xe6, 0x30, 0xe5, 0xef, 0xde, 0x0f, 0xee, 0x0f, 0xe6, 0x0f,
  0xe5, 0xcd, 0xdd, 0xee, 0xe5, 0xcc, 0xdd, 0xcc, 0xdd, 0x8b, 0xdd, 0xcc,
  0xe5, 0xac, 0xdd, 0xcd, 0xe5, 0xcc, 0xdd, 0xcc, 0xed, 0xec, 0xe6, 0x0d,
  0xf6, 0x0c, 0xee, 0x0c, 0xf6, 0x0c, 0xf6, 0x2d, 0xf6, 0x0c, 0xf6, 0x2d,
  0xfe, 0x2d, 0xf6, 0x2d, 0xfe, 0x2d, 0xfe, 0x2e, 0xf5, 0xec, 0xf6, 0x2d,
  0xfe, 0x0c, 0xf6, 0x2d, 0xfd, 0xec, 0xf5, 0xec, 0xf5, 0xab, 0xed, 0xcc,
  0xed, 0xab, 0xed, 0xcc, 0xf5, 0xec, 0xf6, 0x0d, 0xfe, 0x4e, 0xf6, 0x4e,
  0xfe, 0x4e, 0xf6, 0x4e, 0xf5, 0x6a, 0xcc, 0x67, 0xcb, 0xe7, 0xbb, 0xc7,
  0xb3, 0x05, 0xab, 0x06, 0xb3, 0x46, 0xb3, 0x87, 0xbb, 0x86, 0xbb, 0xc7,
  0xc3, 0xe7, 0xbb, 0xe7, 0xbb, 0x86, 0xb3, 0x86, 0xb3, 0x45, 0xb3, 0x66,
  0xbb, 0xa5, 0xd4, 0x68, 0xdc, 0x88, 0xd4, 0x68, 0xd4, 0x68, 0xb3, 0x85,
  0xaa, 0x84, 0xb2, 0xc6, 0xbb, 0x05, 0xc3, 0x66, 0xc3, 0xa6, 0xc3, 0xa6,
  0xdc, 0x49, 0xab, 0x04, 0xa2, 0xe4, 0xbb, 0xa7, 0xc3, 0xa6, 0xdc, 0x89,
  0xe4, 0xc9, 0xe5, 0x0a, 0xf5, 0x2a, 0xf5, 0x8b, 0xf5, 0xac, 0xfe, 0x0e,
  0xfe, 0xb0, 0xf6, 0x6f, 0xcc, 0xcb, 0xc4, 0xab, 0xc4, 0x09, 0xab, 0x66,
  0xab, 0xe7, 0x8b, 0x24, 0x93, 0x66, 0xac, 0x49, 0xbc, 0x68, 0xbc, 0x68,
  0xbc, 0x66, 0xbc, 0xa8, 0xcd, 0x08, 0xcd, 0x4a, 0xdd, 0x69, 0xcd, 0x49,
  0xdd, 0x49, 0xd5, 0x6a, 0xed, 0xac, 0xe5, 0x8b, 0xed, 0x08, 0xed, 0x29,
  0xe4, 0xe9, 0xfd, 0xcc, 0xf6, 0x91, 0xfe, 0xf2, 0xfe, 0xd3, 0xff, 0x14,
  0xee, 0x92, 0xe6, 0x92, 0xe6, 0x51, 0xe6, 0x72, 0xe6, 0x10, 0xee, 0xb2,
  0xf6, 0xb4, 0xf6, 0xb4, 0xf6, 0xb3, 0xe6, 0x52, 0xe6, 0x30, 0xee, 0x71,
  0xee, 0x50, 0xee, 0x71, 0xee, 0xb1, 0xee, 0xd1, 0xee, 0x91, 0xf6, 0xd2,
  0xf6, 0xf3, 0xe6, 0x92, 0xf6, 0xb3, 0xe6, 0x92, 0xee, 0xb3, 0xee, 0xd4,
  0xe6, 0x72, 0xee, 0xd3, 0xee, 0xb3, 0xe6, 0x73, 0xee, 0x93, 0xe6, 0x93,
  0xee, 0x91, 0xde, 0x71, 0xcd, 0x8e, 0xcd, 0xae, 0xee, 0x91, 0xee, 0xd2,
  0xe6, 0x72, 0xe6, 0x72, 0xf6, 0xf4, 0xe6, 0x93, 0xd5, 0x8d, 0xde, 0x2f,
  0xe6, 0x2f, 0xe6, 0x91, 0xee, 0x91, 0xe6, 0x92, 0xe6, 0x51, 0xee, 0xb3,
  0xee, 0x92, 0xe6, 0x93, 0xf6, 0x70, 0xe6, 0x30, 0xf6, 0x4f, 0xee, 0x2f,
  0xee, 0x0f, 0xf6, 0x70, 0xed, 0x8d, 0xcc, 0xca, 0xdc, 0x2a, 0xd4, 0x0a,
  0xdc, 0x4a, 0xd4, 0x4b, 0xbc, 0x09, 0xa3, 0x87, 0x9b, 0x88, 0x9b, 0x88,
  0x6a, 0xa6, 0x52, 0x24, 0x62, 0xa5, 0x6b, 0x48, 0x5a, 0x83, 0x73, 0x47,
  0xb4, 0x48, 0xc5, 0x0c, 0xcc, 0xe8, 0xd5, 0x49, 0xd5, 0x28, 0xd5, 0x49,
  0xd5, 0x28, 0xcd, 0x28, 0xcc, 0xe7, 0xc4, 0xe8, 0xcc, 0xe8, 0xbc, 0xa7,
  0xab, 0x67, 0xab, 0x45, 0x9b, 0x06, 0xa3, 0x05, 0xa3, 0x68, 0xb3, 0xa8,
  0xa3, 0xa9, 0xab, 0xc9, 0xb4, 0x0a, 0xb3, 0xe9, 0xc4, 0x4b, 0xab, 0x88,
  0xa3, 0x26, 0xa3, 0x05, 0xa3, 0x06, 0xab, 0x26, 0x9b, 0x06, 0xa2, 0xe5,
  0x9a, 0xc6, 0x9a, 0xc5, 0x9a, 0xa5, 0x9a, 0x85, 0x9a, 0xa6, 0xa2, 0x85,
  0x9a, 0x85, 0xa2, 0x64, 0xab, 0xa8, 0xe5, 0x4e, 0xd5, 0xcf, 0xe5, 0xef,
  0xde, 0x51, 0xe6, 0x31, 0xde, 0x31, 0xe6, 0x31, 0xde, 0x31, 0xde, 0x10,
  0xe6, 0x51, 0xe6, 0x30, 0xe6, 0x50, 0xee, 0x50, 0xe6, 0x51, 0xe6, 0x10,
  0xde, 0x10, 0xe6, 0x10, 0xde, 0x10, 0xe5, 0xf0, 0xe6, 0x10, 0xe5, 0xef,
  0xe5, 0xef, 0xe5, 0xce, 0xdd, 0xad, 0xdd, 0xad, 0xdd, 0xac, 0xdd, 0x8b,
  0xdd, 0xcd, 0xe5, 0xac, 0xdd, 0xcc, 0xe5, 0xec, 0xe5, 0xed, 0xee, 0x0d,
  0xee, 0x0d, 0xf6, 0x0c, 0xee, 0x0d, 0xf6, 0x0c, 0xee, 0x0d, 0xf6, 0x2d,
  0xfe, 0x4e, 0xfe, 0x2e, 0xf6, 0x4f, 0xfe, 0x2e, 0xee, 0x0d, 0xf6, 0x2d,
  0xf6, 0x2d, 0xf5, 0xec, 0xed, 0xec, 0xf6, 0x0c, 0xed, 0xec, 0xed, 0xcb,
  0xe5, 0x8b, 0xf5, 0xcc, 0xf5, 0xed, 0xf5, 0xec, 0xf6, 0x4e, 0xfe, 0x6e,
  0xf6, 0x4f, 0xf6, 0x0d, 0xe5, 0x4b, 0xdc, 0xc9, 0xd4, 0xa9, 0xcc, 0x47,
  0xb3, 0x66, 0xb3, 0x66, 0xab, 0x26, 0xa2, 0xc5, 0xa3, 0x05, 0xab, 0x25,
  0xb3, 0x66, 0xbb, 0x86, 0xbb, 0xa7, 0xbb, 0xa7, 0xb3, 0xa7, 0xb3, 0x66,
  0xab, 0x25, 0xb3, 0x45, 0xc3, 0xe7, 0xdc, 0x8a, 0xc4, 0x08, 0xb3, 0x44,
  0xa2, 0x64, 0xb2, 0xa5, 0xb2, 0xc5, 0xc3, 0x26, 0xbb, 0x86, 0xc3, 0x66,
  0xc3, 0xa7, 0xb2, 0xe4, 0x9a, 0xa5, 0xb3, 0x26, 0xbb, 0xa7, 0xd4, 0x29,
  0xf5, 0x4c, 0xed, 0x0b, 0xed, 0x2a, 0xed, 0x0a, 0xed, 0xad, 0xfe, 0x0e,
  0xf6, 0xd2, 0xf6, 0x91, 0xcc, 0xed, 0xc4, 0x6a, 0xbc, 0x2a, 0xab, 0x46,
  0x9b, 0xc8, 0x82, 0xe4, 0x8b, 0x46, 0xac, 0x29, 0xbc, 0x89, 0xbc, 0x68,
  0xb4, 0x88, 0xc4, 0xe9, 0xc5, 0x2a, 0xd5, 0x4a, 0xcd, 0x4a, 0xd5, 0x49,
  0xd5, 0x49, 0xd5, 0x28, 0xd5, 0x29, 0xed, 0xab, 0xe5, 0x4a, 0xed, 0x29,
  0xed, 0xcd, 0xfe, 0x2e, 0xe6, 0xb3, 0xee, 0xb3, 0xee, 0xd4, 0xf6, 0xd4,
  0xee, 0xb4, 0xee, 0x93, 0xe6, 0x73, 0xe6, 0x73, 0xee, 0xb3, 0xee, 0x93,
  0xee, 0xd4, 0xf6, 0xd4, 0xee, 0xd4, 0xe6, 0x72, 0xee, 0x93, 0xf6, 0x93,
  0xee, 0xd4, 0xee, 0xb3, 0xe6, 0x92, 0xf6, 0xb3, 0xee, 0xb3, 0xee, 0x92,
  0xee, 0xd4, 0xee, 0xb3, 0xe6, 0x93, 0xe6, 0x72, 0xee, 0xb4, 0xf6, 0xb3,
  0xde, 0x52, 0xe6, 0x52, 0xe6, 0x93, 0xee, 0xb3, 0xde, 0x32, 0xde, 0x32,
  0xe6, 0xb3, 0xee, 0xb3, 0xe6, 0xb3, 0xee, 0x92, 0xee, 0xd4, 0xee, 0x92,
  0xcd, 0xaf, 0xcd, 0x8f, 0xcd, 0xb0, 0xd5, 0xb0, 0xde, 0x10, 0xf6, 0xb2,
  0xee, 0x90, 0xee, 0x70, 0xee, 0xf3, 0xf6, 0xf2, 0xee, 0x94, 0xee, 0x72,
  0xee, 0x91, 0xe6, 0x0f, 0xe6, 0x4e, 0xf6, 0xaf, 0xee, 0x92, 0xe6, 0x31,
  0xf6, 0xb3, 0xee, 0x52, 0xd5, 0x0c, 0xc4, 0x69, 0xdc, 0x2b, 0xdb, 0xea,
  0xe4, 0x8b, 0xf5, 0x0c, 0xed, 0xcd, 0xfd, 0xed, 0xf6, 0x70, 0xee, 0x0e,
  0x6a, 0xe7, 0x41, 0x81, 0x83, 0x89, 0x83, 0x68, 0x8b, 0xc6, 0xb4, 0xca,
  0xcd, 0x29, 0xcd, 0x08, 0xcd, 0x28, 0xd5, 0x28, 0xcd, 0x29, 0xd5, 0x08,
  0xcd, 0x29, 0xcc, 0xe8, 0xbc, 0xe8, 0xbc, 0xa7, 0xbc, 0xa8, 0xbc, 0xa8,
  0xab, 0x45, 0xab, 0x66, 0xab, 0x45, 0x9b, 0x25, 0xab, 0x67, 0xab, 0x87,
  0xab, 0xa8, 0xb4, 0x2a, 0xb4, 0x09, 0xab, 0xc8, 0xab, 0x66, 0xa3, 0x46,
  0xb3, 0x25, 0xa2, 0xe5, 0xa2, 0xc4, 0xa3, 0x06, 0xab, 0x26, 0xa3, 0x06,
  0x9a, 0xa4, 0x9a, 0xc5, 0xa2, 0xa5, 0x9a, 0xa5, 0xa2, 0x85, 0x9a, 0xa5,
  0x9a, 0x44, 0xa2, 0x85, 0xbc, 0x09, 0xe5, 0x8f, 0xdd, 0xee, 0xe6, 0x30,
  0xee, 0x50, 0xe6, 0x30, 0xe6, 0x10, 0xe6, 0x30, 0xe6, 0x10, 0xe6, 0x51,
  0xee, 0x50, 0xe6, 0x30, 0xe6, 0x0f, 0xe6, 0x30, 0xee, 0x30, 0xe6, 0x30,
  0xee, 0x50, 0xe6, 0x51, 0xee, 0x30, 0xde, 0x10, 0xe6, 0x0f, 0xdd, 0xef,
  0xe5, 0xee, 0xdd, 0xee, 0xe5, 0xcd, 0xdd, 0xcd, 0xdd, 0xac, 0xd5, 0x8c,
  0xdd, 0x8b, 0xdd, 0xcd, 0xe5, 0xec, 0xe6, 0x0d, 0xed, 0xec, 0xee, 0x0d,
  0xf6, 0x0c, 0xee, 0x0c, 0xf6, 0x0c, 0xf6, 0x2d, 0xfe, 0x0c, 0xf6, 0x2d,
  0xfe, 0x2c, 0xf6, 0x2c, 0xfe, 0x2d, 0xf6, 0x4e, 0xfe, 0x2c, 0xf6, 0x2d,
  0xf5, 0xeb, 0xed, 0xcb, 0xf5, 0xeb, 0xf6, 0x2c, 0xfe, 0x2c, 0xf5, 0xec,
  0xf5, 0xab, 0xed, 0xcb, 0xf5, 0xec, 0xf6, 0x0d, 0xfe, 0x4e, 0xfe, 0x6e,
  0xfe, 0x6e, 0xee, 0x0d, 0xdc, 0xc9, 0xd4, 0xe9, 0xd4, 0xa8, 0xd4, 0xc9,
  0xcc, 0x07, 0xc3, 0xe7, 0xbb, 0x85, 0xb3, 0x85, 0xa2, 0xc4, 0xa2, 0xe5,
  0xb2, 0xc5, 0xaa, 0xe5, 0xb3, 0x05, 0xbb, 0x46, 0xbb, 0x87, 0xb3, 0x66,
  0xb3, 0x25, 0x9a, 0xa3, 0xaa, 0xc4, 0xd4, 0x4a, 0xd4, 0x48, 0xab, 0x24,
  0xaa, 0x64, 0xaa, 0xa5, 0xb2, 0xc4, 0xc3, 0x47, 0xc3, 0x86, 0xbb, 0x65,
  0xbb, 0x46, 0xaa, 0xe5, 0xa2, 0x84, 0xaa, 0xe6, 0xbb, 0x65, 0xd4, 0x29,
  0xec, 0xea, 0xed, 0x2b, 0xe4, 0xc8, 0xd4, 0x67, 0xf5, 0xac, 0xf5, 0xcd,
  0xfe, 0xd1, 0xf6, 0xb1, 0xcc, 0xcc, 0xc4, 0xab, 0xbc, 0x09, 0xa3, 0x46,
  0x9b, 0x87, 0x7a, 0xc4, 0x8b, 0x05, 0xb4, 0x4a, 0xc4, 0x88, 0xbc, 0x89,
  0xbc, 0xa8, 0xc4, 0xe9, 0xd5, 0x49, 0xd5, 0x8a, 0xd5, 0x49, 0xd5, 0x6a,
  0xdd, 0x28, 0xdd, 0x69, 0xd5, 0x08, 0xed, 0xeb, 0xf5, 0xcb, 0xe5, 0x6a,
  0xfe, 0x0d, 0xfe, 0xb0, 0xee, 0xb2, 0xf7, 0x14, 0xf6, 0xf4, 0xe6, 0xd4,
  0xee, 0x92, 0xe6, 0x72, 0xee, 0xb3, 0xee, 0xd3, 0xf6, 0xf3, 0xee, 0xd3,
  0xee, 0x30, 0xcd, 0x6e, 0xe4, 0xec, 0xcc, 0x6b, 0xdc, 0x6a, 0xec, 0xcc,
  0xf5, 0xef, 0xfe, 0x92, 0xee, 0xb3, 0xee, 0xd4, 0xee, 0x93, 0xee, 0xb4,
  0xee, 0x92, 0xee, 0xb3, 0xee, 0xb2, 0xee, 0xb3, 0xdd, 0xd0, 0xee, 0x93,
  0xf6, 0xb3, 0xee, 0xb3, 0xee, 0x72, 0xee, 0xb3, 0xe6, 0x73, 0xe6, 0x94,
  0xe6, 0x93, 0xf7, 0x16, 0xf6, 0xb4, 0xf6, 0xd5, 0xf6, 0xf5, 0xee, 0xd4,
  0xde, 0x11, 0xc5, 0x8f, 0xcd, 0x6f, 0xdd, 0xf1, 0xf6, 0xb2, 0xee, 0x92,
  0xf6, 0x71, 0xee, 0x71, 0xf6, 0xb3, 0xe6, 0x92, 0xde, 0x10, 0xe6, 0x52,
  0xf6, 0x90, 0xe6, 0x2f, 0xee, 0x6d, 0xe6, 0x6d, 0xee, 0x90, 0xee, 0xd1,
  0xf6, 0xd4, 0xde, 0x32, 0xdc, 0xcb, 0xcc, 0x4a, 0xdb, 0xea, 0xd3, 0xca,
  0xdc, 0x4a, 0xf5, 0x2e, 0xf6, 0x0d, 0xee, 0x0d, 0xee, 0x2f, 0xac, 0x68,
  0x41, 0x41, 0x62, 0x86, 0xb4, 0xac, 0x8b, 0x87, 0xbc, 0xa9, 0xcd, 0x2b,
  0xd5, 0x08, 0xcd, 0x28, 0xd5, 0x28, 0xd5, 0x28, 0xcd, 0x08, 0xcd, 0x29,
  0xcc, 0xe8, 0xc4, 0xe8, 0xbc, 0xe8, 0xb4, 0xa8, 0xac, 0x87, 0xa4, 0x47,
  0xab, 0x86, 0xab, 0x66, 0xab, 0x87, 0xa3, 0x25, 0xa3, 0x47, 0xa3, 0x05,
  0x9b, 0x68, 0xb3, 0xc9, 0xa3, 0xa9, 0xa3, 0x67, 0xab, 0xa8, 0xab, 0x66,
  0xa3, 0x25, 0xa2, 0xe4, 0x9a, 0xe6, 0xa2, 0xc5, 0x9a, 0xe6, 0xa2, 0xc5,
  0x9a, 0xc6, 0xaa, 0xe6, 0xa2, 0xe6, 0xa2, 0xa5, 0x9a, 0xa6, 0xa2, 0x85,
  0x92, 0x44, 0xa2, 0x65, 0xbc, 0xab, 0xed, 0xcf, 0xde, 0x30, 0xe6, 0x30,
  0xde, 0x31, 0xe6, 0x30, 0xde, 0x30, 0xde, 0x10, 0xde, 0x30, 0xe6, 0x50,
  0xe6, 0x50, 0xe6, 0x0f, 0xe6, 0x10, 0xee, 0x10, 0xe6, 0x30, 0xe6, 0x0f,
  0xde, 0x10, 0xe6, 0x30, 0xe6, 0x31, 0xe6, 0x10, 0xde, 0x10, 0xdd, 0xce,
  0xdd, 0xcd, 0xdd, 0xad, 0xdd, 0xcd, 0xdd, 0x8c, 0xd5, 0xad, 0xdd, 0x8c,
  0xdd, 0xee, 0xe5, 0xcd, 0xe6, 0x0e, 0xee, 0x0d, 0xee, 0x0d, 0xed, 0xed,
  0xf6, 0x2e, 0xf6, 0x0d, 0xee, 0x0d, 0xf5, 0xed, 0xf6, 0x2d, 0xf5, 0xec,
  0xf6, 0x0d, 0xf6, 0x0d, 0xf6, 0x0e, 0xf5, 0xed, 0xf6, 0x2d, 0xf6, 0x2d,
  0xed, 0xec, 0xf5, 0xec, 0xf6, 0x2d, 0xf5, 0xeb, 0xf6, 0x0d, 0xf5, 0xec,
  0xed, 0xec, 0xf5, 0xcb, 0xf5, 0xeb, 0xfd, 0xec, 0xf6, 0x6e, 0xfe, 0x6e,
  0xf6, 0x6f, 0xed, 0xec, 0xdd, 0x2b, 0xd4, 0x88, 0xbc, 0x27, 0xbb, 0xe6,
  0xc4, 0x27, 0xcc, 0x27, 0xbb, 0xe7, 0xb3, 0x65, 0xb3, 0x87, 0xa2, 0xe5,
  0xaa, 0xc5, 0xb2, 0xe5, 0xaa, 0xa4, 0xaa, 0x84, 0xab, 0x06, 0xb3, 0x26,
  0xab, 0x26, 0xb3, 0x26, 0xa2, 0xe5, 0xbb, 0x87, 0xdc, 0x8a, 0xbb, 0x45,
  0xa2, 0x64, 0xb2, 0xa5, 0xb2, 0xe6, 0xcb, 0x68, 0xbb, 0x87, 0xbb, 0x45,
  0xab, 0x26, 0xa2, 0xc4, 0xa2, 0xa5, 0xb2, 0xe6, 0xbb, 0x87, 0xd4, 0x09,
  0xdc, 0xa9, 0xe4, 0xc9, 0xd4, 0x88, 0xd4, 0x67, 0xf5, 0xac, 0xf5, 0xac,
  0xf6, 0x91, 0xfe, 0x91, 0xcc, 0xed, 0xbc, 0x6a, 0xb3, 0xe9, 0x9b, 0x06,
  0x8b, 0x67, 0x7a, 0x84, 0x83, 0x05, 0xb4, 0x4a, 0xc4, 0xa9, 0xc4, 0x88,
  0xb4, 0xa8, 0xc4, 0xc8, 0xcd, 0x6b, 0xd5, 0x6b, 0xd5, 0x6a, 0xd5, 0x4a,
  0xd5, 0x69, 0xd5, 0x28, 0xcd, 0x09, 0xd5, 0x29, 0xe4, 0xcb, 0xe4, 0x8a,
  0xdc, 0xea, 0xfe, 0x50, 0xee, 0x71, 0xdd, 0xcf, 0xf6, 0x92, 0xfe, 0x92,
  0xf6, 0xb3, 0xfe, 0x92, 0xe6, 0x93, 0xf6, 0xf4, 0xee, 0xd4, 0xee, 0xb3,
  0xd5, 0x2d, 0xc4, 0x4a, 0xe4, 0x4b, 0xdb, 0xc9, 0xeb, 0x67, 0xe3, 0x26,
  0xe3, 0x88, 0xfc, 0x2a, 0xee, 0x11, 0xfe, 0x92, 0xee, 0xd4, 0xf6, 0xf4,
  0xee, 0xd4, 0xee, 0xb3, 0xe6, 0x93, 0xee, 0x72, 0xde, 0x32, 0xee, 0x73,
  0xee, 0xb4, 0xf6, 0xd4, 0xde, 0x52, 0xf6, 0xd4, 0xf6, 0xf5, 0xf6, 0xb4,
  0xee, 0xd5, 0xee, 0xb4, 0xee, 0xb5, 0xf6, 0xd5, 0xee, 0xd5, 0xf6, 0xd5,
  0xe6, 0x73, 0xd5, 0xd1, 0xdd, 0xf1, 0xf6, 0x94, 0xee, 0xb3, 0xf6, 0x93,
  0xee, 0xb3, 0xf6, 0x92, 0xf6, 0xf4, 0xee, 0x93, 0xe6, 0x52, 0xee, 0x92,
  0xee, 0xb2, 0xe6, 0x50, 0xe6, 0x4f, 0xee, 0x4f, 0xe6, 0xb2, 0xee, 0xb2,
  0xee, 0xd5, 0xde, 0x12, 0xcc, 0x4a, 0xc3, 0xc8, 0xcb, 0x6a, 0xd3, 0x8a,
  0xcb, 0xca, 0xec, 0x8d, 0xee, 0x0f, 0xfe, 0x70, 0xb5, 0x0e, 0x5a, 0x02,
  0x41, 0x83, 0x9c, 0x0c, 0xbc, 0xca, 0xbc, 0xaa, 0xcd, 0x4a, 0xd5, 0x2a,
  0xcd, 0x29, 0xd5, 0x09, 0xcd, 0x29, 0xcd, 0x08, 0xc4, 0xe9, 0xc4, 0xc8,
  0xb4, 0xa8, 0xb4, 0x46, 0xb4, 0xc9, 0xb4, 0xc9, 0xac, 0xc9, 0x94, 0x06,
  0xbc, 0x07, 0xab, 0x86, 0xb3, 0x66, 0xa3, 0x46, 0xa3, 0x26, 0xa3, 0x66,
  0xa3, 0x87, 0xa3, 0xc9, 0xa3, 0x67, 0xab, 0xc8, 0xb3, 0xa7, 0xa3, 0x46,
  0xaa, 0xe4, 0xa2, 0xe5, 0xa2, 0xe5, 0xab, 0x26, 0xaa, 0xe5, 0x9a, 0xc5,
  0xa2, 0xc5, 0xa3, 0x06, 0xaa, 0xe6, 0xa2, 0xc6, 0x9a, 0x44, 0x92, 0x24,
  0x92, 0x03, 0xa2, 0xc6, 0xd5, 0x0c, 0xee, 0x30, 0xe6, 0x30, 0xde, 0x30,
  0xe6, 0x51, 0xe6, 0x51, 0xe6, 0x0f, 0xde, 0x30, 0xe6, 0x2f, 0xe6, 0x50,
  0xee, 0x0f, 0xe6, 0x0f, 0xee, 0x0f, 0xe6, 0x0f, 0xee, 0x50, 0xe6, 0x30,
  0xe6, 0x10, 0xe6, 0x30, 0xe6, 0x10, 0xe6, 0x30, 0xe5, 0xee, 0xdd, 0xee,
  0xe5, 0xcd, 0xdd, 0xcd, 0xdd, 0xac, 0xdd, 0xcc, 0xe5, 0xcc, 0xdd, 0xcd,
  0xe5, 0xed, 0xe5, 0xed, 0xee, 0x2d, 0xe6, 0x0d, 0xed, 0xec, 0xf6, 0x4e,
  0xfe, 0x2d, 0xee, 0x0d, 0xfe, 0x2d, 0xee, 0x0d, 0xfe, 0x2d, 0xf6, 0x0d,
  0xf6, 0x0d, 0xf6, 0x4e, 0xfe, 0x2e, 0xf6, 0x2e, 0xfe, 0x0c, 0xf6, 0x2d,
  0xf5, 0xec, 0xf6, 0x2d, 0xfe, 0x2d, 0xf6, 0x2d, 0xf6, 0x0d, 0xf6, 0x2d,
  0xfd, 0xeb, 0xf5, 0xec, 0xf5, 0xca, 0xf5, 0xeb, 0xf6, 0x2c, 0xfe, 0x6d,
  0xf6, 0x4d, 0xdd, 0xab, 0xdc, 0xe9, 0xcc, 0xa8, 0xcc, 0x47, 0xbb, 0xe6,
  0xbb, 0xa5, 0xbb, 0xe6, 0xbb, 0xc6, 0xb3, 0xa6, 0xbb, 0xc7, 0xbb, 0xe8,
  0xbb, 0x45, 0xbb, 0x86, 0xba, 0xe5, 0xb2, 0xc4, 0xaa, 0xa4, 0xb3, 0x05,
  0xab, 0x05, 0xab, 0x26, 0xb3, 0x46, 0xc4, 0x08, 0xdc, 0x48, 0xd4, 0x49,
  0xaa, 0x84, 0xaa, 0xc5, 0xb2, 0xe5, 0xc3, 0x68, 0xc3, 0x86, 0xbb, 0x86,
  0xbb, 0x66, 0xa3, 0x05, 0xab, 0x06, 0xab, 0x26, 0xc3, 0x66, 0xd4, 0x29,
  0xd4, 0x87, 0xdc, 0xc9, 0xd4, 0x67, 0xdc, 0xc8, 0xed, 0x2a, 0xfe, 0x0e,
  0xfe, 0xb1, 0xee, 0x0f, 0xc4, 0x8a, 0xbc, 0x8b, 0xb3, 0xe9, 0x93, 0x05,
  0x8b, 0x46, 0x72, 0x84, 0x93, 0x25, 0xb4, 0x6a, 0xcc, 0xc9, 0xc4, 0xc9,
  0xc4, 0xa7, 0xc4, 0xe8, 0xd5, 0x4a, 0xd5, 0xab, 0xdd, 0x69, 0xcd, 0x49,
  0xdd, 0x48, 0xd5, 0x48, 0xdd, 0x29, 0xd5, 0x4a, 0xe3, 0xa7, 0xe4, 0x09,
  0xf4, 0xcb, 0xec, 0xcb, 0xb3, 0xe7, 0xc4, 0xaa, 0xdc, 0xa9, 0xf5, 0x8d,
  0xed, 0x6d, 0xf5, 0xef, 0xf6, 0x92, 0xf6, 0xd3, 0xf6, 0xd3, 0xf6, 0xf4,
  0xe5, 0xd0, 0xa4, 0x29, 0xdc, 0xaa, 0xd4, 0x8a, 0xe3, 0x67, 0xdb, 0x67,
  0xf3, 0x46, 0xe3, 0x06, 0xdb, 0xc7, 0xfd, 0x4d, 0xfe, 0x72, 0xfe, 0xb3,
  0xee, 0xd4, 0xe6, 0xd4, 0xf6, 0xb2, 0xee, 0x92, 0xf6, 0x93, 0xe6, 0x92,
  0xf6, 0xd4, 0xf6, 0xf4, 0xee, 0x93, 0xe6, 0x72, 0xf6, 0x93, 0xe6, 0x73,
  0xf6, 0xd4, 0xf6, 0xf4, 0xee, 0xd3, 0xee, 0xd4, 0xee, 0xb3, 0xee, 0xf4,
  0xf6, 0xb2, 0xde, 0x31, 0xf6, 0x92, 0xee, 0xb3, 0xee, 0x91, 0xe6, 0x92,
  0xee, 0x90, 0xe6, 0x70, 0xee, 0x70, 0xe6, 0x50, 0xf6, 0x91, 0xee, 0x91,
  0xee, 0x6f, 0xe6, 0x4f, 0xee, 0x10, 0xf6, 0xb2, 0xee, 0x93, 0xee, 0xb4,
  0xee, 0xb4, 0xd6, 0x12, 0xcb, 0xe8, 0xbb, 0xa8, 0xdb, 0x89, 0xd3, 0x8a,
  0xd3, 0x88, 0xe4, 0x4c, 0xfe, 0x2f, 0xdd, 0x4c, 0x52, 0x23, 0x39, 0x81,
  0x7a, 0xe7, 0xb4, 0xef, 0xc4, 0xe8, 0xcd, 0x4a, 0xd5, 0x48, 0xd5, 0x49,
  0xd5, 0x08, 0xc4, 0xe8, 0xcd, 0x08, 0xcd, 0x29, 0xcd, 0x28, 0xc5, 0x08,
  0xc5, 0x09, 0xb4, 0xc8, 0xac, 0x67, 0xac, 0x88, 0xac, 0x88, 0x9c, 0x27,
  0xcc, 0xaa, 0xbc, 0x07, 0xb3, 0xa7, 0xbb, 0xa7, 0xab, 0x88, 0xab, 0x87,
  0xab, 0xe9, 0xa3, 0x87, 0xa3, 0x68, 0xb3, 0xa8, 0xab, 0x67, 0xab, 0x26,
  0xa3, 0x05, 0xa2, 0xe4, 0xa3, 0x06, 0xaa, 0xe5, 0xa3, 0x07, 0xa2, 0xe6,
  0xa2, 0xe6, 0xaa, 0xe6, 0xa2, 0xe6, 0xaa, 0xe6, 0xa2, 0xa6, 0x92, 0x03,
  0x82, 0x03, 0xab, 0x07, 0xd5, 0x4e, 0xed, 0xf0, 0xdd, 0xef, 0xdd, 0xcf,
  0xe6, 0x52, 0xe6, 0x31, 0xde, 0x31, 0xe6, 0x10, 0xe6, 0x31, 0xe5, 0xf0,
  0xdd, 0xf0, 0xe5, 0xf0, 0xe6, 0x10, 0xe6, 0x10, 0xe6, 0x31, 0xe6, 0x31,
  0xde, 0x11, 0xe5, 0xf0, 0xe6, 0x10, 0xe5, 0xcf, 0xde, 0x0f, 0xdd, 0xce,
  0xdd, 0xce, 0xdd, 0xad, 0xdd, 0xcd, 0xe5, 0xcd, 0xdd, 0xcd, 0xdd, 0xac,
  0xdd, 0xed, 0xe5, 0xed, 0xe5, 0xed, 0xed, 0xec, 0xe6, 0x0d, 0xee, 0x0d,
  0xee, 0x0d, 0xf5, 0xed, 0xf6, 0x2d, 0xfe, 0x0d, 0xf6, 0x2d, 0xf6, 0x0d,
  0xf6, 0x2d, 0xfe, 0x2d, 0xf6, 0x2e, 0xf6, 0x0d, 0xf6, 0x0d, 0xf6, 0x0d,
  0xee, 0x0d, 0xf6, 0x2d, 0xee, 0x2e, 0xf6, 0x2e, 0xf6, 0x4f, 0xf6, 0x0d,
  0xf6, 0x0d, 0xf6, 0x0c, 0xf5, 0xcb, 0xf5, 0xab, 0xf6, 0x2d, 0xfe, 0x2d,
  0xf6, 0x4e, 0xed, 0xab, 0xd4, 0xe9, 0xd4, 0x87, 0xc4, 0x68, 0xcc, 0x48,
  0xbb, 0xe7, 0xbb, 0xa6, 0xb3, 0xc7, 0xab, 0x45, 0xab, 0x65, 0xbb, 0xa6,
  0xbb, 0xc7, 0xc3, 0xc7, 0xbb, 0x87, 0xc3, 0xc7, 0xbb, 0x66, 0xaa, 0xc4,
  0xab, 0x06, 0xb3, 0x26, 0xab, 0x46, 0xc3, 0xa7, 0xc4, 0x08, 0xd4, 0x49,
  0xb3, 0x47, 0xaa, 0xe5, 0xaa, 0xe5, 0xc3, 0x87, 0xc3, 0xa6, 0xc3, 0xa6,
  0xb3, 0x26, 0xaa, 0xe4, 0xb3, 0x67, 0xbb, 0x67, 0xc3, 0xc7, 0xdc, 0x49,
  0xcc, 0x68, 0xdc, 0x89, 0xd4, 0xc9, 0xdc, 0xe9, 0xd4, 0xc9, 0xf5, 0x8c,
  0xfe, 0xd2, 0xed, 0xee, 0xbc, 0x8b, 0xbc, 0x8b, 0xab, 0xc8, 0x92, 0xe4,
  0x7a, 0xe6, 0x72, 0x64, 0x93, 0x46, 0xb4, 0x29, 0xbc, 0x89, 0xcc, 0xa9,
  0xbc, 0xc9, 0xc4, 0xe9, 0xcd, 0x4a, 0xdd, 0x6a, 0xd5, 0x49, 0xd5, 0x28,
  0xd5, 0x49, 0xdd, 0x48, 0xd5, 0x6a, 0xd5, 0x49, 0xe3, 0xe7, 0xe3, 0xa6,
  0xfc, 0x8a, 0xfc, 0xcb, 0xc4, 0x09, 0xed, 0x2d, 0xec, 0xaa, 0xe4, 0x49,
  0xec, 0xab, 0xf4, 0xab, 0xee, 0x11, 0xfe, 0x93, 0xee, 0xb3, 0xf6, 0xf4,
  0xf6, 0xf5, 0xd5, 0xd0, 0xbc, 0x6b, 0xcc, 0xac, 0xdb, 0xa8, 0xd3, 0x67,
  0xe3, 0x87, 0xeb, 0x87, 0xdb, 0xa9, 0xdb, 0x67, 0xd4, 0x6a, 0xfd, 0xcf,
  0xf6, 0xf4, 0xee, 0x71, 0xe6, 0x93, 0xf6, 0xf4, 0xee, 0xb3, 0xe6, 0x71,
  0xee, 0xb4, 0xf6, 0xd3, 0xee, 0xd5, 0xf6, 0xb4, 0xee, 0xd5, 0xee, 0x93,
  0xee, 0xd5, 0xf6, 0xd4, 0xee, 0xf4, 0xee, 0xd3, 0xee, 0xf4, 0xee, 0xd3,
  0xee, 0xb3, 0xe6, 0x71, 0xe6, 0x71, 0xee, 0x91, 0xee, 0x92, 0xe6, 0x50,
  0xe6, 0x4f, 0xee, 0x2f, 0xe6, 0x4f, 0xe6, 0x2f, 0xe6, 0x2e, 0xee, 0x4e,
  0xee, 0x4e, 0xe6, 0x0d, 0xee, 0x92, 0xf6, 0x92, 0xee, 0xd4, 0xee, 0xb3,
  0xe6, 0x94, 0xcd, 0x70, 0xcb, 0xe9, 0xbb, 0x67, 0xcb, 0x69, 0xdb, 0x8a,
  0xcb, 0x89, 0xe4, 0x0b, 0xd5, 0x0e, 0x7a, 0x22, 0x52, 0x45, 0x52, 0x25,
  0x83, 0x27, 0xc4, 0xed, 0xcd, 0x4a, 0xcd, 0x09, 0xcd, 0x29, 0xcd, 0x08,
  0xbc, 0xc8, 0xbc, 0x87, 0xbc, 0xa8, 0xc4, 0xc8, 0xbc, 0xe8, 0xc4, 0xc8,
  0xbd, 0x09, 0xbc, 0xe8, 0xa4, 0x88, 0xa4, 0x47, 0x94, 0x08, 0x93, 0xe7,
  0xcc, 0x69, 0xc4, 0x69, 0xc4, 0x08, 0xbc, 0x08, 0xbc, 0x2a, 0xb4, 0x2a,
  0xb4, 0x09, 0xa3, 0xa7, 0xab, 0x66, 0xa3, 0x46, 0xb3, 0x25, 0xab, 0x25,
  0xab, 0x25, 0xab, 0x05, 0xaa, 0xe6, 0x9a, 0xc5, 0x9a, 0x85, 0x92, 0x85,
  0xaa, 0xc5, 0xa2, 0xe6, 0xaa, 0xe4, 0xab, 0x26, 0xbb, 0x26, 0xa2, 0xa5,
  0x79, 0xc1, 0xab, 0x48, 0xd5, 0x8d, 0xe6, 0x30, 0xde, 0x0f, 0xe6, 0x50,
  0xee, 0x51, 0xe6, 0x51, 0xe6, 0x30, 0xe6, 0x50, 0xee, 0x10, 0xe6, 0x31,
  0xee, 0x30, 0xe6, 0x10, 0xee, 0x30, 0xe6, 0x10, 0xe5, 0xf0, 0xe6, 0x10,
  0xe5, 0xf0, 0xdd, 0xcf, 0xe5, 0xcf, 0xdd, 0xf0, 0xdd, 0xae, 0xdd, 0xce,
  0xdd, 0xad, 0xd5, 0xad, 0xdd, 0x8c, 0xdd, 0xee, 0xe5, 0xcd, 0xdd, 0xcd,
  0xe5, 0xed, 0xe6, 0x0e, 0xed, 0xec, 0xe6, 0x0d, 0xee, 0x0d, 0xee, 0x2e,
  0xf6, 0x2c, 0xf6, 0x4d, 0xf6, 0x0b, 0xf6, 0x2c, 0xfe, 0x0c, 0xf6, 0x2c,
  0xf6, 0x0c, 0xf6, 0x2d, 0xfe, 0x2d, 0xf6, 0x4e, 0xf6, 0x0c, 0xf6, 0x2d,
  0xf6, 0x0c, 0xf6, 0x4d, 0xf6, 0x4d, 0xf6, 0x4e, 0xfe, 0x2d, 0xf6, 0x2e,
  0xf6, 0x0c, 0xee, 0x0c, 0xfd, 0xeb, 0xed, 0xeb, 0xf5, 0xec, 0xfe, 0x4d,
  0xfe, 0x4e, 0xe5, 0x8b, 0xdc, 0xc9, 0xd4, 0xa9, 0xd4, 0x68, 0xcc, 0x68,
  0xd4, 0x89, 0xc4, 0x28, 0xb3, 0x65, 0xb3, 0x86, 0xbb, 0xc6, 0xbb, 0xc7,
  0xbb, 0x86, 0xb3, 0x86, 0xbb, 0x65, 0xc3, 0xe8, 0xd4, 0x08, 0xbb, 0x86,
  0xb3, 0x04, 0xb3, 0x25, 0xbb, 0x25, 0xbb, 0x66, 0xc3, 0xc7, 0xb3, 0x86,
  0xbb, 0x67, 0xab, 0x06, 0xb3, 0x25, 0xc3, 0xa7, 0xcb, 0xc6, 0xcb, 0xe6,
  0xab, 0x04, 0xab, 0x25, 0xc3, 0xa7, 0xbb, 0xa7, 0xd4, 0x28, 0xcc, 0x28,
  0xd4, 0x27, 0xdc, 0xa9, 0xd4, 0x88, 0xd4, 0x88, 0xd4, 0x87, 0xed, 0x8b,
  0xfe, 0xb1, 0xee, 0x50, 0xcc, 0xcd, 0xbc, 0x8c, 0xb3, 0xc8, 0x8a, 0xe5,
  0x7a, 0xa5, 0x72, 0x84, 0x9b, 0x45, 0xb4, 0x6a, 0xcc, 0xa9, 0xcc, 0xca,
  0xc4, 0xe8, 0xcd, 0x29, 0xdd, 0x6a, 0xd5, 0x6a, 0xd5, 0x28, 0xd5, 0x49,
  0xdd, 0x48, 0xd5, 0x48, 0xdd, 0x69, 0xdd, 0xaa, 0xdc, 0x67, 0xcc, 0x06,
  0xfc, 0x08, 0xfd, 0x0c, 0xf5, 0x0c, 0xdc, 0x8a, 0xfc, 0xcb, 0xdc, 0x28,
  0xeb, 0xc8, 0xfc, 0xcc, 0xed, 0x4c, 0xfe, 0x0f, 0xf6, 0xd2, 0xee, 0xb2,
  0xf6, 0xd3, 0xe6, 0x93, 0xee, 0x12, 0xbc, 0xad, 0xcb, 0xe8, 0xcb, 0xe8,
  0xdb, 0x87, 0xe3, 0xe9, 0xe3, 0xe9, 0xdc, 0x0a, 0xd3, 0x86, 0xe4, 0x29,
  0xf5, 0x6d, 0xfe, 0x50, 0xf6, 0xd4, 0xee, 0xd4, 0xee, 0x93, 0xee, 0xb4,
  0xf6, 0xd4, 0xee, 0xb3, 0xfe, 0xf5, 0xf7, 0x16, 0xfe, 0xf5, 0xf6, 0xd5,
  0xf6, 0xd4, 0xee, 0xd4, 0xf6, 0xd4, 0xee, 0xd4, 0xf6, 0xb2, 0xee, 0xb3,
  0xee, 0x91, 0xe6, 0x70, 0xee, 0x70, 0xee, 0xb1, 0xe6, 0x2f, 0xe6, 0x50,
  0xf6, 0x90, 0xf6, 0xb1, 0xfe, 0xf2, 0xee, 0xd2, 0xf6, 0xaf, 0xee, 0xb0,
  0xf6, 0x90, 0xf6, 0xb0, 0xf6, 0xb1, 0xe6, 0x71, 0xf6, 0x91, 0xf6, 0xd2,
  0xf6, 0xb3, 0xcd, 0xb0, 0xcb, 0xc8, 0xbb, 0x87, 0xcb, 0x27, 0xd3, 0xa9,
  0xd3, 0x89, 0xd3, 0xeb, 0x92, 0xc7, 0x61, 0x82, 0x62, 0x25, 0x6a, 0xa7,
  0xa3, 0xe7, 0xb4, 0xab, 0xbc, 0xa7, 0xbc, 0xa8, 0xac, 0x27, 0x9b, 0xe6,
  0x9b, 0x85, 0x93, 0x86, 0x8b, 0x24, 0x9b, 0xc7, 0xbc, 0x89, 0xc5, 0x0b,
  0xc4, 0xe8, 0xbc, 0xe9, 0xa4, 0x26, 0x8b, 0xa4, 0x83, 0x86, 0x83, 0xc8,
  0xc4, 0x69, 0xbc, 0x08, 0xc4, 0x49, 0xc4, 0x29, 0xbc, 0x8c, 0xd5, 0x0e,
  0xbc, 0x4a, 0xab, 0xc8, 0xab, 0x67, 0xab, 0x46, 0xab, 0x26, 0xb3, 0x25,
  0xab, 0x06, 0xa2, 0xc4, 0x9a, 0x85, 0x92, 0x23, 0x8a, 0x44, 0xa2, 0xa6,
  0xa2, 0xc6, 0xaa, 0xc5, 0xab, 0x05, 0xb3, 0x46, 0xb3, 0x27, 0xaa, 0xc5,
  0x82, 0x23, 0xab, 0x68, 0xd5, 0xcf, 0xe6, 0x30, 0xde, 0x30, 0xe6, 0x50,
  0xe6, 0x72, 0xe6, 0x30, 0xde, 0x10, 0xe6, 0x30, 0xe6, 0x31, 0xee, 0x10,
  0xe5, 0xf0, 0xe5, 0xcf, 0xe5, 0xef, 0xe5, 0xae, 0xdd, 0xf0, 0xee, 0x10,
  0xdd, 0xf0, 0xe5, 0xcf, 0xdd, 0xcf, 0xdd, 0xae, 0xd5, 0x8e, 0xdd, 0xae,
  0xdd, 0xcd, 0xdd, 0x8c, 0xd5, 0xcd, 0xdd, 0xcd, 0xdd, 0xcd, 0xdd, 0xcd,
  0xdd, 0xee, 0xe5, 0xee, 0xe6, 0x0e, 0xed, 0xed, 0xee, 0x0e, 0xf6, 0x2e,
  0xee, 0x0d, 0xf6, 0x0d, 0xf6, 0x2d, 0xf5, 0xec, 0xf6, 0x2d, 0xf6, 0x0d,
  0xf6, 0x0d, 0xf6, 0x0c, 0xf6, 0x4e, 0xf6, 0x2e, 0xed, 0xec, 0xf6, 0x0d,
  0xee, 0x0d, 0xf6, 0x2d, 0xf6, 0x6e, 0xf6, 0x4e, 0xf6, 0x4e, 0xf6, 0x2d,
  0xf6, 0x2d, 0xf6, 0x0d, 0xee, 0x2d, 0xf6, 0x0c, 0xee, 0x0d, 0xf6, 0x0c,
  0xfe, 0x4e, 0xed, 0x8b, 0xd4, 0xea, 0xd4, 0xc9, 0xd4, 0xa9, 0xc4, 0x27,
  0xbc, 0x07, 0xc3, 0xe7, 0xc4, 0x08, 0xbb, 0xc6, 0xb3, 0xa6, 0xc3, 0xe7,
  0xbb, 0xc7, 0xb3, 0x65, 0xbb, 0xc7, 0xbb, 0xa7, 0xbb, 0xc8, 0xcc, 0x08,
  0xc3, 0xa7, 0xbb, 0x45, 0xb3, 0x05, 0xc3, 0x46, 0xbb, 0xc8, 0xb3, 0x26,
  0xb3, 0x67, 0xb3, 0x26, 0xbb, 0x66, 0xcb, 0xa7, 0xcb, 0xe7, 0xc3, 0x85,
  0xa2, 0xe4, 0xb3, 0x25, 0xbb, 0xc7, 0xc3, 0xe8, 0xc3, 0xe8, 0xc3, 0xa6,
  0xcc, 0x08, 0xcb, 0xc7, 0xbb, 0xc6, 0xcc, 0x07, 0xcc, 0xa8, 0xed, 0x6b,
  0xfe, 0xb2, 0xe5, 0xae, 0xbc, 0xad, 0xc4, 0x8c, 0xab, 0xe9, 0x8a, 0xe5,
  0x6a, 0x85, 0x72, 0x85, 0x8b, 0x46, 0xbc, 0x8b, 0xc4, 0xa9, 0xc4, 0x88,
  0xc5, 0x09, 0xd5, 0x4a, 0xd5, 0x6b, 0xd5, 0x6a, 0xd5, 0x49, 0xdd, 0x49,
  0xd5, 0x49, 0xd5, 0x28, 0xd5, 0x69, 0xd5, 0x48, 0xd5, 0x2a, 0xbc, 0x46,
  0xeb, 0xe8, 0xfc, 0x69, 0xfd, 0x0c, 0xd3, 0xa6, 0xdc, 0x4a, 0xdc, 0x49,
  0xe3, 0xa8, 0xf3, 0xe8, 0xec, 0xea, 0xf4, 0xea, 0xee, 0x10, 0xfe, 0x92,
  0xee, 0xd3, 0xe6, 0x31, 0xf6, 0xf4, 0xe6, 0x51, 0xcc, 0xac, 0xcc, 0x8b,
  0xdc, 0x6b, 0xd3, 0xe9, 0xdc, 0x6c, 0xdc, 0x2b, 0xdb, 0xc9, 0xd3, 0xa8,
  0xdb, 0xe8, 0xec, 0x49, 0xe5, 0xaf, 0xfe, 0x72, 0xee, 0xf4, 0xee, 0xb3,
  0xee, 0xd4, 0xee, 0xb3, 0xee, 0xd4, 0xff, 0x15, 0xf6, 0xf5, 0xee, 0x94,
  0xee, 0xd4, 0xee, 0xb4, 0xee, 0xb5, 0xee, 0x94, 0xee, 0xb4, 0xee, 0x52,
  0xee, 0x92, 0xee, 0x71, 0xee, 0x91, 0xf6, 0x91, 0xee, 0x71, 0xf6, 0x51,
  0xe6, 0x2f, 0xee, 0x2f, 0xee, 0x90, 0xee, 0x4f, 0xee, 0x8f, 0xf6, 0x8f,
  0xf6, 0xb1, 0xee, 0x70, 0xe6, 0x30, 0xee, 0x2f, 0xee, 0x70, 0xf6, 0x90,
  0xee, 0xb3, 0xdd, 0xcf, 0xcb, 0xe9, 0xbb, 0x46, 0xc3, 0x28, 0xd3, 0x69,
  0xcb, 0x8a, 0xd3, 0xaa, 0x8a, 0xa8, 0x58, 0xe1, 0x62, 0x45, 0xa4, 0x2c,
  0x93, 0xa7, 0x8b, 0x45, 0x7a, 0xe5, 0x7a, 0xa4, 0x72, 0xa4, 0x6a, 0x43,
  0x6a, 0x83, 0x72, 0x83, 0x6a, 0x84, 0x72, 0x84, 0x72, 0xe5, 0x93, 0x87,
  0xac, 0x89, 0xbd, 0x0b, 0xb4, 0xaa, 0x93, 0x85, 0x6a, 0xe5, 0x73, 0x05,
  0xd4, 0xa9, 0xc4, 0x48, 0xbb, 0xc7, 0xb3, 0xe8, 0xb3, 0xe8, 0xcc, 0xac,
  0xbc, 0x08, 0xab, 0xc7, 0xbb, 0xa7, 0xb3, 0x87, 0xb3, 0x05, 0xab, 0x46,
  0xaa, 0xa5, 0x9a, 0x84, 0x92, 0x23, 0x8a, 0x44, 0xa2, 0x85, 0xaa, 0xe6,
  0xaa, 0xc5, 0xa2, 0xc6, 0xb3, 0x05, 0xbb, 0x87, 0xbb, 0x46, 0xaa, 0xe5,
  0x92, 0x84, 0xb3, 0xc9, 0xe5, 0xef, 0xe6, 0x30, 0xe6, 0x0f, 0xe6, 0x51,
  0xee, 0x30, 0xe6, 0x30, 0xe6, 0x0f, 0xe6, 0x30, 0xe5, 0xf0, 0xe6, 0x10,
  0xed, 0xef, 0xe5, 0xef, 0xed, 0xee, 0xdd, 0xce, 0xe5, 0xef, 0xe6, 0x0f,
  0xe5, 0xce, 0xdd, 0xef, 0xe5, 0xce, 0xdd, 0xcf, 0xdd, 0x8d, 0xdd, 0xce,
  0xdd, 0xac, 0xdd, 0xcd, 0xdd, 0xac, 0xdd, 0xed, 0xdd, 0xac, 0xdd, 0xed,
  0xe5, 0xed, 0xe6, 0x0e, 0xee, 0x0d, 0xe6, 0x2e, 0xf6, 0x2e, 0xf6, 0x4e,
  0xf6, 0x0d, 0xf6, 0x2e, 0xf6, 0x2d, 0xf6, 0x2d, 0xfe, 0x2d, 0xf6, 0x2d,
  0xfe, 0x0c, 0xf6, 0x2d, 0xfe, 0x4e, 0xf6, 0x4e, 0xf6, 0x0c, 0xee, 0x0d,
  0xf6, 0x0d, 0xf6, 0x4e, 0xf6, 0x4e, 0xf6, 0x4e, 0xfe, 0x4e, 0xf6, 0x6e,
  0xf6, 0x4e, 0xf6, 0x4e, 0xfe, 0x6e, 0xf6, 0x6f, 0xf6, 0x2d, 0xf6, 0x4d,
  0xfe, 0x0c, 0xf6, 0x0d, 0xe5, 0x4a, 0xe5, 0x8b, 0xe5, 0x4b, 0xdd, 0x4b,
  0xdc, 0xc9, 0xbc, 0x06, 0xbb, 0xc5, 0xc4, 0x06, 0xc4, 0x27, 0xbc, 0x07,
  0xc3, 0xc6, 0xbb, 0xa6, 0xbb, 0x86, 0xbb, 0xc7, 0xc3, 0xc6, 0xcc, 0x69,
  0xd4, 0x69, 0xbb, 0x86, 0xb2, 0xe5, 0xc3, 0x87, 0xc3, 0xc8, 0xab, 0x25,
  0xbb, 0x46, 0xb3, 0x46, 0xc3, 0x85, 0xcb, 0xe7, 0xd4, 0x27, 0xab, 0x23,
  0xaa, 0xc3, 0xbb, 0x86, 0xcb, 0xe7, 0xc3, 0xe7, 0xd4, 0x07, 0xc3, 0xc6,
  0xc3, 0x65, 0xbb, 0x45, 0xbb, 0xa5, 0xd4, 0x89, 0xcc, 0x87, 0xd4, 0xe8,
  0xfe, 0xb1, 0xdd, 0xad, 0xbc, 0x6b, 0xbc, 0x8c, 0xb3, 0xe8, 0x8a, 0xe5,
  0x6a, 0x84, 0x72, 0xe5, 0x8b, 0x05, 0xac, 0x2a, 0xc4, 0x68, 0xc4, 0xa9,
  0xcd, 0x09, 0xd5, 0x6b, 0xdd, 0x8b, 0xd5, 0x8b, 0xd5, 0x28, 0xd5, 0x49,
  0xdd, 0x48, 0xd5, 0x28, 0xdd, 0x69, 0xd5, 0x69, 0xdd, 0x8a, 0xcd, 0x29,
  0xd3, 0xa5, 0xec, 0x89, 0xfc, 0x8a, 0xfc, 0xcb, 0xd4, 0x08, 0xdc, 0x4a,
  0xe3, 0xa7, 0xe3, 0xc8, 0xec, 0x27, 0xfd, 0x0b, 0xdc, 0xaa, 0xfe, 0x0f,
  0xfe, 0xf3, 0xf6, 0xd3, 0xee, 0xb1, 0xf7, 0x13, 0xee, 0x31, 0xc5, 0x2d,
  0xdc, 0xab, 0xcc, 0x8b, 0xd4, 0x2a, 0xd4, 0x4b, 0xd3, 0xc9, 0xdc, 0x4b,
  0xe3, 0xe8, 0xd3, 0xa7, 0xd4, 0x07, 0xfd, 0xcf, 0xf6, 0x91, 0xee, 0x70,
  0xee, 0x70, 0xee, 0xb1, 0xee, 0x92, 0xee, 0xb2, 0xee, 0x93, 0xee, 0xb4,
  0xee, 0xb3, 0xf6, 0xf5, 0xf6, 0xd4, 0xee, 0xd5, 0xf6, 0xd3, 0xee, 0x93,
  0xf6, 0x70, 0xee, 0x71, 0xf6, 0x70, 0xee, 0x91, 0xee, 0x50, 0xee, 0x70,
  0xee, 0x2e, 0xee, 0x6f, 0xf6, 0x90, 0xee, 0x4f, 0xee, 0x4f, 0xf6, 0xb0,
  0xf6, 0x90, 0xee, 0x70, 0xee, 0x4f, 0xe6, 0x2f, 0xee, 0x0d, 0xee, 0x4e,
  0xee, 0x70, 0xdd, 0xee, 0xd4, 0x29, 0xb3, 0x46, 0xc2, 0xe6, 0xcb, 0x48,
  0xcb, 0x69, 0xcb, 0x89, 0xa2, 0xc7, 0x81, 0xe4, 0xa4, 0x2a, 0x83, 0x47,
  0x62, 0x41, 0x62, 0x82, 0x72, 0x83, 0x83, 0x26, 0x93, 0x66, 0x9b, 0xe8,
  0xac, 0x28, 0xa4, 0x29, 0x9b, 0xc7, 0x8b, 0x65, 0x72, 0xc4, 0x62, 0x63,
  0x6a, 0x83, 0x8b, 0xa7, 0xb4, 0xa9, 0xb4, 0xca, 0x83, 0x65, 0x6a, 0xc3,
  0xc4, 0x89, 0xb3, 0xa6, 0xab, 0xa7, 0xb3, 0x86, 0xb3, 0xe8, 0xbc, 0x09,
  0xb3, 0xe8, 0xb3, 0xc7, 0xb3, 0x88, 0xab, 0x47, 0xb3, 0x67, 0xab, 0x05,
  0x9a, 0x85, 0x9a, 0x23, 0x8a, 0x44, 0x9a, 0x85, 0xa2, 0xc6, 0xaa, 0xc6,
  0xa2, 0xc6, 0xb3, 0x06, 0xb3, 0x27, 0xbb, 0x47, 0xab, 0x27, 0xaa, 0xc5,
  0x92, 0xc5, 0xc4, 0x0a, 0xe6, 0x10, 0xee, 0x10, 0xde, 0x10, 0xe6, 0x10,
  0xe6, 0x10, 0xee, 0x10, 0xdd, 0xf0, 0xe5, 0xef, 0xee, 0x31, 0xe5, 0xcf,
  0xe5, 0xef, 0xe5, 0xce, 0xdd, 0xce, 0xe5, 0xee, 0xdd, 0xf0, 0xe5, 0xcf,
  0xdd, 0xef, 0xe5, 0xef, 0xdd, 0xef, 0xdd, 0xce, 0xdd, 0xad, 0xdd, 0x8c,
  0xd5, 0xad, 0xdd, 0xac, 0xd5, 0xcc, 0xdd, 0xac, 0xd5, 0xcd, 0xdd, 0xed,
  0xde, 0x0e, 0xe6, 0x0e, 0xe6, 0x0e, 0xee, 0x0d, 0xee, 0x2e, 0xf6, 0x2e,
  0xee, 0x2e, 0xf6, 0x0d, 0xf6, 0x4d, 0xf6, 0x0c, 0xf6, 0x2d, 0xf6, 0x2d,
  0xf6, 0x0d, 0xfe, 0x0d, 0xf6, 0x70, 0xf6, 0x2e, 0xee, 0x2e, 0xf6, 0x0d,
  0xee, 0x0d, 0xf6, 0x2d, 0xf6, 0x4f, 0xf6, 0x2e, 0xf6, 0x4f, 0xf6, 0x4e,
  0xee, 0x4f, 0xf6, 0x6f, 0xf6, 0x90, 0xf6, 0x6f, 0xf6, 0x6e, 0xf6, 0x2e,
  0xee, 0x2d, 0xf6, 0x0c, 0xe5, 0x8b, 0xe5, 0x8b, 0xe5, 0xac, 0xed, 0x8b,
  0xed, 0xac, 0xed, 0x6b, 0xdd, 0x0a, 0xcc, 0x47, 0xb3, 0xe6, 0xbb, 0xc6,
  0xbb, 0xc7, 0xc3, 0xc7, 0xbb, 0xc7, 0xbb, 0x86, 0xbb, 0xe7, 0xc3, 0xe7,
  0xd4, 0xaa, 0xbb, 0xc6, 0xaa, 0xc5, 0xc3, 0x67, 0xbb, 0xa7, 0xb3, 0x25,
  0xab, 0x25, 0xbb, 0x66, 0xc3, 0xc7, 0xdc, 0x68, 0xed, 0x0c, 0xab, 0x03,
  0xaa, 0xe4, 0xcb, 0xa7, 0xc3, 0xc6, 0xcb, 0xe7, 0xd4, 0x28, 0xcb, 0xa6,
  0xbb, 0x46, 0xbb, 0x45, 0xc4, 0x28, 0xdc, 0xaa, 0xcc, 0xc8, 0xcc, 0xa7,
  0xee, 0x2f, 0xd5, 0x4c, 0xbc, 0xac, 0xbc, 0x6b, 0xab, 0xe9, 0x8a, 0xe5,
  0x62, 0x64, 0x72, 0xa5, 0x8b, 0x26, 0xb4, 0x2a, 0xb4, 0x48, 0xcc, 0xa9,
  0xcd, 0x2a, 0xd5, 0x2a, 0xd5, 0x8b, 0xd5, 0x6b, 0xd5, 0x29, 0xd5, 0x29,
  0xd5, 0x28, 0xdd, 0x08, 0xcd, 0x49, 0xd5, 0x49, 0xd5, 0x6a, 0xd5, 0x49,
  0xcc, 0xa9, 0xcc, 0x67, 0xec, 0x08, 0xfc, 0x6a, 0xd3, 0xc9, 0xdb, 0xa8,
  0xe3, 0xc9, 0xeb, 0xe9, 0xe4, 0x08, 0xf4, 0x6a, 0xed, 0x8d, 0xed, 0x4c,
  0xf6, 0x92, 0xfe, 0xb2, 0xf7, 0x15, 0xee, 0x92, 0xe6, 0x70, 0xd5, 0xae,
  0xcc, 0xab, 0xd4, 0xeb, 0xd4, 0x6b, 0xcc, 0x0a, 0xcc, 0x0a, 0xdc, 0x6b,
  0xdc, 0x8c, 0xd4, 0x0a, 0xd3, 0xe8, 0xf4, 0xab, 0xe5, 0x2b, 0xdc, 0xea,
  0xe5, 0xad, 0xed, 0xcd, 0xdd, 0xef, 0xf6, 0x71, 0xe6, 0x93, 0xf6, 0xf4,
  0xf7, 0x16, 0xf6, 0xd5, 0xee, 0xd4, 0xee, 0xb3, 0xee, 0xb1, 0xee, 0x90,
  0xee, 0x70, 0xf6, 0x6f, 0xf6, 0x70, 0xee, 0x2e, 0xe6, 0x4f, 0xee, 0x4f,
  0xe6, 0x6f, 0xee, 0x6e, 0xe6, 0x71, 0xee, 0x91, 0xee, 0xb2, 0xee, 0x71,
  0xee, 0x70, 0xee, 0x4f, 0xee, 0x4f, 0xee, 0x4f, 0xee, 0x6f, 0xee, 0x2e,
  0xee, 0x70, 0xd5, 0x6c, 0xdc, 0x8c, 0xbb, 0x67, 0xba, 0xc7, 0xcb, 0x48,
  0xcb, 0x69, 0xcb, 0x28, 0xab, 0x28, 0xa2, 0xc6, 0x83, 0x05, 0x8b, 0x25,
  0x9c, 0x28, 0xb4, 0xaa, 0xc5, 0x0a, 0xcd, 0x2a, 0xd5, 0x6b, 0xd5, 0x4a,
  0xcd, 0x4a, 0xcd, 0x29, 0xb4, 0xc8, 0xac, 0x26, 0x8b, 0xe7, 0x8b, 0xa5,
  0x6b, 0x05, 0x62, 0x62, 0x8b, 0xa7, 0xb4, 0xab, 0xa4, 0x69, 0x7a, 0xe3,
  0xcc, 0xc9, 0xbc, 0x68, 0xbb, 0xe7, 0xbc, 0x08, 0xbb, 0xe7, 0xbc, 0x49,
  0xc3, 0xe7, 0xb3, 0xa6, 0xb3, 0x25, 0xab, 0x26, 0xbb, 0x66, 0xa2, 0xe5,
  0x92, 0x64, 0x92, 0x84, 0x9a, 0x65, 0xa2, 0xc6, 0xa2, 0xc5, 0xa2, 0xe6,
  0xb3, 0x66, 0xc4, 0x29, 0xc4, 0x49, 0xbc, 0x08, 0xab, 0x26, 0x9a, 0xe5,
  0x9a, 0xc5, 0xbb, 0xea, 0xe5, 0xae, 0xe5, 0xef, 0xe6, 0x0f, 0xe6, 0x0f,
  0xe5, 0xef, 0xe6, 0x10, 0xe5, 0xcf, 0xe6, 0x10, 0xed, 0xf0, 0xe5, 0xf0,
  0xed, 0xce, 0xe5, 0xcf, 0xe5, 0xaf, 0xe5, 0xd0, 0xe6, 0x10, 0xe6, 0x31,
  0xe5, 0xcf, 0xdd, 0xef, 0xdd, 0xce, 0xdd, 0xef, 0xe5, 0xad, 0xdd, 0xad,
  0xdd, 0xac, 0xdd, 0xad, 0xdd, 0xcc, 0xdd, 0xed, 0xdd, 0xcc, 0xdd, 0xed,
  0xe5, 0xec, 0xee, 0x2e, 0xee, 0x0c, 0xee, 0x4d, 0xf6, 0x2d, 0xee, 0x2e,
  0xf6, 0x2d, 0xf6, 0x2d, 0xfe, 0x2c, 0xf6, 0x2c, 0xf6, 0x0c, 0xf6, 0x2d,
  0xf6, 0x0c, 0xf6, 0x2d, 0xfe, 0x4d, 0xf6, 0x4d, 0xf6, 0x0d, 0xee, 0x0d,
  0xf6, 0x2e, 0xf6, 0x2e, 0xf6, 0x2e, 0xf6, 0x4e, 0xfe, 0x4f, 0xfe, 0x90,
  0xf6, 0x6f, 0xf6, 0x90, 0xfe, 0x90, 0xf6, 0xb1, 0xfe, 0x90, 0xee, 0x6f,
  0xf6, 0x0d, 0xee, 0x0c, 0xed, 0xcb, 0xed, 0xcc, 0xed, 0x6b, 0xe5, 0x4b,
  0xed, 0x4a, 0xed, 0x8b, 0xed, 0xab, 0xf5, 0xec, 0xe5, 0x6b, 0xbc, 0x47,
  0xbb, 0xc5, 0xc4, 0x27, 0xc4, 0x07, 0xbb, 0xe7, 0xbb, 0xc6, 0xbb, 0xe7,
  0xd4, 0x68, 0xcc, 0x68, 0xb2, 0xe3, 0xbb, 0x86, 0xc3, 0x86, 0xb3, 0x25,
  0xbb, 0x65, 0xcb, 0xe7, 0xdc, 0x47, 0xed, 0x0a, 0xdc, 0x68, 0xb3, 0x44,
  0xc3, 0x65, 0xc3, 0xc7, 0xcb, 0xa5, 0xd4, 0x07, 0xdc, 0x28, 0xc3, 0xa6,
  0xc3, 0x86, 0xcb, 0xe7, 0xdc, 0xea, 0xcc, 0x89, 0xdd, 0x6a, 0xcc, 0xc8,
  0xe5, 0x6c, 0xdd, 0x6c, 0xc4, 0x8b, 0xb4, 0x4b, 0xab, 0xc8, 0x93, 0x06,
  0x6a, 0x64, 0x72, 0xc6, 0x93, 0x25, 0xb4, 0x6a, 0xbc, 0x47, 0xc4, 0xca,
  0xcd, 0x09, 0xcd, 0x4a, 0xd5, 0x6a, 0xd5, 0x8a, 0xdd, 0x69, 0xd5, 0x69,
  0xdd, 0x48, 0xd5, 0x48, 0xd5, 0x48, 0xd5, 0x89, 0xd5, 0x49, 0xd5, 0x8a,
  0xd5, 0x49, 0xc5, 0x29, 0xdb, 0xe6, 0xdc, 0x07, 0xf3, 0xe8, 0xcb, 0x05,
  0xdb, 0x88, 0xe3, 0xea, 0xe4, 0x08, 0xec, 0x8b, 0xf5, 0x4b, 0xfd, 0xad,
  0xed, 0xcd, 0xed, 0xee, 0xfe, 0xd1, 0xee, 0x4f, 0xe6, 0x2f, 0xf6, 0xb1,
  0xe5, 0x8d, 0xc4, 0xcb, 0xdc, 0xac, 0xd4, 0x8c, 0xd3, 0xe9, 0xd4, 0x2b,
  0xdc, 0x2a, 0xd4, 0x09, 0xdb, 0xa7, 0xe4, 0x29, 0xfd, 0x6c, 0xf5, 0x0b,
  0xe4, 0xea, 0xf5, 0x8d, 0xed, 0x8c, 0xed, 0xce, 0xe5, 0xef, 0xfe, 0xb2,
  0xee, 0x72, 0xe6, 0x52, 0xee, 0x71, 0xe6, 0x51, 0xf6, 0x6f, 0xee, 0x70,
  0xee, 0x2e, 0xee, 0x2e, 0xee, 0x2e, 0xf6, 0x6f, 0xf6, 0x6f, 0xee, 0x90,
  0xee, 0x4f, 0xe6, 0x50, 0xf6, 0x91, 0xe6, 0x70, 0xee, 0x91, 0xee, 0xb2,
  0xf6, 0x6f, 0xee, 0x70, 0xf6, 0x4e, 0xee, 0x2e, 0xf6, 0x6e, 0xee, 0x6f,
  0xf6, 0x70, 0xc5, 0x0b, 0xd4, 0x29, 0xbb, 0x87, 0xc2, 0xc7, 0xc3, 0x08,
  0xcb, 0x68, 0xcb, 0x69, 0xaa, 0xe7, 0x92, 0x65, 0x9b, 0xa6, 0xc5, 0x2c,
  0xdd, 0x69, 0xd5, 0x8a, 0xd5, 0x48, 0xd5, 0x69, 0xd5, 0x49, 0xd5, 0x8a,
  0xcd, 0x49, 0xc5, 0x09, 0xbc, 0xe8, 0xb4, 0xe9, 0xac, 0xa7, 0x83, 0x83,
  0x72, 0xe5, 0x5a, 0x63, 0x5a, 0x03, 0x7b, 0x48, 0xbc, 0xaa, 0xa4, 0x08,
  0xcc, 0xea, 0xc4, 0x68, 0xbc, 0x49, 0xc4, 0x08, 0xb3, 0xe8, 0xbc, 0x08,
  0xbb, 0xc8, 0xab, 0x25, 0xa2, 0xc6, 0xaa, 0xe6, 0xa2, 0xe6, 0x9a, 0x84,
  0x92, 0x65, 0x9a, 0x65, 0x92, 0xa5, 0x9a, 0xa5, 0xab, 0x67, 0xcc, 0x29,
  0xcc, 0xab, 0xd4, 0xab, 0xcc, 0xab, 0xbc, 0x28, 0xbc, 0x08, 0xab, 0x45,
  0x8a, 0x64, 0xab, 0x47, 0xd5, 0x8f, 0xe5, 0xcf, 0xdd, 0xef, 0xdd, 0xce,
  0xdd, 0xef, 0xdd, 0xce, 0xdd, 0xcf, 0xe5, 0xcf, 0xdd, 0xcf, 0xe5, 0xcf,
  0xe5, 0xce, 0xe5, 0xce, 0xdd, 0xf0, 0xe5, 0xef, 0xe6, 0x11, 0xe5, 0xf0,
  0xdd, 0xcf, 0xdd, 0xcf, 0xd5, 0xae, 0xdd, 0x8d, 0xdd, 0xae, 0xdd, 0x8d,
  0xdd, 0xae, 0xdd, 0xad, 0xd5, 0xce, 0xdd, 0xce, 0xdd, 0xee, 0xdd, 0xce,
  0xe6, 0x0e, 0xee, 0x0e, 0xe6, 0x2e, 0xee, 0x2d, 0xee, 0x4f, 0xee, 0x2e,
  0xee, 0x2e, 0xf6, 0x2e, 0xf6, 0x2d, 0xf6, 0x0c, 0xf6, 0x2d, 0xf6, 0x2d,
  0xee, 0x2e, 0xfe, 0x4e, 0xf6, 0x6f, 0xee, 0x0d, 0xee, 0x0d, 0xf6, 0x2d,
  0xf6, 0x4f, 0xf6, 0x2e, 0xf6, 0x4f, 0xf6, 0x4f, 0xf6, 0x4f, 0xf6, 0x4f,
  0xf6, 0x70, 0xf6, 0x4f, 0xf6, 0x91, 0xf6, 0x70, 0xf6, 0x91, 0xf6, 0x70,
  0xf6, 0x4f, 0xf6, 0x0e, 0xee, 0x0d, 0xed, 0xec, 0xed, 0xcd, 0xed, 0x8b,
  0xe5, 0x8b, 0xed, 0xab, 0xed, 0xcc, 0xed, 0xab, 0xed, 0xed, 0xed, 0xcc,
  0xc4, 0x68, 0xc4, 0x27, 0xcc, 0x89, 0xcc, 0x48, 0xbb, 0xe7, 0xbb, 0xc7,
  0xc3, 0xe7, 0xd4, 0x69, 0xbb, 0x86, 0xbb, 0x45, 0xb3, 0x46, 0xbb, 0x25,
  0xbb, 0xa7, 0xd4, 0x29, 0xe4, 0xca, 0xec, 0xea, 0xbb, 0xa6, 0xb3, 0x44,
  0xbb, 0x86, 0xcb, 0xc6, 0xcb, 0xc6, 0xdc, 0x28, 0xd4, 0x48, 0xcb, 0xa6,
  0xcc, 0x48, 0xd4, 0x69, 0xd5, 0x0b, 0xc4, 0x68, 0xdd, 0xab, 0xcc, 0xe8,
  0xcc, 0xca, 0xdd, 0x4c, 0xbc, 0x6c, 0xbc, 0x4b, 0xab, 0xea, 0x93, 0x26,
  0x62, 0x44, 0x72, 0x85, 0x8b, 0x46, 0xb4, 0x4a, 0xb4, 0x68, 0xc4, 0xa9,
  0xc5, 0x0a, 0xcd, 0x2a, 0xcd, 0x6a, 0xd5, 0x6a, 0xd5, 0x49, 0xd5, 0x29,
  0xd5, 0x28, 0xd5, 0x07, 0xd5, 0x48, 0xd5, 0x28, 0xd5, 0x8a, 0xd5, 0x8a,
  0xd5, 0xab, 0xd5, 0x8a, 0xdc, 0xe9, 0xcc, 0x46, 0xec, 0x09, 0xe3, 0x87,
  0xc3, 0x47, 0xd3, 0x67, 0xdc, 0x09, 0xe4, 0x29, 0xec, 0x8a, 0xfd, 0x0b,
  0xfd, 0xce, 0xfd, 0x8d, 0xed, 0xee, 0xfe, 0x2f, 0xee, 0x4f, 0xfe, 0x90,
  0xf6, 0x91, 0xe6, 0x0e, 0xc4, 0x8b, 0xcc, 0xcb, 0xcc, 0x0b, 0xcb, 0xea,
  0xd3, 0xaa, 0xd3, 0x68, 0xd3, 0x47, 0xe3, 0x88, 0xdc, 0x09, 0xe4, 0x09,
  0xd4, 0x28, 0xdc, 0x28, 0xd4, 0xc9, 0xdc, 0xea, 0xdd, 0x2c, 0xed, 0x6c,
  0xcc, 0xcb, 0xed, 0x6d, 0xdd, 0x6d, 0xdd, 0x2c, 0xed, 0xcd, 0xed, 0xcd,
  0xf5, 0xee, 0xed, 0x8c, 0xdd, 0x4c, 0xdd, 0x0b, 0xdd, 0x8e, 0xed, 0xcf,
  0xe6, 0x10, 0xe5, 0xcf, 0xdd, 0xcf, 0xe5, 0xef, 0xee, 0x30, 0xe5, 0xef,
  0xe6, 0x10, 0xe5, 0xef, 0xdd, 0xae, 0xee, 0x0f, 0xe5, 0xae, 0xd5, 0x0b,
  0xd5, 0x0d, 0xcc, 0xab, 0xc3, 0xe8, 0xbb, 0x65, 0xc3, 0x27, 0xc3, 0x06,
  0xc3, 0x28, 0xcb, 0x69, 0x9a, 0x86, 0xa2, 0xc6, 0xc5, 0x0b, 0xd5, 0x4b,
  0xd5, 0x49, 0xdd, 0x49, 0xd5, 0x6a, 0xdd, 0x49, 0xd5, 0x8b, 0xcd, 0x29,
  0xbd, 0x09, 0xc5, 0x09, 0xb5, 0x09, 0xb4, 0xc7, 0xad, 0x09, 0x83, 0x63,
  0x49, 0xc2, 0x51, 0xe3, 0x49, 0xe5, 0x49, 0xa4, 0x7b, 0x47, 0xa4, 0x4b,
  0xcc, 0xc9, 0xc4, 0xa9, 0xc4, 0x49, 0xbc, 0x49, 0xbb, 0xe7, 0xb3, 0xc7,
  0xbb, 0x87, 0xa2, 0xe5, 0xaa, 0xa4, 0xaa, 0xc5, 0xaa, 0xa5, 0x9a, 0x64,
  0x92, 0x23, 0x92, 0x44, 0x9a, 0xa4, 0xab, 0x67, 0xc4, 0x49, 0xcc, 0xeb,
  0xd5, 0x2b, 0xd5, 0x2c, 0xd4, 0xca, 0xc4, 0x89, 0xcc, 0x47, 0xbb, 0xe6,
  0x9a, 0xa4, 0x92, 0x84, 0xd5, 0x0c, 0xdd, 0x8f, 0xe5, 0xcd, 0xdd, 0xad,
  0xdd, 0xad, 0xdd, 0xae, 0xdd, 0x8d, 0xdd, 0xad, 0xed, 0xce, 0xe5, 0xae,
  0xe5, 0xad, 0xe5, 0xce, 0xe5, 0xee, 0xe5, 0xef, 0xe5, 0xef, 0xdd, 0xef,
  0xdd, 0x8d, 0xdd, 0xce, 0xe5, 0xee, 0xd5, 0xae, 0xdd, 0x6c, 0xd5, 0x8d,
  0xdd, 0xad, 0xdd, 0xee, 0xe5, 0xce, 0xdd, 0xee, 0xe5, 0xee, 0xe6, 0x0e,
  0xee, 0x2e, 0xe6, 0x2f, 0xee, 0x2d, 0xe6, 0x2e, 0xf6, 0x4e, 0xee, 0x4e,
  0xfe, 0x2e, 0xf6, 0x4e, 0xfe, 0x2e, 0xf6, 0x2e, 0xfe, 0x2d, 0xf6, 0x4e,
  0xf6, 0x2e, 0xf6, 0x6f, 0xfe, 0x6f, 0xe5, 0xed, 0xf6, 0x0c, 0xf6, 0x4d,
  0xf6, 0x4f, 0xf6, 0x4f, 0xf6, 0x4f, 0xf6, 0x90, 0xf6, 0x2e, 0xf6, 0x8f,
  0xfe, 0x90, 0xf6, 0x90, 0xfe, 0x90, 0xfe, 0xb1, 0xfe, 0x6e, 0xf6, 0x8f,
  0xf6, 0x4e, 0xf6, 0x4e, 0xf6, 0x2d, 0xee, 0x0d, 0xed, 0xcc, 0xed, 0xed,
  0xed, 0xcb, 0xed, 0xcc, 0xf5, 0xeb, 0xf6, 0x0c, 0xed, 0xeb, 0xf6, 0x2d,
  0xed, 0xab, 0xcc, 0xe9, 0xcc, 0x68, 0xd4, 0xa9, 0xcc, 0x28, 0xc4, 0x07,
  0xc3, 0xa6, 0xc4, 0x08, 0xcb, 0xa7, 0xab, 0x05, 0xbb, 0x66, 0xd4, 0x29,
  0xdc, 0x69, 0xd4, 0x49, 0xec, 0xe9, 0xdc, 0xc9, 0xbb, 0x85, 0xb3, 0x65,
  0xc3, 0x85, 0xcb, 0xe6, 0xcb, 0xe6, 0xd4, 0x27, 0xd4, 0x07, 0xd4, 0x68,
  0xd4, 0xa9, 0xdd, 0x0a, 0xcc, 0xa8, 0xc4, 0xc9, 0xe5, 0x8a, 0xcd, 0x09,
  0xc4, 0x67, 0xdd, 0x6b, 0xcc, 0xcc, 0xbc, 0x6b, 0xbc, 0x29, 0x9b, 0x47,
  0x6a, 0x43, 0x62, 0x64, 0x93, 0x45, 0xbc, 0xab, 0xc4, 0xc8, 0xc4, 0xe9,
  0xd5, 0x49, 0xcd, 0x4a, 0xd5, 0x49, 0xd5, 0x8a, 0xdd, 0x28, 0xd5, 0x49,
  0xdd, 0x28, 0xd5, 0x28, 0xd5, 0x28, 0xd5, 0x28, 0xcd, 0x49, 0xcd, 0x69,
  0xd5, 0x8a, 0xd5, 0xcb, 0xe5, 0xab, 0xc4, 0xe8, 0xd3, 0xa6, 0xe4, 0x69,
  0xd3, 0x26, 0xd3, 0x47, 0xdb, 0xe9, 0xe4, 0x2a, 0xdb, 0xe7, 0xec, 0x8a,
  0xfd, 0x4b, 0xfd, 0xad, 0xf5, 0x8c, 0xf5, 0xed, 0xed, 0xcc, 0xee, 0x0e,
  0xdd, 0xad, 0xdd, 0xce, 0xd5, 0x0b, 0xbc, 0x8a, 0xd4, 0x6b, 0xc4, 0x0a,
  0xcb, 0x28, 0xcb, 0x28, 0xd3, 0x27, 0xd3, 0x48, 0xdb, 0x67, 0xdb, 0xc9,
  0xe4, 0x29, 0xe4, 0x49, 0xd4, 0x47, 0xd4, 0x48, 0xd4, 0x48, 0xd4, 0xaa,
  0xe4, 0xaa, 0xe4, 0xca, 0xdc, 0x68, 0xe4, 0xea, 0xe4, 0xe9, 0xe5, 0x2a,
  0xed, 0x2a, 0xed, 0x4b, 0xed, 0x2a, 0xed, 0x2b, 0xf5, 0x6d, 0xe5, 0x2c,
  0xed, 0x4d, 0xd4, 0xeb, 0xc4, 0x68, 0xdd, 0x4b, 0xdc, 0xa9, 0xe5, 0x4c,
  0xed, 0x8d, 0xed, 0xae, 0xd4, 0xea, 0xdd, 0x6c, 0xe5, 0x0b, 0xd4, 0xaa,
  0xe4, 0xeb, 0xdc, 0xeb, 0xd3, 0xe7, 0xbb, 0x66, 0xcb, 0x27, 0xc3, 0x27,
  0xcb, 0x27, 0xcb, 0x89, 0xb3, 0x26, 0xd4, 0x6b, 0xe5, 0x8b, 0xd5, 0x2a,
  0xdd, 0x28, 0xdd, 0x69, 0xdd, 0x69, 0xdd, 0x6a, 0xd5, 0x4a, 0xc5, 0x29,
  0xbc, 0xe8, 0xbc, 0xe8, 0xb4, 0xc7, 0x9c, 0x25, 0xac, 0xc9, 0xac, 0xea,
  0x5a, 0x43, 0x4a, 0x03, 0x49, 0xc5, 0x41, 0x84, 0x49, 0xc3, 0x6b, 0x08,
  0xcc, 0xea, 0xc4, 0x88, 0xbc, 0x6a, 0xc4, 0x69, 0xbc, 0x49, 0xb3, 0xe8,
  0xb3, 0x87, 0xa2, 0xe5, 0xa2, 0xa5, 0xa2, 0x85, 0xa2, 0xc6, 0x9a, 0x44,
  0x8a, 0x65, 0xa2, 0xc6, 0xa3, 0x67, 0xc4, 0x4a, 0xc4, 0xab, 0xcc, 0xeb,
  0xcd, 0x2c, 0xcd, 0x2c, 0xd5, 0x2b, 0xcc, 0xa9, 0xc4, 0x68, 0xc4, 0x47,
  0xb3, 0xa8, 0x8a, 0x43, 0xb4, 0x2a, 0xe5, 0x6e, 0xd5, 0x6c, 0xdd, 0x8c,
  0xd5, 0x6c, 0xdd, 0x4c, 0xdd, 0x8d, 0xdd, 0x4c, 0xdd, 0x6d, 0xe5, 0x8d,
  0xdd, 0xad, 0xe5, 0x8d, 0xdd, 0xae, 0xe5, 0xae, 0xdd, 0xef, 0xdd, 0xce,
  0xdd, 0xce, 0xdd, 0xae, 0xd5, 0xce, 0xd5, 0x8d, 0xd5, 0x8d, 0xd5, 0x6c,
  0xd5, 0x8d, 0xdd, 0xad, 0xd5, 0xed, 0xdd, 0xcd, 0xde, 0x0d, 0xdd, 0xed,
  0xe6, 0x2e, 0xee, 0x2e, 0xe6, 0x2e, 0xee, 0x0e, 0xee, 0x2e, 0xee, 0x2e,
  0xf6, 0x4e, 0xf6, 0x2e, 0xee, 0x0e, 0xf6, 0x0d, 0xf6, 0x4f, 0xfe, 0x4f,
  0xf6, 0x4f, 0xfe, 0x6f, 0xf6, 0x4e, 0xed, 0xed, 0xee, 0x0d, 0xf6, 0x0d,
  0xee, 0x2f, 0xee, 0x2e, 0xf6, 0x70, 0xf6, 0x50, 0xf6, 0x6f, 0xfe, 0x8f,
  0xee, 0x6f, 0xf6, 0x6f, 0xfe, 0x90, 0xf6, 0x4e, 0xf6, 0x6e, 0xf6, 0x4d,
  0xf6, 0x6e, 0xf6, 0x2d, 0xf6, 0x4e, 0xf6, 0x4e, 0xee, 0x0e, 0xee, 0x0d,
  0xee, 0x2e, 0xee, 0x0d, 0xed, 0xec, 0xf5, 0xec, 0xee, 0x0c, 0xf6, 0x0c,
  0xf6, 0x0d, 0xe5, 0x8b, 0xd4, 0xc9, 0xd4, 0xa9, 0xc4, 0x28, 0xc3, 0xc6,
  0xb3, 0x66, 0xbb, 0x66, 0xc3, 0xa8, 0xb3, 0x05, 0xd4, 0x6a, 0xe4, 0xab,
  0xc3, 0xc7, 0xdc, 0x8a, 0xe4, 0xca, 0xdc, 0x88, 0xbb, 0xc6, 0xb3, 0x24,
  0xbb, 0x85, 0xc3, 0xa6, 0xcb, 0xe7, 0xcb, 0xe6, 0xc4, 0x07, 0xdc, 0xaa,
  0xdd, 0x0b, 0xdd, 0x0a, 0xc4, 0xc9, 0xd4, 0xe9, 0xe5, 0xec, 0xe5, 0xab,
  0xc4, 0xa8, 0xd4, 0xc9, 0xc4, 0xcc, 0xc4, 0x6a, 0xb4, 0x2a, 0x9b, 0x46,
  0x62, 0x44, 0x6a, 0x44, 0x8b, 0x46, 0xb4, 0x6b, 0xbc, 0xe9, 0xcd, 0x0a,
  0xcd, 0x2a, 0xcd, 0x2a, 0xcd, 0x4a, 0xd5, 0x6a, 0xcd, 0x29, 0xdd, 0x49,
  0xdd, 0x49, 0xd5, 0x08, 0xd5, 0x28, 0xd5, 0x28, 0xc5, 0x08, 0xc5, 0x08,
  0xc5, 0x6a, 0xcd, 0x6a, 0xdd, 0xab, 0xcd, 0x49, 0xa3, 0x85, 0xb3, 0xc6,
  0xdb, 0xa9, 0xcb, 0x07, 0xcb, 0x89, 0xec, 0x2b, 0xdc, 0x4a, 0xdc, 0x29,
  0xdc, 0x89, 0xfd, 0x2b, 0xf5, 0xcd, 0xfd, 0xcc, 0xe5, 0x8c, 0xe5, 0x6b,
  0xcd, 0x0c, 0xd5, 0x2c, 0xdd, 0x4e, 0xcc, 0x8b, 0xc4, 0x0a, 0xc3, 0xc9,
  0xcb, 0x29, 0xd3, 0x49, 0xd3, 0x69, 0xd3, 0x28, 0xd3, 0x28, 0xd3, 0x28,
  0xd3, 0x67, 0xe3, 0xc9, 0xd4, 0x29, 0xdc, 0x29, 0xcc, 0x6a, 0xcc, 0x49,
  0xcc, 0x08, 0xd4, 0x08, 0xd4, 0x28, 0xe4, 0x48, 0xe4, 0xca, 0xec, 0xa9,
  0xe4, 0xca, 0xe4, 0xc9, 0xe4, 0xe9, 0xec, 0xe9, 0xe5, 0x0a, 0xec, 0xea,
  0xed, 0x2c, 0xed, 0x0b, 0xf5, 0x6c, 0xf5, 0x2b, 0xe4, 0xa9, 0xdc, 0x47,
  0xed, 0x0c, 0xf5, 0x2c, 0xed, 0x4c, 0xf5, 0x2b, 0xed, 0x0b, 0xf5, 0x0b,
  0xed, 0x0a, 0xd4, 0x47, 0xcb, 0xc8, 0xc3, 0x66, 0xc3, 0x49, 0xcb, 0x28,
  0xc3, 0x69, 0xcb, 0x89, 0xc3, 0xe8, 0xed, 0x0d, 0xdd, 0x4a, 0xdd, 0x29,
  0xd5, 0x69, 0xd5, 0x28, 0xcd, 0x49, 0xd5, 0x29, 0xc5, 0x29, 0xc4, 0xe8,
  0xbd, 0x09, 0xbc, 0xe8, 0xa4, 0x88, 0x8b, 0x84, 0x7b, 0xa7, 0xac, 0xec,
  0x6b, 0x46, 0x42, 0x01, 0x39, 0xc4, 0x39, 0x83, 0x31, 0x84, 0x41, 0xa5,
  0xd5, 0x2a, 0xcc, 0xea, 0xcc, 0xaa, 0xc4, 0xaa, 0xcc, 0x6a, 0xbc, 0x29,
  0xb3, 0x66, 0xa3, 0x05, 0xaa, 0xe5, 0xa2, 0xc5, 0x9a, 0x84, 0x92, 0x63,
  0x9a, 0xc5, 0xab, 0x68, 0xc4, 0x8a, 0xd5, 0x0c, 0xcd, 0x0c, 0xcd, 0x2c,
  0xd5, 0x2c, 0xd5, 0x4d, 0xdd, 0x2b, 0xd5, 0x2b, 0xd5, 0x0a, 0xcc, 0xea,
  0xd4, 0xab, 0xab, 0x86, 0xa3, 0x45, 0xd4, 0xcc, 0xd4, 0xea, 0xd5, 0x0b,
  0xdc, 0xea, 0xdd, 0x2c, 0xdd, 0x2b, 0xdd, 0x4c, 0xdd, 0x4b, 0xd5, 0x4c,
  0xdd, 0x6c, 0xe5, 0x8d, 0xdd, 0x8d, 0xdd, 0xae, 0xdd, 0xae, 0xd5, 0xae,
  0xdd, 0x8d, 0xd5, 0xae, 0xdd, 0x8d, 0xd5, 0x8d, 0xdd, 0xac, 0xdd, 0xad,
  0xd5, 0x6b, 0xdd, 0xcd, 0xdd, 0xcd, 0xde, 0x0e, 0xdd, 0xed, 0xde, 0x0d,
  0xe6, 0x0e, 0xe6, 0x4e, 0xee, 0x2e, 0xee, 0x4e, 0xf6, 0x2d, 0xee, 0x4e,
  0xf6, 0x4d, 0xee, 0x2e, 0xfe, 0x2e, 0xf6, 0x2e, 0xfe, 0x4f, 0xfe, 0x90,
  0xfe, 0x6f, 0xf6, 0x8f, 0xfe, 0x4d, 0xee, 0x0c, 0xf5, 0xec, 0xf6, 0x2d,
  0xf6, 0x2e, 0xf6, 0x6f, 0xf6, 0x6f, 0xf6, 0x6f, 0xf6, 0x4f, 0xee, 0x4f,
  0xfe, 0x6f, 0xfe, 0x70, 0xfe, 0x4d, 0xf6, 0x2d, 0xf6, 0x2d, 0xf6, 0x4d,
  0xf6, 0x4e, 0xf6, 0x6f, 0xfe, 0x6f, 0xee, 0x6f, 0xf6, 0x4f, 0xf6, 0x6f,
  0xfe, 0x8f, 0xee, 0x4e, 0xf6, 0x0c, 0xee, 0x0c, 0xf5, 0xeb, 0xf6, 0x0c,
  0xf5, 0xcc, 0xf5, 0xed, 0xe5, 0x2a, 0xcc, 0xa8, 0xcc, 0x07, 0xbb, 0xc6,
  0xb3, 0x25, 0xb3, 0x46, 0xb3, 0x26, 0xb3, 0x67, 0xd4, 0x49, 0xd4, 0xab,
  0xc3, 0xc6, 0xdc, 0xca, 0xec, 0xe9, 0xd4, 0x88, 0xc3, 0xa6, 0xab, 0x04,
  0xc3, 0x86, 0xcb, 0xc7, 0xcb, 0xe6, 0xcc, 0x07, 0xcc, 0x07, 0xdc, 0xa9,
  0xd4, 0xc9, 0xcc, 0xa9, 0xc4, 0x86, 0xdd, 0x6a, 0xed, 0xcb, 0xe5, 0xeb,
  0xdd, 0x29, 0xc4, 0xa7, 0xd4, 0xeb, 0xc4, 0xaa, 0xb4, 0x29, 0x9b, 0x87,
  0x6a, 0x84, 0x62, 0x43, 0x83, 0x04, 0xa4, 0x4a, 0xc4, 0xe8, 0xc5, 0x09,
  0xcd, 0x29, 0xcd, 0x4a, 0xd5, 0x29, 0xd5, 0x8a, 0xd5, 0x29, 0xcd, 0x29,
  0xdd, 0x28, 0xd5, 0x08, 0xdd, 0x48, 0xd5, 0x48, 0xd5, 0x49, 0xc5, 0x08,
  0xcd, 0x08, 0xd5, 0x6a, 0xd5, 0x8a, 0xd5, 0xab, 0xbc, 0x68, 0x8b, 0x24,
  0xb3, 0x47, 0xbb, 0xa9, 0xcb, 0x27, 0xe3, 0xeb, 0xec, 0x4b, 0xdc, 0x2a,
  0xe4, 0x49, 0xe4, 0x8a, 0xf5, 0x0a, 0xfd, 0xad, 0xf5, 0xac, 0xf5, 0xcd,
  0xe5, 0x4c, 0xed, 0xae, 0xe5, 0x0c, 0xd4, 0xcb, 0xd3, 0x87, 0xcb, 0x67,
  0xba, 0x85, 0xba, 0xa6, 0xcb, 0x07, 0xcb, 0x48, 0xd3, 0x28, 0xcb, 0x28,
  0xd3, 0x47, 0xdb, 0x89, 0xdb, 0xa8, 0xd3, 0xa8, 0xd3, 0xc8, 0xd3, 0xe9,
  0xd3, 0xc8, 0xd4, 0x08, 0xdb, 0xc7, 0xdc, 0x08, 0xdc, 0x48, 0xdc, 0x69,
  0xdc, 0xa8, 0xdc, 0xe9, 0xe4, 0xe9, 0xdc, 0xc9, 0xe4, 0xc9, 0xdc, 0xa9,
  0xdc, 0x68, 0xdc, 0x89, 0xe4, 0x88, 0xe4, 0xc9, 0xfd, 0x4b, 0xf5, 0x2b,
  0xe4, 0x28, 0xd3, 0xa7, 0xec, 0x08, 0xfc, 0xab, 0xf4, 0xca, 0xf4, 0xeb,
  0xe4, 0xa9, 0xdc, 0x68, 0xd3, 0xc7, 0xc3, 0x86, 0xcb, 0x48, 0xcb, 0x48,
  0xcb, 0x68, 0xc3, 0x89, 0xcc, 0x08, 0xe5, 0x0c, 0xdd, 0x69, 0xdd, 0x69,
  0xd5, 0x28, 0xc5, 0x08, 0xc5, 0x08, 0xc5, 0x48, 0xc5, 0x08, 0xc5, 0x49,
  0xc5, 0x09, 0xbd, 0x09, 0xac, 0x87, 0x83, 0xa4, 0x73, 0x65, 0x84, 0x08,
  0x7b, 0xa7, 0x52, 0x83, 0x41, 0xc3, 0x39, 0xc3, 0x39, 0x63, 0x39, 0x64,
  0xd5, 0x8d, 0xc4, 0xca, 0xc4, 0xaa, 0xc4, 0x89, 0xbc, 0x6a, 0xbc, 0x28,
  0xb3, 0x87, 0xa2, 0xe4, 0xa2, 0xc5, 0xa2, 0xa4, 0x9a, 0xa6, 0x92, 0x23,
  0x92, 0xe6, 0xb3, 0xc9, 0xc5, 0x0c, 0xd5, 0x2c, 0xcd, 0x2c, 0xd5, 0x2c,
  0xcd, 0x2d, 0xdd, 0x6d, 0xdd, 0x8d, 0xdd, 0x4c, 0xdd, 0x6c, 0xdd, 0x2b,
  0xdd, 0x2d, 0xdd, 0x0c, 0xbc, 0x6a, 0xbc, 0x29, 0xbc, 0x69, 0xcc, 0xa9,
  0xcc, 0xaa, 0xd4, 0xaa, 0xd4, 0xeb, 0xdc, 0xea, 0xd5, 0x0b, 0xdd, 0x0b,
  0xd5, 0x2c, 0xe5, 0x6c, 0xdd, 0xae, 0xdd, 0x8d, 0xdd, 0xaf, 0xe5, 0xcf,
  0xd5, 0xaf, 0xdd, 0x8e, 0xcd, 0x6d, 0xd5, 0x8d, 0xdd, 0xae, 0xdd, 0x8d,
  0xd5, 0x8d, 0xd5, 0x8d, 0xdd, 0xef, 0xdd, 0xce, 0xdd, 0xee, 0xdd, 0xee,
  0xde, 0x0e, 0xe6, 0x0e, 0xe6, 0x2d, 0xe6, 0x0d, 0xee, 0x2e, 0xee, 0x2d,
  0xf6, 0x4e, 0xf6, 0x4d, 0xf6, 0x2e, 0xf6, 0x0d, 0xf6, 0x4f, 0xfe, 0x6f,
  0xf6, 0x6f, 0xfe, 0x4f, 0xf6, 0x0c, 0xed, 0xcb, 0xed, 0xcc, 0xf5, 0xcc,
  0xee, 0x2e, 0xf6, 0x2e, 0xee, 0x2e, 0xf6, 0x2e, 0xf6, 0x4f, 0xf6, 0x2e,
  0xf6, 0x4f, 0xf6, 0x0e, 0xf6, 0x4e, 0xf6, 0x2e, 0xf6, 0x4e, 0xf6, 0x2e,
  0xf6, 0x4f, 0xfe, 0x4f, 0xf6, 0x70, 0xf6, 0x4f, 0xf6, 0x70, 0xf6, 0x4f,
  0xf6, 0x90, 0xf6, 0x4e, 0xee, 0x4e, 0xf6, 0x2e, 0xee, 0x0d, 0xf6, 0x0c,
  0xf6, 0x0d, 0xf5, 0xec, 0xe5, 0x4b, 0xdc, 0xe9, 0xcc, 0x28, 0xbb, 0x85,
  0xab, 0x06, 0xaa, 0xc5, 0xab, 0x06, 0xc3, 0x88, 0xd4, 0x8a, 0xdc, 0xaa,
  0xcc, 0x48, 0xe4, 0xa9, 0xdc, 0xa9, 0xdc, 0x68, 0xbb, 0xc7, 0xab, 0x04,
  0xc3, 0xa7, 0xc3, 0x86, 0xbb, 0xa6, 0xdc, 0x89, 0xcc, 0x68, 0xed, 0x0b,
  0xcc, 0xc9, 0xc4, 0x67, 0xbc, 0xa7, 0xd5, 0x29, 0xdd, 0xab, 0xe5, 0xab,
  0xdd, 0x8b, 0xc4, 0x87, 0xcc, 0xcc, 0xcc, 0x8a, 0xb4, 0x2a, 0x9b, 0x67,
  0x72, 0xc5, 0x6a, 0x43, 0x7b, 0x06, 0xac, 0x8b, 0xb4, 0xc8, 0xc5, 0x2a,
  0xcd, 0x4a, 0xcd, 0x4a, 0xd5, 0x6b, 0xd5, 0x6a, 0xd5, 0x4a, 0xd5, 0x08,
  0xcd, 0x28, 0xd5, 0x08, 0xd5, 0x49, 0xdd, 0x69, 0xd5, 0x8b, 0xcd, 0x29,
  0xc5, 0x29, 0xcd, 0x29, 0xcd, 0x6a, 0xcd, 0x49, 0xb4, 0xaa, 0x8b, 0x44,
  0x82, 0xc5, 0xa3, 0x88, 0xbb, 0x48, 0xc3, 0x68, 0xe4, 0x6c, 0xec, 0x6c,
  0xdc, 0x4a, 0xe4, 0x6a, 0xe4, 0x69, 0xfc, 0xcb, 0xed, 0x2b, 0xf5, 0x6b,
  0xf5, 0x4c, 0xf5, 0x2b, 0xf5, 0x4d, 0xf4, 0xcb, 0xf4, 0x6b, 0xeb, 0xe9,
  0xd3, 0x27, 0xba, 0x43, 0xb2, 0x45, 0xc2, 0xa6, 0xcb, 0x08, 0xd3, 0x48,
  0xcb, 0x69, 0xd3, 0x48, 0xcb, 0x69, 0xd3, 0x48, 0xcb, 0x48, 0xd3, 0x68,
  0xd3, 0x88, 0xd3, 0x67, 0xcb, 0x67, 0xd3, 0x87, 0xd3, 0xc8, 0xdb, 0xe8,
  0xd4, 0x49, 0xdc, 0x49, 0xcc, 0x69, 0xcc, 0x28, 0xd4, 0x89, 0xdc, 0x68,
  0xd4, 0x28, 0xd4, 0x07, 0xd4, 0x28, 0xdc, 0x49, 0xdc, 0x48, 0xec, 0x69,
  0xec, 0xac, 0xe4, 0x29, 0xd3, 0x46, 0xd3, 0x46, 0xdb, 0x88, 0xeb, 0xc8,
  0xdb, 0xe9, 0xe3, 0xe8, 0xd3, 0xa7, 0xd3, 0x87, 0xcb, 0x68, 0xcb, 0x47,
  0xc3, 0xa9, 0xcb, 0x89, 0xbb, 0xa7, 0xdc, 0xab, 0xd5, 0x09, 0xd5, 0x09,
  0xbd, 0x28, 0xc5, 0x28, 0xbd, 0x08, 0xc5, 0x08, 0xbd, 0x29, 0xbc, 0xe8,
  0xb5, 0x09, 0xbd, 0x09, 0xac, 0xe9, 0x93, 0xa4, 0x63, 0x25, 0x6b, 0x45,
  0x63, 0x47, 0x5a, 0xc4, 0x4a, 0x45, 0x41, 0xe3, 0x41, 0xc5, 0x39, 0x63,
  0xdd, 0x8d, 0xcd, 0x4c, 0xd4, 0xea, 0xc4, 0xca, 0xcc, 0x69, 0xbc, 0x28,
  0xbb, 0xa6, 0xab, 0x45, 0xaa, 0xe5, 0xab, 0x06, 0x9a, 0x44, 0x8a, 0x24,
  0xa3, 0x46, 0xcc, 0xac, 0xcd, 0x4c, 0xcd, 0x4d, 0xd5, 0x2c, 0xd5, 0x4d,
  0xd5, 0x4c, 0xdd, 0x8d, 0xe5, 0x8d, 0xdd, 0xad, 0xdd, 0x6c, 0xdd, 0xad,
  0xe5, 0x8e, 0xe5, 0xcf, 0xe5, 0xae, 0xdd, 0x8e, 0xdd, 0x6c, 0xcc, 0xeb,
  0xc4, 0x68, 0xbc, 0x69, 0xcc, 0x48, 0xcc, 0x89, 0xd4, 0xa9, 0xd4, 0xea,
  0xdd, 0x2b, 0xdd, 0x4b, 0xdd, 0x8c, 0xdd, 0x8d, 0xdd, 0x6d, 0xdd, 0xae,
  0xdd, 0xae, 0xdd, 0xae, 0xdd, 0x8d, 0xdd, 0xae, 0xdd, 0x6d, 0xdd, 0xae,
  0xdd, 0xad, 0xd5, 0xad, 0xdd, 0xee, 0xde, 0x0f, 0xe6, 0x0e, 0xdd, 0xee,
  0xe5, 0xed, 0xe6, 0x0e, 0xe5, 0xed, 0xe6, 0x2e, 0xf6, 0x4e, 0xee, 0x4f,
  0xfe, 0x2d, 0xf6, 0x2e, 0xfe, 0x2d, 0xf6, 0x2e, 0xfe, 0x6f, 0xf6, 0x8f,
  0xfe, 0x6f, 0xfe, 0x8f, 0xfe, 0x0b, 0xe5, 0x8a, 0xf5, 0xaa, 0xf5, 0xab,
  0xed, 0xcb, 0xee, 0x0c, 0xf6, 0x2d, 0xee, 0x2d, 0xf6, 0x2d, 0xf6, 0x6e,
  0xf6, 0x4d, 0xf6, 0x6e, 0xfe, 0x6e, 0xf6, 0x6e, 0xfe, 0x4e, 0xf6, 0x4e,
  0xfe, 0x4e, 0xf6, 0x4e, 0xf6, 0x2e, 0xf6, 0x4f, 0xfe, 0x4e, 0xfe, 0x6f,
  0xfe, 0x4e, 0xf6, 0x4e, 0xf6, 0x4f, 0xfe, 0xb0, 0xfe, 0x4e, 0xee, 0x2e,
  0xf6, 0x0c, 0xf6, 0x0d, 0xf5, 0xac, 0xe5, 0x6b, 0xdc, 0x89, 0xb3, 0x65,
  0xbb, 0x26, 0xaa, 0xe5, 0xaa, 0xa4, 0xc3, 0x67, 0xdc, 0x69, 0xe4, 0xeb,
  0xd4, 0x67, 0xd4, 0x88, 0xdc, 0x67, 0xcc, 0x27, 0xc3, 0xe6, 0xab, 0x24,
  0xc3, 0xc6, 0xb3, 0x65, 0xcb, 0xe6, 0xed, 0x4c, 0xed, 0x2a, 0xf5, 0x8c,
  0xe5, 0x4a, 0xc4, 0x87, 0xc4, 0x87, 0xd5, 0x4a, 0xe5, 0xaa, 0xe5, 0xcb,
  0xe5, 0xab, 0xcd, 0x08, 0xd4, 0xaa, 0xcc, 0xaa, 0xac, 0x08, 0x9b, 0xa7,
  0x72, 0x84, 0x62, 0x63, 0x7a, 0xe4, 0xac, 0x8b, 0xbc, 0xc8, 0xcd, 0x4a,
  0xd5, 0x4b, 0xd5, 0x6b, 0xd5, 0x6a, 0xd5, 0x8b, 0xdd, 0x49, 0xd5, 0x4a,
  0xd5, 0x28, 0xd5, 0x48, 0xdd, 0x69, 0xdd, 0x8a, 0xd5, 0x8a, 0xd5, 0x8a,
  0xcd, 0x6a, 0xc5, 0x29, 0xcd, 0x49, 0xd5, 0xab, 0xcd, 0x2b, 0x93, 0x84,
  0x82, 0xe5, 0x83, 0x26, 0xb4, 0x08, 0x93, 0x25, 0xbb, 0xa7, 0xdc, 0xec,
  0xdc, 0x29, 0xd4, 0x09, 0xec, 0x08, 0xec, 0x69, 0xec, 0x88, 0xe4, 0x88,
  0xec, 0x68, 0xf4, 0xca, 0xf4, 0x89, 0xec, 0x69, 0xfc, 0x48, 0xf4, 0x49,
  0xfc, 0x69, 0xf4, 0x49, 0xf4, 0x09, 0xdb, 0x67, 0xc2, 0xc4, 0xcb, 0x06,
  0xc2, 0xe6, 0xc3, 0x07, 0xd3, 0x69, 0xd3, 0x89, 0xd3, 0x48, 0xcb, 0x48,
  0xd3, 0x47, 0xd3, 0x68, 0xdb, 0x88, 0xd3, 0xa8, 0xdb, 0xa7, 0xd3, 0xa8,
  0xd3, 0xe8, 0xcc, 0x09, 0xd4, 0x29, 0xd4, 0x49, 0xd4, 0x27, 0xd4, 0x48,
  0xdc, 0x27, 0xd4, 0x27, 0xdc, 0x28, 0xd3, 0xe8, 0xdb, 0xc7, 0xd3, 0xc7,
  0xd3, 0xa7, 0xd3, 0xc8, 0xe3, 0xe8, 0xcb, 0x87, 0xd3, 0x25, 0xd3, 0x26,
  0xdb, 0x46, 0xdb, 0x87, 0xd3, 0x86, 0xd3, 0xa7, 0xd3, 0xa8, 0xd3, 0xa8,
  0xcb, 0xa8, 0xcb, 0xea, 0xb3, 0x87, 0xc4, 0x09, 0xc4, 0x88, 0xc4, 0xa8,
  0xbc, 0xe8, 0xb5, 0x08, 0xc5, 0x08, 0xbd, 0x08, 0xac, 0xc8, 0xa4, 0xa7,
  0xb4, 0xe9, 0xb5, 0x0a, 0xbc, 0xe8, 0x9c, 0x46, 0x6a, 0xe4, 0x5a, 0xc4,
  0x62, 0xe5, 0x5a, 0xc5, 0x52, 0x65, 0x42, 0x03, 0x49, 0xe4, 0x39, 0xa3,
  0xcd, 0x4c, 0xcd, 0x2b, 0xcc, 0xeb, 0xd5, 0x0b, 0xcc, 0xca, 0xbc, 0x07,
  0xab, 0x46, 0xab, 0x45, 0xbb, 0xa9, 0xaa, 0xc5, 0x8a, 0x24, 0x9a, 0x65,
  0xab, 0xc9, 0xd4, 0xed, 0xc5, 0x2d, 0xcd, 0x2d, 0xcd, 0x4d, 0xd5, 0x6d,
  0xd5, 0x6d, 0xd5, 0x4c, 0xdd, 0x8d, 0xe5, 0xae, 0xdd, 0x8d, 0xe5, 0xae,
  0xe5, 0xd0, 0xed, 0xf0, 0xdd, 0xd0, 0xe6, 0x10, 0xee, 0x51, 0xe5, 0xf0,
  0xdd, 0xae, 0xd5, 0x2c, 0xcc, 0xeb, 0xc4, 0x69, 0xc4, 0x48, 0xd4, 0xa9,
  0xd4, 0xea, 0xdc, 0xea, 0xd5, 0x2b, 0xdd, 0x4c, 0xd5, 0x6d, 0xdd, 0x6c,
  0xd5, 0x8e, 0xdd, 0x8d, 0xdd, 0xae, 0xdd, 0x6d, 0xd5, 0x6c, 0xdd, 0x6c,
  0xd5, 0xad, 0xdd, 0xcd, 0xdd, 0xee, 0xdd, 0xee, 0xde, 0x0f, 0xe5, 0xee,
  0xdd, 0xee, 0xee, 0x2f, 0xe6, 0x0e, 0xee, 0x0e, 0xf6, 0x70, 0xf6, 0x4f,
  0xf6, 0x2f, 0xf6, 0x2e, 0xf6, 0x2e, 0xf6, 0x0e, 0xf6, 0x6f, 0xfe, 0x6f,
  0xf6, 0x91, 0xf6, 0x4f, 0xf6, 0x0c, 0xdd, 0x28, 0xe5, 0x29, 0xe5, 0x29,
  0xe5, 0xcc, 0xf6, 0x0d, 0xee, 0x2e, 0xf6, 0x0d, 0xf6, 0x6f, 0xf6, 0x6f,
  0xee, 0x6f, 0xf6, 0x8f, 0xf6, 0x8f, 0xf6, 0x6f, 0xf6, 0x6f, 0xf6, 0x4f,
  0xee, 0x2e, 0xf6, 0x2d, 0xf6, 0x2e, 0xf6, 0x2d, 0xee, 0x4e, 0xf6, 0x4e,
  0xee, 0x4f, 0xf6, 0x4f, 0xf6, 0x70, 0xf6, 0x4f, 0xf6, 0x4f, 0xf6, 0x2e,
  0xee, 0x2d, 0xf6, 0x2d, 0xed, 0xcd, 0xe5, 0x4b, 0xe5, 0x0b, 0xc3, 0xe6,
  0xb3, 0x06, 0xb3, 0x05, 0xb2, 0xc6, 0xba, 0xe6, 0xbb, 0x87, 0xdc, 0x4a,
  0xd4, 0xa9, 0xe4, 0xca, 0xd4, 0x88, 0xcc, 0x06, 0xbc, 0x07, 0xbb, 0xa5,
  0xb3, 0xa6, 0xb3, 0x45, 0xdc, 0xc9, 0xf5, 0x4b, 0xf5, 0xac, 0xfd, 0xed,
  0xe5, 0x8b, 0xc4, 0x46, 0xbc, 0x66, 0xcd, 0x08, 0xe5, 0xcb, 0xe5, 0xcb,
  0xe5, 0xcc, 0xd5, 0x29, 0xcc, 0xaa, 0xd4, 0xea, 0xb4, 0x6a, 0xa3, 0xa7,
  0x6a, 0xa5, 0x62, 0x43, 0x72, 0x84, 0xac, 0x4b, 0xc5, 0x0a, 0xcd, 0x2a,
  0xcd, 0x6b, 0xd5, 0x2a, 0xd5, 0x6a, 0xd5, 0x4a, 0xcd, 0x2a, 0xd5, 0x29,
  0xcd, 0x29, 0xd5, 0x28, 0xcd, 0x49, 0xdd, 0x69, 0xd5, 0xcc, 0xd5, 0xab,
  0xcd, 0x8b, 0xcd, 0x4a, 0xcd, 0x4a, 0xdd, 0x8b, 0xcd, 0x4c, 0xa3, 0xe6,
  0x7b, 0x25, 0x7b, 0x25, 0xb5, 0x0b, 0xb5, 0x0b, 0xa3, 0xc6, 0xbc, 0x69,
  0xdc, 0x4a, 0xd3, 0xe8, 0xd3, 0xa7, 0xe3, 0xc7, 0xe4, 0x49, 0xec, 0x48,
  0xe4, 0x28, 0xf4, 0x69, 0xf4, 0x69, 0xec, 0x08, 0xec, 0x07, 0xf4, 0x28,
  0xf4, 0x69, 0xf4, 0x48, 0xf4, 0x89, 0xfc, 0x69, 0xec, 0x4a, 0xe4, 0x08,
  0xc3, 0x27, 0xba, 0xa5, 0xba, 0xc7, 0xc3, 0x28, 0xcb, 0x48, 0xd3, 0x48,
  0xd3, 0x27, 0xdb, 0x48, 0xd3, 0x88, 0xdb, 0x88, 0xd3, 0xc9, 0xd3, 0xa8,
  0xcb, 0xe9, 0xd3, 0xc8, 0xc3, 0xa8, 0xcb, 0xa8, 0xcb, 0xe8, 0xd3, 0xe8,
  0xd4, 0x49, 0xdc, 0x29, 0xd4, 0x29, 0xd4, 0x08, 0xdc, 0x29, 0xdc, 0x08,
  0xcb, 0xc8, 0xcb, 0x86, 0xcb, 0xa8, 0xdb, 0xe8, 0xd3, 0xc8, 0xdb, 0xa8,
  0xd3, 0x87, 0xd3, 0x66, 0xd3, 0x87, 0xdb, 0x87, 0xd3, 0xc9, 0xd3, 0xa8,
  0xc3, 0xea, 0xd4, 0x0a, 0xab, 0x89, 0xb3, 0xa9, 0xac, 0x49, 0x9b, 0x86,
  0x93, 0xe7, 0xa4, 0x49, 0xb4, 0xe9, 0xb4, 0xc8, 0x8c, 0x07, 0x8b, 0xa5,
  0x94, 0x08, 0xac, 0xab, 0xac, 0xc9, 0xa4, 0x67, 0x62, 0xe5, 0x5a, 0x42,
  0x52, 0x65, 0x5a, 0x86, 0x4a, 0x65, 0x41, 0xe3, 0x42, 0x05, 0x41, 0xc4,
  0xdd, 0xad, 0xcd, 0x4c, 0xd4, 0xea, 0xd5, 0x2b, 0xd4, 0xa9, 0xcc, 0x89,
  0xc4, 0x08, 0xbb, 0xc7, 0xbb, 0x47, 0x9a, 0x84, 0x92, 0x23, 0xa2, 0xe6,
  0xb4, 0x49, 0xd5, 0x2e, 0xcd, 0x2c, 0xcd, 0x4d, 0xd5, 0x6d, 0xcd, 0x4d,
  0xd5, 0x4c, 0xd5, 0x6d, 0xe5, 0x8d, 0xe5, 0xae, 0xe5, 0x6c, 0xe5, 0xad,
  0xed, 0xaf, 0xf6, 0x11, 0xed, 0xf0, 0xee, 0x11, 0xee, 0x31, 0xe6, 0x31,
  0xee, 0x10, 0xe5, 0xf0, 0xed, 0xae, 0xdd, 0x8e, 0xdd, 0x0b, 0xcc, 0xca,
  0xd4, 0xa9, 0xd4, 0xea, 0xd4, 0xea, 0xd5, 0x2b, 0xdd, 0x4b, 0xd5, 0x4c,
  0xdd, 0x6c, 0xd5, 0x8d, 0xdd, 0x8c, 0xd5, 0x4c, 0xdd, 0x8c, 0xdd, 0xad,
  0xd5, 0xac, 0xde, 0x0d, 0xdd, 0xed, 0xde, 0x0e, 0xe5, 0xed, 0xde, 0x0e,
  0xe5, 0xec, 0xe6, 0x2d, 0xee, 0x0d, 0xee, 0x2d, 0xf6, 0x4e, 0xee, 0x4e,
  0xfe, 0x4e, 0xf6, 0x4e, 0xf6, 0x2d, 0xf6, 0x4e, 0xfe, 0x6f, 0xf6, 0x8f,
  0xfe, 0x6f, 0xf6, 0x6f, 0xfe, 0x2c, 0xdd, 0x49, 0xdc, 0xc7, 0xe5, 0x29,
  0xed, 0xcd, 0xee, 0x0e, 0xf6, 0x0e, 0xee, 0x2f, 0xf6, 0x4f, 0xf6, 0x90,
  0xfe, 0x90, 0xf6, 0xb1, 0xfe, 0x90, 0xf6, 0x90, 0xfe, 0x70, 0xf6, 0x4f,
  0xf6, 0x2e, 0xf6, 0x4e, 0xf6, 0x2d, 0xf6, 0x4e, 0xf6, 0x2d, 0xf6, 0x6f,
  0xfe, 0x6f, 0xf6, 0x6f, 0xfe, 0x91, 0xf6, 0x70, 0xf6, 0x6f, 0xee, 0x4f,
  0xee, 0x0d, 0xee, 0x4e, 0xf5, 0xec, 0xe5, 0xac, 0xe5, 0x2a, 0xdd, 0x09,
  0xbb, 0x45, 0xab, 0x04, 0xba, 0xe6, 0xb2, 0xe6, 0xbb, 0x25, 0xc3, 0xa8,
  0xcc, 0x07, 0xbb, 0xe7, 0xdc, 0x89, 0xcc, 0x48, 0xbb, 0xe6, 0xc4, 0x48,
  0xbb, 0xc6, 0xb3, 0x86, 0xe4, 0xe9, 0xfd, 0xcd, 0xfe, 0x0c, 0xfe, 0x0c,
  0xe5, 0x6a, 0xcc, 0xe8, 0xbc, 0x66, 0xc4, 0xe8, 0xe5, 0x8a, 0xe5, 0xcb,
  0xe5, 0xab, 0xdd, 0x8a, 0xcc, 0xa8, 0xd5, 0x09, 0xb4, 0x69, 0x9b, 0xa7,
  0x72, 0xa5, 0x62, 0x64, 0x72, 0x84, 0xa4, 0x4b, 0xc4, 0xe9, 0xcd, 0x4b,
  0xd5, 0x4a, 0xcd, 0x4a, 0xdd, 0x6a, 0xd5, 0x6a, 0xd5, 0x29, 0xcd, 0x49,
  0xd5, 0x28, 0xcd, 0x28, 0xd5, 0x48, 0xd5, 0x8a, 0xd5, 0x8a, 0xd5, 0x8a,
  0xdd, 0xab, 0xcd, 0x6b, 0xd5, 0x49, 0xcd, 0x6a, 0xcd, 0x4b, 0xa4, 0x26,
  0x83, 0x44, 0x83, 0xa6, 0xa4, 0x88, 0xc5, 0x8d, 0xd5, 0x6b, 0xbc, 0xc9,
  0xd4, 0x28, 0xdc, 0xaa, 0xec, 0x29, 0xdc, 0x08, 0xe4, 0x08, 0xe4, 0x29,
  0xe3, 0xc8, 0xe4, 0x09, 0xe3, 0xe7, 0xe3, 0xe8, 0xe4, 0x08, 0xe4, 0x49,
  0xec, 0x49, 0xe4, 0x6a, 0xec, 0x49, 0xe4, 0x69, 0xe4, 0x28, 0xdc, 0x28,
  0xdb, 0xc9, 0xd3, 0xc9, 0xd3, 0xc9, 0xcb, 0xa8, 0xcb, 0x66, 0xd3, 0xc8,
  0xd3, 0x87, 0xd3, 0xa7, 0xd3, 0x66, 0xd3, 0x87, 0xd3, 0x86, 0xd3, 0xa7,
  0xdb, 0xe8, 0xd3, 0xe9, 0xd3, 0xc8, 0xcb, 0xa8, 0xcb, 0xa7, 0xd3, 0xe8,
  0xd3, 0xe8, 0xd4, 0x09, 0xcb, 0xe7, 0xd4, 0x29, 0xe4, 0x69, 0xdc, 0x69,
  0xdc, 0x08, 0xd4, 0x08, 0xd3, 0xe8, 0xd4, 0x29, 0xd4, 0x08, 0xcb, 0xe8,
  0xdb, 0xc7, 0xd3, 0xc7, 0xd3, 0x86, 0xd3, 0xa7, 0xd3, 0xc8, 0xd4, 0x09,
  0xd4, 0x09, 0xcc, 0x0a, 0xb3, 0x68, 0xa3, 0x27, 0xac, 0x08, 0x83, 0x25,
  0x83, 0x25, 0x8b, 0xa7, 0xa4, 0x47, 0xac, 0xa9, 0x83, 0x65, 0x83, 0xa6,
  0x83, 0x66, 0x94, 0x09, 0xac, 0x88, 0xa4, 0x89, 0x62, 0xc4, 0x52, 0x42,
  0x52, 0x25, 0x5a, 0x86, 0x5a, 0x64, 0x42, 0x23, 0x49, 0xe4, 0x4a, 0x04,
  0xd5, 0xad, 0xcd, 0x4c, 0xcd, 0x2c, 0xcd, 0x0b, 0xcc, 0xca, 0xd4, 0xeb,
  0xd4, 0xaa, 0xbb, 0xe7, 0xab, 0x06, 0xa2, 0x84, 0x8a, 0x44, 0xab, 0x06,
  0xbc, 0x8b, 0xcc, 0xec, 0xc5, 0x2c, 0xcd, 0x4c, 0xcd, 0x4d, 0xd5, 0x2c,
  0xd5, 0x6d, 0xdd, 0x8d, 0xdd, 0xad, 0xdd, 0x8d, 0xdd, 0x6d, 0xe5, 0x8d,
  0xdd, 0x6e, 0xe5, 0x8e, 0xdd, 0xd0, 0xed, 0xf0, 0xe6, 0x11, 0xee, 0x11,
  0xe5, 0xf1, 0xed, 0xf1, 0xe5, 0xf1, 0xed, 0xf0, 0xe5, 0xaf, 0xe5, 0x8e,
  0xd5, 0x0b, 0xd4, 0xca, 0xd5, 0x0a, 0xd4, 0xea, 0xd5, 0x2b, 0xdd, 0x2c,
  0xcd, 0x4c, 0xd5, 0x4c, 0xd5, 0x6c, 0xd5, 0x4b, 0xd5, 0x8d, 0xd5, 0x4c,
  0xcd, 0xad, 0xdd, 0xcd, 0xde, 0x0e, 0xdd, 0xee, 0xde, 0x0e, 0xe5, 0xed,
  0xdd, 0xed, 0xe6, 0x0d, 0xe6, 0x0d, 0xee, 0x2d, 0xee, 0x4e, 0xf6, 0x2e,
  0xee, 0x4e, 0xf6, 0x2d, 0xee, 0x2e, 0xf6, 0x4e, 0xf6, 0x8f, 0xfe, 0x8f,
  0xf6, 0x70, 0xfe, 0x90, 0xfe, 0x6e, 0xd5, 0x29, 0xcc, 0xa8, 0xe5, 0x2a,
  0xee, 0x0e, 0xe5, 0xcd, 0xe6, 0x0e, 0xf6, 0x2f, 0xee, 0x4f, 0xf6, 0x4f,
  0xf6, 0x91, 0xfe, 0x90, 0xf6, 0x91, 0xf6, 0x50, 0xf6, 0x71, 0xf6, 0x50,
  0xf6, 0x50, 0xf6, 0x0f, 0xf6, 0x4f, 0xf6, 0x4e, 0xf6, 0x90, 0xf6, 0x6f,
  0xf6, 0x90, 0xf6, 0x6f, 0xf6, 0x91, 0xf6, 0x70, 0xf6, 0xb1, 0xf6, 0x90,
  0xee, 0x90, 0xee, 0x4f, 0xee, 0x2e, 0xed, 0xed, 0xe5, 0x6b, 0xe5, 0x2a,
  0xc4, 0x08, 0xab, 0x24, 0xb2, 0xe6, 0xb2, 0xe6, 0xaa, 0xe6, 0xbb, 0x27,
  0xbb, 0xc8, 0xbb, 0x86, 0xb3, 0x87, 0xc3, 0xc7, 0xb3, 0xe7, 0xd4, 0x89,
  0xbc, 0x07, 0xbb, 0xc6, 0xe5, 0x2b, 0xf5, 0x8c, 0xf5, 0xcc, 0xfd, 0xcc,
  0xed, 0xcc, 0xcc, 0xa8, 0xbc, 0x88, 0xbc, 0x67, 0xd5, 0x4a, 0xe5, 0xcc,
  0xe5, 0xcc, 0xe5, 0x8a, 0xcc, 0xe9, 0xd4, 0xe8, 0xac, 0x4a, 0x8b, 0x45,
  0x6a, 0xa6, 0x62, 0x44, 0x6a, 0x65, 0xa4, 0x0b, 0xbd, 0x2a, 0xc5, 0x2a,
  0xc5, 0x2a, 0xcd, 0x2a, 0xcd, 0x4a, 0xdd, 0x8a, 0xcd, 0x4a, 0xcd, 0x09,
  0xc5, 0x09, 0xd5, 0x29, 0xcd, 0x49, 0xd5, 0x69, 0xd5, 0x8a, 0xd5, 0x69,
  0xcd, 0x4a, 0xcd, 0x2a, 0xcd, 0x4a, 0xcd, 0x49, 0xcd, 0x8c, 0xa4, 0x06,
  0x83, 0x86, 0x8b, 0xa6, 0x9c, 0x07, 0xc5, 0x2c, 0xcd, 0x6b, 0xcd, 0x6b,
  0xc4, 0xa9, 0xab, 0xe6, 0xcb, 0xe8, 0xd4, 0x08, 0xcb, 0x68, 0xd3, 0x88,
  0xdb, 0xca, 0xdb, 0xa9, 0xd3, 0x89, 0xd3, 0x89, 0xd3, 0xca, 0xdb, 0xc9,
  0xd3, 0xea, 0xd3, 0xa9, 0xd4, 0x0a, 0xdc, 0x0a, 0xd4, 0x0a, 0xd3, 0xc8,
  0xcb, 0xe9, 0xcb, 0xa8, 0xcc, 0x0a, 0xdc, 0x0a, 0xd4, 0x2a, 0xd4, 0x09,
  0xcc, 0x29, 0xcc, 0x09, 0xcc, 0x08, 0xcb, 0xe8, 0xc3, 0xe8, 0xc3, 0xc8,
  0xcb, 0xe9, 0xcb, 0xe9, 0xcb, 0xe9, 0xd3, 0xe9, 0xc3, 0xa8, 0xcb, 0xa7,
  0xcc, 0x09, 0xd4, 0x08, 0xd4, 0x6a, 0xdc, 0x6a, 0xd4, 0x49, 0xd4, 0x28,
  0xd4, 0x29, 0xdc, 0x29, 0xcc, 0x29, 0xd4, 0x29, 0xcc, 0x08, 0xcb, 0xe7,
  0xcb, 0xc8, 0xd3, 0xe8, 0xcb, 0xa8, 0xcb, 0x67, 0xcb, 0xc9, 0xd3, 0xe9,
  0xcb, 0xe9, 0xcc, 0x09, 0xbb, 0xca, 0x9a, 0xe6, 0x8b, 0x88, 0x83, 0x26,
  0x6a, 0xe4, 0x7b, 0x25, 0x7b, 0x66, 0x93, 0xc7, 0x73, 0x25, 0x83, 0x46,
  0x7b, 0x87, 0x7b, 0x66, 0x8b, 0xe8, 0x9c, 0x49, 0x5a, 0xe5, 0x4a, 0x42,
  0x4a, 0x05, 0x52, 0x46, 0x52, 0x85, 0x52, 0x24, 0x49, 0xe4, 0x51, 0xe4,
  0xdd, 0xad, 0xd5, 0x8d, 0xd5, 0x2c, 0xcd, 0x2c, 0xd5, 0x0b, 0xcc, 0xcb,
  0xcc, 0x69, 0xbc, 0x08, 0xb3, 0x25, 0xaa, 0xe4, 0xa2, 0xc4, 0xab, 0x46,
  0xcc, 0xeb, 0xc5, 0x0c, 0xcd, 0x0b, 0xcd, 0x4c, 0xd5, 0x2c, 0xcd, 0x2c,
  0xdd, 0x6c, 0xdd, 0xae, 0xe5, 0xad, 0xe5, 0xce, 0xe5, 0xad, 0xe5, 0xcd,
  0xe5, 0xad, 0xe5, 0xce, 0xe5, 0xcf, 0xee, 0x30, 0xee, 0x10, 0xee, 0x31,
  0xee, 0x10, 0xee, 0x11, 0xee, 0x10, 0xe5, 0xf0, 0xed, 0xef, 0xe5, 0xef,
  0xe5, 0x8d, 0xdd, 0x4c, 0xdc, 0xea, 0xd4, 0xea, 0xd4, 0xea, 0xd5, 0x0b,
  0xd5, 0x2b, 0xd5, 0x4c, 0xd5, 0x4b, 0xcd, 0x2b, 0xd5, 0x4c, 0xd5, 0x6c,
  0xdd, 0xad, 0xd5, 0xce, 0xdd, 0xcd, 0xdd, 0xed, 0xe5, 0xec, 0xdd, 0xed,
  0xe5, 0xec, 0xe6, 0x2d, 0xee, 0x0d, 0xee, 0x4e, 0xf6, 0x4e, 0xee, 0x4e,
  0xf6, 0x2d, 0xf6, 0x4e, 0xf6, 0x2d, 0xf6, 0x4e, 0xfe, 0x8f, 0xf6, 0x8f,
  0xfe, 0x6f, 0xfe, 0xaf, 0xfe, 0x6e, 0xcd, 0x29, 0xcc, 0x87, 0xed, 0x8b,
  0xed, 0xcc, 0xe5, 0xed, 0xf6, 0x2e, 0xee, 0x4e, 0xee, 0x2d, 0xf6, 0x6e,
  0xf6, 0x2e, 0xf6, 0x6e, 0xfe, 0x6f, 0xf6, 0x8f, 0xfe, 0x70, 0xf6, 0x70,
  0xfe, 0x70, 0xf6, 0x70, 0xfe, 0x6f, 0xf6, 0x6f, 0xfe, 0x90, 0xf6, 0x90,
  0xf6, 0x6e, 0xf6, 0x8f, 0xfe, 0xb0, 0xf6, 0xb1, 0xf6, 0x70, 0xf6, 0xb1,
  0xfe, 0xb1, 0xf6, 0x91, 0xf6, 0x6f, 0xee, 0x2e, 0xf5, 0xec, 0xe5, 0xab,
  0xd4, 0xa9, 0xbc, 0x06, 0xb2, 0xe6, 0xab, 0x06, 0xb2, 0xc5, 0xb2, 0xe6,
  0xbb, 0x46, 0xb3, 0x66, 0xbb, 0x86, 0xb3, 0x66, 0xb3, 0x85, 0xd4, 0xca,
  0xc4, 0x47, 0xc4, 0x88, 0xdc, 0xc9, 0xed, 0x6b, 0xf5, 0x8a, 0xfd, 0xec,
  0xf5, 0xab, 0xdd, 0x29, 0xc4, 0xa8, 0xbc, 0x67, 0xd5, 0x09, 0xe5, 0xcc,
  0xed, 0xeb, 0xe5, 0xcb, 0xd4, 0xe8, 0xcc, 0xc8, 0xbc, 0x8a, 0x93, 0x65,
  0x6a, 0x85, 0x5a, 0x24, 0x6a, 0x84, 0x9c, 0x2b, 0xc5, 0x2a, 0xc5, 0x6b,
  0xd5, 0x4a, 0xcd, 0x4a, 0xdd, 0x6a, 0xdd, 0x8b, 0xd5, 0x4a, 0xcd, 0x29,
  0xcd, 0x08, 0xcd, 0x49, 0xd5, 0x48, 0xd5, 0x69, 0xd5, 0x69, 0xd5, 0x8a,
  0xd5, 0x49, 0xcd, 0x29, 0xd5, 0x49, 0xd5, 0x6a, 0xc5, 0x2a, 0x93, 0xc5,
  0x8b, 0x85, 0x8b, 0xc7, 0xac, 0x27, 0xc5, 0x2c, 0xcd, 0x4a, 0xcd, 0x6a,
  0xd5, 0x6a, 0xbc, 0xe9, 0xa3, 0x23, 0x92, 0xc2, 0xaa, 0xc4, 0xb3, 0x46,
  0xcb, 0x88, 0xc3, 0x68, 0xbb, 0x27, 0xc3, 0x68, 0xc3, 0x67, 0xbb, 0x68,
  0xc3, 0x68, 0xc3, 0x68, 0xc3, 0x67, 0xc3, 0x88, 0xcb, 0xa8, 0xbb, 0x67,
  0xcb, 0xc8, 0xcc, 0x09, 0xd4, 0x2a, 0xd4, 0x4b, 0xd4, 0x4b, 0xd4, 0x8c,
  0xd4, 0x8b, 0xd4, 0xcc, 0xd4, 0xab, 0xcc, 0x8b, 0xd4, 0xac, 0xcc, 0x8b,
  0xcc, 0x6b, 0xc4, 0x4a, 0xc3, 0xe8, 0xc3, 0xe9, 0xcb, 0xa7, 0xc3, 0xa7,
  0xd3, 0xc8, 0xd4, 0x29, 0xd4, 0x28, 0xd4, 0x49, 0xd4, 0x28, 0xcc, 0x28,
  0xd4, 0x28, 0xd4, 0x49, 0xd4, 0x28, 0xc4, 0x08, 0xcc, 0x08, 0xc4, 0x08,
  0xcb, 0xc7, 0xc3, 0xc7, 0xcb, 0x87, 0xcb, 0xc8, 0xcb, 0xc8, 0xcb, 0xe9,
  0xcb, 0xa8, 0xd4, 0x2a, 0xbb, 0xca, 0x92, 0xa5, 0x83, 0x06, 0x7b, 0x26,
  0x6a, 0xe4, 0x73, 0x46, 0x6a, 0xc4, 0x62, 0xc5, 0x7b, 0x46, 0x73, 0x46,
  0x7b, 0x45, 0x7b, 0x86, 0x83, 0x86, 0x8b, 0xe9, 0x63, 0x05, 0x4a, 0x63,
  0x49, 0xe4, 0x4a, 0x25, 0x5a, 0x65, 0x52, 0x44, 0x49, 0xe3, 0x49, 0xe4,
  0xd5, 0xaf, 0xd5, 0x6d, 0xdd, 0xaf, 0xcd, 0x2d, 0xd5, 0x2e, 0xdd, 0x4e,
  0xcc, 0xab, 0xc4, 0x29, 0xb3, 0x86, 0xb3, 0x45, 0xab, 0x46, 0xb3, 0x66,
  0xc4, 0xcc, 0xcc, 0xcc, 0xc5, 0x0c, 0xcd, 0x0c, 0xcd, 0x2d, 0xd5, 0x4d,
  0xcd, 0x4d, 0xdd, 0x8e, 0xdd, 0xaf, 0xe5, 0xae, 0xe5, 0xcf, 0xed, 0xce,
  0xe5, 0xcf, 0xe5, 0x8e, 0xdd, 0xaf, 0xe5, 0xaf, 0xe5, 0xf0, 0xed, 0xf0,
  0xee, 0x32, 0xee, 0x11, 0xee, 0x31, 0xee, 0x10, 0xe5, 0xf0, 0xed, 0xef,
  0xe5, 0xcf, 0xe5, 0x8e, 0xdd, 0x6d, 0xdd, 0x4c, 0xcc, 0xea, 0xcc, 0xc9,
  0xcd, 0x0b, 0xd5, 0x2b, 0xcd, 0x2b, 0xcc, 0xea, 0xcd, 0x4c, 0xd5, 0x6c,
  0xd5, 0x8d, 0xdd, 0xce, 0xdd, 0xee, 0xdd, 0xcd, 0xdd, 0xee, 0xe5, 0xee,
  0xdd, 0xee, 0xee, 0x2f, 0xe6, 0x2e, 0xe6, 0x2e, 0xee, 0x4e, 0xee, 0x2e,
  0xee, 0x2e, 0xf6, 0x4e, 0xf6, 0x4f, 0xfe, 0x6f, 0xf6, 0x90, 0xf6, 0x6f,
  0xf6, 0x8f, 0xfe, 0x8f, 0xfe, 0x6f, 0xd5, 0x2a, 0xcc, 0xea, 0xed, 0xad,
  0xdd, 0xcd, 0xed, 0xee, 0xee, 0x2e, 0xee, 0x0e, 0xee, 0x2e, 0xee, 0x0d,
  0xee, 0x4e, 0xf6, 0x4e, 0xf6, 0x4e, 0xf6, 0x4e, 0xee, 0x6f, 0xf6, 0x4f,
  0xf6, 0x6f, 0xf6, 0x6f, 0xf6, 0x6e, 0xf6, 0x6e, 0xf6, 0x90, 0xf6, 0x4f,
  0xf6, 0x6f, 0xf6, 0x4e, 0xf6, 0x91, 0xfe, 0x70, 0xee, 0x91, 0xf6, 0x91,
  0xf6, 0xb2, 0xfe, 0x92, 0xee, 0x71, 0xf6, 0x71, 0xee, 0x4e, 0xed, 0xed,
  0xe5, 0x8c, 0xcc, 0xc8, 0xb3, 0xc8, 0xab, 0x46, 0xab, 0x06, 0xaa, 0xe5,
  0xab, 0x06, 0xb3, 0x26, 0xb3, 0x66, 0xbb, 0x46, 0xab, 0x65, 0xd4, 0x8a,
  0xdd, 0x6c, 0xd4, 0xea, 0xd5, 0x0a, 0xe5, 0x4b, 0xf5, 0xcc, 0xf5, 0xcc,
  0xf5, 0xcc, 0xf5, 0x8b, 0xe5, 0xac, 0xe5, 0x4b, 0xdd, 0x2a, 0xe5, 0x6b,
  0xed, 0xec, 0xf5, 0xcb, 0xdd, 0x8b, 0xc4, 0xa8, 0xbc, 0xaa, 0x93, 0x65,
  0x6a, 0x86, 0x62, 0x24, 0x62, 0x64, 0xa4, 0x2b, 0xc5, 0x4b, 0xc5, 0x4b,
  0xcd, 0x4a, 0xcd, 0x29, 0xd5, 0x6b, 0xdd, 0x8b, 0xcd, 0x4b, 0xcd, 0x2a,
  0xc5, 0x29, 0xd5, 0x49, 0xcd, 0x4a, 0xd5, 0x49, 0xc5, 0x29, 0xd5, 0x49,
  0xcd, 0x6a, 0xcd, 0x29, 0xcd, 0x4a, 0xdd, 0x8b, 0xbc, 0xea, 0x93, 0x84,
  0x83, 0x66, 0x8b, 0xa6, 0xac, 0x68, 0xc4, 0xea, 0xbc, 0xe9, 0xc4, 0xc8,
  0xc5, 0x29, 0xcd, 0x49, 0xcd, 0x4a, 0xc4, 0xc8, 0xbc, 0x68, 0xc4, 0x67,
  0xcc, 0xa9, 0xd4, 0xa8, 0xc4, 0x69, 0xcc, 0x69, 0xb4, 0x28, 0xbc, 0x49,
  0xbc, 0x8a, 0xc4, 0x69, 0xb3, 0xe8, 0xb3, 0xa6, 0xab, 0xc7, 0xbb, 0xe7,
  0xc4, 0x29, 0xcc, 0x29, 0xcc, 0x2a, 0xcc, 0x2a, 0xcc, 0x4b, 0xd4, 0x8b,
  0xcc, 0x8c, 0xd4, 0xac, 0xcc, 0xad, 0xcc, 0x4b, 0xc4, 0x6b, 0xd4, 0x8c,
  0xcc, 0xed, 0xcc, 0xab, 0xc4, 0x6b, 0xc3, 0xe9, 0xc3, 0x67, 0xc3, 0x87,
  0xcb, 0xc8, 0xd3, 0xc8, 0xcb, 0xe8, 0xcb, 0xc7, 0xcc, 0x08, 0xcc, 0x08,
  0xd4, 0x29, 0xd4, 0x29, 0xc4, 0x08, 0xcb, 0xe8, 0xc4, 0x09, 0xcc, 0x08,
  0xcc, 0x09, 0xcb, 0xe8, 0xc3, 0xc8, 0xcb, 0xc8, 0xcc, 0x2a, 0xcb, 0xc9,
  0xc3, 0xe9, 0xd4, 0x2a, 0xab, 0xa9, 0x92, 0x64, 0x6a, 0xa6, 0x72, 0xa5,
  0x62, 0xa5, 0x72, 0xe6, 0x5a, 0xa5, 0x5a, 0x64, 0x6b, 0x06, 0x6b, 0x06,
  0x72, 0xe5, 0x7b, 0x26, 0x73, 0x47, 0x7b, 0x47, 0x5a, 0xa5, 0x52, 0x43,
  0x42, 0x04, 0x4a, 0x04, 0x52, 0x85, 0x52, 0x44, 0x41, 0xe4, 0x41, 0xc3,
  0xdd, 0xce, 0xcd, 0x8d, 0xd5, 0x6d, 0xd5, 0xae, 0xd5, 0x4d, 0xd5, 0x8e,
  0xdd, 0x4d, 0xc4, 0xcb, 0xcc, 0x48, 0xbb, 0xe7, 0xc4, 0x08, 0xbb, 0xe8,
  0xcc, 0xab, 0xc4, 0xcc, 0xcd, 0x0c, 0xcd, 0x4d, 0xd5, 0x4d, 0xd5, 0x6e,
  0xdd, 0x8e, 0xdd, 0xaf, 0xe5, 0xcf, 0xe5, 0xef, 0xed, 0xce, 0xe5, 0xce,
  0xe5, 0x8d, 0xe5, 0xae, 0xdd, 0x8e, 0xe5, 0xcf, 0xe5, 0xcf, 0xee, 0x11,
  0xee, 0x10, 0xee, 0x31, 0xee, 0x0f, 0xe5, 0xef, 0xed, 0xce, 0xe5, 0xce,
  0xed, 0xce, 0xe5, 0xcf, 0xe5, 0xae, 0xdd, 0xae, 0xe5, 0x6c, 0xd5, 0x0b,
  0xcc, 0xa8, 0xd5, 0x2a, 0xd5, 0x2a, 0xcd, 0x2b, 0xd5, 0x4b, 0xcd, 0x6b,
  0xcd, 0x6b, 0xd5, 0xad, 0xdd, 0xcd, 0xd5, 0xed, 0xdd, 0xcc, 0xde, 0x0e,
  0xee, 0x0d, 0xe6, 0x2e, 0xee, 0x2d, 0xe6, 0x4e, 0xee, 0x2d, 0xee, 0x4e,
  0xf6, 0x4d, 0xee, 0x2e, 0xfe, 0x4e, 0xfe, 0x6f, 0xfe, 0x6e, 0xf6, 0x6f,
  0xfe, 0x6f, 0xfe, 0x90, 0xfe, 0x6e, 0xe5, 0xcc, 0xc4, 0x88, 0xdd, 0x6b,
  0xe5, 0xed, 0xe6, 0x0e, 0xe5, 0xed, 0xee, 0x2f, 0xf6, 0x2e, 0xee, 0x4f,
  0xf6, 0x4e, 0xee, 0x2e, 0xee, 0x0d, 0xee, 0x2e, 0xf6, 0x2e, 0xee, 0x2e,
  0xfe, 0x6e, 0xf6, 0x6f, 0xf6, 0x4d, 0xf6, 0x4e, 0xf6, 0x4e, 0xf6, 0x8f,
  0xfe, 0x4e, 0xf6, 0x6e, 0xfe, 0x8f, 0xfe, 0xb0, 0xfe, 0xb1, 0xf6, 0xd1,
  0xfe, 0xb1, 0xfe, 0xf3, 0xfe, 0xd2, 0xf6, 0xb1, 0xfe, 0x8f, 0xf6, 0x6f,
  0xee, 0x0e, 0xe5, 0xee, 0xdd, 0x2b, 0xac, 0x07, 0xb3, 0x86, 0xa3, 0x45,
  0xab, 0x45, 0xb3, 0x87, 0xbb, 0xa6, 0xb3, 0x85, 0xb3, 0xa5, 0xd4, 0xca,
  0xfe, 0x2e, 0xcc, 0xc9, 0xd4, 0xea, 0xd5, 0x0b, 0xed, 0x6b, 0xf5, 0xed,
  0xfe, 0x0d, 0xf5, 0xcc, 0xf5, 0xec, 0xf6, 0x0d, 0xf5, 0xcc, 0xf5, 0xac,
  0xf5, 0xab, 0xed, 0xcb, 0xed, 0xab, 0xd5, 0x09, 0xcc, 0xea, 0x9b, 0x84,
  0x72, 0x84, 0x6a, 0x64, 0x6a, 0x64, 0xa4, 0x4b, 0xcd, 0x4b, 0xc5, 0x6b,
  0xcd, 0x29, 0xcd, 0x6a, 0xdd, 0x8b, 0xdd, 0xab, 0xdd, 0x8b, 0xcd, 0x4a,
  0xd5, 0x49, 0xc5, 0x29, 0xcd, 0x28, 0xd5, 0x6a, 0xd5, 0x49, 0xd5, 0x8a,
  0xcd, 0x49, 0xcd, 0x6a, 0xd5, 0x6a, 0xd5, 0x8b, 0xbc, 0xc9, 0x8b, 0x84,
  0x83, 0x45, 0x8b, 0xa7, 0xbc, 0x88, 0xc5, 0x0a, 0xc4, 0xe8, 0xbc, 0xe9,
  0xbc, 0xc8, 0xbc, 0xe8, 0xcd, 0x29, 0xd5, 0x6a, 0xdd, 0x69, 0xdd, 0x89,
  0xdd, 0x68, 0xd5, 0x48, 0xcd, 0x49, 0xd5, 0x8a, 0xd5, 0x6a, 0xd5, 0xac,
  0xcd, 0x29, 0xcd, 0x6a, 0xbc, 0xc8, 0xcd, 0x4a, 0xcd, 0x49, 0xc5, 0x4a,
  0xcc, 0xa9, 0xbc, 0x68, 0xc4, 0x08, 0xbc, 0x29, 0xc4, 0x09, 0xc4, 0x4a,
  0xcb, 0xe9, 0xcc, 0x2a, 0xcc, 0x2a, 0xcc, 0x4b, 0xcb, 0xe9, 0xc3, 0xea,
  0xcc, 0x0a, 0xcc, 0x6b, 0xcc, 0x2a, 0xc4, 0x2a, 0xcb, 0xe9, 0xc3, 0xe9,
  0xcb, 0xc8, 0xcc, 0x09, 0xd3, 0xe8, 0xcb, 0xe8, 0xd4, 0x08, 0xcc, 0x29,
  0xd4, 0x28, 0xcc, 0x29, 0xcb, 0xe7, 0xc4, 0x08, 0xcb, 0xe8, 0xcc, 0x09,
  0xd4, 0x29, 0xd4, 0x49, 0xd4, 0x09, 0xcb, 0xe8, 0xcc, 0x09, 0xc3, 0xe8,
  0xcc, 0x09, 0xd4, 0x6a, 0xb3, 0xa8, 0x82, 0x43, 0x6a, 0x44, 0x62, 0x45,
  0x62, 0x84, 0x62, 0xa5, 0x62, 0x84, 0x52, 0x43, 0x5a, 0x84, 0x6b, 0x07,
  0x72, 0xc5, 0x73, 0x06, 0x6a, 0xc5, 0x6a, 0xc5, 0x5a, 0x64, 0x52, 0x44,
  0x52, 0x44, 0x42, 0x24, 0x5a, 0x65, 0x52, 0x85, 0x41, 0xc3, 0x42, 0x04,
  0xd5, 0xef, 0xcd, 0x6c, 0xd5, 0xae, 0xdd, 0xef, 0xd5, 0xcf, 0xd5, 0x8d,
  0xd5, 0x6e, 0xcd, 0x2c, 0xcc, 0xcb, 0xc4, 0x69, 0xc4, 0x6a, 0xcc, 0x69,
  0xbc, 0xcb, 0xd5, 0x2c, 0xcd, 0x0c, 0xcd, 0x2c, 0xd5, 0x4e, 0xdd, 0x6e,
  0xdd, 0xaf, 0xe5, 0xaf, 0xdd, 0xcf, 0xe5, 0xcf, 0xdd, 0xae, 0xe5, 0xae,
  0xdd, 0x8e, 0xdd, 0x6d, 0xdd, 0xcf, 0xe5, 0xcf, 0xe5, 0xf0, 0xed, 0xf0,
  0xe6, 0x10, 0xe5, 0xcf, 0xe5, 0xce, 0xe5, 0xad, 0xdd, 0x8e, 0xe5, 0x6d,
  0xd5, 0x6d, 0xdd, 0x8e, 0xdd, 0xcf, 0xdd, 0x8e, 0xdd, 0x8e, 0xdd, 0x6d,
  0xcd, 0x0a, 0xcc, 0xa9, 0xc4, 0xea, 0xcd, 0x0a, 0xc5, 0x2b, 0xcd, 0x0a,
  0xc5, 0x4b, 0xd5, 0xac, 0xd5, 0xcd, 0xdd, 0xcd, 0xde, 0x0e, 0xdd, 0xcd,
  0xe6, 0x0e, 0xee, 0x2e, 0xe6, 0x2d, 0xee, 0x2d, 0xe6, 0x2d, 0xf6, 0x4d,
  0xf6, 0x2e, 0xf6, 0x2d, 0xf6, 0x4e, 0xfe, 0x4e, 0xf6, 0x6f, 0xf6, 0x4e,
  0xf6, 0x6f, 0xfe, 0x8f, 0xfe, 0x6f, 0xe5, 0xac, 0xbc, 0x88, 0xd5, 0x2a,
  0xdd, 0xce, 0xe5, 0xad, 0xdd, 0xee, 0xee, 0x0f, 0xee, 0x4f, 0xee, 0x2e,
  0xee, 0x2e, 0xee, 0x0d, 0xee, 0x0e, 0xf6, 0x2e, 0xee, 0x2f, 0xf6, 0x2e,
  0xf6, 0x6f, 0xf6, 0x2e, 0xf6, 0x4f, 0xfe, 0x4f, 0xf6, 0x4f, 0xfe, 0x6f,
  0xf6, 0x6e, 0xf6, 0x2d, 0xf6, 0x6f, 0xfe, 0x90, 0xee, 0x91, 0xfe, 0xb2,
  0xf6, 0xb2, 0xf6, 0x91, 0xf6, 0xb0, 0xf6, 0x90, 0xee, 0x8f, 0xf6, 0x8f,
  0xf6, 0xb0, 0xf6, 0x6f, 0xee, 0x50, 0xe5, 0xad, 0xbc, 0xaa, 0xa3, 0xa6,
  0xab, 0xa7, 0xb3, 0xa7, 0xab, 0xa6, 0xbb, 0xc6, 0xb3, 0xe7, 0xc4, 0x48,
  0xdd, 0x8d, 0xd5, 0x0b, 0xcc, 0xca, 0xd4, 0xeb, 0xcc, 0xa9, 0xe5, 0x4b,
  0xf5, 0xed, 0xf5, 0xcc, 0xed, 0xac, 0xed, 0x6b, 0xe5, 0x6c, 0xed, 0x6c,
  0xed, 0x8b, 0xf5, 0xab, 0xe5, 0xac, 0xdd, 0x29, 0xcc, 0xea, 0xab, 0xa5,
  0x7a, 0xe6, 0x6a, 0x43, 0x62, 0x64, 0x9b, 0xea, 0xc5, 0x4b, 0xc5, 0x2b,
  0xc5, 0x29, 0xcd, 0x29, 0xcd, 0x6a, 0xdd, 0x8b, 0xd5, 0xab, 0xd5, 0x4a,
  0xcd, 0x8b, 0xc5, 0x09, 0xc5, 0x09, 0xd5, 0x6a, 0xcd, 0x6a, 0xd5, 0x6a,
  0xcd, 0x8b, 0xcd, 0x4a, 0xcd, 0x4b, 0xd5, 0x6b, 0xbc, 0xeb, 0x93, 0x85,
  0x7b, 0x46, 0x8b, 0x87, 0xb4, 0x89, 0xcd, 0x0b, 0xc5, 0x2a, 0xcd, 0x29,
  0xbc, 0xea, 0xb4, 0x68, 0xc5, 0x09, 0xcd, 0x29, 0xd5, 0x48, 0xdd, 0x68,
  0xd5, 0x69, 0xdd, 0x49, 0xc5, 0x29, 0xcd, 0x28, 0xc5, 0x29, 0xc5, 0x29,
  0xc5, 0x4a, 0xc5, 0x09, 0xc5, 0x49, 0xc5, 0x08, 0xc5, 0x29, 0xc4, 0xe8,
  0xcd, 0x2a, 0xd5, 0x4a, 0xc4, 0xca, 0xbc, 0x68, 0xb3, 0xe8, 0xbb, 0xe8,
  0xc3, 0xe8, 0xcb, 0xe8, 0xc3, 0xea, 0xc3, 0xc9, 0xcc, 0x0b, 0xd4, 0x2b,
  0xcc, 0x0b, 0xc3, 0xa9, 0xc3, 0xc9, 0xcb, 0xe9, 0xcb, 0xea, 0xcb, 0xc9,
  0xcc, 0x0a, 0xcb, 0xe9, 0xcc, 0x2a, 0xd4, 0x09, 0xcc, 0x4a, 0xcc, 0x09,
  0xc4, 0x6a, 0xc4, 0x29, 0xc4, 0x29, 0xcc, 0x29, 0xc4, 0x09, 0xcc, 0x29,
  0xd4, 0x4a, 0xcc, 0x08, 0xcc, 0x29, 0xcc, 0x29, 0xc4, 0x29, 0xcc, 0x29,
  0xcc, 0x49, 0xcc, 0x49, 0xbc, 0x0a, 0x9a, 0xc5, 0x6a, 0x45, 0x6a, 0x44,
  0x5a, 0x65, 0x5a, 0x64, 0x5a, 0x85, 0x5a, 0x44, 0x52, 0x65, 0x62, 0xc6,
  0x6a, 0xe6, 0x6a, 0xc5, 0x62, 0xa5, 0x62, 0xa5, 0x52, 0x85, 0x52, 0x44,
  0x4a, 0x65, 0x4a, 0x24, 0x52, 0x65, 0x5a, 0x65, 0x4a, 0x25, 0x41, 0xc3,
  0xdd, 0xee, 0xcd, 0x8d, 0xd5, 0xad, 0xde, 0x0f, 0xdd, 0xce, 0xde, 0x0f,
  0xdd, 0xad, 0xcd, 0x8d, 0xd5, 0x4b, 0xcd, 0x0a, 0xc4, 0x89, 0xc4, 0xa9,
  0xc4, 0xca, 0xcd, 0x4c, 0xd5, 0x2c, 0xd5, 0x4d, 0xdd, 0x4c, 0xdd, 0x8d,
  0xe5, 0xae, 0xdd, 0xcf, 0xe5, 0xae, 0xdd, 0xcf, 0xe5, 0xad, 0xdd, 0xae,
  0xdd, 0x6d, 0xdd, 0x8e, 0xe5, 0xce, 0xe5, 0xef, 0xe5, 0xce, 0xe5, 0xf0,
  0xe5, 0xae, 0xdd, 0xae, 0xe5, 0xad, 0xe5, 0xae, 0xdd, 0x4c, 0xcd, 0x0b,
  0xcc, 0xca, 0xd5, 0x4d, 0xdd, 0x8e, 0xe5, 0xcf, 0xe5, 0xcf, 0xe5, 0xef,
  0xe5, 0xad, 0xcd, 0x2b, 0xc4, 0x88, 0xcc, 0xca, 0xd5, 0x2b, 0xcd, 0x2b,
  0xcd, 0x2a, 0xcd, 0x6c, 0xdd, 0xad, 0xdd, 0xce, 0xe5, 0xed, 0xdd, 0xee,
  0xee, 0x0d, 0xe6, 0x0d, 0xee, 0x0d, 0xe6, 0x2d, 0xed, 0xec, 0xee, 0x4e,
  0xf6, 0x0d, 0xf6, 0x2d, 0xfe, 0x4d, 0xfe, 0x6e, 0xfe, 0x4e, 0xf6, 0x6f,
  0xfe, 0x6e, 0xfe, 0x8f, 0xfe, 0x6e, 0xee, 0x2d, 0xcc, 0xe8, 0xd5, 0x6b,
  0xdd, 0x8c, 0xdd, 0xad, 0xe5, 0xad, 0xee, 0x2f, 0xee, 0x0e, 0xee, 0x2e,
  0xf6, 0x2e, 0xee, 0x2e, 0xf6, 0x2e, 0xf6, 0x4f, 0xf6, 0x2e, 0xee, 0x2e,
  0xf6, 0x4e, 0xee, 0x2e, 0xf6, 0x2e, 0xf6, 0x6f, 0xf6, 0x4e, 0xf6, 0x4f,
  0xfe, 0x6f, 0xf6, 0x6f, 0xfe, 0x90, 0xfe, 0xb1, 0xfe, 0xb1, 0xfe, 0xd2,
  0xfe, 0xb1, 0xf6, 0xd1, 0xfe, 0xaf, 0xf6, 0xaf, 0xf6, 0x8e, 0xf6, 0x8e,
  0xfe, 0x8f, 0xf6, 0x8f, 0xf6, 0x90, 0xee, 0x90, 0xf6, 0x4f, 0xd5, 0x8c,
  0xc4, 0x68, 0xb4, 0x07, 0xbc, 0x07, 0xb3, 0xc6, 0xb3, 0xc5, 0xb4, 0x06,
  0xb4, 0x06, 0xcc, 0xca, 0xdd, 0x0a, 0xe5, 0x6c, 0xd4, 0xc8, 0xcc, 0xc9,
  0xdd, 0x2a, 0xdd, 0x4a, 0xcc, 0xc8, 0xc4, 0xa8, 0xcc, 0xc8, 0xdd, 0x8b,
  0xed, 0x8a, 0xe5, 0xaa, 0xed, 0xcb, 0xe5, 0xaa, 0xdd, 0x2a, 0xab, 0xe6,
  0x9b, 0x87, 0x7a, 0xc4, 0x72, 0x64, 0x93, 0xa9, 0xbc, 0xe9, 0xbd, 0x2a,
  0xc5, 0x09, 0xcd, 0x4a, 0xd5, 0x49, 0xd5, 0x8b, 0xd5, 0x6a, 0xcd, 0x49,
  0xdd, 0xab, 0xcd, 0x6a, 0xcd, 0x29, 0xcd, 0x6a, 0xcd, 0x49, 0xd5, 0xab,
  0xd5, 0xab, 0xcd, 0x8b, 0xcd, 0x29, 0xd5, 0x8b, 0xb4, 0xa9, 0x83, 0x44,
  0x83, 0x25, 0x83, 0x66, 0xbc, 0xa8, 0xcd, 0x2b, 0xcd, 0x49, 0xcd, 0x4a,
  0xc5, 0x09, 0xc5, 0x0a, 0xcd, 0x08, 0xcd, 0x29, 0xdd, 0x28, 0xdd, 0x89,
  0xdd, 0x49, 0xdd, 0x69, 0xd5, 0x49, 0xcd, 0x29, 0xcd, 0x09, 0xc5, 0x29,
  0xcd, 0x2a, 0xc5, 0x4a, 0xd5, 0x8a, 0xcd, 0x6a, 0xd5, 0x28, 0xd5, 0x49,
  0xd5, 0x28, 0xcd, 0x29, 0xd5, 0x6a, 0xd5, 0x6a, 0xcc, 0xa8, 0xbc, 0x67,
  0xbb, 0xe6, 0xc4, 0x28, 0xc3, 0xc8, 0xc3, 0xe8, 0xcb, 0xe9, 0xcc, 0x2a,
  0xd4, 0x4a, 0xcc, 0x2a, 0xcb, 0xe9, 0xc3, 0xe9, 0xcb, 0xe9, 0xcc, 0x0a,
  0xcb, 0xe9, 0xcc, 0x0a, 0xcc, 0x09, 0xcc, 0x29, 0xd4, 0x69, 0xcc, 0x49,
  0xcc, 0x89, 0xc4, 0x8a, 0xcc, 0x49, 0xc4, 0x69, 0xcc, 0x49, 0xcc, 0x69,
  0xd4, 0x48, 0xcc, 0x69, 0xcc, 0x28, 0xc4, 0x08, 0xcc, 0x28, 0xcc, 0x69,
  0xd4, 0xa9, 0xcc, 0xaa, 0xd4, 0x8b, 0xb3, 0xa7, 0x7a, 0x43, 0x72, 0x44,
  0x62, 0x85, 0x52, 0x64, 0x5a, 0x64, 0x5a, 0x85, 0x5a, 0x64, 0x5a, 0xa5,
  0x6a, 0xc5, 0x62, 0xc6, 0x6a, 0xa5, 0x62, 0xa5, 0x5a, 0x84, 0x52, 0x64,
  0x52, 0x44, 0x4a, 0x44, 0x4a, 0x24, 0x52, 0x65, 0x52, 0x44, 0x42, 0x04,
  0xd6, 0x10, 0xde, 0x0f, 0xd5, 0xcf, 0xdd, 0xee, 0xd5, 0xce, 0xdd, 0xce,
  0xd5, 0xef, 0xe6, 0x0f, 0xdd, 0xad, 0xd5, 0x4b, 0xcd, 0x0b, 0xc4, 0xa9,
  0xbc, 0xca, 0xcc, 0xeb, 0xd5, 0x4e, 0xcd, 0x0d, 0xd5, 0x2d, 0xdd, 0x4d,
  0xdd, 0x8e, 0xe5, 0xae, 0xdd, 0xae, 0xe5, 0xae, 0xe5, 0xae, 0xdd, 0x6d,
  0xdd, 0xae, 0xdd, 0x6d, 0xdd, 0xaf, 0xe5, 0xcf, 0xdd, 0xcf, 0xe5, 0xcf,
  0xe5, 0xcf, 0xe5, 0xae, 0xdd, 0x6d, 0xdd, 0x4d, 0xcc, 0xeb, 0xbc, 0x48,
  0xb4, 0x28, 0xc4, 0xaa, 0xdd, 0x6e, 0xe5, 0x8e, 0xdd, 0xf0, 0xe5, 0xf0,
  0xdd, 0xcf, 0xdd, 0x8e, 0xdd, 0x6d, 0xd4, 0xca, 0xc4, 0xca, 0xd4, 0xeb,
  0xcd, 0x2c, 0xcd, 0x2b, 0xcd, 0x8d, 0xdd, 0x8d, 0xdd, 0xce, 0xdd, 0xcd,
  0xdd, 0xed, 0xe5, 0xed, 0xe6, 0x0e, 0xe6, 0x0d, 0xee, 0x2e, 0xf6, 0x2e,
  0xf6, 0x2e, 0xf6, 0x2e, 0xf6, 0x4e, 0xfe, 0x4e, 0xf6, 0x6f, 0xfe, 0x4f,
  0xf6, 0x8f, 0xfe, 0x6f, 0xfe, 0x8f, 0xee, 0x0c, 0xcd, 0x2a, 0xd5, 0x09,
  0xd5, 0x6c, 0xdd, 0x6c, 0xdd, 0xad, 0xee, 0x0f, 0xe6, 0x0e, 0xee, 0x4f,
  0xe6, 0x0e, 0xee, 0x0e, 0xee, 0x2e, 0xee, 0x2e, 0xee, 0x4f, 0xee, 0x4e,
  0xee, 0x70, 0xf6, 0x70, 0xf6, 0x90, 0xee, 0x4f, 0xee, 0x2e, 0xf6, 0x4f,
  0xf6, 0x70, 0xfe, 0x70, 0xfe, 0xb2, 0xfe, 0x91, 0xf6, 0xd3, 0xfe, 0xb2,
  0xf6, 0xb2, 0xf6, 0x91, 0xf6, 0xb1, 0xf6, 0x90, 0xf6, 0x8f, 0xfe, 0x8f,
  0xf6, 0x8f, 0xfe, 0x6f, 0xfe, 0xd2, 0xfe, 0xb2, 0xee, 0x90, 0xee, 0x4f,
  0xf6, 0x50, 0xdd, 0x4c, 0xcc, 0xca, 0xc4, 0x68, 0xb4, 0x27, 0xb3, 0xe6,
  0xc4, 0xa9, 0xcc, 0xa9, 0xc4, 0xa8, 0xdd, 0x2a, 0xdd, 0x4a, 0xdd, 0x29,
  0xcc, 0xc8, 0xc4, 0x67, 0xac, 0x27, 0xb4, 0x26, 0xbc, 0xe9, 0xd5, 0x6b,
  0xe5, 0xcb, 0xe5, 0x8a, 0xe5, 0x8a, 0xed, 0xab, 0xd5, 0x4b, 0xa3, 0x84,
  0x93, 0xa8, 0x7a, 0xc5, 0x6a, 0x85, 0x93, 0xa8, 0xbc, 0xea, 0xbc, 0xea,
  0xbd, 0x0a, 0xcd, 0x2b, 0xd5, 0x6b, 0xd5, 0x4a, 0xcd, 0x4a, 0xcd, 0x29,
  0xd5, 0x6b, 0xcd, 0x2a, 0xc5, 0x4a, 0xc5, 0x29, 0xc5, 0x2a, 0xd5, 0x8b,
  0xd5, 0xed, 0xcd, 0x6b, 0xcd, 0x8b, 0xd5, 0x8b, 0xac, 0x89, 0x83, 0x03,
  0x7b, 0x46, 0x83, 0x46, 0xb4, 0x89, 0xcd, 0x2b, 0xcd, 0x4a, 0xd5, 0x4a,
  0xcd, 0x4a, 0xcd, 0x29, 0xc5, 0x09, 0xcd, 0x09, 0xd5, 0x08, 0xe5, 0x69,
  0xd5, 0x69, 0xdd, 0x49, 0xcd, 0x4a, 0xd5, 0x49, 0xc5, 0x29, 0xc5, 0x09,
  0xbd, 0x09, 0xcd, 0x4a, 0xc5, 0x6a, 0xcd, 0x49, 0xc5, 0x29, 0xd5, 0x8a,
  0xd5, 0x49, 0xd5, 0x49, 0xd5, 0x49, 0xd5, 0x49, 0xd5, 0x6a, 0xcd, 0x29,
  0xbc, 0x69, 0xbc, 0x07, 0xbb, 0xe8, 0xbb, 0xc7, 0xbb, 0xc8, 0xbb, 0xa8,
  0xbc, 0x2a, 0xcc, 0x4a, 0xc4, 0x6b, 0xc4, 0x2a, 0xc4, 0x2b, 0xc3, 0xe9,
  0xc3, 0xea, 0xcc, 0x0a, 0xc4, 0x09, 0xc3, 0xc8, 0xc4, 0x29, 0xcc, 0x49,
  0xc4, 0x8a, 0xc4, 0x6a, 0xc4, 0x8a, 0xc4, 0x69, 0xc4, 0x8a, 0xc4, 0x49,
  0xc4, 0x48, 0xcc, 0x48, 0xcc, 0x49, 0xd4, 0x49, 0xcc, 0x69, 0xd4, 0x89,
  0xcc, 0xcb, 0xc4, 0x89, 0xcc, 0x6a, 0xc3, 0xe8, 0x82, 0x85, 0x7a, 0x02,
  0x5a, 0x85, 0x5a, 0x65, 0x52, 0x65, 0x5a, 0x65, 0x52, 0x85, 0x5a, 0x85,
  0x62, 0xc6, 0x62, 0xc6, 0x62, 0xc5, 0x62, 0x84, 0x52, 0x44, 0x52, 0x23,
  0x4a, 0x25, 0x49, 0xe4, 0x42, 0x05, 0x52, 0x45, 0x4a, 0x45, 0x41, 0xc3,
  0xdd, 0xef, 0xde, 0x0f, 0xdd, 0xee, 0xd5, 0xee, 0xe5, 0xef, 0xd5, 0xae,
  0xdd, 0x8d, 0xd5, 0x8d, 0xdd, 0x8c, 0xdd, 0xce, 0xd5, 0x8c, 0xcd, 0x4c,
  0xcd, 0x0b, 0xc4, 0xca, 0xd5, 0x4d, 0xd5, 0x4e, 0xd5, 0x2d, 0xd5, 0x2d,
  0xdd, 0x6d, 0xdd, 0xaf, 0xdd, 0x8e, 0xe5, 0xcf, 0xe5, 0x8e, 0xdd, 0x8e,
  0xdd, 0x6e, 0xe5, 0xcf, 0xe5, 0xd0, 0xe5, 0xf0, 0xe5, 0xcf, 0xdd, 0xf0,
  0xe5, 0xce, 0xdd, 0xad, 0xdd, 0x2c, 0xd5, 0x2b, 0xcc, 0xca, 0xb4, 0x28,
  0xab, 0xa6, 0xbc, 0x69, 0xd5, 0x4c, 0xd5, 0x6d, 0xe5, 0xaf, 0xe5, 0xf0,
  0xed, 0xef, 0xe5, 0xf0, 0xed, 0xae, 0xe5, 0x8e, 0xdd, 0x0b, 0xd5, 0x0b,
  0xd5, 0x2b, 0xcd, 0x4b, 0xd5, 0x4b, 0xd5, 0x8d, 0xdd, 0xad, 0xdd, 0xce,
  0xdd, 0xcd, 0xe6, 0x0e, 0xe5, 0xed, 0xe6, 0x2e, 0xee, 0x2e, 0xee, 0x2e,
  0xf6, 0x2d, 0xf6, 0x4e, 0xfe, 0x4e, 0xf6, 0x4e, 0xfe, 0x4f, 0xfe, 0x90,
  0xfe, 0x90, 0xf6, 0x90, 0xfe, 0x8f, 0xf6, 0x6e, 0xcc, 0xe9, 0xcd, 0x09,
  0xdd, 0x8c, 0xd5, 0x8c, 0xe5, 0xcd, 0xe5, 0xee, 0xee, 0x0e, 0xe6, 0x0f,
  0xed, 0xed, 0xe5, 0xed, 0xee, 0x0d, 0xee, 0x4e, 0xf6, 0x4f, 0xee, 0x70,
  0xfe, 0x90, 0xf6, 0x70, 0xf6, 0x4f, 0xee, 0x4f, 0xf6, 0x4e, 0xf6, 0x6e,
  0xf6, 0x6e, 0xfe, 0xb0, 0xfe, 0x91, 0xfe, 0xb2, 0xfe, 0xb1, 0xf6, 0xb2,
  0xfe, 0x91, 0xfe, 0xb2, 0xfe, 0xb0, 0xf6, 0xb0, 0xfe, 0x8f, 0xf6, 0xaf,
  0xfe, 0x8f, 0xf6, 0xb0, 0xfe, 0x91, 0xf6, 0xb1, 0xfe, 0xb1, 0xf6, 0x91,
  0xfe, 0xb0, 0xf6, 0xd1, 0xf6, 0x4e, 0xe5, 0xed, 0xe5, 0xac, 0xc4, 0xe9,
  0xdd, 0x0a, 0xe5, 0x6c, 0xdd, 0x2a, 0xcc, 0xc9, 0xd4, 0xc8, 0xdd, 0x6a,
  0xe5, 0x6b, 0xdd, 0x8b, 0xcd, 0x09, 0xdd, 0xab, 0xd5, 0x6b, 0xcd, 0x4a,
  0xed, 0xcb, 0xee, 0x0c, 0xe5, 0xaa, 0xdd, 0xab, 0xcd, 0x09, 0x93, 0x63,
  0x8b, 0x46, 0x7b, 0x05, 0x6a, 0x84, 0x9c, 0x0a, 0xbc, 0xc9, 0xbd, 0x2b,
  0xcd, 0x2a, 0xcd, 0x6b, 0xdd, 0x8a, 0xd5, 0x6a, 0xd5, 0x49, 0xcd, 0x6a,
  0xcd, 0x4a, 0xc5, 0x4a, 0xcd, 0x29, 0xbd, 0x09, 0xcd, 0x29, 0xd5, 0xac,
  0xd5, 0x8a, 0xd5, 0xab, 0xd5, 0x6a, 0xd5, 0x8b, 0xb4, 0xa9, 0x7b, 0x23,
  0x7b, 0x46, 0x7b, 0x46, 0xbc, 0xc9, 0xd5, 0x8c, 0xd5, 0x8a, 0xcd, 0x6a,
  0xd5, 0x6a, 0xbc, 0xe8, 0xc4, 0xe8, 0xcd, 0x29, 0xdd, 0x48, 0xd5, 0x48,
  0xd5, 0x48, 0xcd, 0x48, 0xcd, 0x28, 0xcd, 0x29, 0xcd, 0x08, 0xc5, 0x29,
  0xb4, 0xa7, 0xc5, 0x4a, 0xcd, 0x49, 0xbd, 0x08, 0xcd, 0x48, 0xd5, 0x89,
  0xdd, 0x48, 0xdd, 0x8a, 0xdd, 0x48, 0xd5, 0x48, 0xcd, 0x28, 0xd5, 0x49,
  0xcd, 0x29, 0xbc, 0xe8, 0xbc, 0x47, 0xa3, 0xc5, 0xa3, 0x66, 0xab, 0xc8,
  0xc4, 0x0a, 0xc4, 0x0a, 0xc3, 0xe9, 0xc4, 0x2a, 0xc4, 0x29, 0xc4, 0x4a,
  0xc4, 0x29, 0xc4, 0x4a, 0xcc, 0x08, 0xc4, 0x09, 0xc3, 0xc7, 0xcc, 0x29,
  0xcc, 0x49, 0xc4, 0x69, 0xc4, 0x69, 0xc4, 0x8a, 0xcc, 0xa9, 0xc4, 0x89,
  0xcc, 0x89, 0xc4, 0x89, 0xcc, 0x89, 0xcc, 0xa9, 0xcc, 0x89, 0xcc, 0xca,
  0xcc, 0xa9, 0xc4, 0xaa, 0xcc, 0x8a, 0xc4, 0x49, 0x9b, 0x26, 0x7a, 0x22,
  0x62, 0x65, 0x5a, 0x65, 0x5a, 0x64, 0x52, 0x64, 0x52, 0x44, 0x52, 0x65,
  0x5a, 0xa5, 0x5a, 0xa5, 0x5a, 0x84, 0x5a, 0x85, 0x52, 0x84, 0x4a, 0x64,
  0x41, 0xe3, 0x39, 0xe4, 0x49, 0xe4, 0x52, 0x66, 0x4a, 0x44, 0x39, 0xe3,
  0xde, 0x30, 0xde, 0x0f, 0xde, 0x10, 0xe6, 0x10, 0xde, 0x0f, 0xdd, 0xee,
  0xd5, 0xce, 0xd5, 0x6c, 0xd5, 0x8d, 0xe5, 0xce, 0xdd, 0xce, 0xd5, 0x8d,
  0xcd, 0x4c, 0xbc, 0x89, 0xc4, 0xec, 0xd5, 0x4d, 0xcd, 0x2d, 0xd5, 0x0c,
  0xd5, 0x6e, 0xdd, 0x8e, 0xdd, 0xaf, 0xdd, 0x8e, 0xdd, 0x8e, 0xdd, 0x6e,
  0xd5, 0x6e, 0xe5, 0xaf, 0xdd, 0xd0, 0xe5, 0xd0, 0xe6, 0x10, 0xe5, 0xef,
  0xdd, 0xae, 0xdd, 0x8d, 0xdd, 0x8d, 0xdd, 0x2c, 0xcc, 0xcb, 0xbc, 0x28,
  0x9b, 0x66, 0xc4, 0x49, 0xcd, 0x0c, 0xcc, 0xec, 0xdd, 0x8f, 0xe5, 0xd0,
  0xe5, 0xd0, 0xe5, 0x8e, 0xe5, 0x8e, 0xdd, 0x6d, 0xe5, 0x8d, 0xe5, 0x4c,
  0xcd, 0x0a, 0xd5, 0x0a, 0xcd, 0x2b, 0xd5, 0x4c, 0xd5, 0xae, 0xe5, 0xce,
  0xdd, 0xed, 0xe6, 0x0e, 0xe6, 0x0e, 0xe6, 0x0d, 0xe6, 0x0e, 0xee, 0x2e,
  0xf6, 0x4e, 0xf6, 0x2d, 0xf6, 0x4f, 0xfe, 0x4e, 0xee, 0x4f, 0xfe, 0x6f,
  0xf6, 0xb1, 0xfe, 0x90, 0xf6, 0x8f, 0xfe, 0x8f, 0xd5, 0x2b, 0xd5, 0x2a,
  0xd5, 0x6d, 0xdd, 0x6d, 0xd5, 0x8e, 0xe5, 0xcf, 0xe5, 0xee, 0xe5, 0xce,
  0xe6, 0x0e, 0xe5, 0xed, 0xee, 0x2f, 0xee, 0x0e, 0xe6, 0x4f, 0xee, 0x4f,
  0xf6, 0x70, 0xf6, 0x4f, 0xee, 0x50, 0xee, 0x2f, 0xee, 0x4f, 0xf6, 0x6f,
  0xf6, 0x90, 0xfe, 0xb0, 0xfe, 0xd1, 0xf6, 0x90, 0xee, 0x90, 0xf6, 0x90,
  0xf6, 0xb0, 0xfe, 0x90, 0xf6, 0xb0, 0xfe, 0x8f, 0xf6, 0x8f, 0xfe, 0xaf,
  0xfe, 0xd1, 0xfe, 0x90, 0xf6, 0xd2, 0xfe, 0xb1, 0xf6, 0xb2, 0xf6, 0x91,
  0xf6, 0xb2, 0xfe, 0xb1, 0xf6, 0xb2, 0xf6, 0x91, 0xf6, 0xb2, 0xe5, 0xef,
  0xdd, 0x8c, 0xd5, 0x2b, 0xcd, 0x0a, 0xd4, 0xea, 0xc4, 0xa8, 0xc4, 0x47,
  0xc4, 0xc9, 0xe5, 0x8c, 0xdd, 0xac, 0xdd, 0x8b, 0xcd, 0x6b, 0xd5, 0x4b,
  0xdd, 0x8b, 0xe5, 0xab, 0xdd, 0xcb, 0xd5, 0x8a, 0xcd, 0x2b, 0xb4, 0x47,
  0x8b, 0x46, 0x7a, 0x83, 0x6a, 0x84, 0x9b, 0xc9, 0xbd, 0x0b, 0xbd, 0x0a,
  0xbd, 0x0a, 0xc5, 0x0a, 0xcd, 0x4a, 0xd5, 0x6a, 0xcd, 0x4a, 0xd5, 0x49,
  0xcd, 0x8b, 0xcd, 0x29, 0xcd, 0x4a, 0xd5, 0x6b, 0xcd, 0x6b, 0xd5, 0x8c,
  0xcd, 0x6b, 0xd5, 0x6b, 0xcd, 0x6b, 0xc5, 0x29, 0xa4, 0x89, 0x7b, 0x03,
  0x73, 0x26, 0x7b, 0x46, 0xc5, 0x0b, 0xd5, 0x6c, 0xcd, 0x6a, 0xd5, 0x4a,
  0xcd, 0x6b, 0xc5, 0x29, 0xbc, 0xc8, 0xc5, 0x09, 0xcd, 0x49, 0xd5, 0x28,
  0xc5, 0x08, 0xc4, 0xc7, 0xb4, 0xc8, 0xbc, 0xa7, 0xbc, 0xe8, 0xc5, 0x09,
  0xa4, 0x87, 0xac, 0x87, 0xac, 0xc7, 0xb4, 0xc7, 0xcd, 0x49, 0xd5, 0x49,
  0xd5, 0x69, 0xdd, 0x69, 0xcd, 0x49, 0xd5, 0x28, 0xcd, 0x49, 0xd5, 0x29,
  0xcd, 0x49, 0xcd, 0x29, 0xb4, 0xa8, 0xa3, 0xe5, 0x9b, 0xa7, 0x93, 0x66,
  0x93, 0x27, 0xa3, 0x88, 0xbc, 0x0a, 0xbc, 0x0a, 0xbc, 0x09, 0xc4, 0x09,
  0xbc, 0x29, 0xc4, 0x28, 0xc4, 0x49, 0xcc, 0x49, 0xc4, 0x6a, 0xc4, 0x69,
  0xbc, 0x49, 0xc4, 0x49, 0xbc, 0x69, 0xc4, 0x49, 0xc4, 0x8a, 0xcc, 0xaa,
  0xc4, 0x8a, 0xc4, 0x89, 0xcc, 0xaa, 0xcc, 0x89, 0xcc, 0x8a, 0xcc, 0x69,
  0xcc, 0xaa, 0xcc, 0x89, 0xc4, 0x8a, 0xcc, 0xaa, 0xa3, 0xa8, 0x7a, 0x62,
  0x5a, 0x85, 0x5a, 0x44, 0x52, 0x65, 0x52, 0x44, 0x4a, 0x44, 0x5a, 0x65,
  0x52, 0x86, 0x52, 0x65, 0x52, 0x65, 0x52, 0x44, 0x52, 0x65, 0x4a, 0x24,
  0x39, 0xc4, 0x39, 0xc3, 0x41, 0xe4, 0x4a, 0x25, 0x42, 0x45, 0x39, 0xc3,
  0xe6, 0x0f, 0xde, 0x30, 0xe6, 0x10, 0xde, 0x10, 0xe6, 0x2f, 0xde, 0x2f,
  0xe5, 0xee, 0xdd, 0xee, 0xdd, 0xad, 0xd5, 0x8d, 0xdd, 0xad, 0xd5, 0xad,
  0xd5, 0x6c, 0xc5, 0x0a, 0xc4, 0xaa, 0xd5, 0x4d, 0xd5, 0x2c, 0xcd, 0x0c,
  0xd5, 0x2c, 0xdd, 0x8d, 0xdd, 0x6d, 0xd5, 0x8d, 0xd5, 0x2c, 0xd5, 0x6d,
  0xdd, 0x8e, 0xdd, 0x8e, 0xdd, 0x8e, 0xdd, 0xcf, 0xe5, 0xcf, 0xe5, 0xef,
  0xe5, 0xad, 0xdd, 0xad, 0xe5, 0x8c, 0xdd, 0x8c, 0xd5, 0x0b, 0xc4, 0x89,
  0xab, 0x86, 0xc4, 0x6a, 0xc4, 0x8b, 0xbc, 0x4a, 0xdd, 0x2d, 0xdd, 0x6f,
  0xe5, 0xaf, 0xe5, 0xcf, 0xed, 0x8e, 0xe5, 0xae, 0xe4, 0xea, 0xed, 0x6c,
  0xed, 0x6b, 0xcc, 0xc9, 0xcc, 0xea, 0xd5, 0x6c, 0xdd, 0x6c, 0xdd, 0xee,
  0xe5, 0xcd, 0xe6, 0x0e, 0xe6, 0x0d, 0xe6, 0x2e, 0xee, 0x0d, 0xee, 0x2d,
  0xf6, 0x2d, 0xf6, 0x2d, 0xfe, 0x4e, 0xf6, 0x4e, 0xfe, 0x4e, 0xfe, 0x6f,
  0xfe, 0x90, 0xfe, 0x90, 0xfe, 0x8f, 0xf6, 0x8f, 0xdd, 0x4a, 0xcc, 0xe9,
  0xd5, 0x0b, 0xdd, 0x8d, 0xd5, 0x4c, 0xdd, 0xce, 0xe5, 0xad, 0xe5, 0xee,
  0xe5, 0xcd, 0xe6, 0x0e, 0xee, 0x2e, 0xe6, 0x2f, 0xee, 0x4f, 0xe6, 0x4f,
  0xee, 0x4f, 0xee, 0x4f, 0xf6, 0x6f, 0xee, 0x4f, 0xf6, 0x2e, 0xf6, 0x8f,
  0xf6, 0x6f, 0xfe, 0xd0, 0xfe, 0x8f, 0xf6, 0x8f, 0xfe, 0xb0, 0xf6, 0xb0,
  0xf6, 0x8f, 0xf6, 0xb0, 0xfe, 0x8f, 0xfe, 0xaf, 0xfe, 0x6e, 0xf6, 0x8f,
  0xfe, 0x8f, 0xfe, 0xd0, 0xfe, 0xb1, 0xf6, 0xb1, 0xfe, 0xb1, 0xf6, 0xb1,
  0xfe, 0xb1, 0xfe, 0xb1, 0xfe, 0xd1, 0xfe, 0xf2, 0xfe, 0xd2, 0xf6, 0xd2,
  0xfe, 0x90, 0xee, 0x2f, 0xe5, 0xad, 0xd5, 0x4b, 0xd5, 0x2a, 0xcd, 0x0a,
  0xd5, 0x2a, 0xd5, 0x6b, 0xcc, 0xe9, 0xc4, 0xc9, 0xbc, 0x67, 0xcd, 0x2a,
  0xdd, 0xab, 0xe5, 0xed, 0xdd, 0xab, 0xcd, 0x6a, 0xb4, 0x67, 0xac, 0x47,
  0xb4, 0x29, 0x7a, 0xc4, 0x72, 0x63, 0x93, 0xa8, 0xb4, 0xc9, 0xbd, 0x2b,
  0xcd, 0x2a, 0xc5, 0x2b, 0xcd, 0x29, 0xcd, 0x6a, 0xcd, 0x49, 0xcd, 0x8a,
  0xcd, 0x49, 0xc5, 0x29, 0xd5, 0x6b, 0xdd, 0xed, 0xcd, 0x4a, 0xcd, 0x8b,
  0xc5, 0x29, 0xcd, 0x8b, 0xcd, 0x4a, 0xc5, 0x29, 0xa4, 0x47, 0x7b, 0x44,
  0x7b, 0x46, 0x7b, 0x66, 0xcd, 0x4b, 0xcd, 0x8c, 0xd5, 0x69, 0xcd, 0x49,
  0xc5, 0x08, 0xc5, 0x4a, 0xcd, 0x49, 0xcd, 0x6a, 0xd5, 0x49, 0xcd, 0x29,
  0xc5, 0x08, 0xbc, 0xe8, 0xbc, 0xc8, 0xb4, 0xc8, 0xbc, 0xc7, 0xc5, 0x49,
  0xbc, 0xe8, 0x9c, 0x45, 0xb4, 0xc7, 0xbd, 0x29, 0xdd, 0x69, 0xd5, 0x8a,
  0xe5, 0x89, 0xdd, 0x69, 0xdd, 0x69, 0xd5, 0x6a, 0xd5, 0x49, 0xcd, 0x49,
  0xcd, 0x28, 0xbc, 0xa7, 0xa4, 0x26, 0x8b, 0x84, 0x83, 0x66, 0x7b, 0x66,
  0x62, 0x43, 0x62, 0x64, 0x8a, 0xe6, 0x93, 0x68, 0xb3, 0x88, 0xbc, 0x0a,
  0xc4, 0x28, 0xbc, 0x49, 0xbc, 0x27, 0xbc, 0x68, 0xc4, 0x88, 0xc4, 0x89,
  0xcc, 0x89, 0xc4, 0x69, 0xc4, 0x49, 0xbc, 0x28, 0xc4, 0x68, 0xc4, 0x89,
  0xc4, 0x68, 0xc4, 0xa9, 0xcc, 0x88, 0xcc, 0xa9, 0xcc, 0x68, 0xcc, 0x89,
  0xcc, 0xa9, 0xc4, 0xa9, 0xc4, 0x88, 0xc4, 0x89, 0xab, 0xe7, 0x72, 0x82,
  0x5a, 0x64, 0x5a, 0x85, 0x52, 0x44, 0x52, 0x44, 0x52, 0x64, 0x52, 0x85,
  0x52, 0x65, 0x4a, 0x65, 0x4a, 0x24, 0x52, 0x65, 0x52, 0x44, 0x4a, 0x24,
  0x41, 0xc3, 0x39, 0xc3, 0x41, 0xe4, 0x4a, 0x46, 0x4a, 0x24, 0x39, 0xc3,
  0xd6, 0x10, 0xdd, 0xef, 0xde, 0x31, 0xdd, 0xf0, 0xdd, 0xef, 0xdd, 0xee,
  0xdd, 0xce, 0xdd, 0xee, 0xdd, 0xee, 0xdd, 0xce, 0xd5, 0xee, 0xdd, 0xce,
  0xd5, 0xad, 0xcd, 0x4b, 0xb4, 0x6a, 0xcd, 0x2c, 0xd5, 0x4d, 0xcd, 0x0c,
  0xcd, 0x0b, 0xd5, 0x2c, 0xd5, 0x4d, 0xdd, 0x6d, 0xd5, 0x4d, 0xdd, 0x6d,
  0xd5, 0x6e, 0xdd, 0x6e, 0xdd, 0xaf, 0xdd, 0x8e, 0xe5, 0xcf, 0xe5, 0xae,
  0xdd, 0xce, 0xe5, 0xad, 0xdd, 0x8d, 0xd5, 0x2b, 0xcc, 0xea, 0xc4, 0x89,
  0xb3, 0xe8, 0xab, 0xa7, 0xab, 0xe9, 0xab, 0x87, 0xcc, 0xcc, 0xe5, 0x6e,
  0xe5, 0xaf, 0xe5, 0xaf, 0xe5, 0x4d, 0xdd, 0x0b, 0xe4, 0xea, 0xed, 0x0a,
  0xed, 0x8c, 0xd4, 0xa9, 0xc4, 0xaa, 0xd4, 0xeb, 0xd5, 0x6d, 0xe5, 0xee,
  0xdd, 0xce, 0xe5, 0xcd, 0xde, 0x0e, 0xe6, 0x0e, 0xe5, 0xed, 0xee, 0x2e,
  0xee, 0x2e, 0xf6, 0x2e, 0xf6, 0x6f, 0xfe, 0x4e, 0xf6, 0x6f, 0xfe, 0x6f,
  0xf6, 0x50, 0xfe, 0x70, 0xfe, 0xb0, 0xf6, 0x6f, 0xdd, 0x8c, 0xc4, 0xa8,
  0xd5, 0x2b, 0xd5, 0x2b, 0xd5, 0x6c, 0xdd, 0x8c, 0xdd, 0xad, 0xe5, 0xcd,
  0xe5, 0xef, 0xe5, 0xee, 0xe6, 0x0f, 0xee, 0x2f, 0xe6, 0x50, 0xee, 0x4f,
  0xee, 0x70, 0xee, 0x2f, 0xee, 0x70, 0xf6, 0x70, 0xf6, 0x90, 0xf6, 0x6f,
  0xee, 0x70, 0xfe, 0x90, 0xf6, 0xb1, 0xfe, 0x91, 0xf6, 0xb2, 0xfe, 0xb2,
  0xfe, 0xb1, 0xfe, 0xb1, 0xf6, 0xb0, 0xfe, 0x90, 0xf6, 0xb0, 0xf6, 0x90,
  0xf6, 0xb1, 0xfe, 0xd1, 0xf6, 0xd3, 0xf6, 0xb2, 0xf6, 0xb1, 0xfe, 0xb1,
  0xfe, 0xd2, 0xfe, 0xb1, 0xf6, 0xf1, 0xfe, 0xd1, 0xf6, 0xf2, 0xff, 0x12,
  0xf6, 0xd2, 0xf6, 0xb1, 0xf6, 0xb2, 0xee, 0x2f, 0xd5, 0x8c, 0xd5, 0x2b,
  0xbc, 0xa8, 0xbc, 0x88, 0xb4, 0x47, 0xbc, 0x47, 0xb4, 0xa9, 0xc4, 0xea,
  0xd5, 0xad, 0xdd, 0xac, 0xd5, 0xac, 0xcd, 0x4a, 0xa4, 0x08, 0x8b, 0x24,
  0xbc, 0x8c, 0x8b, 0x25, 0x6a, 0x84, 0x93, 0xa8, 0xb4, 0xeb, 0xc5, 0x0b,
  0xc5, 0x2b, 0xcd, 0x2b, 0xcd, 0x6a, 0xcd, 0x4a, 0xc5, 0x4a, 0xcd, 0x29,
  0xcd, 0x6b, 0xcd, 0x2a, 0xcd, 0x8c, 0xdd, 0xac, 0xcd, 0x6c, 0xcd, 0x4b,
  0xc5, 0x4a, 0xcd, 0x6a, 0xcd, 0x6a, 0xbc, 0xa7, 0x9c, 0x28, 0x83, 0x44,
  0x7b, 0x46, 0x83, 0x66, 0xc5, 0x4b, 0xcd, 0x6b, 0xc5, 0x6a, 0xcd, 0x69,
  0xbd, 0x09, 0xc5, 0x29, 0xc5, 0x2a, 0xcd, 0x29, 0xcd, 0x6a, 0xcd, 0x49,
  0xc5, 0x2a, 0xbc, 0xc8, 0xb4, 0xea, 0xbc, 0xe9, 0xbd, 0x09, 0xcd, 0x29,
  0xc5, 0x4a, 0xac, 0x66, 0xb4, 0xc9, 0xbc, 0xe9, 0xd5, 0x6a, 0xdd, 0x6a,
  0xd5, 0x6a, 0xdd, 0x8a, 0xd5, 0x8a, 0xd5, 0x6a, 0xd5, 0x6a, 0xd5, 0x49,
  0xcd, 0x6a, 0xb4, 0x66, 0x8b, 0xc7, 0x7a, 0xe3, 0x5a, 0xc5, 0x5a, 0x63,
  0x4a, 0x04, 0x49, 0xe3, 0x51, 0xe4, 0x59, 0xe4, 0x6a, 0x25, 0x82, 0xa7,
  0x93, 0x27, 0xa3, 0xa9, 0xb4, 0x28, 0xc4, 0x49, 0xbc, 0x89, 0xc4, 0x89,
  0xc4, 0x8a, 0xc4, 0x89, 0xbc, 0x6a, 0xbc, 0x49, 0xbc, 0x69, 0xbc, 0x48,
  0xc4, 0x89, 0xc4, 0x89, 0xc4, 0xaa, 0xcc, 0xa9, 0xc4, 0x8a, 0xc4, 0x69,
  0xc4, 0x89, 0xc4, 0x89, 0xbc, 0x69, 0xc4, 0x48, 0xb4, 0x08, 0x82, 0x82,
  0x5a, 0x65, 0x5a, 0x24, 0x52, 0x65, 0x52, 0x44, 0x4a, 0x45, 0x52, 0x65,
  0x52, 0x65, 0x52, 0x45, 0x4a, 0x45, 0x4a, 0x44, 0x52, 0x45, 0x52, 0x24,
  0x39, 0xe4, 0x41, 0xc3, 0x39, 0xc4, 0x4a, 0x05, 0x4a, 0x66, 0x41, 0xc3,
  0xde, 0x10, 0xde, 0x10, 0xde, 0x0f, 0xde, 0x30, 0xde, 0x0f, 0xde, 0x0f,
  0xe5, 0xee, 0xde, 0x0e, 0xe5, 0xee, 0xde, 0x0e, 0xe6, 0x0e, 0xdd, 0xee,
  0xdd, 0xad, 0xc5, 0x0b, 0xb4, 0x49, 0xc4, 0xec, 0xd5, 0x2d, 0xd5, 0x4d,
  0xd4, 0xeb, 0xd5, 0x2c, 0xdd, 0x4d, 0xd5, 0x4d, 0xd5, 0x4d, 0xdd, 0x8e,
  0xdd, 0x6e, 0xd5, 0x6e, 0xdd, 0x6d, 0xdd, 0xae, 0xe5, 0xae, 0xe5, 0xef,
  0xed, 0xed, 0xdd, 0xad, 0xdd, 0x6b, 0xcd, 0x0a, 0xcc, 0xc9, 0xbc, 0x68,
  0xab, 0xa6, 0xa3, 0x66, 0xab, 0x67, 0x92, 0xc5, 0xbc, 0x29, 0xd5, 0x2d,
  0xe5, 0xae, 0xdd, 0x6e, 0xe4, 0xeb, 0xdc, 0xeb, 0xec, 0xea, 0xed, 0x2b,
  0xf5, 0x6c, 0xed, 0x4b, 0xcc, 0xa9, 0xd4, 0xea, 0xd5, 0x6c, 0xdd, 0xce,
  0xe5, 0xce, 0xdd, 0xce, 0xe5, 0xed, 0xe6, 0x0e, 0xed, 0xed, 0xee, 0x2e,
  0xf6, 0x2d, 0xee, 0x2e, 0xfe, 0x2e, 0xf6, 0x4e, 0xfe, 0x4e, 0xfe, 0x6f,
  0xfe, 0x6f, 0xfe, 0xb0, 0xfe, 0x90, 0xf6, 0x90, 0xe5, 0xac, 0xc4, 0xa8,
  0xcc, 0xea, 0xd5, 0x4c, 0xdd, 0x4c, 0xd5, 0x6c, 0xe5, 0x8c, 0xee, 0x0e,
  0xed, 0xee, 0xe6, 0x0f, 0xee, 0x2e, 0xee, 0x4f, 0xee, 0x4f, 0xee, 0x70,
  0xee, 0x4f, 0xee, 0x70, 0xf6, 0x6f, 0xf6, 0x90, 0xf6, 0x6f, 0xf6, 0x70,
  0xfe, 0x90, 0xfe, 0xb1, 0xfe, 0xb1, 0xfe, 0xd2, 0xfe, 0x91, 0xf6, 0xb2,
  0xfe, 0x91, 0xfe, 0xb1, 0xfe, 0xb1, 0xf6, 0xb1, 0xfe, 0x91, 0xf6, 0xb1,
  0xfe, 0xd1, 0xf6, 0xd2, 0xfe, 0xb2, 0xfe, 0xf3, 0xfe, 0xd2, 0xf6, 0xb2,
  0xfe, 0xb1, 0xfe, 0xf2, 0xfe, 0xb1, 0xfe, 0xd1, 0xfe, 0xf2, 0xfe, 0xf2,
  0xfe, 0xd2, 0xfe, 0xf3, 0xfe, 0xd2, 0xf6, 0xd2, 0xfe, 0xb1, 0xe6, 0x2f,
  0xd5, 0x2a, 0xbc, 0xa8, 0xb4, 0x26, 0xb4, 0x68, 0xc4, 0xc9, 0xcd, 0x4b,
  0xcd, 0x4b, 0xc5, 0x2a, 0xcd, 0x6a, 0xc5, 0x2a, 0x93, 0xa7, 0x72, 0xe4,
  0xb4, 0x4a, 0x9b, 0xe8, 0x72, 0x84, 0x93, 0xc9, 0xc5, 0x0b, 0xbd, 0x2c,
  0xcd, 0x2a, 0xcd, 0x4b, 0xcd, 0x49, 0xcd, 0x6a, 0xcd, 0x29, 0xcd, 0x4a,
  0xd5, 0x6a, 0xcd, 0x8b, 0xdd, 0xac, 0xd5, 0xac, 0xcd, 0x6b, 0xcd, 0x6c,
  0xcd, 0x49, 0xcd, 0x6a, 0xcd, 0x29, 0xbc, 0xe8, 0xac, 0x47, 0x83, 0x44,
  0x7b, 0x05, 0x83, 0x67, 0xcd, 0x6b, 0xcd, 0x8c, 0xcd, 0x49, 0xcd, 0x69,
  0xc5, 0x08, 0xcd, 0x69, 0xc5, 0x08, 0xc5, 0x49, 0xd5, 0x48, 0xcd, 0x49,
  0xcd, 0x49, 0xbc, 0xe8, 0xbc, 0xe8, 0xbc, 0xe9, 0xc4, 0xe7, 0xcd, 0x6a,
  0xcd, 0x29, 0xac, 0x87, 0xac, 0x26, 0xb4, 0xc9, 0xd5, 0x49, 0xdd, 0x8a,
  0xe5, 0x8a, 0xdd, 0xaa, 0xd5, 0x69, 0xcd, 0x8a, 0xd5, 0x49, 0xd5, 0x69,
  0xcd, 0x4a, 0xac, 0x26, 0x83, 0x05, 0x6a, 0x83, 0x5a, 0x64, 0x4a, 0x23,
  0x49, 0xc3, 0x4a, 0x04, 0x52, 0x24, 0x49, 0xe4, 0x49, 0xc3, 0x41, 0xe4,
  0x51, 0xe4, 0x5a, 0x46, 0x82, 0xa5, 0x93, 0x68, 0xbc, 0x08, 0xc4, 0x8a,
  0xc4, 0x89, 0xbc, 0x89, 0xbc, 0x69, 0xbc, 0xaa, 0xc4, 0x89, 0xbc, 0xa9,
  0xc4, 0x88, 0xc4, 0xa9, 0xcc, 0xa9, 0xc4, 0xa9, 0xcc, 0x89, 0xc4, 0x89,
  0xcc, 0x89, 0xc4, 0x8a, 0xc4, 0x48, 0xc4, 0x68, 0xb3, 0xe7, 0x82, 0x82,
  0x62, 0x64, 0x5a, 0x64, 0x52, 0x44, 0x52, 0x65, 0x52, 0x44, 0x52, 0x65,
  0x52, 0x64, 0x4a, 0x65, 0x52, 0x44, 0x4a, 0x44, 0x52, 0x44, 0x52, 0x45,
  0x4a, 0x03, 0x41, 0xe3, 0x41, 0xc3, 0x42, 0x25, 0x52, 0x65, 0x4a, 0x25,
  0xde, 0x30, 0xde, 0x10, 0xde, 0x30, 0xde, 0x10, 0xde, 0x0f, 0xe6, 0x0f,
  0xde, 0x0f, 0xdd, 0xce, 0xd5, 0xee, 0xdd, 0xce, 0xdd, 0xee, 0xdd, 0xcd,
  0xd5, 0x8d, 0xb4, 0x68, 0xb4, 0x8a, 0xb4, 0x49, 0xcd, 0x0d, 0xd5, 0x4e,
  0xd5, 0x2c, 0xd4, 0xeb, 0xd5, 0x4d, 0xdd, 0x2c, 0xd5, 0x6e, 0xdd, 0x6d,
  0xdd, 0x8e, 0xdd, 0x8e, 0xdd, 0x8f, 0xdd, 0x8e, 0xdd, 0xaf, 0xed, 0xcf,
  0xe5, 0xae, 0xdd, 0x4c, 0xdd, 0x6d, 0xcc, 0xea, 0xc4, 0xaa, 0xb4, 0x07,
  0xb3, 0xc8, 0xa3, 0x25, 0x93, 0x07, 0x8a, 0x64, 0x93, 0x27, 0xc4, 0x6c,
  0xdd, 0x8f, 0xe5, 0xaf, 0xe5, 0x4c, 0xdc, 0xeb, 0xe4, 0xca, 0xed, 0x0a,
  0xf5, 0x8c, 0xf5, 0x6b, 0xdd, 0x0a, 0xd4, 0xa9, 0xd5, 0x6d, 0xe5, 0xae,
  0xdd, 0xce, 0xe5, 0xce, 0xdd, 0xce, 0xe5, 0xcd, 0xe6, 0x0e, 0xee, 0x0d,
  0xee, 0x2e, 0xf6, 0x2e, 0xf6, 0x4f, 0xf6, 0x2e, 0xf6, 0x4e, 0xfe, 0x4e,
  0xf6, 0x6f, 0xfe, 0x6f, 0xfe, 0xb1, 0xfe, 0x90, 0xe5, 0xad, 0xcc, 0xa9,
  0xcd, 0x2c, 0xdd, 0x6d, 0xdd, 0x8d, 0xe5, 0x8d, 0xdd, 0xad, 0xed, 0xed,
  0xe6, 0x0e, 0xee, 0x0e, 0xe6, 0x2f, 0xee, 0x2f, 0xee, 0x50, 0xee, 0x50,
  0xee, 0x70, 0xee, 0x4f, 0xee, 0x70, 0xee, 0x4f, 0xee, 0x6f, 0xee, 0x4e,
  0xf6, 0x90, 0xfe, 0xb0, 0xf6, 0xb1, 0xfe, 0x90, 0xf6, 0xd1, 0xfe, 0xb0,
  0xf6, 0xb0, 0xfe, 0xb0, 0xf6, 0xb1, 0xfe, 0xb1, 0xf6, 0xb2, 0xfe, 0xb1,
  0xf6, 0xd2, 0xf6, 0xb1, 0xf6, 0xf4, 0xfe, 0xb3, 0xf6, 0xd3, 0xfe, 0xb2,
  0xf6, 0xd2, 0xfe, 0xd2, 0xf6, 0xd3, 0xfe, 0xd2, 0xf6, 0xd3, 0xfe, 0xd2,
  0xf6, 0xd2, 0xfe, 0xd2, 0xf6, 0xf3, 0xf6, 0xb2, 0xf6, 0xb1, 0xfe, 0xb1,
  0xf6, 0xb1, 0xe6, 0x0f, 0xbc, 0xea, 0xcd, 0x0a, 0xbc, 0xea, 0xc4, 0xea,
  0xc5, 0x0b, 0xc5, 0x0a, 0xcd, 0x6c, 0xc5, 0x0a, 0x8b, 0xa7, 0x7a, 0xc4,
  0x9b, 0xc9, 0xa3, 0xc9, 0x7a, 0xe5, 0x9b, 0xe9, 0xb4, 0xeb, 0xc5, 0x2c,
  0xc5, 0x2b, 0xcd, 0x2b, 0xcd, 0x6b, 0xd5, 0x6a, 0xcd, 0x6a, 0xd5, 0x6a,
  0xd5, 0xac, 0xcd, 0x4a, 0xcd, 0x6c, 0xd5, 0x8c, 0xcd, 0xac, 0xcd, 0x6b,
  0xcd, 0x6b, 0xcd, 0x6a, 0xc5, 0x4a, 0xbc, 0xc7, 0xa4, 0x69, 0x83, 0x44,
  0x7b, 0x26, 0x8b, 0xa7, 0xc5, 0x6b, 0xcd, 0x6b, 0xcd, 0x6a, 0xc5, 0x08,
  0xbd, 0x08, 0xcd, 0x49, 0xc5, 0x49, 0xc5, 0x29, 0xc5, 0x49, 0xc5, 0x08,
  0xbd, 0x09, 0xc4, 0xe8, 0xb4, 0xc8, 0xb4, 0xa8, 0xbc, 0xe8, 0xc5, 0x08,
  0xcd, 0x6b, 0xac, 0x46, 0x9c, 0x27, 0xc5, 0x0a, 0xcd, 0x49, 0xdd, 0x8a,
  0xd5, 0x8a, 0xdd, 0x69, 0xd5, 0x8a, 0xd5, 0x6a, 0xcd, 0x29, 0xd5, 0x49,
  0xc5, 0x2a, 0xac, 0x26, 0x7b, 0x46, 0x62, 0x42, 0x5a, 0x65, 0x52, 0x24,
  0x49, 0xe5, 0x52, 0x25, 0x5a, 0x65, 0x52, 0x03, 0x41, 0xe4, 0x41, 0xc3,
  0x41, 0xe5, 0x39, 0xa3, 0x6a, 0x25, 0x7a, 0x86, 0x82, 0xa5, 0xa3, 0x47,
  0xb4, 0x2a, 0xbc, 0x6b, 0xbc, 0x49, 0xbc, 0x28, 0xb4, 0x89, 0xbc, 0x69,
  0xbc, 0xa9, 0xc4, 0xa9, 0xc4, 0xaa, 0xc4, 0x89, 0xc4, 0xaa, 0xc4, 0x8a,
  0xbc, 0x8a, 0xc4, 0x8a, 0xc4, 0x69, 0xbc, 0x28, 0xb3, 0xc7, 0x92, 0x82,
  0x5a, 0x44, 0x5a, 0x03, 0x4a, 0x45, 0x4a, 0x25, 0x4a, 0x45, 0x4a, 0x24,
  0x4a, 0x45, 0x4a, 0x24, 0x4a, 0x65, 0x52, 0x65, 0x52, 0x65, 0x52, 0x64,
  0x42, 0x04, 0x41, 0xa3, 0x39, 0xe4, 0x49, 0xe4, 0x4a, 0x46, 0x4a, 0x04,
  0xdd, 0xee, 0xde, 0x2f, 0xe6, 0x4f, 0xde, 0x4f, 0xe6, 0x2e, 0xde, 0x2e,
  0xe5, 0xee, 0xdd, 0xee, 0xe6, 0x0e, 0xdd, 0xee, 0xdd, 0xcd, 0xdd, 0xed,
  0xcd, 0x0a, 0xb4, 0x88, 0xbc, 0x8a, 0xac, 0x29, 0xbc, 0xab, 0xd5, 0x8e,
  0xdd, 0x2c, 0xcd, 0x0c, 0xd5, 0x0b, 0xd5, 0x2c, 0xd5, 0x4c, 0xd5, 0x6d,
  0xdd, 0x6d, 0xdd, 0x8e, 0xe5, 0x8e, 0xdd, 0x8f, 0xe5, 0x8e, 0xdd, 0x8e,
  0xe5, 0x6d, 0xdd, 0x6d, 0xdd, 0x8d, 0xc4, 0xeb, 0xc4, 0x89, 0xb4, 0x28,
  0xb3, 0xa7, 0x9b, 0x05, 0x9a, 0xc5, 0x8a, 0xa5, 0x72, 0x03, 0x82, 0xa6,
  0xab, 0xe9, 0xdd, 0x90, 0xed, 0x8d, 0xdd, 0x2c, 0xe4, 0xa9, 0xed, 0x0b,
  0xf5, 0x4a, 0xfd, 0x8c, 0xf5, 0x8c, 0xd4, 0xc9, 0xd5, 0x4b, 0xdd, 0xad,
  0xe5, 0xee, 0xdd, 0xce, 0xe5, 0xcd, 0xe5, 0xed, 0xed, 0xec, 0xee, 0x0d,
  0xf6, 0x2d, 0xee, 0x0d, 0xf6, 0x4e, 0xf6, 0x6f, 0xf6, 0x2d, 0xfe, 0x6e,
  0xfe, 0x6e, 0xf6, 0x4e, 0xfe, 0x8f, 0xf6, 0x8f, 0xed, 0xed, 0xcd, 0x0a,
  0xd5, 0x6c, 0xdd, 0xad, 0xdd, 0x8c, 0xdd, 0xad, 0xe5, 0xac, 0xe5, 0xed,
  0xed, 0xed, 0xee, 0x2e, 0xee, 0x2f, 0xe6, 0x2f, 0xf6, 0x4f, 0xe6, 0x2f,
  0xee, 0x4f, 0xee, 0x70, 0xf6, 0x6f, 0xee, 0x90, 0xf6, 0x4e, 0xee, 0x6f,
  0xfe, 0x90, 0xf6, 0xb1, 0xf6, 0x8f, 0xf6, 0xb0, 0xfe, 0xb0, 0xfe, 0xb0,
  0xfe, 0xb0, 0xfe, 0xd1, 0xfe, 0xd1, 0xfe, 0xd1, 0xfe, 0xd1, 0xf6, 0xb1,
  0xfe, 0xf2, 0xf6, 0xd2, 0xf6, 0xb1, 0xf6, 0xd2, 0xfe, 0xb1, 0xf6, 0xb2,
  0xf6, 0xb1, 0xfe, 0xf2, 0xfe, 0xf2, 0xfe, 0xf3, 0xfe, 0xd2, 0xfe, 0xf3,
  0xfe, 0xf2, 0xf6, 0xf2, 0xfe, 0xd2, 0xf6, 0xd2, 0xfe, 0xb1, 0xfe, 0xb1,
  0xfe, 0xb2, 0xfe, 0xf3, 0xfe, 0xb2, 0xee, 0x71, 0xd5, 0x4b, 0xbc, 0xca,
  0xcd, 0x0a, 0xc5, 0x2b, 0xc5, 0x2a, 0xbc, 0xea, 0x8b, 0x65, 0x83, 0x25,
  0x93, 0x87, 0x93, 0xc8, 0x7a, 0xc4, 0x93, 0xe9, 0xbd, 0x0a, 0xc5, 0x4c,
  0xcd, 0x2a, 0xc5, 0x2a, 0xcd, 0x49, 0xcd, 0x6a, 0xd5, 0x69, 0xcd, 0x8a,
  0xd5, 0x8b, 0xd5, 0xab, 0xd5, 0x8b, 0xd5, 0x8b, 0xcd, 0x6a, 0xcd, 0xab,
  0xcd, 0x49, 0xcd, 0x8b, 0xcd, 0x49, 0xbc, 0xe7, 0x9c, 0x27, 0x7b, 0x64,
  0x7b, 0x25, 0x8b, 0xc8, 0xc5, 0x4a, 0xc5, 0x8c, 0xd5, 0x6a, 0xc5, 0x49,
  0xcd, 0x29, 0xcd, 0x49, 0xc5, 0x29, 0xb4, 0xe8, 0xb4, 0xc7, 0xbd, 0x29,
  0xbc, 0xe8, 0xb4, 0xc8, 0xbc, 0x88, 0xbc, 0xe9, 0xc4, 0xc8, 0xc5, 0x09,
  0xcd, 0x29, 0xa4, 0x05, 0x93, 0xa5, 0xac, 0x88, 0xcd, 0x28, 0xd5, 0x8a,
  0xdd, 0x8a, 0xdd, 0x8a, 0xd5, 0x69, 0xcd, 0x29, 0xd5, 0x29, 0xd5, 0x8a,
  0xcd, 0x2a, 0xac, 0x47, 0x83, 0x66, 0x62, 0xa3, 0x62, 0xa5, 0x5a, 0x64,
  0x51, 0xe3, 0x5a, 0x66, 0x62, 0x64, 0x52, 0x24, 0x49, 0xe4, 0x41, 0xe4,
  0x41, 0xa3, 0x39, 0xa3, 0x6a, 0x24, 0x7a, 0xe7, 0x82, 0x85, 0x6a, 0x03,
  0x59, 0xe3, 0x83, 0x48, 0xbc, 0x4b, 0xbc, 0x6b, 0xc4, 0x48, 0xc4, 0x68,
  0xbc, 0x68, 0xbc, 0x88, 0xc4, 0x88, 0xc4, 0xa9, 0xc4, 0x88, 0xc4, 0xa9,
  0xc4, 0x88, 0xbc, 0x89, 0xc4, 0x68, 0xbc, 0x68, 0xbb, 0xe8, 0x92, 0xe4,
  0x62, 0x23, 0x5a, 0x24, 0x52, 0x44, 0x4a, 0x24, 0x4a, 0x24, 0x4a, 0x65,
  0x52, 0x44, 0x4a, 0x45, 0x52, 0x24, 0x52, 0x65, 0x5a, 0x64, 0x52, 0x64,
  0x4a, 0x03, 0x41, 0xe3, 0x41, 0xa3, 0x42, 0x05, 0x4a, 0x24, 0x4a, 0x45,
  0xd6, 0x0f, 0xde, 0x0f, 0xde, 0x2f, 0xde, 0x2f, 0xde, 0x2f, 0xe6, 0x2e,
  0xde, 0x2f, 0xe6, 0x0e, 0xde, 0x0f, 0xdd, 0xee, 0xd5, 0xce, 0xdd, 0xae,
  0xbc, 0xcb, 0xbc, 0x89, 0xac, 0x29, 0xa3, 0xc8, 0xa4, 0x09, 0xd5, 0x2d,
  0xd5, 0x4d, 0xd5, 0x0c, 0xd5, 0x2c, 0xd5, 0x0b, 0xcd, 0x2d, 0xdd, 0x6e,
  0xd5, 0x6f, 0xd5, 0x2e, 0xd5, 0x6e, 0xdd, 0x8e, 0xdd, 0x6d, 0xdd, 0x4c,
  0xdd, 0x6d, 0xdd, 0x6c, 0xd5, 0x6d, 0xcc, 0xeb, 0xc4, 0x8a, 0xbc, 0x28,
  0xb3, 0xe8, 0xa3, 0x45, 0x93, 0x27, 0x8a, 0x84, 0x59, 0xc4, 0x59, 0x83,
  0x62, 0x04, 0xac, 0x2c, 0xdd, 0x8f, 0xdd, 0x6e, 0xdc, 0xeb, 0xe4, 0xea,
  0xec, 0xeb, 0xf5, 0x2b, 0xed, 0xad, 0xdd, 0x0a, 0xcd, 0x2b, 0xe5, 0xad,
  0xdd, 0xcf, 0xe5, 0xcf, 0xdd, 0xee, 0xe5, 0xcd, 0xe6, 0x0d, 0xee, 0x0d,
  0xee, 0x0e, 0xf6, 0x0d, 0xee, 0x2e, 0xf6, 0x2e, 0xf6, 0x6e, 0xfe, 0x4e,
  0xf6, 0x4e, 0xfe, 0x4d, 0xf6, 0x6f, 0xfe, 0x8f, 0xee, 0x0e, 0xcd, 0x09,
  0xd5, 0x6c, 0xdd, 0x6c, 0xd5, 0xad, 0xdd, 0x8c, 0xdd, 0xcd, 0xe5, 0xed,
  0xe6, 0x0e, 0xee, 0x0f, 0xee, 0x50, 0xee, 0x2f, 0xee, 0x4f, 0xee, 0x2f,
  0xe6, 0x2f, 0xee, 0x2f, 0xee, 0x70, 0xee, 0x2e, 0xee, 0x4f, 0xf6, 0x4f,
  0xf6, 0x91, 0xfe, 0x70, 0xf6, 0x70, 0xfe, 0x90, 0xf6, 0xb1, 0xfe, 0xb1,
  0xf6, 0x91, 0xfe, 0xb1, 0xfe, 0xd2, 0xfe, 0xb1, 0xf6, 0xd1, 0xfe, 0xb0,
  0xf6, 0xd1, 0xfe, 0xd1, 0xee, 0x91, 0xfe, 0xd2, 0xf6, 0xb1, 0xf6, 0x90,
  0xf6, 0xd2, 0xfe, 0xd1, 0xfe, 0xf3, 0xfe, 0xf3, 0xf6, 0xd3, 0xfe, 0xd3,
  0xf6, 0xf3, 0xfe, 0xf2, 0xf6, 0xf3, 0xf6, 0xb2, 0xfe, 0xd1, 0xfe, 0x90,
  0xf6, 0x91, 0xfe, 0xb1, 0xfe, 0xf3, 0xfe, 0xd2, 0xf6, 0xb2, 0xee, 0x30,
  0xc5, 0x0c, 0xbc, 0x8a, 0xb4, 0xaa, 0xb4, 0xaa, 0x9c, 0x08, 0x83, 0x25,
  0x8b, 0x88, 0x8b, 0x88, 0x6a, 0xa5, 0x9b, 0xe9, 0xbd, 0x0b, 0xc5, 0x4c,
  0xc5, 0x4a, 0xc5, 0x2a, 0xcd, 0x49, 0xd5, 0x69, 0xcd, 0x6a, 0xd5, 0x69,
  0xd5, 0xac, 0xd5, 0x4a, 0xcd, 0x8b, 0xcd, 0x6a, 0xcd, 0x8b, 0xd5, 0x8b,
  0xcd, 0x8b, 0xcd, 0x6a, 0xc5, 0x49, 0xbc, 0xe7, 0x94, 0x07, 0x83, 0x44,
  0x73, 0x25, 0x8b, 0xa7, 0xbd, 0x2b, 0xcd, 0x6b, 0xc5, 0x4a, 0xc5, 0x29,
  0xcd, 0x6b, 0xd5, 0x6b, 0xb5, 0x09, 0xb4, 0xc8, 0xa4, 0x67, 0xb4, 0xc8,
  0xb4, 0xe9, 0xb4, 0x88, 0xbc, 0xc9, 0xbc, 0x88, 0xbc, 0xc8, 0xcd, 0x09,
  0xc5, 0x4a, 0xa4, 0x05, 0x8b, 0x86, 0xa4, 0x07, 0xbc, 0xe9, 0xcd, 0x4a,
  0xd5, 0x6a, 0xdd, 0x6a, 0xd5, 0x8b, 0xcd, 0x29, 0xcd, 0x29, 0xd5, 0x6a,
  0xbd, 0x0a, 0xac, 0x46, 0x83, 0xa6, 0x73, 0x04, 0x62, 0xe6, 0x52, 0x64,
  0x4a, 0x04, 0x5a, 0x65, 0x62, 0xa6, 0x52, 0x03, 0x41, 0xe4, 0x41, 0xc3,
  0x39, 0x84, 0x41, 0xa4, 0x62, 0x25, 0x6a, 0x05, 0x62, 0x04, 0x51, 0x82,
  0x31, 0x64, 0x39, 0x63, 0x5a, 0x46, 0x8b, 0x6a, 0xbc, 0x09, 0xc4, 0x29,
  0xc4, 0x69, 0xc4, 0x69, 0xbc, 0x69, 0xbc, 0x48, 0xbc, 0x89, 0xc4, 0x48,
  0xbc, 0x49, 0xc4, 0x48, 0xb4, 0x29, 0xa3, 0x66, 0x8b, 0x07, 0x69, 0xe2,
  0x52, 0x04, 0x5a, 0x24, 0x52, 0x45, 0x52, 0x24, 0x4a, 0x45, 0x52, 0x44,
  0x4a, 0x25, 0x4a, 0x04, 0x4a, 0x25, 0x52, 0x25, 0x52, 0x65, 0x52, 0x44,
  0x42, 0x04, 0x41, 0xc3, 0x39, 0xa4, 0x41, 0xe5, 0x4a, 0x25, 0x4a, 0x25,
  0xde, 0x0f, 0xde, 0x10, 0xde, 0x0f, 0xde, 0x30, 0xe6, 0x0f, 0xde, 0x2f,
  0xe6, 0x0e, 0xde, 0x0e, 0xdd, 0xee, 0xd5, 0xee, 0xdd, 0xce, 0xd5, 0xae,
  0xc4, 0xcb, 0xb4, 0x8a, 0xac, 0x28, 0xa4, 0x08, 0xab, 0xe8, 0xcd, 0x2d,
  0xe5, 0x6d, 0xd5, 0x2c, 0xd4, 0xeb, 0xd5, 0x2c, 0xd5, 0x0c, 0xd5, 0x2d,
  0xd5, 0x4e, 0xd5, 0x6f, 0xdd, 0x6d, 0xdd, 0x8e, 0xdd, 0x4c, 0xdd, 0x6c,
  0xe5, 0x6c, 0xdd, 0x4c, 0xdd, 0x8d, 0xcd, 0x2c, 0xc4, 0x89, 0xbc, 0x48,
  0xb3, 0xe7, 0xa3, 0x86, 0xa3, 0x47, 0x7a, 0x63, 0x59, 0x84, 0x51, 0x84,
  0x51, 0x82, 0x6a, 0x86, 0xc4, 0xcc, 0xdd, 0xb0, 0xed, 0x6d, 0xdc, 0xeb,
  0xdc, 0xaa, 0xf5, 0x8d, 0xf6, 0x0e, 0xed, 0xee, 0xcd, 0x0a, 0xdd, 0x8d,
  0xe5, 0xae, 0xdd, 0xae, 0xe5, 0xac, 0xe5, 0xed, 0xed, 0xec, 0xee, 0x0d,
  0xf6, 0x2e, 0xf6, 0x2e, 0xf6, 0x2d, 0xf6, 0x4e, 0xf6, 0x2d, 0xf6, 0x4e,
  0xfe, 0x4d, 0xf6, 0x6e, 0xfe, 0x6e, 0xf6, 0x6e, 0xf6, 0x0d, 0xcd, 0x2a,
  0xd5, 0x4b, 0xdd, 0xcd, 0xdd, 0xac, 0xdd, 0xad, 0xe5, 0xcc, 0xe5, 0xed,
  0xed, 0xed, 0xee, 0x2e, 0xee, 0x0e, 0xee, 0x2f, 0xf6, 0x4f, 0xee, 0x2f,
  0xf6, 0x4f, 0xee, 0x4f, 0xee, 0x2e, 0xee, 0x2f, 0xee, 0x2e, 0xee, 0x4e,
  0xf6, 0x6f, 0xf6, 0x90, 0xfe, 0x6f, 0xf6, 0x8f, 0xfe, 0x90, 0xfe, 0xb1,
  0xfe, 0x70, 0xfe, 0xb1, 0xfe, 0x90, 0xfe, 0xb1, 0xfe, 0xb0, 0xfe, 0xd1,
  0xfe, 0xb0, 0xf6, 0xb0, 0xfe, 0xb0, 0xf6, 0xb0, 0xfe, 0xb0, 0xfe, 0xd1,
  0xfe, 0xd1, 0xfe, 0xf2, 0xfe, 0xd2, 0xfe, 0xf3, 0xfe, 0xd2, 0xfe, 0xf3,
  0xfe, 0xf2, 0xfe, 0xf2, 0xfe, 0xf2, 0xf6, 0xd2, 0xfe, 0x8f, 0xf6, 0x8f,
  0xfe, 0x8f, 0xf6, 0x8f, 0xfe, 0xaf, 0xfe, 0xd0, 0xfe, 0xd1, 0xfe, 0xf2,
  0xfe, 0xb1, 0xdd, 0xce, 0xbc, 0xca, 0xac, 0x89, 0x9b, 0xc7, 0x7b, 0x04,
  0x83, 0x25, 0x7b, 0x05, 0x7a, 0xc5, 0x93, 0xe9, 0xc5, 0x0b, 0xc5, 0x4c,
  0xc5, 0x2a, 0xcd, 0x6b, 0xd5, 0x8a, 0xcd, 0x8a, 0xd5, 0x6a, 0xd5, 0x8a,
  0xd5, 0x49, 0xcd, 0x4a, 0xd5, 0x6a, 0xd5, 0x8a, 0xcd, 0x4a, 0xd5, 0x8b,
  0xd5, 0x6a, 0xcd, 0x6a, 0xc5, 0x28, 0xbd, 0x08, 0x93, 0xe6, 0x83, 0x85,
  0x7b, 0x25, 0x93, 0xe8, 0xc5, 0x2a, 0xc5, 0x6b, 0xcd, 0x49, 0xc5, 0x4a,
  0xcd, 0x6a, 0xc5, 0x4a, 0xac, 0xa8, 0xac, 0xa8, 0xa4, 0x67, 0xac, 0xc9,
  0xb4, 0xc8, 0xb4, 0xe9, 0xbc, 0x88, 0xb4, 0x88, 0xc4, 0xa8, 0xc5, 0x09,
  0xcd, 0x2a, 0x9c, 0x05, 0x93, 0x85, 0x9b, 0xe7, 0xbc, 0xa8, 0xcd, 0x2a,
  0xd5, 0x49, 0xd5, 0x6a, 0xd5, 0x6a, 0xcd, 0x49, 0xd5, 0x49, 0xcd, 0x4a,
  0xc4, 0xe9, 0xac, 0x67, 0x93, 0xe7, 0x7b, 0x65, 0x6b, 0x05, 0x52, 0xa4,
  0x52, 0x24, 0x5a, 0xa6, 0x62, 0xa5, 0x49, 0xe3, 0x49, 0xe4, 0x41, 0xc4,
  0x41, 0x83, 0x49, 0xe5, 0x72, 0x25, 0x72, 0x66, 0x51, 0xa3, 0x41, 0x82,
  0x39, 0x83, 0x31, 0x84, 0x29, 0x43, 0x31, 0x84, 0x62, 0x04, 0x83, 0x29,
  0xab, 0xa8, 0xa3, 0xa9, 0xa3, 0xa7, 0xb4, 0x4a, 0xa3, 0x87, 0x93, 0x46,
  0x93, 0x27, 0x82, 0xa5, 0x72, 0x24, 0x59, 0xa2, 0x49, 0x62, 0x49, 0x83,
  0x49, 0xc4, 0x4a, 0x05, 0x52, 0x24, 0x52, 0x65, 0x52, 0x44, 0x4a, 0x24,
  0x4a, 0x24, 0x42, 0x44, 0x4a, 0x24, 0x4a, 0x45, 0x52, 0x44, 0x52, 0x65,
  0x49, 0xe3, 0x41, 0xc3, 0x41, 0xc4, 0x41, 0xc5, 0x4a, 0x25, 0x52, 0x66,
  0xde, 0x10, 0xd5, 0xef, 0xde, 0x30, 0xde, 0x10, 0xde, 0x0f, 0xdd, 0xee,
  0xd6, 0x0f, 0xdd, 0xee, 0xd5, 0xef, 0xdd, 0xee, 0xde, 0x0f, 0xcd, 0x8d,
  0xb4, 0x8a, 0xb4, 0x6a, 0xa4, 0x08, 0xa3, 0xe8, 0xb4, 0x6a, 0xc4, 0xeb,
  0xd5, 0x4d, 0xdd, 0x4d, 0xd5, 0x2c, 0xdd, 0x2c, 0xd5, 0x0c, 0xd5, 0x0c,
  0xcd, 0x2e, 0xdd, 0x6f, 0xdd, 0x8f, 0xdd, 0x4e, 0xd5, 0x0c, 0xdd, 0x2c,
  0xdd, 0x6d, 0xdd, 0x4c, 0xd5, 0x4d, 0xdd, 0x4d, 0xcd, 0x0c, 0xc4, 0x89,
  0xb4, 0x08, 0xab, 0xc7, 0x93, 0x07, 0x71, 0xe2, 0x49, 0x84, 0x51, 0x84,
  0x51, 0xa3, 0x61, 0xe4, 0x93, 0x28, 0xd5, 0x2f, 0xe5, 0x8e, 0xe5, 0x4d,
  0xd4, 0xcc, 0xf5, 0xaf, 0xee, 0x31, 0xf6, 0x51, 0xe5, 0xce, 0xd5, 0x4c,
  0xe5, 0xee, 0xe5, 0xad, 0xdd, 0xcd, 0xe5, 0xee, 0xe5, 0xcd, 0xe5, 0xac,
  0xed, 0xee, 0xf6, 0x0e, 0xee, 0x0e, 0xee, 0x0e, 0xee, 0x2e, 0xf6, 0x2e,
  0xf6, 0x2d, 0xf6, 0x2d, 0xf6, 0x6f, 0xfe, 0x6f, 0xee, 0x0e, 0xd5, 0x2a,
  0xd5, 0x6c, 0xe5, 0x8d, 0xdd, 0xcd, 0xdd, 0xac, 0xdd, 0xed, 0xee, 0x0e,
  0xe6, 0x0e, 0xee, 0x0e, 0xe6, 0x0d, 0xee, 0x0d, 0xee, 0x4f, 0xee, 0x0e,
  0xee, 0x4f, 0xee, 0x2f, 0xee, 0x6f, 0xee, 0x2e, 0xee, 0x6e, 0xf6, 0x4e,
  0xf6, 0x6f, 0xf6, 0x4e, 0xee, 0x4e, 0xf6, 0x4e, 0xf6, 0x70, 0xf6, 0x6f,
  0xf6, 0xb1, 0xfe, 0x90, 0xf6, 0x91, 0xfe, 0x90, 0xf6, 0x70, 0xfe, 0x90,
  0xf6, 0x91, 0xfe, 0x90, 0xf6, 0xb1, 0xfe, 0x90, 0xf6, 0xb1, 0xf6, 0xb1,
  0xf6, 0xf3, 0xfe, 0xf3, 0xfe, 0xf3, 0xfe, 0xd2, 0xf6, 0xd2, 0xfe, 0xd2,
  0xf6, 0xf3, 0xfe, 0xd2, 0xfe, 0xd2, 0xfe, 0xd2, 0xfe, 0xd1, 0xf6, 0x90,
  0xf6, 0xb0, 0xfe, 0x8f, 0xf6, 0x8f, 0xfe, 0x6e, 0xf6, 0xb0, 0xfe, 0xb0,
  0xfe, 0xd1, 0xfe, 0xd1, 0xf6, 0xb1, 0xdd, 0xad, 0xbc, 0xeb, 0xa3, 0xe7,
  0x8b, 0x66, 0x83, 0x04, 0x83, 0x66, 0xb4, 0x8a, 0xbd, 0x0b, 0xcd, 0x8d,
  0xc5, 0x6c, 0xcd, 0x6b, 0xcd, 0xac, 0xd5, 0xab, 0xd5, 0xac, 0xdd, 0x8b,
  0xcd, 0x4a, 0xcd, 0x49, 0xcd, 0x4a, 0xd5, 0x6a, 0xcd, 0x4b, 0xd5, 0x8b,
  0xcd, 0x6b, 0xcd, 0x4a, 0xc5, 0x2a, 0xbc, 0xe8, 0x94, 0x08, 0x83, 0x44,
  0x73, 0x25, 0x93, 0xe8, 0xbd, 0x2b, 0xc5, 0x2a, 0xc5, 0x4a, 0xc5, 0x29,
  0xc5, 0x4a, 0xbc, 0xe8, 0xa4, 0xa8, 0xa4, 0x67, 0xa4, 0x88, 0xac, 0xa8,
  0xb4, 0xc9, 0xbc, 0xc8, 0xbc, 0xc9, 0xb4, 0x68, 0xbc, 0xc8, 0xcc, 0xe9,
  0xc5, 0x4a, 0xa3, 0xe5, 0x8b, 0x66, 0x9b, 0xe7, 0xb4, 0xa8, 0xcd, 0x0a,
  0xd5, 0x69, 0xdd, 0x69, 0xcd, 0x4a, 0xcd, 0x4a, 0xcd, 0x4b, 0xcd, 0x09,
  0xb4, 0xa8, 0xac, 0x47, 0x8b, 0xe7, 0x83, 0x85, 0x5a, 0xc5, 0x52, 0x43,
  0x42, 0x24, 0x5a, 0x86, 0x5a, 0xa6, 0x49, 0xe2, 0x41, 0xc4, 0x39, 0x83,
  0x41, 0x84, 0x51, 0xe5, 0x7a, 0x45, 0x7a, 0x45, 0x41, 0xa3, 0x41, 0x62,
  0x29, 0x64, 0x31, 0x64, 0x21, 0x84, 0x29, 0x63, 0x31, 0x64, 0x39, 0x64,
  0x49, 0xa4, 0x51, 0xa4, 0x51, 0xe4, 0x51, 0xc3, 0x41, 0x83, 0x41, 0x42,
  0x31, 0x43, 0x31, 0x02, 0x31, 0x23, 0x31, 0x02, 0x31, 0x44, 0x39, 0x44,
  0x41, 0xc5, 0x49, 0xe5, 0x4a, 0x25, 0x52, 0x45, 0x4a, 0x65, 0x4a, 0x24,
  0x42, 0x25, 0x4a, 0x24, 0x42, 0x45, 0x4a, 0x25, 0x4a, 0x65, 0x5a, 0x86,
  0x42, 0x04, 0x41, 0xa3, 0x39, 0xc5, 0x41, 0xc4, 0x4a, 0x45, 0x52, 0x46,
  0xde, 0x0f, 0xd6, 0x0f, 0xdd, 0xee, 0xd6, 0x0e, 0xe6, 0x0e, 0xdd, 0xed,
  0xdd, 0xee, 0xde, 0x0e, 0xdd, 0xee, 0xd5, 0xee, 0xe6, 0x0f, 0xcd, 0x8d,
  0xbc, 0x89, 0xc5, 0x0c, 0xac, 0x08, 0xa4, 0x08, 0xbc, 0x89, 0xc4, 0xeb,
  0xc4, 0xaa, 0xd5, 0x6d, 0xdd, 0x2c, 0xd5, 0x0c, 0xd4, 0xeb, 0xd5, 0x0c,
  0xd5, 0x2d, 0xdd, 0x8f, 0xe5, 0x8f, 0xd5, 0x6e, 0xdd, 0x4c, 0xd5, 0x4d,
  0xdd, 0x2c, 0xdd, 0x4c, 0xdd, 0x4c, 0xdd, 0x6d, 0xdd, 0x4c, 0xcd, 0x2c,
  0xc4, 0x69, 0xab, 0xe7, 0xa3, 0x27, 0x72, 0x02, 0x51, 0x83, 0x59, 0xc4,
  0x62, 0x24, 0x62, 0x45, 0x7a, 0x44, 0x9b, 0x89, 0xd4, 0xcb, 0xed, 0xaf,
  0xdd, 0x2d, 0xee, 0x10, 0xee, 0x71, 0xe6, 0x71, 0xfe, 0x50, 0xe5, 0xce,
  0xdd, 0x6b, 0xdd, 0xac, 0xe5, 0xac, 0xe5, 0xed, 0xed, 0xac, 0xed, 0xed,
  0xf5, 0xed, 0xee, 0x0d, 0xf6, 0x2e, 0xf6, 0x2e, 0xfe, 0x4e, 0xf6, 0x4e,
  0xf6, 0x0d, 0xf6, 0x4e, 0xf6, 0x4e, 0xf6, 0x6f, 0xed, 0xcc, 0xdd, 0x6b,
  0xe5, 0x8c, 0xe5, 0xad, 0xe5, 0xac, 0xe5, 0xcd, 0xe5, 0xcc, 0xe6, 0x0d,
  0xee, 0x0d, 0xee, 0x0d, 0xed, 0xec, 0xe6, 0x0d, 0xee, 0x0d, 0xe6, 0x0e,
  0xee, 0x2e, 0xee, 0x4f, 0xf6, 0x2e, 0xf6, 0x6f, 0xf6, 0x4e, 0xee, 0x2d,
  0xfe, 0x6e, 0xf6, 0x6e, 0xf6, 0x2d, 0xfe, 0x8f, 0xfe, 0x6e, 0xf6, 0x8f,
  0xfe, 0x6f, 0xfe, 0x8f, 0xfe, 0x6f, 0xf6, 0x90, 0xfe, 0xaf, 0xf6, 0x8f,
  0xfe, 0x90, 0xfe, 0xb0, 0xfe, 0xb0, 0xfe, 0xb1, 0xfe, 0xb1, 0xf6, 0xb1,
  0xfe, 0xd2, 0xfe, 0xd2, 0xfe, 0xf2, 0xfe, 0xf2, 0xfe, 0xd1, 0xfe, 0xd2,
  0xfe, 0xd1, 0xfe, 0xf2, 0xfe, 0xd1, 0xf6, 0xd2, 0xfe, 0xb1, 0xfe, 0xf2,
  0xfe, 0xb0, 0xfe, 0xb0, 0xfe, 0x8f, 0xfe, 0x8f, 0xfe, 0x6e, 0xf6, 0x6e,
  0xfe, 0x8f, 0xfe, 0xd0, 0xfe, 0xb0, 0xfe, 0xd0, 0xfe, 0x6f, 0xe6, 0x0d,
  0xd5, 0x4a, 0xb4, 0xa8, 0xb4, 0x28, 0xb4, 0x89, 0xc4, 0xca, 0xd5, 0x8d,
  0xd5, 0x8c, 0xc5, 0x4b, 0xd5, 0x8b, 0xde, 0x0d, 0xdd, 0xac, 0xcd, 0x6b,
  0xcd, 0x29, 0xd5, 0x8a, 0xd5, 0x6a, 0xd5, 0x6a, 0xd5, 0x6b, 0xd5, 0xac,
  0xd5, 0x8b, 0xcd, 0x8b, 0xc5, 0x29, 0xbc, 0xe8, 0x93, 0xe7, 0x7b, 0x65,
  0x83, 0x25, 0x94, 0x09, 0xc5, 0x0a, 0xbd, 0x2a, 0xc5, 0x29, 0xc5, 0x49,
  0xcd, 0x4a, 0xb4, 0xc8, 0xac, 0x87, 0xa4, 0x87, 0xa4, 0x46, 0xac, 0xa8,
  0xc5, 0x09, 0xbd, 0x09, 0xbc, 0xc9, 0xb4, 0x88, 0xbc, 0x87, 0xc5, 0x09,
  0xcd, 0x49, 0xa4, 0x45, 0x93, 0x85, 0x93, 0xc6, 0xac, 0x47, 0xc5, 0x2a,
  0xd5, 0x49, 0xd5, 0x49, 0xd5, 0x69, 0xcd, 0x49, 0xd5, 0x4a, 0xc5, 0x29,
  0xc4, 0xe8, 0xac, 0x46, 0x8b, 0x85, 0x7b, 0x45, 0x62, 0x84, 0x4a, 0x23,
  0x4a, 0x04, 0x5a, 0xa6, 0x5a, 0x44, 0x41, 0xe3, 0x41, 0xa3, 0x39, 0xa4,
  0x59, 0xc4, 0x62, 0x26, 0x82, 0x44, 0x7a, 0x24, 0x49, 0x82, 0x39, 0x42,
  0x29, 0x43, 0x31, 0x85, 0x31, 0x84, 0x39, 0xc5, 0x39, 0x84, 0x31, 0x64,
  0x31, 0x43, 0x29, 0x44, 0x31, 0x43, 0x29, 0x43, 0x31, 0x23, 0x31, 0x44,
  0x31, 0x43, 0x29, 0x44, 0x29, 0x43, 0x29, 0x44, 0x31, 0x23, 0x31, 0x44,
  0x41, 0x83, 0x41, 0xe5, 0x4a, 0x24, 0x4a, 0x45, 0x52, 0x44, 0x4a, 0x44,
  0x4a, 0x24, 0x42, 0x44, 0x4a, 0x45, 0x42, 0x45, 0x52, 0x44, 0x5a, 0xc6,
  0x52, 0x65, 0x41, 0xe3, 0x41, 0xa3, 0x41, 0xe4, 0x4a, 0x24, 0x52, 0x65,
  0xd5, 0xee, 0xd5, 0xee, 0xd5, 0xee, 0xdd, 0xee, 0xde, 0x0e, 0xdd, 0xcd,
  0xdd, 0xee, 0xdd, 0xcd, 0xd5, 0xef, 0xde, 0x0f, 0xe6, 0x0f, 0xc5, 0x0b,
  0xb4, 0x6a, 0xc4, 0xab, 0xac, 0x29, 0xac, 0x08, 0xbc, 0xca, 0xc4, 0xaa,
  0xac, 0x28, 0xcc, 0xeb, 0xd5, 0x2d, 0xd4, 0xeb, 0xd5, 0x0d, 0xd4, 0xcc,
  0xcd, 0x0d, 0xdd, 0x4e, 0xd5, 0xaf, 0xd5, 0x6e, 0xd5, 0x4d, 0xd5, 0x2d,
  0xd5, 0x2d, 0xdd, 0x2d, 0xcd, 0x0c, 0xdd, 0x4c, 0xdd, 0x8e, 0xd5, 0x2c,
  0xcc, 0xcb, 0xab, 0xc7, 0x9b, 0x26, 0x82, 0x43, 0x59, 0xe4, 0x59, 0xa3,
  0x51, 0xe4, 0x62, 0x05, 0x6a, 0x45, 0x72, 0x66, 0xa3, 0x27, 0xd4, 0x8c,
  0xe5, 0xb0, 0xe5, 0x8f, 0xee, 0x72, 0xee, 0x11, 0xee, 0x0f, 0xed, 0xae,
  0xd5, 0x0b, 0xe5, 0x6c, 0xdd, 0x8c, 0xe5, 0xac, 0xe5, 0xcc, 0xe5, 0xac,
  0xee, 0x0e, 0xf6, 0x2e, 0xee, 0x2e, 0xf6, 0x4e, 0xf6, 0x6f, 0xf6, 0x4e,
  0xf6, 0x4e, 0xfe, 0x6f, 0xf6, 0x6f, 0xfe, 0x6f, 0xe5, 0xcd, 0xd5, 0x2a,
  0xdd, 0x8d, 0xed, 0xad, 0xe5, 0xad, 0xe5, 0xac, 0xe5, 0xcd, 0xed, 0xcd,
  0xe5, 0xed, 0xed, 0xed, 0xe5, 0xee, 0xed, 0xed, 0xe6, 0x2f, 0xee, 0x2f,
  0xe6, 0x2f, 0xee, 0x4f, 0xee, 0x2f, 0xf6, 0x2f, 0xee, 0x0e, 0xf6, 0x2e,
  0xf6, 0x6f, 0xf6, 0x2e, 0xee, 0x0d, 0xf6, 0x2d, 0xf6, 0x4f, 0xf6, 0x4e,
  0xf6, 0x4e, 0xfe, 0x4e, 0xf6, 0x4f, 0xf6, 0x4f, 0xf6, 0x6f, 0xfe, 0x6e,
  0xf6, 0x8f, 0xfe, 0x8f, 0xf6, 0xb0, 0xf6, 0x6f, 0xf6, 0xb1, 0xf6, 0x90,
  0xf6, 0xb1, 0xfe, 0xb0, 0xfe, 0xd2, 0xfe, 0xb1, 0xfe, 0xd2, 0xfe, 0xd2,
  0xfe, 0xd2, 0xfe, 0xb1, 0xfe, 0xd2, 0xfe, 0xb2, 0xf6, 0x91, 0xfe, 0x90,
  0xfe, 0x90, 0xfe, 0x90, 0xf6, 0x6f, 0xfe, 0x8f, 0xf6, 0x90, 0xf6, 0x4e,
  0xf6, 0x4e, 0xfe, 0x6e, 0xf6, 0x91, 0xfe, 0x90, 0xf6, 0xb1, 0xfe, 0x90,
  0xee, 0x4f, 0xe5, 0xed, 0xdd, 0xad, 0xbc, 0xa9, 0xa3, 0xe8, 0xbc, 0x8a,
  0xc5, 0x2b, 0xcd, 0x4b, 0xcd, 0x6b, 0xd5, 0xac, 0xd5, 0xac, 0xcd, 0x4b,
  0xcd, 0x6a, 0xd5, 0x4a, 0xd5, 0x8b, 0xcd, 0x2a, 0xd5, 0x8b, 0xd5, 0x6b,
  0xcd, 0x6b, 0xd5, 0x4b, 0xc5, 0x2a, 0xbc, 0xc8, 0x8b, 0xa7, 0x8b, 0x65,
  0x7b, 0x46, 0x93, 0xc8, 0xb4, 0xea, 0xbd, 0x0a, 0xbd, 0x09, 0xc4, 0xe9,
  0xbd, 0x2a, 0xbc, 0xc9, 0xa4, 0x68, 0xac, 0x68, 0xa4, 0x88, 0xb4, 0xc9,
  0xb4, 0xe9, 0xb4, 0xc8, 0xb4, 0xea, 0xb4, 0xa8, 0xb4, 0xc8, 0xc5, 0x09,
  0xc5, 0x4a, 0xac, 0x46, 0x8b, 0x86, 0x93, 0xa6, 0xa4, 0x28, 0xc5, 0x0b,
  0xcd, 0x49, 0xd5, 0x69, 0xcd, 0x6a, 0xcd, 0x29, 0xcd, 0x6a, 0xc5, 0x09,
  0xb4, 0xc8, 0xa4, 0x05, 0x7b, 0x66, 0x73, 0x25, 0x5a, 0x65, 0x49, 0xe3,
  0x4a, 0x04, 0x62, 0x86, 0x5a, 0x86, 0x49, 0xc3, 0x39, 0xa4, 0x39, 0x63,
  0x59, 0xc4, 0x72, 0x46, 0x82, 0xa6, 0x71, 0xe3, 0x39, 0x83, 0x39, 0x42,
  0x21, 0x64, 0x39, 0xc6, 0x31, 0xa5, 0x31, 0x84, 0x29, 0x64, 0x31, 0x43,
  0x31, 0x64, 0x31, 0x43, 0x29, 0x44, 0x31, 0x23, 0x29, 0x44, 0x31, 0x43,
  0x29, 0x43, 0x29, 0x23, 0x29, 0x44, 0x29, 0x23, 0x29, 0x43, 0x31, 0x43,
  0x39, 0x84, 0x41, 0xa5, 0x4a, 0x05, 0x4a, 0x04, 0x4a, 0x45, 0x4a, 0x24,
  0x42, 0x25, 0x42, 0x24, 0x4a, 0x65, 0x42, 0x24, 0x4a, 0x45, 0x52, 0x65,
  0x4a, 0x45, 0x41, 0xa2, 0x31, 0xa4, 0x41, 0xa4, 0x4a, 0x25, 0x52, 0x66,
  0xdd, 0xee, 0xd6, 0x0f, 0xde, 0x0e, 0xd5, 0xee, 0xdd, 0xee, 0xd5, 0xee,
  0xdd, 0xed, 0xd5, 0xcd, 0xdd, 0xce, 0xd5, 0xee, 0xe6, 0x0e, 0xc5, 0x0b,
  0xc4, 0xca, 0xbc, 0xcb, 0xb4, 0x48, 0xb4, 0x69, 0xc4, 0xa9, 0xc4, 0xeb,
  0xab, 0xe7, 0xb4, 0x49, 0xcc, 0xeb, 0xcd, 0x0c, 0xd4, 0xcb, 0xd5, 0x0c,
  0xd4, 0xcc, 0xd5, 0x2d, 0xe5, 0xaf, 0xdd, 0xaf, 0xd5, 0x0c, 0xd5, 0x4d,
  0xdd, 0x2c, 0xdd, 0x6d, 0xcc, 0xaa, 0xdd, 0x4c, 0xdd, 0x6d, 0xd5, 0x4d,
  0xd5, 0x2c, 0xb4, 0x49, 0xa3, 0x46, 0x8a, 0xa4, 0x62, 0x04, 0x62, 0x04,
  0x62, 0x04, 0x51, 0xe4, 0x6a, 0x24, 0x62, 0x24, 0x71, 0xe3, 0x8a, 0xc7,
  0xc4, 0x0a, 0xd4, 0xee, 0xe5, 0x0d, 0xdd, 0x2d, 0xed, 0x0b, 0xe5, 0x0b,
  0xd4, 0xa9, 0xed, 0x8c, 0xe5, 0xac, 0xdd, 0xac, 0xed, 0xac, 0xe5, 0xcc,
  0xf5, 0xed, 0xf6, 0x2e, 0xf6, 0x0d, 0xf6, 0x4e, 0xfe, 0x6f, 0xf6, 0x6f,
  0xf6, 0x4e, 0xf6, 0x6f, 0xfe, 0x4f, 0xfe, 0x6f, 0xed, 0xcc, 0xd5, 0x2b,
  0xe5, 0x6c, 0xe5, 0x8d, 0xe5, 0xac, 0xdd, 0xac, 0xed, 0xcc, 0xe5, 0xcd,
  0xed, 0xcc, 0xee, 0x0e, 0xed, 0xed, 0xee, 0x0e, 0xee, 0x0e, 0xee, 0x4f,
  0xee, 0x2e, 0xe6, 0x2e, 0xee, 0x2e, 0xee, 0x2f, 0xee, 0x2e, 0xee, 0x4f,
  0xf6, 0x4e, 0xee, 0x4e, 0xf6, 0x0d, 0xf6, 0x4e, 0xf6, 0x2e, 0xf6, 0x6f,
  0xfe, 0x4e, 0xf6, 0x4e, 0xf6, 0x4e, 0xf6, 0x6f, 0xfe, 0x4e, 0xf6, 0x4e,
  0xf6, 0x4e, 0xf6, 0x8f, 0xfe, 0x8e, 0xf6, 0xaf, 0xfe, 0x8f, 0xf6, 0x8f,
  0xfe, 0xaf, 0xfe, 0xd0, 0xfe, 0xb0, 0xfe, 0xd1, 0xfe, 0xb0, 0xfe, 0xd1,
  0xfe, 0xb1, 0xf6, 0xd1, 0xfe, 0xd1, 0xf6, 0xd1, 0xfe, 0xd0, 0xfe, 0xb0,
  0xfe, 0x6f, 0xfe, 0x90, 0xf6, 0x0e, 0xf6, 0x2f, 0xfe, 0x70, 0xfe, 0x70,
  0xfe, 0x6e, 0xee, 0x4d, 0xf6, 0x6f, 0xf6, 0x90, 0xfe, 0x90, 0xfe, 0xb0,
  0xfe, 0x90, 0xf6, 0x70, 0xf6, 0x90, 0xf6, 0xb1, 0xf6, 0x50, 0xe5, 0xef,
  0xcd, 0x2b, 0xbc, 0xca, 0xcd, 0x0a, 0xcd, 0x4b, 0xd5, 0x49, 0xd5, 0x6a,
  0xd5, 0x49, 0xd5, 0x4a, 0xd5, 0x6a, 0xd5, 0x6a, 0xd5, 0x6a, 0xd5, 0x8b,
  0xd5, 0x6a, 0xd5, 0x6b, 0xcd, 0x49, 0xbc, 0xe8, 0x93, 0xa6, 0x83, 0x65,
  0x7b, 0x25, 0x8b, 0xc8, 0xb4, 0xc8, 0xbd, 0x2a, 0xc5, 0x08, 0xbd, 0x09,
  0xc5, 0x2a, 0xb4, 0xa8, 0xa4, 0x06, 0xa4, 0x47, 0xa4, 0x46, 0xb4, 0xa8,
  0xb4, 0xa7, 0xb4, 0xc8, 0xbd, 0x09, 0xb4, 0xe8, 0xb4, 0x86, 0xc5, 0x29,
  0xcd, 0x49, 0xac, 0x66, 0x8b, 0x85, 0x8b, 0xa6, 0x9c, 0x06, 0xb4, 0xca,
  0xd5, 0x48, 0xcd, 0x49, 0xcd, 0x29, 0xcd, 0x29, 0xcd, 0x29, 0xc5, 0x29,
  0xbc, 0xa8, 0x9b, 0xe5, 0x7b, 0x46, 0x62, 0xc4, 0x52, 0x24, 0x4a, 0x04,
  0x5a, 0x44, 0x62, 0xa6, 0x5a, 0x44, 0x49, 0xe3, 0x41, 0xa3, 0x39, 0xa4,
  0x7a, 0x45, 0x7a, 0x87, 0x7a, 0x65, 0x59, 0x81, 0x39, 0x83, 0x39, 0x84,
  0x29, 0x84, 0x29, 0xa5, 0x31, 0x84, 0x29, 0x63, 0x31, 0x43, 0x29, 0x64,
  0x31, 0x43, 0x31, 0x64, 0x31, 0x43, 0x31, 0x64, 0x31, 0x43, 0x29, 0x43,
  0x29, 0x23, 0x29, 0x43, 0x31, 0x43, 0x29, 0x43, 0x31, 0x43, 0x29, 0x64,
  0x39, 0x83, 0x41, 0xe5, 0x49, 0xe4, 0x4a, 0x05, 0x4a, 0x24, 0x4a, 0x45,
  0x4a, 0x24, 0x42, 0x45, 0x4a, 0x24, 0x42, 0x25, 0x52, 0x44, 0x52, 0x65,
  0x52, 0x44, 0x41, 0xe3, 0x39, 0xa3, 0x39, 0xa4, 0x4a, 0x05, 0x4a, 0x46,
  0xd6, 0x0f, 0xd6, 0x0f, 0xd6, 0x0f, 0xde, 0x0f, 0xd6, 0x0f, 0xdd, 0xee,
  0xdd, 0xee, 0xdd, 0xce, 0xd5, 0xce, 0xdd, 0xee, 0xdd, 0xef, 0xcd, 0x4c,
  0xbd, 0x0c, 0xac, 0x49, 0xac, 0x69, 0xbc, 0x8a, 0xbc, 0xca, 0xc4, 0xca,
  0xac, 0x08, 0xa3, 0xa6, 0xbc, 0x8a, 0xd5, 0x0c, 0xcc, 0xcc, 0xdd, 0x0d,
  0xcc, 0xed, 0xd4, 0xed, 0xdd, 0x6f, 0xdd, 0x6e, 0xd5, 0x0d, 0xd5, 0x0c,
  0xd5, 0x0c, 0xdd, 0x2d, 0xcc, 0xcb, 0xcc, 0xcb, 0xcd, 0x4d, 0xd5, 0x2c,
  0xcd, 0x0c, 0xb4, 0x48, 0xa3, 0x87, 0x82, 0x83, 0x62, 0x24, 0x62, 0x04,
  0x5a, 0x05, 0x61, 0xe4, 0x62, 0x45, 0x6a, 0x45, 0x62, 0x05, 0x6a, 0x05,
  0x8a, 0x65, 0xa3, 0x07, 0xb3, 0x67, 0xc3, 0xa8, 0xdc, 0xaa, 0xdc, 0x89,
  0xbc, 0x07, 0xe5, 0x2b, 0xe5, 0xcd, 0xdd, 0x6b, 0xe5, 0xad, 0xed, 0xcd,
  0xed, 0xce, 0xf5, 0xce, 0xee, 0x0e, 0xfe, 0x4f, 0xee, 0x50, 0xf6, 0x4f,
  0xf6, 0x4f, 0xf6, 0x4e, 0xf6, 0x4f, 0xfe, 0x6f, 0xe5, 0xad, 0xdd, 0x2b,
  0xdd, 0x6c, 0xe5, 0x6c, 0xdd, 0xad, 0xe5, 0x8c, 0xe5, 0xcc, 0xe5, 0xac,
  0xe5, 0xcc, 0xee, 0x0d, 0xe5, 0xed, 0xed, 0xed, 0xe5, 0xee, 0xee, 0x0e,
  0xee, 0x2f, 0xee, 0x0f, 0xee, 0x2f, 0xee, 0x2e, 0xe6, 0x2f, 0xee, 0x0e,
  0xee, 0x4f, 0xf6, 0x2f, 0xee, 0x2f, 0xf6, 0x4f, 0xf6, 0x4f, 0xf6, 0x2f,
  0xf6, 0x2e, 0xfe, 0x4e, 0xf6, 0x6f, 0xf6, 0x2e, 0xf6, 0x6f, 0xf6, 0x4e,
  0xf6, 0x4f, 0xfe, 0x4f, 0xf6, 0x4f, 0xf6, 0x4e, 0xf6, 0x6f, 0xfe, 0x6f,
  0xf6, 0x90, 0xfe, 0xb0, 0xfe, 0xd1, 0xfe, 0x90, 0xf6, 0xb0, 0xfe, 0xb0,
  0xfe, 0xd2, 0xfe, 0xb1, 0xfe, 0xd1, 0xfe, 0xb0, 0xf6, 0xb0, 0xfe, 0x8f,
  0xfe, 0x90, 0xf6, 0x2e, 0xf5, 0xee, 0xfe, 0x2f, 0xf6, 0x30, 0xfe, 0x30,
  0xfe, 0x6f, 0xfe, 0x4e, 0xe5, 0xee, 0xf6, 0x4f, 0xee, 0x4f, 0xf6, 0x4e,
  0xf6, 0x70, 0xf6, 0x4f, 0xee, 0x70, 0xee, 0x2f, 0xf6, 0x71, 0xf6, 0x71,
  0xf6, 0x91, 0xee, 0x0f, 0xcd, 0x2b, 0xc4, 0xea, 0xc5, 0x09, 0xcd, 0x29,
  0xcd, 0x4a, 0xd5, 0x4a, 0xd5, 0x6b, 0xd5, 0x4a, 0xd5, 0x4b, 0xd5, 0x4a,
  0xcd, 0x4a, 0xd5, 0x6a, 0xc5, 0x29, 0xbc, 0xc8, 0x8b, 0xa6, 0x83, 0x44,
  0x7b, 0x25, 0x93, 0xc7, 0xac, 0xc9, 0xbc, 0xe9, 0xbd, 0x29, 0xbc, 0xe8,
  0xb5, 0x0a, 0xac, 0x67, 0x9c, 0x27, 0xa4, 0x27, 0xa4, 0x47, 0xac, 0x67,
  0xb4, 0xc9, 0xb4, 0xc8, 0xbd, 0x09, 0xbd, 0x09, 0xb4, 0xa8, 0xc5, 0x09,
  0xc5, 0x4a, 0xac, 0x25, 0x8b, 0xc6, 0x8b, 0xa6, 0x93, 0xe7, 0xac, 0x68,
  0xc5, 0x29, 0xd5, 0x4a, 0xcd, 0x4a, 0xcd, 0x29, 0xc5, 0x4a, 0xcd, 0x29,
  0xb4, 0xa9, 0x9b, 0xa5, 0x6b, 0x06, 0x62, 0x64, 0x4a, 0x25, 0x4a, 0x04,
  0x52, 0x45, 0x62, 0xa6, 0x52, 0x45, 0x49, 0xc2, 0x39, 0x84, 0x41, 0xa4,
  0x72, 0x46, 0x7a, 0x66, 0x62, 0x04, 0x51, 0x41, 0x31, 0xa5, 0x39, 0x84,
  0x29, 0x85, 0x29, 0x64, 0x29, 0x64, 0x29, 0x44, 0x29, 0x64, 0x29, 0x43,
  0x29, 0x44, 0x31, 0x44, 0x29, 0x44, 0x31, 0x44, 0x29, 0x44, 0x31, 0x23,
  0x29, 0x64, 0x31, 0x43, 0x31, 0x64, 0x31, 0x23, 0x29, 0x44, 0x29, 0x23,
  0x31, 0x64, 0x41, 0xa5, 0x41, 0xe5, 0x49, 0xe4, 0x42, 0x05, 0x4a, 0x25,
  0x42, 0x25, 0x42, 0x24, 0x42, 0x25, 0x42, 0x04, 0x4a, 0x24, 0x52, 0x44,
  0x52, 0x45, 0x49, 0xe3, 0x39, 0xe5, 0x41, 0xc4, 0x42, 0x05, 0x4a, 0x26,
  0xde, 0x0e, 0xd5, 0xee, 0xde, 0x0e, 0xde, 0x0f, 0xdd, 0xed, 0xde, 0x0e,
  0xe5, 0xee, 0xdd, 0xee, 0xdd, 0xee, 0xde, 0x2f, 0xe6, 0x0e, 0xcd, 0x6c,
  0xbc, 0xa9, 0xac, 0x69, 0xbc, 0x69, 0xb4, 0x89, 0xc4, 0xa9, 0xc4, 0xaa,
  0xa3, 0xa6, 0x9b, 0x86, 0xb4, 0x49, 0xc4, 0xcc, 0xd5, 0x0c, 0xcc, 0xec,
  0xd5, 0x2c, 0xcd, 0x0c, 0xd5, 0x2d, 0xd5, 0x2d, 0xdd, 0x0c, 0xcc, 0xec,
  0xd4, 0xcb, 0xd4, 0xcb, 0xcc, 0x89, 0xd4, 0xcb, 0xd5, 0x2b, 0xcd, 0x2c,
  0xcc, 0xca, 0xbc, 0x69, 0xb3, 0xc8, 0x8a, 0xc4, 0x6a, 0x03, 0x62, 0x24,
  0x6a, 0x44, 0x6a, 0x65, 0x7a, 0x85, 0x72, 0x85, 0x7a, 0x85, 0x72, 0xa6,
  0x8a, 0xa6, 0x8a, 0xc6, 0xab, 0x26, 0xbb, 0xea, 0xc3, 0xc6, 0xc4, 0x08,
  0xcc, 0x48, 0xd5, 0x0b, 0xe5, 0x8b, 0xdd, 0x8b, 0xe5, 0xac, 0xe5, 0xcd,
  0xed, 0xcd, 0xed, 0xee, 0xf6, 0x0d, 0xf6, 0x2e, 0xf6, 0x4e, 0xf6, 0x4f,
  0xf6, 0x2e, 0xf6, 0x6f, 0xfe, 0x4e, 0xf6, 0x4f, 0xed, 0xac, 0xdd, 0x6b,
  0xdd, 0x4b, 0xdd, 0x6c, 0xe5, 0x8c, 0xdd, 0x8c, 0xe5, 0xab, 0xe5, 0xcc,
  0xed, 0xcc, 0xed, 0xed, 0xed, 0xcc, 0xed, 0xed, 0xed, 0xee, 0xee, 0x2f,
  0xee, 0x0e, 0xe6, 0x0e, 0xee, 0x2e, 0xee, 0x2e, 0xee, 0x2e, 0xee, 0x2f,
  0xee, 0x2e, 0xee, 0x2f, 0xf6, 0x2e, 0xf6, 0x6f, 0xf6, 0x2f, 0xee, 0x2f,
  0xf6, 0x0d, 0xf6, 0x2e, 0xfe, 0x2e, 0xf6, 0x2e, 0xf6, 0x2e, 0xf6, 0x2e,
  0xfe, 0x4f, 0xf6, 0x70, 0xfe, 0x70, 0xf6, 0x90, 0xfe, 0x6f, 0xf6, 0x70,
  0xfe, 0x6f, 0xfe, 0x8f, 0xfe, 0x8f, 0xfe, 0xb0, 0xfe, 0xaf, 0xfe, 0xb0,
  0xfe, 0xb0, 0xfe, 0xb1, 0xfe, 0x8f, 0xf6, 0xb0, 0xfe, 0x90, 0xfe, 0xb0,
  0xfe, 0x6f, 0xf6, 0x4e, 0xfd, 0xce, 0xfd, 0xce, 0xfd, 0xef, 0xf5, 0x8e,
  0xf5, 0xad, 0xf6, 0x0f, 0xf5, 0xee, 0xd5, 0x4c, 0xed, 0xad, 0xe5, 0xad,
  0xe5, 0x2a, 0xed, 0x8c, 0xfe, 0x2e, 0xed, 0xed, 0xf6, 0x0e, 0xf6, 0x4f,
  0xfe, 0x4f, 0xfe, 0x90, 0xfe, 0x90, 0xee, 0x4f, 0xe5, 0xac, 0xcd, 0x2a,
  0xcd, 0x29, 0xcd, 0x4a, 0xd5, 0x4a, 0xd5, 0x6b, 0xd5, 0x2a, 0xcd, 0x4a,
  0xd5, 0x49, 0xd5, 0x6a, 0xcd, 0x49, 0xb4, 0xc7, 0x93, 0xa5, 0x83, 0x64,
  0x7b, 0x05, 0x8b, 0xc8, 0xbd, 0x0a, 0xb4, 0xea, 0xc5, 0x09, 0xbd, 0x09,
  0xb4, 0xa8, 0xa4, 0x47, 0xa4, 0x26, 0xa4, 0x47, 0xa4, 0x46, 0xac, 0x88,
  0xb4, 0xa7, 0xb4, 0xe9, 0xbd, 0x09, 0xbd, 0x2a, 0xbc, 0xc8, 0xc5, 0x09,
  0xc5, 0x29, 0xa4, 0x25, 0x93, 0xc6, 0x93, 0xc6, 0x93, 0xc6, 0x9c, 0x28,
  0xcd, 0x08, 0xcd, 0x4a, 0xcd, 0x49, 0xcd, 0x49, 0xcd, 0x29, 0xcd, 0x29,
  0xb4, 0x68, 0x93, 0xa5, 0x6a, 0xc5, 0x52, 0x43, 0x52, 0x04, 0x4a, 0x24,
  0x52, 0x24, 0x62, 0xa6, 0x52, 0x24, 0x39, 0xa2, 0x41, 0x63, 0x4a, 0x05,
  0x82, 0x85, 0x72, 0x45, 0x51, 0xc3, 0x41, 0x62, 0x39, 0xc5, 0x3a, 0x06,
  0x31, 0x64, 0x29, 0x44, 0x31, 0x43, 0x31, 0x64, 0x39, 0x64, 0x31, 0x64,
  0x31, 0x43, 0x31, 0x44, 0x31, 0x43, 0x29, 0x43, 0x31, 0x43, 0x29, 0x43,
  0x31, 0x43, 0x29, 0x64, 0x39, 0x63, 0x31, 0x43, 0x31, 0x23, 0x29, 0x44,
  0x31, 0x43, 0x31, 0x84, 0x49, 0xe4, 0x4a, 0x05, 0x4a, 0x24, 0x4a, 0x45,
  0x4a, 0x44, 0x42, 0x45, 0x4a, 0x24, 0x42, 0x24, 0x4a, 0x03, 0x4a, 0x45,
  0x5a, 0x65, 0x4a, 0x04, 0x41, 0xe3, 0x39, 0xe4, 0x41, 0xc4, 0x4a, 0x25,
  0xd6, 0x0f, 0xdd, 0xee, 0xde, 0x0f, 0xde, 0x0e, 0xd5, 0xee, 0xd5, 0xcd,
  0xd5, 0xad, 0xdd, 0xad, 0xde, 0x0f, 0xdd, 0xee, 0xd5, 0xad, 0xc5, 0x2b,
  0xbc, 0xaa, 0xac, 0x08, 0xb4, 0x6a, 0xbc, 0x8a, 0xc4, 0xaa, 0xb4, 0x07,
  0x9b, 0x66, 0xab, 0xc7, 0xa3, 0xc8, 0xac, 0x08, 0xc4, 0xec, 0xc4, 0xab,
  0xcd, 0x2d, 0xd5, 0x2d, 0xcd, 0x0d, 0xd5, 0x0d, 0xd4, 0xec, 0xcc, 0x8a,
  0xcc, 0x6a, 0xd4, 0xab, 0xc4, 0x6a, 0xdc, 0xcb, 0xd5, 0x2c, 0xcc, 0xeb,
  0xc4, 0xcb, 0xbc, 0x28, 0xab, 0xe9, 0x92, 0xc4, 0x6a, 0x45, 0x72, 0x45,
  0x7a, 0xa6, 0x82, 0xe6, 0x7a, 0xc6, 0x82, 0xc6, 0x7a, 0xc5, 0x7a, 0xc5,
  0x7a, 0xc6, 0x82, 0xc6, 0x93, 0x07, 0xb3, 0xea, 0xc4, 0x69, 0xcc, 0x8a,
  0xc4, 0xa9, 0xdd, 0x0b, 0xd5, 0x6b, 0xdd, 0x4a, 0xe5, 0xad, 0xe5, 0xac,
  0xed, 0xee, 0xed, 0xcd, 0xee, 0x0e, 0xf6, 0x0e, 0xf6, 0x2f, 0xf6, 0x0e,
  0xf6, 0x2e, 0xf6, 0x2e, 0xf6, 0x6f, 0xf6, 0x2e, 0xed, 0xcd, 0xd5, 0x0a,
  0xd5, 0x2b, 0xe5, 0x4c, 0xdd, 0x8c, 0xe5, 0x8c, 0xdd, 0x8d, 0xe5, 0xad,
  0xe5, 0xce, 0xe5, 0xac, 0xe5, 0xee, 0xed, 0xcd, 0xe6, 0x0e, 0xed, 0xee,
  0xe6, 0x0f, 0xe5, 0xee, 0xe5, 0xee, 0xf6, 0x2e, 0xee, 0x2f, 0xee, 0x0e,
  0xee, 0x0f, 0xf6, 0x2f, 0xee, 0x4f, 0xf6, 0x4f, 0xee, 0x6f, 0xee, 0x2e,
  0xee, 0x2e, 0xf6, 0x2d, 0xf6, 0x2e, 0xf6, 0x2e, 0xf6, 0x2e, 0xf6, 0x2e,
  0xee, 0x2f, 0xfe, 0x6f, 0xf6, 0x90, 0xf6, 0x6f, 0xf6, 0x90, 0xfe, 0x6f,
  0xf6, 0x4f, 0xfe, 0x6f, 0xf6, 0x70, 0xfe, 0x6f, 0xf6, 0x90, 0xfe, 0x8f,
  0xf6, 0x90, 0xfe, 0xb0, 0xfe, 0xb1, 0xfe, 0x90, 0xf6, 0x91, 0xfe, 0x90,
  0xfe, 0x90, 0xf6, 0x2e, 0xf5, 0x8e, 0xed, 0x2c, 0xed, 0x4d, 0xec, 0xec,
  0xdc, 0xcc, 0xcc, 0x29, 0xbc, 0x29, 0xa3, 0x45, 0xab, 0xc8, 0xc4, 0x6a,
  0xcc, 0x69, 0xe4, 0xeb, 0xed, 0x8d, 0xf5, 0xad, 0xed, 0xad, 0xed, 0xad,
  0xf6, 0x2e, 0xfe, 0x2e, 0xf6, 0x70, 0xfe, 0x90, 0xf6, 0x91, 0xed, 0xee,
  0xcd, 0x4a, 0xcd, 0x4a, 0xd5, 0x6b, 0xd5, 0x6b, 0xcd, 0x4c, 0xcd, 0x2a,
  0xcd, 0x2a, 0xd5, 0x4a, 0xc5, 0x2a, 0xb4, 0x87, 0x8b, 0xa6, 0x83, 0x45,
  0x73, 0x05, 0x93, 0xc8, 0xb5, 0x0b, 0xbd, 0x0b, 0xc5, 0x2a, 0xbc, 0xe9,
  0xac, 0x69, 0xa4, 0x07, 0x9c, 0x27, 0xa4, 0x47, 0x9c, 0x47, 0xac, 0x67,
  0xac, 0xc9, 0xb4, 0xa8, 0xac, 0xc9, 0xb4, 0xc9, 0xbc, 0xe9, 0xcd, 0x2a,
  0xc5, 0x4a, 0xa4, 0x05, 0x8b, 0xc7, 0x93, 0xc6, 0x8b, 0xc6, 0x9b, 0xe7,
  0xbc, 0xe9, 0xcd, 0x2a, 0xc5, 0x29, 0xcd, 0x49, 0xcd, 0x49, 0xc5, 0x08,
  0xac, 0xa9, 0x93, 0xc5, 0x5a, 0xa5, 0x4a, 0x02, 0x4a, 0x25, 0x4a, 0x04,
  0x52, 0x25, 0x62, 0x86, 0x4a, 0x25, 0x41, 0xc3, 0x39, 0x83, 0x52, 0x26,
  0x7a, 0x86, 0x72, 0x44, 0x41, 0x83, 0x41, 0x62, 0x31, 0xe6, 0x31, 0xa5,
  0x29, 0x44, 0x29, 0x23, 0x29, 0x44, 0x31, 0x44, 0x31, 0x64, 0x39, 0x64,
  0x29, 0x44, 0x31, 0x23, 0x29, 0x44, 0x31, 0x43, 0x29, 0x44, 0x31, 0x44,
  0x29, 0x44, 0x41, 0xe6, 0x31, 0x64, 0x31, 0x23, 0x29, 0x44, 0x31, 0x23,
  0x29, 0x44, 0x31, 0x64, 0x41, 0xe5, 0x4a, 0x05, 0x42, 0x25, 0x4a, 0x45,
  0x42, 0x45, 0x4a, 0x45, 0x4a, 0x45, 0x4a, 0x04, 0x4a, 0x25, 0x52, 0x25,
  0x4a, 0x45, 0x4a, 0x24, 0x42, 0x04, 0x41, 0xc3, 0x39, 0xc4, 0x4a, 0x25,
  0xdd, 0xee, 0xdd, 0xee, 0xe5, 0xed, 0xdd, 0xed, 0xdd, 0xcc, 0xd5, 0xed,
  0xdd, 0xee, 0xdd, 0xee, 0xdd, 0xee, 0xde, 0x0f, 0xd5, 0x8c, 0xbd, 0x0b,
  0xb4, 0x48, 0xac, 0x48, 0xbc, 0x89, 0xbc, 0xca, 0xc4, 0x89, 0xab, 0xc6,
  0xab, 0xe6, 0xb4, 0x48, 0xa3, 0xa6, 0x9b, 0xc7, 0xb4, 0x6a, 0xc5, 0x0d,
  0xd5, 0x2c, 0xcd, 0x4d, 0xd4, 0xeb, 0xcc, 0xec, 0xdc, 0xeb, 0xcc, 0xaa,
  0xcc, 0x69, 0xd4, 0xca, 0xd4, 0xca, 0xcc, 0xca, 0xd5, 0x2b, 0xd5, 0x2c,
  0xd4, 0xca, 0xc4, 0xaa, 0xc4, 0x29, 0x9b, 0x25, 0x7a, 0x84, 0x72, 0x84,
  0x7a, 0xa5, 0x7a, 0xa5, 0x82, 0xe6, 0x83, 0x07, 0x93, 0x27, 0x8b, 0x47,
  0x82, 0xc6, 0x82, 0xe6, 0xa3, 0x67, 0xab, 0xe9, 0xcc, 0x89, 0xcc, 0xaa,
  0xd4, 0xe9, 0xd5, 0x2b, 0xe5, 0x8c, 0xdd, 0x8c, 0xed, 0xad, 0xe5, 0xcd,
  0xf5, 0xcd, 0xed, 0xed, 0xfe, 0x0e, 0xf6, 0x2e, 0xf6, 0x2d, 0xf6, 0x4e,
  0xf6, 0x4d, 0xf6, 0x8e, 0xfe, 0x4e, 0xf6, 0x6e, 0xed, 0xac, 0xd5, 0x2a,
  0xdd, 0x0a, 0xdd, 0x4b, 0xe5, 0x6b, 0xdd, 0x8c, 0xe5, 0x8b, 0xe5, 0xac,
  0xed, 0xcc, 0xe5, 0xcc, 0xed, 0xcd, 0xe5, 0xcd, 0xed, 0xcd, 0xee, 0x0e,
  0xed, 0xed, 0xe5, 0xed, 0xed, 0xed, 0xee, 0x2f, 0xee, 0x0e, 0xee, 0x2f,
  0xee, 0x0e, 0xf6, 0x50, 0xf6, 0x2f, 0xee, 0x50, 0xf6, 0x4f, 0xee, 0x2f,
  0xee, 0x0d, 0xee, 0x2e, 0xf6, 0x2e, 0xee, 0x2e, 0xf6, 0x2e, 0xee, 0x2e,
  0xf6, 0x2e, 0xf6, 0x6f, 0xfe, 0x4e, 0xf6, 0x6f, 0xf6, 0x4e, 0xf6, 0x6f,
  0xfe, 0x4e, 0xfe, 0x8f, 0xfe, 0x8e, 0xfe, 0x8f, 0xfe, 0x8e, 0xfe, 0xaf,
  0xfe, 0xaf, 0xfe, 0xb0, 0xfe, 0xb0, 0xfe, 0xb0, 0xfe, 0x6f, 0xf6, 0x6f,
  0xfe, 0x4e, 0xe5, 0xcd, 0xf5, 0x2c, 0xdc, 0xaa, 0xd4, 0x09, 0xc3, 0xa8,
  0xbb, 0xa7, 0xab, 0x66, 0xab, 0x87, 0xab, 0xc7, 0xa3, 0x25, 0xa3, 0x66,
  0xe4, 0x8a, 0xed, 0x0d, 0xed, 0xae, 0xf6, 0x30, 0xee, 0x30, 0xe6, 0x10,
  0xed, 0xad, 0xd5, 0x2b, 0xd4, 0xe9, 0xd5, 0x2a, 0xc4, 0xa8, 0xbc, 0x88,
  0xac, 0x27, 0xac, 0x48, 0xc4, 0xea, 0xd5, 0x8d, 0xd5, 0x4a, 0xcd, 0x2a,
  0xd5, 0x4a, 0xcd, 0x6a, 0xcd, 0x49, 0xb4, 0xa6, 0x83, 0x45, 0x7b, 0x45,
  0x72, 0xe4, 0x83, 0x87, 0xb4, 0xea, 0xbd, 0x4c, 0xc5, 0x2a, 0xb4, 0xe9,
  0xac, 0x68, 0xa4, 0x48, 0xac, 0x47, 0xac, 0x68, 0xa4, 0x47, 0xb4, 0xc9,
  0xb4, 0xa8, 0xbd, 0x0a, 0xb4, 0xa9, 0xb4, 0xc9, 0xbc, 0xc8, 0xc5, 0x4a,
  0xcd, 0x2a, 0x9c, 0x05, 0x93, 0xa6, 0x93, 0xc6, 0x93, 0xa6, 0x8b, 0xa6,
  0xbc, 0xc9, 0xc5, 0x2a, 0xcd, 0x29, 0xcd, 0x6a, 0xd5, 0x29, 0xc5, 0x08,
  0xb4, 0xa8, 0x8b, 0x84, 0x6a, 0xc5, 0x4a, 0x23, 0x52, 0x24, 0x5a, 0x66,
  0x5a, 0x65, 0x5a, 0xa6, 0x4a, 0x03, 0x39, 0xa2, 0x41, 0x83, 0x52, 0x26,
  0x82, 0x85, 0x6a, 0x03, 0x49, 0xa3, 0x39, 0x62, 0x39, 0xa4, 0x29, 0x84,
  0x29, 0x43, 0x29, 0x44, 0x31, 0x43, 0x31, 0x64, 0x31, 0x43, 0x31, 0x84,
  0x31, 0x63, 0x29, 0x64, 0x31, 0x43, 0x31, 0x64, 0x31, 0x63, 0x29, 0x64,
  0x29, 0x23, 0x31, 0x84, 0x31, 0x64, 0x29, 0x43, 0x31, 0x23, 0x31, 0x64,
  0x31, 0x43, 0x31, 0x64, 0x41, 0xc4, 0x4a, 0x05, 0x4a, 0x04, 0x4a, 0x24,
  0x4a, 0x44, 0x42, 0x44, 0x4a, 0x45, 0x42, 0x25, 0x4a, 0x45, 0x42, 0x45,
  0x4a, 0x24, 0x4a, 0x65, 0x49, 0xe3, 0x39, 0xc3, 0x39, 0xc3, 0x42, 0x25,
  0xde, 0x0f, 0xdd, 0xee, 0xd5, 0xce, 0xdd, 0xcd, 0xd5, 0xee, 0xdd, 0xee,
  0xde, 0x0f, 0xe5, 0xef, 0xde, 0x10, 0xdd, 0xcf, 0xbd, 0x0c, 0xc4, 0xeb,
  0xac, 0x6a, 0xb4, 0x8a, 0xbc, 0xaa, 0xc4, 0xeb, 0xbc, 0x69, 0xb4, 0x27,
  0xc4, 0xaa, 0xc4, 0x89, 0x9b, 0xc7, 0xa3, 0xa6, 0xa4, 0x09, 0xc4, 0xcc,
  0xd5, 0x4e, 0xcd, 0x0d, 0xcc, 0xcb, 0xcc, 0xab, 0xd4, 0xec, 0xd4, 0xab,
  0xc4, 0x49, 0xc4, 0x28, 0xcc, 0xeb, 0xd4, 0xeb, 0xdd, 0x6e, 0xdd, 0x6d,
  0xcc, 0xeb, 0xd4, 0xea, 0xd4, 0xca, 0xb3, 0x85, 0x7a, 0x65, 0x82, 0x64,
  0x82, 0xe6, 0x82, 0xc6, 0x83, 0x27, 0x8b, 0x27, 0x8b, 0x28, 0x8b, 0x06,
  0x82, 0xe7, 0x7a, 0xa5, 0xa3, 0x88, 0xb3, 0xea, 0xcc, 0xab, 0xd4, 0xcb,
  0xcc, 0xea, 0xdd, 0x4c, 0xdd, 0x8d, 0xe5, 0x8d, 0xdd, 0x8c, 0xe5, 0x8c,
  0xe5, 0xac, 0xed, 0xcd, 0xed, 0xcd, 0xed, 0xcd, 0xee, 0x4e, 0xf6, 0x4e,
  0xf6, 0x6f, 0xf6, 0x4e, 0xf6, 0x6f, 0xf6, 0x2e, 0xed, 0xcd, 0xdd, 0x0a,
  0xd5, 0x2b, 0xdd, 0x0b, 0xdd, 0x8c, 0xe5, 0xad, 0xdd, 0x8c, 0xed, 0xac,
  0xe5, 0xac, 0xe5, 0x8c, 0xe5, 0xcd, 0xe5, 0x8c, 0xdd, 0xad, 0xe5, 0xcd,
  0xe5, 0xce, 0xed, 0xee, 0xe6, 0x0f, 0xee, 0x0e, 0xe6, 0x0f, 0xed, 0xee,
  0xee, 0x2f, 0xee, 0x2f, 0xee, 0x50, 0xf6, 0x2f, 0xee, 0x2f, 0xf6, 0x2f,
  0xee, 0x0e, 0xee, 0x0e, 0xee, 0x2f, 0xf6, 0x2e, 0xee, 0x2f, 0xf6, 0x2e,
  0xee, 0x2f, 0xee, 0x0e, 0xee, 0x2f, 0xf6, 0x2f, 0xee, 0x4f, 0xf6, 0x4f,
  0xf6, 0x4e, 0xfe, 0x6e, 0xf6, 0x6f, 0xfe, 0x6e, 0xfe, 0x8f, 0xfe, 0x6e,
  0xf6, 0x8f, 0xfe, 0x6f, 0xfe, 0x90, 0xfe, 0x6f, 0xf6, 0x8f, 0xfe, 0x6e,
  0xf6, 0x2f, 0xd5, 0x0b, 0xbb, 0xe8, 0xb3, 0x86, 0xb3, 0x06, 0xd3, 0xe9,
  0xe4, 0xac, 0xec, 0xac, 0xdd, 0x2d, 0xe4, 0xec, 0xe5, 0x6d, 0xb3, 0xa6,
  0xc3, 0xc8, 0xec, 0xcc, 0xe5, 0x8e, 0xf5, 0xcf, 0xe6, 0x53, 0xf6, 0x73,
  0xee, 0x92, 0xe5, 0xef, 0xdd, 0x8d, 0xc4, 0xa9, 0xb4, 0x48, 0xa3, 0x85,
  0x8b, 0x25, 0x82, 0xa2, 0x72, 0x64, 0x8b, 0x06, 0xbc, 0xcb, 0xcd, 0x4c,
  0xcd, 0x6a, 0xcd, 0x4a, 0xc5, 0x09, 0xb4, 0x86, 0x7b, 0x65, 0x83, 0x65,
  0x6a, 0xe5, 0x83, 0x46, 0xac, 0xca, 0xbd, 0x4b, 0xbd, 0x2b, 0xb4, 0xa8,
  0x9c, 0x48, 0xa4, 0x48, 0xa4, 0x28, 0xa4, 0x27, 0xa4, 0x88, 0xac, 0xa8,
  0xac, 0xa9, 0xb4, 0xc9, 0xb4, 0xca, 0xb4, 0xa9, 0xb4, 0xc9, 0xcd, 0x4a,
  0xbd, 0x09, 0x93, 0xc4, 0x83, 0x86, 0x93, 0xc6, 0x8b, 0xa6, 0x8b, 0xa6,
  0xbc, 0xea, 0xc5, 0x0a, 0xc5, 0x2a, 0xcd, 0x29, 0xc5, 0x2a, 0xc4, 0xe8,
  0xa4, 0x68, 0x83, 0x43, 0x5a, 0x85, 0x52, 0x03, 0x4a, 0x25, 0x49, 0xe4,
  0x52, 0x86, 0x5a, 0x85, 0x41, 0xe4, 0x41, 0xa3, 0x39, 0x84, 0x5a, 0x26,
  0x7a, 0x85, 0x69, 0xe3, 0x39, 0x63, 0x39, 0x42, 0x31, 0x85, 0x29, 0x44,
  0x29, 0x44, 0x29, 0x44, 0x31, 0x64, 0x31, 0x64, 0x31, 0x64, 0x31, 0x63,
  0x29, 0x64, 0x31, 0x63, 0x29, 0x64, 0x31, 0x43, 0x31, 0x84, 0x31, 0x64,
  0x29, 0x44, 0x29, 0x23, 0x29, 0x64, 0x29, 0x43, 0x29, 0x23, 0x31, 0x43,
  0x31, 0x64, 0x31, 0x44, 0x39, 0xc4, 0x41, 0xc4, 0x42, 0x25, 0x52, 0x45,
  0x42, 0x45, 0x4a, 0x44, 0x42, 0x45, 0x42, 0x04, 0x42, 0x25, 0x42, 0x24,
  0x4a, 0x25, 0x4a, 0x24, 0x4a, 0x25, 0x41, 0xe3, 0x39, 0xc4, 0x41, 0xe4,
  0xe6, 0x2e, 0xd5, 0xee, 0xe5, 0xee, 0xdd, 0xee, 0xe6, 0x0e, 0xe6, 0x0e,
  0xe6, 0x0f, 0xdd, 0xce, 0xe6, 0x0f, 0xcd, 0x6d, 0xc4, 0xeb, 0xc5, 0x0b,
  0xb4, 0x69, 0xac, 0x69, 0xc4, 0xca, 0xc5, 0x0b, 0xc4, 0x68, 0xc4, 0xca,
  0xd5, 0x0a, 0xcc, 0xea, 0xb4, 0x27, 0xa3, 0xe7, 0x9b, 0xc8, 0xac, 0x6a,
  0xd5, 0x2d, 0xd5, 0x4e, 0xd4, 0xeb, 0xc4, 0x8a, 0xd4, 0x8a, 0xd4, 0xab,
  0xc4, 0x28, 0xbc, 0x08, 0xc4, 0x49, 0xd5, 0x0c, 0xdd, 0x8d, 0xdd, 0x8e,
  0xdd, 0x2a, 0xdd, 0x6c, 0xf5, 0x8b, 0xdc, 0xe9, 0x92, 0xa4, 0x8a, 0xc4,
  0x8a, 0xe6, 0x82, 0xe6, 0x82, 0xe6, 0x83, 0x07, 0x8b, 0x26, 0x8b, 0x47,
  0x8a, 0xe6, 0x72, 0x84, 0x9b, 0x06, 0xab, 0xc9, 0xcc, 0xaa, 0xd4, 0xec,
  0xd4, 0xea, 0xdd, 0x6d, 0xe5, 0x8c, 0xdd, 0x8c, 0xe5, 0x8c, 0xe5, 0xad,
  0xed, 0xcd, 0xed, 0xed, 0xf5, 0xed, 0xf6, 0x2e, 0xf6, 0x2e, 0xf6, 0x6f,
  0xf6, 0x4e, 0xee, 0x4e, 0xf6, 0x2e, 0xee, 0x2e, 0xed, 0xcd, 0xdd, 0x6b,
  0xdd, 0x0b, 0xdd, 0x2b, 0xe5, 0x6b, 0xe5, 0xac, 0xe5, 0x6b, 0xe5, 0xac,
  0xed, 0xcc, 0xe5, 0xed, 0xe5, 0xac, 0xdd, 0xac, 0xed, 0xee, 0xe5, 0xee,
  0xed, 0xee, 0xee, 0x0e, 0xed, 0xed, 0xee, 0x2e, 0xee, 0x2e, 0xee, 0x2e,
  0xee, 0x0e, 0xee, 0x4e, 0xf6, 0x2f, 0xee, 0x2f, 0xf6, 0x4f, 0xee, 0x2f,
  0xee, 0x0e, 0xee, 0x2f, 0xf6, 0x0e, 0xee, 0x2f, 0xf6, 0x0e, 0xee, 0x0e,
  0xf6, 0x0e, 0xee, 0x2f, 0xf6, 0x2f, 0xee, 0x2f, 0xf6, 0x4f, 0xee, 0x4f,
  0xf6, 0x4e, 0xf6, 0x8f, 0xfe, 0x4e, 0xf6, 0x6e, 0xfe, 0x6e, 0xfe, 0x6e,
  0xfe, 0x6e, 0xfe, 0x6e, 0xfe, 0x4e, 0xf6, 0x4e, 0xf6, 0x4d, 0xe6, 0x0c,
  0xc4, 0x69, 0xb4, 0x28, 0xab, 0x65, 0xbb, 0xe7, 0xdc, 0x4a, 0xe4, 0xab,
  0xf4, 0x6b, 0xfc, 0xcd, 0xfd, 0x8d, 0xf5, 0x8d, 0xed, 0x4b, 0xb3, 0xc6,
  0xaa, 0xe4, 0xd4, 0x8a, 0xec, 0xea, 0xed, 0x2b, 0xf6, 0x10, 0xf6, 0x72,
  0xee, 0x50, 0xee, 0x71, 0xf6, 0x2e, 0xdd, 0xad, 0xed, 0x4b, 0xed, 0x8c,
  0xe5, 0x6b, 0xc4, 0xa8, 0x93, 0x46, 0x72, 0x83, 0x8b, 0x05, 0xc5, 0x2e,
  0xdd, 0x8c, 0xc5, 0x2a, 0xcd, 0x4a, 0xac, 0x66, 0x83, 0x44, 0x83, 0x85,
  0x7b, 0x04, 0x83, 0x66, 0xac, 0x88, 0xb5, 0x2b, 0xc5, 0x2a, 0xac, 0x88,
  0xa4, 0x27, 0xa4, 0x48, 0xa4, 0x06, 0xa4, 0x47, 0xa4, 0x26, 0xac, 0xa8,
  0xac, 0x67, 0xb4, 0xa9, 0xb4, 0x88, 0xb4, 0xa9, 0xb4, 0xa8, 0xc5, 0x6b,
  0xbc, 0xc9, 0x93, 0xe5, 0x93, 0xa6, 0x94, 0x07, 0x8b, 0xa6, 0x8b, 0xc7,
  0xc5, 0x0a, 0xc5, 0x2a, 0xc5, 0x09, 0xc5, 0x2a, 0xc5, 0x29, 0xbc, 0xe9,
  0xa4, 0x68, 0x7b, 0x44, 0x5a, 0x64, 0x4a, 0x03, 0x52, 0x24, 0x4a, 0x04,
  0x5a, 0x64, 0x5a, 0x85, 0x49, 0xc3, 0x41, 0xc3, 0x41, 0x83, 0x5a, 0x67,
  0x82, 0x65, 0x69, 0xe3, 0x49, 0x83, 0x39, 0x63, 0x31, 0x64, 0x29, 0x64,
  0x31, 0x43, 0x31, 0x64, 0x31, 0x43, 0x31, 0x64, 0x39, 0x63, 0x39, 0x84,
  0x39, 0x83, 0x39, 0xa4, 0x39, 0x84, 0x31, 0x84, 0x31, 0x63, 0x31, 0x63,
  0x31, 0x43, 0x29, 0x43, 0x31, 0x43, 0x29, 0x64, 0x29, 0x23, 0x29, 0x64,
  0x31, 0x43, 0x31, 0x64, 0x41, 0xa4, 0x42, 0x05, 0x4a, 0x24, 0x4a, 0x45,
  0x52, 0x45, 0x42, 0x24, 0x4a, 0x45, 0x3a, 0x24, 0x42, 0x04, 0x42, 0x25,
  0x52, 0x24, 0x4a, 0x24, 0x52, 0x24, 0x4a, 0x24, 0x41, 0xc4, 0x39, 0xc4,
  0xd6, 0x0f, 0xdd, 0xee, 0xde, 0x0f, 0xe5, 0xee, 0xe6, 0x2f, 0xdd, 0xed,
  0xde, 0x0e, 0xdd, 0xcd, 0xdd, 0xce, 0xbc, 0xc9, 0xc5, 0x0b, 0xc5, 0x0b,
  0xac, 0x6a, 0xbc, 0xaa, 0xc4, 0xeb, 0xc4, 0xaa, 0xcc, 0xea, 0xcc, 0xea,
  0xcd, 0x0b, 0xcc, 0xc9, 0xac, 0x28, 0xab, 0xc6, 0x9b, 0xe9, 0xac, 0x09,
  0xb4, 0x6c, 0xd5, 0x4f, 0xd5, 0x2d, 0xc4, 0x6a, 0xc4, 0x4a, 0xd4, 0x6a,
  0xc4, 0x49, 0xbb, 0xc7, 0xb3, 0xe8, 0xd4, 0xab, 0xdd, 0x8f, 0xe5, 0x8f,
  0xdd, 0x6c, 0xe5, 0x6c, 0xed, 0xac, 0xfd, 0xcc, 0xc4, 0x69, 0x8a, 0x82,
  0x6a, 0x44, 0x72, 0x64, 0x7a, 0xc6, 0x7a, 0xa5, 0x83, 0x06, 0x93, 0x68,
  0x93, 0x47, 0x8a, 0xe5, 0x93, 0x47, 0xab, 0xa8, 0xc4, 0x8b, 0xd5, 0x0c,
  0xd5, 0x2c, 0xdd, 0x4c, 0xd5, 0x4c, 0xdd, 0x6c, 0xdd, 0x8d, 0xe5, 0x8d,
  0xe5, 0xcd, 0xed, 0xad, 0xee, 0x0e, 0xf6, 0x0e, 0xf6, 0x6f, 0xfe, 0x4f,
  0xf6, 0x6f, 0xf6, 0x4e, 0xf6, 0x4f, 0xf6, 0x2e, 0xed, 0xcd, 0xdd, 0x2a,
  0xd5, 0x4c, 0xdd, 0x0b, 0xdd, 0x4c, 0xdd, 0x4c, 0xdd, 0x8c, 0xed, 0xac,
  0xe5, 0xcd, 0xed, 0xcc, 0xdd, 0x8c, 0xe5, 0xac, 0xe5, 0xce, 0xed, 0xce,
  0xe5, 0xee, 0xed, 0xee, 0xe5, 0xee, 0xee, 0x0e, 0xee, 0x4f, 0xee, 0x2e,
  0xe6, 0x0e, 0xee, 0x0e, 0xe6, 0x0f, 0xee, 0x0f, 0xee, 0x30, 0xee, 0x0f,
  0xe6, 0x0f, 0xee, 0x0e, 0xee, 0x2f, 0xee, 0x0e, 0xee, 0x0f, 0xee, 0x0e,
  0xee, 0x0f, 0xed, 0xee, 0xee, 0x2f, 0xf6, 0x2f, 0xee, 0x50, 0xf6, 0x4f,
  0xf6, 0x6f, 0xf6, 0x4e, 0xf6, 0x4e, 0xfe, 0x4e, 0xf6, 0x4e, 0xfe, 0x6e,
  0xfe, 0x6f, 0xfe, 0x4e, 0xfe, 0x6f, 0xfe, 0x4e, 0xdd, 0x8c, 0xa3, 0xa4,
  0xab, 0xe7, 0xbc, 0x28, 0xd4, 0xeb, 0xed, 0x4c, 0xf5, 0x4d, 0xd4, 0x08,
  0xdc, 0x09, 0xfc, 0xec, 0xd4, 0x89, 0xdc, 0x89, 0xe5, 0x2b, 0xc3, 0xe6,
  0x8a, 0x42, 0xb3, 0x66, 0xe4, 0x8a, 0xec, 0xaa, 0xe5, 0x0c, 0xfd, 0xae,
  0xe5, 0x8d, 0xed, 0xae, 0xf5, 0xcd, 0xed, 0x8c, 0xed, 0x8b, 0xf5, 0xab,
  0xed, 0xcb, 0xe5, 0x8a, 0xd5, 0x4b, 0xc4, 0x88, 0x93, 0x67, 0xb4, 0x4a,
  0xdd, 0xce, 0xcd, 0x2c, 0xc5, 0x4b, 0xa4, 0x06, 0x73, 0x05, 0x83, 0x65,
  0x6b, 0x05, 0x7b, 0x46, 0xa4, 0x89, 0xb5, 0x0b, 0xbd, 0x4b, 0xa4, 0x47,
  0x9c, 0x28, 0x9c, 0x28, 0x94, 0x07, 0x9c, 0x07, 0xa4, 0x68, 0xac, 0x68,
  0xac, 0x89, 0xb4, 0xa9, 0xac, 0x89, 0xac, 0x48, 0xac, 0xa9, 0xc5, 0x2a,
  0xb4, 0xc9, 0x9b, 0xe5, 0x8b, 0xe7, 0x94, 0x07, 0x7b, 0x66, 0x93, 0xc7,
  0xbd, 0x0a, 0xc5, 0x0a, 0xbd, 0x09, 0xbc, 0xe9, 0xbd, 0x0a, 0xbc, 0xc8,
  0x94, 0x28, 0x7b, 0x23, 0x5a, 0x65, 0x5a, 0x24, 0x52, 0x45, 0x49, 0xe4,
  0x52, 0x65, 0x5a, 0x65, 0x41, 0xe4, 0x41, 0xa3, 0x39, 0x83, 0x62, 0x67,
  0x7a, 0x65, 0x72, 0x24, 0x41, 0xa4, 0x39, 0x22, 0x29, 0x44, 0x39, 0xa5,
  0x39, 0xc6, 0x31, 0x44, 0x31, 0x84, 0x39, 0x84, 0x39, 0xa5, 0x39, 0x84,
  0x39, 0xa4, 0x41, 0xc5, 0x39, 0xc5, 0x39, 0x63, 0x31, 0x64, 0x31, 0x23,
  0x29, 0x43, 0x29, 0x43, 0x29, 0x43, 0x29, 0x43, 0x29, 0x44, 0x31, 0x44,
  0x29, 0x44, 0x29, 0x23, 0x39, 0xc5, 0x41, 0xe5, 0x42, 0x25, 0x52, 0x45,
  0x4a, 0x45, 0x4a, 0x24, 0x3a, 0x25, 0x42, 0x04, 0x3a, 0x04, 0x42, 0x04,
  0x4a, 0x25, 0x4a, 0x24, 0x4a, 0x25, 0x42, 0x04, 0x31, 0xc4, 0x31, 0x83,
  0xdd, 0xcd, 0xde, 0x0e, 0xe6, 0x0e, 0xde, 0x0f, 0xe6, 0x0d, 0xdd, 0xed,
  0xe5, 0xcd, 0xe6, 0x0e, 0xcd, 0x4c, 0xb4, 0xa9, 0xc5, 0x0b, 0xbc, 0xeb,
  0xb4, 0x48, 0xbc, 0xcb, 0xbc, 0x89, 0xbc, 0xaa, 0xd4, 0xea, 0xd5, 0x0b,
  0xcc, 0xc9, 0xc4, 0xc9, 0xbc, 0x48, 0xab, 0xe7, 0xa3, 0xc8, 0x9b, 0xa7,
  0xab, 0xe9, 0xcd, 0x2f, 0xd5, 0x0d, 0xc4, 0xcc, 0xc4, 0x29, 0xcc, 0x6a,
  0xcc, 0x49, 0xbc, 0x08, 0xbb, 0xe7, 0xcc, 0x8a, 0xe5, 0xaf, 0xdd, 0xaf,
  0xe5, 0x8c, 0xdd, 0x6c, 0xf5, 0xac, 0xf6, 0x0d, 0xf5, 0xcd, 0xa3, 0x64,
  0x72, 0x44, 0x72, 0x44, 0x72, 0x85, 0x72, 0xa6, 0x8b, 0x06, 0xa3, 0xc9,
  0xab, 0xc9, 0x93, 0x67, 0xa3, 0x67, 0xac, 0x09, 0xc4, 0x6a, 0xdd, 0x6e,
  0xdd, 0x4b, 0xd5, 0x4c, 0xe5, 0x8c, 0xdd, 0x8d, 0xdd, 0x6c, 0xe5, 0xad,
  0xed, 0xad, 0xed, 0xcd, 0xf5, 0xcd, 0xf6, 0x0e, 0xf6, 0x2e, 0xf6, 0x4e,
  0xfe, 0x6e, 0xf6, 0x6e, 0xfe, 0x6e, 0xf6, 0x4e, 0xed, 0xcc, 0xdd, 0x4b,
  0xdd, 0x2b, 0xd5, 0x2b, 0xe5, 0x2b, 0xdd, 0x4c, 0xe5, 0x6b, 0xe5, 0xac,
  0xed, 0xcc, 0xe5, 0xac, 0xed, 0xac, 0xed, 0xed, 0xed, 0xcd, 0xee, 0x0e,
  0xed, 0xcd, 0xee, 0x0e, 0xee, 0x0e, 0xee, 0x2f, 0xee, 0x0e, 0xee, 0x2f,
  0xee, 0x0e, 0xe6, 0x0e, 0xee, 0x0e, 0xee, 0x4f, 0xee, 0x0f, 0xee, 0x2f,
  0xee, 0x0e, 0xee, 0x0e, 0xed, 0xed, 0xee, 0x0e, 0xee, 0x0e, 0xee, 0x0e,
  0xf6, 0x0e, 0xee, 0x0e, 0xee, 0x0e, 0xee, 0x2f, 0xf6, 0x2e, 0xee, 0x4f,
  0xf6, 0x2d, 0xf6, 0x6e, 0xfe, 0x4d, 0xf6, 0x4e, 0xfe, 0x2d, 0xf6, 0x4d,
  0xfe, 0x4e, 0xf6, 0x4e, 0xf6, 0x0d, 0xcd, 0x0a, 0xa3, 0x65, 0x9b, 0x65,
  0xbc, 0x07, 0xd4, 0xeb, 0xf5, 0x4a, 0xf5, 0x8b, 0xfd, 0xad, 0xed, 0x4c,
  0xf4, 0xcb, 0xec, 0xeb, 0xe4, 0xeb, 0xe5, 0x0c, 0xe4, 0xea, 0xdc, 0xc9,
  0xab, 0x66, 0x7a, 0x01, 0xb3, 0x05, 0xdc, 0x6b, 0xec, 0xc9, 0xe4, 0xea,
  0xf5, 0x0a, 0xf5, 0x2b, 0xf4, 0xea, 0xfd, 0x4c, 0xfe, 0x0c, 0xfd, 0xec,
  0xf5, 0xaa, 0xe5, 0x6a, 0xed, 0x6a, 0xd4, 0xe9, 0xab, 0xc6, 0x9b, 0x65,
  0xcd, 0x0b, 0xcd, 0x4c, 0xcd, 0x6b, 0x93, 0xe5, 0x72, 0xe4, 0x73, 0x25,
  0x72, 0xe5, 0x73, 0x26, 0xa4, 0x69, 0xb5, 0x0b, 0xbd, 0x0a, 0x94, 0x27,
  0x93, 0xa6, 0x94, 0x08, 0x93, 0xc6, 0x9c, 0x28, 0xa4, 0x47, 0xa4, 0x88,
  0xa4, 0x47, 0xac, 0xa9, 0xac, 0x69, 0x9c, 0x08, 0xb4, 0xa8, 0xbd, 0x2b,
  0xb4, 0xa8, 0x93, 0xe5, 0x93, 0xc6, 0x8b, 0xc6, 0x83, 0x45, 0x93, 0xe7,
  0xbc, 0xc9, 0xbc, 0xea, 0xbc, 0xe8, 0xbc, 0xe8, 0xbc, 0xc7, 0xb4, 0xa7,
  0x93, 0xc6, 0x72, 0xe3, 0x62, 0x64, 0x5a, 0x64, 0x52, 0x24, 0x4a, 0x04,
  0x52, 0x44, 0x52, 0x65, 0x4a, 0x04, 0x41, 0xe4, 0x41, 0x83, 0x5a, 0x87,
  0x7a, 0x64, 0x72, 0x24, 0x41, 0x82, 0x39, 0x62, 0x31, 0x63, 0x31, 0xc5,
  0x39, 0x84, 0x29, 0x63, 0x31, 0x63, 0x31, 0x84, 0x39, 0x63, 0x31, 0x84,
  0x39, 0x83, 0x41, 0xe5, 0x41, 0xc4, 0x31, 0x63, 0x31, 0x43, 0x31, 0x43,
  0x29, 0x23, 0x29, 0x43, 0x31, 0x43, 0x29, 0x43, 0x31, 0x43, 0x29, 0x64,
  0x31, 0x43, 0x29, 0x44, 0x4a, 0x06, 0x4a, 0x26, 0x4a, 0x04, 0x4a, 0x46,
  0x4a, 0x24, 0x42, 0x24, 0x42, 0x24, 0x3a, 0x04, 0x42, 0x04, 0x3a, 0x24,
  0x4a, 0x24, 0x4a, 0x45, 0x4a, 0x24, 0x42, 0x03, 0x39, 0xc3, 0x31, 0xa3,
  0xdd, 0xef, 0xdd, 0xce, 0xdd, 0xee, 0xdd, 0xee, 0xdd, 0xcd, 0xdd, 0xcd,
  0xdd, 0xee, 0xe5, 0xcd, 0xbc, 0xeb, 0xbc, 0xa9, 0xb4, 0xab, 0xbc, 0x8b,
  0xb4, 0x8a, 0xbc, 0xaa, 0xbc, 0xaa, 0xc4, 0xca, 0xc4, 0xea, 0xcc, 0xea,
  0xbc, 0x88, 0xc4, 0x88, 0xb4, 0x48, 0xab, 0xc6, 0xa3, 0xe9, 0xa3, 0xa8,
  0x93, 0x68, 0xb4, 0x4b, 0xd5, 0x4e, 0xc4, 0xab, 0xbc, 0x49, 0xc4, 0x49,
  0xcc, 0x8a, 0xcc, 0x69, 0xc4, 0x29, 0xbb, 0xe7, 0xdd, 0x8f, 0xe5, 0xaf,
  0xdd, 0x8d, 0xdd, 0x4c, 0xed, 0xac, 0xf5, 0xcd, 0xf6, 0x2e, 0xd4, 0xc9,
  0x72, 0x44, 0x6a, 0x03, 0x6a, 0x65, 0x7a, 0xa6, 0x9b, 0x68, 0xb4, 0x0a,
  0xac, 0x2a, 0xa3, 0x88, 0x9b, 0x67, 0xb4, 0x09, 0xc4, 0x8b, 0xe5, 0x6e,
  0xd5, 0x6d, 0xdd, 0x6c, 0xd5, 0x8d, 0xdd, 0x8d, 0xd5, 0x8d, 0xe5, 0xad,
  0xe5, 0xae, 0xed, 0xce, 0xed, 0xee, 0xed, 0xed, 0xf6, 0x2f, 0xfe, 0x4f,
  0xf6, 0x6f, 0xf6, 0x2e, 0xf6, 0x6f, 0xf6, 0x4e, 0xed, 0xee, 0xdd, 0x4b,
  0xdd, 0x4c, 0xdd, 0x4c, 0xdd, 0x4c, 0xe5, 0x6c, 0xdd, 0x6b, 0xe5, 0xac,
  0xe5, 0xcc, 0xed, 0xcc, 0xe5, 0xac, 0xed, 0xac, 0xed, 0xee, 0xed, 0xee,
  0xe5, 0xce, 0xed, 0xee, 0xee, 0x2f, 0xf6, 0x0e, 0xe5, 0xee, 0xee, 0x0e,
  0xe6, 0x0f, 0xee, 0x0e, 0xe5, 0xef, 0xed, 0xef, 0xe6, 0x30, 0xee, 0x0f,
  0xe5, 0xef, 0xed, 0xee, 0xe5, 0xee, 0xed, 0xee, 0xe6, 0x0f, 0xee, 0x0e,
  0xee, 0x0f, 0xed, 0xee, 0xee, 0x0f, 0xee, 0x0f, 0xee, 0x0f, 0xed, 0xee,
  0xee, 0x4e, 0xf6, 0x2e, 0xee, 0x2e, 0xf6, 0x2e, 0xf6, 0x2d, 0xf6, 0x2d,
  0xee, 0x2e, 0xdd, 0x6b, 0xa3, 0xe7, 0x82, 0xe3, 0x93, 0x66, 0xbc, 0x8a,
  0xd5, 0x0b, 0xe5, 0x4b, 0xed, 0x8b, 0xed, 0x6a, 0xed, 0x4b, 0xf5, 0x2a,
  0xec, 0xeb, 0xec, 0xea, 0xe5, 0x4c, 0xe4, 0xeb, 0xcc, 0x68, 0xd4, 0x68,
  0xbc, 0x29, 0x92, 0x83, 0x92, 0x04, 0xc3, 0x49, 0xf4, 0xcb, 0xf4, 0x8a,
  0xe4, 0x48, 0xec, 0x48, 0xfc, 0xeb, 0xfc, 0xeb, 0xf5, 0xad, 0xfd, 0xed,
  0xfe, 0x4f, 0xed, 0xac, 0xe5, 0x6b, 0xe5, 0x29, 0xcc, 0xa9, 0x9b, 0x22,
  0x9b, 0xe8, 0xcd, 0x2d, 0xcd, 0x8e, 0x8b, 0x85, 0x62, 0xc4, 0x72, 0xe5,
  0x62, 0xc5, 0x7b, 0x26, 0x9c, 0x49, 0xac, 0xca, 0xac, 0xca, 0x8b, 0xa5,
  0x83, 0x87, 0x93, 0xc8, 0x8b, 0xa7, 0x93, 0xe7, 0x94, 0x27, 0x9c, 0x07,
  0x9c, 0x48, 0xb4, 0xa9, 0x94, 0x08, 0x8b, 0xa6, 0xa4, 0x69, 0xbd, 0x0b,
  0xb4, 0xc9, 0x93, 0xc4, 0x83, 0xa6, 0x8b, 0xa6, 0x7b, 0x46, 0x9c, 0x09,
  0xb4, 0xeb, 0xbc, 0xca, 0xbc, 0xe9, 0xbc, 0xa8, 0xac, 0xa8, 0xa4, 0x26,
  0x7b, 0x66, 0x6a, 0x83, 0x5a, 0x65, 0x5a, 0x44, 0x4a, 0x24, 0x49, 0xe3,
  0x52, 0x45, 0x52, 0x25, 0x42, 0x05, 0x49, 0xc4, 0x41, 0x83, 0x62, 0x66,
  0x7a, 0x65, 0x72, 0x04, 0x41, 0x83, 0x41, 0x43, 0x31, 0xa5, 0x31, 0x84,
  0x29, 0x44, 0x29, 0x43, 0x31, 0x84, 0x39, 0x84, 0x31, 0x84, 0x39, 0x84,
  0x31, 0x84, 0x39, 0x84, 0x39, 0x84, 0x31, 0x43, 0x29, 0x44, 0x31, 0x43,
  0x29, 0x44, 0x31, 0x23, 0x29, 0x44, 0x31, 0x23, 0x29, 0x44, 0x29, 0x44,
  0x29, 0x64, 0x31, 0x64, 0x41, 0xe5, 0x41, 0xc5, 0x42, 0x05, 0x4a, 0x25,
  0x42, 0x45, 0x4a, 0x24, 0x42, 0x25, 0x42, 0x04, 0x3a, 0x04, 0x42, 0x04,
  0x42, 0x25, 0x4a, 0x45, 0x4a, 0x44, 0x4a, 0x24, 0x39, 0xc4, 0x31, 0x83,
  0xdd, 0xee, 0xdd, 0xee, 0xdd, 0xed, 0xdd, 0xee, 0xdd, 0xcd, 0xdd, 0xee,
  0xe6, 0x0e, 0xd5, 0xad, 0xcd, 0x0b, 0xbd, 0x0b, 0xb4, 0xaa, 0xbc, 0xeb,
  0xc4, 0xeb, 0xbc, 0xcb, 0xcc, 0xea, 0xc4, 0xeb, 0xcc, 0xc9, 0xc4, 0xea,
  0xcc, 0xa9, 0xbc, 0x88, 0xbc, 0x48, 0xb4, 0x28, 0xb4, 0x49, 0xa3, 0xe8,
  0x9b, 0x88, 0x93, 0x68, 0xd5, 0x2d, 0xc4, 0xcc, 0xc4, 0x49, 0xc4, 0x6a,
  0xd4, 0xaa, 0xd4, 0xcb, 0xdc, 0xeb, 0xcc, 0x89, 0xdd, 0x4d, 0xee, 0x10,
  0xdd, 0x4c, 0xcd, 0x2c, 0xed, 0x6b, 0xf5, 0xcd, 0xfd, 0xed, 0xe5, 0x6b,
  0x82, 0xa3, 0x72, 0x42, 0x7a, 0xc5, 0x8b, 0x68, 0xb3, 0xc9, 0xbc, 0x4b,
  0xb4, 0x09, 0xa3, 0xa7, 0x9b, 0x66, 0xab, 0xe9, 0xc4, 0x6a, 0xd5, 0x2d,
  0xdd, 0x6c, 0xd5, 0x6d, 0xdd, 0x6c, 0xdd, 0xad, 0xe5, 0xad, 0xdd, 0xad,
  0xed, 0xad, 0xe5, 0xce, 0xed, 0xed, 0xed, 0xee, 0xf6, 0x0d, 0xf6, 0x2e,
  0xfe, 0x6e, 0xf6, 0x6e, 0xfe, 0x4e, 0xf6, 0x6e, 0xf5, 0xed, 0xdd, 0x6c,
  0xdd, 0x2b, 0xdd, 0x4b, 0xe5, 0x6b, 0xdd, 0x4b, 0xe5, 0x8b, 0xe5, 0xac,
  0xed, 0xab, 0xe5, 0xab, 0xed, 0xcc, 0xed, 0xed, 0xed, 0xcc, 0xed, 0xed,
  0xed, 0xcd, 0xe5, 0xcd, 0xee, 0x0d, 0xee, 0x2e, 0xee, 0x0d, 0xee, 0x0d,
  0xed, 0xee, 0xee, 0x0e, 0xe5, 0xcd, 0xe5, 0xee, 0xee, 0x0e, 0xe6, 0x0f,
  0xed, 0xee, 0xe6, 0x0f, 0xed, 0xee, 0xee, 0x2f, 0xed, 0xee, 0xe6, 0x0e,
  0xee, 0x0f, 0xe6, 0x0f, 0xed, 0xee, 0xee, 0x0e, 0xf5, 0xee, 0xed, 0xee,
  0xf6, 0x0e, 0xee, 0x0e, 0xf6, 0x0d, 0xf6, 0x2e, 0xf6, 0x2d, 0xee, 0x0d,
  0xcc, 0xea, 0x93, 0x44, 0x72, 0x83, 0x93, 0xa8, 0xc4, 0xaa, 0xc4, 0xec,
  0xdc, 0xe9, 0xdd, 0x2b, 0xe5, 0x29, 0xed, 0x6a, 0xf5, 0x4a, 0xf5, 0x8b,
  0xf5, 0x4a, 0xed, 0x4a, 0xf5, 0x6b, 0xed, 0x6c, 0xf5, 0x6a, 0xed, 0x4a,
  0xdc, 0xca, 0xa3, 0x24, 0xaa, 0xc5, 0xa2, 0xa5, 0xd3, 0x46, 0xf4, 0x8b,
  0xf4, 0x48, 0xe4, 0x07, 0xf4, 0x89, 0xfd, 0x0b, 0xfd, 0x4b, 0xfd, 0xcd,
  0xfe, 0x2e, 0xfe, 0x4e, 0xf5, 0xcb, 0xf5, 0xcb, 0xf5, 0xac, 0xd4, 0xc9,
  0x9b, 0x46, 0xac, 0x09, 0xd5, 0xae, 0x83, 0x45, 0x6a, 0xa4, 0x6a, 0xe5,
  0x6a, 0xc5, 0x73, 0x26, 0x8b, 0xe7, 0x9c, 0x69, 0x9c, 0x28, 0x73, 0x24,
  0x8b, 0x87, 0x8b, 0xc8, 0x8b, 0xc6, 0x94, 0x08, 0x9c, 0x06, 0x9c, 0x68,
  0xac, 0x68, 0xb4, 0xca, 0x9c, 0x08, 0x8b, 0xc7, 0x9c, 0x27, 0xbd, 0x2b,
  0xb4, 0xa7, 0x93, 0xe4, 0x93, 0xc6, 0x8b, 0xc6, 0x83, 0x25, 0x94, 0x08,
  0xb4, 0xa9, 0xb4, 0xca, 0xbc, 0xc8, 0xac, 0xa8, 0xac, 0x47, 0x9c, 0x47,
  0x7b, 0x25, 0x6a, 0xc4, 0x62, 0x84, 0x52, 0x64, 0x4a, 0x03, 0x42, 0x03,
  0x52, 0x24, 0x52, 0x45, 0x49, 0xe4, 0x41, 0xe4, 0x49, 0x83, 0x5a, 0x26,
  0x7a, 0x24, 0x72, 0x24, 0x49, 0xa3, 0x41, 0x83, 0x31, 0x84, 0x29, 0x84,
  0x31, 0x43, 0x29, 0x64, 0x39, 0x63, 0x39, 0xa5, 0x39, 0x83, 0x39, 0xa4,
  0x39, 0x63, 0x39, 0xa4, 0x39, 0x63, 0x31, 0x63, 0x31, 0x43, 0x29, 0x43,
  0x31, 0x43, 0x31, 0x64, 0x31, 0x44, 0x31, 0x64, 0x31, 0x43, 0x29, 0x64,
  0x31, 0x43, 0x31, 0x64, 0x41, 0xa4, 0x41, 0xc5, 0x4a, 0x04, 0x4a, 0x25,
  0x4a, 0x24, 0x42, 0x25, 0x4a, 0x24, 0x42, 0x25, 0x39, 0xe3, 0x42, 0x25,
  0x42, 0x24, 0x42, 0x45, 0x4a, 0x44, 0x4a, 0x45, 0x41, 0xe4, 0x39, 0xc3,
  0xd5, 0xef, 0xde, 0x0f, 0xde, 0x0e, 0xdd, 0xce, 0xd5, 0xee, 0xdd, 0xee,
  0xdd, 0xee, 0xd5, 0x6c, 0xcd, 0x6c, 0xbc, 0xca, 0xb4, 0xaa, 0xbc, 0xeb,
  0xbc, 0xeb, 0xc4, 0xea, 0xc5, 0x0b, 0xc4, 0xca, 0xbc, 0xaa, 0xcc, 0xeb,
  0xcc, 0xcb, 0xbc, 0x48, 0xac, 0x28, 0xbc, 0x48, 0xb4, 0x8a, 0xa3, 0xc7,
  0x8b, 0x47, 0x8b, 0x06, 0xbc, 0x6b, 0xd4, 0xed, 0xb4, 0x09, 0xbc, 0x09,
  0xcc, 0xec, 0xd4, 0xec, 0xdd, 0x6e, 0xdd, 0x2c, 0xcc, 0xec, 0xe5, 0x6e,
  0xcd, 0x0c, 0xc4, 0xcb, 0xd5, 0x0b, 0xe5, 0x4c, 0xed, 0xac, 0xf5, 0xac,
  0xab, 0xe8, 0x82, 0x41, 0x7a, 0xe6, 0x8b, 0x27, 0x9b, 0x88, 0xab, 0xa9,
  0xab, 0xe8, 0xab, 0xc8, 0x93, 0x67, 0xa3, 0x87, 0xac, 0x09, 0xcc, 0xcc,
  0xd5, 0x4d, 0xdd, 0x4c, 0xd5, 0x8d, 0xdd, 0xad, 0xdd, 0xad, 0xe5, 0xad,
  0xe5, 0xad, 0xed, 0xcd, 0xed, 0xee, 0xed, 0xee, 0xee, 0x2f, 0xf6, 0x2e,
  0xee, 0x4e, 0xf6, 0x2e, 0xf6, 0x6f, 0xf6, 0x4e, 0xf6, 0x0e, 0xe5, 0x8c,
  0xdd, 0x6c, 0xdd, 0x4b, 0xdd, 0x6c, 0xdd, 0x4b, 0xdd, 0x6b, 0xed, 0xac,
  0xed, 0xcc, 0xed, 0xab, 0xe5, 0xac, 0xed, 0xac, 0xe5, 0xad, 0xed, 0xcd,
  0xe5, 0xcd, 0xed, 0xcd, 0xee, 0x0e, 0xf5, 0xed, 0xee, 0x0e, 0xee, 0x0e,
  0xee, 0x2f, 0xed, 0xcd, 0xe5, 0xce, 0xed, 0xce, 0xe6, 0x0f, 0xe5, 0xee,
  0xe5, 0xee, 0xe5, 0xee, 0xdd, 0xce, 0xed, 0xee, 0xe6, 0x0f, 0xe5, 0xee,
  0xe5, 0xef, 0xe5, 0xce, 0xe5, 0xef, 0xe5, 0xce, 0xed, 0xcf, 0xed, 0xce,
  0xed, 0xee, 0xed, 0xee, 0xf5, 0xee, 0xed, 0xcc, 0xdd, 0x8d, 0xbc, 0x48,
  0x72, 0xa5, 0x6a, 0x43, 0x83, 0x28, 0xb4, 0x6d, 0xa4, 0x08, 0xac, 0x08,
  0xcc, 0xaa, 0xe5, 0x4c, 0xed, 0xac, 0xfd, 0xcd, 0xf5, 0xed, 0xfd, 0xcc,
  0xed, 0x6b, 0xed, 0x4a, 0xed, 0x8b, 0xf5, 0xac, 0xf5, 0xac, 0xf5, 0x6b,
  0xe5, 0x4c, 0xab, 0x64, 0xb3, 0x88, 0xc3, 0xe8, 0xa2, 0x84, 0xb2, 0xc4,
  0xec, 0x8a, 0xec, 0x8a, 0xe4, 0x49, 0xf4, 0xaa, 0xf5, 0x4b, 0xfd, 0x6c,
  0xfe, 0x0e, 0xfe, 0x2e, 0xf6, 0x2d, 0xf5, 0xec, 0xf5, 0xac, 0xed, 0x4b,
  0xd4, 0xcc, 0xa3, 0x25, 0xac, 0xab, 0x93, 0x86, 0x6a, 0xc5, 0x6a, 0xa5,
  0x5a, 0x65, 0x6a, 0xc6, 0x7b, 0x66, 0x8b, 0xe8, 0x8b, 0xe8, 0x72, 0xe4,
  0x73, 0x26, 0x7b, 0x67, 0x7b, 0xa6, 0x8c, 0x08, 0x94, 0x27, 0xa4, 0x68,
  0x9c, 0x48, 0xa4, 0x47, 0x83, 0xc7, 0x7b, 0x45, 0x8b, 0xc6, 0xb4, 0xeb,
  0xac, 0x88, 0x93, 0xa4, 0x8b, 0xc7, 0x83, 0x65, 0x7b, 0x45, 0x93, 0xc7,
  0xa4, 0x89, 0xb4, 0xa9, 0xac, 0xa9, 0xb4, 0x88, 0x9c, 0x47, 0x93, 0xe5,
  0x73, 0x05, 0x6a, 0xc4, 0x62, 0xc6, 0x5a, 0x44, 0x4a, 0x04, 0x49, 0xe3,
  0x52, 0x45, 0x4a, 0x04, 0x41, 0xe4, 0x41, 0xa3, 0x41, 0xa4, 0x5a, 0x26,
  0x72, 0x25, 0x7a, 0x24, 0x41, 0xc4, 0x41, 0xa3, 0x29, 0x64, 0x29, 0x43,
  0x29, 0x44, 0x31, 0x44, 0x31, 0x84, 0x39, 0x64, 0x39, 0xa4, 0x39, 0x84,
  0x39, 0xa4, 0x39, 0x84, 0x39, 0x84, 0x39, 0x63, 0x29, 0x44, 0x31, 0x23,
  0x29, 0x23, 0x31, 0x43, 0x29, 0x44, 0x31, 0x44, 0x29, 0x44, 0x31, 0x23,
  0x29, 0x44, 0x31, 0x44, 0x39, 0xc5, 0x41, 0xc5, 0x3a, 0x04, 0x42, 0x04,
  0x3a, 0x25, 0x42, 0x04, 0x42, 0x25, 0x42, 0x24, 0x3a, 0x04, 0x42, 0x04,
  0x42, 0x25, 0x42, 0x24, 0x4a, 0x65, 0x52, 0x45, 0x39, 0xe5, 0x39, 0xc4,
  0xe6, 0x0f, 0xde, 0x0f, 0xe6, 0x0e, 0xde, 0x2f, 0xe5, 0xee, 0xdd, 0xee,
  0xe5, 0xce, 0xd5, 0x8d, 0xcd, 0x0b, 0xb4, 0x89, 0xc4, 0xea, 0xc5, 0x2c,
  0xc4, 0xea, 0xc5, 0x2b, 0xcd, 0x0a, 0xc4, 0xea, 0xcc, 0xea, 0xcd, 0x0b,
  0xcc, 0xca, 0xbc, 0x89, 0xb4, 0x28, 0xb4, 0x68, 0xbc, 0x8a, 0xac, 0x29,
  0x93, 0x66, 0x93, 0x87, 0xbc, 0x4a, 0xd5, 0x0d, 0xcc, 0x6a, 0xab, 0xc8,
  0xd4, 0xcc, 0xdd, 0x4e, 0xdd, 0x6d, 0xd5, 0x8d, 0xcc, 0xcb, 0xcd, 0x0c,
  0xcc, 0xeb, 0xc4, 0xcb, 0xd4, 0xea, 0xd5, 0x0b, 0xed, 0x6b, 0xed, 0xac,
  0xbb, 0xc6, 0x82, 0x61, 0x7a, 0x65, 0x7a, 0xc6, 0x8a, 0xe6, 0x9b, 0x89,
  0xa3, 0x88, 0xa3, 0xa8, 0x93, 0x26, 0xa3, 0xa8, 0xb3, 0xe8, 0xc4, 0x8b,
  0xd5, 0x2b, 0xd5, 0x4c, 0xdd, 0x6c, 0xdd, 0xad, 0xe5, 0xac, 0xdd, 0xad,
  0xed, 0xcd, 0xed, 0xcd, 0xf5, 0xed, 0xee, 0x0e, 0xfe, 0x4e, 0xf6, 0x6f,
  0xf6, 0x4e, 0xf6, 0x6e, 0xfe, 0x6e, 0xf6, 0x4e, 0xfe, 0x2d, 0xe5, 0xcc,
  0xe5, 0x6b, 0xdd, 0x8c, 0xe5, 0x6b, 0xdd, 0x8c, 0xe5, 0x6b, 0xed, 0xac,
  0xf5, 0xac, 0xed, 0xcc, 0xed, 0xab, 0xed, 0xcc, 0xed, 0xcc, 0xed, 0xcd,
  0xed, 0xcc, 0xed, 0xed, 0xf6, 0x0d, 0xee, 0x0d, 0xf5, 0xed, 0xee, 0x0e,
  0xed, 0xed, 0xe5, 0xed, 0xed, 0xcd, 0xe5, 0xee, 0xee, 0x0e, 0xee, 0x0e,
  0xed, 0xee, 0xe5, 0xee, 0xed, 0xee, 0xe6, 0x0e, 0xe5, 0xcd, 0xe5, 0xee,
  0xe5, 0xee, 0xe5, 0xee, 0xe5, 0xee, 0xee, 0x0f, 0xed, 0xce, 0xe5, 0xce,
  0xed, 0xad, 0xed, 0xce, 0xf5, 0xad, 0xe5, 0x8c, 0xab, 0xe8, 0x72, 0x42,
  0x59, 0xe3, 0x6a, 0x65, 0x93, 0x48, 0x93, 0x88, 0xab, 0xc7, 0xc4, 0xcb,
  0xe5, 0x4c, 0xed, 0xad, 0xfd, 0xcc, 0xf5, 0xcd, 0xf5, 0x6a, 0xed, 0x6a,
  0xf5, 0x29, 0xf5, 0x6a, 0xfd, 0x8a, 0xfd, 0xec, 0xfd, 0xab, 0xfd, 0xab,
  0xe5, 0x2a, 0xa3, 0x44, 0xbb, 0xc6, 0xfd, 0xf0, 0xec, 0xeb, 0x92, 0x62,
  0xc3, 0x46, 0xec, 0xcc, 0xf4, 0xca, 0xf4, 0xca, 0xfd, 0x0a, 0xfd, 0x2a,
  0xfd, 0x6b, 0xfe, 0x0d, 0xfe, 0x0c, 0xfe, 0x2d, 0xf5, 0x8b, 0xd4, 0xa8,
  0xe4, 0xaa, 0xd4, 0x69, 0xa3, 0xc7, 0x8b, 0x25, 0x6a, 0xa5, 0x6a, 0xa5,
  0x5a, 0x44, 0x62, 0x85, 0x73, 0x06, 0x83, 0xa8, 0x8b, 0xc8, 0x6a, 0xe5,
  0x73, 0x46, 0x7b, 0xa8, 0x8b, 0xc6, 0x8c, 0x28, 0x9c, 0x26, 0xa4, 0xa9,
  0xa4, 0x47, 0x9c, 0x27, 0x8b, 0xa7, 0x7b, 0x86, 0x8b, 0x85, 0xac, 0xcb,
  0xac, 0x67, 0x8b, 0xa5, 0x93, 0xa6, 0x83, 0x85, 0x83, 0x65, 0x8b, 0xc7,
  0xa4, 0x47, 0xac, 0xa9, 0xac, 0x88, 0xa4, 0x88, 0x9c, 0x27, 0x8b, 0xe6,
  0x73, 0x05, 0x6b, 0x05, 0x62, 0xc5, 0x52, 0x64, 0x4a, 0x04, 0x41, 0xe4,
  0x52, 0x45, 0x4a, 0x25, 0x4a, 0x04, 0x41, 0xc3, 0x49, 0xa3, 0x5a, 0x46,
  0x7a, 0x44, 0x72, 0x24, 0x41, 0xa3, 0x41, 0xc3, 0x29, 0x63, 0x29, 0x63,
  0x29, 0x23, 0x29, 0x64, 0x39, 0x63, 0x39, 0x84, 0x39, 0x84, 0x39, 0xa4,
  0x39, 0xa4, 0x39, 0xa4, 0x39, 0x83, 0x39, 0x84, 0x31, 0x43, 0x31, 0x43,
  0x31, 0x43, 0x29, 0x43, 0x31, 0x43, 0x31, 0x44, 0x31, 0x23, 0x29, 0x44,
  0x39, 0x63, 0x31, 0x84, 0x41, 0xa4, 0x41, 0xc5, 0x41, 0xe4, 0x42, 0x05,
  0x42, 0x24, 0x3a, 0x04, 0x42, 0x25, 0x42, 0x45, 0x42, 0x04, 0x3a, 0x24,
  0x42, 0x24, 0x42, 0x45, 0x52, 0x44, 0x4a, 0x65, 0x4a, 0x24, 0x39, 0xe4,
  0xde, 0x0f, 0xde, 0x0f, 0xdd, 0xef, 0xdd, 0xce, 0xdd, 0xce, 0xe5, 0xee,
  0xd5, 0x8d, 0xd5, 0x4b, 0xbc, 0xca, 0xbc, 0xa9, 0xc5, 0x2c, 0xcd, 0x2c,
  0xc5, 0x0b, 0xc4, 0xeb, 0xc5, 0x0b, 0xc4, 0xca, 0xc5, 0x0b, 0xc4, 0xea,
  0xcc, 0xea, 0xcc, 0xa9, 0xac, 0x28, 0xbc, 0x48, 0xb4, 0x6a, 0xb4, 0x29,
  0x8b, 0x66, 0xa3, 0xe8, 0xb4, 0x4a, 0xd4, 0xec, 0xd4, 0xcc, 0xb3, 0xe8,
  0xc4, 0xcc, 0xdd, 0x4e, 0xd5, 0x6d, 0xdd, 0x8e, 0xcd, 0x0d, 0xcc, 0xab,
  0xc4, 0xaa, 0xc4, 0x69, 0xcc, 0xcb, 0xd4, 0xaa, 0xdd, 0x4b, 0xe5, 0x4b,
  0xd4, 0xab, 0xab, 0x25, 0x6a, 0x03, 0x69, 0xe3, 0x7a, 0xa6, 0x93, 0x48,
  0xa3, 0xc9, 0xab, 0xa9, 0x8b, 0x06, 0x9b, 0x67, 0xac, 0x09, 0xbc, 0x4a,
  0xcd, 0x0c, 0xdd, 0x4c, 0xd5, 0x8d, 0xdd, 0xad, 0xdd, 0xad, 0xe5, 0xad,
  0xe5, 0xad, 0xed, 0xad, 0xee, 0x0e, 0xf6, 0x0e, 0xf6, 0x4f, 0xf6, 0x4e,
  0xf6, 0x4e, 0xf6, 0x4e, 0xf6, 0x6f, 0xfe, 0x4e, 0xf6, 0x2e, 0xed, 0xac,
  0xd5, 0x4b, 0xdd, 0x4b, 0xdd, 0x6c, 0xe5, 0x6b, 0xe5, 0x8b, 0xed, 0xab,
  0xed, 0xcc, 0xed, 0xcc, 0xe5, 0xac, 0xed, 0xcc, 0xe5, 0xcd, 0xed, 0xcd,
  0xe5, 0xee, 0xed, 0xcd, 0xe5, 0xcc, 0xed, 0xcc, 0xed, 0xee, 0xf6, 0x0e,
  0xee, 0x0e, 0xed, 0xcd, 0xee, 0x0f, 0xe5, 0xcd, 0xe6, 0x0f, 0xe5, 0xce,
  0xde, 0x0f, 0xe6, 0x0e, 0xe5, 0xee, 0xe5, 0xad, 0xdd, 0xce, 0xe5, 0xce,
  0xdd, 0xce, 0xe5, 0xce, 0xe5, 0xee, 0xe5, 0xee, 0xe5, 0xcf, 0xe5, 0xae,
  0xe5, 0xad, 0xe5, 0xad, 0xdd, 0x6d, 0xb4, 0x07, 0x6a, 0x65, 0x59, 0xc2,
  0x5a, 0x04, 0x83, 0x08, 0xa3, 0xe9, 0xb4, 0x2a, 0xc4, 0xcb, 0xcc, 0xcb,
  0xd5, 0x0a, 0xdd, 0x0b, 0xed, 0x6b, 0xed, 0x6a, 0xe5, 0x29, 0xed, 0x29,
  0xed, 0x6a, 0xfd, 0xcc, 0xfd, 0xec, 0xfd, 0xec, 0xfd, 0xab, 0xfd, 0xcb,
  0xcc, 0x69, 0x9a, 0xc2, 0xb3, 0xe8, 0xfe, 0x10, 0xfe, 0x6f, 0xd4, 0xe9,
  0xa2, 0xc4, 0xc3, 0xa7, 0xec, 0xca, 0xf4, 0xaa, 0xf4, 0xea, 0xf4, 0xc9,
  0xf5, 0x2a, 0xfd, 0x6b, 0xfd, 0xcc, 0xfe, 0x0d, 0xf5, 0xcd, 0xdc, 0xc9,
  0xdc, 0x89, 0xd4, 0x48, 0xb4, 0x09, 0x92, 0xa3, 0x6a, 0x65, 0x6a, 0x64,
  0x52, 0x44, 0x62, 0x85, 0x62, 0xe6, 0x7b, 0x68, 0x7b, 0xc9, 0x6b, 0x06,
  0x73, 0x27, 0x83, 0xa8, 0x8c, 0x08, 0x8b, 0xe7, 0x94, 0x07, 0x9c, 0x27,
  0xa4, 0x48, 0x9c, 0x07, 0x83, 0xa8, 0x7b, 0x46, 0x7b, 0x86, 0xa4, 0xab,
  0x9c, 0x68, 0x8b, 0x84, 0x83, 0xa6, 0x83, 0x65, 0x7b, 0x66, 0x83, 0x66,
  0x9c, 0x28, 0xac, 0x89, 0xa4, 0xa9, 0x9c, 0x27, 0x8c, 0x08, 0x83, 0x65,
  0x6b, 0x06, 0x6a, 0xe5, 0x62, 0xc7, 0x4a, 0x03, 0x41, 0xe4, 0x41, 0xc4,
  0x4a, 0x46, 0x4a, 0x05, 0x41, 0xe4, 0x41, 0xc3, 0x41, 0x84, 0x5a, 0x05,
  0x7a, 0x86, 0x7a, 0x24, 0x41, 0xe4, 0x39, 0xa2, 0x21, 0x63, 0x29, 0x43,
  0x29, 0x44, 0x31, 0x44, 0x31, 0x85, 0x39, 0x84, 0x39, 0xa5, 0x39, 0x63,
  0x31, 0x85, 0x39, 0x84, 0x31, 0x64, 0x39, 0x84, 0x31, 0x64, 0x31, 0x43,
  0x29, 0x44, 0x31, 0x44, 0x29, 0x44, 0x31, 0x44, 0x31, 0x64, 0x31, 0x23,
  0x29, 0x64, 0x31, 0x64, 0x31, 0xa4, 0x39, 0xc4, 0x39, 0xe5, 0x42, 0x04,
  0x3a, 0x25, 0x41, 0xe4, 0x3a, 0x05, 0x42, 0x25, 0x3a, 0x25, 0x42, 0x04,
  0x42, 0x45, 0x4a, 0x45, 0x4a, 0x45, 0x4a, 0x45, 0x42, 0x25, 0x41, 0xe3,
  0xde, 0x0e, 0xde, 0x0f, 0xe5, 0xee, 0xdd, 0xce, 0xe5, 0xad, 0xdd, 0xad,
  0xd5, 0x2b, 0xc4, 0xea, 0xbc, 0xc9, 0xc5, 0x0a, 0xd5, 0x4c, 0xc5, 0x0b,
  0xcd, 0x0b, 0xc5, 0x2c, 0xcd, 0x0a, 0xc5, 0x2b, 0xcd, 0x09, 0xcd, 0x2a,
  0xd5, 0x2a, 0xcc, 0xe9, 0xbc, 0x68, 0xbc, 0x69, 0xbc, 0x8a, 0xac, 0x49,
  0x9b, 0x66, 0xac, 0x4a, 0xbc, 0x49, 0xc4, 0xab, 0xdc, 0xeb, 0xc4, 0x8a,
  0xcc, 0x8a, 0xdd, 0x4d, 0xdd, 0x4c, 0xdd, 0x6d, 0xdd, 0x4d, 0xcc, 0xcb,
  0xcc, 0xa9, 0xc4, 0x89, 0xd4, 0xca, 0xcc, 0xcb, 0xd4, 0x89, 0xdd, 0x0b,
  0xed, 0x2c, 0xed, 0x4d, 0xbc, 0x29, 0x7a, 0x22, 0x7a, 0x64, 0x8b, 0x07,
  0xa3, 0xa8, 0xa3, 0xe9, 0x93, 0x25, 0x9b, 0x67, 0xab, 0xc8, 0xb4, 0x4a,
  0xcc, 0xeb, 0xd5, 0x6d, 0xdd, 0x8d, 0xdd, 0xae, 0xe5, 0xad, 0xdd, 0xad,
  0xed, 0x8c, 0xed, 0xad, 0xed, 0xcd, 0xf6, 0x2e, 0xfe, 0x4e, 0xf6, 0x4f,
  0xfe, 0x6e, 0xf6, 0x8f, 0xfe, 0x6e, 0xf6, 0x8f, 0xfe, 0x4d, 0xee, 0x0c,
  0xe5, 0x6b, 0xdd, 0x4b, 0xe5, 0x6b, 0xdd, 0x6c, 0xe5, 0x8b, 0xe5, 0xac,
  0xf5, 0xcc, 0xed, 0xac, 0xed, 0xab, 0xed, 0xcc, 0xed, 0xac, 0xed, 0xee,
  0xed, 0xcd, 0xed, 0xed, 0xed, 0xcc, 0xed, 0xec, 0xf5, 0xed, 0xee, 0x0e,
  0xed, 0xed, 0xed, 0xed, 0xee, 0x0e, 0xe5, 0xee, 0xe5, 0xcd, 0xe5, 0xee,
  0xee, 0x0f, 0xdd, 0xee, 0xe5, 0xcd, 0xdd, 0xcd, 0xe5, 0xad, 0xe5, 0xcd,
  0xe5, 0xad, 0xe5, 0xce, 0xe5, 0xee, 0xe5, 0xef, 0xe5, 0xce, 0xe5, 0xce,
  0xed, 0xad, 0xd5, 0x2b, 0xab, 0xe7, 0x72, 0x62, 0x51, 0xa3, 0x5a, 0x04,
  0x82, 0xc6, 0xa4, 0x0b, 0xbc, 0x29, 0xac, 0x08, 0xb3, 0xe6, 0xc4, 0x89,
  0xdc, 0xe9, 0xdd, 0x4b, 0xed, 0x6a, 0xed, 0x6a, 0xf5, 0x69, 0xf5, 0xaa,
  0xfd, 0xeb, 0xfd, 0xec, 0xfd, 0xeb, 0xfd, 0xeb, 0xfd, 0xcb, 0xfd, 0xcb,
  0xc3, 0xc7, 0xa3, 0x24, 0xab, 0x45, 0xf5, 0xaf, 0xfe, 0x6d, 0xfe, 0x8e,
  0xe5, 0x0c, 0x9a, 0xe3, 0xdc, 0x08, 0xf4, 0xeb, 0xf4, 0xc8, 0xf4, 0xe9,
  0xfd, 0x4a, 0xfd, 0x8b, 0xfd, 0xcc, 0xfd, 0xec, 0xfe, 0x0d, 0xf5, 0xed,
  0xe4, 0xea, 0xd4, 0xa9, 0xc3, 0xe8, 0x9a, 0xc4, 0x6a, 0x23, 0x6a, 0x64,
  0x5a, 0x23, 0x5a, 0x85, 0x6a, 0xe6, 0x73, 0x68, 0x83, 0xc8, 0x62, 0xe5,
  0x73, 0x06, 0x83, 0xc9, 0x8b, 0xe7, 0x8b, 0xe7, 0x9c, 0x27, 0x94, 0x27,
  0xa4, 0x48, 0x94, 0x07, 0x7b, 0x66, 0x73, 0x46, 0x83, 0xa6, 0xa4, 0xcb,
  0xa4, 0x68, 0x8b, 0xa5, 0x8b, 0xa6, 0x83, 0x86, 0x7b, 0x45, 0x7b, 0x86,
  0x9c, 0x07, 0x9c, 0x28, 0xa4, 0x48, 0x94, 0x07, 0x83, 0xa6, 0x73, 0x45,
  0x6a, 0xa4, 0x6a, 0xc5, 0x62, 0x85, 0x4a, 0x23, 0x41, 0xc4, 0x39, 0xc4,
  0x49, 0xe4, 0x4a, 0x05, 0x49, 0xe4, 0x41, 0xc4, 0x49, 0xa3, 0x52, 0x05,
  0x82, 0x65, 0x72, 0x24, 0x41, 0xc3, 0x39, 0xa3, 0x29, 0x63, 0x21, 0x63,
  0x31, 0x43, 0x31, 0x64, 0x39, 0x84, 0x39, 0xa5, 0x39, 0x84, 0x39, 0x84,
  0x39, 0x83, 0x31, 0x84, 0x39, 0x83, 0x39, 0x84, 0x31, 0x63, 0x31, 0x63,
  0x31, 0x43, 0x29, 0x43, 0x31, 0x64, 0x31, 0x64, 0x31, 0x64, 0x31, 0x64,
  0x31, 0x43, 0x31, 0x84, 0x39, 0x83, 0x39, 0xe5, 0x4a, 0x04, 0x4a, 0x25,
  0x42, 0x04, 0x42, 0x25, 0x4a, 0x24, 0x42, 0x45, 0x42, 0x24, 0x3a, 0x24,
  0x4a, 0x24, 0x4a, 0x65, 0x4a, 0x24, 0x42, 0x25, 0x4a, 0x24, 0x42, 0x04,
  0xde, 0x0f, 0xd5, 0xad, 0xd5, 0xcd, 0xdd, 0xcc, 0xdd, 0xac, 0xcd, 0x0a,
  0xc4, 0xea, 0xb4, 0x68, 0xb4, 0xaa, 0xc5, 0x0b, 0xcd, 0x6d, 0xc4, 0xeb,
  0xc5, 0x0c, 0xcd, 0x0b, 0xc5, 0x2b, 0xcd, 0x2b, 0xcd, 0x0a, 0xd5, 0x0a,
  0xcd, 0x2b, 0xcc, 0xc9, 0xbc, 0x8a, 0xbc, 0x89, 0xb4, 0x8a, 0xb4, 0x49,
  0x9b, 0xc8, 0xb4, 0x29, 0xb4, 0x4a, 0xbc, 0x6a, 0xd4, 0xec, 0xcc, 0xab,
  0xc4, 0x6a, 0xdd, 0x0c, 0xd5, 0x6e, 0xdd, 0x6d, 0xdd, 0x4e, 0xcc, 0xab,
  0xbc, 0x49, 0xcc, 0x6a, 0xd4, 0xcc, 0xb3, 0xa7, 0xab, 0x25, 0xcc, 0x08,
  0xcc, 0x48, 0xdc, 0xa9, 0xed, 0x6d, 0xcc, 0x27, 0x82, 0x84, 0x82, 0x43,
  0x9b, 0x88, 0xab, 0xc9, 0x8b, 0x26, 0x93, 0x26, 0xa3, 0xe8, 0xb4, 0x29,
  0xc4, 0xeb, 0xdd, 0x6c, 0xd5, 0x8d, 0xdd, 0x6d, 0xdd, 0xad, 0xe5, 0x8d,
  0xe5, 0x8d, 0xed, 0xad, 0xed, 0xcd, 0xf6, 0x0e, 0xf6, 0x2e, 0xf6, 0x2e,
  0xf6, 0x6f, 0xf6, 0x6f, 0xf6, 0x90, 0xf6, 0x6f, 0xf6, 0x4e, 0xed, 0xec,
  0xe5, 0x8c, 0xe5, 0x4a, 0xdd, 0x6c, 0xe5, 0x8d, 0xe5, 0x6c, 0xed, 0x8c,
  0xed, 0xcc, 0xed, 0xac, 0xed, 0xed, 0xe5, 0x8b, 0xe5, 0xac, 0xed, 0xcd,
  0xe5, 0xcd, 0xed, 0xac, 0xe5, 0xcc, 0xed, 0xec, 0xee, 0x2e, 0xee, 0x0d,
  0xee, 0x2e, 0xe5, 0xcc, 0xe6, 0x0f, 0xe5, 0xce, 0xe5, 0xce, 0xe5, 0xce,
  0xdd, 0xef, 0xe5, 0xce, 0xd5, 0x8d, 0xe5, 0xae, 0xe5, 0xcf, 0xe5, 0x8e,
  0xdd, 0xae, 0xe5, 0xce, 0xe5, 0xcf, 0xe5, 0xae, 0xdd, 0xae, 0xe5, 0x8d,
  0xcc, 0xed, 0xab, 0x87, 0x5a, 0x04, 0x51, 0x82, 0x5a, 0x04, 0x7a, 0xe8,
  0x9b, 0x68, 0x93, 0x07, 0x93, 0x25, 0xab, 0xc8, 0xc4, 0x69, 0xdc, 0xea,
  0xe5, 0x6b, 0xf5, 0x8c, 0xf5, 0xcc, 0xfd, 0xcb, 0xf5, 0xab, 0xfd, 0xcb,
  0xfe, 0x0c, 0xfd, 0xcb, 0xfd, 0xcb, 0xfd, 0xaa, 0xfd, 0xab, 0xf5, 0x49,
  0xbb, 0xc7, 0xb3, 0x45, 0x9a, 0xe5, 0xe4, 0xec, 0xf6, 0x0e, 0xfe, 0x2e,
  0xfe, 0xb1, 0xd4, 0xea, 0xaa, 0xc4, 0xec, 0xab, 0xfc, 0xeb, 0xf4, 0xa9,
  0xed, 0x4b, 0xfd, 0xcc, 0xfd, 0xee, 0xfe, 0x0e, 0xf6, 0x2e, 0xfe, 0x2d,
  0xf5, 0xce, 0xd4, 0xc9, 0xc4, 0x09, 0x92, 0x62, 0x62, 0x44, 0x6a, 0x44,
  0x52, 0x24, 0x5a, 0x24, 0x5a, 0x85, 0x72, 0xe7, 0x7b, 0x88, 0x73, 0x06,
  0x6b, 0x06, 0x83, 0xa8, 0x83, 0xe7, 0x8b, 0xe7, 0x94, 0x48, 0x94, 0x27,
  0x94, 0x08, 0x93, 0xe7, 0x7b, 0x87, 0x73, 0x46, 0x7b, 0xa7, 0x9c, 0x6a,
  0x9c, 0x89, 0x8b, 0x85, 0x83, 0xa7, 0x83, 0x86, 0x7b, 0x66, 0x7b, 0x45,
  0x8b, 0xe8, 0x94, 0x08, 0x9c, 0x29, 0x93, 0xc7, 0x7b, 0x87, 0x7b, 0x25,
  0x6a, 0xe6, 0x62, 0xa4, 0x52, 0x65, 0x49, 0xe3, 0x39, 0xc4, 0x41, 0xa4,
  0x41, 0xe5, 0x49, 0xe4, 0x39, 0xe4, 0x41, 0xa3, 0x41, 0xc4, 0x49, 0xc4,
  0x7a, 0x66, 0x7a, 0x45, 0x41, 0xc4, 0x39, 0x83, 0x21, 0x64, 0x21, 0x23,
  0x29, 0x64, 0x31, 0x43, 0x31, 0x85, 0x41, 0xa5, 0x31, 0x85, 0x39, 0x84,
  0x39, 0xa5, 0x39, 0x84, 0x31, 0x64, 0x39, 0x84, 0x29, 0x64, 0x31, 0x43,
  0x29, 0x44, 0x31, 0x43, 0x31, 0x64, 0x31, 0x64, 0x29, 0x64, 0x29, 0x43,
  0x29, 0x64, 0x31, 0x64, 0x31, 0x84, 0x41, 0xc5, 0x42, 0x05, 0x4a, 0x05,
  0x42, 0x25, 0x42, 0x04, 0x42, 0x45, 0x4a, 0x25, 0x42, 0x25, 0x42, 0x04,
  0x42, 0x24, 0x4a, 0x25, 0x42, 0x45, 0x4a, 0x24, 0x42, 0x25, 0x42, 0x04,
  0xdd, 0xad, 0xd5, 0xad, 0xe5, 0xcd, 0xdd, 0xcd, 0xd5, 0x4b, 0xb4, 0x88,
  0xbc, 0xa8, 0xbc, 0xc9, 0xc4, 0xea, 0xcd, 0x6c, 0xcd, 0x0b, 0xbc, 0xeb,
  0xcd, 0x2b, 0xcd, 0x2c, 0xcd, 0x2b, 0xc5, 0x2b, 0xd5, 0x0a, 0xd5, 0x2a,
  0xdd, 0x4b, 0xc4, 0xa9, 0xb4, 0x27, 0xbc, 0xa9, 0xbc, 0x8a, 0xac, 0x28,
  0xab, 0xe8, 0xb4, 0x6a, 0xbc, 0x28, 0xbc, 0x69, 0xdd, 0x0b, 0xd4, 0xeb,
  0xd4, 0xaa, 0xd4, 0xcb, 0xdd, 0x4d, 0xd5, 0x4d, 0xdd, 0x2c, 0xd5, 0x2c,
  0xc4, 0x29, 0xc4, 0x49, 0xd4, 0x6b, 0xa3, 0x27, 0xb3, 0x05, 0xbb, 0x87,
  0xcb, 0xc7, 0xcc, 0x08, 0xdc, 0xc8, 0xed, 0x6b, 0xc4, 0x08, 0x8a, 0x82,
  0x92, 0xc6, 0xbc, 0x0b, 0xa3, 0x87, 0x93, 0x26, 0xa3, 0xa6, 0xac, 0x08,
  0xc4, 0xaa, 0xd5, 0x4c, 0xdd, 0x8c, 0xdd, 0xcd, 0xe5, 0x8c, 0xe5, 0xad,
  0xed, 0x8c, 0xed, 0xcd, 0xf5, 0xed, 0xf6, 0x0d, 0xf6, 0x2e, 0xf6, 0x4e,
  0xf6, 0x4e, 0xf6, 0x90, 0xfe, 0x6f, 0xf6, 0x90, 0xfe, 0x6e, 0xee, 0x0d,
  0xed, 0x8b, 0xe5, 0x8b, 0xed, 0xad, 0xe5, 0xad, 0xe5, 0x8c, 0xe5, 0xad,
  0xed, 0xcc, 0xed, 0xcd, 0xed, 0xec, 0xe5, 0xcc, 0xed, 0xcc, 0xed, 0xcd,
  0xed, 0xcc, 0xe5, 0xcd, 0xed, 0xcc, 0xed, 0xed, 0xf6, 0x0d, 0xee, 0x0d,
  0xf5, 0xed, 0xe5, 0xcd, 0xed, 0xed, 0xdd, 0xcd, 0xe5, 0xcd, 0xdd, 0xcd,
  0xe5, 0xad, 0xdd, 0xad, 0xdd, 0x8d, 0xdd, 0xad, 0xe5, 0xad, 0xe5, 0xae,
  0xe5, 0xad, 0xe5, 0xce, 0xe5, 0xce, 0xe5, 0xae, 0xdd, 0x4c, 0xcc, 0xeb,
  0x9b, 0xa8, 0x6a, 0x22, 0x49, 0xa3, 0x52, 0x05, 0x72, 0x86, 0x83, 0x08,
  0x8a, 0xe5, 0x9b, 0xa8, 0xcc, 0x69, 0xd5, 0x0b, 0xe5, 0x2a, 0xdd, 0x2a,
  0xed, 0x49, 0xf5, 0xab, 0xfd, 0x8a, 0xf5, 0x6a, 0xfd, 0xab, 0xfe, 0x0d,
  0xfd, 0xeb, 0xf5, 0xeb, 0xfd, 0xca, 0xfd, 0xeb, 0xfd, 0xab, 0xd4, 0x86,
  0xcc, 0x07, 0xcc, 0x28, 0xa2, 0xc4, 0xcc, 0x4a, 0xed, 0x4b, 0xf5, 0xcd,
  0xfe, 0x2e, 0xfe, 0x90, 0xdc, 0xaa, 0xb3, 0x86, 0xec, 0x48, 0xf4, 0xcb,
  0xf5, 0x0a, 0xf5, 0x4b, 0xfd, 0x8b, 0xfd, 0xcc, 0xfe, 0x0c, 0xfe, 0x2d,
  0xfe, 0x6f, 0xf6, 0x2e, 0xcc, 0x69, 0x8a, 0xa3, 0x6a, 0x84, 0x62, 0x84,
  0x5a, 0x24, 0x4a, 0x04, 0x5a, 0x24, 0x5a, 0x86, 0x6a, 0xc6, 0x62, 0xc6,
  0x6a, 0xc5, 0x73, 0x47, 0x83, 0xc6, 0x8c, 0x28, 0x93, 0xe6, 0x8c, 0x06,
  0x93, 0xe7, 0x8b, 0xe7, 0x83, 0xc7, 0x7b, 0xa7, 0x7b, 0x45, 0x94, 0x6a,
  0x9c, 0x27, 0x83, 0x85, 0x83, 0x85, 0x8b, 0xe7, 0x8b, 0xa6, 0x7b, 0x66,
  0x93, 0xe7, 0x94, 0x08, 0x93, 0xc7, 0x8b, 0xc7, 0x7b, 0x66, 0x73, 0x25,
  0x62, 0x84, 0x5a, 0x64, 0x52, 0x24, 0x49, 0xe3, 0x41, 0xa3, 0x41, 0xc4,
  0x52, 0x04, 0x4a, 0x05, 0x41, 0xa3, 0x41, 0xe4, 0x49, 0xa4, 0x41, 0xc4,
  0x7a, 0x45, 0x72, 0x45, 0x41, 0xa3, 0x31, 0x62, 0x29, 0x63, 0x21, 0x64,
  0x31, 0x43, 0x29, 0x43, 0x39, 0x63, 0x31, 0x84, 0x39, 0x84, 0x39, 0x84,
  0x39, 0x84, 0x31, 0x84, 0x39, 0x83, 0x31, 0x84, 0x31, 0x63, 0x31, 0x64,
  0x31, 0x43, 0x31, 0x64, 0x39, 0x64, 0x31, 0x84, 0x31, 0x63, 0x29, 0x64,
  0x31, 0x63, 0x31, 0x84, 0x39, 0x84, 0x41, 0xe5, 0x49, 0xe4, 0x4a, 0x25,
  0x42, 0x04, 0x42, 0x05, 0x4a, 0x45, 0x4a, 0x45, 0x4a, 0x65, 0x3a, 0x24,
  0x4a, 0x24, 0x42, 0x45, 0x4a, 0x44, 0x42, 0x45, 0x4a, 0x04, 0x42, 0x24,
  0xd5, 0xce, 0xdd, 0xcd, 0xdd, 0xad, 0xdd, 0xad, 0xbc, 0xea, 0xc4, 0xea,
  0xbc, 0xaa, 0xbc, 0xa9, 0xc5, 0x2c, 0xc5, 0x0b, 0xc5, 0x0b, 0xc4, 0xeb,
  0xc5, 0x2c, 0xcd, 0x2c, 0xcd, 0x2b, 0xcc, 0xea, 0xcd, 0x2b, 0xd5, 0x0a,
  0xd5, 0x4c, 0xc4, 0xc9, 0xac, 0x28, 0xbc, 0x89, 0xb4, 0x6a, 0xa3, 0xc7,
  0xa3, 0xe8, 0xc4, 0xab, 0xbc, 0x6a, 0xbc, 0x49, 0xd5, 0x0c, 0xd4, 0xeb,
  0xd4, 0xec, 0xd4, 0x8a, 0xcc, 0xec, 0xd4, 0xeb, 0xcc, 0xec, 0xdd, 0x2c,
  0xcc, 0x8b, 0xbb, 0xc8, 0xab, 0x68, 0xa2, 0xc5, 0xb3, 0x27, 0xc3, 0x67,
  0xbb, 0x87, 0xc3, 0x67, 0xcc, 0x07, 0xe4, 0x89, 0xe5, 0x0b, 0xcc, 0x07,
  0x8a, 0x84, 0xab, 0x26, 0x9b, 0x48, 0x8a, 0xc5, 0xa3, 0xc8, 0xb4, 0x29,
  0xbc, 0x8a, 0xd5, 0x2c, 0xd5, 0x8d, 0xdd, 0x8d, 0xdd, 0xad, 0xe5, 0xad,
  0xe5, 0xad, 0xed, 0xad, 0xee, 0x0e, 0xf6, 0x0d, 0xee, 0x2e, 0xf6, 0x2e,
  0xf6, 0x4e, 0xfe, 0x6f, 0xf6, 0x8f, 0xfe, 0x8f, 0xfe, 0x8f, 0xf6, 0x2d,
  0xe5, 0x6c, 0xe5, 0x6b, 0xe5, 0xad, 0xe5, 0x8c, 0xe5, 0xad, 0xed, 0xcd,
  0xed, 0xcd, 0xed, 0xcd, 0xe5, 0xcd, 0xed, 0xac, 0xe5, 0xcd, 0xed, 0xcd,
  0xe5, 0xce, 0xed, 0xad, 0xe5, 0xcd, 0xed, 0xcc, 0xed, 0xed, 0xf5, 0xed,
  0xed, 0xed, 0xed, 0xac, 0xdd, 0xce, 0xdd, 0xad, 0xdd, 0xad, 0xdd, 0x8c,
  0xd5, 0x8d, 0xdd, 0x8c, 0xdd, 0xce, 0xe5, 0x8d, 0xdd, 0x8d, 0xe5, 0x8d,
  0xdd, 0xae, 0xe5, 0xad, 0xdd, 0xae, 0xdd, 0x6d, 0xc4, 0xcc, 0xa3, 0x86,
  0x62, 0x24, 0x51, 0xa2, 0x49, 0xe5, 0x5a, 0x06, 0x6a, 0x24, 0x8a, 0xc6,
  0xb4, 0x4a, 0xd4, 0xec, 0xdd, 0x2b, 0xdc, 0xea, 0xdc, 0xe9, 0xe5, 0x2a,
  0xed, 0x4a, 0xf5, 0x4a, 0xf5, 0x6a, 0xf5, 0x49, 0xfd, 0xcc, 0xfd, 0xcc,
  0xf5, 0xec, 0xfd, 0xcb, 0xf5, 0xcb, 0xfd, 0xcb, 0xe5, 0x0a, 0xc3, 0xc5,
  0xdc, 0xca, 0xcc, 0x07, 0x8a, 0x23, 0xbb, 0x88, 0xdc, 0xeb, 0xe5, 0x0b,
  0xed, 0xac, 0xfe, 0x0e, 0xfe, 0x4f, 0xe5, 0x6b, 0xc3, 0xa6, 0xdc, 0x28,
  0xec, 0xea, 0xf5, 0x0a, 0xed, 0x2a, 0xfd, 0x4a, 0xfd, 0xcc, 0xfd, 0xec,
  0xf6, 0x0e, 0xfe, 0x2e, 0xee, 0x0f, 0xa3, 0xa5, 0x62, 0x84, 0x62, 0x43,
  0x49, 0xe4, 0x49, 0xe4, 0x52, 0x25, 0x52, 0x05, 0x5a, 0xa6, 0x62, 0x86,
  0x62, 0xe6, 0x6b, 0x07, 0x7b, 0xa7, 0x8b, 0xc7, 0x94, 0x28, 0x93, 0xe7,
  0x8c, 0x08, 0x8b, 0xe7, 0x7b, 0xa7, 0x7b, 0x46, 0x6b, 0x25, 0x94, 0x49,
  0x9c, 0x49, 0x8b, 0xa6, 0x83, 0xa6, 0x8b, 0xe7, 0x83, 0x87, 0x83, 0x45,
  0x83, 0xa7, 0x8b, 0xa7, 0x83, 0xa7, 0x83, 0x86, 0x73, 0x26, 0x6a, 0xe5,
  0x5a, 0x85, 0x5a, 0x44, 0x4a, 0x24, 0x49, 0xe3, 0x41, 0xc4, 0x49, 0xc4,
  0x52, 0x05, 0x49, 0xc4, 0x41, 0xe5, 0x49, 0xc4, 0x41, 0xc4, 0x41, 0x83,
  0x6a, 0x45, 0x72, 0x45, 0x41, 0xc3, 0x39, 0x41, 0x29, 0x84, 0x31, 0x84,
  0x29, 0x64, 0x29, 0x43, 0x31, 0x64, 0x39, 0x64, 0x31, 0x64, 0x39, 0x64,
  0x31, 0x84, 0x39, 0x64, 0x31, 0x84, 0x39, 0x84, 0x31, 0x85, 0x31, 0x64,
  0x29, 0x44, 0x31, 0x43, 0x29, 0x44, 0x39, 0x64, 0x29, 0x84, 0x31, 0x64,
  0x31, 0x84, 0x31, 0x84, 0x31, 0x84, 0x39, 0x84, 0x41, 0xe5, 0x4a, 0x05,
  0x42, 0x25, 0x41, 0xe4, 0x42, 0x45, 0x4a, 0x45, 0x42, 0x45, 0x42, 0x04,
  0x42, 0x25, 0x42, 0x24, 0x42, 0x45, 0x4a, 0x24, 0x42, 0x45, 0x4a, 0x25,
  0xe5, 0xed, 0xdd, 0xed, 0xe5, 0xed, 0xd5, 0x6c, 0xbc, 0x68, 0xb4, 0xa9,
  0xbc, 0x89, 0xc5, 0x2c, 0xc4, 0xca, 0xc4, 0xea, 0xcd, 0x2b, 0xc5, 0x2c,
  0xd5, 0x4c, 0xc5, 0x2b, 0xd5, 0x2b, 0xc5, 0x0b, 0xd5, 0x2a, 0xcd, 0x2b,
  0xcd, 0x0a, 0xcd, 0x0a, 0xbc, 0x89, 0xbc, 0xaa, 0xbc, 0x69, 0x9b, 0xc7,
  0xbc, 0x49, 0xc4, 0xab, 0xbc, 0x49, 0xab, 0xe8, 0xcc, 0xaa, 0xd5, 0x0c,
  0xdc, 0xcb, 0xd4, 0xab, 0xc4, 0x28, 0xcc, 0xaa, 0xcc, 0xaa, 0xcc, 0xcb,
  0xd4, 0xab, 0xc4, 0x49, 0xb3, 0x67, 0x9a, 0xa4, 0xb2, 0xc5, 0xb3, 0x26,
  0xbb, 0x46, 0xbb, 0x46, 0xc3, 0x46, 0xcb, 0xc8, 0xdc, 0x68, 0xe4, 0xca,
  0xd4, 0x27, 0xa3, 0x03, 0x92, 0xe5, 0x8a, 0xc5, 0xa3, 0xa7, 0xb4, 0x2a,
  0xbc, 0x49, 0xd5, 0x4d, 0xdd, 0x8d, 0xdd, 0xce, 0xe5, 0xad, 0xe5, 0xae,
  0xf5, 0xcd, 0xed, 0xcd, 0xed, 0xcc, 0xf6, 0x2e, 0xf6, 0x0d, 0xf6, 0x2e,
  0xf6, 0x4d, 0xf6, 0x6e, 0xf6, 0x6e, 0xf6, 0x6e, 0xfe, 0x4e, 0xf6, 0x2e,
  0xed, 0x8c, 0xdd, 0x4b, 0xed, 0xac, 0xe5, 0xac, 0xe5, 0x8b, 0xed, 0xcd,
  0xf5, 0xcc, 0xed, 0xcd, 0xed, 0xac, 0xed, 0xcd, 0xf5, 0xed, 0xed, 0xed,
  0xed, 0xcc, 0xed, 0xed, 0xed, 0xcc, 0xed, 0xed, 0xed, 0xcb, 0xed, 0xec,
  0xed, 0xcc, 0xe5, 0xcc, 0xe5, 0xac, 0xdd, 0xad, 0xe5, 0xcd, 0xdd, 0xad,
  0xdd, 0x6c, 0xdd, 0xad, 0xe5, 0x8c, 0xdd, 0x8d, 0xdd, 0x6c, 0xdd, 0x8d,
  0xdd, 0x6c, 0xdd, 0xad, 0xdd, 0x4d, 0xcc, 0xeb, 0xac, 0x0a, 0x72, 0x63,
  0x51, 0xa2, 0x51, 0xc3, 0x61, 0xe3, 0x72, 0x86, 0xa3, 0x46, 0xbc, 0x4a,
  0xd4, 0xea, 0xd4, 0xeb, 0xdc, 0xc9, 0xd4, 0xe9, 0xe4, 0xc8, 0xe5, 0x2a,
  0xf5, 0x29, 0xed, 0x49, 0xf5, 0x69, 0xfd, 0x8a, 0xfd, 0x8a, 0xf5, 0xab,
  0xfd, 0xcb, 0xfd, 0xcb, 0xfd, 0xab, 0xf5, 0x8a, 0xd4, 0x47, 0xd4, 0x68,
  0xe4, 0xea, 0xb3, 0xa5, 0x81, 0xe2, 0xb3, 0x89, 0xe4, 0x8a, 0xe4, 0xab,
  0xed, 0x2a, 0xfd, 0xcd, 0xfe, 0x0c, 0xfe, 0x4e, 0xf5, 0x8c, 0xcc, 0x47,
  0xec, 0xe9, 0xf5, 0x6b, 0xf5, 0x6a, 0xed, 0x2a, 0xfd, 0x8b, 0xfd, 0xac,
  0xfd, 0xcc, 0xfd, 0xed, 0xfe, 0x4f, 0xd5, 0x2a, 0x72, 0x83, 0x6a, 0x42,
  0x52, 0x03, 0x52, 0x24, 0x52, 0x24, 0x4a, 0x25, 0x5a, 0x85, 0x52, 0x65,
  0x5a, 0xa5, 0x6b, 0x27, 0x83, 0xa6, 0x83, 0xe8, 0x93, 0xe6, 0x8b, 0xe7,
  0x8b, 0xc7, 0x8b, 0xe7, 0x83, 0xc7, 0x83, 0xe8, 0x6b, 0x25, 0x8c, 0x49,
  0x9c, 0x49, 0x83, 0xc7, 0x8b, 0xa6, 0x94, 0x08, 0x7b, 0x45, 0x73, 0x25,
  0x73, 0x25, 0x7b, 0xa8, 0x7b, 0x86, 0x73, 0x66, 0x73, 0x26, 0x62, 0xc4,
  0x62, 0xa5, 0x52, 0x44, 0x4a, 0x04, 0x4a, 0x25, 0x49, 0xc3, 0x4a, 0x04,
  0x5a, 0x25, 0x4a, 0x05, 0x41, 0xc3, 0x41, 0xe4, 0x41, 0xc4, 0x39, 0x83,
  0x6a, 0x24, 0x72, 0x86, 0x51, 0xe3, 0x41, 0x82, 0x31, 0xa4, 0x31, 0xa4,
  0x31, 0x63, 0x29, 0x64, 0x31, 0x43, 0x31, 0x84, 0x39, 0x64, 0x31, 0x84,
  0x39, 0x84, 0x31, 0x84, 0x39, 0xa4, 0x39, 0xa4, 0x31, 0x63, 0x31, 0x64,
  0x31, 0x43, 0x31, 0x64, 0x31, 0x43, 0x31, 0x84, 0x31, 0x84, 0x29, 0x84,
  0x31, 0x83, 0x31, 0xa4, 0x39, 0x83, 0x31, 0x84, 0x49, 0xe5, 0x41, 0xe5,
  0x4a, 0x25, 0x42, 0x25, 0x4a, 0x45, 0x4a, 0x65, 0x42, 0x24, 0x42, 0x24,
  0x4a, 0x24, 0x42, 0x24, 0x42, 0x24, 0x42, 0x45, 0x4a, 0x24, 0x4a, 0x65,
  0xe6, 0x2f, 0xdd, 0xcd, 0xdd, 0xcd, 0xc4, 0xc9, 0xa4, 0x08, 0xbc, 0xca,
  0xc5, 0x2c, 0xbc, 0xaa, 0xb4, 0x89, 0xc4, 0xeb, 0xc5, 0x2c, 0xcd, 0x4c,
  0xcd, 0x4c, 0xcd, 0x2b, 0xcd, 0x2b, 0xd5, 0x2b, 0xcd, 0x4c, 0xd5, 0x2b,
  0xcd, 0x2b, 0xc4, 0xea, 0xb4, 0x49, 0xbc, 0x69, 0xac, 0x29, 0xa3, 0xc7,
  0xb4, 0x6a, 0xb4, 0x49, 0xa3, 0xe8, 0xa3, 0xa7, 0xc4, 0xcc, 0xd5, 0x2d,
  0xd4, 0xcb, 0xd4, 0xaa, 0xcc, 0x6a, 0xc3, 0xe7, 0xc4, 0x6a, 0xcc, 0x8b,
  0xcc, 0xab, 0xd4, 0xcb, 0xcc, 0x6b, 0xab, 0x26, 0xa2, 0x84, 0xaa, 0xc5,
  0xb3, 0x06, 0xbb, 0x47, 0xbb, 0x46, 0xc3, 0x66, 0xc3, 0xc7, 0xdc, 0x49,
  0xdc, 0xa9, 0xd4, 0x07, 0x92, 0xe5, 0x92, 0xa4, 0x9b, 0x88, 0xb4, 0x4b,
  0xb4, 0x49, 0xc4, 0xaa, 0xd5, 0x8e, 0xdd, 0x8d, 0xdd, 0x8e, 0xe5, 0x8d,
  0xe5, 0xcd, 0xed, 0xad, 0xed, 0xee, 0xf5, 0xed, 0xf6, 0x2f, 0xf6, 0x0e,
  0xf6, 0x4f, 0xfe, 0x2f, 0xf6, 0x6f, 0xf6, 0x6f, 0xf6, 0x6f, 0xf6, 0x2e,
  0xed, 0xcd, 0xdd, 0x2b, 0xdd, 0x8c, 0xdd, 0x4b, 0xe5, 0xac, 0xed, 0xac,
  0xed, 0xac, 0xf5, 0xcc, 0xe5, 0xac, 0xed, 0xac, 0xed, 0xcd, 0xe5, 0x8c,
  0xe5, 0xac, 0xed, 0xcc, 0xe5, 0xec, 0xed, 0xec, 0xe5, 0xcc, 0xed, 0xcb,
  0xe5, 0xcd, 0xed, 0xcc, 0xdd, 0xad, 0xdd, 0xad, 0xde, 0x0f, 0xe5, 0xce,
  0xdd, 0x8e, 0xd5, 0x4c, 0xdd, 0x8d, 0xdd, 0x4c, 0xd5, 0x4c, 0xdd, 0x6c,
  0xdd, 0x8d, 0xd5, 0x2b, 0xc4, 0xab, 0xb3, 0xe8, 0x6a, 0x45, 0x59, 0xa2,
  0x52, 0x05, 0x6a, 0x66, 0x8b, 0x06, 0xab, 0xc9, 0xc4, 0x69, 0xd4, 0xaa,
  0xd4, 0xca, 0xd4, 0x89, 0xcc, 0xa9, 0xd4, 0xc9, 0xdc, 0xea, 0xdc, 0xc9,
  0xed, 0x09, 0xf5, 0x49, 0xf5, 0x8b, 0xfd, 0xab, 0xfd, 0xab, 0xfd, 0x8a,
  0xfd, 0xcb, 0xfd, 0xab, 0xfd, 0x8b, 0xec, 0xe8, 0xd4, 0x48, 0xdc, 0x68,
  0xdd, 0x0c, 0xb3, 0x65, 0x71, 0xe3, 0xab, 0x48, 0xdc, 0x8a, 0xdc, 0x49,
  0xdc, 0xca, 0xf5, 0x4c, 0xf5, 0xcd, 0xfe, 0x0d, 0xfe, 0x50, 0xf5, 0xee,
  0xf5, 0xcd, 0xf5, 0x8c, 0xf5, 0x8c, 0xed, 0x4a, 0xec, 0xea, 0xfd, 0x4b,
  0xf5, 0x6c, 0xfd, 0x6c, 0xfe, 0x2e, 0xfd, 0xed, 0x8b, 0x47, 0x72, 0x22,
  0x4a, 0x24, 0x52, 0x03, 0x42, 0x04, 0x52, 0x24, 0x63, 0x08, 0x5a, 0x86,
  0x52, 0xa6, 0x62, 0xc6, 0x7b, 0x87, 0x8b, 0xe8, 0x8b, 0xe7, 0x93, 0xc7,
  0x8b, 0xe8, 0x8b, 0xc7, 0x7b, 0xa7, 0x8c, 0x08, 0x63, 0x46, 0x83, 0xe8,
  0x8b, 0xe8, 0x83, 0x86, 0x83, 0xc7, 0x8b, 0xc7, 0x6b, 0x26, 0x62, 0xc4,
  0x5a, 0xc5, 0x6b, 0x06, 0x6b, 0x46, 0x6b, 0x05, 0x62, 0xe6, 0x62, 0xa4,
  0x5a, 0x86, 0x4a, 0x04, 0x4a, 0x25, 0x4a, 0x04, 0x41, 0xe4, 0x4a, 0x04,
  0x4a, 0x25, 0x4a, 0x04, 0x39, 0xc4, 0x41, 0xc4, 0x39, 0xc5, 0x39, 0x83,
  0x62, 0x25, 0x7a, 0x86, 0x4a, 0x04, 0x49, 0xa3, 0x29, 0xa5, 0x29, 0x64,
  0x29, 0x64, 0x31, 0x43, 0x31, 0x44, 0x31, 0x64, 0x31, 0x84, 0x39, 0x64,
  0x39, 0xa5, 0x31, 0x63, 0x31, 0x84, 0x39, 0xa4, 0x29, 0x64, 0x31, 0x43,
  0x31, 0x44, 0x31, 0x44, 0x31, 0x64, 0x31, 0x64, 0x31, 0x85, 0x31, 0x64,
  0x31, 0xa5, 0x31, 0x84, 0x31, 0xa4, 0x31, 0x63, 0x39, 0xc5, 0x41, 0xc5,
  0x3a, 0x05, 0x42, 0x04, 0x42, 0x45, 0x4a, 0x65, 0x42, 0x45, 0x42, 0x24,
  0x42, 0x45, 0x42, 0x04, 0x42, 0x24, 0x42, 0x24, 0x4a, 0x45, 0x4a, 0x45,
  0xe5, 0xed, 0xde, 0x0d, 0xdd, 0xcd, 0xb4, 0xa9, 0xb4, 0x68, 0xc5, 0x0b,
  0xbc, 0xaa, 0xbc, 0xeb, 0xcc, 0xeb, 0xcd, 0x2c, 0xc5, 0x0a, 0xd5, 0x8d,
  0xd5, 0x4c, 0xcd, 0x6c, 0xcd, 0x0b, 0xcd, 0x2b, 0xd5, 0x2a, 0xcd, 0x0a,
  0xd5, 0x0a, 0xc4, 0xc9, 0xac, 0x08, 0xb4, 0x49, 0xac, 0x29, 0xa3, 0xe8,
  0xb4, 0x4a, 0x9b, 0xe8, 0x9b, 0x87, 0x93, 0x67, 0xc4, 0x4a, 0xd5, 0x0d,
  0xe5, 0x0c, 0xd4, 0xcb, 0xdc, 0xcb, 0xbc, 0x08, 0xc4, 0x28, 0xc4, 0x49,
  0xc4, 0xab, 0xd5, 0x4d, 0xcc, 0x8a, 0xb3, 0xc8, 0xa2, 0x85, 0x9a, 0x44,
  0xa2, 0x44, 0xb3, 0x07, 0xc3, 0x67, 0xbb, 0x67, 0xcb, 0xa6, 0xcb, 0xe7,
  0xd4, 0x48, 0xdc, 0xca, 0xb3, 0x87, 0x8a, 0x62, 0xa3, 0x67, 0xb4, 0x2a,
  0xbc, 0x28, 0xc4, 0xaa, 0xdd, 0x6c, 0xdd, 0xae, 0xe5, 0x8d, 0xe5, 0xce,
  0xed, 0x8c, 0xed, 0xcd, 0xf5, 0xed, 0xee, 0x0d, 0xf6, 0x2d, 0xf6, 0x4e,
  0xf6, 0x4e, 0xf6, 0x4e, 0xf6, 0x4e, 0xf6, 0xb0, 0xfe, 0x8f, 0xf6, 0x6f,
  0xed, 0xab, 0xdd, 0x4a, 0xe5, 0x6b, 0xe5, 0x8c, 0xed, 0xac, 0xe5, 0xcd,
  0xed, 0xac, 0xed, 0xed, 0xed, 0x8c, 0xed, 0xac, 0xed, 0xac, 0xed, 0xcd,
  0xed, 0xcc, 0xed, 0xed, 0xed, 0xec, 0xee, 0x0c, 0xed, 0xcb, 0xed, 0xcc,
  0xed, 0xcc, 0xed, 0xec, 0xe5, 0xac, 0xe6, 0x0e, 0xe6, 0x0e, 0xdd, 0xce,
  0xdd, 0x8c, 0xd5, 0x6c, 0xdd, 0x6b, 0xd5, 0x4b, 0xdd, 0x4b, 0xd5, 0x4b,
  0xd4, 0xea, 0xbc, 0x68, 0x9b, 0x68, 0x72, 0x63, 0x59, 0xc4, 0x5a, 0x05,
  0x82, 0xc6, 0x93, 0x48, 0xbc, 0x07, 0xc4, 0x49, 0xd4, 0xc9, 0xcc, 0xc9,
  0xd4, 0x89, 0xcc, 0xa9, 0xd4, 0xa9, 0xd4, 0xea, 0xd4, 0x88, 0xdc, 0xe9,
  0xed, 0x08, 0xed, 0x6a, 0xfd, 0xaa, 0xfd, 0xcb, 0xfd, 0xab, 0xfd, 0xab,
  0xfd, 0x8a, 0xf5, 0x6a, 0xfd, 0x6a, 0xe4, 0xe8, 0xe4, 0xca, 0xd4, 0x69,
  0xe4, 0xeb, 0xa3, 0x04, 0x82, 0x03, 0x9b, 0x07, 0xdc, 0x48, 0xdc, 0x89,
  0xdc, 0x68, 0xed, 0x0a, 0xed, 0x4a, 0xfd, 0xed, 0xfe, 0x4f, 0xfe, 0x4f,
  0xfd, 0xed, 0xf5, 0xcc, 0xf5, 0x8b, 0xed, 0x4b, 0xf5, 0x0a, 0xf5, 0x2b,
  0xfd, 0x2b, 0xfd, 0x4c, 0xfd, 0xcc, 0xfe, 0x6f, 0xbc, 0x49, 0x7a, 0x82,
  0x5a, 0x43, 0x62, 0xc6, 0x5a, 0x44, 0x5a, 0xa6, 0x63, 0x07, 0x5a, 0xc6,
  0x5a, 0x85, 0x62, 0xe7, 0x73, 0x46, 0x83, 0xc9, 0x8b, 0xc6, 0x8b, 0xe7,
  0x93, 0xe6, 0x8b, 0xe6, 0x83, 0xe6, 0x84, 0x07, 0x63, 0x05, 0x73, 0xa7,
  0x83, 0xa7, 0x73, 0x66, 0x8b, 0xc6, 0x8b, 0xc7, 0x6a, 0xe5, 0x5a, 0xa4,
  0x62, 0xc5, 0x62, 0xe6, 0x6b, 0x05, 0x6b, 0x26, 0x6a, 0xe5, 0x52, 0x64,
  0x5a, 0x45, 0x4a, 0x04, 0x41, 0xc4, 0x4a, 0x05, 0x41, 0xe4, 0x4a, 0x25,
  0x52, 0x04, 0x4a, 0x25, 0x41, 0xc3, 0x41, 0xe4, 0x41, 0xa4, 0x39, 0xa4,
  0x6a, 0x25, 0x72, 0xa7, 0x52, 0x03, 0x49, 0xc2, 0x29, 0x63, 0x21, 0x63,
  0x31, 0x43, 0x29, 0x64, 0x31, 0x43, 0x31, 0x84, 0x39, 0x84, 0x39, 0x84,
  0x39, 0x83, 0x31, 0x84, 0x39, 0x83, 0x31, 0xa4, 0x31, 0x63, 0x29, 0x63,
  0x31, 0x43, 0x31, 0x43, 0x31, 0x43, 0x31, 0x64, 0x31, 0x84, 0x31, 0xa4,
  0x39, 0xa4, 0x31, 0xa4, 0x39, 0x83, 0x31, 0xa4, 0x41, 0xc4, 0x41, 0xe5,
  0x4a, 0x05, 0x42, 0x04, 0x42, 0x44, 0x42, 0x85, 0x4a, 0x65, 0x42, 0x44,
  0x4a, 0x24, 0x3a, 0x24, 0x4a, 0x24, 0x4a, 0x45, 0x52, 0x45, 0x4a, 0x45,
  0xd5, 0xac, 0xdd, 0xac, 0xd5, 0x8d, 0xac, 0x27, 0xb4, 0x89, 0xbc, 0xca,
  0xb4, 0x89, 0xcd, 0x2c, 0xcd, 0x4c, 0xc5, 0x0b, 0xc5, 0x2b, 0xd5, 0x6c,
  0xcd, 0x6c, 0xcd, 0x2b, 0xcd, 0x4c, 0xcd, 0x2b, 0xcd, 0x0a, 0xcd, 0x0a,
  0xcd, 0x2b, 0xc4, 0xa9, 0xac, 0x28, 0xbc, 0x8a, 0xa4, 0x2a, 0x9b, 0x87,
  0x9b, 0xe9, 0x9b, 0xa8, 0x8b, 0x67, 0x8b, 0x26, 0xab, 0xe9, 0xcc, 0xed,
  0xd4, 0xcb, 0xd4, 0xaa, 0xd4, 0x8a, 0xcc, 0x08, 0xb3, 0xe8, 0xc4, 0x29,
  0xbc, 0x8b, 0xcc, 0xec, 0xc4, 0x6b, 0xbc, 0x29, 0xb3, 0x47, 0xa2, 0x84,
  0x81, 0xe3, 0x81, 0xc2, 0x92, 0xa7, 0xb3, 0x8a, 0xc3, 0xa9, 0xc3, 0xa8,
  0xc3, 0xe7, 0xd4, 0x28, 0xcc, 0x6a, 0xa2, 0xe4, 0x9b, 0x47, 0xb3, 0xe9,
  0xb4, 0x29, 0xbc, 0x28, 0xd5, 0x6d, 0xdd, 0x8d, 0xdd, 0xad, 0xe5, 0xad,
  0xe5, 0xad, 0xed, 0xac, 0xed, 0xed, 0xf5, 0xed, 0xee, 0x2e, 0xf6, 0x0d,
  0xf6, 0x4e, 0xfe, 0x4e, 0xf6, 0x6f, 0xfe, 0x8f, 0xf6, 0x8f, 0xfe, 0x8f,
  0xed, 0xcd, 0xe5, 0x6b, 0xe5, 0x6c, 0xe5, 0x6b, 0xe5, 0xcd, 0xed, 0xcd,
  0xed, 0xcd, 0xf5, 0xed, 0xe5, 0xac, 0xed, 0xac, 0xe5, 0xac, 0xed, 0xac,
  0xe5, 0xac, 0xed, 0xcc, 0xe5, 0xcc, 0xed, 0xcc, 0xe5, 0xcc, 0xed, 0xcc,
  0xed, 0xed, 0xed, 0xac, 0xe5, 0xcd, 0xed, 0xed, 0xdd, 0xee, 0xe5, 0xce,
  0xd5, 0x6c, 0xd5, 0x6c, 0xd5, 0x4b, 0xdd, 0x4b, 0xd5, 0x4b, 0xcc, 0xc9,
  0xb4, 0x49, 0xa3, 0x85, 0x72, 0x86, 0x61, 0xe3, 0x62, 0x04, 0x82, 0xc7,
  0xa3, 0x88, 0xbc, 0x0a, 0xcc, 0x8a, 0xd4, 0xaa, 0xcc, 0xa9, 0xcc, 0x89,
  0xcc, 0xaa, 0xcc, 0x89, 0xcc, 0xaa, 0xcc, 0x48, 0xd4, 0x89, 0xe4, 0xca,
  0xe5, 0x29, 0xf5, 0x4a, 0xf5, 0x8b, 0xfd, 0x8b, 0xf5, 0x6b, 0xfd, 0x6a,
  0xfd, 0x8b, 0xfd, 0x4a, 0xed, 0x2a, 0xed, 0x09, 0xd4, 0x69, 0xd4, 0x68,
  0xcc, 0x8b, 0x92, 0xa3, 0x8a, 0xa5, 0xb3, 0x89, 0xcc, 0x08, 0xdc, 0x69,
  0xdc, 0x69, 0xdc, 0x68, 0xec, 0xea, 0xf5, 0x4b, 0xed, 0xad, 0xfe, 0x0e,
  0xfe, 0x0e, 0xf5, 0xcc, 0xed, 0x6c, 0xf5, 0x4b, 0xed, 0x0b, 0xf5, 0x0a,
  0xf5, 0x6c, 0xfd, 0x6c, 0xf5, 0xad, 0xfe, 0x2e, 0xdd, 0x8e, 0x8a, 0xa3,
  0x5a, 0xa6, 0x62, 0xa5, 0x5a, 0xa5, 0x62, 0xc6, 0x5a, 0xe6, 0x52, 0x84,
  0x52, 0x65, 0x5a, 0x85, 0x6b, 0x26, 0x7b, 0x67, 0x83, 0xa7, 0x8b, 0xe7,
  0x83, 0xc6, 0x8b, 0xc6, 0x7b, 0xc7, 0x8c, 0x08, 0x6b, 0x46, 0x6b, 0x26,
  0x7b, 0x87, 0x7b, 0x66, 0x83, 0xc7, 0x8b, 0xc7, 0x62, 0xe5, 0x52, 0x43,
  0x52, 0x85, 0x5a, 0xa5, 0x62, 0xe6, 0x62, 0xc5, 0x62, 0xe6, 0x5a, 0x64,
  0x4a, 0x45, 0x49, 0xe4, 0x42, 0x05, 0x41, 0xe4, 0x39, 0xc4, 0x49, 0xe4,
  0x4a, 0x25, 0x4a, 0x04, 0x41, 0xe4, 0x41, 0xc3, 0x39, 0xa4, 0x39, 0x84,
  0x59, 0xe4, 0x72, 0xa7, 0x5a, 0x44, 0x49, 0x81, 0x21, 0x64, 0x21, 0x23,
  0x29, 0x44, 0x29, 0x23, 0x29, 0x44, 0x31, 0x64, 0x31, 0x84, 0x39, 0x64,
  0x31, 0xa4, 0x39, 0x84, 0x31, 0xa5, 0x39, 0xa4, 0x31, 0x84, 0x31, 0x43,
  0x31, 0x64, 0x31, 0x44, 0x31, 0x64, 0x31, 0x64, 0x31, 0x84, 0x39, 0x84,
  0x31, 0xa4, 0x31, 0x84, 0x31, 0xa4, 0x39, 0x84, 0x39, 0xc5, 0x41, 0xc5,
  0x3a, 0x05, 0x41, 0xe4, 0x42, 0x45, 0x4a, 0x65, 0x4a, 0x86, 0x42, 0x24,
  0x42, 0x25, 0x42, 0x04, 0x42, 0x45, 0x4a, 0x45, 0x4a, 0x66, 0x4a, 0x45,
  0xe6, 0x0d, 0xdd, 0xcd, 0xd5, 0x6c, 0x9b, 0xe6, 0xb4, 0x48, 0xbc, 0xaa,
  0xcd, 0x2b, 0xcd, 0x6c, 0xcd, 0x2b, 0xc5, 0x2c, 0xd5, 0x6c, 0xcd, 0x6c,
  0xd5, 0x6c, 0xcd, 0x6c, 0xd5, 0x2b, 0xc4, 0xea, 0xd5, 0x0a, 0xd5, 0x2b,
  0xd5, 0x2b, 0xcd, 0x0a, 0xbc, 0x69, 0xbc, 0x8a, 0x9b, 0xa7, 0x93, 0xa7,
  0x9b, 0xc8, 0x93, 0xc8, 0x9b, 0xa8, 0x8b, 0x67, 0x8b, 0x26, 0xbc, 0xcc,
  0xdc, 0xeb, 0xd4, 0xeb, 0xdc, 0x89, 0xd4, 0x69, 0xb3, 0xc7, 0xc4, 0x6a,
  0xc4, 0x6a, 0xbc, 0x6a, 0xc4, 0x29, 0xc4, 0x4a, 0xcc, 0x09, 0xab, 0x05,
  0x92, 0x24, 0x79, 0xa2, 0x69, 0xc4, 0x7a, 0x46, 0xab, 0x27, 0xbb, 0xca,
  0xcc, 0x28, 0xcc, 0x48, 0xd4, 0x28, 0xb3, 0x66, 0x92, 0xc4, 0xab, 0xa8,
  0xb3, 0xc7, 0xbc, 0x49, 0xd5, 0x0b, 0xdd, 0x8d, 0xe5, 0xad, 0xdd, 0xcd,
  0xed, 0xac, 0xe5, 0xcd, 0xf5, 0xed, 0xee, 0x0d, 0xf5, 0xed, 0xf6, 0x0e,
  0xfe, 0x2d, 0xfe, 0x6e, 0xf6, 0x2e, 0xf6, 0x6f, 0xfe, 0x6e, 0xf6, 0x8f,
  0xfe, 0x0c, 0xe5, 0x8b, 0xe5, 0x8b, 0xe5, 0x6b, 0xed, 0xcc, 0xe5, 0xcc,
  0xed, 0xcc, 0xed, 0xec, 0xed, 0xab, 0xe5, 0x8b, 0xed, 0xab, 0xed, 0xec,
  0xed, 0xac, 0xe5, 0xac, 0xed, 0xcc, 0xe5, 0xcc, 0xed, 0xab, 0xed, 0xcc,
  0xed, 0xcc, 0xe5, 0xcc, 0xe5, 0xac, 0xe5, 0xcd, 0xe5, 0xcd, 0xdd, 0xad,
  0xdd, 0x6b, 0xd5, 0x4b, 0xdd, 0x2a, 0xd4, 0xea, 0xcc, 0xa9, 0xbc, 0x48,
  0xa3, 0x87, 0x82, 0xc4, 0x62, 0x24, 0x5a, 0x25, 0x8a, 0xe6, 0xa3, 0xa9,
  0xcc, 0x49, 0xcc, 0x6a, 0xd4, 0x89, 0xcc, 0x89, 0xc4, 0x48, 0xc4, 0x89,
  0xcc, 0x8a, 0xcc, 0x8a, 0xcc, 0x48, 0xcc, 0x89, 0xe4, 0xc9, 0xdc, 0xea,
  0xed, 0x08, 0xed, 0x29, 0xfd, 0x49, 0xfd, 0x8a, 0xfd, 0x4a, 0xfd, 0x6a,
  0xfd, 0x69, 0xfd, 0x6a, 0xfd, 0x4a, 0xed, 0x09, 0xd4, 0x67, 0xdc, 0xc9,
  0xbc, 0x09, 0x7a, 0x42, 0x92, 0xc6, 0xc4, 0x6c, 0xdc, 0xa9, 0xcc, 0x48,
  0xdc, 0x48, 0xdc, 0x48, 0xe4, 0x67, 0xf5, 0x0a, 0xf5, 0x6b, 0xf5, 0xac,
  0xfd, 0xcc, 0xf5, 0xac, 0xf5, 0x6b, 0xf5, 0x8c, 0xf5, 0x2a, 0xed, 0x2a,
  0xfd, 0xac, 0xfd, 0xcd, 0xfd, 0xac, 0xfd, 0xed, 0xfe, 0x2f, 0xa3, 0x64,
  0x5a, 0x44, 0x52, 0x44, 0x5a, 0xa5, 0x63, 0x07, 0x62, 0xa5, 0x5a, 0xa5,
  0x52, 0x44, 0x52, 0x85, 0x6b, 0x06, 0x73, 0x88, 0x83, 0xa6, 0x8b, 0xe7,
  0x83, 0xc6, 0x83, 0xc6, 0x83, 0xc6, 0x83, 0xe7, 0x6b, 0x45, 0x63, 0x25,
  0x7b, 0x66, 0x73, 0x86, 0x8b, 0xe7, 0x8c, 0x08, 0x62, 0xa4, 0x52, 0x63,
  0x5a, 0x44, 0x52, 0x65, 0x62, 0xc5, 0x5a, 0xc6, 0x5a, 0xa5, 0x52, 0x64,
  0x52, 0x45, 0x42, 0x04, 0x49, 0xe4, 0x42, 0x05, 0x41, 0xc3, 0x42, 0x04,
  0x52, 0x24, 0x4a, 0x25, 0x41, 0xc3, 0x39, 0xc3, 0x41, 0xa4, 0x39, 0xa4,
  0x59, 0xc3, 0x72, 0xc8, 0x6a, 0x64, 0x49, 0x81, 0x29, 0x43, 0x29, 0x43,
  0x29, 0x43, 0x29, 0x64, 0x29, 0x43, 0x31, 0x84, 0x31, 0x83, 0x31, 0x84,
  0x39, 0x84, 0x39, 0xa4, 0x41, 0xa4, 0x39, 0xa4, 0x39, 0x83, 0x31, 0x83,
  0x31, 0x43, 0x31, 0x64, 0x39, 0x64, 0x31, 0x84, 0x31, 0x84, 0x31, 0xa4,
  0x39, 0xa4, 0x39, 0xc4, 0x39, 0xa4, 0x31, 0xa4, 0x39, 0xa4, 0x39, 0xe5,
  0x42, 0x04, 0x39, 0xe4, 0x42, 0x04, 0x42, 0x45, 0x52, 0x85, 0x42, 0x45,
  0x42, 0x04, 0x42, 0x24, 0x42, 0x24, 0x42, 0x45, 0x4a, 0x44, 0x4a, 0x86,
  0xd5, 0xcd, 0xdd, 0xad, 0xc5, 0x2c, 0xa3, 0xe7, 0xbc, 0xaa, 0xc4, 0xeb,
  0xc5, 0x2c, 0xd5, 0x4c, 0xc5, 0x4c, 0xc5, 0x0b, 0xcd, 0x4c, 0xd5, 0x6c,
  0xcd, 0x6d, 0xd5, 0x6c, 0xcd, 0x4c, 0xcd, 0x0b, 0xcd, 0x2b, 0xd5, 0x0a,
  0xd5, 0x2b, 0xcc, 0xca, 0xb4, 0x69, 0xac, 0x28, 0x9b, 0xe8, 0xa3, 0xe8,
  0x9b, 0xe9, 0x9b, 0xc8, 0x93, 0xc9, 0x8b, 0x47, 0x72, 0xc5, 0x93, 0x88,
  0xcc, 0xec, 0xc4, 0x8a, 0xd4, 0xaa, 0xcc, 0x49, 0xb3, 0xe8, 0xb3, 0xa7,
  0xb4, 0x09, 0xb3, 0xe8, 0xb3, 0xc8, 0xbc, 0x09, 0xcc, 0x29, 0xbb, 0x86,
  0x9a, 0xa6, 0x89, 0xe2, 0x59, 0xa4, 0x59, 0x83, 0x69, 0xe4, 0x8a, 0xc8,
  0xb3, 0xc9, 0xc3, 0xe9, 0xbb, 0xe9, 0xab, 0x46, 0x82, 0x85, 0xa3, 0x47,
  0xac, 0x08, 0xbc, 0x29, 0xc4, 0xeb, 0xdd, 0x6d, 0xdd, 0xad, 0xe5, 0xcd,
  0xe5, 0xcd, 0xed, 0xcd, 0xed, 0xee, 0xf5, 0xed, 0xf6, 0x2f, 0xf6, 0x2e,
  0xf6, 0x2f, 0xfe, 0x4e, 0xf6, 0x4f, 0xf6, 0x4f, 0xf6, 0x8f, 0xf6, 0x4e,
  0xf6, 0x2e, 0xe5, 0x8b, 0xe5, 0x8c, 0xe5, 0x8c, 0xe5, 0xcd, 0xe5, 0x8c,
  0xed, 0xed, 0xf5, 0xed, 0xe5, 0xac, 0xed, 0xac, 0xe5, 0xed, 0xed, 0xcd,
  0xed, 0xed, 0xe5, 0xac, 0xe5, 0xec, 0xed, 0xcc, 0xed, 0xcc, 0xed, 0xcb,
  0xe5, 0xec, 0xe5, 0xab, 0xe5, 0xcd, 0xed, 0xcd, 0xdd, 0xce, 0xdd, 0xad,
  0xd5, 0x6c, 0xcd, 0x0b, 0xc4, 0x49, 0xc4, 0x28, 0xa3, 0x87, 0x9b, 0x25,
  0x7a, 0x86, 0x6a, 0x03, 0x62, 0x04, 0x82, 0xe7, 0xab, 0xc8, 0xbc, 0x4a,
  0xc4, 0x6a, 0xc4, 0x29, 0xbc, 0x28, 0xbc, 0x08, 0xbc, 0x49, 0xbc, 0x08,
  0xbc, 0x29, 0xc4, 0x29, 0xcc, 0x69, 0xcc, 0x69, 0xd4, 0xa9, 0xe4, 0xea,
  0xed, 0x09, 0xed, 0x09, 0xf5, 0x6a, 0xf5, 0x49, 0xf5, 0x4a, 0xfd, 0x4a,
  0xf5, 0x6a, 0xfd, 0x4a, 0xed, 0x2a, 0xe4, 0xe8, 0xd4, 0x88, 0xdc, 0xc9,
  0x82, 0xe6, 0x6a, 0x02, 0x8a, 0xa5, 0xc4, 0x2b, 0xe5, 0x4b, 0xed, 0x2b,
  0xd4, 0x28, 0xdc, 0x48, 0xdc, 0x68, 0xec, 0xa9, 0xf5, 0x4b, 0xfd, 0x8c,
  0xf5, 0x8c, 0xed, 0x4b, 0xf5, 0x8c, 0xf5, 0x6b, 0xe5, 0x0a, 0xed, 0x0a,
  0xf5, 0xad, 0xfd, 0xcd, 0xfd, 0xcd, 0xfd, 0xcd, 0xfe, 0x0e, 0xd4, 0x88,
  0x51, 0xe2, 0x59, 0xe2, 0x52, 0x66, 0x5a, 0x86, 0x52, 0x65, 0x52, 0x65,
  0x52, 0x65, 0x52, 0x65, 0x62, 0xe6, 0x73, 0x47, 0x7b, 0x86, 0x83, 0xa7,
  0x83, 0xe7, 0x7b, 0x86, 0x73, 0x87, 0x8c, 0x08, 0x6b, 0x67, 0x5a, 0xc4,
  0x73, 0x47, 0x7b, 0x87, 0x73, 0x66, 0x73, 0x25, 0x52, 0x65, 0x52, 0x23,
  0x4a, 0x45, 0x52, 0x65, 0x5a, 0xc6, 0x62, 0xc6, 0x52, 0x85, 0x52, 0x44,
  0x4a, 0x25, 0x41, 0xe4, 0x42, 0x05, 0x49, 0xe4, 0x39, 0xe4, 0x41, 0xe4,
  0x4a, 0x25, 0x52, 0x25, 0x41, 0xe4, 0x41, 0xa3, 0x39, 0xc5, 0x41, 0xa4,
  0x49, 0xa4, 0x62, 0x66, 0x72, 0x85, 0x51, 0x81, 0x29, 0x43, 0x29, 0x23,
  0x29, 0x44, 0x31, 0x64, 0x29, 0x44, 0x31, 0x64, 0x31, 0x84, 0x31, 0x64,
  0x31, 0xa5, 0x39, 0xa4, 0x39, 0xa5, 0x39, 0x84, 0x31, 0xa4, 0x31, 0x63,
  0x31, 0x44, 0x31, 0x43, 0x31, 0x64, 0x39, 0x64, 0x29, 0x84, 0x31, 0x84,
  0x31, 0xc5, 0x39, 0xa4, 0x31, 0xa4, 0x31, 0x83, 0x31, 0xa4, 0x41, 0xc5,
  0x41, 0xe5, 0x41, 0xc4, 0x3a, 0x05, 0x4a, 0x65, 0x4a, 0x86, 0x42, 0x24,
  0x42, 0x45, 0x42, 0x24, 0x42, 0x25, 0x4a, 0x45, 0x42, 0x45, 0x4a, 0x45,
  0xd5, 0x8d, 0xcd, 0x8d, 0xb4, 0x48, 0xb4, 0xaa, 0xcd, 0x0b, 0xcd, 0x0b,
  0xcd, 0x0b, 0xd5, 0x6c, 0xd5, 0x6c, 0xd5, 0x8c, 0xd5, 0x4c, 0xd5, 0x6d,
  0xdd, 0x8d, 0xcd, 0x6c, 0xd5, 0x4b, 0xcd, 0x4c, 0xd5, 0x2a, 0xcd, 0x09,
  0xd4, 0xe9, 0xbc, 0x88, 0xb4, 0x28, 0xac, 0x28, 0xa3, 0xc8, 0x9b, 0xe8,
  0xa3, 0xc8, 0x9b, 0xc8, 0xa3, 0xe8, 0x9b, 0xc8, 0x83, 0x06, 0x72, 0xe5,
  0xbc, 0x29, 0xb4, 0x49, 0xcc, 0x49, 0xbc, 0x28, 0xbc, 0x09, 0xab, 0xc8,
  0xab, 0x87, 0xab, 0xc8, 0xb3, 0xa7, 0xbc, 0x08, 0xcb, 0xe8, 0xbb, 0xa7,
  0xb3, 0x26, 0x9a, 0x83, 0x72, 0x04, 0x59, 0x82, 0x51, 0xa3, 0x5a, 0x05,
  0x92, 0xc5, 0xab, 0xa9, 0xab, 0x67, 0x92, 0xe5, 0x82, 0x84, 0x93, 0x27,
  0xab, 0xc7, 0xbc, 0x69, 0xc4, 0xa9, 0xd5, 0x4c, 0xe5, 0x6c, 0xe5, 0xad,
  0xe5, 0xac, 0xe5, 0xcd, 0xed, 0xed, 0xee, 0x0e, 0xfe, 0x2e, 0xf6, 0x2f,
  0xf6, 0x4e, 0xfe, 0x90, 0xf6, 0x6f, 0xf6, 0xb0, 0xfe, 0x6e, 0xf6, 0x6f,
  0xfe, 0x2e, 0xdd, 0x8b, 0xe5, 0x6c, 0xdd, 0x8c, 0xed, 0xac, 0xe5, 0xcd,
  0xed, 0xcc, 0xe5, 0xcc, 0xed, 0xac, 0xed, 0xcd, 0xed, 0xec, 0xe5, 0xed,
  0xed, 0xcc, 0xed, 0xed, 0xed, 0xcb, 0xed, 0xec, 0xf5, 0xcb, 0xed, 0xec,
  0xf6, 0x0c, 0xed, 0xec, 0xe5, 0xcc, 0xe5, 0xed, 0xe5, 0xcd, 0xdd, 0xcd,
  0xcd, 0x0b, 0xbc, 0xca, 0xc4, 0x89, 0xa3, 0xc7, 0x93, 0x26, 0x82, 0xc5,
  0x62, 0x04, 0x62, 0x04, 0x82, 0x85, 0xac, 0x0b, 0xbc, 0x29, 0xb4, 0x09,
  0xb3, 0xe8, 0xb3, 0xe8, 0xab, 0xa7, 0xab, 0xc7, 0xb3, 0xc7, 0xbc, 0x29,
  0xcc, 0x69, 0xc4, 0x49, 0xcc, 0x48, 0xd4, 0xca, 0xe4, 0xc9, 0xe5, 0x0a,
  0xed, 0x08, 0xed, 0x4a, 0xf5, 0x29, 0xf5, 0x69, 0xfd, 0x49, 0xf5, 0x49,
  0xfd, 0x69, 0xf5, 0x49, 0xed, 0x09, 0xe5, 0x09, 0xed, 0x09, 0xcc, 0x67,
  0x6a, 0x23, 0x62, 0x03, 0x8a, 0x84, 0xc4, 0x6c, 0xed, 0x6a, 0xfd, 0xed,
  0xf5, 0x2b, 0xcc, 0x06, 0xe4, 0x68, 0xe4, 0xa9, 0xf4, 0xea, 0xfd, 0x4c,
  0xfd, 0xac, 0xed, 0x6c, 0xf5, 0x4b, 0xed, 0x2b, 0xe4, 0xc9, 0xe4, 0xea,
  0xed, 0x4b, 0xfd, 0xcd, 0xfd, 0xed, 0xf5, 0xed, 0xfd, 0xac, 0xf5, 0x8c,
  0x82, 0xa4, 0x61, 0xe1, 0x52, 0x44, 0x5a, 0x85, 0x52, 0x85, 0x4a, 0x65,
  0x52, 0x44, 0x52, 0x85, 0x5a, 0x84, 0x6b, 0x47, 0x7b, 0x86, 0x7b, 0xa7,
  0x83, 0xa6, 0x7b, 0x86, 0x73, 0x65, 0x7b, 0xc7, 0x73, 0x46, 0x52, 0xa4,
  0x73, 0x47, 0x7b, 0x88, 0x7b, 0x46, 0x62, 0xc4, 0x52, 0x24, 0x4a, 0x24,
  0x52, 0x45, 0x52, 0x66, 0x62, 0xc5, 0x5a, 0xc6, 0x52, 0x64, 0x52, 0x85,
  0x4a, 0x04, 0x42, 0x04, 0x4a, 0x24, 0x42, 0x04, 0x49, 0xe4, 0x4a, 0x25,
  0x52, 0x24, 0x52, 0x45, 0x49, 0xe4, 0x39, 0xc3, 0x41, 0xc4, 0x41, 0xc4,
  0x51, 0xc4, 0x62, 0x66, 0x7a, 0xa5, 0x59, 0xe2, 0x31, 0x83, 0x21, 0x42,
  0x29, 0x23, 0x29, 0x64, 0x31, 0x43, 0x31, 0x64, 0x39, 0x63, 0x39, 0xa4,
  0x39, 0x83, 0x31, 0xa4, 0x39, 0xa4, 0x39, 0xa4, 0x39, 0x83, 0x31, 0x84,
  0x39, 0x64, 0x31, 0x64, 0x31, 0x63, 0x39, 0xa5, 0x31, 0x84, 0x31, 0xa4,
  0x39, 0xa4, 0x31, 0xc4, 0x39, 0xa4, 0x31, 0xa4, 0x39, 0xa4, 0x39, 0xe5,
  0x41, 0xc4, 0x42, 0x05, 0x4a, 0x24, 0x4a, 0x65, 0x52, 0x65, 0x42, 0x45,
  0x42, 0x24, 0x42, 0x24, 0x42, 0x24, 0x42, 0x65, 0x4a, 0x24, 0x4a, 0x65,
  0xcd, 0x6d, 0xb4, 0xaa, 0xac, 0x49, 0xc4, 0xcb, 0xd5, 0x6c, 0xcd, 0x2b,
  0xd5, 0x6c, 0xd5, 0x4b, 0xcd, 0x6c, 0xdd, 0x8d, 0xcd, 0x6d, 0xd5, 0x4c,
  0xd5, 0x6d, 0xcd, 0x2c, 0xd5, 0x6d, 0xd5, 0x4c, 0xcd, 0x0b, 0xd5, 0x0a,
  0xc4, 0xeb, 0xb4, 0x28, 0xa4, 0x09, 0xab, 0xe8, 0x93, 0xa8, 0xac, 0x2a,
  0x9c, 0x09, 0xa3, 0xe8, 0x9b, 0xe9, 0x9b, 0xa8, 0x83, 0x67, 0x7a, 0xc5,
  0x93, 0xa8, 0xa3, 0xe9, 0xb4, 0x08, 0xb3, 0xc7, 0xb4, 0x09, 0xbb, 0xe8,
  0xa3, 0xa8, 0xab, 0x87, 0xb4, 0x09, 0xbc, 0x29, 0xc4, 0x29, 0xc4, 0x08,
  0xc3, 0xc8, 0xb3, 0x05, 0x82, 0x65, 0x71, 0xa2, 0x49, 0xc4, 0x52, 0x05,
  0x59, 0xc4, 0x6a, 0x25, 0x82, 0xa6, 0x82, 0x85, 0x82, 0xa5, 0x93, 0x06,
  0xa3, 0xc7, 0xb4, 0x08, 0xb4, 0x49, 0xd5, 0x2c, 0xdd, 0x6d, 0xe5, 0x8d,
  0xe5, 0xad, 0xed, 0xcd, 0xed, 0xee, 0xed, 0xed, 0xee, 0x0e, 0xf6, 0x0e,
  0xee, 0x2f, 0xfe, 0x6f, 0xf6, 0x90, 0xfe, 0x90, 0xf6, 0x4f, 0xfe, 0x6f,
  0xf6, 0x2e, 0xdd, 0x6b, 0xdd, 0x4c, 0xe5, 0x4b, 0xdd, 0x8c, 0xed, 0xcd,
  0xe5, 0xcd, 0xed, 0xcd, 0xe5, 0xcd, 0xed, 0xcd, 0xed, 0xee, 0xed, 0xcd,
  0xe5, 0xed, 0xe5, 0xac, 0xe5, 0xcc, 0xed, 0xcc, 0xed, 0xed, 0xf5, 0xec,
  0xed, 0xed, 0xe5, 0xac, 0xe5, 0xcd, 0xe5, 0xcd, 0xdd, 0xce, 0xcd, 0x2b,
  0xc4, 0xcc, 0xb4, 0x29, 0xa3, 0xa7, 0xab, 0xc7, 0x83, 0x07, 0x62, 0x02,
  0x5a, 0x04, 0x72, 0x86, 0xb4, 0x4b, 0xc4, 0x6b, 0xab, 0xe9, 0xa3, 0x66,
  0xa3, 0x67, 0xab, 0x87, 0xab, 0xa7, 0xab, 0x87, 0xb4, 0x08, 0xc4, 0x28,
  0xc4, 0x8a, 0xcc, 0xaa, 0xcc, 0xa9, 0xdc, 0xea, 0xdc, 0xea, 0xdc, 0xc9,
  0xe5, 0x09, 0xed, 0x2a, 0xed, 0x4a, 0xed, 0x29, 0xed, 0x4a, 0xf5, 0x49,
  0xed, 0x6a, 0xed, 0x29, 0xed, 0x2a, 0xe4, 0xe9, 0xdc, 0xea, 0xc3, 0xe5,
  0x62, 0x24, 0x6a, 0x23, 0x8a, 0xc6, 0xbc, 0x2b, 0xed, 0x6b, 0xf5, 0x8b,
  0xf5, 0xcc, 0xdc, 0xa8, 0xcc, 0x68, 0xdc, 0xa9, 0xe4, 0xea, 0xec, 0xc9,
  0xed, 0x0b, 0xf5, 0x0b, 0xf5, 0x2b, 0xe4, 0xa9, 0xdc, 0xa9, 0xdc, 0xa8,
  0xe4, 0xea, 0xf5, 0x6c, 0xf5, 0xed, 0xfd, 0xcd, 0xfd, 0xac, 0xfd, 0x8b,
  0xcc, 0xca, 0x7a, 0x20, 0x5a, 0x65, 0x62, 0x65, 0x52, 0x85, 0x52, 0x65,
  0x52, 0x65, 0x52, 0x65, 0x5a, 0xa6, 0x62, 0xe6, 0x6b, 0x47, 0x73, 0x46,
  0x73, 0x87, 0x6b, 0x25, 0x6b, 0x46, 0x7b, 0xa7, 0x6b, 0x47, 0x52, 0x84,
  0x73, 0x68, 0x7b, 0x68, 0x6b, 0x27, 0x52, 0x23, 0x41, 0xe4, 0x4a, 0x04,
  0x4a, 0x25, 0x52, 0x45, 0x52, 0x85, 0x5a, 0x85, 0x52, 0x65, 0x4a, 0x04,
  0x42, 0x05, 0x41, 0xe4, 0x42, 0x05, 0x4a, 0x05, 0x42, 0x05, 0x4a, 0x25,
  0x4a, 0x25, 0x52, 0x25, 0x42, 0x05, 0x41, 0xc4, 0x39, 0xc5, 0x41, 0xa4,
  0x41, 0xe5, 0x52, 0x05, 0x72, 0xa6, 0x62, 0x03, 0x3a, 0x05, 0x31, 0xa3,
  0x29, 0x44, 0x31, 0x64, 0x29, 0x44, 0x31, 0x43, 0x31, 0x64, 0x39, 0x84,
  0x39, 0xa5, 0x39, 0x84, 0x31, 0x84, 0x39, 0x84, 0x31, 0x84, 0x31, 0x63,
  0x31, 0x84, 0x31, 0x43, 0x31, 0x84, 0x39, 0xa5, 0x31, 0x84, 0x31, 0x84,
  0x31, 0xa4, 0x31, 0x84, 0x31, 0xc5, 0x39, 0xa4, 0x31, 0xa4, 0x39, 0xa4,
  0x39, 0xe5, 0x41, 0xe5, 0x42, 0x25, 0x4a, 0x25, 0x4a, 0x86, 0x42, 0x45,
  0x3a, 0x25, 0x42, 0x24, 0x42, 0x45, 0x4a, 0x25, 0x4a, 0x66, 0x52, 0x65,
  0xbc, 0xaa, 0xac, 0x69, 0xb4, 0x68, 0xcd, 0x4c, 0xd5, 0x4b, 0xcd, 0x0a,
  0xd5, 0x4b, 0xcd, 0x4b, 0xdd, 0x6c, 0xcd, 0x4c, 0xd5, 0x6c, 0xd5, 0x8d,
  0xdd, 0x6d, 0xd5, 0x6d, 0xd5, 0x6b, 0xd5, 0x6c, 0xd5, 0x0a, 0xc4, 0xea,
  0xc4, 0x8a, 0xa3, 0xc7, 0xa3, 0xc8, 0x9b, 0xa8, 0x9b, 0xc8, 0xac, 0x6b,
  0x9b, 0xe8, 0x93, 0xc8, 0x93, 0x87, 0x93, 0xa8, 0x93, 0x87, 0x83, 0x26,
  0x8b, 0x05, 0x93, 0x87, 0xab, 0xe7, 0xac, 0x08, 0xb3, 0xc7, 0xbc, 0x08,
  0xbc, 0x09, 0xab, 0x87, 0xab, 0xa8, 0xb4, 0x09, 0xc4, 0x49, 0xc4, 0x6a,
  0xcb, 0xe8, 0xbb, 0x87, 0xa2, 0xe5, 0x8a, 0x63, 0x61, 0xe3, 0x59, 0xc3,
  0x5a, 0x05, 0x5a, 0x25, 0x7a, 0x64, 0x82, 0xc6, 0x93, 0x06, 0x93, 0x67,
  0xb3, 0xe8, 0xa3, 0xc8, 0xb4, 0x28, 0xd5, 0x4d, 0xdd, 0x6c, 0xdd, 0x8d,
  0xe5, 0xac, 0xe5, 0xcd, 0xf5, 0xed, 0xee, 0x0e, 0xf6, 0x2d, 0xf6, 0x4e,
  0xf6, 0x2e, 0xf6, 0x6f, 0xf6, 0x6f, 0xfe, 0xb0, 0xfe, 0x6f, 0xf6, 0x6f,
  0xfe, 0x4e, 0xdd, 0x8b, 0xe5, 0x4a, 0xe5, 0x6b, 0xed, 0x8b, 0xe5, 0xac,
  0xed, 0xed, 0xee, 0x0d, 0xed, 0xcc, 0xed, 0xed, 0xf6, 0x0d, 0xe5, 0xcd,
  0xe5, 0xac, 0xe5, 0xcd, 0xed, 0xed, 0xe5, 0xcc, 0xf5, 0xec, 0xee, 0x0d,
  0xed, 0xcc, 0xe5, 0xcc, 0xed, 0xcd, 0xe5, 0xac, 0xd5, 0x4c, 0xb4, 0x89,
  0xab, 0xc7, 0x9b, 0xa6, 0xab, 0xe8, 0xa3, 0xe8, 0x6a, 0x24, 0x59, 0xe3,
  0x72, 0x64, 0xa4, 0x0b, 0xc4, 0x6b, 0xab, 0xe9, 0xab, 0x87, 0xab, 0xe9,
  0xb3, 0xc8, 0xab, 0xc8, 0xb3, 0xa6, 0xb3, 0xe8, 0xc4, 0x27, 0xd4, 0xca,
  0xdc, 0xea, 0xcc, 0xaa, 0xdc, 0xca, 0xdd, 0x0b, 0xdc, 0xc9, 0xdd, 0x0a,
  0xe5, 0x09, 0xe5, 0x4a, 0xed, 0x2a, 0xed, 0x4a, 0xed, 0x4a, 0xed, 0x6b,
  0xed, 0x4a, 0xed, 0x6b, 0xed, 0x29, 0xe5, 0x09, 0xdc, 0xca, 0x9b, 0x03,
  0x61, 0xc3, 0x62, 0x04, 0x8a, 0x85, 0xab, 0xa9, 0xe4, 0xc8, 0xed, 0x6b,
  0xf5, 0xab, 0xed, 0x8b, 0xdc, 0xe9, 0xdd, 0x2a, 0xed, 0x2a, 0xe5, 0x2a,
  0xec, 0x68, 0xdc, 0x48, 0xfd, 0x2b, 0xe4, 0xa9, 0xd4, 0x27, 0xdc, 0x88,
  0xe4, 0xa9, 0xe4, 0xea, 0xf5, 0x6b, 0xf5, 0x8c, 0xfd, 0x8b, 0xf5, 0x8b,
  0xf5, 0xab, 0xab, 0xa3, 0x62, 0x22, 0x62, 0x63, 0x52, 0x84, 0x5a, 0xe6,
  0x5a, 0xa5, 0x5a, 0xc6, 0x62, 0xe6, 0x5a, 0xc6, 0x6b, 0x05, 0x6b, 0x67,
  0x7b, 0x66, 0x63, 0x25, 0x6b, 0x05, 0x7b, 0xa8, 0x6b, 0x46, 0x4a, 0x83,
  0x73, 0x47, 0x6b, 0x47, 0x5a, 0x84, 0x42, 0x03, 0x41, 0xe3, 0x42, 0x04,
  0x52, 0x25, 0x52, 0x66, 0x5a, 0x84, 0x52, 0x64, 0x52, 0x44, 0x4a, 0x24,
  0x4a, 0x05, 0x42, 0x05, 0x49, 0xe4, 0x41, 0xe4, 0x41, 0xc4, 0x4a, 0x25,
  0x52, 0x44, 0x52, 0x45, 0x49, 0xe4, 0x41, 0xe4, 0x49, 0xc4, 0x39, 0xa4,
  0x4a, 0x05, 0x41, 0xe5, 0x72, 0x65, 0x62, 0x24, 0x42, 0x04, 0x31, 0xc3,
  0x31, 0x83, 0x31, 0xa4, 0x31, 0x43, 0x31, 0x64, 0x39, 0x64, 0x39, 0x84,
  0x39, 0x83, 0x39, 0xa4, 0x39, 0x83, 0x39, 0xa4, 0x39, 0x84, 0x31, 0x63,
  0x39, 0x63, 0x31, 0x64, 0x39, 0x64, 0x31, 0x84, 0x31, 0x63, 0x31, 0x84,
  0x31, 0x83, 0x31, 0xa4, 0x31, 0xa4, 0x31, 0xc4, 0x39, 0xa4, 0x31, 0xc4,
  0x39, 0xa4, 0x42, 0x05, 0x42, 0x04, 0x42, 0x25, 0x4a, 0x65, 0x42, 0x45,
  0x42, 0x04, 0x42, 0x45, 0x4a, 0x24, 0x4a, 0x45, 0x4a, 0x44, 0x4a, 0x65,
  0xa4, 0x49, 0xa4, 0x09, 0xac, 0x69, 0xd5, 0x6d, 0xcd, 0x0a, 0xd5, 0x0a,
  0xcd, 0x2b, 0xd5, 0x4b, 0xd5, 0x6d, 0xcd, 0x2b, 0xcd, 0x4c, 0xd5, 0x4c,
  0xd5, 0x8d, 0xd5, 0x4c, 0xcd, 0x6c, 0xd5, 0x4c, 0xc4, 0xea, 0xbc, 0x68,
  0xac, 0x28, 0x9b, 0x86, 0x93, 0xa8, 0x93, 0x87, 0x93, 0xc9, 0xa3, 0xe9,
  0x9b, 0xe9, 0xa3, 0xe9, 0x9c, 0x09, 0xa3, 0xe8, 0x93, 0x88, 0x93, 0x47,
  0x83, 0x06, 0x82, 0xc5, 0x9b, 0x87, 0xac, 0x09, 0xb3, 0xe8, 0xb3, 0xe8,
  0xbc, 0x29, 0xc4, 0x29, 0xab, 0x88, 0xa3, 0x26, 0xb3, 0xe9, 0xc4, 0x2a,
  0xcc, 0x6a, 0xc4, 0x08, 0xb3, 0xa8, 0xa3, 0x05, 0x82, 0xa6, 0x61, 0xa2,
  0x49, 0xc4, 0x62, 0x46, 0x82, 0xe7, 0x9b, 0x68, 0x8b, 0x26, 0x93, 0x27,
  0xab, 0xe8, 0xa3, 0x87, 0xa3, 0xe8, 0xd5, 0x0c, 0xdd, 0x6d, 0xdd, 0x6d,
  0xe5, 0xad, 0xed, 0xcd, 0xed, 0xee, 0xf5, 0xee, 0xf6, 0x2f, 0xfe, 0x2f,
  0xf6, 0x4f, 0xf6, 0x4f, 0xf6, 0x90, 0xf6, 0x6f, 0xf6, 0x90, 0xf6, 0x4f,
  0xf6, 0x4f, 0xe5, 0xac, 0xdd, 0x4b, 0xdd, 0x4b, 0xe5, 0x8c, 0xed, 0xac,
  0xe5, 0xed, 0xed, 0xcd, 0xed, 0xed, 0xed, 0xcc, 0xe5, 0xcd, 0xe5, 0xac,
  0xe5, 0xac, 0xed, 0xcc, 0xe5, 0xcd, 0xed, 0xed, 0xe5, 0xcc, 0xed, 0xcc,
  0xee, 0x0d, 0xed, 0xab, 0xdd, 0x6c, 0xd5, 0x0a, 0xbc, 0x8b, 0xa3, 0x87,
  0xa3, 0xc7, 0xb4, 0x28, 0xac, 0x4a, 0x82, 0xa4, 0x51, 0xe4, 0x59, 0xe4,
  0x83, 0x07, 0xac, 0x2b, 0xa3, 0xa8, 0xa3, 0x87, 0xab, 0xe9, 0xab, 0xc8,
  0xab, 0xc8, 0xb4, 0x08, 0xbc, 0x08, 0xcc, 0x8a, 0xd4, 0xca, 0xd4, 0xaa,
  0xcc, 0xaa, 0xdc, 0xca, 0xd5, 0x0b, 0xdc, 0xeb, 0xd4, 0xea, 0xdc, 0xea,
  0xdd, 0x2b, 0xe5, 0x2b, 0xdd, 0x0b, 0xe4, 0xea, 0xe5, 0x2b, 0xe5, 0x0a,
  0xe5, 0x4b, 0xed, 0x2a, 0xe5, 0x2a, 0xe5, 0x09, 0xa3, 0xa7, 0x72, 0x00,
  0x51, 0xc4, 0x51, 0x84, 0x7a, 0x86, 0x9b, 0x48, 0xcc, 0x69, 0xe4, 0xeb,
  0xe5, 0x6c, 0xed, 0x6b, 0xe5, 0x6c, 0xdd, 0x2b, 0xdd, 0x0b, 0xdc, 0xea,
  0xe4, 0xaa, 0xe4, 0x68, 0xec, 0x8a, 0xec, 0x89, 0xd4, 0x48, 0xdc, 0x68,
  0xdc, 0xaa, 0xdc, 0xca, 0xe5, 0x0a, 0xed, 0x0a, 0xf5, 0x6b, 0xf5, 0x4b,
  0xf5, 0xac, 0xf5, 0x8b, 0x7a, 0xe4, 0x6a, 0x21, 0x63, 0x07, 0x6b, 0x27,
  0x5a, 0xa6, 0x52, 0x65, 0x52, 0xa5, 0x5a, 0xa5, 0x62, 0xe6, 0x6a, 0xe6,
  0x73, 0x67, 0x6b, 0x25, 0x63, 0x06, 0x73, 0x67, 0x6b, 0x67, 0x52, 0x84,
  0x6b, 0x47, 0x6b, 0x06, 0x52, 0x85, 0x4a, 0x23, 0x41, 0xe4, 0x41, 0xe4,
  0x4a, 0x25, 0x4a, 0x25, 0x52, 0x85, 0x52, 0x44, 0x4a, 0x45, 0x4a, 0x24,
  0x4a, 0x26, 0x41, 0xe4, 0x41, 0xe5, 0x41, 0xe4, 0x39, 0xe4, 0x52, 0x46,
  0x4a, 0x45, 0x52, 0x25, 0x41, 0xe5, 0x41, 0xc3, 0x39, 0xa4, 0x41, 0xa4,
  0x42, 0x05, 0x41, 0xe4, 0x62, 0x45, 0x62, 0x45, 0x41, 0xe5, 0x31, 0x42,
  0x31, 0xa5, 0x31, 0x84, 0x29, 0x44, 0x29, 0x43, 0x31, 0x85, 0x39, 0x84,
  0x31, 0xa4, 0x31, 0x84, 0x31, 0x84, 0x39, 0x84, 0x31, 0x84, 0x31, 0x43,
  0x31, 0x64, 0x39, 0x64, 0x31, 0x64, 0x39, 0x64, 0x31, 0x84, 0x31, 0x84,
  0x31, 0xa4, 0x31, 0xa4, 0x39, 0xe5, 0x31, 0xa4, 0x31, 0xc5, 0x39, 0xa4,
  0x39, 0xe5, 0x42, 0x05, 0x42, 0x45, 0x42, 0x04, 0x42, 0x66, 0x42, 0x25,
  0x3a, 0x25, 0x42, 0x24, 0x42, 0x45, 0x4a, 0x45, 0x42, 0x45, 0x4a, 0x45,
  0xa3, 0xe8, 0xa3, 0xe8, 0xcd, 0x2b, 0xcd, 0x4c, 0xcc, 0xe9, 0xd5, 0x6b,
  0xd5, 0x4b, 0xd5, 0x6c, 0xd5, 0x6c, 0xd5, 0x8d, 0xd5, 0x4b, 0xd5, 0x8d,
  0xdd, 0x6c, 0xcd, 0x4c, 0xcd, 0x2b, 0xbc, 0xc9, 0xb4, 0x47, 0xac, 0x48,
  0xbc, 0x69, 0xa3, 0xe7, 0x9b, 0xa7, 0x93, 0x87, 0x93, 0x88, 0x9b, 0xe9,
  0xa3, 0xe8, 0xa4, 0x2a, 0xa4, 0x08, 0x93, 0xa7, 0xa3, 0xa8, 0x93, 0x67,
  0x93, 0x46, 0x8b, 0x26, 0x8b, 0x25, 0x9b, 0xe8, 0xab, 0xe8, 0xab, 0xe8,
  0xbc, 0x08, 0xbc, 0x49, 0xc3, 0xe9, 0xab, 0x46, 0x9b, 0x05, 0xab, 0xc8,
  0xb3, 0xe8, 0xb4, 0x08, 0xc4, 0x08, 0xb3, 0xa7, 0xab, 0x67, 0x82, 0x64,
  0x49, 0x62, 0x5a, 0x45, 0x9b, 0x47, 0x9b, 0xa9, 0x93, 0x26, 0x93, 0x47,
  0xb3, 0xe8, 0x9b, 0xa7, 0x9b, 0x65, 0xc4, 0xcc, 0xdd, 0x4c, 0xdd, 0x6d,
  0xed, 0xad, 0xe5, 0xad, 0xed, 0xed, 0xee, 0x0e, 0xf6, 0x0e, 0xf6, 0x2f,
  0xf6, 0x2e, 0xf6, 0x4f, 0xfe, 0x8f, 0xf6, 0x6f, 0xf6, 0x4e, 0xf6, 0x6f,
  0xfe, 0x2e, 0xe5, 0xac, 0xe5, 0x4b, 0xdd, 0x6b, 0xe5, 0x6b, 0xe5, 0xac,
  0xed, 0xcc, 0xe5, 0xcd, 0xed, 0xec, 0xe6, 0x0d, 0xe5, 0xac, 0xdd, 0x8b,
  0xe5, 0x6b, 0xe5, 0xcc, 0xed, 0xcc, 0xe5, 0xed, 0xed, 0xcb, 0xed, 0xcc,
  0xed, 0xcc, 0xdd, 0x8b, 0xc4, 0xaa, 0xb4, 0x48, 0xab, 0xc8, 0xa3, 0xa8,
  0xbc, 0x69, 0xbc, 0x8a, 0x8b, 0x47, 0x59, 0xe2, 0x62, 0x03, 0x6a, 0x86,
  0x9b, 0x67, 0x9b, 0xa8, 0xa3, 0x66, 0xa3, 0x87, 0xb3, 0xe8, 0xb4, 0x29,
  0xbc, 0x48, 0xc4, 0xaa, 0xcc, 0x69, 0xcc, 0x89, 0xd4, 0xa9, 0xd4, 0xca,
  0xdc, 0xca, 0xdd, 0x0b, 0xe5, 0x2b, 0xd5, 0x0b, 0xdd, 0x0a, 0xdd, 0x2b,
  0xdd, 0x0a, 0xdd, 0x4b, 0xdc, 0xea, 0xe5, 0x2b, 0xe5, 0x0a, 0xdd, 0x0a,
  0xe5, 0x2a, 0xdd, 0x2a, 0xe5, 0x4b, 0xcc, 0xc9, 0x8a, 0xc4, 0x72, 0x22,
  0x59, 0xe5, 0x49, 0xa4, 0x61, 0xc3, 0x82, 0xe8, 0xc3, 0xc7, 0xd4, 0x8a,
  0xe4, 0xe9, 0xe5, 0x4b, 0xe5, 0x4b, 0xdd, 0x2b, 0xed, 0x2a, 0xd4, 0xc9,
  0xec, 0x89, 0xec, 0xaa, 0xe4, 0x07, 0xe4, 0x48, 0xe4, 0x89, 0xdc, 0x48,
  0xdc, 0xa9, 0xe4, 0xeb, 0xe4, 0xc9, 0xe5, 0x0a, 0xed, 0x2a, 0xf5, 0x6b,
  0xf5, 0x6b, 0xfd, 0xed, 0xcc, 0x8a, 0x72, 0x41, 0x62, 0xc6, 0x5a, 0xa6,
  0x52, 0x64, 0x52, 0x85, 0x5a, 0x84, 0x5a, 0xc6, 0x62, 0xc5, 0x62, 0xe6,
  0x73, 0x46, 0x63, 0x05, 0x63, 0x05, 0x63, 0x26, 0x6b, 0x67, 0x52, 0xa4,
  0x62, 0xe6, 0x5a, 0xe6, 0x52, 0x64, 0x42, 0x03, 0x49, 0xe4, 0x42, 0x05,
  0x4a, 0x24, 0x52, 0x66, 0x5a, 0x85, 0x52, 0x85, 0x52, 0x45, 0x4a, 0x25,
  0x41, 0xc4, 0x42, 0x05, 0x41, 0xe4, 0x42, 0x05, 0x49, 0xe4, 0x4a, 0x46,
  0x52, 0x24, 0x4a, 0x25, 0x49, 0xc3, 0x39, 0xa3, 0x39, 0x83, 0x41, 0xc4,
  0x4a, 0x05, 0x41, 0xe4, 0x5a, 0x24, 0x5a, 0x65, 0x49, 0xe4, 0x31, 0x62,
  0x31, 0x84, 0x29, 0x64, 0x31, 0x43, 0x29, 0x64, 0x31, 0x43, 0x31, 0x84,
  0x31, 0x83, 0x31, 0xa4, 0x39, 0x84, 0x39, 0xc5, 0x39, 0x83, 0x31, 0x84,
  0x31, 0x43, 0x31, 0x64, 0x39, 0x84, 0x31, 0x84, 0x39, 0xa4, 0x31, 0xa4,
  0x31, 0xa4, 0x31, 0xa4, 0x39, 0xc4, 0x31, 0xe5, 0x39, 0xa4, 0x31, 0xc4,
  0x41, 0xc4, 0x39, 0xe5, 0x4a, 0x25, 0x42, 0x45, 0x4a, 0x45, 0x42, 0x65,
  0x42, 0x04, 0x42, 0x45, 0x4a, 0x45, 0x4a, 0x65, 0x4a, 0x24, 0x4a, 0x65,
  0xa3, 0xe8, 0xbc, 0x8a, 0xcd, 0x2c, 0xd5, 0x2b, 0xcd, 0x0a, 0xd5, 0x2a,
  0xcd, 0x4c, 0xcd, 0x2b, 0xcd, 0x6c, 0xd5, 0x4c, 0xd5, 0x6c, 0xd5, 0x6c,
  0xd5, 0x8d, 0xcd, 0x0b, 0xbc, 0xea, 0xc4, 0xc9, 0xbc, 0xca, 0xbc, 0xaa,
  0xac, 0x8a, 0x9b, 0xa6, 0x8b, 0x87, 0x8b, 0x67, 0x8b, 0x88, 0xa4, 0x0a,
  0xa4, 0x4a, 0xa4, 0x29, 0x9b, 0xe9, 0x9b, 0xa8, 0x93, 0xc8, 0x9b, 0xa7,
  0x93, 0xa8, 0x9b, 0x87, 0x83, 0x46, 0x8b, 0x26, 0x8b, 0x47, 0x9b, 0x88,
  0xac, 0x0a, 0xbc, 0x2a, 0xbc, 0x2a, 0xbb, 0xe9, 0x93, 0x06, 0x9b, 0x05,
  0xa3, 0xa7, 0xab, 0xa7, 0xab, 0xa7, 0xb3, 0xa7, 0xb3, 0xc9, 0xa3, 0x26,
  0x59, 0xc4, 0x6a, 0x05, 0x9b, 0x89, 0x9b, 0x48, 0x8b, 0x26, 0x93, 0x26,
  0xac, 0x2a, 0xab, 0xe8, 0x93, 0x46, 0xc4, 0xab, 0xd5, 0x6d, 0xdd, 0x6d,
  0xe5, 0xae, 0xed, 0xad, 0xed, 0xee, 0xf5, 0xee, 0xf6, 0x2f, 0xf6, 0x0e,
  0xf6, 0x4f, 0xfe, 0x6f, 0xf6, 0x6f, 0xf6, 0x6f, 0xf6, 0x90, 0xf6, 0x4e,
  0xf6, 0x4f, 0xed, 0xcd, 0xdd, 0x6c, 0xdd, 0x4b, 0xe5, 0x8c, 0xe5, 0x8c,
  0xe5, 0xcd, 0xed, 0xed, 0xe6, 0x0e, 0xee, 0x0d, 0xe5, 0xcd, 0xe5, 0x8c,
  0xe5, 0x8c, 0xed, 0xac, 0xe5, 0xed, 0xed, 0xcc, 0xe5, 0xcc, 0xed, 0xcc,
  0xcc, 0xea, 0xbc, 0x47, 0xac, 0x09, 0xab, 0xe8, 0xac, 0x09, 0xb4, 0x09,
  0xac, 0x2a, 0x8b, 0x26, 0x59, 0xe3, 0x62, 0x03, 0x72, 0x85, 0x8b, 0x27,
  0x93, 0x87, 0xa3, 0xa7, 0xa3, 0xc8, 0xb4, 0x08, 0xbc, 0x69, 0xc4, 0xaa,
  0xcc, 0xca, 0xcc, 0xa9, 0xd4, 0xca, 0xd4, 0xa9, 0xd4, 0xca, 0xd4, 0xca,
  0xd5, 0x2c, 0xdd, 0x0b, 0xdd, 0x4c, 0xe5, 0x6c, 0xdd, 0x4c, 0xdd, 0x2b,
  0xdd, 0x2a, 0xdd, 0x0a, 0xdc, 0xea, 0xe5, 0x0a, 0xe5, 0x2a, 0xe5, 0x4a,
  0xdd, 0x2b, 0xe5, 0x4b, 0xcc, 0xcb, 0x9b, 0x03, 0x7a, 0xa5, 0x7a, 0x84,
  0x5a, 0x25, 0x49, 0x82, 0x49, 0xa4, 0x6a, 0x46, 0xab, 0x67, 0xd4, 0x4b,
  0xcc, 0x69, 0xd4, 0xa9, 0xdd, 0x0a, 0xdc, 0xea, 0xe4, 0xea, 0xdc, 0xa9,
  0xdc, 0x48, 0xdc, 0x27, 0xdc, 0x69, 0xdc, 0x28, 0xdc, 0x69, 0xdc, 0x68,
  0xd4, 0xaa, 0xdc, 0xca, 0xe4, 0xca, 0xe4, 0xca, 0xed, 0x0a, 0xf5, 0x2a,
  0xed, 0x4b, 0xfd, 0x6b, 0xed, 0xae, 0x92, 0xc2, 0x52, 0x44, 0x5a, 0x64,
  0x52, 0x86, 0x52, 0x65, 0x4a, 0x65, 0x5a, 0x85, 0x5a, 0xc6, 0x62, 0xe6,
  0x6b, 0x26, 0x62, 0xe5, 0x5a, 0xc5, 0x62, 0xe5, 0x5b, 0x27, 0x52, 0x84,
  0x63, 0x07, 0x62, 0xc6, 0x4a, 0x65, 0x41, 0xe3, 0x41, 0xe5, 0x4a, 0x05,
  0x4a, 0x45, 0x52, 0x65, 0x52, 0x86, 0x52, 0x45, 0x4a, 0x25, 0x41, 0xe3,
  0x39, 0xc4, 0x41, 0xc4, 0x41, 0xe5, 0x41, 0xc4, 0x42, 0x05, 0x52, 0x46,
  0x4a, 0x45, 0x52, 0x24, 0x41, 0xc4, 0x41, 0x83, 0x39, 0xa5, 0x41, 0xc5,
  0x42, 0x05, 0x41, 0xe4, 0x49, 0xe4, 0x5a, 0x25, 0x41, 0xe4, 0x41, 0x82,
  0x29, 0x64, 0x29, 0x23, 0x29, 0x44, 0x31, 0x44, 0x31, 0x64, 0x39, 0x64,
  0x31, 0xa4, 0x31, 0x63, 0x31, 0x84, 0x39, 0x84, 0x31, 0x64, 0x31, 0x43,
  0x31, 0x44, 0x31, 0x43, 0x31, 0x85, 0x39, 0x84, 0x31, 0x84, 0x31, 0x84,
  0x31, 0xa4, 0x31, 0xa4, 0x31, 0xc4, 0x31, 0xa4, 0x31, 0xa4, 0x31, 0x84,
  0x39, 0xc5, 0x41, 0xe5, 0x42, 0x25, 0x4a, 0x05, 0x42, 0x45, 0x42, 0x25,
  0x42, 0x45, 0x42, 0x24, 0x42, 0x45, 0x4a, 0x45, 0x42, 0x45, 0x4a, 0x45,
  0xbc, 0x69, 0xcd, 0x2c, 0xd5, 0x0a, 0xcd, 0x0a, 0xd5, 0x2a, 0xcd, 0x2a,
  0xcd, 0x2b, 0xd5, 0x8c, 0xd5, 0x4c, 0xd5, 0x6c, 0xdd, 0x8d, 0xdd, 0xae,
  0xd5, 0x6c, 0xcd, 0x2b, 0xcc, 0xea, 0xbc, 0xca, 0xbc, 0xa9, 0xac, 0x48,
  0xac, 0x08, 0x93, 0x86, 0x8b, 0x66, 0x8b, 0x87, 0x93, 0x87, 0xac, 0x8c,
  0xac, 0x2a, 0x9b, 0xe9, 0xa4, 0x09, 0x9b, 0xe8, 0x9b, 0xe8, 0x9b, 0xe8,
  0xa3, 0xc7, 0xa4, 0x08, 0x8b, 0x26, 0x7a, 0xe5, 0x83, 0x06, 0x72, 0xa5,
  0x9b, 0x67, 0x9b, 0xc9, 0xbc, 0x09, 0xb4, 0x09, 0xab, 0x87, 0x93, 0x05,
  0x9b, 0x46, 0xa3, 0xc8, 0xab, 0x86, 0xa3, 0xa7, 0xbb, 0xc8, 0xab, 0x87,
  0x72, 0x24, 0x69, 0xe4, 0x9b, 0x88, 0x9b, 0xa9, 0x93, 0x05, 0x8b, 0x26,
  0xc4, 0x6a, 0xbc, 0x6a, 0x9b, 0x45, 0xac, 0x29, 0xdd, 0x4d, 0xdd, 0x6d,
  0xe5, 0x8c, 0xed, 0xce, 0xf5, 0xed, 0xee, 0x0d, 0xf6, 0x2d, 0xf6, 0x4e,
  0xf6, 0x2e, 0xf6, 0x6f, 0xfe, 0x8f, 0xf6, 0x8f, 0xf6, 0x6f, 0xf6, 0x6f,
  0xfe, 0x4e, 0xed, 0xed, 0xe5, 0x6b, 0xe5, 0x8c, 0xe5, 0x8b, 0xe5, 0xac,
  0xed, 0xcc, 0xed, 0xed, 0xee, 0x0d, 0xee, 0x4e, 0xed, 0xac, 0xdd, 0x8c,
  0xed, 0x6c, 0xed, 0xad, 0xed, 0xcc, 0xe5, 0xcd, 0xe5, 0x4b, 0xc4, 0xa8,
  0xab, 0xc6, 0xa3, 0xa6, 0x9b, 0x87, 0xb4, 0x6a, 0xb4, 0x29, 0xac, 0x29,
  0x8b, 0x47, 0x62, 0x23, 0x62, 0x03, 0x6a, 0x65, 0x93, 0x05, 0xa3, 0xa8,
  0xab, 0xe7, 0xac, 0x08, 0xbc, 0x28, 0xc4, 0xca, 0xcc, 0xa9, 0xcc, 0xca,
  0xd4, 0xe9, 0xd5, 0x0a, 0xe5, 0x0a, 0xdd, 0x2a, 0xdc, 0xea, 0xdd, 0x0b,
  0xdd, 0x2b, 0xd5, 0x0b, 0xd4, 0xea, 0xd5, 0x0a, 0xdd, 0x0a, 0xdd, 0x4b,
  0xe5, 0x29, 0xdd, 0x2a, 0xe5, 0x29, 0xe5, 0x4a, 0xed, 0x4a, 0xed, 0xab,
  0xe5, 0x4b, 0xdd, 0x2b, 0xab, 0xa6, 0x8a, 0xc3, 0x8a, 0xe5, 0x7a, 0xa4,
  0x51, 0xe3, 0x41, 0x82, 0x51, 0xc4, 0x49, 0xe5, 0x9a, 0xe5, 0xc4, 0x2b,
  0xcc, 0x27, 0xc4, 0x28, 0xdc, 0x89, 0xdc, 0xca, 0xdc, 0x68, 0xdc, 0x88,
  0xdc, 0x47, 0xd4, 0x27, 0xe4, 0xa8, 0xe4, 0xa9, 0xdc, 0x68, 0xdc, 0x68,
  0xdc, 0xa9, 0xe4, 0xea, 0xec, 0xea, 0xe4, 0xea, 0xed, 0x0a, 0xf5, 0x4b,
  0xf5, 0x6a, 0xf5, 0x8b, 0xfd, 0xed, 0xc4, 0x46, 0x62, 0x22, 0x62, 0x84,
  0x5a, 0xa6, 0x5a, 0xa6, 0x5a, 0x85, 0x5a, 0xc6, 0x5a, 0x85, 0x5a, 0xe6,
  0x6a, 0xe5, 0x5a, 0xc5, 0x5a, 0xc5, 0x5a, 0xe6, 0x63, 0x06, 0x4a, 0x84,
  0x62, 0xe6, 0x63, 0x06, 0x52, 0x65, 0x42, 0x03, 0x41, 0xe4, 0x42, 0x25,
  0x52, 0x45, 0x4a, 0x45, 0x52, 0x44, 0x4a, 0x44, 0x4a, 0x04, 0x42, 0x04,
  0x41, 0xe4, 0x41, 0xe5, 0x49, 0xe4, 0x39, 0xc4, 0x52, 0x25, 0x52, 0x66,
  0x52, 0x24, 0x4a, 0x24, 0x41, 0xc3, 0x39, 0xa3, 0x41, 0xc4, 0x41, 0xe5,
  0x4a, 0x04, 0x41, 0xe4, 0x49, 0xc3, 0x4a, 0x25, 0x52, 0x04, 0x41, 0xc3,
  0x29, 0x43, 0x29, 0x43, 0x31, 0x43, 0x29, 0x64, 0x31, 0x63, 0x31, 0x84,
  0x39, 0x83, 0x31, 0xa4, 0x39, 0x83, 0x31, 0xa4, 0x31, 0x63, 0x29, 0x63,
  0x39, 0x63, 0x31, 0x63, 0x39, 0x84, 0x39, 0xa5, 0x31, 0x84, 0x31, 0xa4,
  0x31, 0x84, 0x39, 0xe5, 0x39, 0xc4, 0x31, 0xc4, 0x39, 0xa4, 0x31, 0xa4,
  0x39, 0xa4, 0x42, 0x05, 0x4a, 0x04, 0x4a, 0x25, 0x4a, 0x65, 0x42, 0x45,
  0x42, 0x24, 0x42, 0x45, 0x4a, 0x65, 0x42, 0x45, 0x4a, 0x44, 0x4a, 0x65,
  0xcd, 0x4c, 0xcd, 0x2c, 0xcd, 0x2b, 0xcd, 0x0a, 0xcd, 0x0b, 0xcc, 0xea,
  0xcd, 0x4c, 0xd5, 0x4c, 0xcd, 0x4c, 0xdd, 0x6d, 0xcd, 0x4d, 0xcd, 0x2c,
  0xc4, 0xeb, 0xcd, 0x0b, 0xbc, 0xcb, 0xb4, 0x68, 0xac, 0x29, 0xac, 0x08,
  0xa4, 0x09, 0x9b, 0x87, 0x83, 0x68, 0x93, 0x88, 0x9c, 0x09, 0xac, 0x4a,
  0xac, 0x0a, 0xa3, 0xe8, 0x9b, 0xe9, 0xa3, 0xc8, 0x9c, 0x09, 0x9b, 0xa8,
  0x9b, 0xc8, 0xac, 0x09, 0x8b, 0x47, 0x7a, 0xa4, 0x7b, 0x07, 0x62, 0x44,
  0x72, 0xc6, 0x8b, 0x48, 0x9b, 0x88, 0xab, 0xc9, 0xab, 0xc8, 0xab, 0xa7,
  0x93, 0x06, 0x9b, 0x06, 0x9b, 0xa8, 0xa3, 0x87, 0xa3, 0x46, 0xab, 0x46,
  0x82, 0xa6, 0x71, 0xe3, 0x93, 0x69, 0x93, 0x48, 0x83, 0x06, 0x93, 0x27,
  0xbc, 0x8a, 0xbc, 0x6a, 0x9b, 0x87, 0xa3, 0xa7, 0xd5, 0x4d, 0xd5, 0x2c,
  0xdd, 0x6c, 0xe5, 0x8d, 0xed, 0xed, 0xed, 0xed, 0xee, 0x2e, 0xfe, 0x4e,
  0xee, 0x2e, 0xfe, 0x4f, 0xf6, 0x6f, 0xfe, 0x6f, 0xf6, 0x6f, 0xf6, 0x4f,
  0xf6, 0x4f, 0xed, 0xed, 0xdd, 0x6c, 0xe5, 0x6c, 0xdd, 0x8c, 0xe5, 0x8c,
  0xe5, 0xac, 0xed, 0xcc, 0xe6, 0x0d, 0xed, 0xed, 0xe5, 0xce, 0xdd, 0x6c,
  0xe5, 0x8c, 0xed, 0x8c, 0xdd, 0x6d, 0xd4, 0xeb, 0xbc, 0x49, 0xa3, 0x65,
  0x93, 0x46, 0x9b, 0x46, 0xa4, 0x09, 0xbc, 0x6a, 0xac, 0x6b, 0x9b, 0x87,
  0x62, 0x45, 0x62, 0x04, 0x6a, 0x45, 0x93, 0x48, 0xa3, 0xc7, 0xb4, 0x07,
  0xac, 0x08, 0xbc, 0x49, 0xc4, 0xaa, 0xd4, 0xeb, 0xcd, 0x0b, 0xd4, 0xeb,
  0xcc, 0xea, 0xd5, 0x0a, 0xd5, 0x2a, 0xdd, 0x09, 0xd4, 0xea, 0xdd, 0x0a,
  0xd5, 0x2b, 0xd5, 0x0a, 0xcc, 0xc9, 0xd4, 0xc9, 0xd5, 0x2a, 0xe5, 0x6b,
  0xdd, 0x4a, 0xe5, 0x2a, 0xe5, 0x2a, 0xf5, 0x8b, 0xed, 0xcc, 0xed, 0x8c,
  0xd5, 0x0b, 0xb3, 0xe6, 0x93, 0x06, 0x9b, 0x26, 0x7a, 0xc6, 0x72, 0x23,
  0x41, 0xa4, 0x41, 0x63, 0x41, 0xa5, 0x41, 0x84, 0x82, 0x85, 0xab, 0x68,
  0xcc, 0x29, 0xcc, 0x08, 0xd4, 0x8a, 0xec, 0xeb, 0xe4, 0xaa, 0xe4, 0x8a,
  0xe4, 0xca, 0xe4, 0x89, 0xed, 0x0a, 0xf5, 0x0a, 0xdc, 0xa9, 0xdc, 0x68,
  0xdc, 0x68, 0xe4, 0xa9, 0xe4, 0xeb, 0xec, 0xea, 0xe4, 0xea, 0xf5, 0x2b,
  0xed, 0x6b, 0xfd, 0xab, 0xf5, 0xec, 0xed, 0x8a, 0x7a, 0xe4, 0x6a, 0x21,
  0x52, 0xa6, 0x5a, 0x86, 0x52, 0x85, 0x5a, 0xa5, 0x4a, 0x65, 0x5a, 0xa5,
  0x5a, 0xe6, 0x5a, 0xa5, 0x52, 0xa5, 0x62, 0xc6, 0x63, 0x27, 0x5a, 0xa5,
  0x5a, 0xe6, 0x5a, 0xc5, 0x4a, 0x45, 0x41, 0xc3, 0x42, 0x05, 0x4a, 0x05,
  0x4a, 0x65, 0x4a, 0x25, 0x4a, 0x25, 0x4a, 0x04, 0x42, 0x05, 0x41, 0xe4,
  0x41, 0xe5, 0x41, 0xa4, 0x39, 0xe5, 0x39, 0xa4, 0x42, 0x05, 0x52, 0x46,
  0x52, 0x45, 0x52, 0x04, 0x41, 0xa4, 0x39, 0x63, 0x39, 0xa4, 0x49, 0xe5,
  0x42, 0x05, 0x41, 0xe5, 0x42, 0x04, 0x41, 0xe4, 0x4a, 0x05, 0x41, 0x83,
  0x29, 0x64, 0x29, 0x23, 0x29, 0x44, 0x31, 0x43, 0x31, 0x64, 0x31, 0x63,
  0x31, 0xa4, 0x39, 0xa4, 0x31, 0xa4, 0x31, 0x84, 0x29, 0x63, 0x31, 0x43,
  0x31, 0x64, 0x31, 0x43, 0x31, 0x84, 0x39, 0xa5, 0x31, 0xc5, 0x31, 0x63,
  0x31, 0x85, 0x31, 0xa5, 0x31, 0xc5, 0x39, 0xa4, 0x31, 0xa4, 0x39, 0xa4,
  0x39, 0xc4, 0x41, 0xe5, 0x42, 0x25, 0x42, 0x05, 0x42, 0x66, 0x42, 0x25,
  0x42, 0x45, 0x42, 0x24, 0x42, 0x65, 0x42, 0x24, 0x42, 0x45, 0x4a, 0x45,
  0xcd, 0x0b, 0xcd, 0x4c, 0xd5, 0x2a, 0xcd, 0x0a, 0xcc, 0xe9, 0xd5, 0x4b,
  0xd5, 0x4b, 0xd5, 0x6c, 0xdd, 0x6c, 0xd5, 0x6c, 0xd5, 0x2c, 0xc4, 0xeb,
  0xbc, 0x89, 0xb4, 0x89, 0xbc, 0x89, 0xac, 0x48, 0xb4, 0x28, 0xb4, 0x48,
  0xac, 0x08, 0x9b, 0x86, 0x93, 0x87, 0xa4, 0x09, 0xac, 0x28, 0xac, 0x6a,
  0xb4, 0x69, 0xb4, 0x6a, 0xb4, 0x49, 0xac, 0x6a, 0xa3, 0xc7, 0x93, 0x66,
  0xb4, 0x49, 0xac, 0x29, 0x93, 0x67, 0x83, 0x05, 0x7a, 0xe6, 0x6a, 0x85,
  0x6a, 0x43, 0x8b, 0x48, 0x93, 0x05, 0x9b, 0x67, 0xb3, 0xc7, 0xa3, 0x86,
  0xa3, 0x46, 0x8a, 0xa4, 0x8a, 0xe6, 0xac, 0x2b, 0xab, 0xe8, 0x9b, 0x87,
  0x8a, 0xc6, 0x72, 0x23, 0x83, 0x06, 0x83, 0x27, 0x8a, 0xe5, 0x93, 0x87,
  0xbc, 0x49, 0xc4, 0xab, 0xab, 0xe7, 0xa3, 0xa7, 0xd5, 0x2c, 0xd5, 0x4d,
  0xe5, 0x6c, 0xe5, 0xcd, 0xed, 0xcc, 0xed, 0xed, 0xf5, 0xed, 0xf6, 0x2e,
  0xfe, 0x2e, 0xf6, 0x4e, 0xfe, 0x6f, 0xfe, 0x8f, 0xfe, 0x8f, 0xf6, 0x6f,
  0xfe, 0x4e, 0xee, 0x0e, 0xe5, 0x6c, 0xe5, 0x8c, 0xe5, 0x8b, 0xe5, 0x8c,
  0xe5, 0x8b, 0xe5, 0xed, 0xed, 0xcc, 0xe5, 0xed, 0xed, 0xcd, 0xe5, 0xcd,
  0xe5, 0x2b, 0xd4, 0xea, 0xcc, 0x8a, 0xb4, 0x08, 0xa3, 0x65, 0x9b, 0x65,
  0xa3, 0x66, 0xa3, 0xa7, 0xb4, 0x08, 0xbc, 0x6a, 0x9b, 0xc9, 0x62, 0x43,
  0x6a, 0x65, 0x6a, 0x65, 0x93, 0x26, 0xac, 0x09, 0xb4, 0x07, 0xb4, 0x07,
  0xbc, 0x48, 0xcc, 0xaa, 0xc4, 0x69, 0xc4, 0xaa, 0xd5, 0x0a, 0xd5, 0x0b,
  0xd4, 0xca, 0xd5, 0x0b, 0xdd, 0x0a, 0xdd, 0x0a, 0xdd, 0x0a, 0xd5, 0x0a,
  0xdd, 0x2a, 0xdd, 0x2a, 0xd4, 0xe9, 0xd5, 0x0a, 0xe5, 0x2a, 0xe5, 0x4b,
  0xed, 0x4a, 0xe5, 0x6a, 0xed, 0x8a, 0xf5, 0xed, 0xf5, 0xac, 0xd4, 0xe9,
  0xc4, 0x48, 0x9b, 0x64, 0x9b, 0x46, 0x93, 0x46, 0x72, 0x65, 0x51, 0xc2,
  0x41, 0x62, 0x41, 0x83, 0x51, 0xa4, 0x51, 0xc4, 0xab, 0x47, 0xa3, 0x28,
  0xc3, 0xa6, 0xc4, 0x08, 0xd4, 0x28, 0xdc, 0xca, 0xf5, 0x0c, 0xe4, 0xca,
  0xf5, 0x0b, 0xe4, 0xaa, 0xdc, 0x68, 0xec, 0xea, 0xec, 0xe9, 0xdc, 0xa8,
  0xdc, 0x47, 0xdc, 0x88, 0xec, 0xea, 0xed, 0x0b, 0xec, 0xe9, 0xed, 0x0a,
  0xfd, 0x8b, 0xf5, 0xab, 0xf5, 0x89, 0xfd, 0xcb, 0xbc, 0x68, 0x72, 0x60,
  0x5a, 0xa5, 0x5a, 0xa6, 0x5a, 0xa5, 0x52, 0xa5, 0x5a, 0x84, 0x5a, 0xa5,
  0x62, 0xa5, 0x5a, 0xc5, 0x5a, 0xa5, 0x5a, 0xe6, 0x62, 0xe6, 0x52, 0xc5,
  0x62, 0xc5, 0x5a, 0xe6, 0x52, 0x65, 0x42, 0x03, 0x41, 0xe4, 0x4a, 0x45,
  0x52, 0x45, 0x42, 0x24, 0x4a, 0x04, 0x42, 0x04, 0x4a, 0x04, 0x41, 0xe4,
  0x4a, 0x05, 0x41, 0xe5, 0x41, 0xc5, 0x39, 0xa4, 0x4a, 0x04, 0x4a, 0x46,
  0x52, 0x45, 0x4a, 0x25, 0x41, 0xa3, 0x39, 0xa4, 0x41, 0xc4, 0x41, 0xe4,
  0x4a, 0x05, 0x41, 0xe4, 0x49, 0xe4, 0x42, 0x04, 0x49, 0xe4, 0x41, 0xc4,
  0x31, 0x43, 0x29, 0x43, 0x31, 0x43, 0x31, 0x44, 0x31, 0x63, 0x31, 0x84,
  0x39, 0x83, 0x31, 0xc4, 0x39, 0xa4, 0x31, 0xa4, 0x31, 0x43, 0x29, 0x63,
  0x31, 0x43, 0x31, 0x44, 0x39, 0x84, 0x39, 0xc5, 0x39, 0xc4, 0x31, 0xc4,
  0x31, 0x84, 0x31, 0x84, 0x39, 0xa4, 0x39, 0xe5, 0x39, 0xa4, 0x31, 0xa4,
  0x39, 0x83, 0x39, 0xc4, 0x4a, 0x25, 0x42, 0x25, 0x4a, 0x45, 0x4a, 0x65,
  0x4a, 0x44, 0x4a, 0x65, 0x42, 0x24, 0x42, 0x45, 0x42, 0x24, 0x4a, 0x86,
  0xc5, 0x0b, 0xcd, 0x2b, 0xcd, 0x2a, 0xc4, 0xc8, 0xc5, 0x0a, 0xd5, 0x4b,
  0xd5, 0x8c, 0xd5, 0x2b, 0xc4, 0xeb, 0xbc, 0x89, 0xb4, 0x6a, 0xac, 0x08,
  0xac, 0x28, 0xbc, 0x89, 0xbc, 0xca, 0xbc, 0xa9, 0xbc, 0xaa, 0xb4, 0x68,
  0xa4, 0x29, 0x9b, 0x86, 0x8b, 0x67, 0xac, 0x2a, 0xac, 0x49, 0xbc, 0xaa,
  0xbc, 0xaa, 0xbc, 0x8a, 0xb4, 0x8a, 0xac, 0x49, 0x9b, 0xe8, 0x93, 0x66,
  0xac, 0x4a, 0xb4, 0x49, 0x93, 0x87, 0x82, 0xe5, 0x72, 0xe7, 0x72, 0xa6,
  0x6a, 0x44, 0x93, 0x89, 0x93, 0x47, 0x93, 0x26, 0xac, 0x08, 0xb4, 0x09,
  0xab, 0xa8, 0x92, 0xa4, 0x62, 0x24, 0x8b, 0x08, 0x9c, 0x0a, 0x9b, 0xc9,
  0x8b, 0x27, 0x72, 0x23, 0x7a, 0xe6, 0x82, 0xe6, 0x83, 0x06, 0x9b, 0xa8,
  0xbc, 0x6a, 0xcc, 0xcb, 0xac, 0x09, 0x9b, 0x66, 0xc5, 0x0c, 0xdd, 0x6e,
  0xdd, 0xad, 0xed, 0xce, 0xed, 0xee, 0xf6, 0x0e, 0xed, 0xee, 0xf5, 0xed,
  0xf6, 0x4e, 0xf6, 0x2e, 0xf6, 0x6f, 0xfe, 0x4e, 0xf6, 0x6f, 0xf6, 0x6f,
  0xf6, 0x70, 0xf6, 0x0e, 0xdd, 0x6c, 0xe5, 0x6c, 0xdd, 0x6c, 0xdd, 0x4b,
  0xe5, 0xac, 0xe5, 0xac, 0xe5, 0xcd, 0xe5, 0xcd, 0xe5, 0xad, 0xe5, 0x6c,
  0xcc, 0xcb, 0xbc, 0x28, 0x93, 0x46, 0x92, 0xe5, 0x93, 0x05, 0x9b, 0x26,
  0xa3, 0xa7, 0xab, 0xc8, 0xb4, 0x2a, 0xb4, 0x09, 0x6a, 0x65, 0x6a, 0x65,
  0x6a, 0x65, 0x83, 0x07, 0xb4, 0x29, 0xbc, 0x49, 0xbc, 0x48, 0xc4, 0x48,
  0xc4, 0x69, 0xcc, 0x69, 0xc4, 0x8a, 0xc4, 0x89, 0xcc, 0xca, 0xcc, 0xea,
  0xcc, 0xca, 0xd4, 0xea, 0xd4, 0xc9, 0xdc, 0xea, 0xd5, 0x0a, 0xe5, 0x2a,
  0xe5, 0x8b, 0xe5, 0x4a, 0xdd, 0x4b, 0xdd, 0x4a, 0xe5, 0x6b, 0xed, 0x4b,
  0xed, 0x8b, 0xed, 0x6a, 0xed, 0x8b, 0xed, 0x6a, 0xd4, 0xc9, 0xcc, 0x88,
  0xab, 0xc7, 0xa3, 0x45, 0x9b, 0x88, 0x8a, 0xc4, 0x5a, 0x25, 0x49, 0x82,
  0x41, 0xa4, 0x49, 0xc4, 0x59, 0xc5, 0x59, 0xc4, 0xa3, 0x48, 0xab, 0x28,
  0xb3, 0x66, 0xc3, 0xc7, 0xc4, 0x28, 0xcc, 0x28, 0xdc, 0x6a, 0xd4, 0x08,
  0xd4, 0x49, 0xdc, 0x28, 0xd4, 0x08, 0xd4, 0x07, 0xdc, 0xa9, 0xdc, 0x88,
  0xdc, 0x88, 0xdc, 0x68, 0xdc, 0x89, 0xec, 0xca, 0xe4, 0xea, 0xec, 0xe9,
  0xf5, 0x6c, 0xfd, 0x6c, 0xf5, 0xab, 0xfd, 0xab, 0xe5, 0xad, 0x8a, 0x80,
  0x5a, 0x85, 0x62, 0x85, 0x5a, 0xa6, 0x5a, 0x85, 0x5a, 0xa5, 0x5a, 0x85,
  0x52, 0x65, 0x5a, 0x64, 0x5a, 0xc6, 0x62, 0xc5, 0x5a, 0xe6, 0x52, 0x84,
  0x5a, 0xe6, 0x62, 0xe6, 0x4a, 0x45, 0x41, 0xc3, 0x41, 0xe5, 0x4a, 0x05,
  0x4a, 0x66, 0x41, 0xe4, 0x42, 0x05, 0x42, 0x04, 0x42, 0x05, 0x41, 0xc4,
  0x39, 0xc4, 0x41, 0xc4, 0x39, 0xc4, 0x39, 0xa3, 0x42, 0x25, 0x42, 0x04,
  0x42, 0x04, 0x41, 0xc3, 0x31, 0xa4, 0x39, 0xa4, 0x41, 0xe5, 0x41, 0xe5,
  0x42, 0x05, 0x41, 0xe4, 0x42, 0x05, 0x41, 0xe4, 0x41, 0xc4, 0x41, 0xa4,
  0x29, 0x64, 0x29, 0x23, 0x31, 0x84, 0x31, 0x64, 0x31, 0x84, 0x39, 0x84,
  0x31, 0x84, 0x39, 0xa4, 0x39, 0xc5, 0x39, 0x84, 0x29, 0x63, 0x31, 0x43,
  0x29, 0x44, 0x31, 0x43, 0x31, 0x84, 0x39, 0x84, 0x31, 0xa4, 0x39, 0xa4,
  0x31, 0xa5, 0x39, 0x84, 0x39, 0xc5, 0x39, 0xc5, 0x31, 0xa4, 0x31, 0x84,
  0x31, 0x84, 0x41, 0xa4, 0x42, 0x05, 0x41, 0xe5, 0x42, 0x45, 0x4a, 0x45,
  0x42, 0x45, 0x4a, 0x25, 0x42, 0x45, 0x4a, 0x45, 0x3a, 0x04, 0x4a, 0x45,
  0xcd, 0x2a, 0xcd, 0x4b, 0xd5, 0x2a, 0xc4, 0xc9, 0xd5, 0x0a, 0xd5, 0x4b,
  0xbc, 0x88, 0xbc, 0xa9, 0xbc, 0x68, 0xb4, 0x48, 0xbc, 0x89, 0xc4, 0xeb,
  0xcc, 0xeb, 0xcd, 0x2c, 0xcd, 0x0a, 0xcd, 0x4c, 0xd5, 0x2b, 0xbc, 0xa9,
  0xac, 0x08, 0x9b, 0xa6, 0x8b, 0x06, 0xa4, 0x2a, 0xbc, 0x89, 0xbc, 0xca,
  0xc4, 0xca, 0xc4, 0xcb, 0xbc, 0x89, 0xac, 0x49, 0xac, 0x28, 0xa4, 0x07,
  0xac, 0x27, 0xb4, 0x89, 0x9b, 0xa7, 0x83, 0x05, 0x7a, 0xe6, 0x7a, 0xe7,
  0x7a, 0x84, 0x93, 0x88, 0x9b, 0x67, 0x72, 0x64, 0x8b, 0x06, 0xac, 0x2b,
  0xbc, 0x09, 0x92, 0xe5, 0x6a, 0x04, 0x62, 0x04, 0x8b, 0x27, 0x93, 0xa9,
  0x8a, 0xe7, 0x61, 0xe3, 0x82, 0xe6, 0x83, 0x07, 0x8a, 0xe5, 0xac, 0x2a,
  0xc4, 0x8a, 0xcc, 0xcb, 0xbc, 0x49, 0x93, 0x65, 0xc4, 0xab, 0xdd, 0x8e,
  0xe5, 0x8d, 0xe5, 0xce, 0xed, 0xac, 0xed, 0xed, 0xf5, 0xcd, 0xf6, 0x0e,
  0xfe, 0x4e, 0xfe, 0x6e, 0xfe, 0x4e, 0xf6, 0x4e, 0xf6, 0x4e, 0xee, 0x4f,
  0xfe, 0x4e, 0xee, 0x4e, 0xdd, 0x4b, 0xdd, 0x6c, 0xdd, 0x6b, 0xdd, 0x8c,
  0xe5, 0x8b, 0xe5, 0xcd, 0xe5, 0x8c, 0xe5, 0xad, 0xdd, 0x4c, 0xc4, 0xaa,
  0xa3, 0x87, 0x8a, 0xe5, 0x92, 0xe5, 0x93, 0x06, 0xa3, 0x66, 0xa3, 0xa8,
  0xb3, 0xe7, 0xb4, 0x28, 0xb4, 0x2a, 0x7a, 0xc5, 0x6a, 0x64, 0x72, 0xe7,
  0x82, 0xc4, 0xb4, 0x6b, 0xc4, 0x68, 0xbc, 0x48, 0xc4, 0x47, 0xc4, 0x68,
  0xc4, 0x68, 0xc4, 0x89, 0xcc, 0xa9, 0xcc, 0xca, 0xcc, 0xca, 0xcc, 0xca,
  0xd4, 0xea, 0xcc, 0xea, 0xd4, 0xe8, 0xd5, 0x2a, 0xe5, 0x4a, 0xe5, 0xab,
  0xe5, 0x4a, 0xdd, 0x6a, 0xe5, 0x4a, 0xe5, 0xac, 0xf5, 0xab, 0xed, 0xab,
  0xf5, 0xab, 0xed, 0x8b, 0xdc, 0xe7, 0xd4, 0xa7, 0xdc, 0xc8, 0xcc, 0x87,
  0xa3, 0x85, 0xbc, 0x28, 0x9b, 0xa7, 0x72, 0xc4, 0x51, 0xc3, 0x49, 0x82,
  0x62, 0x24, 0x5a, 0x25, 0x59, 0xc4, 0x59, 0xe4, 0xa3, 0x06, 0xab, 0x89,
  0xc3, 0xa6, 0xc4, 0x08, 0xcb, 0xe7, 0xcc, 0x08, 0xcb, 0xc6, 0xcb, 0xe7,
  0xd3, 0xc6, 0xcb, 0xe6, 0xd3, 0xe6, 0xd4, 0x07, 0xd4, 0x06, 0xd4, 0x68,
  0xe4, 0xc9, 0xdc, 0xc9, 0xdc, 0x88, 0xe4, 0xc9, 0xec, 0xe9, 0xe4, 0xe9,
  0xf5, 0x0a, 0xf5, 0x6b, 0xfd, 0x8b, 0xfd, 0xac, 0xfe, 0x2e, 0xbc, 0x06,
  0x5a, 0x22, 0x62, 0x63, 0x62, 0xa5, 0x5a, 0xa5, 0x5a, 0x64, 0x5a, 0xa5,
  0x5a, 0x84, 0x52, 0x64, 0x62, 0xa5, 0x5a, 0xc6, 0x5a, 0xc5, 0x52, 0xa5,
  0x5a, 0xa5, 0x5a, 0xe6, 0x52, 0x44, 0x41, 0xe3, 0x41, 0xa3, 0x42, 0x05,
  0x4a, 0x04, 0x41, 0xe4, 0x4a, 0x24, 0x4a, 0x25, 0x4a, 0x04, 0x39, 0xe4,
  0x42, 0x04, 0x4a, 0x66, 0x42, 0x25, 0x42, 0x45, 0x6b, 0x49, 0x5a, 0xe8,
  0x52, 0xa6, 0x3a, 0x04, 0x39, 0xa3, 0x39, 0xc4, 0x42, 0x04, 0x42, 0x05,
  0x4a, 0x04, 0x42, 0x25, 0x41, 0xe4, 0x41, 0xe4, 0x41, 0x83, 0x41, 0xa4,
  0x39, 0x64, 0x31, 0x64, 0x31, 0x64, 0x29, 0x64, 0x31, 0x83, 0x39, 0xe5,
  0x39, 0x83, 0x31, 0xa4, 0x39, 0xa4, 0x31, 0xa4, 0x31, 0x63, 0x31, 0x63,
  0x31, 0x43, 0x31, 0x64, 0x39, 0xa4, 0x39, 0xc5, 0x39, 0x83, 0x39, 0xc4,
  0x39, 0xa4, 0x31, 0xa4, 0x39, 0xc4, 0x39, 0xe5, 0x39, 0x84, 0x31, 0x84,
  0x39, 0x63, 0x39, 0xc5, 0x41, 0xe4, 0x41, 0xe5, 0x4a, 0x45, 0x4a, 0x45,
  0x4a, 0x24, 0x42, 0x45, 0x4a, 0x04, 0x4a, 0x25, 0x4a, 0x24, 0x42, 0x24,
  0xc5, 0x0b, 0xcd, 0x2b, 0xc4, 0xea, 0xcc, 0xea, 0xc4, 0xeb, 0xc4, 0xa9,
  0xb4, 0x69, 0xc4, 0xca, 0xc4, 0xeb, 0xc4, 0xca, 0xc5, 0x0c, 0xd5, 0x2c,
  0xcd, 0x2c, 0xd5, 0x2c, 0xcd, 0x4c, 0xd5, 0x6c, 0xcd, 0x2b, 0xbc, 0x68,
  0xa4, 0x29, 0x8b, 0x25, 0x7b, 0x06, 0xa4, 0x0a, 0xb4, 0xab, 0xb4, 0x69,
  0xbc, 0xaa, 0xbc, 0x8a, 0xb4, 0x69, 0xb4, 0x48, 0xac, 0x48, 0xac, 0x07,
  0xb4, 0x89, 0xbc, 0x69, 0xa4, 0x08, 0x82, 0xe4, 0x72, 0xc6, 0x7a, 0xe7,
  0x6a, 0x44, 0x8b, 0x27, 0x9b, 0x69, 0x69, 0xe2, 0x62, 0x04, 0x8b, 0x29,
  0xa3, 0xa9, 0x82, 0x84, 0x6a, 0x65, 0x6a, 0x24, 0x62, 0x24, 0x7a, 0xc7,
  0x62, 0x25, 0x62, 0x04, 0x83, 0x48, 0x82, 0xe7, 0x82, 0xe6, 0xb4, 0x2b,
  0xcc, 0xcb, 0xc4, 0x8a, 0xc4, 0xcb, 0x9b, 0x86, 0xac, 0x4a, 0xdd, 0x6e,
  0xd5, 0x6d, 0xe5, 0xae, 0xe5, 0xcd, 0xed, 0xcd, 0xed, 0xed, 0xf5, 0xed,
  0xf6, 0x2e, 0xf6, 0x0d, 0xf6, 0x4e, 0xfe, 0x4e, 0xee, 0x4e, 0xf6, 0x4e,
  0xf6, 0x6f, 0xf6, 0x4e, 0xdd, 0x8c, 0xdd, 0x6b, 0xd5, 0x4b, 0xdd, 0x4b,
  0xdd, 0x8c, 0xe5, 0xac, 0xdd, 0x6d, 0xc4, 0xa9, 0xa3, 0xc8, 0x8b, 0x05,
  0x82, 0xc6, 0x8a, 0xe6, 0x93, 0x27, 0x93, 0x07, 0x9b, 0x67, 0xab, 0x87,
  0x9b, 0xa7, 0x9b, 0x86, 0x7a, 0xe6, 0x6a, 0x43, 0x72, 0xe8, 0x72, 0xc7,
  0xac, 0x29, 0xcc, 0xab, 0xcc, 0x89, 0xcc, 0x48, 0xc4, 0x48, 0xc4, 0x27,
  0xc4, 0x68, 0xcc, 0x89, 0xc4, 0x8a, 0xcc, 0xaa, 0xc4, 0xcb, 0xcc, 0xca,
  0xcd, 0x0a, 0xcc, 0xea, 0xd5, 0x09, 0xdd, 0x4a, 0xe5, 0x8b, 0xdd, 0x4a,
  0xcc, 0xe9, 0xdd, 0x4a, 0xe5, 0xcc, 0xed, 0xcc, 0xed, 0xcc, 0xed, 0xab,
  0xdd, 0x29, 0xd4, 0xe8, 0xd4, 0xc7, 0xed, 0x49, 0xe5, 0x6b, 0xbb, 0xe5,
  0xb4, 0x28, 0xbc, 0x29, 0x83, 0x46, 0x72, 0x83, 0x51, 0xc4, 0x51, 0xa3,
  0x72, 0x86, 0x6a, 0x24, 0x51, 0xc4, 0x59, 0xe4, 0x8a, 0xa5, 0xa3, 0x68,
  0xbb, 0xa7, 0xbb, 0x86, 0xbb, 0x66, 0xcb, 0xc8, 0xd4, 0x48, 0xdc, 0x28,
  0xd3, 0xe7, 0xd3, 0xc6, 0xd4, 0x07, 0xdc, 0x07, 0xd4, 0x28, 0xdc, 0x68,
  0xd4, 0x89, 0xdc, 0xa9, 0xdc, 0xa9, 0xdc, 0x88, 0xdc, 0xc9, 0xe4, 0xc9,
  0xe4, 0xe9, 0xf5, 0x29, 0xf5, 0x6a, 0xfd, 0x8b, 0xfe, 0x2e, 0xed, 0x8b,
  0x6a, 0x84, 0x62, 0x22, 0x5a, 0xa6, 0x5a, 0x86, 0x52, 0xa5, 0x5a, 0x85,
  0x52, 0x85, 0x5a, 0x65, 0x5a, 0xa6, 0x5a, 0xa5, 0x52, 0xa5, 0x5a, 0x85,
  0x52, 0xa6, 0x5a, 0xa5, 0x4a, 0x65, 0x41, 0xe3, 0x39, 0xc5, 0x41, 0xc5,
  0x39, 0xe5, 0x41, 0xe4, 0x42, 0x05, 0x41, 0xe4, 0x31, 0xc4, 0x52, 0x87,
  0x5b, 0x6a, 0x42, 0x86, 0x4a, 0x87, 0x31, 0xa4, 0x31, 0xe5, 0x31, 0xa4,
  0x4a, 0xa8, 0x4a, 0x67, 0x31, 0xc5, 0x39, 0xa4, 0x39, 0xe5, 0x41, 0xe5,
  0x42, 0x05, 0x42, 0x04, 0x3a, 0x04, 0x39, 0xe4, 0x39, 0xa4, 0x39, 0x83,
  0x29, 0x43, 0x31, 0x43, 0x29, 0x64, 0x31, 0x44, 0x31, 0x84, 0x39, 0xc5,
  0x31, 0xa4, 0x39, 0xa4, 0x39, 0xc5, 0x39, 0x84, 0x31, 0x64, 0x31, 0x43,
  0x29, 0x44, 0x31, 0x23, 0x31, 0xa5, 0x39, 0xa4, 0x31, 0x84, 0x39, 0x63,
  0x31, 0x85, 0x39, 0x84, 0x31, 0xa4, 0x39, 0xa4, 0x31, 0x84, 0x31, 0x64,
  0x31, 0x64, 0x39, 0x84, 0x39, 0xc5, 0x41, 0xc5, 0x4a, 0x25, 0x4a, 0x25,
  0x42, 0x45, 0x42, 0x04, 0x42, 0x25, 0x4a, 0x04, 0x4a, 0x25, 0x4a, 0x25,
  0xd5, 0x2b, 0xcd, 0x4b, 0xcd, 0x0a, 0xc5, 0x0a, 0xcc, 0xe9, 0xcd, 0x2a,
  0xcd, 0x09, 0xc4, 0xe9, 0xcc, 0xeb, 0xcd, 0x2c, 0xd5, 0x2b, 0xcd, 0x4c,
  0xd5, 0x4b, 0xcd, 0x4b, 0xdd, 0x8c, 0xd5, 0x6b, 0xcd, 0x2a, 0xbc, 0xa9,
  0xac, 0x08, 0x8b, 0x25, 0x83, 0x05, 0xa4, 0x2a, 0xbc, 0x8a, 0xb4, 0xaa,
  0xbc, 0x8a, 0xbc, 0xab, 0xbc, 0x69, 0xbc, 0xaa, 0xb4, 0x49, 0xac, 0x08,
  0xbc, 0x88, 0xbc, 0x89, 0xb4, 0x28, 0x82, 0xe3, 0x7a, 0xe7, 0x7b, 0x28,
  0x7a, 0x64, 0x83, 0x07, 0x9b, 0x48, 0x61, 0xc2, 0x61, 0xc3, 0x62, 0x05,
  0x7a, 0x85, 0x72, 0x64, 0x72, 0x84, 0x72, 0xc5, 0x6a, 0x44, 0x62, 0x44,
  0x59, 0xc3, 0x6a, 0x66, 0x8b, 0x47, 0x7b, 0x07, 0x82, 0xc4, 0xac, 0x2a,
  0xcc, 0xca, 0xc4, 0xaa, 0xcc, 0xcb, 0xac, 0x08, 0xab, 0xe8, 0xdd, 0x8e,
  0xdd, 0x6d, 0xdd, 0xce, 0xed, 0xcd, 0xed, 0xee, 0xf6, 0x0e, 0xf6, 0x2e,
  0xfe, 0x2e, 0xee, 0x0e, 0xf6, 0x4e, 0xf6, 0x6f, 0xfe, 0x4e, 0xf6, 0x6f,
  0xfe, 0x6f, 0xf6, 0x6f, 0xdd, 0x4b, 0xd5, 0x2b, 0xdd, 0x2a, 0xdd, 0x4b,
  0xdd, 0x4a, 0xc4, 0xc9, 0xab, 0x87, 0x93, 0x05, 0x8a, 0xc5, 0x8b, 0x27,
  0x8a, 0xe5, 0x82, 0xe5, 0x9b, 0x46, 0x9b, 0x67, 0xa3, 0x86, 0x93, 0x45,
  0x93, 0x06, 0x7a, 0xa5, 0x62, 0x24, 0x72, 0xc7, 0x82, 0xc5, 0x9b, 0xa9,
  0xcc, 0xa9, 0xcc, 0xca, 0xd4, 0x88, 0xcc, 0x88, 0xd4, 0x88, 0xc4, 0x47,
  0xc4, 0x47, 0xcc, 0xa9, 0xcc, 0x89, 0xc4, 0xa9, 0xcc, 0xa9, 0xcc, 0xca,
  0xcc, 0xc9, 0xcc, 0xca, 0xd4, 0xe9, 0xd5, 0x4b, 0xd5, 0x08, 0xcd, 0x09,
  0xe5, 0x49, 0xed, 0xec, 0xf5, 0xeb, 0xed, 0xeb, 0xed, 0xab, 0xd5, 0x08,
  0xdd, 0x07, 0xdd, 0x28, 0xf5, 0x8a, 0xfd, 0xeb, 0xd4, 0xa8, 0xb4, 0x05,
  0xcc, 0xc9, 0xac, 0x06, 0x83, 0x06, 0x62, 0x43, 0x59, 0xa3, 0x62, 0x45,
  0x7a, 0xa6, 0x5a, 0x04, 0x51, 0xa3, 0x5a, 0x25, 0x7a, 0x24, 0x93, 0x07,
  0xbb, 0x46, 0xbb, 0x67, 0xbb, 0x45, 0xd4, 0x29, 0xe4, 0x89, 0xdc, 0x89,
  0xe4, 0x47, 0xdc, 0x47, 0xd4, 0x06, 0xd4, 0x47, 0xdc, 0x47, 0xdc, 0x88,
  0xdc, 0x68, 0xdc, 0xa9, 0xe4, 0xc9, 0xdc, 0xc9, 0xe4, 0x88, 0xe4, 0xc9,
  0xec, 0xc8, 0xed, 0x09, 0xf5, 0x8a, 0xfd, 0xcb, 0xfd, 0xec, 0xfe, 0x2d,
  0xa3, 0xe7, 0x62, 0x20, 0x5a, 0x85, 0x5a, 0xa6, 0x5a, 0x85, 0x52, 0x85,
  0x5a, 0x85, 0x52, 0x85, 0x5a, 0x85, 0x52, 0xa5, 0x5a, 0xc5, 0x5a, 0xc6,
  0x52, 0x85, 0x52, 0xa6, 0x4a, 0x64, 0x3a, 0x03, 0x41, 0xe4, 0x42, 0x05,
  0x41, 0xc4, 0x39, 0xe4, 0x41, 0xe4, 0x39, 0xe4, 0x4a, 0x45, 0x4a, 0xa6,
  0x31, 0xc4, 0x29, 0xa4, 0x39, 0xa4, 0x39, 0xc5, 0x31, 0x84, 0x31, 0x84,
  0x31, 0x63, 0x31, 0xc5, 0x39, 0xa4, 0x31, 0x84, 0x39, 0xa4, 0x39, 0xe5,
  0x49, 0xe4, 0x4a, 0x25, 0x42, 0x04, 0x42, 0x04, 0x41, 0xa3, 0x39, 0xc4,
  0x31, 0x42, 0x29, 0x63, 0x31, 0x43, 0x29, 0x64, 0x39, 0x83, 0x39, 0xc5,
  0x39, 0xa4, 0x39, 0xc4, 0x39, 0xc3, 0x31, 0xa3, 0x31, 0x43, 0x31, 0x43,
  0x31, 0x43, 0x29, 0x44, 0x39, 0x84, 0x39, 0xc5, 0x39, 0xa4, 0x31, 0x84,
  0x39, 0xa4, 0x31, 0xa4, 0x31, 0x84, 0x31, 0x84, 0x39, 0x63, 0x31, 0x64,
  0x39, 0x64, 0x39, 0x84, 0x41, 0xe4, 0x42, 0x05, 0x4a, 0x45, 0x4a, 0x45,
  0x52, 0x45, 0x4a, 0x65, 0x52, 0x44, 0x42, 0x04, 0x49, 0xe4, 0x4a, 0x25,
  0xc5, 0x0b, 0xcd, 0x0a, 0xcd, 0x0b, 0xcd, 0x0b, 0xc4, 0xea, 0xcc, 0xea,
  0xc5, 0x0a, 0xcd, 0x2a, 0xcd, 0x2c, 0xd5, 0x4d, 0xcd, 0x6c, 0xcd, 0x2b,
  0xc5, 0x2b, 0xcd, 0x4b, 0xcd, 0x6c, 0xd5, 0x4b, 0xc5, 0x0b, 0xbc, 0x68,
  0x9b, 0xa7, 0x8a, 0xe4, 0x83, 0x26, 0xa4, 0x0a, 0xb4, 0xab, 0xbc, 0x8a,
  0xbc, 0xab, 0xbc, 0xaa, 0xbc, 0xab, 0xbc, 0xaa, 0xb4, 0x69, 0xa3, 0xc7,
  0xb4, 0x69, 0xbc, 0x69, 0xac, 0x4a, 0x82, 0xc4, 0x6a, 0x86, 0x7a, 0xc6,
  0x7a, 0xc6, 0x8b, 0x27, 0x8b, 0x28, 0x69, 0xe2, 0x59, 0xc4, 0x62, 0x05,
  0x6a, 0x65, 0x7a, 0x85, 0x72, 0xa5, 0x7a, 0xa5, 0x72, 0xa6, 0x72, 0x85,
  0x62, 0x45, 0x7a, 0xe7, 0x7b, 0x07, 0x82, 0xe6, 0x8b, 0x06, 0xab, 0xe9,
  0xc4, 0xaa, 0xc4, 0xaa, 0xc4, 0xcb, 0xbc, 0x69, 0xbc, 0x8b, 0xdd, 0x6e,
  0xdd, 0x8e, 0xdd, 0x8e, 0xe5, 0xce, 0xed, 0xce, 0xed, 0xee, 0xf6, 0x2f,
  0xee, 0x2e, 0xf6, 0x2e, 0xf6, 0x6f, 0xfe, 0x4f, 0xf6, 0x4f, 0xfe, 0x4f,
  0xf6, 0x70, 0xf6, 0x4f, 0xd5, 0x4b, 0xd5, 0x0a, 0xd5, 0x0b, 0xcc, 0xca,
  0xa3, 0xc8, 0x93, 0x05, 0x7a, 0x64, 0x7a, 0x43, 0x82, 0xe7, 0x8a, 0xc6,
  0x82, 0xc5, 0x8a, 0xe6, 0x93, 0x67, 0x9b, 0x87, 0x8b, 0x26, 0x93, 0x25,
  0x83, 0x07, 0x7a, 0x85, 0x6a, 0xa6, 0x72, 0xa6, 0x8b, 0x06, 0xbc, 0x6b,
  0xcc, 0xca, 0xd4, 0xca, 0xdd, 0x0a, 0xdd, 0x0a, 0xdd, 0x0a, 0xd4, 0x88,
  0xcc, 0xa9, 0xcc, 0x88, 0xc4, 0x89, 0xc4, 0x69, 0xc4, 0xaa, 0xcc, 0x89,
  0xc4, 0xa9, 0xcc, 0xea, 0xcc, 0xc9, 0xcc, 0xa8, 0xcc, 0xc8, 0xdd, 0x29,
  0xe5, 0xac, 0xf5, 0xec, 0xf5, 0xec, 0xed, 0x8a, 0xd5, 0x09, 0xd4, 0xe8,
  0xe5, 0x49, 0xf5, 0xab, 0xf6, 0x0c, 0xed, 0x69, 0xb4, 0x26, 0xcc, 0x88,
  0xbc, 0xaa, 0x9b, 0x64, 0x7b, 0x06, 0x62, 0x63, 0x62, 0x24, 0x72, 0xa6,
  0x6a, 0xa6, 0x51, 0xc3, 0x41, 0xa4, 0x49, 0xa4, 0x72, 0x04, 0x8a, 0x86,
  0xbb, 0x47, 0xc3, 0x67, 0xbb, 0x66, 0xcb, 0xc8, 0xd4, 0x69, 0xdc, 0x69,
  0xdc, 0x88, 0xdc, 0x47, 0xd4, 0x27, 0xdc, 0x27, 0xd4, 0x27, 0xdc, 0x47,
  0xdc, 0x89, 0xdc, 0x68, 0xd4, 0xa9, 0xdc, 0xa9, 0xd4, 0x69, 0xdc, 0x68,
  0xe4, 0xa9, 0xec, 0xa8, 0xed, 0x09, 0xfd, 0x6a, 0xf5, 0xec, 0xfe, 0x0c,
  0xe5, 0xce, 0x82, 0xa1, 0x5a, 0xa5, 0x62, 0xa5, 0x52, 0xa5, 0x52, 0x64,
  0x52, 0xa6, 0x52, 0x65, 0x52, 0x86, 0x5a, 0xa5, 0x5a, 0xc6, 0x5a, 0x85,
  0x4a, 0x86, 0x52, 0x85, 0x4a, 0x65, 0x4a, 0x24, 0x41, 0xe5, 0x41, 0xe4,
  0x41, 0xe5, 0x39, 0xa3, 0x42, 0x66, 0x52, 0xc7, 0x42, 0x87, 0x42, 0x25,
  0x29, 0x84, 0x31, 0x84, 0x39, 0xa5, 0x39, 0x64, 0x31, 0xa5, 0x39, 0x85,
  0x39, 0xc5, 0x39, 0xa5, 0x31, 0x84, 0x31, 0x63, 0x31, 0x84, 0x31, 0x64,
  0x39, 0xe5, 0x4a, 0x06, 0x42, 0x25, 0x42, 0x05, 0x39, 0xc4, 0x39, 0xa3,
  0x31, 0xa4, 0x31, 0x63, 0x21, 0x24, 0x29, 0x44, 0x31, 0x84, 0x39, 0xa4,
  0x31, 0xa4, 0x39, 0xa4, 0x31, 0xa4, 0x31, 0x83, 0x31, 0x64, 0x31, 0x43,
  0x29, 0x44, 0x31, 0x23, 0x31, 0x84, 0x39, 0x84, 0x31, 0xa4, 0x31, 0x63,
  0x31, 0xa5, 0x31, 0x84, 0x31, 0xa5, 0x31, 0x84, 0x31, 0x64, 0x31, 0x43,
  0x31, 0x85, 0x39, 0x84, 0x39, 0xc5, 0x41, 0xe5, 0x42, 0x46, 0x4a, 0x05,
  0x42, 0x25, 0x52, 0x65, 0x4a, 0x25, 0x41, 0xe4, 0x39, 0xc4, 0x41, 0xc4,
  0xcd, 0x0a, 0xcd, 0x0b, 0xcc, 0xea, 0xc4, 0xea, 0xcc, 0xe9, 0xcd, 0x0a,
  0xd5, 0x4a, 0xcd, 0x2a, 0xd5, 0x6c, 0xdd, 0xae, 0xd5, 0x4b, 0xcd, 0x4b,
  0xd5, 0x4b, 0xd5, 0x6c, 0xd5, 0x6b, 0xcd, 0x4b, 0xcc, 0xea, 0xac, 0x47,
  0x9b, 0x66, 0x8b, 0x45, 0x9b, 0xa7, 0xa4, 0x09, 0xb4, 0x69, 0xb4, 0xaa,
  0xbc, 0x89, 0xbc, 0xca, 0xc4, 0xca, 0xc4, 0xeb, 0xbc, 0x69, 0xb4, 0x69,
  0xbc, 0x68, 0xb4, 0x89, 0xb4, 0x29, 0x83, 0x04, 0x72, 0x85, 0x72, 0xc6,
  0x82, 0xc5, 0x93, 0xa9, 0x93, 0x68, 0x6a, 0x23, 0x61, 0xe4, 0x5a, 0x04,
  0x83, 0x07, 0x7a, 0xe7, 0x7a, 0x84, 0x7a, 0xc5, 0x82, 0xe6, 0x7a, 0xe6,
  0x72, 0x65, 0x72, 0xc6, 0x82, 0xc5, 0x8b, 0x48, 0x8a, 0xe5, 0xa3, 0xe9,
  0xc4, 0x8a, 0xc4, 0xaa, 0xcc, 0xaa, 0xc4, 0xcb, 0xc4, 0xab, 0xdd, 0x8e,
  0xdd, 0x8e, 0xdd, 0x8f, 0xed, 0xce, 0xe5, 0xee, 0xed, 0xcd, 0xf6, 0x2e,
  0xf6, 0x0e, 0xee, 0x0e, 0xfe, 0x2e, 0xf6, 0x4f, 0xf6, 0x4e, 0xf6, 0x6f,
  0xfe, 0x6f, 0xf6, 0x6f, 0xdd, 0x2a, 0xc4, 0xa8, 0xbc, 0x69, 0x9b, 0x66,
  0x72, 0x44, 0x6a, 0x24, 0x7a, 0x64, 0x72, 0x85, 0x82, 0x85, 0x82, 0xe6,
  0x8a, 0xe5, 0x93, 0x67, 0x9b, 0x46, 0x8b, 0x05, 0x93, 0x26, 0x8b, 0x46,
  0x72, 0x85, 0x6a, 0x85, 0x7a, 0xa5, 0x7a, 0xe6, 0xbc, 0x28, 0xcc, 0xec,
  0xdc, 0xc8, 0xdd, 0x0a, 0xdd, 0x09, 0xdd, 0x0a, 0xdd, 0x09, 0xdd, 0x29,
  0xdc, 0xe8, 0xcc, 0xa8, 0xcc, 0xa8, 0xc4, 0xa9, 0xcc, 0xa9, 0xcc, 0xca,
  0xd4, 0xea, 0xcc, 0xca, 0xcc, 0xa8, 0xcc, 0xe9, 0xdd, 0x09, 0xe5, 0x8a,
  0xed, 0x8a, 0xed, 0xcc, 0xe5, 0x6a, 0xd5, 0x09, 0xe5, 0x49, 0xed, 0xcb,
  0xfd, 0xeb, 0xf5, 0xeb, 0xfd, 0xeb, 0xcc, 0xc7, 0xbc, 0x46, 0xcc, 0xe9,
  0xac, 0x07, 0x8b, 0x24, 0x7b, 0x05, 0x6a, 0xa4, 0x72, 0x84, 0x72, 0xc6,
  0x62, 0x24, 0x49, 0xa3, 0x49, 0xa3, 0x39, 0x83, 0x71, 0xc4, 0x82, 0xa7,
  0xbb, 0x06, 0xc3, 0x68, 0xc3, 0x25, 0xc3, 0x66, 0xd3, 0xe7, 0xdc, 0x69,
  0xe4, 0x88, 0xdc, 0x48, 0xdc, 0x27, 0xd4, 0x27, 0xe4, 0x48, 0xdc, 0x28,
  0xe4, 0x88, 0xdc, 0x88, 0xd4, 0x67, 0xd4, 0xa9, 0xe4, 0x89, 0xdc, 0x89,
  0xe4, 0x67, 0xe4, 0xa9, 0xec, 0xe8, 0xf5, 0x4a, 0xfd, 0xab, 0xfd, 0xcc,
  0xfe, 0x2f, 0xc4, 0x67, 0x62, 0x43, 0x6a, 0x84, 0x5a, 0xa5, 0x52, 0x85,
  0x52, 0x44, 0x52, 0x65, 0x5a, 0xa5, 0x52, 0xa5, 0x5a, 0x85, 0x52, 0x85,
  0x52, 0x65, 0x52, 0x86, 0x52, 0x65, 0x42, 0x24, 0x39, 0x83, 0x42, 0x05,
  0x41, 0xc4, 0x41, 0xe4, 0x6b, 0xaa, 0x42, 0x86, 0x31, 0xc4, 0x3a, 0x05,
  0x39, 0x84, 0x31, 0x84, 0x39, 0x83, 0x39, 0xc5, 0x49, 0xe5, 0x42, 0x05,
  0x4a, 0x05, 0x39, 0xc4, 0x31, 0x83, 0x31, 0x84, 0x39, 0x84, 0x31, 0x64,
  0x39, 0x83, 0x42, 0x06, 0x42, 0x04, 0x42, 0x25, 0x41, 0xe4, 0x31, 0xa3,
  0x31, 0x83, 0x29, 0x63, 0x29, 0x23, 0x29, 0x44, 0x39, 0x83, 0x39, 0xc5,
  0x39, 0xa4, 0x39, 0xc5, 0x41, 0xe4, 0x39, 0xe4, 0x39, 0x63, 0x31, 0x63,
  0x31, 0x44, 0x29, 0x44, 0x39, 0x84, 0x39, 0xc5, 0x39, 0x83, 0x31, 0xa4,
  0x39, 0xa4, 0x31, 0xa4, 0x39, 0xc4, 0x31, 0xa5, 0x39, 0x64, 0x31, 0x64,
  0x31, 0x43, 0x39, 0x84, 0x41, 0xa4, 0x39, 0xc5, 0x4a, 0x25, 0x4a, 0x45,
  0x4a, 0x44, 0x4a, 0x45, 0x41, 0xe4, 0x42, 0x04, 0x41, 0xa4, 0x41, 0xc4,
  0xbc, 0xca, 0xcc, 0xea, 0xc4, 0xea, 0xcc, 0xca, 0xcd, 0x0a, 0xd5, 0x0a,
  0xcd, 0x4b, 0xd5, 0x4b, 0xd5, 0x8e, 0xdd, 0x8e, 0xcd, 0x6c, 0xd5, 0x6c,
  0xcd, 0x2c, 0xd5, 0x4c, 0xcd, 0x4c, 0xcd, 0x0b, 0xc4, 0xea, 0xb4, 0x47,
  0x93, 0x87, 0x9b, 0x66, 0x9b, 0xa8, 0xa3, 0xe8, 0xb4, 0xab, 0xb4, 0x69,
  0xb4, 0x8a, 0xbc, 0xaa, 0xbc, 0xcb, 0xc4, 0xcb, 0xbc, 0xcb, 0xb4, 0x8a,
  0xbc, 0xaa, 0xbc, 0x69, 0xb4, 0x6a, 0x8b, 0x04, 0x72, 0xa5, 0x7a, 0xc5,
  0x83, 0x27, 0x93, 0x68, 0x8b, 0x48, 0x6a, 0x03, 0x62, 0x05, 0x61, 0xe4,
  0x72, 0xc6, 0x7a, 0xa5, 0x72, 0xa5, 0x82, 0xe6, 0x7a, 0xe7, 0x72, 0x65,
  0x6a, 0x65, 0x7a, 0xa6, 0x8b, 0x27, 0x8b, 0x27, 0x82, 0xc5, 0xa3, 0x88,
  0xc4, 0xcb, 0xc4, 0x8a, 0xc4, 0xcb, 0xcc, 0xeb, 0xbc, 0x8a, 0xd5, 0x4d,
  0xd5, 0x8f, 0xdd, 0x8f, 0xdd, 0xae, 0xe5, 0xcf, 0xe5, 0xce, 0xed, 0xcd,
  0xed, 0xee, 0xf6, 0x0e, 0xf6, 0x4f, 0xfe, 0x4f, 0xf6, 0x4f, 0xf6, 0x4f,
  0xf6, 0x90, 0xf6, 0x6f, 0xdd, 0x6c, 0xab, 0xc6, 0x8b, 0x06, 0x69, 0xe1,
  0x59, 0xc3, 0x72, 0x45, 0x6a, 0x45, 0x7a, 0x65, 0x7a, 0xc6, 0x82, 0xc6,
  0x8b, 0x27, 0x93, 0x26, 0x8b, 0x06, 0x8b, 0x05, 0x93, 0x89, 0x7a, 0xa5,
  0x62, 0x85, 0x6a, 0x85, 0x72, 0xa5, 0x9b, 0x88, 0xcc, 0x8a, 0xd4, 0xca,
  0xd4, 0xca, 0xd4, 0xc9, 0xd4, 0xc9, 0xdc, 0xe9, 0xdd, 0x2a, 0xdc, 0xe8,
  0xdd, 0x29, 0xdd, 0x29, 0xd5, 0x0a, 0xcc, 0xa9, 0xc4, 0xaa, 0xcc, 0xca,
  0xcc, 0xca, 0xbc, 0x68, 0xcc, 0xe9, 0xdd, 0x09, 0xdd, 0x09, 0xe5, 0x4a,
  0xe5, 0x6a, 0xe5, 0x29, 0xdd, 0x4a, 0xed, 0x6a, 0xf5, 0xec, 0xf5, 0xcc,
  0xf5, 0xcb, 0xfd, 0xeb, 0xe5, 0x8b, 0xc4, 0x45, 0xcc, 0xe9, 0xc4, 0xa8,
  0x93, 0xa7, 0x82, 0xe4, 0x72, 0xc5, 0x6a, 0x84, 0x72, 0xa6, 0x72, 0x85,
  0x51, 0xe4, 0x51, 0xc3, 0x52, 0x05, 0x51, 0xc4, 0x51, 0x63, 0x7a, 0x67,
  0xaa, 0xc7, 0xaa, 0xc6, 0xaa, 0x64, 0xb2, 0xa5, 0xc3, 0x67, 0xd3, 0xa8,
  0xd4, 0x28, 0xd3, 0xe7, 0xd4, 0x28, 0xdc, 0x07, 0xdc, 0x28, 0xdc, 0x28,
  0xd4, 0x48, 0xe4, 0x89, 0xd4, 0x89, 0xd4, 0x48, 0xdc, 0x89, 0xdc, 0x88,
  0xe4, 0xa9, 0xe4, 0xa9, 0xed, 0x09, 0xf5, 0x09, 0xf5, 0x6b, 0xfd, 0xac,
  0xfd, 0xee, 0xfd, 0xad, 0x7a, 0xc5, 0x72, 0x63, 0x5a, 0xa6, 0x52, 0x44,
  0x4a, 0x44, 0x52, 0x65, 0x52, 0xa6, 0x5a, 0xa5, 0x52, 0x86, 0x52, 0x45,
  0x4a, 0x65, 0x52, 0x65, 0x4a, 0x66, 0x4a, 0x45, 0x39, 0xa4, 0x41, 0xc5,
  0x31, 0xa4, 0x52, 0x87, 0x53, 0x49, 0x21, 0x82, 0x29, 0x64, 0x31, 0x64,
  0x39, 0xa5, 0x39, 0xa4, 0x41, 0xe4, 0x41, 0xc4, 0x4a, 0x46, 0x52, 0x25,
  0x4a, 0x45, 0x41, 0xc3, 0x31, 0x84, 0x39, 0x84, 0x39, 0xa5, 0x39, 0x64,
  0x31, 0x64, 0x41, 0xc5, 0x42, 0x05, 0x42, 0x05, 0x39, 0xe4, 0x39, 0xc4,
  0x31, 0xa4, 0x29, 0x22, 0x21, 0x23, 0x29, 0x44, 0x31, 0x84, 0x39, 0xa4,
  0x31, 0xc5, 0x39, 0xa4, 0x3a, 0x05, 0x31, 0xa3, 0x29, 0x44, 0x31, 0x23,
  0x29, 0x44, 0x31, 0x44, 0x31, 0x84, 0x41, 0xc5, 0x31, 0x84, 0x31, 0x84,
  0x31, 0xa5, 0x31, 0x84, 0x31, 0xa5, 0x39, 0xa4, 0x31, 0x64, 0x31, 0x43,
  0x29, 0x44, 0x31, 0x64, 0x31, 0x84, 0x41, 0xc5, 0x42, 0x05, 0x52, 0x46,
  0x42, 0x25, 0x4a, 0x25, 0x42, 0x05, 0x41, 0xc4, 0x39, 0xa4, 0x41, 0xa4,
  0xc4, 0xa9, 0xc4, 0xeb, 0xcc, 0xc9, 0xcc, 0xea, 0xcc, 0xe9, 0xd5, 0x4b,
  0xd5, 0x2b, 0xd5, 0x6c, 0xdd, 0x8e, 0xd5, 0x8e, 0xd5, 0x4c, 0xd5, 0x8d,
  0xd5, 0x4c, 0xd5, 0x6d, 0xdd, 0x8c, 0xd5, 0x6c, 0xcd, 0x0a, 0xb4, 0x68,
  0xa3, 0xa6, 0xa4, 0x08, 0xac, 0x29, 0xa4, 0x09, 0xb4, 0x49, 0xbc, 0x8a,
  0xbc, 0xab, 0xbc, 0xcb, 0xbc, 0xaa, 0xc5, 0x2c, 0xbc, 0xaa, 0xb4, 0xaa,
  0xc4, 0xaa, 0xb4, 0x89, 0xbc, 0x8a, 0x9b, 0xe8, 0x7a, 0xc5, 0x83, 0x06,
  0x93, 0x68, 0x93, 0x88, 0x9b, 0x67, 0x72, 0x64, 0x6a, 0x45, 0x62, 0x25,
  0x72, 0x85, 0x6a, 0x85, 0x82, 0xc5, 0x93, 0x67, 0x7a, 0xa5, 0x6a, 0x23,
  0x72, 0x65, 0x82, 0xe7, 0x93, 0x47, 0x8b, 0x47, 0x82, 0x84, 0x9b, 0x88,
  0xc4, 0x6a, 0xbc, 0x8a, 0xcc, 0xeb, 0xcc, 0xeb, 0xbc, 0x69, 0xcd, 0x0c,
  0xdd, 0x8e, 0xdd, 0xaf, 0xe5, 0xae, 0xe5, 0xce, 0xf5, 0xee, 0xee, 0x0f,
  0xf5, 0xcd, 0xf6, 0x0e, 0xfe, 0x4f, 0xf6, 0x4f, 0xfe, 0x6f, 0xf6, 0x6f,
  0xf6, 0x4f, 0xf6, 0xb0, 0xe5, 0x6d, 0x82, 0xc3, 0x61, 0xa2, 0x59, 0xa3,
  0x72, 0x44, 0x72, 0x85, 0x7a, 0xa5, 0x7a, 0xc5, 0x7a, 0xa4, 0x8b, 0x27,
  0x93, 0x67, 0x8b, 0x47, 0x9b, 0x67, 0x8b, 0x47, 0x72, 0xa6, 0x5a, 0x03,
  0x72, 0xa5, 0x6a, 0xa6, 0x93, 0x26, 0xbc, 0x8b, 0xd4, 0x88, 0xd4, 0xc9,
  0xd4, 0xa9, 0xcc, 0xc9, 0xdc, 0xc8, 0xdd, 0x2a, 0xe5, 0x29, 0xe5, 0x4a,
  0xe5, 0x49, 0xe5, 0x8a, 0xdd, 0x2a, 0xd5, 0x09, 0xcc, 0xca, 0xc4, 0xa9,
  0xc4, 0x68, 0xcc, 0xeb, 0xdd, 0x09, 0xdd, 0x4a, 0xed, 0x49, 0xe5, 0x49,
  0xe5, 0x49, 0xed, 0x8a, 0xed, 0xaa, 0xed, 0xcb, 0xf5, 0xeb, 0xf5, 0xec,
  0xfd, 0xcb, 0xf5, 0xcb, 0xd4, 0xc7, 0xc4, 0x87, 0xd5, 0x2a, 0xb4, 0x26,
  0x8b, 0x25, 0x83, 0x04, 0x7a, 0xc5, 0x72, 0xc5, 0x7a, 0xc6, 0x62, 0x44,
  0x59, 0xe3, 0x6a, 0x66, 0x59, 0xe3, 0x62, 0x25, 0x59, 0xc3, 0x51, 0xc4,
  0x8a, 0x45, 0x92, 0xa7, 0xb2, 0x44, 0xaa, 0x65, 0xc3, 0x06, 0xcb, 0x67,
  0xcb, 0xa6, 0xcb, 0xe7, 0xd4, 0x07, 0xcb, 0xe7, 0xd4, 0x07, 0xd4, 0x28,
  0xdc, 0x47, 0xdc, 0x89, 0xdc, 0x88, 0xd4, 0x88, 0xdc, 0x67, 0xe4, 0xc9,
  0xec, 0xe9, 0xe4, 0xe9, 0xec, 0xc8, 0xed, 0x09, 0xf5, 0x4a, 0xfd, 0xab,
  0xfd, 0xcb, 0xfe, 0x0c, 0xbc, 0x89, 0x72, 0x81, 0x62, 0xa5, 0x52, 0x64,
  0x52, 0x24, 0x52, 0x65, 0x52, 0x64, 0x52, 0x85, 0x5a, 0xc5, 0x52, 0xa5,
  0x52, 0x64, 0x4a, 0x65, 0x4a, 0x44, 0x42, 0x24, 0x41, 0xe4, 0x39, 0xc5,
  0x39, 0xc3, 0x4a, 0x66, 0x3a, 0x04, 0x29, 0xa3, 0x39, 0x64, 0x39, 0x84,
  0x41, 0xe4, 0x42, 0x05, 0x41, 0xc4, 0x41, 0xc4, 0x4a, 0x05, 0x4a, 0x46,
  0x52, 0x25, 0x42, 0x04, 0x41, 0xa3, 0x39, 0xc4, 0x41, 0xc4, 0x39, 0xc4,
  0x31, 0x63, 0x31, 0x84, 0x42, 0x04, 0x42, 0x05, 0x39, 0xe4, 0x39, 0xe4,
  0x39, 0xc4, 0x21, 0x43, 0x29, 0x43, 0x29, 0x64, 0x39, 0xa4, 0x39, 0xe5,
  0x39, 0xc4, 0x31, 0xc4, 0x42, 0x04, 0x31, 0xa3, 0x31, 0x43, 0x29, 0x43,
  0x31, 0x64, 0x31, 0x44, 0x39, 0x63, 0x41, 0xe6, 0x39, 0xa4, 0x31, 0xa4,
  0x39, 0xa4, 0x29, 0x84, 0x39, 0x84, 0x31, 0xa4, 0x39, 0x84, 0x31, 0x63,
  0x31, 0x43, 0x31, 0x84, 0x39, 0x84, 0x41, 0xc5, 0x41, 0xe4, 0x42, 0x05,
  0x4a, 0x04, 0x42, 0x04, 0x41, 0xe3, 0x39, 0xc3, 0x41, 0xc3, 0x41, 0xc4,
  0xc4, 0xca, 0xc4, 0xa9, 0xc4, 0xea, 0xcc, 0xea, 0xcd, 0x0a, 0xd5, 0x2b,
  0xcd, 0x4c, 0xd5, 0x6c, 0xd5, 0x8e, 0xd5, 0x8d, 0xcd, 0x4c, 0xd5, 0x4c,
  0xcd, 0x4c, 0xd5, 0x6c, 0xd5, 0x8c, 0xd5, 0x4b, 0xcd, 0x4c, 0xbc, 0x68,
  0xa3, 0xe8, 0xac, 0x08, 0xa4, 0x09, 0x9b, 0xa7, 0xa4, 0x09, 0xb4, 0x6a,
  0xb4, 0xab, 0xbc, 0xab, 0xbc, 0xcb, 0xbc, 0xcb, 0xbc, 0xcb, 0xbc, 0x89,
  0xbc, 0xcb, 0xbc, 0x8a, 0xb4, 0xcb, 0xac, 0x49, 0x8b, 0x27, 0x93, 0x47,
  0x9b, 0xea, 0x9b, 0xa9, 0x8b, 0x48, 0x7a, 0xa5, 0x7a, 0xc7, 0x72, 0x65,
  0x6a, 0x65, 0x72, 0x85, 0x83, 0x27, 0x93, 0x47, 0x7a, 0xc6, 0x6a, 0x23,
  0x72, 0x65, 0x82, 0xe7, 0x93, 0x88, 0x8b, 0x26, 0x82, 0xc5, 0x93, 0x47,
  0xb4, 0x09, 0xc4, 0x6a, 0xc4, 0xcb, 0xcc, 0xcb, 0xbc, 0x6a, 0xc4, 0xaa,
  0xd5, 0x8e, 0xdd, 0x6e, 0xdd, 0xae, 0xe5, 0xae, 0xe5, 0xee, 0xed, 0xee,
  0xf6, 0x0f, 0xfe, 0x0f, 0xf6, 0x0e, 0xfe, 0x2f, 0xf6, 0x6f, 0xf6, 0x4f,
  0xf6, 0x90, 0xf6, 0x70, 0xe5, 0xef, 0x93, 0x04, 0x6a, 0x24, 0x72, 0x44,
  0x6a, 0x65, 0x72, 0x85, 0x7a, 0xe6, 0x82, 0xe5, 0x83, 0x06, 0x93, 0x47,
  0x93, 0x68, 0x93, 0x47, 0x8b, 0x28, 0x82, 0xc5, 0x5a, 0x25, 0x62, 0x45,
  0x6a, 0x84, 0x83, 0x27, 0xbc, 0x6a, 0xc4, 0x8a, 0xcc, 0xa9, 0xcc, 0x89,
  0xc4, 0x68, 0xd4, 0xc9, 0xd5, 0x0a, 0xd4, 0xe9, 0xdd, 0x09, 0xe5, 0x29,
  0xdd, 0x4a, 0xdd, 0x09, 0xcd, 0x2a, 0xc4, 0xa8, 0xc4, 0xaa, 0xc4, 0x89,
  0xd5, 0x0b, 0xdd, 0x2a, 0xdd, 0x29, 0xe5, 0x29, 0xdd, 0x29, 0xed, 0x69,
  0xe5, 0x8a, 0xed, 0x8a, 0xe5, 0x8b, 0xf5, 0xab, 0xed, 0xcc, 0xf5, 0xab,
  0xf5, 0xec, 0xe5, 0x49, 0xbc, 0x46, 0xd4, 0xe8, 0xcd, 0x0a, 0xb3, 0xe5,
  0x83, 0x26, 0x83, 0x26, 0x7b, 0x06, 0x7a, 0xe6, 0x72, 0xa6, 0x62, 0x23,
  0x6a, 0x86, 0x72, 0xa6, 0x59, 0xe4, 0x62, 0x04, 0x62, 0x26, 0x51, 0x83,
  0x51, 0x64, 0x72, 0x06, 0x9a, 0x66, 0xa2, 0x86, 0xb2, 0xc5, 0xcb, 0x27,
  0xc3, 0xa7, 0xd3, 0xc7, 0xc3, 0xc7, 0xcb, 0xe7, 0xcb, 0xe7, 0xd4, 0x07,
  0xd4, 0x48, 0xdc, 0x68, 0xdc, 0xca, 0xdc, 0x88, 0xd4, 0x68, 0xdc, 0x88,
  0xe4, 0xc9, 0xe4, 0xa8, 0xed, 0x0a, 0xec, 0xe9, 0xed, 0x29, 0xfd, 0x6a,
  0xf5, 0xab, 0xfd, 0x8a, 0xdd, 0x6c, 0x9b, 0x22, 0x5a, 0x64, 0x5a, 0x43,
  0x4a, 0x25, 0x52, 0x45, 0x52, 0x65, 0x52, 0x45, 0x52, 0xa6, 0x52, 0x65,
  0x42, 0x45, 0x4a, 0x45, 0x4a, 0x65, 0x39, 0xe3, 0x39, 0xe5, 0x39, 0xa4,
  0x31, 0xc5, 0x4a, 0x67, 0x42, 0x67, 0x31, 0xa4, 0x31, 0x84, 0x39, 0xa4,
  0x39, 0xe5, 0x41, 0xe4, 0x41, 0xe5, 0x41, 0xc4, 0x39, 0xc5, 0x31, 0x84,
  0x39, 0xc5, 0x41, 0xa4, 0x41, 0xc5, 0x41, 0xc4, 0x39, 0xe5, 0x39, 0xa3,
  0x29, 0x43, 0x31, 0x63, 0x39, 0xc5, 0x4a, 0x05, 0x39, 0xc4, 0x39, 0xc4,
  0x31, 0xc5, 0x29, 0x43, 0x29, 0x64, 0x29, 0x44, 0x31, 0xc5, 0x39, 0xc5,
  0x39, 0xe5, 0x39, 0xc4, 0x39, 0xe5, 0x31, 0xa3, 0x29, 0x44, 0x31, 0x43,
  0x29, 0x44, 0x31, 0x64, 0x31, 0x84, 0x39, 0xa5, 0x39, 0xc5, 0x31, 0x83,
  0x31, 0xa4, 0x39, 0xa4, 0x31, 0x84, 0x39, 0x84, 0x31, 0x85, 0x31, 0x43,
  0x31, 0x64, 0x39, 0x64, 0x39, 0xa5, 0x39, 0xa4, 0x39, 0xe5, 0x41, 0xe5,
  0x42, 0x04, 0x4a, 0x04, 0x42, 0x05, 0x41, 0xc4, 0x41, 0xe5, 0x41, 0xc4,
  0xc4, 0xa8, 0xc4, 0xc9, 0xcc, 0xea, 0xcd, 0x2b, 0xd5, 0x0a, 0xcd, 0x0a,
  0xd5, 0x4b, 0xd5, 0x8d, 0xdd, 0xad, 0xd5, 0x8d, 0xd5, 0x6b, 0xcd, 0x4b,
  0xd5, 0x2b, 0xd5, 0x8c, 0xdd, 0x8b, 0xd5, 0x6b, 0xcc, 0xc9, 0xb4, 0x68,
  0xac, 0x08, 0xb4, 0x69, 0xb4, 0x6a, 0xa3, 0xe8, 0xac, 0x08, 0xb4, 0x6a,
  0xbc, 0xaa, 0xbc, 0xeb, 0xbc, 0xaa, 0xbc, 0xeb, 0xc4, 0xea, 0xbc, 0xea,
  0xc4, 0xca, 0xbc, 0xca, 0xc4, 0xeb, 0xb4, 0xcb, 0x93, 0x67, 0x93, 0x88,
  0x9b, 0xc8, 0x8b, 0x67, 0x82, 0xe5, 0x83, 0x26, 0x82, 0xe6, 0x72, 0x85,
  0x72, 0x44, 0x72, 0xa6, 0x83, 0x05, 0x83, 0x26, 0x82, 0xc6, 0x72, 0x85,
  0x82, 0xc6, 0x93, 0x68, 0x93, 0x47, 0x93, 0x67, 0x8a, 0xc5, 0x93, 0x67,
  0xbc, 0x29, 0xc4, 0x8a, 0xcc, 0x8a, 0xcc, 0xeb, 0xc4, 0xaa, 0xc4, 0xcb,
  0xdd, 0x6d, 0xdd, 0x8e, 0xdd, 0x8e, 0xe5, 0xcf, 0xed, 0xee, 0xee, 0x0f,
  0xf5, 0xed, 0xf6, 0x0e, 0xfe, 0x0d, 0xfe, 0x4f, 0xfe, 0x4f, 0xfe, 0x6f,
  0xfe, 0x8f, 0xee, 0x6f, 0xfe, 0x70, 0xac, 0x27, 0x7a, 0x84, 0x7a, 0xa5,
  0x7a, 0x64, 0x7a, 0xa5, 0x8a, 0xe5, 0x93, 0x67, 0x9b, 0x67, 0x93, 0x47,
  0x93, 0x47, 0x93, 0x67, 0x82, 0xc6, 0x62, 0x03, 0x5a, 0x04, 0x62, 0x45,
  0x8a, 0xe5, 0xac, 0x4a, 0xcc, 0x89, 0xc4, 0x89, 0xcc, 0x48, 0xbc, 0x07,
  0xcc, 0x67, 0xd4, 0xea, 0xd4, 0xc9, 0xcc, 0xc9, 0xdd, 0x09, 0xd4, 0xe9,
  0xd4, 0xc8, 0xd4, 0xe9, 0xcc, 0xc9, 0xc4, 0xc9, 0xd4, 0xc9, 0xdd, 0x4b,
  0xed, 0x4a, 0xed, 0x8b, 0xf5, 0x89, 0xed, 0x89, 0xed, 0x69, 0xe5, 0x49,
  0xed, 0x6a, 0xe5, 0x8a, 0xed, 0x8a, 0xed, 0x8b, 0xf5, 0xab, 0xf5, 0xcc,
  0xed, 0xab, 0xcc, 0xc7, 0xcc, 0xa7, 0xd5, 0x29, 0xc4, 0xa8, 0x9b, 0xa4,
  0x7a, 0xe5, 0x7b, 0x05, 0x7b, 0x06, 0x7b, 0x26, 0x72, 0x84, 0x72, 0xc6,
  0x83, 0x06, 0x72, 0xa5, 0x61, 0xe3, 0x6a, 0x65, 0x72, 0x45, 0x6a, 0x25,
  0x51, 0x83, 0x41, 0x42, 0x71, 0xa4, 0x8a, 0xc8, 0xba, 0xe5, 0xbb, 0x27,
  0xcb, 0x66, 0xcb, 0xa7, 0xd3, 0xc6, 0xcb, 0xe7, 0xcb, 0xc6, 0xcb, 0xe7,
  0xd4, 0x07, 0xd4, 0x48, 0xdc, 0xa9, 0xdc, 0xa9, 0xdc, 0x88, 0xdc, 0xa9,
  0xe4, 0x88, 0xe4, 0xc9, 0xec, 0xe9, 0xed, 0x09, 0xf5, 0x29, 0xf5, 0x6a,
  0xfd, 0xaa, 0xf5, 0x8b, 0xfd, 0xac, 0xc4, 0x47, 0x62, 0x63, 0x5a, 0x63,
  0x52, 0x44, 0x52, 0x65, 0x52, 0x64, 0x52, 0x85, 0x5a, 0x85, 0x5a, 0xa6,
  0x4a, 0x24, 0x4a, 0x45, 0x52, 0x65, 0x3a, 0x04, 0x39, 0xa3, 0x31, 0xa4,
  0x39, 0xe4, 0x3a, 0x05, 0x39, 0xe5, 0x31, 0xa4, 0x39, 0xa4, 0x39, 0xc5,
  0x41, 0xe4, 0x4a, 0x46, 0x41, 0xa4, 0x39, 0xa4, 0x39, 0x83, 0x31, 0x84,
  0x39, 0x84, 0x39, 0x84, 0x41, 0xa3, 0x49, 0xe5, 0x41, 0xe4, 0x39, 0xc4,
  0x31, 0x83, 0x31, 0x84, 0x41, 0xa3, 0x4a, 0x25, 0x41, 0xe4, 0x39, 0xe4,
  0x31, 0x83, 0x31, 0xa4, 0x31, 0x84, 0x29, 0x64, 0x39, 0xc5, 0x39, 0xc5,
  0x39, 0xe4, 0x3a, 0x05, 0x41, 0xe4, 0x31, 0xa3, 0x31, 0x63, 0x29, 0x43,
  0x31, 0x43, 0x31, 0x64, 0x39, 0x84, 0x39, 0xc5, 0x39, 0xc4, 0x31, 0x84,
  0x39, 0xa4, 0x31, 0xc4, 0x39, 0x84, 0x31, 0x84, 0x39, 0x84, 0x31, 0x64,
  0x31, 0x43, 0x31, 0x64, 0x39, 0x63, 0x39, 0x84, 0x41, 0xa4, 0x41, 0xe5,
  0x4a, 0x04, 0x42, 0x25, 0x49, 0xe4, 0x41, 0xe4, 0x41, 0xc4, 0x39, 0xc4,
  0xbc, 0xa9, 0xc4, 0xa9, 0xcd, 0x0a, 0xcd, 0x0a, 0xcd, 0x4b, 0xd5, 0x2b,
  0xcd, 0x4c, 0xd5, 0x6c, 0xd5, 0xae, 0xd5, 0x8d, 0xcd, 0x6c, 0xcd, 0x2b,
  0xcd, 0x4b, 0xdd, 0x8c, 0xd5, 0x6b, 0xd5, 0x2a, 0xc4, 0xaa, 0xb4, 0x27,
  0xac, 0x69, 0xb4, 0x69, 0xac, 0x6a, 0xac, 0x29, 0xa4, 0x09, 0xac, 0x29,
  0xb4, 0xab, 0xbc, 0x8a, 0xbc, 0xcb, 0xc4, 0xeb, 0xbc, 0xaa, 0xc4, 0xca,
  0xc5, 0x0b, 0xbc, 0x89, 0xb4, 0xcb, 0xc4, 0xeb, 0x93, 0xc8, 0x93, 0xa7,
  0x9c, 0x09, 0x93, 0x87, 0x83, 0x06, 0x8b, 0x26, 0x7a, 0xe7, 0x72, 0x64,
  0x72, 0x85, 0x72, 0x65, 0x7a, 0xc6, 0x8b, 0x27, 0x7a, 0xc6, 0x7a, 0x85,
  0x83, 0x27, 0x93, 0x88, 0x93, 0x88, 0x93, 0x47, 0x83, 0x06, 0x93, 0x27,
  0xb4, 0x4a, 0xbc, 0x6a, 0xb4, 0x6a, 0xb4, 0x29, 0xc4, 0xcc, 0xcc, 0xec,
  0xd5, 0x6e, 0xe5, 0xaf, 0xdd, 0xaf, 0xe5, 0xae, 0xdd, 0xce, 0xe5, 0xce,
  0xed, 0xee, 0xed, 0xce, 0xee, 0x0e, 0xfe, 0x2f, 0xf6, 0x4f, 0xfe, 0x4f,
  0xf6, 0xb0, 0xf6, 0x4f, 0xf6, 0x90, 0xd5, 0x2b, 0x7a, 0xa3, 0x82, 0xc4,
  0x82, 0xc5, 0x8a, 0xe5, 0x8b, 0x06, 0x9b, 0x67, 0x93, 0x67, 0x9b, 0x47,
  0x93, 0x68, 0x93, 0x47, 0x62, 0x45, 0x59, 0xe3, 0x5a, 0x24, 0x72, 0xa6,
  0xab, 0xe8, 0xc4, 0x6a, 0xbc, 0x48, 0xc4, 0x28, 0xc4, 0x48, 0xc4, 0x07,
  0xcc, 0xa9, 0xd4, 0xc9, 0xd4, 0xca, 0xcc, 0x68, 0xc4, 0x88, 0xc4, 0x67,
  0xc4, 0x88, 0xcc, 0x88, 0xc4, 0xc9, 0xd5, 0x0a, 0xdd, 0x6c, 0xf5, 0xcd,
  0xed, 0x8b, 0xed, 0x8b, 0xed, 0x8a, 0xed, 0x49, 0xed, 0x8a, 0xf5, 0x8a,
  0xe5, 0x8a, 0xe5, 0x6a, 0xed, 0x8b, 0xed, 0x8b, 0xe5, 0x8c, 0xed, 0xcc,
  0xcc, 0xe9, 0xbc, 0x47, 0xd5, 0x2a, 0xd5, 0x09, 0xbc, 0xa9, 0x93, 0x23,
  0x7b, 0x26, 0x7a, 0xe5, 0x72, 0xe6, 0x72, 0x85, 0x6a, 0x84, 0x93, 0x68,
  0x8b, 0x67, 0x72, 0x63, 0x62, 0x04, 0x7a, 0xa6, 0x72, 0x85, 0x72, 0x24,
  0x62, 0x25, 0x49, 0x42, 0x41, 0x43, 0x62, 0x06, 0x9a, 0x86, 0xaa, 0xe7,
  0xbb, 0x05, 0xc3, 0x05, 0xcb, 0x87, 0xd3, 0xa7, 0xc3, 0xc7, 0xcb, 0xa7,
  0xc3, 0xe7, 0xcb, 0xe7, 0xcc, 0x49, 0xdc, 0xaa, 0xcc, 0x68, 0xd4, 0x68,
  0xdc, 0x88, 0xe4, 0x88, 0xe4, 0xc9, 0xec, 0xc9, 0xe5, 0x09, 0xf5, 0x29,
  0xf5, 0x8b, 0xfd, 0xab, 0xfd, 0xcd, 0xe5, 0x09, 0x72, 0xe5, 0x6a, 0x63,
  0x4a, 0x65, 0x52, 0x65, 0x4a, 0x65, 0x5a, 0x85, 0x52, 0xa6, 0x4a, 0x44,
  0x42, 0x05, 0x4a, 0x05, 0x4a, 0x66, 0x41, 0xe3, 0x31, 0x83, 0x41, 0xc4,
  0x3a, 0x06, 0x29, 0x63, 0x31, 0xa4, 0x39, 0xa4, 0x39, 0xc5, 0x41, 0xc4,
  0x41, 0xe5, 0x39, 0x84, 0x39, 0xa5, 0x39, 0xa4, 0x41, 0xc4, 0x41, 0xa4,
  0x41, 0xc4, 0x41, 0x83, 0x39, 0x84, 0x49, 0xc4, 0x39, 0xe5, 0x41, 0xe4,
  0x3a, 0x06, 0x39, 0xa4, 0x39, 0xa4, 0x4a, 0x05, 0x39, 0xe4, 0x41, 0xe4,
  0x29, 0x84, 0x31, 0x63, 0x29, 0x64, 0x31, 0x64, 0x31, 0xc5, 0x39, 0xc5,
  0x31, 0xe4, 0x41, 0xe5, 0x3a, 0x05, 0x31, 0xa3, 0x29, 0x64, 0x29, 0x23,
  0x29, 0x44, 0x31, 0x43, 0x31, 0x84, 0x39, 0x64, 0x31, 0xa4, 0x39, 0xa4,
  0x31, 0xa4, 0x39, 0xa4, 0x31, 0xa5, 0x31, 0x84, 0x31, 0x84, 0x31, 0x64,
  0x29, 0x44, 0x31, 0x23, 0x31, 0x64, 0x39, 0x84, 0x41, 0xe5, 0x41, 0xe5,
  0x41, 0xe4, 0x41, 0xe4, 0x39, 0xc4, 0x41, 0xc4, 0x39, 0xc5, 0x41, 0xc5,
  0xcc, 0xc9, 0xcd, 0x0a, 0xd5, 0x09, 0xd5, 0x4b, 0xd5, 0x2b, 0xcd, 0x0a,
  0xd5, 0x4b, 0xd5, 0x6c, 0xd5, 0x8c, 0xd5, 0xad, 0xd5, 0x4b, 0xcd, 0x4b,
  0xdd, 0x6c, 0xdd, 0xad, 0xdd, 0x6b, 0xd5, 0x2b, 0xcc, 0xc9, 0xb4, 0x47,
  0xac, 0x48, 0xb4, 0x89, 0xac, 0x49, 0xa4, 0x29, 0xa3, 0xc7, 0xac, 0x4a,
  0xb4, 0x69, 0xb4, 0xaa, 0xc5, 0x0b, 0xbc, 0xeb, 0xc4, 0xea, 0xc4, 0xea,
  0xcc, 0xea, 0xbc, 0xa9, 0xc4, 0xca, 0xbc, 0xeb, 0x9b, 0xe8, 0x8b, 0xa7,
  0xac, 0x4a, 0x9b, 0xe9, 0x83, 0x05, 0x83, 0x05, 0x83, 0x06, 0x72, 0xa5,
  0x7a, 0xa5, 0x72, 0x85, 0x82, 0xe5, 0x83, 0x27, 0x7a, 0xc6, 0x7a, 0xc6,
  0x8b, 0x47, 0x7a, 0xe6, 0x93, 0x46, 0x8b, 0x26, 0x82, 0xa5, 0x7a, 0xa5,
  0xa3, 0xa7, 0xb4, 0x4a, 0xb4, 0x28, 0xb4, 0x49, 0xcd, 0x0c, 0xd5, 0x4e,
  0xdd, 0x6e, 0xdd, 0x8f, 0xe5, 0xae, 0xdd, 0xcf, 0xe5, 0xee, 0xe5, 0xee,
  0xe5, 0x6c, 0xe5, 0xad, 0xf5, 0xee, 0xf6, 0x2e, 0xfe, 0x4f, 0xfe, 0x6f,
  0xfe, 0x8f, 0xf6, 0x6f, 0xf6, 0x4f, 0xee, 0x4f, 0xa3, 0x85, 0x93, 0x65,
  0x93, 0x05, 0x8b, 0x05, 0x93, 0x47, 0x93, 0x67, 0x93, 0x47, 0x8b, 0x47,
  0x93, 0x68, 0x82, 0xe6, 0x5a, 0x04, 0x5a, 0x04, 0x7a, 0x84, 0xa3, 0xea,
  0xcc, 0x68, 0xc4, 0x69, 0xc4, 0x27, 0xc4, 0x48, 0xc4, 0x07, 0xcc, 0x69,
  0xd4, 0xc9, 0xcc, 0xc9, 0xcc, 0x67, 0xc4, 0x67, 0xc4, 0x67, 0xc4, 0x88,
  0xcc, 0x88, 0xc4, 0xa9, 0xd4, 0xe9, 0xdd, 0x8b, 0xed, 0xab, 0xe5, 0x8b,
  0xed, 0x6a, 0xed, 0xab, 0xf5, 0x89, 0xf5, 0xaa, 0xf5, 0x8a, 0xf5, 0xca,
  0xed, 0x8a, 0xe5, 0x6a, 0xe5, 0x6a, 0xe5, 0x8b, 0xed, 0xcc, 0xdd, 0x4b,
  0xbc, 0x46, 0xc4, 0xc8, 0xd5, 0x29, 0xcd, 0x29, 0xac, 0x27, 0x83, 0x03,
  0x7b, 0x05, 0x73, 0x05, 0x7a, 0xe6, 0x6a, 0x84, 0x9b, 0x87, 0xa3, 0xe9,
  0x8b, 0x25, 0x6a, 0x42, 0x72, 0x44, 0x82, 0xe7, 0x82, 0xa4, 0x72, 0x84,
  0x72, 0x65, 0x51, 0xc3, 0x41, 0x43, 0x41, 0x84, 0x71, 0xc4, 0x82, 0x67,
  0xaa, 0xa5, 0xaa, 0xe6, 0xbb, 0x05, 0xc3, 0x67, 0xcb, 0xa7, 0xcb, 0xc8,
  0xc3, 0xc7, 0xbb, 0xc7, 0xc3, 0xc6, 0xcc, 0x48, 0xdc, 0x68, 0xd4, 0x68,
  0xdc, 0x67, 0xdc, 0xa8, 0xe4, 0xa8, 0xec, 0xe9, 0xec, 0xe8, 0xed, 0x29,
  0xfd, 0x6a, 0xf5, 0x8b, 0xf5, 0x6a, 0xed, 0x4a, 0x8b, 0x46, 0x62, 0x42,
  0x52, 0x64, 0x4a, 0x44, 0x52, 0x64, 0x52, 0xa5, 0x62, 0xc6, 0x4a, 0x65,
  0x49, 0xe4, 0x42, 0x05, 0x4a, 0x45, 0x3a, 0x04, 0x39, 0x82, 0x42, 0x05,
  0x4a, 0x46, 0x29, 0x83, 0x31, 0x63, 0x39, 0xa5, 0x41, 0xa4, 0x39, 0xc4,
  0x41, 0xa4, 0x31, 0x64, 0x39, 0x84, 0x41, 0xe5, 0x5a, 0x25, 0x52, 0x25,
  0x49, 0xc4, 0x41, 0xa3, 0x41, 0x83, 0x41, 0xc4, 0x41, 0xe4, 0x42, 0x05,
  0x41, 0xe5, 0x31, 0xa4, 0x41, 0xa3, 0x4a, 0x46, 0x42, 0x04, 0x42, 0x25,
  0x39, 0xa4, 0x29, 0x63, 0x31, 0x63, 0x31, 0x84, 0x39, 0xc4, 0x41, 0xe5,
  0x41, 0xe4, 0x42, 0x25, 0x42, 0x04, 0x31, 0xa3, 0x31, 0x43, 0x29, 0x63,
  0x31, 0x43, 0x31, 0x64, 0x39, 0x84, 0x39, 0xa5, 0x39, 0xa4, 0x39, 0xc5,
  0x39, 0xa4, 0x31, 0xa4, 0x39, 0xc4, 0x31, 0x84, 0x39, 0x84, 0x31, 0x84,
  0x39, 0x63, 0x31, 0x64, 0x31, 0x43, 0x39, 0x84, 0x41, 0xc4, 0x41, 0xe5,
  0x41, 0xe4, 0x42, 0x05, 0x41, 0xa3, 0x39, 0xa4, 0x41, 0xc4, 0x41, 0xe5,
  0xc4, 0xe9, 0xcd, 0x0a, 0xcd, 0x0a, 0xd5, 0x2a, 0xcd, 0x4b, 0xcd, 0x2a,
  0xcd, 0x6c, 0xd5, 0x4c, 0xd5, 0x8d, 0xcd, 0x2c, 0xcd, 0x2b, 0xd5, 0x6c,
  0xd5, 0x8d, 0xd5, 0x6c, 0xd5, 0x6c, 0xcd, 0x2b, 0xbc, 0x89, 0xb4, 0x28,
  0xac, 0x29, 0xab, 0xe7, 0xa4, 0x29, 0xa3, 0xe8, 0x93, 0x87, 0xac, 0x09,
  0xac, 0x6a, 0xb4, 0x69, 0xbc, 0xeb, 0xbc, 0xcb, 0xbc, 0xaa, 0xc4, 0xca,
  0xc4, 0xeb, 0xc4, 0xaa, 0xc4, 0xeb, 0xcd, 0x0c, 0xa4, 0x4a, 0x8b, 0x67,
  0x9c, 0x2a, 0x9b, 0xe9, 0x8b, 0x47, 0x82, 0xc5, 0x7a, 0xe6, 0x7a, 0xa5,
  0x72, 0xa5, 0x6a, 0x64, 0x6a, 0xa5, 0x7a, 0xe6, 0x6a, 0x85, 0x72, 0x85,
  0x83, 0x06, 0x8b, 0x06, 0x93, 0x88, 0x93, 0x67, 0x72, 0xa6, 0x72, 0x44,
  0x9b, 0xa8, 0xb4, 0x2a, 0xb4, 0x6a, 0xd5, 0x0c, 0xd5, 0x8e, 0xdd, 0x6e,
  0xd5, 0x4e, 0xdd, 0x8f, 0xdd, 0xcf, 0xdd, 0xaf, 0xdd, 0xce, 0xe5, 0xce,
  0xe5, 0xae, 0xe5, 0x8d, 0xed, 0xce, 0xf5, 0xce, 0xf6, 0x2f, 0xfe, 0x4f,
  0xfe, 0x91, 0xfe, 0x50, 0xf6, 0x70, 0xfe, 0x70, 0xd5, 0x6d, 0x9b, 0x64,
  0x93, 0x46, 0x93, 0x25, 0x82, 0xe6, 0x82, 0xa5, 0x7a, 0xe6, 0x8b, 0x07,
  0x83, 0x28, 0x62, 0x03, 0x51, 0xe4, 0x6a, 0x66, 0x93, 0x47, 0xbc, 0x4b,
  0xc4, 0x69, 0xc4, 0x28, 0xbc, 0x48, 0xbc, 0x27, 0xc4, 0x89, 0xd4, 0xca,
  0xc4, 0xa9, 0xbc, 0x48, 0xb4, 0x28, 0xc4, 0x68, 0xc4, 0x68, 0xc4, 0x88,
  0xcc, 0xc9, 0xd4, 0xea, 0xdd, 0x4b, 0xdd, 0x2a, 0xe5, 0x6b, 0xe5, 0x4a,
  0xe5, 0x6b, 0xed, 0x8b, 0xed, 0x8a, 0xed, 0x69, 0xed, 0x8a, 0xed, 0x8a,
  0xe5, 0x8a, 0xe5, 0x69, 0xdd, 0x4a, 0xe5, 0x4a, 0xdd, 0x8c, 0xbc, 0x67,
  0xb4, 0x67, 0xcc, 0xe9, 0xd5, 0x2a, 0xcc, 0xe8, 0x93, 0xc6, 0x7a, 0xe3,
  0x72, 0xe6, 0x7a, 0xc5, 0x72, 0xa5, 0x83, 0x27, 0xa3, 0xe8, 0xab, 0xe8,
  0x82, 0xc5, 0x72, 0x22, 0x72, 0x85, 0x82, 0xe6, 0x7a, 0xa5, 0x7a, 0x84,
  0x72, 0x65, 0x62, 0x03, 0x49, 0x84, 0x41, 0x42, 0x41, 0x63, 0x59, 0xe5,
  0x8a, 0x46, 0x92, 0x66, 0xa2, 0xa6, 0xb2, 0xc6, 0xb3, 0x26, 0xbb, 0x66,
  0xbb, 0xc8, 0xbb, 0xa7, 0xc4, 0x08, 0xc3, 0xe7, 0xc4, 0x28, 0xd4, 0x48,
  0xdc, 0x88, 0xe4, 0x88, 0xdc, 0x88, 0xe4, 0xa8, 0xed, 0x09, 0xed, 0x09,
  0xed, 0x4a, 0xf5, 0x4a, 0xf5, 0x8c, 0xe4, 0xe9, 0x7a, 0xe5, 0x6a, 0x22,
  0x52, 0x86, 0x52, 0x44, 0x4a, 0x65, 0x52, 0x65, 0x52, 0xc6, 0x4a, 0x44,
  0x41, 0xc4, 0x49, 0xe4, 0x42, 0x46, 0x39, 0xe4, 0x31, 0xc4, 0x42, 0x05,
  0x4a, 0xa7, 0x29, 0x83, 0x31, 0x64, 0x39, 0x84, 0x39, 0xa5, 0x39, 0x84,
  0x39, 0xa5, 0x39, 0x84, 0x39, 0xa4, 0x49, 0xe5, 0x52, 0x05, 0x51, 0xe5,
  0x41, 0xc5, 0x39, 0x83, 0x39, 0xa4, 0x49, 0xe5, 0x42, 0x25, 0x39, 0xc4,
  0x29, 0x84, 0x31, 0x64, 0x39, 0xc4, 0x42, 0x05, 0x42, 0x25, 0x42, 0x25,
  0x29, 0x84, 0x29, 0x43, 0x29, 0x64, 0x31, 0x84, 0x39, 0xc5, 0x41, 0xc4,
  0x39, 0xe4, 0x41, 0xe4, 0x39, 0xe5, 0x39, 0xa3, 0x29, 0x64, 0x31, 0x43,
  0x31, 0x64, 0x31, 0x43, 0x31, 0x64, 0x39, 0x84, 0x39, 0xc5, 0x39, 0xa4,
  0x31, 0xa4, 0x39, 0xa4, 0x31, 0xa5, 0x31, 0x84, 0x31, 0x64, 0x31, 0x64,
  0x31, 0x84, 0x31, 0x43, 0x31, 0x44, 0x39, 0x44, 0x41, 0xc5, 0x49, 0xe5,
  0x41, 0xe5, 0x41, 0xc4, 0x39, 0xc4, 0x39, 0x83, 0x39, 0xc5, 0x41, 0xc4,
  0xd5, 0x0a, 0xcd, 0x2a, 0xd5, 0x09, 0xd5, 0x4a, 0xd5, 0x2a, 0xcd, 0x2a,
  0xcd, 0x4b, 0xd5, 0x8c, 0xd5, 0x6c, 0xcd, 0x4c, 0xd5, 0x6b, 0xd5, 0x6c,
  0xd5, 0x4b, 0xd5, 0x8c, 0xd5, 0x2a, 0xc4, 0xea, 0xb4, 0x27, 0xac, 0x27,
  0xac, 0x08, 0xa3, 0xe8, 0xac, 0x08, 0xa4, 0x09, 0x9b, 0x87, 0xa3, 0xe8,
  0xac, 0x49, 0xb4, 0x8a, 0xbc, 0xaa, 0xbc, 0xca, 0xc4, 0xca, 0xbc, 0xca,
  0xc4, 0xa9, 0xbc, 0xaa, 0xcc, 0xea, 0xc5, 0x0b, 0xac, 0x4a, 0x83, 0x25,
  0x93, 0xa8, 0x93, 0xe9, 0x93, 0xa8, 0x7b, 0x06, 0x7a, 0xe5, 0x72, 0xc5,
  0x72, 0xa4, 0x62, 0x43, 0x6a, 0x84, 0x72, 0xe6, 0x72, 0x64, 0x83, 0x07,
  0x9b, 0x68, 0xa3, 0xc9, 0xac, 0x09, 0x8b, 0x26, 0x7a, 0x85, 0x6a, 0x65,
  0xa3, 0xc8, 0xac, 0x2a, 0xd4, 0xeb, 0xdd, 0x6d, 0xdd, 0x6e, 0xd5, 0x6e,
  0xdd, 0x8e, 0xdd, 0xaf, 0xe5, 0xae, 0xdd, 0xcf, 0xe5, 0xee, 0xdd, 0xee,
  0xed, 0xcd, 0xe5, 0xad, 0xed, 0xcd, 0xed, 0xee, 0xf6, 0x0e, 0xf6, 0x4f,
  0xfe, 0x4f, 0xfe, 0x70, 0xf6, 0x4f, 0xf6, 0x90, 0xfe, 0x90, 0xb4, 0x88,
  0x93, 0x45, 0x93, 0x46, 0x7a, 0xa5, 0x7a, 0xe5, 0x82, 0xe6, 0x83, 0x27,
  0x72, 0x86, 0x51, 0xc3, 0x62, 0x24, 0x7b, 0x08, 0xbc, 0x29, 0xc4, 0xab,
  0xcc, 0x48, 0xbc, 0x28, 0xbc, 0x07, 0xc4, 0xa9, 0xd4, 0xeb, 0xbc, 0x69,
  0xb4, 0x07, 0xb4, 0x27, 0xbc, 0x47, 0xbc, 0x88, 0xcc, 0x87, 0xcc, 0xe9,
  0xd4, 0xc8, 0xdd, 0x2a, 0xdd, 0x08, 0xdd, 0x49, 0xe5, 0x6a, 0xdd, 0x6a,
  0xe5, 0x49, 0xed, 0x8b, 0xf5, 0x89, 0xed, 0xaa, 0xed, 0x69, 0xe5, 0x6a,
  0xe5, 0x69, 0xe5, 0x69, 0xe5, 0x4a, 0xdd, 0x6a, 0xc4, 0xa8, 0xbc, 0x67,
  0xcc, 0xe8, 0xd5, 0x4a, 0xdd, 0x49, 0xc4, 0xa7, 0x8b, 0x44, 0x83, 0x24,
  0x7a, 0xc5, 0x72, 0xc5, 0x7a, 0xc5, 0x9b, 0xe9, 0xb4, 0x27, 0xa3, 0xe6,
  0x8a, 0xc5, 0x72, 0x63, 0x82, 0xc5, 0x8b, 0x26, 0x8a, 0xe5, 0x7a, 0xa5,
  0x7a, 0x65, 0x72, 0x44, 0x59, 0xc3, 0x49, 0x62, 0x41, 0x63, 0x39, 0x64,
  0x61, 0x84, 0x72, 0x26, 0x92, 0x24, 0x9a, 0x65, 0xb2, 0xe5, 0xb3, 0x26,
  0xbb, 0x65, 0xc3, 0xc8, 0xc3, 0xc7, 0xc4, 0x08, 0xc3, 0xe7, 0xcc, 0x48,
  0xdc, 0x88, 0xe4, 0xc9, 0xe4, 0xa8, 0xdc, 0xa8, 0xec, 0xe8, 0xed, 0x09,
  0xed, 0x09, 0xf5, 0x6a, 0xf5, 0x6b, 0xdc, 0xc8, 0x7a, 0xa4, 0x62, 0x22,
  0x52, 0x65, 0x4a, 0x45, 0x52, 0x44, 0x52, 0x85, 0x62, 0xc6, 0x4a, 0x65,
  0x49, 0xe4, 0x41, 0xe4, 0x4a, 0x24, 0x39, 0xe4, 0x31, 0x83, 0x39, 0xe5,
  0x52, 0xc8, 0x29, 0xc4, 0x31, 0x63, 0x31, 0x84, 0x39, 0x84, 0x39, 0xc5,
  0x39, 0xa4, 0x31, 0x84, 0x41, 0x84, 0x49, 0xe5, 0x52, 0x04, 0x49, 0xc4,
  0x39, 0x83, 0x31, 0x83, 0x49, 0xe4, 0x42, 0x05, 0x4a, 0x04, 0x39, 0xe4,
  0x31, 0x84, 0x31, 0x84, 0x41, 0xe4, 0x4a, 0x46, 0x42, 0x04, 0x39, 0xe4,
  0x29, 0x43, 0x21, 0x43, 0x31, 0x63, 0x39, 0xc5, 0x41, 0xe4, 0x39, 0xe5,
  0x41, 0xe4, 0x3a, 0x04, 0x41, 0xc3, 0x39, 0xc3, 0x39, 0x63, 0x31, 0x64,
  0x39, 0x64, 0x31, 0x64, 0x39, 0x84, 0x31, 0x84, 0x39, 0xa4, 0x39, 0xc5,
  0x39, 0xa4, 0x31, 0xa4, 0x31, 0xa4, 0x31, 0xc4, 0x39, 0x84, 0x31, 0x64,
  0x39, 0x84, 0x31, 0x84, 0x39, 0x43, 0x39, 0x84, 0x41, 0xc4, 0x41, 0xe5,
  0x49, 0xe4, 0x39, 0xc4, 0x41, 0xa3, 0x39, 0xa3, 0x41, 0xc4, 0x41, 0xe4,
  0xcd, 0x2b, 0xcd, 0x0b, 0xcd, 0x4b, 0xd5, 0x4b, 0xcd, 0x4b, 0xcc, 0xea,
  0xcd, 0x6c, 0xd5, 0x8d, 0xcd, 0x6d, 0xcd, 0x6c, 0xcd, 0x4c, 0xc4, 0xea,
  0xcd, 0x4b, 0xcd, 0x2b, 0xd5, 0x4c, 0xc4, 0xc9, 0xa4, 0x08, 0xab, 0xe7,
  0xa3, 0xe8, 0xa3, 0xc7, 0x9b, 0xe9, 0xa3, 0xe8, 0x8b, 0x87, 0x9b, 0xc8,
  0xac, 0x6a, 0xb4, 0x6a, 0xb4, 0xaa, 0xb4, 0x89, 0xb4, 0xca, 0xbc, 0xaa,
  0xbc, 0xca, 0xc4, 0xca, 0xbc, 0xca, 0xbc, 0x89, 0xb4, 0xab, 0x8b, 0x25,
  0x8b, 0xa9, 0x8b, 0x88, 0x8b, 0x88, 0x83, 0x06, 0x7b, 0x26, 0x83, 0x26,
  0x72, 0xa6, 0x6a, 0x44, 0x62, 0x45, 0x62, 0x25, 0x72, 0xa5, 0x8b, 0x27,
  0x9b, 0xa9, 0xa3, 0xc9, 0xac, 0x2a, 0x93, 0x26, 0x72, 0x86, 0x72, 0x45,
  0xa3, 0xa7, 0xcc, 0xcc, 0xdd, 0x2d, 0xe5, 0x4d, 0xdd, 0x6e, 0xe5, 0x8e,
  0xdd, 0x8f, 0xe5, 0x8f, 0xdd, 0xcf, 0xdd, 0xae, 0xd5, 0xae, 0xdd, 0xad,
  0xe5, 0xce, 0xe5, 0x8c, 0xe5, 0xad, 0xf5, 0xcd, 0xed, 0xef, 0xf5, 0xee,
  0xf6, 0x2f, 0xfe, 0x50, 0xf6, 0x90, 0xf6, 0x6f, 0xf6, 0xb0, 0xe5, 0xcc,
  0x8b, 0x45, 0x8a, 0xe4, 0x7b, 0x06, 0x82, 0xe5, 0x7a, 0xe7, 0x7a, 0xe7,
  0x52, 0x04, 0x59, 0xe4, 0x6a, 0x65, 0x8b, 0x28, 0xab, 0xe8, 0xbc, 0x29,
  0xcc, 0x8a, 0xc4, 0x07, 0xc4, 0x8a, 0xd4, 0xeb, 0xb4, 0x49, 0xab, 0xc7,
  0xac, 0x28, 0xb4, 0x28, 0xbc, 0x68, 0xc4, 0x88, 0xc4, 0xa8, 0xd4, 0xe8,
  0xd4, 0xe9, 0xd4, 0xc8, 0xd4, 0xe9, 0xdd, 0x09, 0xd5, 0x29, 0xdd, 0x09,
  0xdd, 0x4a, 0xe5, 0x6a, 0xe5, 0x6a, 0xe5, 0x49, 0xdd, 0x49, 0xe5, 0x49,
  0xdd, 0x6a, 0xe5, 0x8a, 0xdd, 0x8c, 0xcc, 0xe9, 0xb4, 0x48, 0xc4, 0x89,
  0xcd, 0x2a, 0xd5, 0x2a, 0xd5, 0x2a, 0xab, 0xe5, 0x7b, 0x05, 0x7a, 0xc4,
  0x72, 0xa5, 0x83, 0x27, 0x8b, 0x66, 0xa4, 0x29, 0xb4, 0x68, 0xa3, 0xc6,
  0x7a, 0xc5, 0x72, 0x63, 0x8b, 0x06, 0x93, 0x26, 0x8a, 0xe6, 0x82, 0x63,
  0x7a, 0x65, 0x7a, 0x44, 0x62, 0x05, 0x59, 0x82, 0x41, 0x84, 0x41, 0x43,
  0x41, 0x44, 0x51, 0xa5, 0x7a, 0x25, 0x82, 0x25, 0x9a, 0xa5, 0xaa, 0xe6,
  0xb3, 0x46, 0xbb, 0x87, 0xbb, 0xc8, 0xbb, 0xa7, 0xbb, 0xe8, 0xc3, 0xe7,
  0xd4, 0x89, 0xdc, 0x88, 0xdc, 0xc9, 0xdc, 0xa8, 0xe4, 0xc9, 0xec, 0xc9,
  0xe5, 0x0a, 0xf5, 0x2a, 0xe5, 0x2b, 0xd4, 0x68, 0x72, 0xa5, 0x6a, 0x02,
  0x4a, 0x65, 0x52, 0x65, 0x4a, 0x45, 0x5a, 0x85, 0x5a, 0xc7, 0x52, 0x65,
  0x42, 0x04, 0x4a, 0x04, 0x4a, 0x46, 0x41, 0xc4, 0x31, 0xa4, 0x39, 0xa4,
  0x42, 0x47, 0x31, 0x84, 0x31, 0x84, 0x39, 0x84, 0x39, 0xa5, 0x41, 0xa4,
  0x31, 0x84, 0x31, 0x63, 0x39, 0x84, 0x49, 0xe5, 0x4a, 0x05, 0x41, 0xa3,
  0x41, 0xc4, 0x41, 0xa3, 0x41, 0xe5, 0x41, 0xe5, 0x42, 0x05, 0x41, 0xc4,
  0x39, 0xc5, 0x31, 0x84, 0x42, 0x25, 0x42, 0x04, 0x31, 0xc4, 0x31, 0xa3,
  0x21, 0x44, 0x29, 0x43, 0x31, 0xa4, 0x39, 0xa4, 0x39, 0xc5, 0x39, 0xc5,
  0x39, 0xe5, 0x41, 0xe4, 0x39, 0xc5, 0x39, 0xa4, 0x31, 0x64, 0x31, 0x64,
  0x29, 0x64, 0x31, 0x43, 0x31, 0xa4, 0x31, 0x84, 0x31, 0x84, 0x39, 0x84,
  0x31, 0xa4, 0x31, 0xa4, 0x31, 0xc5, 0x31, 0xa4, 0x31, 0x84, 0x31, 0x63,
  0x31, 0x84, 0x39, 0x84, 0x31, 0x85, 0x39, 0x64, 0x41, 0xe5, 0x41, 0xc5,
  0x41, 0xe5, 0x41, 0xc4, 0x39, 0xc4, 0x39, 0x83, 0x39, 0xc4, 0x41, 0xe5,
  0xcd, 0x0a, 0xd5, 0x6c, 0xdd, 0x6b, 0xd5, 0x6b, 0xcd, 0x0a, 0xcd, 0x0a,
  0xd5, 0x4b, 0xcd, 0x6c, 0xcd, 0x4c, 0xcd, 0x8d, 0xcd, 0x0b, 0xcd, 0x4c,
  0xcd, 0x4b, 0xcd, 0x4b, 0xd5, 0x4b, 0xbc, 0xa9, 0xab, 0xe7, 0xac, 0x28,
  0xa3, 0xc6, 0xa3, 0xe7, 0xac, 0x28, 0xa3, 0xe8, 0x9b, 0xa7, 0x9c, 0x09,
  0xac, 0x49, 0xb4, 0xab, 0xc4, 0xca, 0xb4, 0xaa, 0xb4, 0x68, 0xbc, 0xaa,
  0xc4, 0xa9, 0xc4, 0xca, 0xc4, 0xca, 0xbc, 0xca, 0xc4, 0xca, 0x93, 0x85,
  0x8b, 0x88, 0x83, 0x47, 0x8b, 0x87, 0x8b, 0x87, 0x93, 0x87, 0x83, 0x67,
  0x72, 0xa5, 0x62, 0x64, 0x62, 0x24, 0x6a, 0x85, 0x8b, 0x06, 0x9b, 0xe9,
  0xac, 0x08, 0xb4, 0x6a, 0xb4, 0x4a, 0x93, 0x66, 0x6a, 0x03, 0x7a, 0xa6,
  0xcc, 0xab, 0xdd, 0x4d, 0xe5, 0x6d, 0xdd, 0x4d, 0xdd, 0x6d, 0xdd, 0x8e,
  0xe5, 0x8e, 0xdd, 0x8e, 0xe5, 0xae, 0xdd, 0xce, 0xdd, 0x8d, 0xdd, 0xad,
  0xcc, 0xea, 0xd5, 0x6c, 0xed, 0xac, 0xed, 0xcd, 0xed, 0xcd, 0xf6, 0x0f,
  0xfe, 0x2f, 0xf6, 0x30, 0xfe, 0x4f, 0xfe, 0x90, 0xfe, 0x8f, 0xf6, 0x6f,
  0xb4, 0x47, 0x82, 0xe2, 0x82, 0xe6, 0x83, 0x06, 0x83, 0x07, 0x6a, 0x65,
  0x59, 0xc3, 0x5a, 0x24, 0x72, 0xa4, 0x8b, 0x68, 0xb3, 0xe7, 0xbc, 0x6a,
  0xc4, 0x07, 0xc4, 0x48, 0xc4, 0x48, 0xab, 0xe7, 0xab, 0xc6, 0xab, 0xe7,
  0xb4, 0x07, 0xb4, 0x28, 0xcc, 0x88, 0xcc, 0xc9, 0xdc, 0xe8, 0xd4, 0xe9,
  0xd4, 0xc8, 0xd4, 0xc8, 0xd4, 0xc8, 0xdd, 0x09, 0xdd, 0x09, 0xdd, 0x29,
  0xe5, 0x49, 0xdd, 0x4a, 0xe5, 0x29, 0xdd, 0x29, 0xdd, 0x08, 0xdd, 0x49,
  0xed, 0x8a, 0xed, 0xcb, 0xd5, 0x2a, 0xbc, 0x67, 0xbc, 0x88, 0xc4, 0xea,
  0xcc, 0xe9, 0xcc, 0xe9, 0xd4, 0xe9, 0x9b, 0x84, 0x7a, 0xc4, 0x6a, 0xa4,
  0x82, 0xe5, 0x93, 0xa8, 0x9b, 0xa7, 0xac, 0x49, 0xbc, 0x68, 0xa3, 0xc6,
  0x7a, 0x63, 0x82, 0xc5, 0xa3, 0x25, 0xa3, 0x46, 0xa3, 0x26, 0x8a, 0xa4,
  0x82, 0x64, 0x7a, 0x65, 0x72, 0x04, 0x61, 0xc3, 0x59, 0xc4, 0x41, 0x42,
  0x39, 0x23, 0x39, 0x64, 0x59, 0xa3, 0x62, 0x05, 0x8a, 0x44, 0x9a, 0xe7,
  0xb3, 0x26, 0xb3, 0x67, 0xbb, 0xa7, 0xbb, 0xa7, 0xbb, 0xa6, 0xb3, 0xc7,
  0xcc, 0x27, 0xd4, 0x89, 0xdc, 0xa8, 0xdc, 0xc8, 0xdc, 0x87, 0xdc, 0xa8,
  0xdc, 0x88, 0xdc, 0xe9, 0xd4, 0xa8, 0xc4, 0x47, 0x7a, 0xc5, 0x62, 0x43,
  0x5a, 0xa6, 0x52, 0x65, 0x52, 0x44, 0x52, 0xa6, 0x5a, 0xa6, 0x4a, 0x44,
  0x41, 0xc3, 0x42, 0x04, 0x4a, 0x45, 0x42, 0x05, 0x39, 0x83, 0x39, 0xa4,
  0x39, 0xc4, 0x31, 0xa4, 0x31, 0x63, 0x31, 0x84, 0x39, 0x84, 0x39, 0xa4,
  0x39, 0x63, 0x39, 0xa4, 0x41, 0x84, 0x39, 0xa5, 0x49, 0xe4, 0x42, 0x05,
  0x41, 0xe4, 0x39, 0xe4, 0x41, 0xc4, 0x42, 0x05, 0x39, 0xa4, 0x39, 0xa4,
  0x39, 0x84, 0x39, 0xc5, 0x4a, 0x45, 0x4a, 0x65, 0x39, 0xe4, 0x39, 0xe4,
  0x31, 0x63, 0x29, 0x64, 0x39, 0xa4, 0x39, 0xc5, 0x41, 0xc4, 0x39, 0xc4,
  0x39, 0xc4, 0x39, 0xe4, 0x39, 0xc4, 0x31, 0xa4, 0x31, 0x43, 0x31, 0x64,
  0x31, 0x43, 0x31, 0x43, 0x31, 0x83, 0x31, 0xa4, 0x31, 0x83, 0x31, 0xa4,
  0x39, 0xa4, 0x31, 0xc4, 0x39, 0xa4, 0x31, 0xa4, 0x39, 0x84, 0x31, 0x63,
  0x39, 0x64, 0x41, 0xe5, 0x39, 0x64, 0x31, 0x64, 0x41, 0xc4, 0x41, 0xe5,
  0x41, 0xe4, 0x42, 0x05, 0x41, 0xc4, 0x39, 0xa3, 0x41, 0xa3, 0x41, 0xe5,
  0xcd, 0x2b, 0xd5, 0x4b, 0xd5, 0x4b, 0xd5, 0x2b, 0xc5, 0x0a, 0xcc, 0xea,
  0xc5, 0x2b, 0xcd, 0x2b, 0xc5, 0x4c, 0xcd, 0x4c, 0xcd, 0x4d, 0xcd, 0x2c,
  0xc5, 0x2c, 0xcd, 0x4c, 0xcd, 0x4c, 0xb4, 0x48, 0x9b, 0xc7, 0xb4, 0x49,
  0xa3, 0xe8, 0xab, 0xe7, 0xa4, 0x09, 0x9b, 0xc7, 0x9b, 0xc8, 0xa4, 0x09,
  0xa4, 0x29, 0xb4, 0x8a, 0xbc, 0xcb, 0xb4, 0x89, 0xb4, 0x69, 0xbc, 0x89,
  0xb4, 0x89, 0xbc, 0x89, 0xb4, 0xaa, 0xc4, 0xca, 0xbc, 0xeb, 0x9b, 0xc6,
  0x83, 0x47, 0x83, 0x26, 0x83, 0x67, 0x8b, 0x67, 0x8b, 0x87, 0x8b, 0x66,
  0x6a, 0xa6, 0x62, 0x23, 0x5a, 0x24, 0x62, 0x45, 0x83, 0x07, 0xa4, 0x0a,
  0xac, 0x4a, 0xb4, 0x6a, 0xa4, 0x0a, 0x82, 0xe5, 0x61, 0xe2, 0xa3, 0x89,
  0xd5, 0x2d, 0xdd, 0x2c, 0xdd, 0x6e, 0xe5, 0x4d, 0xd5, 0x2d, 0xdd, 0x4d,
  0xd5, 0x6e, 0xd5, 0x4d, 0xd5, 0x8d, 0xdd, 0x8d, 0xdd, 0x8d, 0xdd, 0x6c,
  0xdd, 0x8c, 0xe5, 0x8c, 0xe5, 0x8d, 0xe5, 0x8c, 0xed, 0xce, 0xf5, 0xee,
  0xee, 0x10, 0xf6, 0x0f, 0xee, 0x30, 0xfe, 0x50, 0xf6, 0x90, 0xfe, 0x90,
  0xdd, 0xcd, 0x93, 0x63, 0x83, 0x27, 0x83, 0x06, 0x6a, 0x86, 0x62, 0x03,
  0x5a, 0x25, 0x62, 0x25, 0x7a, 0xc5, 0x9b, 0xa8, 0xab, 0xe7, 0xb3, 0xe7,
  0xbc, 0x28, 0xbc, 0x07, 0xa3, 0xa6, 0xab, 0xa6, 0xab, 0xe7, 0xb3, 0xe7,
  0xbc, 0x69, 0xcc, 0xa9, 0xd4, 0xea, 0xdc, 0xea, 0xd4, 0xe9, 0xd4, 0xc8,
  0xd5, 0x09, 0xd4, 0xc8, 0xcc, 0xc8, 0xdc, 0xe9, 0xd5, 0x0a, 0xdd, 0x0a,
  0xd5, 0x29, 0xdd, 0x29, 0xdd, 0x29, 0xdd, 0x09, 0xdd, 0x29, 0xed, 0x6a,
  0xe5, 0xac, 0xe5, 0x8a, 0xb4, 0x68, 0xb4, 0x47, 0xbc, 0xa9, 0xc4, 0xca,
  0xc4, 0xa8, 0xcc, 0xc9, 0xc4, 0xca, 0x93, 0x23, 0x6a, 0x84, 0x72, 0xa5,
  0x93, 0x88, 0x93, 0x67, 0x93, 0x86, 0xb4, 0x29, 0xb4, 0x48, 0xab, 0xc6,
  0x82, 0x84, 0x9b, 0x26, 0xb3, 0xa7, 0xab, 0x46, 0xa3, 0x26, 0x9a, 0xa4,
  0x82, 0x85, 0x82, 0x65, 0x72, 0x25, 0x71, 0xe3, 0x62, 0x05, 0x51, 0x83,
  0x39, 0x63, 0x41, 0x63, 0x39, 0x64, 0x41, 0x84, 0x61, 0xa4, 0x7a, 0x46,
  0x9a, 0xc6, 0xa2, 0xe6, 0xab, 0x67, 0xb3, 0x87, 0xb3, 0xa7, 0xb3, 0x86,
  0xbb, 0xc7, 0xd4, 0x49, 0xd4, 0x89, 0xd4, 0x68, 0xcc, 0x47, 0xd4, 0x47,
  0xc4, 0x48, 0xcc, 0x48, 0xbc, 0x48, 0xb4, 0x07, 0x6a, 0xc5, 0x62, 0x63,
  0x52, 0x86, 0x52, 0x44, 0x42, 0x24, 0x52, 0x85, 0x52, 0xa6, 0x4a, 0x03,
  0x42, 0x04, 0x4a, 0x25, 0x4a, 0x46, 0x42, 0x05, 0x39, 0xa4, 0x39, 0x83,
  0x31, 0xa4, 0x39, 0x84, 0x29, 0x64, 0x31, 0x64, 0x31, 0x84, 0x39, 0xa4,
  0x31, 0x64, 0x39, 0x84, 0x31, 0x85, 0x39, 0x64, 0x39, 0xa4, 0x41, 0xc5,
  0x39, 0xe5, 0x39, 0xc4, 0x31, 0xa4, 0x39, 0xa4, 0x29, 0x64, 0x31, 0x43,
  0x31, 0xa4, 0x4a, 0x06, 0x3a, 0x25, 0x42, 0x24, 0x3a, 0x05, 0x31, 0xa4,
  0x31, 0x85, 0x29, 0x64, 0x31, 0x85, 0x41, 0xe6, 0x39, 0xc5, 0x39, 0xa4,
  0x39, 0xc4, 0x39, 0xc4, 0x39, 0xc5, 0x31, 0x83, 0x29, 0x43, 0x31, 0x43,
  0x29, 0x43, 0x31, 0x43, 0x31, 0x84, 0x39, 0xa4, 0x31, 0xc5, 0x31, 0xa4,
  0x31, 0xa4, 0x39, 0xa4, 0x31, 0x84, 0x39, 0x64, 0x31, 0x84, 0x31, 0x63,
  0x31, 0x84, 0x39, 0x84, 0x39, 0x85, 0x39, 0x64, 0x39, 0xc5, 0x41, 0xc5,
  0x42, 0x05, 0x41, 0xc4, 0x39, 0xa4, 0x39, 0x83, 0x31, 0xa4, 0x41, 0xc4,
  0xd5, 0x4b, 0xcd, 0x4b, 0xd5, 0x4a, 0xcd, 0x4b, 0xcd, 0x2a, 0xcd, 0x2b,
  0xcd, 0x2b, 0xcd, 0x4b, 0xcd, 0x0b, 0xc5, 0x0b, 0xbc, 0xca, 0xb4, 0xaa,
  0xc5, 0x0b, 0xcd, 0x4c, 0xcd, 0x2b, 0xa4, 0x07, 0xab, 0xe7, 0xac, 0x48,
  0xac, 0x07, 0xac, 0x08, 0xab, 0xe8, 0xa3, 0xc7, 0xa3, 0xc7, 0xac, 0x29,
  0xac, 0x49, 0xb4, 0xaa, 0xbc, 0xa9, 0xbc, 0xca, 0xc4, 0xa9, 0xb4, 0x68,
  0xb4, 0x68, 0xbc, 0xa9, 0xbc, 0xa9, 0xbc, 0xca, 0xbc, 0xaa, 0xa4, 0x08,
  0x83, 0x06, 0x83, 0x27, 0x8b, 0x47, 0x8b, 0x67, 0x8b, 0x66, 0x83, 0x67,
  0x6a, 0x64, 0x62, 0x44, 0x62, 0x23, 0x6a, 0x85, 0x7a, 0xc5, 0xa4, 0x0a,
  0xb4, 0x4a, 0xac, 0x29, 0xa3, 0xc9, 0x82, 0xe5, 0x92, 0xe4, 0xc4, 0xcc,
  0xdd, 0x2b, 0xe5, 0x6d, 0xe5, 0x6d, 0xdd, 0x6d, 0xdd, 0x4c, 0xdd, 0x4d,
  0xdd, 0x4c, 0xd5, 0x4c, 0xe5, 0x8d, 0xdd, 0x8d, 0xe5, 0x6c, 0xdd, 0x6c,
  0xe5, 0xac, 0xe5, 0xad, 0xe5, 0x8c, 0xe5, 0xad, 0xed, 0x8d, 0xe5, 0xad,
  0xf5, 0xee, 0xed, 0xef, 0xf6, 0x0e, 0xf6, 0x50, 0xfe, 0x6f, 0xfe, 0x90,
  0xfe, 0xb0, 0xbc, 0xc9, 0x7a, 0x84, 0x72, 0x84, 0x62, 0x24, 0x5a, 0x04,
  0x62, 0x24, 0x6a, 0xa6, 0x9b, 0x46, 0xac, 0x09, 0xb3, 0xe7, 0xb4, 0x08,
  0xbb, 0xe6, 0xab, 0xe6, 0xb4, 0x07, 0xb4, 0x07, 0xb4, 0x07, 0xbc, 0x89,
  0xcc, 0xa9, 0xcc, 0xca, 0xdd, 0x09, 0xdd, 0x4a, 0xdd, 0x29, 0xd5, 0x09,
  0xdd, 0x09, 0xdd, 0x09, 0xdc, 0xe8, 0xd4, 0xc8, 0xd4, 0xe9, 0xd4, 0xc9,
  0xd4, 0xe8, 0xdd, 0x2a, 0xdd, 0x08, 0xdd, 0x49, 0xed, 0x69, 0xed, 0xcb,
  0xe5, 0x8b, 0xc4, 0xa8, 0xb4, 0x07, 0xb4, 0x48, 0xbc, 0x88, 0xbc, 0xc9,
  0xc4, 0xa8, 0xd5, 0x2a, 0xc4, 0xaa, 0x82, 0xe3, 0x72, 0xa4, 0x83, 0x47,
  0xa3, 0xe8, 0x93, 0x87, 0xab, 0xc6, 0xb4, 0x48, 0xbc, 0x27, 0xa3, 0xa6,
  0x8a, 0x83, 0xa3, 0xa8, 0xc3, 0xe7, 0xb3, 0x86, 0xab, 0x25, 0x9a, 0xc4,
  0x92, 0xa5, 0x8a, 0x85, 0x7a, 0x24, 0x72, 0x24, 0x7a, 0x45, 0x69, 0xe4,
  0x59, 0x83, 0x49, 0x63, 0x41, 0x63, 0x41, 0x84, 0x51, 0x83, 0x59, 0xe5,
  0x82, 0x24, 0x8a, 0xa6, 0xa2, 0xe5, 0xab, 0x47, 0xbb, 0xa7, 0xb3, 0xa7,
  0xb3, 0x45, 0xbb, 0xe7, 0xcc, 0x06, 0xc4, 0x27, 0xc3, 0xe6, 0xc4, 0x07,
  0xbc, 0x07, 0xbc, 0x28, 0xb3, 0xe7, 0xa3, 0xa6, 0x6a, 0x84, 0x62, 0x43,
  0x52, 0x44, 0x52, 0x65, 0x52, 0x64, 0x4a, 0x65, 0x5a, 0x85, 0x4a, 0x44,
  0x4a, 0x04, 0x4a, 0x25, 0x4a, 0x25, 0x39, 0xe4, 0x41, 0xc4, 0x39, 0xa4,
  0x39, 0x63, 0x31, 0x63, 0x31, 0x43, 0x31, 0x84, 0x39, 0x84, 0x39, 0xa4,
  0x39, 0x83, 0x39, 0x84, 0x41, 0xa4, 0x31, 0x64, 0x31, 0x83, 0x39, 0xe5,
  0x31, 0xa4, 0x31, 0x84, 0x39, 0xa4, 0x31, 0xa4, 0x31, 0x63, 0x31, 0xa4,
  0x49, 0xe4, 0x4a, 0x25, 0x42, 0x04, 0x39, 0xe4, 0x29, 0x63, 0x29, 0x63,
  0x39, 0x84, 0x31, 0x64, 0x39, 0x84, 0x41, 0xe5, 0x41, 0xe4, 0x31, 0xa3,
  0x39, 0xc3, 0x3a, 0x05, 0x41, 0xe4, 0x31, 0xa4, 0x31, 0x23, 0x31, 0x63,
  0x31, 0x43, 0x31, 0x64, 0x39, 0xa4, 0x39, 0xa4, 0x31, 0x83, 0x39, 0xc4,
  0x39, 0xa4, 0x39, 0xc4, 0x39, 0xa4, 0x39, 0xc4, 0x39, 0x83, 0x31, 0x84,
  0x39, 0x64, 0x39, 0x84, 0x39, 0x64, 0x31, 0x64, 0x41, 0xa4, 0x41, 0xe5,
  0x41, 0xe4, 0x39, 0xe4, 0x39, 0xa4, 0x31, 0x83, 0x39, 0x83, 0x39, 0xc4,
  0xcd, 0x2b, 0xcd, 0x2b, 0xcd, 0x2b, 0xd5, 0x4b, 0xcd, 0x4b, 0xcd, 0x0b,
  0xc5, 0x0b, 0xcd, 0x0b, 0xbd, 0x0c, 0xc4, 0xeb, 0xbc, 0xeb, 0xbc, 0xca,
  0xc5, 0x0c, 0xcd, 0x2c, 0xc4, 0xeb, 0xab, 0xe6, 0xa4, 0x07, 0xac, 0x07,
  0xa3, 0xe7, 0xab, 0xe7, 0xac, 0x29, 0xa3, 0xc7, 0x9b, 0xe8, 0xac, 0x29,
  0xac, 0x49, 0xbc, 0xaa, 0xbc, 0xca, 0xbc, 0xaa, 0xbc, 0xa9, 0xbc, 0xa9,
  0xb4, 0x88, 0xbc, 0xa9, 0xb4, 0xca, 0xbc, 0xaa, 0xbc, 0xec, 0xac, 0x09,
  0x72, 0xe6, 0x72, 0xc5, 0x8b, 0x89, 0x83, 0x07, 0x83, 0x47, 0x7b, 0x06,
  0x62, 0x65, 0x6a, 0x64, 0x62, 0x65, 0x6a, 0x65, 0x6a, 0x85, 0x93, 0xa9,
  0xac, 0x4b, 0xac, 0x2a, 0x9b, 0x89, 0x7a, 0x64, 0xb4, 0x29, 0xcc, 0xcb,
  0xe5, 0x4c, 0xed, 0x6d, 0xd5, 0x2c, 0xdd, 0x2c, 0xd5, 0x4d, 0xdd, 0x2c,
  0xd5, 0x4c, 0xdd, 0x4c, 0xdd, 0x6d, 0xe5, 0x8d, 0xdd, 0x6d, 0xdd, 0x4c,
  0xdd, 0x8c, 0xe5, 0xad, 0xe5, 0x8d, 0xe5, 0x8d, 0xe5, 0x8d, 0xe5, 0x8d,
  0xe5, 0xce, 0xed, 0xce, 0xed, 0xef, 0xf5, 0xee, 0xf6, 0x70, 0xfe, 0x4f,
  0xfe, 0xb1, 0xf6, 0x2f, 0x83, 0x26, 0x6a, 0x42, 0x52, 0x05, 0x5a, 0x04,
  0x62, 0x45, 0x83, 0x07, 0xa3, 0xa7, 0xab, 0xa7, 0xab, 0xc7, 0xab, 0xc7,
  0xab, 0xc7, 0xb3, 0xe7, 0xb4, 0x27, 0xbc, 0x48, 0xbc, 0x69, 0xcc, 0x89,
  0xcc, 0xc9, 0xd5, 0x0a, 0xd5, 0x2a, 0xd5, 0x09, 0xd5, 0x2a, 0xdd, 0x29,
  0xd5, 0x09, 0xd4, 0xc8, 0xd4, 0xe9, 0xd4, 0xc8, 0xcc, 0xc9, 0xd4, 0xc9,
  0xd5, 0x0a, 0xdd, 0x0a, 0xd5, 0x29, 0xe5, 0x4a, 0xe5, 0xab, 0xed, 0xab,
  0xcd, 0x0a, 0xb4, 0x26, 0xac, 0x28, 0xbc, 0x89, 0xbc, 0x89, 0xbc, 0x89,
  0xcc, 0xc9, 0xd4, 0xe9, 0xac, 0x08, 0x7a, 0x82, 0x83, 0x26, 0x9b, 0xa8,
  0x9b, 0xc7, 0x93, 0x65, 0xac, 0x08, 0xbc, 0x69, 0xbc, 0x49, 0xa3, 0x85,
  0x82, 0x64, 0xb3, 0xa9, 0xc3, 0xe8, 0xb3, 0x65, 0xa3, 0x26, 0x9a, 0xc4,
  0x9a, 0xe6, 0x92, 0x84, 0x72, 0x45, 0x7a, 0x24, 0x7a, 0x65, 0x71, 0xe4,
  0x61, 0xc4, 0x59, 0x42, 0x41, 0x63, 0x41, 0x63, 0x51, 0x84, 0x59, 0xc5,
  0x7a, 0x25, 0x82, 0x25, 0x8a, 0x64, 0xa2, 0xe6, 0xb3, 0xa8, 0xbb, 0x87,
  0xab, 0x87, 0xb3, 0x66, 0xb3, 0xa6, 0xb3, 0x65, 0xab, 0x45, 0xb3, 0x66,
  0xab, 0xc7, 0xbb, 0xe8, 0xa3, 0xc7, 0x9b, 0x65, 0x62, 0x64, 0x62, 0x43,
  0x4a, 0x65, 0x52, 0x65, 0x4a, 0x65, 0x4a, 0x44, 0x52, 0xa6, 0x52, 0x44,
  0x42, 0x25, 0x52, 0x45, 0x42, 0x25, 0x39, 0xc4, 0x39, 0xa4, 0x39, 0x84,
  0x39, 0x84, 0x39, 0x63, 0x29, 0x64, 0x31, 0x64, 0x39, 0xa5, 0x39, 0xa4,
  0x39, 0x84, 0x41, 0x84, 0x39, 0x64, 0x39, 0x43, 0x31, 0x84, 0x39, 0xa5,
  0x29, 0x64, 0x29, 0x43, 0x31, 0x84, 0x31, 0x64, 0x39, 0xa5, 0x41, 0xe5,
  0x42, 0x05, 0x4a, 0x25, 0x42, 0x46, 0x31, 0x83, 0x21, 0x44, 0x29, 0x64,
  0x31, 0x85, 0x31, 0x64, 0x31, 0xa4, 0x41, 0xc5, 0x39, 0xc4, 0x39, 0xa4,
  0x39, 0xe5, 0x39, 0xe4, 0x39, 0xe5, 0x31, 0x83, 0x29, 0x43, 0x31, 0x23,
  0x31, 0x44, 0x31, 0x23, 0x31, 0x84, 0x39, 0xa4, 0x39, 0xc5, 0x39, 0xc5,
  0x31, 0xa5, 0x39, 0xa4, 0x31, 0xa5, 0x31, 0x84, 0x31, 0x84, 0x31, 0x63,
  0x39, 0x85, 0x39, 0x84, 0x31, 0x44, 0x39, 0x44, 0x39, 0xa4, 0x41, 0xc4,
  0x39, 0xe4, 0x41, 0xc4, 0x39, 0xc5, 0x39, 0x83, 0x39, 0x64, 0x41, 0x84,
  0xcd, 0x0b, 0xcd, 0x4c, 0xd5, 0x2b, 0xcd, 0x4c, 0xcd, 0x2b, 0xc5, 0x0a,
  0xcc, 0xea, 0xc5, 0x0b, 0xcd, 0x0b, 0xbc, 0xcb, 0xcd, 0x4c, 0xc5, 0x0c,
  0xc4, 0xaa, 0xcd, 0x2c, 0xcc, 0xea, 0xa3, 0xe6, 0xab, 0xe7, 0xb4, 0x49,
  0xa3, 0xc6, 0xa4, 0x08, 0xb4, 0x29, 0xac, 0x29, 0xac, 0x08, 0xac, 0x4a,
  0xb4, 0x6a, 0xb4, 0xab, 0xc4, 0xc9, 0xbc, 0xa9, 0xbc, 0xa9, 0xbc, 0xaa,
  0xbc, 0x88, 0xc4, 0xea, 0xbc, 0x89, 0xbc, 0xca, 0xb4, 0x89, 0x9b, 0xc7,
  0x7a, 0xc5, 0x72, 0xc5, 0x93, 0xa8, 0x72, 0xa4, 0x7a, 0xe6, 0x6a, 0x85,
  0x6a, 0x64, 0x72, 0xc6, 0x72, 0x65, 0x6a, 0x86, 0x72, 0xa5, 0x8b, 0x89,
  0xab, 0xe9, 0xac, 0x4b, 0x82, 0xa5, 0x82, 0xe6, 0xd5, 0x0b, 0xd5, 0x0c,
  0xe5, 0x6d, 0xdd, 0x6d, 0xe5, 0x2b, 0xd5, 0x0b, 0xdd, 0x0b, 0xdd, 0x2b,
  0xdd, 0x0b, 0xdd, 0x4c, 0xdd, 0x4c, 0xe5, 0x8d, 0xed, 0xad, 0xdd, 0x6c,
  0xe5, 0x4b, 0xdd, 0x6b, 0xe5, 0x6b, 0xe5, 0x8c, 0xe5, 0x6c, 0xe5, 0xad,
  0xed, 0xad, 0xe5, 0xad, 0xed, 0xed, 0xf6, 0x2f, 0xf6, 0x6e, 0xf6, 0x8f,
  0xfe, 0xaf, 0xfe, 0xd0, 0xc4, 0xea, 0x7a, 0xc2, 0x62, 0x03, 0x6a, 0x85,
  0x8a, 0xe5, 0xa3, 0xe9, 0xb4, 0x07, 0xab, 0xe7, 0xab, 0x66, 0xab, 0xc7,
  0xbc, 0x08, 0xb3, 0xc7, 0xbb, 0xe7, 0xb4, 0x07, 0xc4, 0x68, 0xc4, 0xca,
  0xd4, 0xe9, 0xd5, 0x2b, 0xd4, 0xe9, 0xd5, 0x0a, 0xdc, 0xe8, 0xd5, 0x09,
  0xd4, 0xe7, 0xd5, 0x08, 0xdd, 0x08, 0xd4, 0xe8, 0xd4, 0xc9, 0xcc, 0xc9,
  0xdd, 0x09, 0xd5, 0x2a, 0xdd, 0x29, 0xdd, 0x4a, 0xed, 0x8b, 0xdd, 0x2a,
  0xbc, 0x27, 0xb4, 0x07, 0xbc, 0x48, 0xbc, 0x8a, 0xc4, 0x88, 0xc4, 0xa9,
  0xcc, 0xe9, 0xc4, 0xc9, 0x93, 0x45, 0x82, 0xe4, 0x9b, 0xa6, 0xa4, 0x08,
  0x93, 0x45, 0x93, 0x86, 0xb4, 0x27, 0xbc, 0x69, 0xc4, 0x49, 0x9b, 0x65,
  0x8a, 0x23, 0xbb, 0xea, 0xbb, 0xc7, 0xb3, 0x86, 0xab, 0x25, 0x92, 0xc4,
  0xa3, 0x27, 0x8a, 0xa5, 0x82, 0x64, 0x7a, 0x23, 0x82, 0x85, 0x72, 0x24,
  0x72, 0x04, 0x61, 0x82, 0x49, 0x43, 0x41, 0x64, 0x59, 0x83, 0x59, 0xe5,
  0x7a, 0x04, 0x7a, 0x25, 0x8a, 0x03, 0x92, 0xa6, 0xb3, 0x67, 0xbb, 0xc8,
  0xb3, 0x86, 0xab, 0x86, 0xb3, 0x65, 0xab, 0x44, 0xab, 0x45, 0xab, 0x65,
  0xab, 0x86, 0xab, 0xc7, 0xa3, 0xa6, 0x93, 0x45, 0x5a, 0x23, 0x5a, 0x65,
  0x5a, 0x85, 0x52, 0x65, 0x52, 0x64, 0x4a, 0x65, 0x4a, 0x23, 0x42, 0x44,
  0x4a, 0x04, 0x4a, 0x45, 0x4a, 0x04, 0x39, 0xe4, 0x39, 0xa4, 0x39, 0xa4,
  0x39, 0x84, 0x31, 0x84, 0x39, 0x64, 0x39, 0xa5, 0x39, 0x83, 0x31, 0x84,
  0x39, 0x83, 0x39, 0xc4, 0x41, 0xa4, 0x41, 0xc4, 0x41, 0xa3, 0x39, 0xa3,
  0x39, 0x84, 0x39, 0x84, 0x41, 0xa4, 0x41, 0xe5, 0x4a, 0x04, 0x52, 0x66,
  0x42, 0x25, 0x31, 0xe4, 0x3a, 0x05, 0x21, 0x83, 0x31, 0x64, 0x31, 0xa5,
  0x31, 0x64, 0x31, 0x64, 0x39, 0xa3, 0x41, 0xc5, 0x41, 0xe4, 0x39, 0xc4,
  0x41, 0xe4, 0x39, 0xe4, 0x41, 0xc4, 0x31, 0x83, 0x31, 0x43, 0x29, 0x43,
  0x31, 0x43, 0x31, 0x64, 0x39, 0x83, 0x39, 0xa4, 0x41, 0xc4, 0x39, 0xe5,
  0x39, 0xc4, 0x39, 0xc5, 0x39, 0xa4, 0x31, 0x83, 0x31, 0x63, 0x29, 0x63,
  0x39, 0x63, 0x39, 0x84, 0x39, 0x63, 0x39, 0x84, 0x41, 0xa4, 0x41, 0xe5,
  0x41, 0xc4, 0x41, 0xe4, 0x41, 0xc3, 0x39, 0xa3, 0x39, 0x63, 0x39, 0x84,
  0xc4, 0xea, 0xcd, 0x2b, 0xcd, 0x4c, 0xd5, 0x2b, 0xc4, 0xea, 0xc4, 0xc9,
  0xbc, 0xca, 0xc4, 0xca, 0xbc, 0xcb, 0xcd, 0x0b, 0xc5, 0x2c, 0xbc, 0xca,
  0xc4, 0xeb, 0xd5, 0x4c, 0xc5, 0x0b, 0xa3, 0xa6, 0xac, 0x08, 0xac, 0x08,
  0x93, 0xa6, 0xa3, 0xc7, 0xa4, 0x08, 0xac, 0x08, 0xa4, 0x29, 0xac, 0x09,
  0xb4, 0xab, 0xbc, 0xab, 0xb4, 0x89, 0xb4, 0x89, 0xc5, 0x0b, 0xbc, 0xaa,
  0xbc, 0xa9, 0xc4, 0xea, 0xb4, 0x89, 0xbc, 0x89, 0xb4, 0x8a, 0xac, 0x08,
  0x72, 0xa5, 0x6a, 0x64, 0x93, 0xa9, 0x7a, 0xc5, 0x72, 0xe7, 0x6a, 0x44,
  0x6a, 0x85, 0x7a, 0xe6, 0x6a, 0x86, 0x6a, 0x44, 0x6a, 0xa6, 0x8b, 0x48,
  0x9b, 0xe9, 0xac, 0x4a, 0x72, 0x44, 0xa3, 0xca, 0xcd, 0x0c, 0xdd, 0x4d,
  0xdd, 0x6d, 0xe5, 0x6d, 0xdd, 0x4c, 0xd4, 0xea, 0xcc, 0xcb, 0xd4, 0xca,
  0xd5, 0x2c, 0xdd, 0x4c, 0xdd, 0x6d, 0xe5, 0x6d, 0xdd, 0x8d, 0xed, 0x8d,
  0xe5, 0xad, 0xe5, 0x8c, 0xe5, 0x8c, 0xdd, 0x4b, 0xdd, 0x8d, 0xe5, 0x6c,
  0xe5, 0xad, 0xe5, 0x8c, 0xe5, 0xce, 0xee, 0x0f, 0xf6, 0x70, 0xf6, 0x70,
  0xf6, 0x90, 0xfe, 0xb0, 0xf6, 0x71, 0x9b, 0x85, 0x62, 0x23, 0x82, 0xe5,
  0xa3, 0xa8, 0xb4, 0x09, 0xab, 0xe7, 0xb3, 0xe7, 0xab, 0xc7, 0xbc, 0x08,
  0xab, 0xc7, 0xb3, 0xa6, 0xab, 0xe7, 0xc4, 0x28, 0xbc, 0x8a, 0xcc, 0xaa,
  0xcc, 0xea, 0xcc, 0xc9, 0xcc, 0xea, 0xd4, 0xe9, 0xcc, 0xc8, 0xd4, 0xc8,
  0xcc, 0xe8, 0xdc, 0xe8, 0xd4, 0xe9, 0xd4, 0xc8, 0xcc, 0xc9, 0xd4, 0xe9,
  0xcc, 0xea, 0xd4, 0xe9, 0xd5, 0x2a, 0xdd, 0x2a, 0xd5, 0x2a, 0xbc, 0x26,
  0xab, 0xe6, 0xb4, 0x27, 0xb4, 0x68, 0xbc, 0x48, 0xbc, 0x69, 0xc4, 0x89,
  0xcd, 0x0b, 0xb4, 0x07, 0x82, 0xe5, 0x8b, 0x25, 0x9b, 0xe8, 0x9b, 0xa7,
  0x8b, 0x45, 0x9b, 0xa7, 0xbc, 0x69, 0xbc, 0x48, 0xbc, 0x49, 0x92, 0xc3,
  0x9a, 0xc5, 0xcc, 0x0a, 0xb3, 0x87, 0xbb, 0x87, 0xa3, 0x26, 0x92, 0x84,
  0x9b, 0x07, 0x92, 0xa5, 0x82, 0x85, 0x7a, 0x23, 0x82, 0xa6, 0x72, 0x24,
  0x72, 0x05, 0x61, 0x62, 0x41, 0x44, 0x41, 0x64, 0x49, 0x84, 0x59, 0xc4,
  0x7a, 0x25, 0x7a, 0x25, 0x82, 0x24, 0x92, 0x65, 0xa3, 0x26, 0xb3, 0x88,
  0xb3, 0xa7, 0xb3, 0x66, 0xab, 0x45, 0xa3, 0x04, 0xa3, 0x25, 0xa3, 0x05,
  0x9b, 0x46, 0xa3, 0x66, 0x9b, 0x87, 0x8a, 0xa4, 0x52, 0x44, 0x62, 0x85,
  0x52, 0x86, 0x4a, 0x44, 0x4a, 0x45, 0x52, 0x85, 0x42, 0x24, 0x42, 0x24,
  0x42, 0x04, 0x52, 0x45, 0x42, 0x25, 0x41, 0xc3, 0x39, 0xc5, 0x39, 0xa4,
  0x39, 0xa5, 0x39, 0x63, 0x31, 0x64, 0x39, 0x85, 0x31, 0x85, 0x31, 0x64,
  0x31, 0x64, 0x39, 0x84, 0x41, 0x84, 0x49, 0xc5, 0x41, 0xe5, 0x49, 0xe4,
  0x41, 0xe5, 0x41, 0xc4, 0x41, 0xe4, 0x4a, 0x05, 0x52, 0xa6, 0x5a, 0xc6,
  0x42, 0x67, 0x31, 0x83, 0x31, 0xa5, 0x31, 0x84, 0x31, 0xc6, 0x31, 0x64,
  0x29, 0x44, 0x39, 0x64, 0x41, 0xe5, 0x41, 0xc4, 0x39, 0xc4, 0x39, 0xc4,
  0x39, 0xc4, 0x41, 0xc4, 0x39, 0xc5, 0x31, 0x63, 0x29, 0x44, 0x29, 0x43,
  0x29, 0x44, 0x31, 0x44, 0x31, 0x84, 0x39, 0xa4, 0x31, 0xa4, 0x39, 0xa4,
  0x31, 0xa5, 0x39, 0xa5, 0x31, 0xa4, 0x31, 0x83, 0x31, 0x64, 0x31, 0x43,
  0x31, 0x64, 0x39, 0x64, 0x31, 0x64, 0x31, 0x43, 0x31, 0x84, 0x41, 0xa5,
  0x39, 0xe5, 0x39, 0xa4, 0x41, 0xe5, 0x41, 0xc4, 0x31, 0x84, 0x39, 0x83,
  0xd5, 0x4a, 0xc4, 0xc8, 0xcc, 0xe9, 0xc4, 0xea, 0xcc, 0xc9, 0xb4, 0x68,
  0xc4, 0xa9, 0xbc, 0xca, 0xc4, 0xea, 0xcd, 0x2c, 0xc4, 0xca, 0xbc, 0xca,
  0xcc, 0xea, 0xcd, 0x4c, 0xc4, 0xa9, 0xa3, 0xc6, 0xac, 0x08, 0xa3, 0xe7,
  0xa3, 0xa6, 0xa3, 0xe7, 0xa3, 0xc7, 0xa3, 0xe8, 0xac, 0x29, 0xb4, 0x6a,
  0xb4, 0x8a, 0xbc, 0xcb, 0xc4, 0xca, 0xbc, 0xaa, 0xcd, 0x0b, 0xbc, 0xca,
  0xc4, 0xc9, 0xb4, 0x88, 0xb4, 0x68, 0xbc, 0xca, 0xbc, 0xca, 0xac, 0x69,
  0x6a, 0x44, 0x7a, 0xe6, 0x93, 0x89, 0x72, 0xc6, 0x72, 0xa5, 0x6a, 0xa5,
  0x72, 0xa4, 0x83, 0x47, 0x72, 0x85, 0x62, 0x44, 0x72, 0x64, 0x7a, 0xe7,
  0xa4, 0x29, 0x9b, 0xe9, 0x7a, 0x83, 0xb4, 0x8b, 0xdd, 0x2c, 0xe5, 0x8e,
  0xe5, 0x6d, 0xdd, 0x6d, 0xdd, 0x2b, 0xd5, 0x2b, 0xdd, 0x0b, 0xdd, 0x6d,
  0xe5, 0x6d, 0xe5, 0x8e, 0xe5, 0x6c, 0xdd, 0x4c, 0xe5, 0x8c, 0xe5, 0xad,
  0xf5, 0xcd, 0xed, 0xed, 0xed, 0xcd, 0xe5, 0xcd, 0xe5, 0xac, 0xdd, 0x8c,
  0xe5, 0x8c, 0xe5, 0xcd, 0xed, 0xce, 0xee, 0x0f, 0xf6, 0x4f, 0xf6, 0x90,
  0xfe, 0x90, 0xf6, 0x90, 0xfe, 0xd1, 0xdd, 0xad, 0x93, 0x04, 0xab, 0xe8,
  0xc4, 0x49, 0xbc, 0x29, 0xb4, 0x07, 0xb4, 0x28, 0xbc, 0x07, 0xb4, 0x07,
  0xb3, 0xa6, 0xb4, 0x07, 0xc4, 0x48, 0xc4, 0xaa, 0xcc, 0xa9, 0xcc, 0xea,
  0xcc, 0xc9, 0xc4, 0xc9, 0xd4, 0xc8, 0xcc, 0xc8, 0xd4, 0xa8, 0xd4, 0xe9,
  0xdc, 0xe8, 0xd4, 0xc8, 0xd4, 0xe9, 0xd5, 0x09, 0xd4, 0xe9, 0xcc, 0xe9,
  0xd4, 0xe9, 0xd5, 0x2a, 0xdd, 0x09, 0xdd, 0x4a, 0xcc, 0xa8, 0xac, 0x06,
  0xbc, 0x27, 0xbc, 0x68, 0xbc, 0x47, 0xbc, 0x88, 0xc4, 0x89, 0xcc, 0xea,
  0xbc, 0x89, 0x93, 0x85, 0x8b, 0x05, 0x9b, 0xc8, 0xa3, 0xc7, 0x8b, 0x66,
  0x93, 0x45, 0x9b, 0xe7, 0xbc, 0x27, 0xb4, 0x27, 0xbc, 0x08, 0x92, 0xe3,
  0xbb, 0xa7, 0xcc, 0x4a, 0xbb, 0x86, 0xbb, 0xa6, 0xab, 0x05, 0x92, 0x83,
  0xa2, 0xe6, 0x9a, 0xc6, 0x9a, 0xc5, 0x7a, 0x23, 0x82, 0x86, 0x72, 0x45,
  0x7a, 0x45, 0x61, 0xa3, 0x41, 0x63, 0x41, 0x83, 0x51, 0x83, 0x51, 0xe5,
  0x7a, 0x04, 0x82, 0x45, 0x8a, 0x64, 0x92, 0xe6, 0x9a, 0xe5, 0xa3, 0x87,
  0xb3, 0x66, 0xab, 0x66, 0xab, 0x45, 0xa3, 0x05, 0xa3, 0x25, 0xa3, 0x25,
  0x9b, 0x05, 0x9b, 0x66, 0x9b, 0x67, 0x72, 0x42, 0x5a, 0x44, 0x62, 0xa6,
  0x52, 0x85, 0x52, 0x65, 0x52, 0x65, 0x5a, 0xe6, 0x52, 0x65, 0x42, 0x24,
  0x52, 0x45, 0x4a, 0x45, 0x4a, 0x04, 0x39, 0xe4, 0x39, 0x83, 0x39, 0xc4,
  0x41, 0xc4, 0x39, 0xa4, 0x39, 0x63, 0x31, 0x64, 0x31, 0x43, 0x31, 0x44,
  0x39, 0x63, 0x31, 0x64, 0x39, 0x63, 0x41, 0xc5, 0x52, 0x46, 0x52, 0x87,
  0x42, 0x04, 0x42, 0x25, 0x39, 0xc3, 0x63, 0x08, 0x5b, 0x08, 0x3a, 0x05,
  0x29, 0x63, 0x29, 0x84, 0x39, 0xa5, 0x31, 0xa5, 0x31, 0x84, 0x29, 0x63,
  0x31, 0x63, 0x39, 0xc4, 0x41, 0xe4, 0x41, 0xe4, 0x41, 0xc4, 0x39, 0xe4,
  0x41, 0xc4, 0x39, 0xe4, 0x39, 0xa4, 0x31, 0x84, 0x31, 0x63, 0x29, 0x63,
  0x29, 0x23, 0x31, 0x64, 0x31, 0x83, 0x39, 0xe5, 0x39, 0xa3, 0x39, 0xe5,
  0x39, 0xc4, 0x39, 0xe5, 0x39, 0xc4, 0x31, 0xa4, 0x39, 0x83, 0x31, 0x84,
  0x39, 0x64, 0x39, 0x84, 0x39, 0x63, 0x39, 0x84, 0x39, 0x63, 0x41, 0xc5,
  0x41, 0xc4, 0x39, 0xa4, 0x41, 0xa3, 0x39, 0xc4, 0x41, 0x83, 0x39, 0x84,
  0xdd, 0x8b, 0xcc, 0xc8, 0xc4, 0xc9, 0xcc, 0xc9, 0xb4, 0x69, 0xb4, 0x07,
  0xbc, 0xaa, 0xbc, 0xaa, 0xcd, 0x2d, 0xc4, 0xaa, 0xbc, 0xca, 0xcd, 0x0b,
  0xcd, 0x4c, 0xd5, 0x4c, 0xb4, 0x69, 0xac, 0x08, 0xa4, 0x08, 0xa3, 0xa6,
  0x9b, 0xe8, 0xa3, 0xc7, 0xa4, 0x09, 0xac, 0x09, 0x9c, 0x09, 0xac, 0x4a,
  0xac, 0x8a, 0xbc, 0xec, 0xb4, 0xaa, 0xc4, 0xeb, 0xc5, 0x0b, 0xbc, 0xaa,
  0xb4, 0xa9, 0xb4, 0x68, 0xb4, 0x89, 0xbc, 0xaa, 0xbc, 0xeb, 0xc4, 0xeb,
  0x72, 0xa5, 0x83, 0x27, 0x7b, 0x08, 0x72, 0x85, 0x6a, 0xa5, 0x72, 0x85,
  0x72, 0xe6, 0x7b, 0x06, 0x72, 0xc6, 0x62, 0x03, 0x6a, 0x65, 0x83, 0x07,
  0xa4, 0x2b, 0x93, 0x88, 0x93, 0x67, 0xcc, 0xec, 0xd5, 0x2c, 0xe5, 0x6d,
  0xdd, 0x8e, 0xdd, 0x4d, 0xdd, 0x4c, 0xe5, 0x4c, 0xdd, 0x6d, 0xe5, 0x8d,
  0xdd, 0x4d, 0xdd, 0x6d, 0xdd, 0x8d, 0xdd, 0x2c, 0xdd, 0x4c, 0xe5, 0x6c,
  0xe5, 0xad, 0xf5, 0xcd, 0xed, 0xee, 0xed, 0xcd, 0xe5, 0xed, 0xed, 0xed,
  0xe5, 0xae, 0xe5, 0xad, 0xdd, 0xae, 0xed, 0xce, 0xee, 0x2f, 0xf6, 0x4f,
  0xf6, 0x90, 0xf6, 0x70, 0xfe, 0xb1, 0xfe, 0x91, 0xcc, 0xeb, 0xbc, 0x48,
  0xbc, 0x49, 0xc4, 0x48, 0xb4, 0x28, 0xb3, 0xe7, 0xac, 0x07, 0xb3, 0xe6,
  0xb4, 0x08, 0xbc, 0x07, 0xbc, 0x69, 0xbc, 0x48, 0xbc, 0xaa, 0xbc, 0x89,
  0xbc, 0x68, 0xc4, 0x88, 0xbc, 0x67, 0xcc, 0x88, 0xcc, 0xc9, 0xd4, 0xc9,
  0xd5, 0x09, 0xd4, 0xe8, 0xd5, 0x09, 0xd4, 0xe9, 0xcd, 0x0a, 0xcc, 0xa8,
  0xcc, 0xea, 0xd5, 0x0a, 0xcd, 0x0a, 0xcc, 0xc9, 0xac, 0x07, 0xb4, 0x06,
  0xb4, 0x48, 0xbc, 0x48, 0xbc, 0x89, 0xbc, 0x88, 0xc4, 0xca, 0xc4, 0x89,
  0xa4, 0x08, 0x8b, 0x25, 0x8b, 0x46, 0x9b, 0xa7, 0x93, 0xa7, 0x8b, 0x25,
  0x8b, 0x66, 0xa3, 0xe7, 0xb4, 0x48, 0xbc, 0x47, 0xb3, 0xe8, 0x9b, 0x25,
  0xd4, 0x69, 0xcc, 0x28, 0xa3, 0x05, 0xbb, 0x86, 0xab, 0x47, 0xa2, 0xc4,
  0xab, 0x27, 0xa2, 0xe6, 0x9a, 0xe6, 0x82, 0x03, 0x7a, 0x66, 0x72, 0x25,
  0x72, 0x46, 0x61, 0x82, 0x39, 0x63, 0x41, 0x63, 0x49, 0xa4, 0x51, 0xc5,
  0x7a, 0x25, 0x82, 0x46, 0x8a, 0x85, 0x9a, 0xe6, 0x92, 0xe5, 0xa3, 0x46,
  0xab, 0x87, 0xb3, 0x87, 0xa3, 0x66, 0xa3, 0x04, 0x93, 0x05, 0x92, 0xe4,
  0x93, 0x06, 0x9b, 0x46, 0x93, 0x47, 0x69, 0xe1, 0x5a, 0x86, 0x5a, 0x86,
  0x52, 0xa6, 0x4a, 0x65, 0x4a, 0x65, 0x5a, 0xa6, 0x4a, 0x65, 0x42, 0x03,
  0x4a, 0x25, 0x52, 0x45, 0x42, 0x05, 0x39, 0xa3, 0x39, 0xa4, 0x41, 0xe5,
  0x39, 0xc5, 0x39, 0xa3, 0x31, 0x84, 0x39, 0x63, 0x31, 0x64, 0x31, 0x23,
  0x29, 0x44, 0x31, 0x43, 0x31, 0x84, 0x41, 0xc5, 0x4a, 0x88, 0x4a, 0x67,
  0x3a, 0x25, 0x31, 0xc3, 0x31, 0xa4, 0x42, 0x06, 0x29, 0xa5, 0x29, 0x43,
  0x29, 0x64, 0x39, 0xa5, 0x31, 0xa5, 0x31, 0x64, 0x31, 0x84, 0x31, 0x63,
  0x39, 0xc4, 0x41, 0xe5, 0x41, 0xe5, 0x41, 0xa3, 0x39, 0xc4, 0x39, 0xc4,
  0x39, 0xe5, 0x39, 0xa4, 0x39, 0xc5, 0x31, 0x63, 0x29, 0x64, 0x29, 0x43,
  0x29, 0x44, 0x31, 0x23, 0x31, 0xa4, 0x39, 0xa4, 0x31, 0xa4, 0x39, 0xa4,
  0x31, 0xa4, 0x39, 0xa4, 0x39, 0xe5, 0x39, 0xa4, 0x39, 0xa4, 0x31, 0x63,
  0x31, 0x64, 0x39, 0x64, 0x31, 0x64, 0x39, 0x64, 0x39, 0x84, 0x41, 0x84,
  0x39, 0xc5, 0x39, 0x84, 0x39, 0xc4, 0x41, 0xc4, 0x39, 0xa4, 0x39, 0x83,
  0xdd, 0x6b, 0xdd, 0x8c, 0xcc, 0xc9, 0xbc, 0xa9, 0xb4, 0x48, 0xa3, 0xe7,
  0xbc, 0x89, 0xc5, 0x0b, 0xc4, 0xca, 0xb4, 0x69, 0xcd, 0x0b, 0xcd, 0x4c,
  0xd5, 0x4c, 0xcd, 0x2b, 0xbc, 0x69, 0xac, 0x07, 0xab, 0xe7, 0xa3, 0xe7,
  0xa3, 0xc7, 0xa3, 0xe8, 0x9b, 0xc7, 0x8b, 0x87, 0xa4, 0x08, 0xac, 0x6a,
  0xac, 0x08, 0xb4, 0xab, 0xbc, 0xca, 0xbc, 0xca, 0xc4, 0xca, 0xb4, 0xaa,
  0xbc, 0x88, 0xbc, 0xca, 0xbc, 0xca, 0xb4, 0xaa, 0xc4, 0xea, 0xbd, 0x0b,
  0x8b, 0x46, 0x72, 0xa4, 0x83, 0x07, 0x6a, 0x85, 0x6a, 0x64, 0x6a, 0xa5,
  0x72, 0xc5, 0x72, 0xe6, 0x72, 0xa5, 0x62, 0x44, 0x72, 0x85, 0x8b, 0x68,
  0x93, 0x68, 0x83, 0x27, 0xb4, 0x49, 0xcd, 0x2d, 0xdd, 0x2c, 0xd5, 0x4c,
  0xe5, 0x4d, 0xe5, 0x6e, 0xe5, 0x6d, 0xe5, 0x6d, 0xdd, 0x2c, 0xd5, 0x2c,
  0xdd, 0x2c, 0xd5, 0x6d, 0xdd, 0x4c, 0xdd, 0x6c, 0xe5, 0x4b, 0xe5, 0x8c,
  0xed, 0x8c, 0xed, 0xcd, 0xed, 0xed, 0xee, 0x0e, 0xee, 0x0d, 0xee, 0x0d,
  0xed, 0xcd, 0xe5, 0xce, 0xe5, 0xad, 0xe5, 0xcd, 0xed, 0xed, 0xee, 0x4f,
  0xfe, 0x6f, 0xf6, 0x90, 0xfe, 0x90, 0xf6, 0x90, 0xf6, 0x2e, 0xc4, 0xc9,
  0xcc, 0xa9, 0xbc, 0x68, 0xb4, 0x28, 0xb4, 0x28, 0xb3, 0xe7, 0xb4, 0x07,
  0xbc, 0x07, 0xb4, 0x28, 0xc4, 0x69, 0xb4, 0x48, 0xbc, 0x69, 0xbc, 0x89,
  0xc4, 0x67, 0xbc, 0x88, 0xc4, 0x67, 0xcc, 0xc8, 0xd4, 0xc7, 0xd4, 0xe8,
  0xdd, 0x07, 0xdd, 0x28, 0xdd, 0x08, 0xd5, 0x08, 0xcc, 0xc8, 0xcc, 0xc8,
  0xd5, 0x09, 0xcd, 0x2a, 0xc4, 0xa8, 0xb4, 0x47, 0xb4, 0x06, 0xac, 0x06,
  0xb4, 0x27, 0xb4, 0x68, 0xbc, 0x89, 0xb4, 0x89, 0xbc, 0x48, 0xb4, 0x28,
  0x9b, 0xc6, 0x8b, 0x45, 0x9b, 0xa6, 0x9b, 0xc7, 0x93, 0x45, 0x8b, 0x65,
  0x93, 0x65, 0xac, 0x49, 0xbc, 0x47, 0xbc, 0x48, 0xab, 0xc6, 0xb4, 0x08,
  0xe4, 0xe9, 0xcc, 0x67, 0xab, 0x24, 0xb3, 0x86, 0xab, 0x25, 0x92, 0xa3,
  0x9a, 0xa5, 0xa3, 0x26, 0xa3, 0x06, 0x82, 0x23, 0x72, 0x45, 0x6a, 0x24,
  0x72, 0x24, 0x59, 0x82, 0x41, 0x42, 0x41, 0x63, 0x51, 0x84, 0x51, 0xc5,
  0x82, 0x24, 0x92, 0xa7, 0x92, 0x84, 0x92, 0xc6, 0x92, 0xe5, 0x9b, 0x26,
  0xa3, 0x26, 0xa3, 0x46, 0xa3, 0x45, 0x9b, 0x45, 0x93, 0x25, 0x8b, 0x05,
  0x9b, 0x25, 0x9b, 0x46, 0x93, 0x46, 0x6a, 0x22, 0x5a, 0x85, 0x5a, 0xa6,
  0x5a, 0xa5, 0x4a, 0x85, 0x52, 0x85, 0x5a, 0xe6, 0x52, 0x64, 0x42, 0x03,
  0x4a, 0x04, 0x4a, 0x65, 0x41, 0xe4, 0x39, 0xc3, 0x41, 0xa4, 0x41, 0xe5,
  0x41, 0xc3, 0x39, 0xc4, 0x41, 0xa4, 0x39, 0x84, 0x39, 0x83, 0x31, 0x63,
  0x31, 0x42, 0x31, 0xa4, 0x39, 0x84, 0x29, 0x43, 0x29, 0x43, 0x21, 0x43,
  0x29, 0x23, 0x29, 0x84, 0x4a, 0x26, 0x31, 0x84, 0x29, 0x42, 0x29, 0x63,
  0x39, 0x84, 0x39, 0xa5, 0x31, 0x63, 0x31, 0x84, 0x41, 0xc4, 0x4a, 0x26,
  0x49, 0xe4, 0x42, 0x04, 0x49, 0xe4, 0x39, 0xe4, 0x39, 0xc4, 0x39, 0xc4,
  0x41, 0xa4, 0x39, 0xa4, 0x39, 0xa4, 0x31, 0xa4, 0x31, 0x43, 0x29, 0x64,
  0x31, 0x43, 0x31, 0x64, 0x39, 0x63, 0x39, 0xa4, 0x39, 0xc4, 0x31, 0xa4,
  0x39, 0x83, 0x39, 0xc5, 0x39, 0xc4, 0x31, 0xa4, 0x39, 0x84, 0x31, 0x84,
  0x39, 0x63, 0x39, 0x84, 0x39, 0x64, 0x39, 0x85, 0x39, 0x63, 0x41, 0xa5,
  0x41, 0xc4, 0x39, 0xc4, 0x41, 0xc4, 0x39, 0xc4, 0x41, 0xa4, 0x39, 0xc4,
  0xd5, 0x6b, 0xd5, 0x6b, 0xd5, 0x6b, 0xc4, 0xc9, 0xac, 0x49, 0xac, 0x08,
  0xbc, 0xeb, 0xc4, 0xeb, 0xb4, 0xab, 0xbc, 0x8a, 0xc5, 0x0c, 0xcd, 0x2c,
  0xc5, 0x2c, 0xc4, 0xeb, 0xac, 0x49, 0xa3, 0xe7, 0xa3, 0xe8, 0x9b, 0xa7,
  0x93, 0xc8, 0x93, 0x66, 0x8b, 0x67, 0x8b, 0x67, 0x9c, 0x09, 0xac, 0x6a,
  0xa4, 0x29, 0xb4, 0x6a, 0xbc, 0xec, 0xb4, 0x8a, 0xac, 0x49, 0xbc, 0xaa,
  0xbc, 0xca, 0xbc, 0xa9, 0xbc, 0xeb, 0xcd, 0x2b, 0xbc, 0xeb, 0xbc, 0x89,
  0x83, 0x67, 0x6a, 0x83, 0x83, 0x48, 0x6a, 0x85, 0x6a, 0xa5, 0x72, 0xa5,
  0x7b, 0x06, 0x7a, 0xe5, 0x6a, 0xa5, 0x6a, 0x64, 0x72, 0xa6, 0x83, 0x48,
  0x8b, 0x47, 0x93, 0x67, 0xbc, 0xab, 0xcd, 0x0c, 0xd5, 0x2d, 0xd5, 0x0c,
  0xd5, 0x2c, 0xe5, 0x6d, 0xdd, 0x2c, 0xcc, 0xaa, 0xc4, 0xaa, 0xcc, 0xca,
  0xcd, 0x0c, 0xd5, 0x0c, 0xd5, 0x2c, 0xdd, 0x2c, 0xe5, 0xae, 0xed, 0x8d,
  0xe5, 0x8d, 0xed, 0xad, 0xee, 0x0f, 0xed, 0xee, 0xe6, 0x0e, 0xee, 0x0e,
  0xe5, 0xef, 0xe5, 0xad, 0xdd, 0xad, 0xe5, 0xad, 0xe6, 0x0e, 0xf6, 0x4f,
  0xf6, 0x70, 0xfe, 0x90, 0xf6, 0xb1, 0xf6, 0x70, 0xf6, 0x6f, 0xe5, 0x8c,
  0xc4, 0xaa, 0xbc, 0x48, 0xb4, 0x49, 0xb4, 0x08, 0xab, 0xe7, 0xab, 0xc6,
  0xac, 0x07, 0xb4, 0x07, 0xb4, 0x28, 0xb4, 0x28, 0xb4, 0x69, 0xbc, 0x48,
  0xb4, 0x48, 0xc4, 0x68, 0xc4, 0x68, 0xd4, 0xc9, 0xd5, 0x09, 0xdc, 0xe8,
  0xd4, 0xe8, 0xdd, 0x08, 0xd5, 0x09, 0xd4, 0xe8, 0xc4, 0xc9, 0xcc, 0xc9,
  0xcd, 0x2b, 0xcc, 0xca, 0xb4, 0x48, 0xb4, 0x07, 0xac, 0x07, 0xab, 0xe6,
  0xac, 0x48, 0xb4, 0x68, 0xb4, 0x8a, 0xb4, 0x28, 0xb4, 0x28, 0xc4, 0x69,
  0x9b, 0xa7, 0x9b, 0x65, 0x9b, 0xc8, 0x8b, 0x45, 0x8b, 0x46, 0x8b, 0x25,
  0x93, 0x86, 0xb4, 0x28, 0xb4, 0x48, 0xbc, 0x48, 0x9b, 0x44, 0xcc, 0x89,
  0xe5, 0x2a, 0xd4, 0x66, 0x9a, 0xe4, 0xb3, 0x86, 0xa3, 0x26, 0xa2, 0xa4,
  0x9a, 0xa5, 0xb3, 0x47, 0xab, 0x68, 0x8a, 0x43, 0x72, 0x45, 0x69, 0xe4,
  0x6a, 0x25, 0x61, 0xa3, 0x41, 0x64, 0x41, 0x63, 0x51, 0xc4, 0x59, 0xc4,
  0x82, 0x45, 0xa2, 0xe7, 0x92, 0xa5, 0x9a, 0xc5, 0x93, 0x06, 0x92, 0xe5,
  0x92, 0xe5, 0x92, 0xc5, 0x93, 0x25, 0x93, 0x05, 0x8b, 0x05, 0x93, 0x05,
  0x93, 0x05, 0xa3, 0x46, 0x82, 0xe6, 0x6a, 0x22, 0x52, 0xa6, 0x52, 0x65,
  0x4a, 0x85, 0x52, 0x85, 0x52, 0xc6, 0x5a, 0xc6, 0x4a, 0x66, 0x41, 0xe3,
  0x42, 0x05, 0x4a, 0x05, 0x42, 0x05, 0x41, 0xc4, 0x39, 0xa4, 0x39, 0xa4,
  0x39, 0xe5, 0x39, 0xa4, 0x39, 0xa4, 0x39, 0x84, 0x31, 0x84, 0x39, 0x63,
  0x29, 0x43, 0x31, 0x43, 0x31, 0x64, 0x39, 0x64, 0x29, 0x44, 0x31, 0x23,
  0x29, 0x44, 0x31, 0x64, 0x31, 0xa4, 0x39, 0xa4, 0x31, 0xc4, 0x31, 0x83,
  0x31, 0x63, 0x31, 0x43, 0x31, 0x63, 0x41, 0xc4, 0x4a, 0x46, 0x4a, 0x25,
  0x42, 0x05, 0x41, 0xe4, 0x41, 0xe5, 0x41, 0xc4, 0x39, 0xc4, 0x39, 0x83,
  0x39, 0xc4, 0x39, 0x83, 0x39, 0xc5, 0x31, 0x84, 0x29, 0x64, 0x31, 0x43,
  0x31, 0x64, 0x31, 0x43, 0x31, 0x84, 0x41, 0xa5, 0x39, 0xc5, 0x39, 0x84,
  0x31, 0x84, 0x39, 0xa4, 0x39, 0xc5, 0x39, 0xa4, 0x39, 0xa5, 0x31, 0x43,
  0x31, 0x44, 0x39, 0x44, 0x31, 0x64, 0x39, 0x44, 0x31, 0x44, 0x39, 0x64,
  0x39, 0xc5, 0x41, 0xc4, 0x39, 0xc4, 0x39, 0xa3, 0x39, 0xa4, 0x39, 0xa4,
  0xd5, 0x4a, 0xd5, 0x8b, 0xd5, 0x4a, 0xd5, 0x4a, 0xbc, 0x89, 0xb4, 0x69,
  0xb4, 0x49, 0xac, 0x6a, 0xbc, 0xcb, 0xb4, 0x8a, 0xcd, 0x0c, 0xc5, 0x2c,
  0xbc, 0xaa, 0xb4, 0xab, 0xa3, 0xe7, 0x93, 0xc7, 0x8b, 0x25, 0x83, 0x25,
  0x8b, 0x25, 0x8b, 0x46, 0x93, 0x87, 0x9b, 0xe9, 0xac, 0x29, 0xac, 0x4a,
  0xac, 0x08, 0xb4, 0x8a, 0xbc, 0x8a, 0xb4, 0x8a, 0xb4, 0x88, 0xbc, 0xca,
  0xcc, 0xea, 0xcd, 0x2b, 0xcd, 0x4b, 0xc5, 0x0b, 0xc4, 0xea, 0xb4, 0xa9,
  0x93, 0x87, 0x72, 0xc4, 0x8b, 0x47, 0x6a, 0x84, 0x6a, 0x64, 0x7b, 0x06,
  0x83, 0x26, 0x7a, 0xe5, 0x7a, 0xc6, 0x6a, 0x64, 0x6a, 0x64, 0x7b, 0x07,
  0x8b, 0x26, 0xa4, 0x0a, 0xd5, 0x0c, 0xd5, 0x4d, 0xd4, 0xeb, 0xd5, 0x0c,
  0xe5, 0x2b, 0xd5, 0x0b, 0xcc, 0x89, 0xd4, 0xca, 0xd4, 0xeb, 0xd5, 0x2c,
  0xd4, 0xeb, 0xcc, 0xcb, 0xd4, 0xa9, 0xd4, 0xeb, 0xe5, 0x2b, 0xe5, 0x8d,
  0xed, 0x8c, 0xed, 0xad, 0xf6, 0x0e, 0xf6, 0x2f, 0xee, 0x0d, 0xee, 0x2e,
  0xf6, 0x0e, 0xee, 0x0f, 0xe5, 0xcd, 0xee, 0x0e, 0xee, 0x0e, 0xee, 0x2f,
  0xf6, 0x4f, 0xf6, 0x90, 0xfe, 0x90, 0xf6, 0x90, 0xfe, 0x8f, 0xee, 0x2e,
  0xcc, 0x89, 0xc4, 0x89, 0xb4, 0x28, 0xac, 0x07, 0xab, 0xc6, 0xab, 0xe7,
  0xb4, 0x06, 0xb4, 0x27, 0xb4, 0x27, 0xb4, 0x68, 0xbc, 0x48, 0xbc, 0x69,
  0xc4, 0x88, 0xc4, 0xc9, 0xcc, 0x87, 0xcc, 0xe9, 0xdc, 0xe7, 0xd5, 0x08,
  0xdc, 0xe7, 0xd5, 0x08, 0xdd, 0x08, 0xd4, 0xe8, 0xd4, 0xe9, 0xd5, 0x2a,
  0xd5, 0x2b, 0xb4, 0x68, 0xbc, 0x28, 0xa3, 0xe7, 0xb4, 0x07, 0xb4, 0x27,
  0xbc, 0x68, 0xbc, 0xa9, 0xb4, 0x47, 0xb4, 0x48, 0xd5, 0x0a, 0xcd, 0x0a,
  0x9b, 0x65, 0x9b, 0xa6, 0x93, 0x86, 0x8b, 0x66, 0x8b, 0x25, 0x8b, 0x46,
  0xa3, 0xa6, 0xb4, 0x49, 0xbc, 0x48, 0xb4, 0x27, 0xa3, 0x24, 0xdc, 0xeb,
  0xed, 0x09, 0xdc, 0xa7, 0xa2, 0xe4, 0xab, 0x86, 0xab, 0x05, 0xa2, 0xc4,
  0xa2, 0xc5, 0xb3, 0x88, 0xb3, 0x67, 0x8a, 0x43, 0x72, 0x24, 0x6a, 0x24,
  0x72, 0x25, 0x59, 0xc3, 0x41, 0x63, 0x41, 0x64, 0x61, 0xe4, 0x61, 0xe5,
  0x8a, 0x65, 0xa3, 0x48, 0x9a, 0xc4, 0x9b, 0x06, 0x9b, 0x05, 0x93, 0x05,
  0x92, 0xe5, 0x93, 0x05, 0x93, 0x04, 0x93, 0x05, 0x92, 0xe4, 0x93, 0x05,
  0x9b, 0x05, 0xab, 0x87, 0x72, 0x84, 0x6a, 0x63, 0x52, 0x65, 0x52, 0x85,
  0x52, 0x65, 0x52, 0xa6, 0x52, 0xa5, 0x52, 0xc6, 0x4a, 0x44, 0x42, 0x24,
  0x49, 0xe4, 0x4a, 0x25, 0x41, 0xe4, 0x41, 0xe4, 0x41, 0xc4, 0x39, 0xc4,
  0x41, 0xc4, 0x31, 0x84, 0x39, 0xa3, 0x31, 0xa4, 0x41, 0xa4, 0x39, 0x84,
  0x39, 0x63, 0x31, 0x63, 0x39, 0x63, 0x39, 0xa4, 0x39, 0x63, 0x31, 0x63,
  0x31, 0x43, 0x31, 0x64, 0x31, 0x43, 0x39, 0xa5, 0x39, 0xa4, 0x39, 0xa4,
  0x39, 0x84, 0x39, 0xa4, 0x49, 0xe4, 0x4a, 0x25, 0x4a, 0x24, 0x4a, 0x25,
  0x4a, 0x04, 0x42, 0x04, 0x41, 0xe4, 0x39, 0xc4, 0x39, 0xa3, 0x31, 0xa4,
  0x39, 0xa4, 0x31, 0xc4, 0x39, 0xa4, 0x31, 0x84, 0x31, 0x43, 0x29, 0x63,
  0x31, 0x43, 0x31, 0x44, 0x31, 0x43, 0x41, 0xc5, 0x41, 0xe4, 0x39, 0xa4,
  0x39, 0xc4, 0x39, 0xc4, 0x41, 0xc4, 0x39, 0xc4, 0x41, 0x84, 0x39, 0x84,
  0x39, 0x63, 0x39, 0x84, 0x39, 0x64, 0x39, 0x84, 0x39, 0x43, 0x39, 0x84,
  0x41, 0xc4, 0x41, 0xc5, 0x41, 0xe4, 0x39, 0xc4, 0x39, 0xa3, 0x39, 0xa4,
  0xd5, 0x4b, 0xd5, 0x4b, 0xcd, 0x2b, 0xdd, 0x4b, 0xcd, 0x2c, 0xb4, 0x69,
  0x9c, 0x09, 0xac, 0x2a, 0xa4, 0x49, 0xb4, 0x6a, 0xbc, 0xcd, 0xa4, 0x09,
  0xa4, 0x2a, 0xa3, 0xe9, 0x8b, 0x47, 0x83, 0x05, 0x7a, 0xe5, 0x8b, 0x26,
  0x8b, 0x47, 0x9b, 0xa8, 0x9b, 0xe9, 0xa3, 0xe9, 0xa4, 0x29, 0xa3, 0xe9,
  0xac, 0x6a, 0xb4, 0x4a, 0xac, 0x69, 0xbc, 0xaa, 0xc5, 0x0b, 0xcd, 0x2b,
  0xcd, 0x4b, 0xd5, 0x4b, 0xcd, 0x4c, 0xcd, 0x0a, 0xbc, 0xeb, 0xbc, 0xa9,
  0xa4, 0x2a, 0x7a, 0xe5, 0x8b, 0xa9, 0x6a, 0x84, 0x6a, 0x85, 0x7a, 0xe6,
  0x72, 0xc5, 0x72, 0xa4, 0x7b, 0x07, 0x72, 0x85, 0x6a, 0x86, 0x7a, 0xc6,
  0x83, 0x06, 0xc4, 0xcd, 0xd5, 0x4d, 0xdd, 0x6d, 0xd5, 0x2d, 0xdd, 0x2c,
  0xdd, 0x2c, 0xd4, 0xea, 0xd4, 0xeb, 0xd4, 0xaa, 0xcc, 0xcb, 0xcc, 0xca,
  0xcc, 0xeb, 0xcc, 0xaa, 0xd4, 0xcb, 0xdd, 0x0b, 0xe5, 0x6d, 0xe5, 0x6c,
  0xe5, 0x8d, 0xed, 0xad, 0xee, 0x0f, 0xf5, 0xee, 0xee, 0x2f, 0xee, 0x0e,
  0xee, 0x2f, 0xf6, 0x0f, 0xee, 0x0f, 0xee, 0x0e, 0xee, 0x2f, 0xf6, 0x4f,
  0xee, 0x50, 0xfe, 0x91, 0xfe, 0xb1, 0xf6, 0x70, 0xfe, 0x8f, 0xfe, 0x8f,
  0xdd, 0x8d, 0xc4, 0x68, 0xb4, 0x08, 0xb4, 0x28, 0xac, 0x08, 0xb3, 0xe7,
  0xb4, 0x28, 0xb4, 0x27, 0xb4, 0x48, 0xbc, 0x68, 0xbc, 0x69, 0xc4, 0x68,
  0xcc, 0xea, 0xcc, 0xa9, 0xcc, 0xe8, 0xd4, 0xc8, 0xd4, 0xe8, 0xdc, 0xe8,
  0xd4, 0xe8, 0xdc, 0xc8, 0xd4, 0xe9, 0xd4, 0xc8, 0xd5, 0x2a, 0xd5, 0x2a,
  0xb4, 0x68, 0xb4, 0x27, 0xac, 0x08, 0xac, 0x07, 0xac, 0x28, 0xb4, 0x48,
  0xb4, 0x69, 0xb4, 0x28, 0xab, 0xe6, 0xcc, 0xc9, 0xdd, 0x6c, 0xc4, 0x88,
  0x9b, 0xa7, 0x9b, 0xa6, 0x8b, 0x67, 0x8b, 0x46, 0x83, 0x26, 0x93, 0x46,
  0xab, 0xe8, 0xb4, 0x28, 0xb4, 0x48, 0xab, 0xc6, 0xab, 0x86, 0xed, 0x4c,
  0xe5, 0x0a, 0xdc, 0x87, 0x9b, 0x05, 0xab, 0x25, 0xab, 0x25, 0xa2, 0xc4,
  0x9a, 0xc5, 0xbb, 0x88, 0xb3, 0x88, 0x8a, 0x22, 0x6a, 0x25, 0x6a, 0x24,
  0x72, 0x45, 0x61, 0xa3, 0x41, 0x64, 0x49, 0x43, 0x59, 0xe5, 0x61, 0xc4,
  0x8a, 0x86, 0x9a, 0xe7, 0x9a, 0xe6, 0xa3, 0x26, 0x9b, 0x06, 0x9a, 0xe5,
  0x8b, 0x06, 0x92, 0xe6, 0x8a, 0xe5, 0x8a, 0xe5, 0x93, 0x05, 0x9b, 0x05,
  0xa3, 0x66, 0xb3, 0xa7, 0x62, 0x44, 0x62, 0x23, 0x4a, 0x65, 0x4a, 0x65,
  0x4a, 0x85, 0x52, 0xa6, 0x52, 0xc6, 0x52, 0x85, 0x4a, 0x65, 0x42, 0x03,
  0x41, 0xe4, 0x4a, 0x04, 0x42, 0x05, 0x41, 0xc4, 0x39, 0xc4, 0x41, 0xe5,
  0x39, 0xc5, 0x39, 0x84, 0x39, 0xa4, 0x39, 0x63, 0x31, 0x84, 0x39, 0x83,
  0x31, 0x64, 0x39, 0x64, 0x39, 0xa4, 0x49, 0xc4, 0x31, 0xa3, 0x39, 0x83,
  0x31, 0x84, 0x31, 0x63, 0x39, 0xa4, 0x41, 0xa4, 0x41, 0xe5, 0x52, 0x05,
  0x52, 0x46, 0x49, 0xe5, 0x4a, 0x25, 0x4a, 0x25, 0x42, 0x25, 0x4a, 0x25,
  0x42, 0x25, 0x41, 0xe4, 0x3a, 0x05, 0x39, 0xc3, 0x31, 0xa4, 0x39, 0xa4,
  0x39, 0xc5, 0x39, 0xa4, 0x31, 0xa4, 0x31, 0x63, 0x29, 0x64, 0x29, 0x43,
  0x29, 0x44, 0x31, 0x43, 0x29, 0x44, 0x39, 0xa5, 0x42, 0x06, 0x39, 0xa4,
  0x31, 0xc4, 0x39, 0xc4, 0x39, 0xc5, 0x39, 0xa4, 0x39, 0x84, 0x39, 0x63,
  0x31, 0x64, 0x39, 0x64, 0x31, 0x64, 0x39, 0x63, 0x31, 0x64, 0x39, 0x43,
  0x39, 0xa5, 0x41, 0xa4, 0x39, 0xc4, 0x39, 0xa4, 0x39, 0xc5, 0x39, 0x84,
  0xcd, 0x09, 0xcd, 0x2a, 0xd5, 0x2a, 0xd5, 0x4b, 0xd5, 0x6c, 0xc5, 0x0b,
  0xb4, 0x69, 0xb4, 0x8a, 0xbc, 0xcb, 0xa4, 0x29, 0x93, 0x67, 0x8b, 0x46,
  0x93, 0x46, 0x93, 0x87, 0x8b, 0x26, 0x7a, 0xe5, 0x82, 0xe5, 0x8b, 0x46,
  0x93, 0x46, 0x93, 0x87, 0xa3, 0xe8, 0xac, 0x6a, 0xb4, 0x49, 0xac, 0x4a,
  0xac, 0x29, 0xac, 0x49, 0xb4, 0x69, 0xcd, 0x4c, 0xd5, 0x8b, 0xd5, 0x8b,
  0xd5, 0x6a, 0xd5, 0x6b, 0xcd, 0x2a, 0xcd, 0x4b, 0xc4, 0xca, 0xbc, 0xa9,
  0xac, 0x49, 0x83, 0x25, 0x93, 0xa8, 0x6a, 0x84, 0x72, 0x84, 0x83, 0x47,
  0x8b, 0x26, 0x72, 0xa4, 0x7b, 0x06, 0x72, 0xe6, 0x72, 0xa6, 0x6a, 0xa6,
  0xac, 0x29, 0xd5, 0x8f, 0xdd, 0x6d, 0xe5, 0xae, 0xe5, 0xae, 0xdd, 0x8e,
  0xe5, 0x4c, 0xe5, 0x6c, 0xdd, 0x0b, 0xd4, 0xea, 0xd4, 0xaa, 0xcc, 0xcb,
  0xd4, 0xaa, 0xd5, 0x0c, 0xe5, 0x2b, 0xe5, 0x4c, 0xe5, 0x6c, 0xe5, 0x6d,
  0xe5, 0x6c, 0xed, 0xcd, 0xf5, 0xcd, 0xed, 0xce, 0xf6, 0x0e, 0xf6, 0x0e,
  0xf5, 0xee, 0xf6, 0x0f, 0xf6, 0x0f, 0xf6, 0x2f, 0xf6, 0x2f, 0xee, 0x4f,
  0xf6, 0x6f, 0xf6, 0x90, 0xfe, 0x6f, 0xfe, 0x90, 0xfe, 0x8e, 0xfe, 0x8f,
  0xfe, 0x2e, 0xbc, 0x88, 0xc4, 0x68, 0xb4, 0x28, 0xb4, 0x27, 0xb4, 0x28,
  0xbc, 0x27, 0xbc, 0x48, 0xc4, 0x88, 0xbc, 0x89, 0xc4, 0xa8, 0xc4, 0xc9,
  0xcc, 0xc8, 0xcc, 0xe9, 0xcc, 0xa7, 0xcc, 0xe8, 0xdc, 0xe8, 0xd5, 0x08,
  0xdc, 0xe8, 0xdd, 0x09, 0xdd, 0x08, 0xdd, 0x29, 0xdd, 0x6b, 0xbc, 0xa9,
  0xb4, 0x27, 0xac, 0x28, 0xac, 0x07, 0xac, 0x07, 0xb4, 0x27, 0xbc, 0xa9,
  0xbc, 0x68, 0xa4, 0x06, 0xcc, 0x87, 0xe5, 0x8c, 0xd5, 0x09, 0xb4, 0x26,
  0x9b, 0xa6, 0x93, 0xa6, 0x83, 0x05, 0x83, 0x26, 0x93, 0x25, 0x9b, 0xa8,
  0xb4, 0x27, 0xb4, 0x69, 0xb4, 0x27, 0xa3, 0xa5, 0xc3, 0xe6, 0xed, 0x6c,
  0xed, 0x09, 0xe4, 0xe8, 0xa3, 0x04, 0xab, 0x66, 0xb3, 0x25, 0xa3, 0x05,
  0xaa, 0xe5, 0xb3, 0x88, 0xbb, 0x88, 0x8a, 0x43, 0x72, 0x24, 0x6a, 0x24,
  0x72, 0x24, 0x61, 0xe3, 0x49, 0x63, 0x49, 0x63, 0x61, 0xe4, 0x62, 0x05,
  0x8a, 0x65, 0x92, 0xc7, 0xa2, 0xe5, 0xa3, 0x26, 0x9b, 0x05, 0x93, 0x05,
  0x93, 0x05, 0x82, 0xc5, 0x8a, 0xc4, 0x93, 0x05, 0x9b, 0x04, 0x9b, 0x45,
  0xb3, 0xa7, 0xab, 0x86, 0x62, 0x43, 0x5a, 0x44, 0x4a, 0x65, 0x42, 0x45,
  0x4a, 0x44, 0x52, 0xa6, 0x52, 0x85, 0x52, 0xa5, 0x4a, 0x44, 0x42, 0x24,
  0x49, 0xe4, 0x4a, 0x25, 0x41, 0xe4, 0x42, 0x05, 0x41, 0xa3, 0x41, 0xe5,
  0x41, 0xe5, 0x39, 0xa4, 0x39, 0xa4, 0x31, 0x84, 0x39, 0x83, 0x39, 0xa4,
  0x39, 0x63, 0x39, 0x63, 0x41, 0xa3, 0x41, 0xe5, 0x4a, 0x24, 0x42, 0x04,
  0x4a, 0x04, 0x4a, 0x45, 0x5a, 0x65, 0x5a, 0x65, 0x52, 0x44, 0x52, 0x65,
  0x52, 0x44, 0x4a, 0x24, 0x4a, 0x04, 0x42, 0x24, 0x4a, 0x24, 0x42, 0x04,
  0x42, 0x04, 0x42, 0x05, 0x42, 0x04, 0x39, 0xe4, 0x31, 0x83, 0x39, 0xc4,
  0x41, 0xe4, 0x39, 0xc5, 0x39, 0xa4, 0x31, 0x63, 0x31, 0x43, 0x29, 0x43,
  0x31, 0x43, 0x31, 0x64, 0x31, 0x43, 0x39, 0xa5, 0x41, 0xc4, 0x39, 0xc4,
  0x39, 0xc4, 0x39, 0xe4, 0x39, 0xa4, 0x31, 0xa4, 0x39, 0x84, 0x39, 0x84,
  0x39, 0x63, 0x31, 0x64, 0x39, 0x64, 0x39, 0x84, 0x39, 0x43, 0x31, 0x43,
  0x41, 0xa4, 0x39, 0xc5, 0x41, 0xa4, 0x41, 0xe4, 0x41, 0xa4, 0x39, 0xa4,
  0xc5, 0x29, 0xcd, 0x29, 0xc5, 0x0a, 0xcd, 0x2a, 0xd5, 0x6c, 0xcc, 0xea,
  0xb4, 0x69, 0xc4, 0xca, 0x9b, 0xe8, 0x7a, 0xc4, 0x7a, 0xc5, 0x83, 0x05,
  0x9b, 0xa7, 0xac, 0x08, 0x83, 0x05, 0x82, 0xe4, 0x83, 0x06, 0x93, 0x46,
  0x8b, 0x67, 0x9b, 0xa8, 0xa4, 0x4a, 0xb4, 0x6a, 0xb4, 0x8b, 0xb4, 0x6a,
  0xa4, 0x29, 0xb4, 0x6a, 0xac, 0x69, 0xd5, 0x6d, 0xd5, 0xad, 0xd5, 0x4b,
  0xcd, 0x4b, 0xd5, 0x2a, 0xcd, 0x4b, 0xcd, 0x2a, 0xbc, 0xea, 0xbc, 0x89,
  0xa4, 0x4a, 0x8b, 0x45, 0x93, 0xc9, 0x72, 0x84, 0x6a, 0xa5, 0x8b, 0x48,
  0x83, 0x47, 0x83, 0x05, 0x6a, 0xa5, 0x6a, 0x64, 0x6a, 0x85, 0x72, 0xa5,
  0xac, 0x4a, 0xd5, 0x6f, 0xd5, 0x8e, 0xe5, 0xaf, 0xe5, 0xf0, 0xe5, 0xcf,
  0xdd, 0x8d, 0xe5, 0x8d, 0xdd, 0x6d, 0xd4, 0xeb, 0xd4, 0xcb, 0xd4, 0xaa,
  0xd4, 0xec, 0xdd, 0x0c, 0xe5, 0x6e, 0xed, 0x8e, 0xe5, 0xae, 0xe5, 0x8d,
  0xe5, 0xce, 0xed, 0xad, 0xed, 0xce, 0xf5, 0xce, 0xed, 0xce, 0xf5, 0xee,
  0xf6, 0x2f, 0xf6, 0x0f, 0xee, 0x2f, 0xf6, 0x0f, 0xf6, 0x50, 0xf6, 0x4f,
  0xee, 0x4f, 0xfe, 0x90, 0xfe, 0x90, 0xfe, 0x6f, 0xf6, 0x4e, 0xfe, 0x8f,
  0xfe, 0x90, 0xd5, 0x0a, 0xb4, 0x28, 0xbc, 0x08, 0xac, 0x28, 0xb4, 0x27,
  0xbc, 0x69, 0xbc, 0x68, 0xc4, 0xa9, 0xc4, 0x89, 0xc4, 0xa9, 0xcc, 0xa8,
  0xc4, 0xc9, 0xc4, 0x88, 0xcc, 0xe9, 0xd4, 0xc9, 0xd4, 0xe9, 0xdd, 0x09,
  0xdd, 0x09, 0xdd, 0x08, 0xdd, 0x4a, 0xe5, 0x6a, 0xbc, 0xaa, 0xac, 0x08,
  0xa4, 0x29, 0xac, 0x08, 0xa3, 0xe7, 0xab, 0xe7, 0xac, 0x48, 0xbc, 0x88,
  0xac, 0x27, 0xbc, 0x67, 0xe5, 0x6b, 0xe5, 0x4b, 0xcc, 0xea, 0xa3, 0xa4,
  0x93, 0xa7, 0x8b, 0x25, 0x7b, 0x06, 0x83, 0x26, 0x93, 0x66, 0xa3, 0xa7,
  0xac, 0x28, 0xb4, 0x27, 0xab, 0xe7, 0xa3, 0x86, 0xdd, 0x0a, 0xf5, 0x6c,
  0xed, 0x29, 0xd4, 0x66, 0x9a, 0xe4, 0xbb, 0xc7, 0xb3, 0xa7, 0xa2, 0xe4,
  0xa2, 0xe6, 0xab, 0x06, 0xab, 0x27, 0x8a, 0x23, 0x72, 0x45, 0x72, 0x24,
  0x7a, 0x66, 0x69, 0xc3, 0x49, 0x63, 0x49, 0x83, 0x61, 0xe5, 0x6a, 0x05,
  0x82, 0x65, 0x9a, 0xc6, 0xa3, 0x06, 0xab, 0x26, 0x9b, 0x26, 0x9b, 0x05,
  0x8a, 0xe6, 0x8a, 0xc5, 0x93, 0x06, 0x9b, 0x26, 0xa3, 0x66, 0xb3, 0x86,
  0xb4, 0x08, 0x9b, 0x04, 0x5a, 0x45, 0x51, 0xe3, 0x42, 0x45, 0x4a, 0x45,
  0x4a, 0x66, 0x52, 0x85, 0x4a, 0x86, 0x4a, 0x65, 0x4a, 0x45, 0x41, 0xe3,
  0x41, 0xe4, 0x4a, 0x04, 0x39, 0xe4, 0x41, 0xe4, 0x39, 0xc4, 0x41, 0xc4,
  0x39, 0xe5, 0x39, 0x83, 0x39, 0xa4, 0x31, 0x63, 0x31, 0x84, 0x39, 0x84,
  0x39, 0x63, 0x39, 0x63, 0x39, 0x84, 0x49, 0xc5, 0x42, 0x05, 0x4a, 0x04,
  0x42, 0x25, 0x4a, 0x45, 0x52, 0x85, 0x5a, 0x85, 0x4a, 0x44, 0x52, 0x44,
  0x4a, 0x25, 0x41, 0xe3, 0x42, 0x05, 0x4a, 0x04, 0x42, 0x25, 0x42, 0x04,
  0x42, 0x04, 0x41, 0xe4, 0x39, 0xe4, 0x39, 0xc3, 0x31, 0x84, 0x31, 0x83,
  0x39, 0xc5, 0x39, 0xa4, 0x31, 0x84, 0x31, 0x43, 0x29, 0x64, 0x31, 0x43,
  0x29, 0x44, 0x31, 0x23, 0x29, 0x44, 0x31, 0x44, 0x31, 0xc4, 0x39, 0xc4,
  0x31, 0xc5, 0x39, 0xc4, 0x31, 0xa4, 0x39, 0x84, 0x39, 0x84, 0x31, 0x43,
  0x31, 0x64, 0x39, 0x64, 0x39, 0x85, 0x31, 0x44, 0x31, 0x44, 0x31, 0x23,
  0x39, 0xa4, 0x39, 0xa4, 0x39, 0xc4, 0x41, 0xc4, 0x39, 0xa5, 0x39, 0x84,
  0xcd, 0x29, 0xcd, 0x49, 0xd5, 0x49, 0xcd, 0x4a, 0xd5, 0x4a, 0xcd, 0x6b,
  0xcc, 0xe9, 0xbc, 0xa9, 0xa3, 0xe7, 0x9b, 0xc7, 0xb4, 0x49, 0xc5, 0x0c,
  0xdd, 0x4c, 0xbc, 0x69, 0x9b, 0x66, 0x8b, 0x46, 0x9b, 0x87, 0x93, 0x66,
  0x93, 0x45, 0xa4, 0x09, 0xb4, 0x6a, 0xac, 0x49, 0xb4, 0x69, 0xac, 0x69,
  0xb4, 0x69, 0xb4, 0x8a, 0xbc, 0xca, 0xcd, 0x6d, 0xd5, 0x6b, 0xd5, 0x6c,
  0xd5, 0x6b, 0xd5, 0x6b, 0xd5, 0x6b, 0xd5, 0x6c, 0xc4, 0xea, 0xb4, 0xa9,
  0xac, 0x29, 0x8b, 0x45, 0x9b, 0xe9, 0x72, 0xa5, 0x72, 0xa5, 0x83, 0x88,
  0x7a, 0xc5, 0x83, 0x26, 0x83, 0x06, 0x72, 0xa5, 0x7a, 0xc5, 0x8b, 0x47,
  0xa3, 0xe8, 0xcd, 0x4e, 0xdd, 0xae, 0xe5, 0xf0, 0xee, 0x10, 0xe5, 0xf0,
  0xe5, 0xad, 0xe5, 0xce, 0xed, 0xad, 0xdd, 0x6c, 0xe5, 0x0b, 0xdd, 0x2b,
  0xdd, 0x0c, 0xe5, 0x6e, 0xed, 0xae, 0xed, 0xcf, 0xed, 0xae, 0xed, 0xcf,
  0xf5, 0xed, 0xed, 0xee, 0xf5, 0xcd, 0xed, 0xce, 0xf5, 0xcd, 0xf5, 0xee,
  0xf5, 0xee, 0xf6, 0x4f, 0xf6, 0x2f, 0xf6, 0x2f, 0xfe, 0x70, 0xf6, 0x70,
  0xfe, 0x6f, 0xf6, 0x90, 0xfe, 0x8f, 0xfe, 0x8f, 0xfe, 0x6e, 0xfe, 0x8f,
  0xfe, 0x8f, 0xee, 0x0e, 0xbc, 0x27, 0xb4, 0x48, 0xb4, 0x27, 0xbc, 0x89,
  0xc4, 0x68, 0xc4, 0x89, 0xc4, 0x68, 0xc4, 0x89, 0xcc, 0xa8, 0xcc, 0xc9,
  0xcc, 0xa8, 0xc4, 0x88, 0xcc, 0xa8, 0xcc, 0xe9, 0xdc, 0xc8, 0xdd, 0x09,
  0xdd, 0x08, 0xdd, 0x49, 0xd5, 0x09, 0xbc, 0x87, 0xa3, 0xe7, 0xa4, 0x08,
  0xa3, 0xe8, 0xa4, 0x09, 0xa3, 0xc6, 0xac, 0x49, 0xc4, 0x88, 0xb4, 0x27,
  0xbc, 0x26, 0xd5, 0x4a, 0xed, 0x8a, 0xd4, 0xc8, 0xc4, 0x68, 0x9b, 0x64,
  0x93, 0xa7, 0x83, 0x25, 0x83, 0x25, 0x83, 0x46, 0xa3, 0xa6, 0xa4, 0x08,
  0xb4, 0x27, 0xa3, 0xe6, 0xab, 0xc6, 0xab, 0xe7, 0xed, 0x4a, 0xf5, 0x8c,
  0xf5, 0x29, 0xdc, 0xa7, 0xa3, 0x04, 0xb3, 0xc7, 0xbb, 0xa6, 0xa3, 0x04,
  0xaa, 0xe5, 0xb3, 0x67, 0xb3, 0x67, 0x92, 0x84, 0x7a, 0x24, 0x7a, 0x65,
  0x7a, 0x64, 0x6a, 0x04, 0x51, 0x62, 0x51, 0xa3, 0x69, 0xe4, 0x6a, 0x05,
  0x82, 0x23, 0x92, 0xc6, 0xab, 0x26, 0xab, 0x47, 0xa3, 0x26, 0x9b, 0x05,
  0x92, 0xc5, 0x8a, 0xe5, 0x9b, 0x05, 0xa3, 0x67, 0xb3, 0x65, 0xbb, 0xc6,
  0xbb, 0xe7, 0x82, 0x82, 0x5a, 0x24, 0x49, 0xe3, 0x4a, 0x45, 0x4a, 0x45,
  0x52, 0x65, 0x52, 0xc7, 0x52, 0x85, 0x4a, 0x85, 0x52, 0x64, 0x42, 0x24,
  0x41, 0xc3, 0x4a, 0x25, 0x41, 0xc3, 0x41, 0xe4, 0x41, 0xc4, 0x41, 0xe4,
  0x4a, 0x05, 0x39, 0xa4, 0x41, 0xa4, 0x31, 0x84, 0x39, 0x83, 0x39, 0x84,
  0x41, 0x63, 0x41, 0xa4, 0x41, 0x63, 0x49, 0xc5, 0x4a, 0x04, 0x42, 0x04,
  0x42, 0x04, 0x42, 0x25, 0x52, 0x85, 0x52, 0x85, 0x4a, 0x24, 0x4a, 0x44,
  0x4a, 0x24, 0x42, 0x04, 0x4a, 0x05, 0x42, 0x25, 0x4a, 0x24, 0x4a, 0x45,
  0x42, 0x04, 0x42, 0x04, 0x41, 0xe4, 0x39, 0xc4, 0x39, 0xa3, 0x31, 0xa3,
  0x39, 0xa3, 0x39, 0xe4, 0x39, 0x83, 0x29, 0x63, 0x31, 0x43, 0x31, 0x44,
  0x31, 0x23, 0x31, 0x64, 0x31, 0x43, 0x31, 0x64, 0x39, 0xc4, 0x42, 0x05,
  0x39, 0xc4, 0x39, 0xe4, 0x39, 0xc4, 0x31, 0xa4, 0x39, 0x84, 0x31, 0x84,
  0x39, 0x63, 0x39, 0x84, 0x39, 0x84, 0x31, 0x64, 0x39, 0x44, 0x31, 0x43,
  0x39, 0x83, 0x39, 0xc5, 0x41, 0xc4, 0x41, 0xe4, 0x41, 0xa4, 0x39, 0xa4,
  0xcd, 0x4a, 0xd5, 0x4a, 0xd5, 0x6b, 0xd5, 0x4a, 0xd5, 0x8c, 0xd5, 0x6b,
  0xcd, 0x4b, 0xcd, 0x0a, 0xcd, 0x4c, 0xd5, 0x4b, 0xd5, 0xac, 0xd5, 0x6b,
  0xd5, 0x4b, 0xc4, 0x88, 0x9b, 0x87, 0xa3, 0x87, 0x9b, 0xe8, 0x9b, 0x87,
  0x8b, 0x46, 0xa3, 0xc8, 0xb4, 0xcb, 0xb4, 0x6a, 0xb4, 0x8b, 0xc4, 0xcb,
  0xb4, 0xaa, 0xbc, 0xcb, 0xb4, 0xaa, 0xcd, 0x4c, 0xd5, 0x8c, 0xd5, 0x6b,
  0xd5, 0x6c, 0xd5, 0x4b, 0xcd, 0x6d, 0xcd, 0x4c, 0xc5, 0x2b, 0xbc, 0x89,
  0xac, 0x4a, 0x93, 0x66, 0x93, 0xc9, 0x72, 0x84, 0x72, 0xc6, 0x83, 0x27,
  0x72, 0xc6, 0x72, 0xa5, 0x7b, 0x07, 0x7a, 0xe6, 0x83, 0x27, 0x9b, 0xc9,
  0x93, 0xa8, 0xbc, 0xcc, 0xdd, 0xd0, 0xe5, 0xf0, 0xe6, 0x11, 0xee, 0x11,
  0xe5, 0xef, 0xe5, 0xef, 0xe5, 0xce, 0xe5, 0xad, 0xdd, 0x6d, 0xe5, 0x8d,
  0xe5, 0x8e, 0xe5, 0x8e, 0xe5, 0x8f, 0xed, 0xae, 0xe5, 0xcf, 0xed, 0xce,
  0xed, 0xee, 0xed, 0xee, 0xed, 0xee, 0xed, 0xcd, 0xed, 0xce, 0xf5, 0xce,
  0xf6, 0x0f, 0xfe, 0x4f, 0xee, 0x4f, 0xf6, 0x4f, 0xf6, 0x90, 0xf6, 0x6f,
  0xf6, 0x70, 0xf6, 0x70, 0xf6, 0x6f, 0xfe, 0x4f, 0xfe, 0x90, 0xfe, 0x6f,
  0xfe, 0x8f, 0xfe, 0x6e, 0xcc, 0xea, 0xb4, 0x06, 0xb4, 0x48, 0xbc, 0x68,
  0xb4, 0x68, 0xc4, 0x89, 0xbc, 0xa9, 0xbc, 0x88, 0xc4, 0xa9, 0xcc, 0x88,
  0xc4, 0xa9, 0xc4, 0x68, 0xc4, 0x88, 0xcc, 0xa9, 0xdc, 0xe9, 0xe5, 0x09,
  0xdd, 0x09, 0xdd, 0x08, 0xac, 0x28, 0x9b, 0x85, 0xa4, 0x29, 0x9b, 0xc7,
  0x9b, 0xc8, 0x9b, 0xa8, 0xa3, 0xe8, 0xb4, 0x49, 0xac, 0x07, 0xab, 0xe6,
  0xd4, 0xe9, 0xed, 0x6a, 0xdd, 0x29, 0xcc, 0x86, 0xa3, 0xe7, 0x9b, 0x45,
  0x8b, 0xa8, 0x7b, 0x05, 0x83, 0x46, 0x93, 0x87, 0x9b, 0xa7, 0xa3, 0xc7,
  0xac, 0x28, 0xa3, 0xc6, 0xa3, 0xc7, 0xbc, 0x28, 0xf5, 0x8c, 0xf5, 0x4b,
  0xe5, 0x2a, 0xd4, 0x67, 0x9b, 0x25, 0xb3, 0xa6, 0xb3, 0x87, 0xab, 0x25,
  0xab, 0x05, 0xbb, 0x46, 0xb3, 0xa8, 0x92, 0x83, 0x7a, 0x86, 0x7a, 0x45,
  0x72, 0x85, 0x6a, 0x03, 0x51, 0xa3, 0x61, 0xe4, 0x69, 0xe4, 0x72, 0x05,
  0x82, 0x24, 0x9a, 0xc6, 0xa3, 0x27, 0xab, 0x27, 0x9b, 0x06, 0x9a, 0xe5,
  0x8a, 0xc5, 0x9b, 0x06, 0x93, 0x26, 0xa3, 0x67, 0xb3, 0x86, 0xc4, 0x07,
  0xa3, 0x87, 0x7a, 0x42, 0x52, 0x86, 0x4a, 0x03, 0x42, 0x45, 0x4a, 0x45,
  0x42, 0x45, 0x4a, 0x45, 0x4a, 0x85, 0x52, 0x85, 0x4a, 0x65, 0x4a, 0x44,
  0x42, 0x04, 0x52, 0x86, 0x42, 0x05, 0x41, 0xa3, 0x39, 0xe5, 0x41, 0xa4,
  0x39, 0xc5, 0x39, 0x84, 0x39, 0xa4, 0x39, 0x84, 0x39, 0x84, 0x39, 0x84,
  0x39, 0x64, 0x41, 0xa4, 0x39, 0x83, 0x49, 0xc4, 0x42, 0x25, 0x41, 0xe4,
  0x42, 0x24, 0x4a, 0x24, 0x52, 0x86, 0x52, 0x65, 0x4a, 0x44, 0x52, 0x44,
  0x4a, 0x45, 0x41, 0xe3, 0x42, 0x25, 0x4a, 0x25, 0x42, 0x45, 0x42, 0x24,
  0x42, 0x25, 0x42, 0x04, 0x39, 0xe5, 0x39, 0xe4, 0x31, 0xc4, 0x31, 0xa3,
  0x39, 0xc5, 0x39, 0xc4, 0x31, 0x84, 0x31, 0x63, 0x31, 0x65, 0x31, 0x23,
  0x31, 0x44, 0x31, 0x23, 0x29, 0x44, 0x31, 0x64, 0x31, 0xa4, 0x39, 0xc5,
  0x39, 0xc5, 0x39, 0xc4, 0x39, 0xc5, 0x31, 0x83, 0x31, 0x84, 0x39, 0x84,
  0x31, 0x44, 0x39, 0x64, 0x39, 0xa5, 0x39, 0x84, 0x31, 0x44, 0x39, 0x23,
  0x39, 0x84, 0x41, 0xa5, 0x39, 0xa5, 0x41, 0xa4, 0x39, 0xa4, 0x39, 0x84,
  0xd5, 0x4a, 0xcd, 0x6a, 0xd5, 0x29, 0xcd, 0x6a, 0xd5, 0x4a, 0xcd, 0x4a,
  0xd5, 0x4a, 0xd5, 0x8b, 0xdd, 0x8c, 0xd5, 0x8c, 0xdd, 0x8b, 0xd5, 0x6b,
  0xd5, 0x0a, 0xbc, 0x67, 0xab, 0xa7, 0xa3, 0xa7, 0x9b, 0x66, 0xac, 0x09,
  0xa3, 0xc7, 0xa4, 0x08, 0xbc, 0x8a, 0xb4, 0x8a, 0xc4, 0xeb, 0xc5, 0x2c,
  0xbc, 0xca, 0xbc, 0xeb, 0xbc, 0xca, 0xc5, 0x2c, 0xd5, 0x8b, 0xd5, 0x8c,
  0xdd, 0x6b, 0xd5, 0x8b, 0xdd, 0x8c, 0xd5, 0x6c, 0xcd, 0x2a, 0xbc, 0xc9,
  0xb4, 0x89, 0x9b, 0xe7, 0x9b, 0xa8, 0x7a, 0xc4, 0x83, 0x26, 0x83, 0x47,
  0x82, 0xe5, 0x7a, 0xc5, 0x72, 0xc5, 0x6a, 0x84, 0x7a, 0xe5, 0x83, 0x67,
  0x93, 0x67, 0x9c, 0x2a, 0xdd, 0xaf, 0xdd, 0xf0, 0xe6, 0x10, 0xe6, 0x31,
  0xee, 0x0f, 0xe6, 0x0f, 0xed, 0xee, 0xe5, 0xee, 0xe5, 0x8d, 0xe5, 0xce,
  0xed, 0xae, 0xe5, 0xaf, 0xed, 0xaf, 0xed, 0xcf, 0xed, 0xce, 0xe5, 0xce,
  0xed, 0xad, 0xed, 0xee, 0xed, 0xcd, 0xed, 0xee, 0xf5, 0xcd, 0xf5, 0xee,
  0xf5, 0xee, 0xf6, 0x2f, 0xfe, 0x4f, 0xf6, 0x4f, 0xfe, 0x6f, 0xf6, 0x90,
  0xfe, 0x70, 0xf6, 0x90, 0xfe, 0x8f, 0xf6, 0x6f, 0xfe, 0x8f, 0xfe, 0xb0,
  0xfe, 0x6e, 0xfe, 0x8f, 0xed, 0xed, 0xb4, 0x26, 0xbc, 0x27, 0xb4, 0x48,
  0xbc, 0x68, 0xbc, 0x89, 0xc4, 0x88, 0xc4, 0xa8, 0xc4, 0x68, 0xc4, 0xa9,
  0xc4, 0x68, 0xc4, 0x68, 0xcc, 0x88, 0xcc, 0xa9, 0xdc, 0xe8, 0xd4, 0xe8,
  0xdd, 0x08, 0xcc, 0xa7, 0x9b, 0x85, 0x9b, 0x86, 0x9b, 0xc7, 0x93, 0xc7,
  0x9b, 0x87, 0x9b, 0xe8, 0xb4, 0x48, 0xac, 0x48, 0xb3, 0xe5, 0xcc, 0xe9,
  0xed, 0x69, 0xe5, 0x49, 0xd4, 0xa7, 0xcc, 0xa7, 0x9b, 0x65, 0x93, 0x86,
  0x8b, 0x86, 0x83, 0x46, 0x8b, 0x45, 0x8b, 0x66, 0xa3, 0x85, 0xac, 0x07,
  0xab, 0xe6, 0x9b, 0xa5, 0xa3, 0x85, 0xbc, 0x69, 0xfd, 0x8b, 0xed, 0x6a,
  0xed, 0x29, 0xcc, 0x66, 0xab, 0x44, 0xb3, 0xc6, 0xc3, 0xc6, 0xb3, 0x65,
  0xb3, 0x45, 0xbb, 0xc7, 0xbb, 0xa7, 0x92, 0xa3, 0x82, 0x65, 0x7a, 0x65,
  0x7a, 0x64, 0x72, 0x44, 0x61, 0xa3, 0x6a, 0x05, 0x71, 0xe4, 0x72, 0x25,
  0x8a, 0x44, 0x92, 0xc6, 0xa3, 0x06, 0xa3, 0x06, 0xa3, 0x06, 0x9b, 0x06,
  0x92, 0xe5, 0x93, 0x26, 0xab, 0x46, 0xa3, 0x66, 0xc3, 0xc6, 0xc4, 0x07,
  0x82, 0xa4, 0x72, 0x42, 0x52, 0x44, 0x4a, 0x44, 0x4a, 0x44, 0x4a, 0x65,
  0x52, 0x65, 0x4a, 0x86, 0x4a, 0x64, 0x52, 0xa6, 0x4a, 0x44, 0x42, 0x24,
  0x41, 0xe3, 0x4a, 0x65, 0x42, 0x04, 0x42, 0x04, 0x41, 0xc4, 0x41, 0xe5,
  0x41, 0xa4, 0x31, 0x83, 0x41, 0xa4, 0x31, 0x84, 0x39, 0x84, 0x31, 0x84,
  0x39, 0x83, 0x41, 0xc4, 0x49, 0x83, 0x49, 0xe5, 0x4a, 0x24, 0x42, 0x04,
  0x42, 0x24, 0x42, 0x45, 0x5a, 0x85, 0x52, 0x85, 0x52, 0x44, 0x52, 0x85,
  0x4a, 0x24, 0x42, 0x04, 0x4a, 0x24, 0x4a, 0x65, 0x52, 0x44, 0x4a, 0x24,
  0x4a, 0x24, 0x3a, 0x04, 0x42, 0x04, 0x39, 0xe4, 0x39, 0xa3, 0x31, 0xa4,
  0x39, 0xc4, 0x39, 0xe5, 0x31, 0x83, 0x31, 0x84, 0x31, 0x43, 0x29, 0x64,
  0x31, 0x43, 0x29, 0x64, 0x31, 0x43, 0x31, 0x84, 0x41, 0xe5, 0x39, 0xc5,
  0x39, 0xa4, 0x39, 0xe5, 0x41, 0xc4, 0x39, 0xc4, 0x39, 0xa4, 0x31, 0xa4,
  0x39, 0x64, 0x31, 0x64, 0x39, 0x84, 0x39, 0x84, 0x39, 0x43, 0x39, 0x43,
  0x41, 0x64, 0x41, 0xc5, 0x41, 0xa4, 0x41, 0xc5, 0x41, 0xc4, 0x39, 0xa4,
  0xcd, 0x4a, 0xcd, 0x09, 0xcd, 0x2a, 0xcd, 0x29, 0xcd, 0x2a, 0xcd, 0x09,
  0xcd, 0x4b, 0xd5, 0x6b, 0xd5, 0x6b, 0xd5, 0x6b, 0xd5, 0x8b, 0xd5, 0x4a,
  0xd5, 0x2b, 0xbc, 0x47, 0x9b, 0xa7, 0xa3, 0xa7, 0x93, 0xa7, 0xa4, 0x08,
  0xb4, 0x6a, 0xb4, 0x69, 0xac, 0x6a, 0xcd, 0x2c, 0xc5, 0x2c, 0xc5, 0x0b,
  0xbd, 0x0c, 0xbc, 0xca, 0xbc, 0xeb, 0xcd, 0x0c, 0xd5, 0x8c, 0xdd, 0x8c,
  0xd5, 0x8c, 0xdd, 0x6b, 0xd5, 0x8c, 0xd5, 0x6b, 0xcd, 0x6c, 0xbc, 0xa9,
  0xb4, 0xca, 0xa4, 0x07, 0x9b, 0xe9, 0x8b, 0x25, 0x9b, 0xe9, 0x93, 0x47,
  0x7b, 0x05, 0x82, 0xe5, 0x7b, 0x06, 0x72, 0xa5, 0x72, 0xe6, 0x72, 0xc5,
  0x72, 0xe7, 0x8b, 0x48, 0xd5, 0xaf, 0xdd, 0xd0, 0xe6, 0x10, 0xee, 0x30,
  0xe6, 0x10, 0xed, 0xef, 0xe5, 0xef, 0xed, 0xcf, 0xe5, 0xcf, 0xe5, 0xaf,
  0xe5, 0xd0, 0xe5, 0xaf, 0xe5, 0xcf, 0xed, 0xcf, 0xe5, 0xcf, 0xe5, 0xae,
  0xe5, 0xce, 0xed, 0xce, 0xe5, 0xce, 0xed, 0xce, 0xed, 0xee, 0xed, 0xce,
  0xed, 0xee, 0xf6, 0x0e, 0xee, 0x2f, 0xfe, 0x4f, 0xf6, 0x70, 0xfe, 0x70,
  0xfe, 0xb1, 0xfe, 0x70, 0xf6, 0x90, 0xfe, 0x8f, 0xfe, 0x90, 0xfe, 0x8f,
  0xf6, 0x6e, 0xfe, 0x6e, 0xf6, 0x4e, 0xc4, 0x87, 0xb4, 0x28, 0xbc, 0x28,
  0xb4, 0x69, 0xbc, 0x69, 0xbc, 0x88, 0xc4, 0x67, 0xbc, 0x68, 0xc4, 0x68,
  0xc4, 0x69, 0xc4, 0x69, 0xc4, 0x88, 0xcc, 0xa8, 0xd4, 0xe9, 0xd4, 0xa7,
  0xc4, 0xa8, 0xab, 0xc5, 0x93, 0x87, 0x8b, 0x45, 0x93, 0xa8, 0x93, 0xa7,
  0x9b, 0xc8, 0xac, 0x29, 0xac, 0x07, 0xab, 0xe6, 0xcc, 0xc8, 0xe5, 0x6a,
  0xed, 0x8a, 0xdc, 0xe7, 0xcc, 0xc9, 0xbc, 0x26, 0x8b, 0x46, 0x93, 0x86,
  0x83, 0x67, 0x83, 0x05, 0x83, 0x46, 0x8b, 0x66, 0x9b, 0xa6, 0xac, 0x07,
  0xa3, 0xe7, 0xa3, 0xc6, 0xab, 0xa6, 0xdd, 0x0b, 0xf5, 0x8b, 0xf5, 0x6a,
  0xed, 0x4a, 0xd4, 0x86, 0xab, 0x86, 0xb3, 0xa6, 0xc3, 0xe8, 0xb3, 0x65,
  0xb3, 0x86, 0xcb, 0xe8, 0xb3, 0xc8, 0x92, 0x82, 0x7a, 0x65, 0x82, 0x85,
  0x7a, 0xc6, 0x72, 0x44, 0x59, 0xc3, 0x6a, 0x04, 0x6a, 0x05, 0x72, 0x04,
  0x7a, 0x24, 0x8a, 0x86, 0x9a, 0xe6, 0x9a, 0xe6, 0x92, 0xe6, 0x9a, 0xe5,
  0x93, 0x06, 0x9b, 0x27, 0xa3, 0x46, 0xab, 0x66, 0xbb, 0xe8, 0xb3, 0x65,
  0x5a, 0x03, 0x61, 0xe2, 0x4a, 0x45, 0x52, 0x45, 0x42, 0x45, 0x4a, 0x65,
  0x4a, 0x65, 0x4a, 0x65, 0x4a, 0x86, 0x52, 0x85, 0x42, 0x45, 0x42, 0x03,
  0x3a, 0x04, 0x42, 0x04, 0x3a, 0x05, 0x41, 0xe4, 0x39, 0xa4, 0x39, 0xa4,
  0x41, 0xe6, 0x39, 0x63, 0x39, 0xa5, 0x31, 0x63, 0x31, 0x84, 0x31, 0x63,
  0x39, 0x84, 0x41, 0xa4, 0x49, 0xe5, 0x52, 0x05, 0x4a, 0x25, 0x41, 0xe3,
  0x42, 0x25, 0x4a, 0x24, 0x52, 0x86, 0x52, 0x65, 0x4a, 0x44, 0x4a, 0x44,
  0x42, 0x04, 0x4a, 0x24, 0x4a, 0x45, 0x52, 0x45, 0x4a, 0x65, 0x4a, 0x24,
  0x42, 0x25, 0x41, 0xe4, 0x3a, 0x05, 0x39, 0xc3, 0x31, 0xa4, 0x39, 0xa4,
  0x31, 0xe4, 0x42, 0x05, 0x31, 0x84, 0x29, 0x43, 0x29, 0x44, 0x31, 0x43,
  0x29, 0x64, 0x29, 0x43, 0x29, 0x43, 0x31, 0x84, 0x39, 0xe6, 0x39, 0xa4,
  0x39, 0xc5, 0x39, 0xc4, 0x39, 0xe5, 0x39, 0xc4, 0x31, 0xa4, 0x31, 0x84,
  0x31, 0x64, 0x39, 0x64, 0x39, 0x85, 0x39, 0x84, 0x39, 0x64, 0x39, 0x43,
  0x39, 0x84, 0x41, 0xa5, 0x39, 0xa4, 0x41, 0xa4, 0x39, 0xa5, 0x39, 0x84,
  0xd5, 0x29, 0xcd, 0x29, 0xcd, 0x08, 0xcd, 0x29, 0xcd, 0x09, 0xcd, 0x2a,
  0xd5, 0x2a, 0xdd, 0x8c, 0xdd, 0x6a, 0xd5, 0x8b, 0xdd, 0x4a, 0xd5, 0x6b,
  0xd5, 0x2b, 0xbc, 0xa9, 0xa3, 0xc7, 0x9b, 0xa7, 0x93, 0x86, 0xac, 0x49,
  0xb4, 0x48, 0xac, 0x48, 0xc4, 0xea, 0xcd, 0x4c, 0xc5, 0x2b, 0xc5, 0x2c,
  0xcd, 0x2c, 0xb4, 0xaa, 0xbc, 0xca, 0xc5, 0x0b, 0xd5, 0x6c, 0xd5, 0x8c,
  0xdd, 0x6b, 0xdd, 0xac, 0xdd, 0x8c, 0xd5, 0x8c, 0xd5, 0x6b, 0xbd, 0x0a,
  0xbc, 0x89, 0xac, 0x48, 0xa3, 0xc7, 0x8b, 0x66, 0xa4, 0x08, 0x9b, 0xe8,
  0x8b, 0x05, 0x7a, 0xe4, 0x82, 0xe5, 0x7b, 0x06, 0x8b, 0x67, 0x7b, 0x06,
  0x72, 0x85, 0x7b, 0x07, 0xd5, 0x6e, 0xe6, 0x31, 0xe6, 0x0f, 0xe6, 0x30,
  0xee, 0x0f, 0xe5, 0xef, 0xed, 0xce, 0xe5, 0xce, 0xe5, 0xce, 0xe5, 0xef,
  0xe5, 0xcf, 0xdd, 0xcf, 0xed, 0xae, 0xe5, 0xae, 0xed, 0x8d, 0xed, 0xce,
  0xed, 0xad, 0xed, 0xee, 0xe5, 0xac, 0xe5, 0xcd, 0xed, 0xed, 0xed, 0xed,
  0xf5, 0xed, 0xf6, 0x0e, 0xf6, 0x2e, 0xf6, 0x2f, 0xf6, 0x6f, 0xf6, 0x90,
  0xfe, 0x90, 0xf6, 0x90, 0xfe, 0x8f, 0xfe, 0xb0, 0xfe, 0x8e, 0xfe, 0x6e,
  0xfe, 0x4d, 0xfe, 0x4e, 0xfe, 0x4d, 0xdd, 0x49, 0xb3, 0xe6, 0xb4, 0x27,
  0xbc, 0x68, 0xbc, 0x89, 0xc4, 0x47, 0xbc, 0x67, 0xc4, 0x67, 0xbc, 0x68,
  0xc4, 0x68, 0xc4, 0x68, 0xcc, 0x87, 0xcc, 0xc9, 0xd4, 0xa8, 0xcc, 0xa8,
  0xb4, 0x27, 0x9b, 0x64, 0x8b, 0x25, 0x8b, 0x66, 0x9b, 0x86, 0x9b, 0xa7,
  0xb4, 0x49, 0xac, 0x29, 0xb4, 0x06, 0xc4, 0xa9, 0xe5, 0x49, 0xe5, 0x6a,
  0xe5, 0x08, 0xd4, 0xe7, 0xcc, 0xa9, 0xa3, 0x85, 0x8b, 0x46, 0x8b, 0x87,
  0x8b, 0x46, 0x8b, 0x67, 0x8b, 0x25, 0x8b, 0x87, 0xa3, 0xc6, 0xb4, 0x69,
  0xa3, 0xa5, 0x9b, 0xa6, 0xb3, 0xc5, 0xe5, 0x6c, 0xfd, 0xab, 0xf5, 0x6a,
  0xed, 0x49, 0xcc, 0x86, 0xb3, 0xa5, 0xb3, 0xe6, 0xc3, 0xc6, 0xb3, 0xa6,
  0xbb, 0x85, 0xcc, 0x28, 0xbb, 0xc7, 0x9a, 0xc3, 0x82, 0x64, 0x82, 0xa5,
  0x82, 0xc5, 0x7a, 0x85, 0x69, 0xe3, 0x72, 0x45, 0x7a, 0x04, 0x72, 0x25,
  0x7a, 0x03, 0x82, 0x45, 0x92, 0xa5, 0x9b, 0x06, 0x92, 0xc5, 0x92, 0xe6,
  0xa3, 0x06, 0x9b, 0x26, 0xab, 0x45, 0xb3, 0xa7, 0xb3, 0xc7, 0x8a, 0xc3,
  0x59, 0xe3, 0x5a, 0x04, 0x4a, 0x24, 0x4a, 0x25, 0x4a, 0x44, 0x4a, 0x86,
  0x4a, 0x44, 0x4a, 0x85, 0x4a, 0x44, 0x52, 0xa6, 0x4a, 0x44, 0x42, 0x24,
  0x41, 0xe3, 0x42, 0x24, 0x4a, 0x24, 0x39, 0xe4, 0x39, 0xa3, 0x39, 0xc4,
  0x4a, 0x05, 0x39, 0xa4, 0x41, 0xa4, 0x39, 0xa4, 0x39, 0x83, 0x31, 0x83,
  0x41, 0x83, 0x49, 0xe5, 0x49, 0xa3, 0x52, 0x05, 0x52, 0x24, 0x4a, 0x04,
  0x42, 0x04, 0x4a, 0x45, 0x5a, 0xa6, 0x52, 0x65, 0x4a, 0x44, 0x52, 0x65,
  0x4a, 0x24, 0x4a, 0x24, 0x52, 0x24, 0x4a, 0x45, 0x52, 0x44, 0x4a, 0x45,
  0x42, 0x24, 0x39, 0xe4, 0x41, 0xe4, 0x39, 0xe4, 0x39, 0xa3, 0x39, 0xe5,
  0x41, 0xc4, 0x42, 0x25, 0x39, 0x83, 0x31, 0x63, 0x31, 0x63, 0x31, 0x44,
  0x31, 0x43, 0x29, 0x64, 0x31, 0x43, 0x31, 0x64, 0x41, 0xc4, 0x39, 0xc5,
  0x41, 0xa4, 0x41, 0xe5, 0x41, 0xc4, 0x39, 0xa4, 0x31, 0x83, 0x31, 0xa4,
  0x31, 0x44, 0x31, 0x64, 0x39, 0x63, 0x39, 0xa4, 0x41, 0x63, 0x39, 0x64,
  0x41, 0x63, 0x41, 0xa5, 0x41, 0xa3, 0x39, 0xc4, 0x41, 0xa4, 0x41, 0xc5,
  0xcd, 0x09, 0xd5, 0x29, 0xcd, 0x2a, 0xcd, 0x29, 0xd5, 0x2a, 0xd5, 0x0a,
  0xd5, 0x6b, 0xd5, 0x4b, 0xcd, 0x4b, 0xd5, 0x2a, 0xcd, 0x2a, 0xcc, 0xe9,
  0xcd, 0x2b, 0xc4, 0xa9, 0x9b, 0xe8, 0x93, 0x66, 0x8b, 0x86, 0xa4, 0x28,
  0xac, 0x49, 0xbc, 0x89, 0xc5, 0x2c, 0xcd, 0x0b, 0xbd, 0x2b, 0xc5, 0x2b,
  0xc5, 0x4c, 0xbc, 0xca, 0xb4, 0x8a, 0xc4, 0xeb, 0xcd, 0x4d, 0xd5, 0x8d,
  0xdd, 0xad, 0xdd, 0x8c, 0xd5, 0x8c, 0xd5, 0x4b, 0xcd, 0x6c, 0xc5, 0x0a,
  0xbc, 0xcb, 0xb4, 0x69, 0x93, 0xc8, 0x93, 0x67, 0x93, 0xc8, 0xa3, 0xe8,
  0x8b, 0x66, 0x82, 0xe4, 0x7a, 0xe6, 0x82, 0xe6, 0x8b, 0x88, 0x8b, 0x67,
  0x62, 0x44, 0x72, 0x65, 0xbc, 0xcd, 0xe5, 0xf1, 0xdd, 0xef, 0xe5, 0xef,
  0xe6, 0x0f, 0xe5, 0xce, 0xed, 0xcf, 0xed, 0xae, 0xe5, 0xcf, 0xed, 0xcf,
  0xe5, 0xef, 0xe5, 0xae, 0xe5, 0xae, 0xe5, 0x6d, 0xe5, 0x8d, 0xed, 0x8d,
  0xe5, 0xae, 0xed, 0xae, 0xe5, 0xcd, 0xe5, 0xad, 0xe5, 0xcd, 0xed, 0xcd,
  0xed, 0xce, 0xed, 0xcd, 0xee, 0x2f, 0xf6, 0x2e, 0xf6, 0x70, 0xf6, 0x6f,
  0xf6, 0xb1, 0xfe, 0x70, 0xf6, 0xb0, 0xfe, 0xb0, 0xfe, 0x8f, 0xf6, 0x2d,
  0xfe, 0x4d, 0xfe, 0x2d, 0xfe, 0x4d, 0xed, 0x8a, 0xab, 0xe7, 0xb3, 0xe6,
  0xb4, 0x48, 0xbc, 0x68, 0xbc, 0x68, 0xc4, 0x48, 0xbc, 0x88, 0xc4, 0x68,
  0xc4, 0x88, 0xcc, 0x88, 0xcc, 0xa8, 0xc4, 0x47, 0xc4, 0x68, 0xbc, 0x27,
  0x93, 0x65, 0x93, 0x24, 0x83, 0x26, 0x93, 0x67, 0x93, 0x87, 0xac, 0x08,
  0xac, 0x29, 0xa3, 0xe8, 0xbc, 0x89, 0xd5, 0x2b, 0xe5, 0x49, 0xe5, 0x29,
  0xcc, 0xe8, 0xcc, 0xa7, 0xb4, 0x68, 0x8b, 0x03, 0x83, 0x47, 0x8b, 0x67,
  0x83, 0x47, 0x83, 0x26, 0x83, 0x26, 0x93, 0x67, 0xa3, 0xe7, 0xbc, 0x69,
  0x9b, 0x85, 0xa3, 0xa6, 0xbc, 0x07, 0xed, 0x6c, 0xf5, 0xab, 0xf5, 0x4a,
  0xe5, 0x49, 0xcc, 0x65, 0xb3, 0xe6, 0xb3, 0xc6, 0xbb, 0xc6, 0xbb, 0x85,
  0xbb, 0xa6, 0xcc, 0x07, 0xbb, 0xe8, 0x9a, 0xc3, 0x82, 0x85, 0x82, 0x85,
  0x82, 0xe6, 0x7a, 0x64, 0x69, 0xe4, 0x72, 0x04, 0x72, 0x25, 0x7a, 0x04,
  0x72, 0x25, 0x82, 0x45, 0x8a, 0xc6, 0x9a, 0xc6, 0x92, 0xc6, 0x9a, 0xe6,
  0x9b, 0x26, 0xa3, 0x47, 0xab, 0x87, 0xb3, 0xa7, 0xa3, 0x88, 0x7a, 0x01,
  0x52, 0x05, 0x51, 0xe4, 0x4a, 0x66, 0x42, 0x04, 0x42, 0x65, 0x52, 0x85,
  0x4a, 0x66, 0x52, 0x65, 0x42, 0x25, 0x4a, 0x65, 0x52, 0x66, 0x4a, 0x24,
  0x39, 0xe4, 0x4a, 0x04, 0x42, 0x25, 0x42, 0x04, 0x39, 0xc5, 0x39, 0x84,
  0x39, 0x84, 0x41, 0xa4, 0x39, 0xa4, 0x39, 0x63, 0x31, 0x63, 0x39, 0x63,
  0x41, 0xa4, 0x49, 0xe5, 0x41, 0xa3, 0x51, 0xe4, 0x4a, 0x45, 0x52, 0x24,
  0x42, 0x25, 0x4a, 0x25, 0x52, 0xa6, 0x52, 0x65, 0x4a, 0x45, 0x52, 0x44,
  0x42, 0x04, 0x4a, 0x04, 0x42, 0x25, 0x4a, 0x24, 0x42, 0x25, 0x4a, 0x25,
  0x3a, 0x05, 0x39, 0xe4, 0x39, 0xe4, 0x31, 0xa3, 0x31, 0xa4, 0x39, 0xc4,
  0x41, 0xe5, 0x4a, 0x05, 0x31, 0x84, 0x39, 0x63, 0x31, 0x85, 0x31, 0x44,
  0x29, 0x44, 0x31, 0x44, 0x29, 0x44, 0x39, 0x64, 0x39, 0xa5, 0x39, 0xa4,
  0x31, 0xa4, 0x41, 0xa4, 0x39, 0xa4, 0x39, 0x84, 0x31, 0xa4, 0x31, 0x83,
  0x31, 0x64, 0x31, 0x44, 0x31, 0x64, 0x39, 0x84, 0x39, 0x64, 0x39, 0x43,
  0x39, 0x64, 0x41, 0x84, 0x39, 0xa4, 0x41, 0xa4, 0x39, 0xa5, 0x41, 0xa4,
  0xdd, 0x29, 0xcd, 0x09, 0xd5, 0x08, 0xd5, 0x4a, 0xd5, 0x2a, 0xd5, 0x6b,
  0xd5, 0x4a, 0xd5, 0x4b, 0xcd, 0x2a, 0xcd, 0x2a, 0xd5, 0x09, 0xd5, 0x4a,
  0xcd, 0x0a, 0xb4, 0x48, 0x9b, 0xc8, 0x8b, 0x46, 0x93, 0x25, 0xa3, 0xe8,
  0xbc, 0x89, 0xbc, 0xca, 0xcd, 0x0a, 0xc5, 0x2b, 0xc4, 0xea, 0xcd, 0x4b,
  0xcd, 0x4c, 0xbc, 0xea, 0xac, 0x27, 0xbc, 0xea, 0xcd, 0x2b, 0xd5, 0x6d,
  0xdd, 0x6c, 0xd5, 0x8c, 0xd5, 0x4b, 0xcd, 0x4b, 0xd5, 0x6b, 0xc5, 0x0a,
  0xbc, 0xa9, 0xac, 0x68, 0x9b, 0xa7, 0x9b, 0xc7, 0x83, 0x05, 0x93, 0xc8,
  0x8b, 0x46, 0x7b, 0x05, 0x7a, 0xe5, 0x83, 0x47, 0x9b, 0xa8, 0x9b, 0xe9,
  0x7b, 0x06, 0x5a, 0x22, 0x93, 0x88, 0xde, 0x33, 0xe5, 0xee, 0xe6, 0x0f,
  0xed, 0xef, 0xe5, 0xcf, 0xed, 0xee, 0xe5, 0xef, 0xe5, 0xce, 0xe5, 0xef,
  0xed, 0xef, 0xe5, 0xef, 0xe5, 0x6d, 0xe5, 0x8d, 0xed, 0x8c, 0xed, 0xae,
  0xed, 0xad, 0xe5, 0xad, 0xed, 0xad, 0xe5, 0xce, 0xed, 0xcd, 0xed, 0xee,
  0xed, 0xed, 0xee, 0x0e, 0xf6, 0x0d, 0xf6, 0x2e, 0xfe, 0x4f, 0xf6, 0x70,
  0xfe, 0x70, 0xfe, 0x91, 0xfe, 0x8f, 0xf6, 0x8f, 0xfe, 0x6e, 0xfe, 0x6e,
  0xfe, 0x6e, 0xfe, 0x4e, 0xfe, 0x2c, 0xf6, 0x0b, 0xbc, 0x26, 0xb3, 0xe5,
  0xbc, 0x27, 0xbc, 0x68, 0xc4, 0x67, 0xbc, 0x67, 0xc4, 0x68, 0xbc, 0x68,
  0xc4, 0x68, 0xcc, 0xa9, 0xcc, 0x87, 0xc4, 0x67, 0xbc, 0x68, 0x9b, 0x85,
  0x8b, 0x25, 0x83, 0x25, 0x93, 0x45, 0x93, 0xa7, 0xa4, 0x08, 0xa4, 0x29,
  0xab, 0xe7, 0xbc, 0x89, 0xdd, 0x09, 0xdd, 0x4a, 0xe5, 0x69, 0xdd, 0x29,
  0xcc, 0xc7, 0xcc, 0xc7, 0xa3, 0xa6, 0x8b, 0x24, 0x93, 0x87, 0x8b, 0x87,
  0x83, 0x26, 0x7b, 0x26, 0x93, 0x46, 0x93, 0x87, 0xb4, 0x47, 0xac, 0x27,
  0xa3, 0x85, 0xab, 0xc7, 0xd4, 0xa8, 0xf5, 0xcd, 0xfd, 0xab, 0xed, 0x6a,
  0xed, 0x28, 0xcc, 0x66, 0xbb, 0xc5, 0xb3, 0xc6, 0xc3, 0xe6, 0xb3, 0xa5,
  0xc3, 0xe7, 0xcc, 0x28, 0xc3, 0xe7, 0x92, 0xa2, 0x82, 0x44, 0x8a, 0xc6,
  0x8a, 0xc6, 0x7a, 0x65, 0x69, 0xc3, 0x72, 0x24, 0x71, 0xe4, 0x72, 0x05,
  0x7a, 0x03, 0x7a, 0x45, 0x92, 0xa5, 0x92, 0xc6, 0x9a, 0xe5, 0x9b, 0x27,
  0xa3, 0x25, 0xa3, 0x46, 0xb3, 0x86, 0xb3, 0xa6, 0x8b, 0x05, 0x59, 0xa0,
  0x52, 0x04, 0x4a, 0x04, 0x4a, 0x24, 0x52, 0x86, 0x4a, 0x44, 0x4a, 0x65,
  0x52, 0x65, 0x42, 0x45, 0x52, 0x45, 0x4a, 0x45, 0x52, 0x24, 0x42, 0x03,
  0x41, 0xc3, 0x4a, 0x45, 0x4a, 0x44, 0x42, 0x04, 0x39, 0x83, 0x31, 0x83,
  0x39, 0x83, 0x39, 0xa4, 0x39, 0xa4, 0x31, 0x83, 0x39, 0x63, 0x31, 0x63,
  0x41, 0xa3, 0x41, 0xe4, 0x41, 0x83, 0x4a, 0x05, 0x52, 0x24, 0x4a, 0x44,
  0x4a, 0x44, 0x42, 0x44, 0x5a, 0x85, 0x52, 0x85, 0x52, 0x44, 0x4a, 0x45,
  0x4a, 0x24, 0x42, 0x44, 0x4a, 0x24, 0x4a, 0x25, 0x4a, 0x24, 0x42, 0x24,
  0x41, 0xe4, 0x3a, 0x04, 0x39, 0xa4, 0x31, 0xa4, 0x39, 0xc4, 0x39, 0xe4,
  0x4a, 0x04, 0x4a, 0x25, 0x39, 0x63, 0x31, 0x83, 0x39, 0x64, 0x31, 0x64,
  0x31, 0x43, 0x31, 0x64, 0x31, 0x43, 0x31, 0x84, 0x41, 0xe5, 0x39, 0xc4,
  0x39, 0xa4, 0x39, 0xc5, 0x41, 0xc4, 0x39, 0xc4, 0x39, 0x83, 0x31, 0x84,
  0x31, 0x43, 0x31, 0x84, 0x39, 0x63, 0x39, 0xa4, 0x39, 0x63, 0x39, 0x64,
  0x41, 0x63, 0x41, 0xa4, 0x41, 0x84, 0x41, 0x84, 0x41, 0xa4, 0x41, 0xc4,
  0xd5, 0x4a, 0xd5, 0x29, 0xd5, 0x6a, 0xd5, 0x49, 0xcd, 0x4a, 0xcd, 0x09,
  0xcd, 0x2a, 0xd5, 0x2a, 0xcd, 0x2b, 0xcd, 0x2a, 0xd5, 0x6b, 0xdd, 0x6b,
  0xc4, 0xea, 0xb4, 0x27, 0x93, 0xa7, 0x83, 0x05, 0x8b, 0x46, 0xab, 0xe8,
  0xb4, 0x89, 0xc4, 0xa9, 0xbc, 0xea, 0xc4, 0xca, 0xbc, 0xea, 0xcd, 0x2b,
  0xcd, 0x6c, 0xc4, 0xea, 0xac, 0x69, 0xb4, 0x69, 0xbd, 0x0b, 0xcd, 0x4c,
  0xd5, 0x6c, 0xd5, 0x4b, 0xd5, 0x6b, 0xd5, 0x6b, 0xcd, 0x8c, 0xc5, 0x0a,
  0xb4, 0xca, 0xac, 0x48, 0x9b, 0xe8, 0xa4, 0x08, 0x93, 0x87, 0x7a, 0xa3,
  0x7b, 0x06, 0x7a, 0xc5, 0x7b, 0x06, 0x8b, 0x47, 0x93, 0xa8, 0x9b, 0xc8,
  0x94, 0x0a, 0x6a, 0x84, 0x72, 0xc6, 0xdd, 0xb1, 0xe5, 0xef, 0xed, 0xef,
  0xe5, 0xf0, 0xe5, 0xef, 0xe5, 0xef, 0xed, 0xef, 0xe5, 0xcf, 0xe5, 0xcf,
  0xe5, 0xcf, 0xe5, 0xae, 0xe5, 0xaf, 0xed, 0x8e, 0xed, 0xae, 0xf5, 0xce,
  0xe5, 0xae, 0xed, 0xad, 0xe5, 0xce, 0xe5, 0xad, 0xe5, 0xce, 0xed, 0xce,
  0xed, 0xee, 0xed, 0xee, 0xee, 0x0e, 0xf6, 0x2e, 0xf6, 0x2e, 0xfe, 0x4e,
  0xf6, 0x6f, 0xfe, 0x4f, 0xf6, 0x8f, 0xfe, 0x8f, 0xf6, 0x6f, 0xfe, 0x6e,
  0xfe, 0x8f, 0xfe, 0x4d, 0xfe, 0x2c, 0xfe, 0x2c, 0xc4, 0xa9, 0xb3, 0xc5,
  0xb4, 0x28, 0xc4, 0x68, 0xbc, 0x68, 0xbc, 0x68, 0xbc, 0x69, 0xbc, 0x68,
  0xc4, 0x89, 0xc4, 0x88, 0xbc, 0x88, 0xbc, 0x27, 0x8b, 0x46, 0x82, 0xc4,
  0x7b, 0x06, 0x8b, 0x26, 0x93, 0x87, 0xa3, 0xe8, 0xac, 0x6a, 0xa3, 0xc7,
  0xb4, 0x28, 0xd5, 0x0b, 0xdd, 0x2a, 0xe5, 0x4a, 0xdd, 0x6a, 0xd4, 0xc8,
  0xc4, 0x87, 0xbc, 0x46, 0x83, 0x25, 0x93, 0x45, 0x93, 0xa8, 0x8b, 0x26,
  0x83, 0x26, 0x83, 0x26, 0x8b, 0x66, 0x9b, 0x87, 0xac, 0x48, 0xac, 0x06,
  0xab, 0xe7, 0xb3, 0xe7, 0xed, 0x6b, 0xfd, 0xcc, 0xf5, 0xab, 0xed, 0x4a,
  0xe5, 0x09, 0xcc, 0x25, 0xb3, 0xc6, 0xb3, 0xa6, 0xbb, 0xe7, 0xb3, 0xa5,
  0xc3, 0xe8, 0xd4, 0x69, 0xc4, 0x29, 0x9a, 0xc3, 0x82, 0x85, 0x92, 0xc6,
  0x8a, 0xc6, 0x7a, 0x64, 0x6a, 0x24, 0x72, 0x04, 0x6a, 0x04, 0x72, 0x25,
  0x6a, 0x04, 0x72, 0x24, 0x8a, 0xa6, 0x92, 0xc6, 0x92, 0xe5, 0xa3, 0x06,
  0xa3, 0x46, 0xa3, 0x46, 0xa3, 0x66, 0xab, 0x46, 0x59, 0xe3, 0x59, 0xa1,
  0x4a, 0x25, 0x41, 0xe3, 0x42, 0x45, 0x42, 0x24, 0x42, 0x45, 0x42, 0x24,
  0x42, 0x25, 0x42, 0x04, 0x52, 0x66, 0x52, 0x66, 0x4a, 0x25, 0x4a, 0x04,
  0x42, 0x04, 0x4a, 0x25, 0x42, 0x45, 0x39, 0xc3, 0x31, 0x63, 0x39, 0x63,
  0x31, 0x64, 0x39, 0x84, 0x39, 0xc5, 0x31, 0x63, 0x31, 0x64, 0x31, 0x63,
  0x41, 0xa4, 0x49, 0xe5, 0x39, 0x84, 0x51, 0xe5, 0x4a, 0x25, 0x52, 0x25,
  0x4a, 0x65, 0x42, 0x24, 0x52, 0x86, 0x52, 0x65, 0x4a, 0x45, 0x52, 0x24,
  0x42, 0x45, 0x4a, 0x24, 0x42, 0x25, 0x4a, 0x24, 0x42, 0x25, 0x4a, 0x24,
  0x39, 0xe5, 0x39, 0xe4, 0x31, 0xa4, 0x39, 0xa4, 0x31, 0xa4, 0x39, 0xc4,
  0x4a, 0x25, 0x4a, 0x04, 0x31, 0x63, 0x31, 0x43, 0x31, 0x85, 0x39, 0x64,
  0x31, 0x64, 0x31, 0x44, 0x31, 0x64, 0x39, 0x64, 0x39, 0xc5, 0x39, 0xa4,
  0x31, 0xa4, 0x41, 0xe5, 0x39, 0xe5, 0x39, 0xc4, 0x31, 0x84, 0x31, 0x63,
  0x31, 0x64, 0x31, 0x64, 0x31, 0x84, 0x39, 0x84, 0x39, 0x84, 0x39, 0x43,
  0x39, 0x64, 0x41, 0x84, 0x41, 0xa5, 0x41, 0x84, 0x39, 0xa4, 0x39, 0x84,
  0xdd, 0x4a, 0xd5, 0x6a, 0xdd, 0x6a, 0xdd, 0x6a, 0xd5, 0x49, 0xd5, 0x4a,
  0xdd, 0x4a, 0xd5, 0x6b, 0xd5, 0x4a, 0xd5, 0x6b, 0xdd, 0x6b, 0xd5, 0x4b,
  0xc4, 0xc9, 0xac, 0x27, 0x93, 0x66, 0x8b, 0x25, 0xa3, 0xa6, 0xb4, 0x8a,
  0xc4, 0xa9, 0xbc, 0xa9, 0xc4, 0xea, 0xc5, 0x0b, 0xc5, 0x0b, 0xc5, 0x4c,
  0xcd, 0x4b, 0xbd, 0x0b, 0xbc, 0x89, 0xac, 0x69, 0xbc, 0xea, 0xc5, 0x4b,
  0xd5, 0x6a, 0xcd, 0x4a, 0xd5, 0x4a, 0xd5, 0x6b, 0xd5, 0x6b, 0xc5, 0x4b,
  0xc4, 0xea, 0xac, 0x89, 0x9b, 0xc7, 0xa4, 0x08, 0xbc, 0xaa, 0x8b, 0x45,
  0x72, 0x43, 0x7a, 0xa5, 0x7a, 0xe5, 0x83, 0x27, 0x93, 0xc8, 0x8b, 0xa8,
  0x9c, 0x09, 0x83, 0x87, 0x6a, 0x43, 0xc5, 0x0e, 0xee, 0x0f, 0xe6, 0x10,
  0xed, 0xef, 0xe5, 0xef, 0xed, 0xef, 0xee, 0x0f, 0xe5, 0xae, 0xe5, 0xef,
  0xed, 0xcf, 0xe5, 0xcf, 0xed, 0x8e, 0xed, 0xaf, 0xf5, 0xae, 0xed, 0x8e,
  0xed, 0xad, 0xe5, 0xad, 0xed, 0xad, 0xe5, 0xad, 0xe5, 0xad, 0xe5, 0xcd,
  0xed, 0xcd, 0xe5, 0xed, 0xf6, 0x0e, 0xee, 0x0e, 0xf6, 0x2e, 0xf6, 0x6f,
  0xfe, 0x6e, 0xfe, 0x6f, 0xfe, 0x6e, 0xfe, 0xaf, 0xfe, 0x6e, 0xfe, 0x6f,
  0xfe, 0x6e, 0xfe, 0x4e, 0xfe, 0x2c, 0xfe, 0x2c, 0xe5, 0x4b, 0xab, 0xa5,
  0xb4, 0x07, 0xbc, 0x48, 0xc4, 0x68, 0xbc, 0x68, 0xc4, 0x68, 0xc4, 0x89,
  0xc4, 0x88, 0xc4, 0xa9, 0xbc, 0x48, 0x9b, 0x65, 0x82, 0xe5, 0x72, 0xc5,
  0x8b, 0x05, 0x93, 0xa8, 0xa3, 0xc7, 0xac, 0x49, 0xa3, 0xc7, 0xa3, 0xc7,
  0xcc, 0xc9, 0xd5, 0x4b, 0xe5, 0x29, 0xdd, 0x4a, 0xdd, 0x29, 0xcc, 0xc8,
  0xcc, 0xc8, 0xb4, 0x26, 0x82, 0xe4, 0x93, 0x86, 0x93, 0x67, 0x83, 0x26,
  0x83, 0x25, 0x8b, 0x67, 0x93, 0x25, 0x9b, 0xc7, 0xc4, 0x88, 0xac, 0x07,
  0xbb, 0xe6, 0xbc, 0x47, 0xf5, 0x8b, 0xf5, 0xcc, 0xfd, 0xca, 0xed, 0x8a,
  0xe4, 0xe8, 0xc4, 0x25, 0xbb, 0xa6, 0xb3, 0xa6, 0xbb, 0xc6, 0xbb, 0xe7,
  0xc3, 0xe7, 0xcc, 0x28, 0xc4, 0x08, 0x9b, 0x04, 0x8a, 0xa4, 0x92, 0xe6,
  0x8a, 0xe5, 0x82, 0xa4, 0x72, 0x04, 0x6a, 0x04, 0x69, 0xc3, 0x72, 0x25,
  0x69, 0xe3, 0x6a, 0x04, 0x8a, 0xa5, 0x93, 0x07, 0xa3, 0x05, 0xa3, 0x26,
  0xab, 0x25, 0xa3, 0x26, 0xa3, 0x67, 0x8a, 0xc5, 0x49, 0xa2, 0x52, 0x04,
  0x4a, 0x24, 0x42, 0x04, 0x4a, 0x24, 0x4a, 0x65, 0x4a, 0x65, 0x4a, 0x65,
  0x42, 0x04, 0x42, 0x45, 0x4a, 0x25, 0x52, 0x86, 0x52, 0x24, 0x4a, 0x45,
  0x4a, 0x24, 0x4a, 0x45, 0x4a, 0x24, 0x39, 0xe4, 0x39, 0xa3, 0x39, 0xa4,
  0x41, 0x83, 0x41, 0xa4, 0x41, 0xc4, 0x31, 0x83, 0x39, 0x63, 0x31, 0x63,
  0x41, 0x83, 0x41, 0xc4, 0x41, 0x83, 0x4a, 0x05, 0x4a, 0x24, 0x52, 0x45,
  0x4a, 0x44, 0x42, 0x44, 0x52, 0x85, 0x52, 0x85, 0x52, 0x44, 0x4a, 0x65,
  0x52, 0x44, 0x42, 0x24, 0x4a, 0x24, 0x42, 0x04, 0x4a, 0x04, 0x4a, 0x45,
  0x41, 0xe4, 0x39, 0xe4, 0x39, 0xc4, 0x31, 0xc4, 0x39, 0xa3, 0x39, 0xe5,
  0x4a, 0x24, 0x4a, 0x45, 0x39, 0x63, 0x31, 0x63, 0x39, 0x84, 0x31, 0x84,
  0x31, 0x63, 0x29, 0x63, 0x31, 0x43, 0x39, 0xa5, 0x41, 0xe5, 0x39, 0xc4,
  0x39, 0xa4, 0x39, 0xc5, 0x41, 0xe4, 0x39, 0xc4, 0x39, 0x83, 0x31, 0x83,
  0x31, 0x63, 0x31, 0x84, 0x39, 0x64, 0x39, 0xa4, 0x39, 0x63, 0x31, 0x63,
  0x39, 0x63, 0x39, 0x84, 0x41, 0xa4, 0x41, 0xa4, 0x39, 0x83, 0x39, 0xa4,
  0xdd, 0xac, 0xd5, 0x4a, 0xd5, 0x6a, 0xdd, 0x6a, 0xd5, 0x6b, 0xdd, 0x8b,
  0xdd, 0xac, 0xdd, 0x8b, 0xd5, 0x6b, 0xdd, 0x4b, 0xd5, 0x6c, 0xd5, 0x2a,
  0xc4, 0xeb, 0xa3, 0xc6, 0x93, 0x67, 0x93, 0x46, 0xa3, 0xe7, 0xbc, 0xaa,
  0xc4, 0xea, 0xbc, 0xa9, 0xbc, 0xeb, 0xcd, 0x2b, 0xcd, 0x4c, 0xcd, 0x4c,
  0xc5, 0x2c, 0xc4, 0xea, 0xbc, 0xca, 0xac, 0x48, 0xb4, 0xa9, 0xc5, 0x0a,
  0xcd, 0x2a, 0xd5, 0x6b, 0xcd, 0x2b, 0xd5, 0x4b, 0xcd, 0x8c, 0xc5, 0x0a,
  0xbc, 0xca, 0xb4, 0x69, 0x93, 0x87, 0xa3, 0xc8, 0xc5, 0x0b, 0xc4, 0xeb,
  0x8b, 0x26, 0x7a, 0x83, 0x6a, 0xa5, 0x7a, 0xe6, 0x83, 0x88, 0x8b, 0xa8,
  0x83, 0x87, 0x9c, 0x2a, 0x83, 0x27, 0xac, 0x6c, 0xe6, 0x10, 0xe5, 0xf0,
  0xee, 0x51, 0xe5, 0xef, 0xe5, 0xef, 0xed, 0xef, 0xe5, 0xf0, 0xe5, 0xaf,
  0xe5, 0xaf, 0xe5, 0xaf, 0xe5, 0x8e, 0xe5, 0x6e, 0xe5, 0x8e, 0xed, 0x6d,
  0xe5, 0x8d, 0xed, 0x8d, 0xe5, 0xad, 0xed, 0xad, 0xe5, 0xcd, 0xed, 0xcd,
  0xe5, 0xcd, 0xe5, 0xcd, 0xe5, 0xee, 0xf6, 0x0e, 0xf6, 0x2f, 0xf6, 0x0e,
  0xf6, 0x4f, 0xfe, 0x4f, 0xf6, 0x70, 0xfe, 0x4f, 0xf6, 0x4f, 0xfe, 0x6e,
  0xf6, 0x4e, 0xfe, 0x4e, 0xfe, 0x4d, 0xfe, 0x2c, 0xf5, 0xcd, 0xc4, 0x46,
  0xac, 0x07, 0xb4, 0x07, 0xbc, 0x69, 0xbc, 0x48, 0xbc, 0x48, 0xbc, 0x48,
  0xbc, 0x69, 0xbc, 0x48, 0x93, 0x87, 0x7a, 0xa3, 0x72, 0xa5, 0x7a, 0xc5,
  0x8b, 0x67, 0x9b, 0x87, 0xac, 0x29, 0xa3, 0xe8, 0x9b, 0xa6, 0xbc, 0x69,
  0xd5, 0x2a, 0xdd, 0x2a, 0xd5, 0x2a, 0xdd, 0x09, 0xd4, 0xe9, 0xcc, 0x87,
  0xc4, 0xea, 0x9b, 0x64, 0x83, 0x25, 0x93, 0x66, 0x8b, 0x67, 0x83, 0x05,
  0x7b, 0x06, 0x83, 0x26, 0x8b, 0x45, 0xa3, 0xe8, 0xbc, 0x89, 0xb4, 0x07,
  0xbc, 0x07, 0xd4, 0x89, 0xf5, 0xab, 0xfd, 0xab, 0xf5, 0x8a, 0xed, 0x49,
  0xdc, 0xe9, 0xcc, 0x25, 0xab, 0x86, 0xb3, 0x86, 0xb3, 0xc7, 0xb3, 0xa6,
  0xb3, 0xc7, 0xcc, 0x48, 0xbc, 0x08, 0x9a, 0xe4, 0x8a, 0xc5, 0x9a, 0xe6,
  0x8b, 0x06, 0x7a, 0x63, 0x69, 0xe4, 0x69, 0xc3, 0x69, 0xe4, 0x72, 0x04,
  0x61, 0xe4, 0x69, 0xe4, 0x8a, 0xa6, 0x9a, 0xe6, 0x9a, 0xe5, 0xab, 0x26,
  0x9b, 0x06, 0xa3, 0x06, 0x93, 0x48, 0x69, 0xa1, 0x4a, 0x04, 0x49, 0xe4,
  0x42, 0x04, 0x42, 0x04, 0x3a, 0x04, 0x4a, 0x45, 0x4a, 0xa6, 0x52, 0x86,
  0x42, 0x46, 0x4a, 0x45, 0x42, 0x05, 0x4a, 0x46, 0x42, 0x25, 0x4a, 0x25,
  0x42, 0x24, 0x4a, 0x44, 0x42, 0x45, 0x39, 0xe3, 0x31, 0x84, 0x39, 0xa4,
  0x39, 0x84, 0x41, 0x84, 0x39, 0xa4, 0x39, 0x63, 0x39, 0x64, 0x39, 0x63,
  0x39, 0x83, 0x49, 0xa4, 0x41, 0xc4, 0x49, 0xe5, 0x4a, 0x25, 0x4a, 0x25,
  0x42, 0x65, 0x4a, 0x44, 0x4a, 0x86, 0x4a, 0x45, 0x4a, 0x45, 0x52, 0x45,
  0x4a, 0x45, 0x4a, 0x24, 0x4a, 0x25, 0x4a, 0x24, 0x42, 0x45, 0x4a, 0x25,
  0x3a, 0x05, 0x39, 0xe4, 0x39, 0xe5, 0x39, 0xa4, 0x39, 0xc4, 0x41, 0xe5,
  0x4a, 0x65, 0x52, 0x44, 0x31, 0xa4, 0x31, 0x63, 0x29, 0x64, 0x31, 0x64,
  0x31, 0x84, 0x31, 0x64, 0x29, 0x44, 0x39, 0x84, 0x39, 0xe6, 0x39, 0xa4,
  0x39, 0xc5, 0x39, 0xc5, 0x39, 0xe5, 0x39, 0xc4, 0x31, 0xa4, 0x31, 0x63,
  0x31, 0x64, 0x31, 0x64, 0x31, 0x85, 0x39, 0x64, 0x31, 0x64, 0x31, 0x64,
  0x31, 0x64, 0x39, 0x44, 0x39, 0xa5, 0x41, 0x84, 0x39, 0xa4, 0x39, 0x84,
  0xdd, 0x6a, 0xdd, 0x8b, 0xdd, 0x8b, 0xdd, 0x8b, 0xdd, 0x8b, 0xdd, 0xac,
  0xdd, 0x8b, 0xdd, 0x8b, 0xdd, 0x4a, 0xdd, 0x6b, 0xdd, 0x4a, 0xd5, 0x2a,
  0xcc, 0xeb, 0x93, 0x85, 0x93, 0x66, 0x9b, 0xc7, 0xab, 0xe7, 0xbc, 0xca,
  0xcd, 0x0a, 0xbc, 0xc9, 0xc4, 0xea, 0xc5, 0x0b, 0xc5, 0x0a, 0xcd, 0x6c,
  0xcd, 0x4b, 0xbc, 0xea, 0xc4, 0xca, 0xac, 0x69, 0xb4, 0x68, 0xbc, 0xea,
  0xd5, 0x4a, 0xd5, 0x6b, 0xd5, 0x4b, 0xd5, 0x6c, 0xcd, 0x2b, 0xc5, 0x0b,
  0xc4, 0xca, 0xac, 0x48, 0x9b, 0x86, 0xac, 0x29, 0xc4, 0xc9, 0xc4, 0xea,
  0xac, 0x08, 0x82, 0xc3, 0x6a, 0x44, 0x6a, 0x85, 0x83, 0x46, 0x8b, 0xc9,
  0x8b, 0x87, 0x8b, 0xa8, 0xa4, 0x0a, 0xac, 0x6c, 0xdd, 0xef, 0xe6, 0x10,
  0xe6, 0x0f, 0xe6, 0x30, 0xed, 0xef, 0xe6, 0x10, 0xed, 0xef, 0xe5, 0xef,
  0xed, 0x8e, 0xe5, 0xaf, 0xed, 0x6d, 0xed, 0xae, 0xed, 0x8d, 0xe5, 0x8d,
  0xed, 0xad, 0xe5, 0xad, 0xed, 0xac, 0xe5, 0xcd, 0xed, 0xcc, 0xed, 0xed,
  0xe5, 0xac, 0xe5, 0xcd, 0xed, 0xcd, 0xee, 0x0e, 0xf6, 0x0d, 0xf6, 0x2f,
  0xfe, 0x4e, 0xf6, 0x4e, 0xfe, 0x4f, 0xfe, 0x6f, 0xfe, 0x4e, 0xfe, 0x6e,
  0xfe, 0x6e, 0xfe, 0x6e, 0xfe, 0x4c, 0xfe, 0x4c, 0xfd, 0xec, 0xd4, 0xe8,
  0xb3, 0xe6, 0xb3, 0xe6, 0xbc, 0x27, 0xbc, 0x68, 0xbc, 0x27, 0xbc, 0x68,
  0xbc, 0x49, 0xa3, 0xa7, 0x83, 0x05, 0x72, 0xa4, 0x72, 0xa4, 0x7b, 0x27,
  0x9b, 0x86, 0xa4, 0x08, 0xac, 0x28, 0x9b, 0xa6, 0xb4, 0x07, 0xcc, 0xeb,
  0xdd, 0x29, 0xd5, 0x29, 0xdd, 0x29, 0xdd, 0x49, 0xcc, 0xa7, 0xd4, 0xe8,
  0xc4, 0xa9, 0x8b, 0x23, 0x8b, 0x45, 0x93, 0x87, 0x8b, 0x46, 0x83, 0x25,
  0x8b, 0x25, 0x83, 0x26, 0x93, 0x45, 0xac, 0x49, 0xc4, 0x68, 0xab, 0xe6,
  0xbb, 0xe6, 0xdd, 0x0a, 0xfd, 0xcb, 0xf5, 0x8b, 0xfd, 0x89, 0xed, 0x28,
  0xe4, 0xc7, 0xcc, 0x46, 0xb3, 0xa6, 0xb3, 0xa6, 0xbb, 0xa6, 0xb3, 0xa6,
  0xb3, 0x85, 0xc4, 0x28, 0xbb, 0xc6, 0x9b, 0x24, 0x8a, 0xa3, 0x9b, 0x26,
  0x93, 0x06, 0x7a, 0x64, 0x69, 0xc3, 0x69, 0xe4, 0x71, 0xe4, 0x72, 0x04,
  0x69, 0xa3, 0x6a, 0x04, 0x92, 0xc5, 0x9b, 0x07, 0xa2, 0xe5, 0xa3, 0x26,
  0x9b, 0x05, 0x9b, 0x46, 0x8a, 0xc6, 0x61, 0xa1, 0x5a, 0x45, 0x4a, 0x25,
  0x4a, 0x24, 0x4a, 0x64, 0x4a, 0x44, 0x42, 0x65, 0x4a, 0x45, 0x42, 0x45,
  0x4a, 0x25, 0x42, 0x25, 0x4a, 0x04, 0x42, 0x05, 0x4a, 0x24, 0x4a, 0x25,
  0x4a, 0x23, 0x4a, 0x44, 0x42, 0x24, 0x31, 0xc3, 0x39, 0x83, 0x39, 0xa4,
  0x39, 0x83, 0x39, 0x84, 0x39, 0x83, 0x31, 0x63, 0x39, 0x63, 0x39, 0x64,
  0x49, 0xa3, 0x41, 0xa4, 0x41, 0xa3, 0x49, 0xe5, 0x4a, 0x24, 0x4a, 0x65,
  0x4a, 0x24, 0x42, 0x45, 0x52, 0x85, 0x42, 0x45, 0x52, 0x65, 0x52, 0x85,
  0x52, 0x44, 0x42, 0x24, 0x4a, 0x04, 0x42, 0x04, 0x4a, 0x24, 0x42, 0x24,
  0x42, 0x04, 0x39, 0xe4, 0x39, 0xc3, 0x31, 0xc4, 0x41, 0xe4, 0x4a, 0x25,
  0x52, 0x44, 0x4a, 0x65, 0x39, 0x83, 0x31, 0x83, 0x39, 0xa4, 0x31, 0xa4,
  0x31, 0x84, 0x31, 0xa4, 0x39, 0x63, 0x39, 0xa4, 0x41, 0xc4, 0x39, 0xa4,
  0x39, 0xc4, 0x42, 0x05, 0x41, 0xe4, 0x39, 0xe4, 0x31, 0x83, 0x31, 0x84,
  0x31, 0x84, 0x31, 0x84, 0x39, 0x64, 0x39, 0x84, 0x39, 0x43, 0x31, 0x64,
  0x39, 0x64, 0x39, 0x64, 0x41, 0xa4, 0x41, 0xc5, 0x39, 0xa4, 0x39, 0xa4,
  0xcd, 0x2a, 0xd5, 0x29, 0xd5, 0x6b, 0xdd, 0x6b, 0xdd, 0x8c, 0xdd, 0x6b,
  0xdd, 0x8c, 0xdd, 0x6b, 0xd5, 0x4a, 0xd5, 0x2a, 0xcd, 0x4b, 0xd5, 0x2b,
  0xac, 0x6a, 0x9b, 0x86, 0x93, 0xa7, 0xac, 0x29, 0xac, 0x49, 0xc4, 0xaa,
  0xbc, 0xaa, 0xbc, 0x89, 0xc5, 0x0c, 0xc4, 0xeb, 0xc5, 0x0c, 0xcd, 0x2c,
  0xcd, 0x4d, 0xc4, 0xeb, 0xbc, 0xcb, 0xb4, 0x28, 0xa4, 0x08, 0xc4, 0xeb,
  0xcd, 0x6b, 0xd5, 0x6b, 0xcd, 0x4b, 0xd5, 0x2a, 0xcd, 0x2b, 0xc4, 0xea,
  0xbc, 0xcb, 0xac, 0x28, 0x8b, 0x46, 0xa3, 0xe8, 0xbc, 0xa9, 0xc4, 0xca,
  0xb4, 0x89, 0x93, 0x44, 0x72, 0xc6, 0x6a, 0x64, 0x62, 0x64, 0x72, 0xc5,
  0x8b, 0xa9, 0x8b, 0x68, 0x8b, 0xc9, 0xa4, 0x4b, 0xcd, 0x6e, 0xe6, 0x10,
  0xe6, 0x30, 0xe6, 0x0f, 0xe6, 0x10, 0xe6, 0x0f, 0xe5, 0xf0, 0xe5, 0xf0,
  0xe5, 0xcf, 0xe5, 0x8e, 0xe5, 0xaf, 0xed, 0xae, 0xe5, 0x8d, 0xed, 0x8d,
  0xe5, 0xae, 0xed, 0x8d, 0xe5, 0x8d, 0xed, 0xad, 0xe5, 0xcd, 0xed, 0xcd,
  0xdd, 0xcd, 0xe5, 0xcd, 0xe5, 0xee, 0xed, 0xcd, 0xed, 0xee, 0xf5, 0xed,
  0xf6, 0x2d, 0xfe, 0x2d, 0xf6, 0x4e, 0xfe, 0x6e, 0xf6, 0x6e, 0xfe, 0x4d,
  0xfe, 0x6e, 0xfe, 0x4e, 0xfe, 0x2d, 0xfe, 0x0c, 0xfe, 0x2d, 0xed, 0x8a,
  0xbc, 0x27, 0xbc, 0x06, 0xb4, 0x28, 0xbc, 0x48, 0xbc, 0x48, 0xbc, 0x28,
  0x9b, 0xa8, 0x93, 0x26, 0x6a, 0x85, 0x72, 0x85, 0x7b, 0x06, 0x93, 0x67,
  0xa3, 0xc7, 0xb4, 0x08, 0xa3, 0xc7, 0xab, 0xc7, 0xc4, 0xaa, 0xcc, 0xca,
  0xd5, 0x2a, 0xdd, 0x09, 0xd5, 0x2a, 0xd4, 0xe8, 0xc4, 0xa8, 0xd4, 0xe8,
  0xb4, 0x69, 0x82, 0xa2, 0x8b, 0x67, 0x8b, 0x46, 0x7b, 0x05, 0x7a, 0xe5,
  0x7b, 0x06, 0x83, 0x26, 0x93, 0x86, 0xb4, 0x49, 0xb4, 0x48, 0xab, 0xc6,
  0xbc, 0x27, 0xf5, 0x8c, 0xf5, 0xab, 0xf5, 0x49, 0xf5, 0x69, 0xed, 0x08,
  0xdc, 0xa8, 0xc3, 0xe5, 0xab, 0x86, 0xb3, 0x86, 0xb3, 0xe7, 0xb3, 0xa6,
  0xab, 0x65, 0xbb, 0xe7, 0xb3, 0xc7, 0xa3, 0x04, 0x93, 0x26, 0x9b, 0x26,
  0x8b, 0x06, 0x7a, 0x64, 0x61, 0xc4, 0x61, 0xc3, 0x6a, 0x05, 0x69, 0xc3,
  0x61, 0xc4, 0x71, 0xe4, 0x8a, 0x85, 0x9a, 0xc6, 0xa3, 0x67, 0xa3, 0x26,
  0x93, 0x06, 0x9a, 0xe5, 0x62, 0x24, 0x59, 0xc2, 0x4a, 0x45, 0x52, 0x24,
  0x4a, 0x85, 0x4a, 0x44, 0x42, 0x45, 0x42, 0x24, 0x42, 0x45, 0x4a, 0x45,
  0x3a, 0x05, 0x42, 0x25, 0x42, 0x25, 0x41, 0xe4, 0x42, 0x25, 0x4a, 0x46,
  0x3a, 0x04, 0x4a, 0x24, 0x4a, 0x66, 0x41, 0xe3, 0x31, 0x63, 0x31, 0x63,
  0x31, 0x84, 0x39, 0x63, 0x31, 0x84, 0x31, 0x63, 0x31, 0x64, 0x39, 0x63,
  0x41, 0xc5, 0x41, 0xa4, 0x39, 0xa4, 0x41, 0xa4, 0x42, 0x45, 0x4a, 0x45,
  0x42, 0x45, 0x42, 0x24, 0x52, 0xa6, 0x4a, 0x45, 0x52, 0x86, 0x52, 0x65,
  0x4a, 0x44, 0x4a, 0x24, 0x4a, 0x45, 0x4a, 0x04, 0x42, 0x25, 0x41, 0xe4,
  0x3a, 0x05, 0x39, 0xc4, 0x31, 0xa4, 0x39, 0xa4, 0x39, 0xe5, 0x4a, 0x05,
  0x52, 0x65, 0x52, 0x45, 0x31, 0xa4, 0x31, 0x63, 0x31, 0xa5, 0x39, 0xc5,
  0x31, 0xa5, 0x31, 0x84, 0x29, 0x63, 0x39, 0xa4, 0x39, 0xe5, 0x39, 0xc4,
  0x31, 0xa4, 0x41, 0xe5, 0x39, 0xe5, 0x39, 0xc4, 0x31, 0xa4, 0x31, 0x84,
  0x31, 0x64, 0x39, 0x64, 0x31, 0x64, 0x39, 0x64, 0x31, 0x64, 0x31, 0x43,
  0x39, 0x65, 0x39, 0x44, 0x41, 0xc5, 0x41, 0x84, 0x39, 0xa4, 0x39, 0xa4,
  0xdd, 0x49, 0xd5, 0x6a, 0xdd, 0x4a, 0xdd, 0x6b, 0xdd, 0x6a, 0xdd, 0x6a,
  0xe5, 0x6b, 0xdd, 0x6b, 0xd5, 0x09, 0xd5, 0x2a, 0xd5, 0x2b, 0xcd, 0x2b,
  0xac, 0x08, 0x9b, 0xa7, 0xac, 0x08, 0xac, 0x4a, 0xb4, 0x48, 0xbc, 0xaa,
  0xc4, 0xca, 0xbc, 0xca, 0xc4, 0xaa, 0xbc, 0xea, 0xc5, 0x0b, 0xc5, 0x2c,
  0xd5, 0x4c, 0xc4, 0xeb, 0xbc, 0xa9, 0xb4, 0x89, 0xa3, 0xe7, 0xbc, 0xeb,
  0xd5, 0x2b, 0xcd, 0x4b, 0xd5, 0x2a, 0xcd, 0x2a, 0xcd, 0x0a, 0xbc, 0xc9,
  0xc4, 0xca, 0xac, 0x28, 0x9b, 0x86, 0xa4, 0x29, 0xc4, 0xa9, 0xbc, 0xc9,
  0xc4, 0xca, 0x9b, 0xa5, 0x82, 0xe5, 0x83, 0x06, 0x7a, 0xc5, 0x6a, 0x64,
  0x72, 0xc5, 0x7b, 0x48, 0x8b, 0x68, 0x93, 0xea, 0xc5, 0x0c, 0xe6, 0x31,
  0xe6, 0x10, 0xe6, 0x30, 0xe6, 0x10, 0xe6, 0x30, 0xe5, 0xef, 0xe6, 0x10,
  0xe5, 0xcf, 0xe5, 0xf0, 0xed, 0x8e, 0xe5, 0x8e, 0xed, 0x8d, 0xed, 0xae,
  0xed, 0xad, 0xe5, 0x8d, 0xed, 0x8d, 0xe5, 0x8d, 0xed, 0xcd, 0xe5, 0xee,
  0xed, 0xcd, 0xe5, 0xee, 0xed, 0xed, 0xe5, 0xcd, 0xf5, 0xed, 0xee, 0x0d,
  0xfe, 0x0c, 0xf6, 0x2d, 0xfe, 0x2d, 0xfe, 0x4e, 0xfe, 0x4d, 0xfe, 0x6e,
  0xfe, 0x4d, 0xfe, 0x4d, 0xfe, 0x2c, 0xf6, 0x0c, 0xfe, 0x2c, 0xed, 0x8a,
  0xc4, 0x47, 0xbc, 0x06, 0xbc, 0x27, 0xbc, 0x68, 0xb4, 0x07, 0xab, 0xe6,
  0x93, 0x47, 0x72, 0x64, 0x72, 0xa4, 0x7b, 0x06, 0x93, 0x66, 0x93, 0x87,
  0xab, 0xe7, 0xa3, 0xc7, 0xa3, 0x85, 0xbc, 0x48, 0xd4, 0xa9, 0xcc, 0xc9,
  0xd4, 0xe9, 0xd5, 0x2a, 0xd4, 0xe8, 0xcc, 0xc8, 0xcc, 0x87, 0xcc, 0xe9,
  0xa3, 0xa6, 0x8a, 0xe3, 0x93, 0x87, 0x8b, 0x46, 0x82, 0xe5, 0x7a, 0xe5,
  0x83, 0x05, 0x83, 0x26, 0xab, 0xe7, 0xbc, 0xaa, 0xc4, 0x47, 0xab, 0xc5,
  0xd4, 0x87, 0xf5, 0xac, 0xfd, 0x89, 0xf5, 0x69, 0xfd, 0x68, 0xed, 0x28,
  0xdc, 0xa7, 0xc4, 0x05, 0xb3, 0xa5, 0xab, 0x85, 0xbb, 0xe7, 0xb3, 0xe7,
  0xb3, 0x85, 0xbc, 0x07, 0xbb, 0xc6, 0xa3, 0x65, 0xa3, 0x45, 0x9b, 0x45,
  0x93, 0x05, 0x7a, 0x63, 0x61, 0xc3, 0x61, 0xe4, 0x72, 0x04, 0x69, 0xe4,
  0x69, 0xc3, 0x61, 0xc3, 0x8a, 0x64, 0x92, 0xe7, 0xa3, 0x05, 0x92, 0xc5,
  0x92, 0xe5, 0x82, 0x64, 0x59, 0xe3, 0x5a, 0x44, 0x52, 0x44, 0x4a, 0x44,
  0x4a, 0x44, 0x42, 0x44, 0x4a, 0x24, 0x4a, 0x65, 0x42, 0x24, 0x42, 0x45,
  0x39, 0xe4, 0x3a, 0x25, 0x42, 0x25, 0x3a, 0x25, 0x4a, 0x24, 0x42, 0x45,
  0x42, 0x03, 0x42, 0x24, 0x4a, 0x44, 0x39, 0xe3, 0x39, 0x83, 0x31, 0xa3,
  0x39, 0x83, 0x31, 0x63, 0x39, 0x83, 0x31, 0x63, 0x39, 0x63, 0x31, 0x84,
  0x49, 0xa3, 0x41, 0xc4, 0x41, 0xa3, 0x41, 0xc4, 0x4a, 0x24, 0x4a, 0x66,
  0x4a, 0x44, 0x42, 0x45, 0x5a, 0xa6, 0x4a, 0x65, 0x5a, 0xa5, 0x52, 0x85,
  0x4a, 0x44, 0x4a, 0x44, 0x4a, 0x44, 0x42, 0x24, 0x4a, 0x24, 0x42, 0x04,
  0x41, 0xe4, 0x39, 0xe4, 0x39, 0xc4, 0x31, 0xc4, 0x41, 0xe4, 0x42, 0x05,
  0x5a, 0x65, 0x52, 0x45, 0x31, 0x82, 0x31, 0xa3, 0x31, 0x83, 0x31, 0xa4,
  0x39, 0xa4, 0x31, 0xa4, 0x31, 0x83, 0x39, 0xc4, 0x39, 0xc4, 0x31, 0xa4,
  0x39, 0x83, 0x39, 0xe5, 0x41, 0xe4, 0x39, 0xe5, 0x39, 0xc4, 0x31, 0xa4,
  0x39, 0x63, 0x31, 0x84, 0x39, 0x84, 0x31, 0x64, 0x39, 0x43, 0x31, 0x64,
  0x41, 0x84, 0x31, 0x43, 0x41, 0x84, 0x41, 0xa5, 0x39, 0x84, 0x39, 0xc5,
  0xcd, 0x4a, 0xd5, 0x2a, 0xd5, 0x6b, 0xd5, 0x4a, 0xd5, 0x2a, 0xd5, 0x29,
  0xd5, 0x2a, 0xd5, 0x2a, 0xd5, 0x4b, 0xd5, 0x2a, 0xcd, 0x2a, 0xd5, 0x2a,
  0xb4, 0x6a, 0xa3, 0xe7, 0xb4, 0xab, 0xb4, 0x49, 0xac, 0x49, 0xb4, 0x68,
  0xbc, 0xca, 0xb4, 0x68, 0xb4, 0x89, 0xc4, 0xca, 0xbc, 0xeb, 0xc5, 0x0b,
  0xcd, 0x2c, 0xcd, 0x0b, 0xc4, 0xeb, 0xbc, 0x68, 0xac, 0x28, 0xb4, 0x69,
  0xc5, 0x2b, 0xcd, 0x2b, 0xcd, 0x4c, 0xd5, 0x4b, 0xc5, 0x0b, 0xc4, 0xc9,
  0xc4, 0xeb, 0xb4, 0x28, 0x9b, 0xc8, 0xac, 0x4a, 0xb4, 0xa9, 0xc4, 0xca,
  0xbc, 0xa9, 0xab, 0xe6, 0x83, 0x06, 0x83, 0x06, 0x8b, 0x88, 0x83, 0x47,
  0x72, 0xc6, 0x6a, 0x84, 0x73, 0x07, 0x83, 0x48, 0xa4, 0x4a, 0xdd, 0xd1,
  0xde, 0x11, 0xe6, 0x10, 0xe6, 0x31, 0xe6, 0x10, 0xe6, 0x11, 0xe5, 0xf0,
  0xe5, 0xf0, 0xe5, 0xcf, 0xe5, 0xcf, 0xe5, 0x8e, 0xed, 0xcf, 0xed, 0xae,
  0xed, 0xae, 0xed, 0x8d, 0xe5, 0xae, 0xed, 0x8d, 0xe5, 0xee, 0xed, 0xce,
  0xdd, 0xce, 0xe5, 0xce, 0xe5, 0xce, 0xee, 0x0e, 0xed, 0xee, 0xed, 0xcd,
  0xf6, 0x0d, 0xf6, 0x0d, 0xf6, 0x4e, 0xfe, 0x4e, 0xf6, 0x4e, 0xfe, 0x2e,
  0xf6, 0x4e, 0xfe, 0x4d, 0xfe, 0x2c, 0xfe, 0x0b, 0xfe, 0x2c, 0xfd, 0xeb,
  0xc4, 0x88, 0xb3, 0xc5, 0xb4, 0x07, 0xbc, 0x07, 0xa3, 0xe8, 0xa3, 0xa6,
  0x72, 0xa5, 0x72, 0xa5, 0x72, 0xa5, 0x8b, 0x26, 0x8b, 0x67, 0xa3, 0xc8,
  0xa3, 0xa7, 0x9b, 0x45, 0xab, 0xe7, 0xcc, 0xa9, 0xcc, 0xa9, 0xcc, 0x88,
  0xcc, 0xc9, 0xd4, 0xc9, 0xc4, 0xa9, 0xcc, 0xa8, 0xc4, 0xa9, 0xcc, 0xc9,
  0x8b, 0x25, 0x8b, 0x04, 0x93, 0xa7, 0x83, 0x05, 0x7a, 0xe5, 0x82, 0xe5,
  0x83, 0x06, 0x8b, 0x26, 0xb4, 0x28, 0xc4, 0x89, 0xb4, 0x06, 0xb3, 0xe5,
  0xdd, 0x09, 0xf5, 0x6a, 0xed, 0x48, 0xf5, 0x28, 0xed, 0x28, 0xec, 0xe7,
  0xd4, 0xa8, 0xc3, 0xc4, 0xab, 0xa7, 0xab, 0x65, 0xb3, 0xe7, 0xbc, 0x07,
  0xab, 0xa6, 0xbb, 0xe6, 0xb3, 0xc6, 0xb3, 0x85, 0xa3, 0x86, 0xa3, 0x65,
  0x8b, 0x06, 0x7a, 0x43, 0x61, 0xc4, 0x61, 0xc3, 0x6a, 0x25, 0x69, 0xe4,
  0x61, 0xc4, 0x61, 0xa3, 0x7a, 0x24, 0x92, 0xa6, 0x8a, 0xa5, 0x8a, 0x84,
  0x7a, 0x85, 0x69, 0xe2, 0x4a, 0x25, 0x52, 0x45, 0x42, 0x45, 0x4a, 0x45,
  0x42, 0x45, 0x42, 0x24, 0x4a, 0x65, 0x4a, 0x65, 0x42, 0x45, 0x42, 0x24,
  0x39, 0xe4, 0x42, 0x04, 0x42, 0x45, 0x42, 0x25, 0x42, 0x24, 0x4a, 0x24,
  0x42, 0x04, 0x42, 0x04, 0x42, 0x45, 0x41, 0xe3, 0x31, 0x63, 0x31, 0x63,
  0x29, 0x43, 0x31, 0x63, 0x31, 0x84, 0x31, 0x43, 0x31, 0x43, 0x39, 0x63,
  0x41, 0xc4, 0x49, 0xc4, 0x39, 0xa4, 0x41, 0xc4, 0x42, 0x25, 0x4a, 0x45,
  0x42, 0x45, 0x4a, 0x44, 0x4a, 0x86, 0x4a, 0x44, 0x52, 0xa6, 0x52, 0x85,
  0x42, 0x44, 0x4a, 0x44, 0x42, 0x24, 0x4a, 0x24, 0x42, 0x25, 0x4a, 0x04,
  0x39, 0xe4, 0x39, 0xa3, 0x31, 0xc4, 0x39, 0xa4, 0x39, 0xe4, 0x42, 0x05,
  0x52, 0x45, 0x52, 0x24, 0x31, 0x83, 0x31, 0x63, 0x29, 0x64, 0x31, 0x84,
  0x31, 0xa4, 0x31, 0x84, 0x31, 0xc5, 0x39, 0xa4, 0x31, 0xa4, 0x39, 0xa4,
  0x31, 0x84, 0x39, 0xc5, 0x39, 0xe5, 0x39, 0xc4, 0x31, 0xe5, 0x31, 0xa4,
  0x29, 0x84, 0x31, 0x84, 0x31, 0x64, 0x31, 0x64, 0x31, 0x64, 0x39, 0x64,
  0x39, 0x84, 0x39, 0x43, 0x39, 0x84, 0x41, 0x84, 0x39, 0x84, 0x39, 0x84,
  0xd5, 0x2a, 0xd5, 0x4a, 0xd5, 0x29, 0xcd, 0x29, 0xd5, 0x08, 0xd5, 0x29,
  0xdd, 0x2a, 0xdd, 0x6b, 0xd5, 0x2a, 0xcd, 0x2a, 0xd5, 0x2a, 0xd5, 0x6b,
  0xbc, 0x69, 0xb4, 0x69, 0xc4, 0xca, 0xb4, 0x8a, 0xbc, 0x69, 0xac, 0x48,
  0xc4, 0xa9, 0xb4, 0x89, 0xb4, 0x47, 0xbc, 0xa9, 0xc4, 0xca, 0xbc, 0xea,
  0xc4, 0xea, 0xc5, 0x0b, 0xc4, 0xca, 0xbc, 0xa9, 0xb4, 0x47, 0xb4, 0x68,
  0xc4, 0xc9, 0xc4, 0xea, 0xd5, 0x2a, 0xcd, 0x2b, 0xcd, 0x0a, 0xcd, 0x0a,
  0xcc, 0xea, 0xb4, 0x68, 0xa3, 0xc7, 0xb4, 0x6a, 0xc4, 0xa9, 0xb4, 0x68,
  0xbc, 0x68, 0xb4, 0x48, 0x82, 0xe4, 0x7a, 0xe4, 0x8b, 0x46, 0x93, 0xc8,
  0x8b, 0x67, 0x7b, 0x06, 0x72, 0xa4, 0x6a, 0xa5, 0x83, 0x26, 0xc5, 0x6f,
  0xe6, 0x31, 0xe6, 0x31, 0xee, 0x30, 0xe6, 0x31, 0xee, 0x10, 0xe5, 0xf0,
  0xed, 0xef, 0xe5, 0xd0, 0xed, 0xaf, 0xe5, 0xaf, 0xf5, 0xae, 0xe5, 0x8e,
  0xf5, 0xad, 0xed, 0xae, 0xed, 0xad, 0xe5, 0xad, 0xed, 0xcd, 0xe5, 0xce,
  0xe5, 0xcd, 0xe5, 0xce, 0xed, 0xce, 0xe5, 0xee, 0xf5, 0xed, 0xed, 0xee,
  0xf5, 0xec, 0xf6, 0x0d, 0xfe, 0x2d, 0xfe, 0x6e, 0xfe, 0x6e, 0xfe, 0x6f,
  0xfe, 0x4d, 0xfe, 0x6e, 0xfe, 0x4c, 0xf6, 0x2b, 0xfe, 0x2b, 0xfe, 0x4c,
  0xcc, 0xa7, 0xb3, 0xe5, 0xbc, 0x06, 0xb3, 0xe6, 0xa3, 0xa7, 0x7a, 0xa4,
  0x6a, 0x64, 0x72, 0xc6, 0x83, 0x06, 0x83, 0x27, 0x9b, 0x87, 0xa3, 0xe8,
  0xa3, 0x85, 0x9b, 0x86, 0xc4, 0x48, 0xcc, 0xc9, 0xd4, 0x88, 0xd4, 0xa9,
  0xcc, 0xa8, 0xcc, 0xc9, 0xcc, 0xa8, 0xc4, 0xa8, 0xcc, 0xc9, 0xc4, 0xa8,
  0x93, 0x24, 0x93, 0x66, 0x93, 0x86, 0x83, 0x45, 0x82, 0xe5, 0x7b, 0x06,
  0x8b, 0x25, 0x93, 0x87, 0xbc, 0x68, 0xbc, 0x69, 0xbc, 0x06, 0xc4, 0x67,
  0xed, 0x28, 0xed, 0x8a, 0xf5, 0x28, 0xed, 0x28, 0xed, 0x07, 0xe4, 0xe7,
  0xdc, 0xa7, 0xc4, 0x05, 0xab, 0x65, 0xa3, 0x65, 0xb3, 0xe6, 0xbc, 0x28,
  0xbb, 0xc5, 0xbc, 0x27, 0xc4, 0x06, 0xbb, 0xe6, 0xab, 0xa5, 0xab, 0x86,
  0x9b, 0x25, 0x82, 0x83, 0x61, 0xc3, 0x59, 0xc3, 0x72, 0x24, 0x62, 0x04,
  0x69, 0xe4, 0x59, 0xa3, 0x82, 0x24, 0x8a, 0xa6, 0x82, 0x84, 0x7a, 0x64,
  0x6a, 0x44, 0x5a, 0x24, 0x4a, 0x44, 0x4a, 0x65, 0x42, 0x24, 0x42, 0x65,
  0x4a, 0x44, 0x42, 0x44, 0x4a, 0x44, 0x42, 0x24, 0x4a, 0x64, 0x4a, 0x64,
  0x42, 0x03, 0x3a, 0x24, 0x42, 0x24, 0x4a, 0x66, 0x52, 0x65, 0x4a, 0x65,
  0x4a, 0x04, 0x42, 0x04, 0x4a, 0x24, 0x39, 0xe3, 0x39, 0x62, 0x31, 0x63,
  0x31, 0x43, 0x31, 0x63, 0x39, 0x83, 0x31, 0x63, 0x39, 0x63, 0x39, 0x84,
  0x49, 0xc4, 0x49, 0xe5, 0x49, 0xc4, 0x41, 0xc4, 0x41, 0xe4, 0x4a, 0x45,
  0x4a, 0x44, 0x4a, 0x65, 0x52, 0x85, 0x4a, 0x65, 0x52, 0xa5, 0x4a, 0x85,
  0x4a, 0x44, 0x42, 0x44, 0x4a, 0x44, 0x4a, 0x44, 0x4a, 0x03, 0x42, 0x04,
  0x39, 0xc3, 0x31, 0xc3, 0x39, 0xa4, 0x31, 0xc4, 0x42, 0x04, 0x42, 0x25,
  0x5a, 0x44, 0x4a, 0x04, 0x31, 0x63, 0x31, 0x83, 0x31, 0x83, 0x31, 0xa4,
  0x39, 0xa3, 0x31, 0xa4, 0x39, 0xa4, 0x31, 0xc4, 0x39, 0xc4, 0x31, 0xc4,
  0x31, 0x83, 0x39, 0xe5, 0x41, 0xe4, 0x39, 0xe4, 0x39, 0xc4, 0x31, 0xa4,
  0x31, 0x64, 0x31, 0x84, 0x39, 0x64, 0x31, 0x84, 0x39, 0x63, 0x31, 0x84,
  0x41, 0x84, 0x39, 0x64, 0x39, 0x64, 0x39, 0x84, 0x39, 0x63, 0x39, 0xa4,
  0xcd, 0x2a, 0xcd, 0x09, 0xcc, 0xe9, 0xcc, 0xe9, 0xcd, 0x29, 0xd5, 0x29,
  0xcd, 0x2a, 0xd5, 0x2a, 0xcd, 0x4a, 0xd5, 0x4a, 0xd5, 0x6c, 0xd5, 0x4b,
  0xb4, 0x8a, 0xb4, 0x48, 0xbc, 0xcb, 0xb4, 0x48, 0xa3, 0xe7, 0xb4, 0x49,
  0xb4, 0x8a, 0xb4, 0x69, 0xac, 0x48, 0xbc, 0x89, 0xb4, 0xab, 0xbc, 0xaa,
  0xbc, 0xaa, 0xbc, 0xa9, 0xbc, 0xaa, 0xbc, 0xaa, 0xb4, 0x69, 0xbc, 0x89,
  0xb4, 0x89, 0xcc, 0xca, 0xcd, 0x2a, 0xcd, 0x0a, 0xcd, 0x0b, 0xcc, 0xc9,
  0xc4, 0xca, 0xbc, 0x88, 0xa3, 0xe8, 0xb4, 0x49, 0xb4, 0x69, 0xb4, 0x28,
  0xb4, 0x69, 0xbc, 0x69, 0x8b, 0x66, 0x82, 0xe4, 0x83, 0x67, 0x93, 0xc8,
  0x93, 0xa8, 0x8b, 0x67, 0x83, 0x47, 0x83, 0x06, 0x83, 0x26, 0xa4, 0x2a,
  0xde, 0x11, 0xe6, 0x11, 0xe6, 0x31, 0xe6, 0x10, 0xe6, 0x10, 0xe6, 0x10,
  0xdd, 0xb0, 0xe5, 0xd0, 0xe5, 0xcf, 0xe5, 0xae, 0xe5, 0xae, 0xed, 0xae,
  0xe5, 0xae, 0xe5, 0x8d, 0xe5, 0xae, 0xed, 0xad, 0xdd, 0xad, 0xe5, 0x8d,
  0xdd, 0xce, 0xdd, 0x6c, 0xdd, 0xad, 0xed, 0xce, 0xed, 0xee, 0xed, 0xcd,
  0xed, 0xed, 0xf5, 0xcc, 0xf6, 0x0d, 0xfe, 0x2e, 0xf6, 0x4e, 0xfe, 0x4e,
  0xf6, 0x6e, 0xfe, 0x4e, 0xfe, 0x4d, 0xfe, 0x0c, 0xfe, 0x4d, 0xfe, 0x4c,
  0xdd, 0x4b, 0xb3, 0xe5, 0xab, 0xc6, 0xb3, 0xe6, 0x7a, 0xc5, 0x72, 0x43,
  0x6a, 0x85, 0x7a, 0xe6, 0x7b, 0x06, 0x83, 0x06, 0x93, 0x67, 0x93, 0x47,
  0x93, 0x45, 0xb3, 0xe8, 0xc4, 0x68, 0xcc, 0x68, 0xcc, 0x89, 0xcc, 0x68,
  0xc4, 0x88, 0xcc, 0xa9, 0xbc, 0x68, 0xc4, 0x67, 0xc4, 0xca, 0xab, 0xc5,
  0x8b, 0x25, 0x9b, 0x87, 0x8b, 0x66, 0x8b, 0x25, 0x7b, 0x06, 0x7a, 0xe5,
  0x8b, 0x26, 0xa3, 0xc8, 0xb4, 0x68, 0xbc, 0x68, 0xb4, 0x27, 0xd4, 0xc9,
  0xed, 0x8a, 0xf5, 0x8a, 0xed, 0x29, 0xed, 0x08, 0xe5, 0x08, 0xed, 0x08,
  0xd4, 0xa8, 0xc4, 0x05, 0xa3, 0x86, 0xa3, 0x45, 0xab, 0xe7, 0xc4, 0x28,
  0xb3, 0xe6, 0xc4, 0x27, 0xc4, 0x27, 0xc4, 0x06, 0xab, 0xc7, 0xab, 0x65,
  0x9b, 0x27, 0x8a, 0x84, 0x59, 0xc3, 0x59, 0x82, 0x6a, 0x25, 0x61, 0xe4,
  0x59, 0xa3, 0x61, 0x83, 0x7a, 0x44, 0x8a, 0xa6, 0x7a, 0xa5, 0x72, 0x23,
  0x5a, 0x65, 0x5a, 0x45, 0x4a, 0xc6, 0x42, 0x44, 0x3a, 0x05, 0x42, 0x04,
  0x42, 0x45, 0x42, 0x24, 0x4a, 0x65, 0x4a, 0x65, 0x4a, 0x86, 0x42, 0x24,
  0x42, 0x25, 0x4a, 0x45, 0x42, 0x25, 0x42, 0x05, 0x42, 0x05, 0x4a, 0x25,
  0x3a, 0x04, 0x4a, 0x25, 0x42, 0x04, 0x41, 0xe4, 0x31, 0x63, 0x31, 0x62,
  0x31, 0x64, 0x39, 0x63, 0x31, 0x64, 0x39, 0x44, 0x31, 0x64, 0x39, 0x64,
  0x49, 0xe5, 0x49, 0xc4, 0x39, 0xa4, 0x41, 0xc3, 0x41, 0xe4, 0x4a, 0x25,
  0x4a, 0x65, 0x4a, 0x45, 0x52, 0xa6, 0x52, 0x65, 0x52, 0xa6, 0x4a, 0x44,
  0x4a, 0x66, 0x4a, 0x24, 0x4a, 0x25, 0x4a, 0x25, 0x4a, 0x45, 0x41, 0xe3,
  0x31, 0xc4, 0x39, 0xa3, 0x31, 0xc5, 0x39, 0xa4, 0x39, 0xe5, 0x4a, 0x46,
  0x52, 0x86, 0x41, 0xe3, 0x29, 0x43, 0x31, 0x63, 0x31, 0x84, 0x39, 0xa4,
  0x31, 0xc5, 0x39, 0xc4, 0x31, 0xa4, 0x31, 0xa4, 0x31, 0xa4, 0x31, 0x83,
  0x31, 0xa4, 0x39, 0xc4, 0x39, 0xc4, 0x41, 0xc4, 0x39, 0xa4, 0x31, 0x63,
  0x31, 0x64, 0x31, 0x44, 0x31, 0x64, 0x39, 0x64, 0x31, 0x64, 0x31, 0x43,
  0x31, 0x84, 0x39, 0x63, 0x31, 0x64, 0x41, 0x85, 0x39, 0x85, 0x41, 0x85,
  0xd5, 0x29, 0xcd, 0x09, 0xcc, 0xe8, 0xcc, 0xe8, 0xd5, 0x08, 0xcd, 0x09,
  0xcd, 0x08, 0xcd, 0x29, 0xd5, 0x29, 0xd5, 0x4a, 0xd5, 0x4b, 0xcd, 0x4b,
  0xcc, 0xca, 0xb4, 0x48, 0xbc, 0x89, 0xb4, 0x69, 0xab, 0xc7, 0xa3, 0xe7,
  0xac, 0x07, 0xac, 0x48, 0xac, 0x07, 0xbc, 0x8a, 0xbc, 0x89, 0xb4, 0x8a,
  0xb4, 0x68, 0xb4, 0x89, 0xbc, 0x68, 0xbc, 0xca, 0xb4, 0x48, 0xb4, 0x68,
  0xbc, 0x47, 0xc4, 0xea, 0xd5, 0x09, 0xcd, 0x0a, 0xd5, 0x09, 0xc4, 0xc9,
  0xc4, 0xc9, 0xbc, 0xa9, 0xac, 0x07, 0xb4, 0x69, 0xb4, 0x48, 0xbc, 0x69,
  0xc4, 0x89, 0xb4, 0x68, 0xa3, 0xc7, 0x82, 0xe4, 0x83, 0x25, 0x9c, 0x09,
  0x9b, 0xa7, 0x8b, 0x87, 0x93, 0x87, 0x8b, 0x87, 0x83, 0x05, 0x8b, 0x67,
  0xcd, 0x4e, 0xe6, 0x11, 0xee, 0x10, 0xe6, 0x31, 0xed, 0xf0, 0xe5, 0xf0,
  0xe5, 0xcf, 0xe5, 0xf0, 0xed, 0xcf, 0xe5, 0xcf, 0xed, 0x8d, 0xed, 0xcf,
  0xed, 0xae, 0xed, 0xae, 0xe5, 0x8d, 0xe5, 0xad, 0xe5, 0xcd, 0xdd, 0x8d,
  0xe5, 0x8c, 0xdd, 0xad, 0xe5, 0xad, 0xe5, 0xce, 0xf5, 0xed, 0xee, 0x0e,
  0xf5, 0xcc, 0xf5, 0xed, 0xf5, 0xec, 0xfe, 0x4e, 0xfe, 0x2d, 0xf6, 0x2e,
  0xfe, 0x4d, 0xfe, 0x6e, 0xfe, 0x2c, 0xf6, 0x2c, 0xfe, 0x4c, 0xfe, 0x4c,
  0xf5, 0xab, 0xbc, 0x25, 0xab, 0xc7, 0x93, 0x45, 0x72, 0x43, 0x7a, 0xa5,
  0x72, 0xa5, 0x72, 0xc6, 0x82, 0xe6, 0x8b, 0x68, 0x8b, 0x46, 0x83, 0x05,
  0xab, 0xa6, 0xbc, 0x69, 0xcc, 0x47, 0xcc, 0x68, 0xcc, 0x68, 0xcc, 0xa9,
  0xc4, 0x67, 0xc4, 0x68, 0xc4, 0x67, 0xbc, 0x88, 0xc4, 0xa9, 0x9b, 0x84,
  0x93, 0x45, 0x9b, 0xa7, 0x8b, 0x45, 0x83, 0x25, 0x7a, 0xc5, 0x7a, 0xc5,
  0x93, 0x45, 0xa4, 0x29, 0xbc, 0x68, 0xb4, 0x48, 0xbc, 0x06, 0xdd, 0x2a,
  0xf5, 0x89, 0xed, 0x69, 0xed, 0x28, 0xe5, 0x28, 0xed, 0x08, 0xed, 0x08,
  0xdc, 0xa7, 0xbc, 0x05, 0xab, 0x86, 0x9b, 0x66, 0xb3, 0xe6, 0xc4, 0x69,
  0xc4, 0x06, 0xcc, 0x68, 0xcc, 0x47, 0xc4, 0x47, 0xb3, 0xa6, 0xab, 0xa6,
  0xa3, 0x46, 0x8a, 0xa4, 0x61, 0xc3, 0x59, 0xa2, 0x71, 0xe4, 0x69, 0xe4,
  0x69, 0xc3, 0x59, 0xa3, 0x7a, 0x44, 0x82, 0xc6, 0x6a, 0x23, 0x62, 0x24,
  0x52, 0x65, 0x52, 0x65, 0x4a, 0x64, 0x42, 0x85, 0x42, 0x04, 0x42, 0x25,
  0x4a, 0x24, 0x4a, 0x65, 0x52, 0x65, 0x52, 0xa6, 0x52, 0x85, 0x42, 0x24,
  0x42, 0x04, 0x42, 0x45, 0x4a, 0x46, 0x42, 0x05, 0x41, 0xc4, 0x39, 0xe4,
  0x41, 0xe4, 0x39, 0xe4, 0x42, 0x04, 0x42, 0x24, 0x39, 0x63, 0x31, 0x83,
  0x39, 0x43, 0x39, 0x64, 0x39, 0x64, 0x31, 0x64, 0x39, 0x63, 0x39, 0x84,
  0x49, 0xe4, 0x41, 0xc4, 0x41, 0xa3, 0x41, 0xc4, 0x4a, 0x04, 0x4a, 0x45,
  0x4a, 0x44, 0x4a, 0x65, 0x52, 0x85, 0x52, 0xa5, 0x52, 0x85, 0x4a, 0x65,
  0x52, 0x65, 0x42, 0x25, 0x4a, 0x24, 0x4a, 0x45, 0x4a, 0x04, 0x42, 0x04,
  0x41, 0xe4, 0x39, 0xe4, 0x39, 0xa3, 0x39, 0xe5, 0x42, 0x04, 0x4a, 0x45,
  0x5a, 0x85, 0x41, 0xe3, 0x31, 0x43, 0x31, 0x63, 0x39, 0x83, 0x39, 0xc4,
  0x39, 0xa4, 0x31, 0xc4, 0x39, 0xc4, 0x39, 0xe5, 0x39, 0xa4, 0x29, 0x83,
  0x39, 0x83, 0x4a, 0x47, 0x4a, 0x25, 0x39, 0xe4, 0x41, 0xa4, 0x31, 0x84,
  0x39, 0x64, 0x31, 0x64, 0x39, 0x64, 0x31, 0x84, 0x31, 0x63, 0x31, 0x63,
  0x41, 0x84, 0x39, 0x64, 0x39, 0x43, 0x39, 0x84, 0x41, 0x63, 0x39, 0x84,
  0xcd, 0x29, 0xd5, 0x09, 0xc4, 0xc8, 0xcc, 0xe8, 0xd5, 0x2a, 0xd5, 0x2a,
  0xcd, 0x29, 0xcd, 0x08, 0xcd, 0x2a, 0xcd, 0x2a, 0xcd, 0x4b, 0xd5, 0x4b,
  0xcc, 0xeb, 0xd5, 0x0b, 0xbc, 0x89, 0xbc, 0x69, 0xb4, 0x28, 0xa3, 0x85,
  0x9b, 0xa7, 0xb4, 0x08, 0xa3, 0xc7, 0xb4, 0x28, 0xb4, 0x69, 0xb4, 0x49,
  0xb4, 0x69, 0xb4, 0x69, 0xac, 0x48, 0xc4, 0xaa, 0xbc, 0xa9, 0xbc, 0x68,
  0xb4, 0x48, 0xbc, 0x89, 0xcc, 0xea, 0xcc, 0xc9, 0xcc, 0xe9, 0xcc, 0xa8,
  0xbc, 0xa9, 0xc4, 0xca, 0xac, 0x6a, 0xb4, 0x69, 0xb4, 0x69, 0xbc, 0x69,
  0xbc, 0xa9, 0xc4, 0xa9, 0xb4, 0x68, 0x8a, 0xe3, 0x7b, 0x06, 0x9b, 0xe9,
  0x9c, 0x29, 0x93, 0xa7, 0x8b, 0x67, 0x93, 0xa8, 0x83, 0x47, 0x83, 0x05,
  0xac, 0x8b, 0xe5, 0xf1, 0xe6, 0x10, 0xee, 0x10, 0xe5, 0xf0, 0xe5, 0xcf,
  0xe5, 0xf0, 0xed, 0xef, 0xe5, 0xf0, 0xe5, 0xd0, 0xe5, 0xaf, 0xed, 0x8e,
  0xe5, 0x8e, 0xed, 0x6d, 0xe5, 0xae, 0xed, 0x8d, 0xdd, 0xad, 0xdd, 0x6c,
  0xdd, 0x8d, 0xdd, 0x8c, 0xe5, 0xce, 0xe5, 0xad, 0xe5, 0xee, 0xed, 0xcd,
  0xed, 0xed, 0xed, 0xcc, 0xed, 0xed, 0xfe, 0x0d, 0xfe, 0x4f, 0xfe, 0x2e,
  0xf6, 0x2d, 0xfe, 0x4d, 0xfe, 0x6e, 0xfe, 0x2c, 0xfe, 0x2d, 0xfe, 0x2c,
  0xed, 0xcc, 0xbc, 0x25, 0x93, 0x87, 0x72, 0x62, 0x6a, 0x85, 0x7a, 0xa5,
  0x72, 0x85, 0x7a, 0xa5, 0x7b, 0x06, 0x8b, 0x47, 0x83, 0x05, 0x93, 0x46,
  0xbc, 0x28, 0xcc, 0x48, 0xc4, 0x47, 0xcc, 0x68, 0xcc, 0xa9, 0xcc, 0x68,
  0xc4, 0x68, 0xc4, 0x47, 0xbc, 0x48, 0xc4, 0x48, 0xbc, 0x8a, 0x93, 0x04,
  0x8b, 0x46, 0x9b, 0x87, 0x83, 0x26, 0x7a, 0xe4, 0x7a, 0xc6, 0x82, 0xe6,
  0x9b, 0xc7, 0xb4, 0x49, 0xbc, 0x49, 0xb3, 0xe7, 0xc4, 0x67, 0xe5, 0x2a,
  0xed, 0x69, 0xed, 0x48, 0xe5, 0x28, 0xe4, 0xe7, 0xe5, 0x08, 0xed, 0x08,
  0xd4, 0xc8, 0xbb, 0xe5, 0xa3, 0x87, 0x9b, 0x45, 0xb4, 0x07, 0xc4, 0x68,
  0xbc, 0x27, 0xcc, 0x88, 0xd4, 0xc9, 0xcc, 0x68, 0xa3, 0xa6, 0xb3, 0xc6,
  0x9b, 0x66, 0x92, 0xc4, 0x61, 0xc4, 0x61, 0x83, 0x72, 0x05, 0x71, 0xc4,
  0x61, 0xe4, 0x59, 0x62, 0x59, 0xe4, 0x62, 0x04, 0x4a, 0x04, 0x5a, 0x65,
  0x42, 0x66, 0x42, 0x25, 0x3a, 0x25, 0x4a, 0x45, 0x42, 0x45, 0x42, 0x24,
  0x42, 0x04, 0x4a, 0x45, 0x42, 0x45, 0x42, 0x24, 0x42, 0x45, 0x42, 0x24,
  0x3a, 0x05, 0x39, 0xc3, 0x42, 0x26, 0x42, 0x05, 0x42, 0x26, 0x42, 0x05,
  0x39, 0xe4, 0x41, 0xe4, 0x42, 0x25, 0x39, 0xe4, 0x29, 0x63, 0x31, 0x63,
  0x31, 0x64, 0x39, 0x43, 0x31, 0x84, 0x31, 0x43, 0x39, 0x63, 0x41, 0x84,
  0x41, 0xe5, 0x41, 0xa3, 0x39, 0xa4, 0x41, 0xc4, 0x4a, 0x25, 0x4a, 0x25,
  0x4a, 0x65, 0x52, 0x85, 0x4a, 0x85, 0x52, 0xa5, 0x52, 0xa6, 0x4a, 0x24,
  0x4a, 0x25, 0x4a, 0x04, 0x42, 0x25, 0x4a, 0x04, 0x42, 0x24, 0x41, 0xc3,
  0x39, 0xe4, 0x39, 0xa3, 0x31, 0xa4, 0x39, 0xc4, 0x3a, 0x05, 0x4a, 0x25,
  0x4a, 0x66, 0x41, 0xc3, 0x29, 0x63, 0x31, 0x43, 0x31, 0x84, 0x39, 0x84,
  0x31, 0xc5, 0x39, 0xa4, 0x39, 0xe5, 0x39, 0xc4, 0x31, 0xc4, 0x31, 0x63,
  0x39, 0xc5, 0x4a, 0x26, 0x42, 0x26, 0x39, 0xc4, 0x39, 0xc5, 0x31, 0x83,
  0x31, 0x64, 0x39, 0x64, 0x29, 0x64, 0x31, 0x64, 0x31, 0x64, 0x31, 0x64,
  0x39, 0x84, 0x39, 0x63, 0x31, 0x64, 0x39, 0x64, 0x39, 0x64, 0x39, 0x64,
  0xcd, 0x08, 0xc4, 0xe8, 0xcc, 0xa8, 0xcd, 0x09, 0xd5, 0x09, 0xd5, 0x4a,
  0xd5, 0x29, 0xcd, 0x29, 0xcd, 0x09, 0xcd, 0x2a, 0xd5, 0x4a, 0xd5, 0x4b,
  0xd5, 0x0a, 0xd5, 0x2b, 0xd5, 0x0a, 0xcc, 0xea, 0xc4, 0x88, 0xb4, 0x07,
  0xa3, 0x65, 0xa3, 0xc6, 0xa3, 0xc7, 0xa4, 0x08, 0xb4, 0x28, 0xb4, 0x69,
  0xac, 0x28, 0xac, 0x49, 0xbc, 0x68, 0xbc, 0xca, 0xcc, 0xea, 0xbc, 0xa9,
  0xbc, 0x47, 0xbc, 0xa9, 0xcc, 0xa8, 0xc4, 0xc8, 0xcc, 0xe9, 0xcc, 0xe9,
  0xcc, 0xea, 0xc4, 0xea, 0xb4, 0x48, 0xac, 0x49, 0xc4, 0x89, 0xbc, 0x89,
  0xc4, 0xc8, 0xc4, 0xa9, 0xbc, 0x68, 0x8b, 0x24, 0x7a, 0xe5, 0x8b, 0x88,
  0x9b, 0xe8, 0x93, 0xa7, 0x8b, 0x67, 0x8b, 0xa8, 0x9b, 0xc8, 0x8b, 0x67,
  0xa3, 0xe8, 0xcd, 0x6e, 0xe5, 0xef, 0xe6, 0x10, 0xed, 0xef, 0xe6, 0x10,
  0xe5, 0xcf, 0xe5, 0xcf, 0xe5, 0xaf, 0xe5, 0xd0, 0xed, 0x8e, 0xe5, 0xae,
  0xed, 0x6d, 0xe5, 0x8d, 0xed, 0xad, 0xed, 0xce, 0xe5, 0x8d, 0xe5, 0xae,
  0xe5, 0xad, 0xe5, 0xce, 0xe5, 0x8d, 0xe5, 0xce, 0xed, 0xcd, 0xe5, 0xce,
  0xf5, 0xec, 0xed, 0xed, 0xf5, 0xcc, 0xf6, 0x0d, 0xfe, 0x0d, 0xfe, 0x4e,
  0xfe, 0x2d, 0xfe, 0x4e, 0xfe, 0x4c, 0xfe, 0x4d, 0xfe, 0x2c, 0xfe, 0x4d,
  0xfe, 0x0d, 0xcc, 0xa8, 0x7a, 0xa4, 0x72, 0x84, 0x72, 0xa4, 0x6a, 0xa5,
  0x72, 0xa4, 0x7a, 0xc5, 0x7a, 0xc6, 0x7a, 0xe6, 0x8a, 0xe4, 0xac, 0x09,
  0xcc, 0x28, 0xc4, 0x48, 0xcc, 0x67, 0xd4, 0xc9, 0xd4, 0x88, 0xc4, 0x68,
  0xc4, 0x47, 0xc4, 0x47, 0xbc, 0x27, 0xc4, 0x89, 0xbc, 0x28, 0x8b, 0x04,
  0x93, 0x66, 0x8b, 0x66, 0x83, 0x25, 0x72, 0xc4, 0x82, 0xc5, 0x8b, 0x26,
  0xac, 0x07, 0xb4, 0x69, 0xbc, 0x27, 0xb4, 0x28, 0xd4, 0xa8, 0xe5, 0x4a,
  0xed, 0x28, 0xe5, 0x48, 0xed, 0x08, 0xe5, 0x08, 0xed, 0x07, 0xed, 0x28,
  0xd4, 0xa8, 0xbc, 0x05, 0xa3, 0x86, 0x9b, 0x46, 0xb3, 0xe7, 0xbc, 0x69,
  0xcc, 0x47, 0xd4, 0xc9, 0xd4, 0xe9, 0xcc, 0xa8, 0xb3, 0xe6, 0xb3, 0xe6,
  0xab, 0x65, 0x8a, 0xa3, 0x69, 0xa3, 0x61, 0xa3, 0x7a, 0x45, 0x69, 0xe4,
  0x59, 0xa3, 0x49, 0x62, 0x49, 0x62, 0x49, 0xa4, 0x49, 0xe4, 0x4a, 0x25,
  0x52, 0x65, 0x42, 0x45, 0x4a, 0x45, 0x42, 0x45, 0x42, 0x24, 0x42, 0x45,
  0x4a, 0x44, 0x42, 0x24, 0x4a, 0x24, 0x42, 0x24, 0x4a, 0x24, 0x42, 0x24,
  0x41, 0xe4, 0x42, 0x04, 0x4a, 0x25, 0x42, 0x25, 0x4a, 0x25, 0x42, 0x04,
  0x41, 0xe3, 0x41, 0xe4, 0x42, 0x04, 0x39, 0xe4, 0x31, 0x63, 0x31, 0xa4,
  0x39, 0x63, 0x31, 0x64, 0x39, 0x63, 0x31, 0x63, 0x39, 0x63, 0x41, 0xc5,
  0x49, 0xe4, 0x39, 0xc4, 0x39, 0x83, 0x41, 0xc4, 0x4a, 0x04, 0x4a, 0x25,
  0x52, 0x44, 0x52, 0xa6, 0x52, 0x85, 0x52, 0xa6, 0x52, 0x85, 0x4a, 0x44,
  0x4a, 0x04, 0x42, 0x24, 0x4a, 0x24, 0x4a, 0x24, 0x4a, 0x03, 0x41, 0xe3,
  0x39, 0xc3, 0x39, 0xc4, 0x39, 0xc4, 0x39, 0xe5, 0x4a, 0x04, 0x4a, 0x46,
  0x52, 0x65, 0x39, 0xc3, 0x31, 0x63, 0x31, 0x84, 0x39, 0x84, 0x31, 0xa4,
  0x39, 0xc4, 0x31, 0xc4, 0x31, 0xa3, 0x39, 0xc4, 0x39, 0xc4, 0x31, 0xa4,
  0x39, 0xa4, 0x39, 0xe5, 0x39, 0xc4, 0x39, 0xe4, 0x39, 0xc4, 0x31, 0xa4,
  0x31, 0x64, 0x31, 0x84, 0x31, 0x64, 0x31, 0x84, 0x39, 0x63, 0x31, 0x64,
  0x41, 0x84, 0x39, 0x84, 0x39, 0x43, 0x39, 0x64, 0x39, 0x63, 0x39, 0x84,
  0xc5, 0x09, 0xc4, 0xe8, 0xc4, 0xc9, 0xcc, 0xe9, 0xd5, 0x2b, 0xd5, 0x2a,
  0xd5, 0x4a, 0xcd, 0x09, 0xc5, 0x0a, 0xcd, 0x2a, 0xcd, 0x2b, 0xd5, 0x2b,
  0xd5, 0x2b, 0xcc, 0xea, 0xcd, 0x0a, 0xd5, 0x09, 0xd5, 0x0a, 0xcc, 0xc9,
  0xb4, 0x27, 0xa3, 0xa5, 0xa4, 0x08, 0xa3, 0xc7, 0x9b, 0xe8, 0x9b, 0xa7,
  0xa3, 0xe8, 0xac, 0x28, 0xb4, 0x69, 0xb4, 0x48, 0xc4, 0xea, 0xc4, 0xca,
  0xb4, 0x48, 0xbc, 0x68, 0xc4, 0xa9, 0xc4, 0xa8, 0xcc, 0xea, 0xcc, 0xea,
  0xcd, 0x0b, 0xc4, 0xa9, 0xac, 0x49, 0xb4, 0x48, 0xbc, 0x89, 0xc4, 0xa9,
  0xc4, 0xc9, 0xbc, 0x67, 0xac, 0x28, 0x9b, 0x85, 0x7a, 0xe6, 0x83, 0x06,
  0x93, 0xc9, 0x93, 0x87, 0x8b, 0x87, 0x9b, 0xe9, 0x93, 0xc8, 0x93, 0xa7,
  0x93, 0xa7, 0xbc, 0x8b, 0xdd, 0xae, 0xe5, 0xef, 0xdd, 0xcf, 0xe5, 0xcf,
  0xe5, 0xf0, 0xe5, 0xcf, 0xe5, 0xaf, 0xed, 0xcf, 0xe5, 0xaf, 0xe5, 0x6e,
  0xe5, 0x8e, 0xed, 0x8e, 0xe5, 0xae, 0xe5, 0x8d, 0xdd, 0xae, 0xe5, 0x8d,
  0xd5, 0x8d, 0xe5, 0xae, 0xdd, 0x8e, 0xe5, 0xae, 0xdd, 0xce, 0xe5, 0xcd,
  0xed, 0xed, 0xed, 0xcd, 0xed, 0xcd, 0xf5, 0xac, 0xed, 0xed, 0xf5, 0xed,
  0xf6, 0x2d, 0xf6, 0x0d, 0xf6, 0x2d, 0xf6, 0x0c, 0xfe, 0x2d, 0xfe, 0x2d,
  0xfe, 0x2f, 0xbc, 0x26, 0x6a, 0x43, 0x7a, 0x84, 0x62, 0x64, 0x6a, 0x64,
  0x6a, 0xa5, 0x72, 0x85, 0x72, 0xc6, 0x7a, 0xe6, 0x9b, 0x66, 0xbc, 0x4a,
  0xc4, 0x48, 0xc4, 0x07, 0xcc, 0x68, 0xd4, 0x88, 0xcc, 0x88, 0xc4, 0x27,
  0xbc, 0x48, 0xc4, 0x27, 0xbc, 0x69, 0xcc, 0xa9, 0x9b, 0x87, 0x8a, 0xe4,
  0x8b, 0x67, 0x82, 0xe5, 0x72, 0xa4, 0x7a, 0xa4, 0x7a, 0xc5, 0x93, 0x47,
  0xb4, 0x49, 0xbc, 0x8a, 0xb4, 0x07, 0xbc, 0x07, 0xd4, 0xe9, 0xe5, 0x29,
  0xe5, 0x49, 0xed, 0x28, 0xe5, 0x08, 0xec, 0xe8, 0xe5, 0x08, 0xed, 0x08,
  0xcc, 0x88, 0xb3, 0xc5, 0x9b, 0x87, 0x9b, 0x66, 0xab, 0xc7, 0xbc, 0x48,
  0xc4, 0x68, 0xcc, 0x88, 0xd4, 0xe9, 0xd4, 0xa8, 0xb3, 0xe7, 0xb3, 0xc6,
  0xab, 0xa7, 0x92, 0xc3, 0x61, 0xa3, 0x59, 0x62, 0x61, 0xe5, 0x61, 0xa4,
  0x49, 0x84, 0x49, 0x43, 0x41, 0x84, 0x49, 0xa4, 0x41, 0xe5, 0x41, 0xe4,
  0x4a, 0x66, 0x4a, 0x45, 0x42, 0x45, 0x42, 0x04, 0x3a, 0x05, 0x42, 0x25,
  0x4a, 0x65, 0x42, 0x24, 0x3a, 0x04, 0x42, 0x04, 0x3a, 0x04, 0x42, 0x24,
  0x42, 0x25, 0x4a, 0x25, 0x3a, 0x05, 0x4a, 0x05, 0x42, 0x25, 0x42, 0x04,
  0x42, 0x04, 0x41, 0xe4, 0x39, 0xc4, 0x39, 0xc3, 0x29, 0x63, 0x31, 0x63,
  0x31, 0x64, 0x31, 0x63, 0x31, 0x64, 0x39, 0x63, 0x39, 0x84, 0x49, 0xc5,
  0x41, 0xe5, 0x41, 0xa4, 0x31, 0x84, 0x39, 0xa4, 0x42, 0x25, 0x52, 0x45,
  0x4a, 0x65, 0x52, 0x85, 0x52, 0xa6, 0x5a, 0xa6, 0x4a, 0x65, 0x4a, 0x24,
  0x42, 0x25, 0x4a, 0x24, 0x42, 0x25, 0x42, 0x04, 0x42, 0x04, 0x41, 0xe3,
  0x31, 0xc4, 0x39, 0xa3, 0x39, 0xc5, 0x41, 0xe5, 0x4a, 0x26, 0x4a, 0x25,
  0x52, 0x66, 0x39, 0xa3, 0x29, 0x63, 0x31, 0x43, 0x31, 0x84, 0x39, 0xa4,
  0x31, 0xc4, 0x39, 0xa4, 0x31, 0xc5, 0x39, 0xc4, 0x31, 0xa4, 0x31, 0x83,
  0x31, 0xc5, 0x39, 0xa4, 0x39, 0xc4, 0x41, 0xc4, 0x31, 0xc4, 0x31, 0x83,
  0x29, 0x64, 0x31, 0x64, 0x31, 0x64, 0x31, 0x64, 0x31, 0x64, 0x31, 0x64,
  0x39, 0x85, 0x39, 0x64, 0x31, 0x44, 0x39, 0x43, 0x31, 0x64, 0x39, 0x84,
  0xcd, 0x08, 0xc5, 0x09, 0xcd, 0x09, 0xcd, 0x09, 0xdd, 0x2a, 0xd5, 0x4a,
  0xd5, 0x2a, 0xcd, 0x2a, 0xcd, 0x0a, 0xcd, 0x2b, 0xd5, 0x0a, 0xd5, 0x4b,
  0xd5, 0x0a, 0xd5, 0x2a, 0xd5, 0x09, 0xd5, 0x29, 0xdd, 0x29, 0xd5, 0x49,
  0xd5, 0x09, 0xc4, 0xa8, 0xb4, 0x07, 0xa3, 0xc7, 0x9b, 0x66, 0x93, 0x87,
  0xa3, 0xc7, 0xac, 0x29, 0xb4, 0x28, 0xac, 0x08, 0xb4, 0x47, 0xbc, 0xc9,
  0xbc, 0x47, 0xbc, 0x48, 0xc4, 0xa8, 0xc4, 0xc9, 0xcc, 0xe9, 0xcc, 0xea,
  0xcc, 0xea, 0xbc, 0xa9, 0xb4, 0x48, 0xb4, 0x49, 0xbc, 0x68, 0xbc, 0x89,
  0xc4, 0xa8, 0xbc, 0x88, 0xbc, 0x88, 0xa3, 0xe6, 0x82, 0xe5, 0x83, 0x06,
  0x9b, 0xe8, 0x8b, 0xa8, 0x8b, 0x66, 0x9b, 0xe9, 0x9b, 0xc7, 0x9b, 0xc8,
  0x93, 0x66, 0xa3, 0xe8, 0xcd, 0x2b, 0xdd, 0xcf, 0xe5, 0xcf, 0xdd, 0xcf,
  0xed, 0xef, 0xe5, 0xef, 0xe5, 0x8e, 0xe5, 0xaf, 0xed, 0xae, 0xe5, 0xcf,
  0xed, 0x8d, 0xed, 0xae, 0xed, 0x8d, 0xe5, 0xae, 0xe5, 0x8d, 0xe5, 0xce,
  0xdd, 0xad, 0xdd, 0xae, 0xe5, 0xad, 0xdd, 0xae, 0xe5, 0xcd, 0xe5, 0xce,
  0xed, 0xcc, 0xed, 0xed, 0xf5, 0xac, 0xf5, 0xec, 0xf5, 0xed, 0xf6, 0x2e,
  0xfe, 0x2d, 0xf6, 0x2d, 0xfe, 0x2c, 0xfe, 0x4d, 0xfe, 0x2c, 0xfe, 0x4c,
  0xfe, 0x2d, 0xb4, 0x04, 0x72, 0x84, 0x6a, 0x64, 0x6a, 0x44, 0x6a, 0xa5,
  0x72, 0x84, 0x72, 0xc6, 0x82, 0xc5, 0x8b, 0x26, 0xbb, 0xe7, 0xc4, 0x69,
  0xc4, 0x06, 0xc4, 0x27, 0xcc, 0x47, 0xd4, 0xa9, 0xcc, 0x67, 0xbc, 0x27,
  0xc4, 0x67, 0xbc, 0x47, 0xc4, 0x68, 0xbc, 0x68, 0x93, 0x04, 0x93, 0x25,
  0x93, 0x66, 0x7a, 0xe5, 0x7a, 0x84, 0x72, 0xa5, 0x8a, 0xe4, 0x9b, 0xa8,
  0xc4, 0x89, 0xbc, 0x69, 0xbc, 0x07, 0xbc, 0x48, 0xe5, 0x08, 0xe5, 0x29,
  0xed, 0x07, 0xe5, 0x28, 0xed, 0x07, 0xe5, 0x08, 0xe4, 0xc7, 0xe4, 0xe8,
  0xcc, 0x47, 0xb3, 0xe6, 0xa3, 0x86, 0x9b, 0x65, 0xb4, 0x06, 0xc4, 0x89,
  0xcc, 0x87, 0xcc, 0xa8, 0xd4, 0xa8, 0xcc, 0xa8, 0xb3, 0xe5, 0xb3, 0xe6,
  0xb3, 0xc7, 0x92, 0xe3, 0x69, 0xe3, 0x51, 0x41, 0x51, 0x84, 0x49, 0x84,
  0x41, 0x42, 0x41, 0x63, 0x49, 0xe4, 0x4a, 0x26, 0x42, 0x04, 0x39, 0xc4,
  0x4a, 0x45, 0x4a, 0x65, 0x4a, 0x24, 0x42, 0x24, 0x42, 0x04, 0x42, 0x25,
  0x42, 0x24, 0x42, 0x45, 0x4a, 0x04, 0x42, 0x24, 0x4a, 0x24, 0x4a, 0x45,
  0x42, 0x04, 0x42, 0x25, 0x41, 0xe4, 0x42, 0x05, 0x4a, 0x04, 0x39, 0xe4,
  0x42, 0x04, 0x39, 0xc3, 0x41, 0xc3, 0x39, 0xc4, 0x31, 0x43, 0x31, 0x63,
  0x31, 0x63, 0x31, 0x83, 0x39, 0x63, 0x31, 0x84, 0x41, 0x83, 0x4a, 0x05,
  0x4a, 0x04, 0x41, 0xe4, 0x39, 0x83, 0x39, 0xc4, 0x4a, 0x04, 0x4a, 0x45,
  0x52, 0x64, 0x5a, 0xc6, 0x5a, 0xa5, 0x5a, 0xc6, 0x52, 0x64, 0x42, 0x44,
  0x4a, 0x24, 0x42, 0x24, 0x42, 0x03, 0x42, 0x24, 0x4a, 0x04, 0x42, 0x04,
  0x39, 0xc3, 0x39, 0xc4, 0x41, 0xc4, 0x39, 0xe5, 0x4a, 0x04, 0x4a, 0x46,
  0x52, 0x44, 0x39, 0xc3, 0x31, 0x43, 0x31, 0x63, 0x39, 0x84, 0x39, 0xc5,
  0x39, 0xc4, 0x39, 0xc4, 0x39, 0xa4, 0x31, 0xa4, 0x39, 0xa4, 0x31, 0xa4,
  0x39, 0xa4, 0x39, 0xa4, 0x41, 0xc4, 0x41, 0xe4, 0x41, 0xe4, 0x31, 0xa3,
  0x31, 0x63, 0x31, 0x84, 0x39, 0x64, 0x31, 0x84, 0x39, 0x63, 0x31, 0x63,
  0x39, 0x63, 0x39, 0x84, 0x39, 0x63, 0x31, 0x63, 0x39, 0x63, 0x39, 0xa5,
  0xc5, 0x09, 0xc4, 0xe9, 0xc4, 0xe9, 0xcd, 0x09, 0xcd, 0x0a, 0xcc, 0xe9,
  0xcd, 0x2a, 0xcd, 0x0a, 0xc5, 0x0a, 0xcd, 0x0a, 0xcd, 0x2b, 0xcd, 0x0a,
  0xcc, 0xea, 0xd5, 0x0a, 0xcd, 0x0a, 0xd5, 0x2a, 0xd5, 0x29, 0xd5, 0x09,
  0xd5, 0x4a, 0xd5, 0x29, 0xc4, 0xca, 0xb4, 0x27, 0x9b, 0xa8, 0xa3, 0xa7,
  0x9b, 0xa7, 0xa3, 0xe8, 0xa4, 0x08, 0xa3, 0xe7, 0xac, 0x68, 0xc4, 0xc9,
  0xb4, 0x48, 0xb4, 0x07, 0xbc, 0xa9, 0xc4, 0xa9, 0xc4, 0xea, 0xcc, 0xea,
  0xc5, 0x0b, 0xbc, 0x88, 0xac, 0x29, 0xac, 0x08, 0xbc, 0x8a, 0xbc, 0x69,
  0xbc, 0x88, 0xc4, 0x88, 0xbc, 0xca, 0xac, 0x07, 0x83, 0x26, 0x8b, 0x26,
  0xa4, 0x4a, 0x93, 0xa8, 0x83, 0x47, 0x8b, 0x67, 0x93, 0xa7, 0x93, 0x87,
  0x93, 0x66, 0x9b, 0x86, 0xac, 0x49, 0xdd, 0x6d, 0xdd, 0xcf, 0xe5, 0xcf,
  0xdd, 0xf0, 0xe5, 0xcf, 0xdd, 0x8e, 0xe5, 0x8e, 0xe5, 0xaf, 0xe5, 0x8e,
  0xe5, 0xaf, 0xe5, 0x6d, 0xe5, 0xae, 0xed, 0x8e, 0xe5, 0xcf, 0xe5, 0xae,
  0xdd, 0xce, 0xdd, 0xae, 0xdd, 0xae, 0xdd, 0x8e, 0xdd, 0xad, 0xe5, 0xad,
  0xe5, 0xac, 0xed, 0xcc, 0xed, 0xac, 0xed, 0x8b, 0xed, 0xcd, 0xfe, 0x0d,
  0xf6, 0x2e, 0xf6, 0x0d, 0xf6, 0x2d, 0xfe, 0x2d, 0xfe, 0x2c, 0xfe, 0x0c,
  0xf6, 0x2d, 0xcc, 0xa7, 0x6a, 0x63, 0x6a, 0x22, 0x62, 0x65, 0x6a, 0x85,
  0x6a, 0x85, 0x7a, 0xc6, 0x83, 0x05, 0xa3, 0xa8, 0xbc, 0x49, 0xbb, 0xe7,
  0xbc, 0x06, 0xcc, 0x27, 0xcc, 0x68, 0xd4, 0x88, 0xc4, 0x68, 0xc4, 0x27,
  0xc4, 0x68, 0xbc, 0x27, 0xc4, 0x89, 0xab, 0xc6, 0x8a, 0xe5, 0x93, 0x26,
  0x83, 0x26, 0x7a, 0xc4, 0x72, 0xa5, 0x72, 0xa5, 0x8b, 0x06, 0xac, 0x09,
  0xbc, 0x89, 0xb4, 0x48, 0xab, 0xc6, 0xc4, 0x69, 0xdd, 0x29, 0xe5, 0x29,
  0xe5, 0x28, 0xe5, 0x07, 0xe4, 0xe8, 0xe4, 0xc7, 0xdc, 0xc8, 0xec, 0xe8,
  0xc4, 0x68, 0xb3, 0xc5, 0x9b, 0xa6, 0x9b, 0x45, 0xac, 0x07, 0xc4, 0x48,
  0xc4, 0x68, 0xc4, 0x67, 0xcc, 0xa8, 0xd4, 0x88, 0xb4, 0x06, 0xb3, 0xe6,
  0xab, 0xe7, 0x9b, 0x04, 0x62, 0x04, 0x49, 0x21, 0x41, 0x64, 0x41, 0x63,
  0x41, 0x84, 0x41, 0x84, 0x41, 0xe5, 0x4a, 0x05, 0x39, 0xe4, 0x41, 0xe4,
  0x4a, 0x66, 0x52, 0x65, 0x42, 0x25, 0x42, 0x04, 0x42, 0x25, 0x42, 0x25,
  0x42, 0x45, 0x4a, 0x25, 0x42, 0x25, 0x41, 0xe4, 0x42, 0x25, 0x41, 0xe4,
  0x3a, 0x05, 0x41, 0xe4, 0x39, 0xe4, 0x42, 0x05, 0x42, 0x05, 0x41, 0xc4,
  0x39, 0xc4, 0x39, 0xc4, 0x41, 0xc4, 0x39, 0x83, 0x39, 0xa5, 0x31, 0x63,
  0x29, 0x84, 0x31, 0x84, 0x31, 0x84, 0x39, 0x63, 0x39, 0xa4, 0x49, 0xe5,
  0x41, 0xe4, 0x41, 0xc3, 0x31, 0x83, 0x41, 0xa4, 0x4a, 0x45, 0x4a, 0x25,
  0x52, 0x85, 0x5a, 0xa5, 0x5a, 0xc6, 0x5a, 0xa5, 0x4a, 0x65, 0x42, 0x24,
  0x42, 0x45, 0x42, 0x24, 0x42, 0x45, 0x42, 0x04, 0x42, 0x24, 0x41, 0xe3,
  0x39, 0xc4, 0x39, 0xa3, 0x39, 0xe5, 0x39, 0xc4, 0x42, 0x26, 0x52, 0x46,
  0x4a, 0x45, 0x39, 0xa2, 0x29, 0x63, 0x31, 0x43, 0x31, 0x64, 0x39, 0x84,
  0x31, 0xc4, 0x39, 0xc4, 0x31, 0xa4, 0x31, 0xa4, 0x31, 0xa4, 0x39, 0xa4,
  0x31, 0xa4, 0x39, 0xa4, 0x39, 0xc5, 0x41, 0xc4, 0x39, 0xe5, 0x39, 0xa3,
  0x31, 0x64, 0x39, 0x64, 0x31, 0x84, 0x39, 0x64, 0x31, 0x64, 0x31, 0x43,
  0x39, 0x85, 0x41, 0x84, 0x39, 0x64, 0x31, 0x23, 0x31, 0x64, 0x39, 0x64,
  0xcd, 0x09, 0xc5, 0x09, 0xcd, 0x08, 0xcd, 0x09, 0xd5, 0x08, 0xcd, 0x09,
  0xd5, 0x09, 0xcd, 0x2a, 0xcd, 0x09, 0xc5, 0x0a, 0xcc, 0xe9, 0xcd, 0x0a,
  0xcd, 0x09, 0xcd, 0x2a, 0xd5, 0x09, 0xcd, 0x2a, 0xd5, 0x29, 0xd5, 0x49,
  0xd5, 0x29, 0xd5, 0x29, 0xd5, 0x09, 0xcc, 0xe9, 0xbc, 0x68, 0xac, 0x28,
  0xa3, 0xc7, 0xa4, 0x28, 0xb4, 0x48, 0xa3, 0xe7, 0xbc, 0x88, 0xc4, 0xea,
  0xc4, 0x88, 0xb4, 0x48, 0xcc, 0xa8, 0xc4, 0xc8, 0xcc, 0xc9, 0xcd, 0x0a,
  0xcd, 0x0a, 0xbc, 0xa9, 0xb4, 0x28, 0xb4, 0x49, 0xc4, 0xa9, 0xbc, 0x89,
  0xc4, 0xa8, 0xbc, 0xa8, 0xbc, 0xa8, 0xac, 0x27, 0x8b, 0x25, 0x8b, 0x46,
  0xa4, 0x09, 0x9c, 0x09, 0x8b, 0x26, 0x8b, 0x67, 0x8b, 0x67, 0x93, 0xa8,
  0x93, 0x86, 0x93, 0xc7, 0xac, 0x28, 0xbc, 0xeb, 0xe5, 0xae, 0xdd, 0xae,
  0xe5, 0xae, 0xe5, 0xef, 0xe5, 0xae, 0xe5, 0xae, 0xed, 0xcf, 0xe5, 0xcf,
  0xed, 0xae, 0xe5, 0xaf, 0xed, 0xad, 0xe5, 0xad, 0xe5, 0xce, 0xe5, 0xcf,
  0xdd, 0xad, 0xdd, 0xae, 0xe5, 0xad, 0xe5, 0xce, 0xe5, 0xad, 0xe5, 0xee,
  0xed, 0xcc, 0xe5, 0xcd, 0xed, 0xac, 0xed, 0xac, 0xf5, 0xcc, 0xf6, 0x0d,
  0xfe, 0x0d, 0xf6, 0x0e, 0xfe, 0x0c, 0xfe, 0x2d, 0xfe, 0x0b, 0xfe, 0x2b,
  0xfe, 0x2d, 0xd5, 0x29, 0x82, 0xa3, 0x6a, 0x22, 0x6a, 0x64, 0x6a, 0x85,
  0x7a, 0xa5, 0x83, 0x06, 0xa3, 0x45, 0xbc, 0x49, 0xc4, 0x27, 0xbb, 0xe7,
  0xc3, 0xe6, 0xcc, 0x48, 0xd4, 0x67, 0xd4, 0x88, 0xcc, 0x47, 0xc4, 0x67,
  0xc4, 0x47, 0xbc, 0x67, 0xc4, 0x69, 0x93, 0x44, 0x8b, 0x05, 0x93, 0x46,
  0x8b, 0x05, 0x7a, 0xc4, 0x7a, 0x84, 0x72, 0xa5, 0x9b, 0x65, 0xb4, 0x4a,
  0xb4, 0x27, 0xac, 0x07, 0xbc, 0x06, 0xcc, 0xca, 0xe5, 0x08, 0xe5, 0x08,
  0xed, 0x07, 0xe5, 0x07, 0xe4, 0xc7, 0xdc, 0xc7, 0xe4, 0xc7, 0xe4, 0xe8,
  0xc4, 0x06, 0xb3, 0xc5, 0xab, 0x86, 0x9b, 0x65, 0xb3, 0xa6, 0xbc, 0x48,
  0xcc, 0x47, 0xc4, 0x47, 0xcc, 0x67, 0xcc, 0xa8, 0xbc, 0x06, 0xb4, 0x06,
  0xbc, 0x07, 0xa3, 0x65, 0x6a, 0x04, 0x49, 0x20, 0x39, 0x63, 0x39, 0x83,
  0x52, 0x25, 0x41, 0xe5, 0x41, 0xc4, 0x42, 0x05, 0x41, 0xe3, 0x4a, 0x66,
  0x4a, 0x45, 0x4a, 0x86, 0x4a, 0x64, 0x42, 0x24, 0x42, 0x04, 0x42, 0x45,
  0x4a, 0x45, 0x3a, 0x04, 0x42, 0x04, 0x42, 0x24, 0x42, 0x03, 0x42, 0x44,
  0x4a, 0x45, 0x42, 0x04, 0x42, 0x04, 0x42, 0x25, 0x41, 0xe4, 0x42, 0x05,
  0x41, 0xc3, 0x42, 0x05, 0x41, 0xe4, 0x39, 0xc3, 0x39, 0x83, 0x31, 0x83,
  0x39, 0x63, 0x31, 0x84, 0x41, 0x83, 0x39, 0x84, 0x51, 0xe4, 0x49, 0xe4,
  0x4a, 0x04, 0x41, 0xe4, 0x39, 0x83, 0x39, 0xc4, 0x4a, 0x24, 0x4a, 0x45,
  0x5a, 0xc5, 0x5a, 0xe6, 0x62, 0xc5, 0x52, 0xa5, 0x4a, 0x65, 0x42, 0x44,
  0x4a, 0x04, 0x42, 0x05, 0x4a, 0x04, 0x42, 0x25, 0x41, 0xe4, 0x39, 0xe4,
  0x39, 0xc3, 0x39, 0xc4, 0x39, 0xc4, 0x39, 0xe4, 0x4a, 0x24, 0x4a, 0x66,
  0x4a, 0x24, 0x39, 0xc3, 0x31, 0x43, 0x31, 0x64, 0x39, 0x83, 0x39, 0xa4,
  0x39, 0xa4, 0x39, 0xe4, 0x39, 0xa3, 0x31, 0xa4, 0x39, 0xa4, 0x39, 0xc5,
  0x39, 0xa4, 0x39, 0xa4, 0x41, 0xc4, 0x41, 0xe4, 0x41, 0xc4, 0x31, 0xa3,
  0x39, 0x63, 0x39, 0x84, 0x41, 0xa4, 0x39, 0x84, 0x39, 0x64, 0x31, 0x64,
  0x39, 0x64, 0x41, 0xa5, 0x39, 0x63, 0x31, 0x43, 0x39, 0x63, 0x39, 0xa4,
  0xcd, 0x4a, 0xc5, 0x09, 0xcd, 0x0a, 0xd5, 0x2a, 0xcd, 0x2a, 0xcd, 0x09,
  0xc5, 0x09, 0xcd, 0x09, 0xcd, 0x0a, 0xd5, 0x0a, 0xc4, 0xea, 0xcc, 0xea,
  0xcd, 0x2a, 0xcc, 0xe9, 0xcd, 0x2a, 0xcc, 0xe9, 0xd5, 0x2a, 0xd5, 0x09,
  0xd5, 0x4a, 0xd5, 0x29, 0xcd, 0x2a, 0xd5, 0x2a, 0xc5, 0x0b, 0xbc, 0x89,
  0xb4, 0x69, 0xa3, 0xe7, 0xac, 0x49, 0xac, 0x08, 0xac, 0x28, 0xc4, 0xca,
  0xbc, 0xa8, 0xbc, 0x67, 0xbc, 0x88, 0xc4, 0x88, 0xc4, 0xea, 0xcc, 0xea,
  0xbc, 0xc9, 0xbc, 0x88, 0xac, 0x29, 0xb4, 0x49, 0xb4, 0x89, 0xbc, 0xa9,
  0xc4, 0xea, 0xbc, 0x88, 0xb4, 0x68, 0xb4, 0x27, 0x93, 0xa7, 0x8b, 0x25,
  0x9c, 0x09, 0x9b, 0xa7, 0x93, 0x88, 0x8b, 0x46, 0x83, 0x67, 0x8b, 0x87,
  0x8b, 0x87, 0x93, 0x66, 0x93, 0x87, 0xac, 0x29, 0xd5, 0x4e, 0xe5, 0xaf,
  0xdd, 0xaf, 0xe5, 0xae, 0xe5, 0xf0, 0xe5, 0xae, 0xe5, 0xaf, 0xed, 0xcf,
  0xe5, 0xaf, 0xe5, 0x8e, 0xe5, 0xae, 0xed, 0xad, 0xe5, 0xae, 0xe5, 0xae,
  0xdd, 0xce, 0xdd, 0xad, 0xdd, 0xae, 0xdd, 0x8d, 0xdd, 0xad, 0xdd, 0x6c,
  0xe5, 0xad, 0xed, 0xcd, 0xe5, 0xad, 0xed, 0xcc, 0xed, 0xcd, 0xed, 0xac,
  0xf6, 0x0e, 0xf5, 0xed, 0xf6, 0x0d, 0xf6, 0x0c, 0xfe, 0x2c, 0xfe, 0x0b,
  0xf6, 0x2d, 0xe5, 0x8a, 0x8b, 0x25, 0x6a, 0x01, 0x62, 0x45, 0x72, 0xa6,
  0x7a, 0xc5, 0x93, 0x27, 0xb4, 0x08, 0xc4, 0x49, 0xbc, 0x07, 0xbb, 0xe6,
  0xcc, 0x48, 0xcc, 0x07, 0xcc, 0x68, 0xd4, 0x67, 0xc4, 0x67, 0xcc, 0x47,
  0xbc, 0x68, 0xc4, 0x47, 0xac, 0x08, 0x8a, 0xc3, 0x8b, 0x47, 0x93, 0x46,
  0x7a, 0xe5, 0x7a, 0xa4, 0x72, 0xa5, 0x82, 0xc5, 0x9b, 0x86, 0xb4, 0x29,
  0xac, 0x08, 0xab, 0xc6, 0xbc, 0x07, 0xd4, 0xea, 0xdd, 0x08, 0xe4, 0xe8,
  0xe5, 0x28, 0xe5, 0x07, 0xe4, 0xe7, 0xe4, 0xa6, 0xe4, 0xe8, 0xe4, 0xc7,
  0xbc, 0x47, 0xab, 0x84, 0x9b, 0x66, 0x9b, 0x66, 0xab, 0xc7, 0xbc, 0x07,
  0xc4, 0x68, 0xbc, 0x27, 0xc4, 0x88, 0xd4, 0xa8, 0xbc, 0x27, 0xbb, 0xe6,
  0xb3, 0xe7, 0xab, 0x65, 0x62, 0x04, 0x51, 0x41, 0x31, 0x64, 0x39, 0x64,
  0x41, 0xe5, 0x39, 0xa4, 0x39, 0x84, 0x41, 0xc4, 0x3a, 0x05, 0x42, 0x05,
  0x3a, 0x25, 0x42, 0x24, 0x3a, 0x05, 0x42, 0x04, 0x42, 0x45, 0x4a, 0x45,
  0x42, 0x45, 0x42, 0x25, 0x4a, 0x45, 0x4a, 0x24, 0x42, 0x45, 0x52, 0x65,
  0x42, 0x25, 0x41, 0xe4, 0x42, 0x05, 0x41, 0xe4, 0x42, 0x05, 0x39, 0xa4,
  0x39, 0xa4, 0x41, 0xe4, 0x39, 0xe4, 0x39, 0xa3, 0x31, 0xa4, 0x31, 0x62,
  0x31, 0x64, 0x39, 0x63, 0x39, 0x64, 0x39, 0x64, 0x49, 0xe5, 0x49, 0xc4,
  0x42, 0x05, 0x41, 0xc3, 0x31, 0x84, 0x41, 0xa4, 0x4a, 0x05, 0x52, 0x05,
  0x5a, 0xe6, 0x62, 0xe6, 0x5a, 0xe6, 0x52, 0x64, 0x42, 0x45, 0x42, 0x24,
  0x42, 0x25, 0x42, 0x04, 0x42, 0x25, 0x41, 0xe4, 0x3a, 0x04, 0x41, 0xe4,
  0x39, 0xe4, 0x39, 0xc4, 0x39, 0xe5, 0x41, 0xe4, 0x42, 0x45, 0x4a, 0x45,
  0x4a, 0x25, 0x39, 0x83, 0x31, 0x64, 0x31, 0x64, 0x31, 0x84, 0x39, 0xa4,
  0x31, 0xc4, 0x39, 0xc4, 0x39, 0xe5, 0x31, 0xa4, 0x31, 0xa4, 0x39, 0xa4,
  0x31, 0xa4, 0x39, 0xa4, 0x39, 0xc4, 0x41, 0xc4, 0x39, 0xe5, 0x31, 0x83,
  0x31, 0x64, 0x39, 0x84, 0x31, 0x84, 0x31, 0x43, 0x31, 0x64, 0x31, 0x64,
  0x31, 0x64, 0x41, 0xa5, 0x39, 0x85, 0x31, 0x43, 0x31, 0x64, 0x39, 0x84,
  0xcd, 0x29, 0xc5, 0x29, 0xd5, 0x29, 0xd5, 0x6b, 0xdd, 0x8b, 0xcd, 0x2a,
  0xd5, 0x09, 0xcd, 0x09, 0xd5, 0x09, 0xcd, 0x09, 0xd5, 0x0a, 0xcd, 0x2a,
  0xcd, 0x29, 0xcd, 0x4a, 0xd5, 0x29, 0xcd, 0x2a, 0xd5, 0x29, 0xd5, 0x29,
  0xd5, 0x29, 0xd5, 0x29, 0xd5, 0x29, 0xcd, 0x2a, 0xd5, 0x2a, 0xcd, 0x2a,
  0xc4, 0xc9, 0xb4, 0x47, 0xa3, 0xc7, 0xa3, 0xe8, 0xac, 0x07, 0xbc, 0xcb,
  0xcc, 0xe8, 0xbc, 0xa7, 0xc4, 0xa8, 0xbc, 0x88, 0xcc, 0xe9, 0xbc, 0xc9,
  0xc4, 0xe9, 0xbc, 0xa9, 0xb4, 0x48, 0xb4, 0x89, 0xb4, 0x69, 0xbc, 0xeb,
  0xc4, 0xea, 0xb4, 0x88, 0xab, 0xe6, 0xb4, 0x48, 0xab, 0xe7, 0x93, 0x66,
  0x9b, 0xc7, 0xa4, 0x29, 0xa3, 0xe9, 0x8b, 0x67, 0x8b, 0x46, 0x93, 0xa8,
  0x9b, 0xa7, 0x8b, 0x67, 0x93, 0x45, 0xa4, 0x29, 0xc4, 0xcb, 0xdd, 0xcf,
  0xe5, 0xcf, 0xdd, 0xcf, 0xe5, 0xae, 0xe5, 0xcf, 0xe5, 0xaf, 0xe5, 0xaf,
  0xed, 0x8e, 0xe5, 0x8e, 0xed, 0xad, 0xed, 0xce, 0xe5, 0x8d, 0xe5, 0xad,
  0xe5, 0xad, 0xe5, 0xce, 0xe5, 0x6c, 0xdd, 0xad, 0xdd, 0x8c, 0xdd, 0xad,
  0xed, 0xad, 0xe5, 0xcd, 0xed, 0xac, 0xed, 0xcd, 0xed, 0xac, 0xed, 0xed,
  0xf5, 0xec, 0xf6, 0x0d, 0xf6, 0x0c, 0xf6, 0x2d, 0xfe, 0x2c, 0xfe, 0x4d,
  0xfe, 0x2c, 0xed, 0xcb, 0xab, 0xc6, 0x7a, 0x81, 0x72, 0x84, 0x7a, 0xc6,
  0x92, 0xe5, 0xac, 0x09, 0xcc, 0x48, 0xc4, 0x48, 0xbb, 0xe6, 0xbc, 0x07,
  0xcc, 0x47, 0xcc, 0x47, 0xd4, 0x46, 0xd4, 0x67, 0xcc, 0x67, 0xc4, 0x47,
  0xc4, 0x67, 0xc4, 0x88, 0xa3, 0x86, 0x8a, 0xe4, 0x93, 0x46, 0x8b, 0x26,
  0x7a, 0xa4, 0x72, 0xa5, 0x82, 0xa4, 0x82, 0xe5, 0xab, 0xc7, 0xb4, 0x08,
  0xb4, 0x06, 0xab, 0xe6, 0xcc, 0x47, 0xd4, 0xe9, 0xed, 0x28, 0xe5, 0x08,
  0xed, 0x27, 0xe5, 0x07, 0xec, 0xe6, 0xe4, 0xe7, 0xec, 0xe7, 0xe4, 0xe7,
  0xbb, 0xe5, 0xab, 0xa4, 0x9b, 0x85, 0x9b, 0x86, 0xab, 0xc6, 0xb4, 0x27,
  0xc4, 0x47, 0xab, 0xc5, 0xc4, 0x26, 0xcc, 0xa8, 0xc4, 0x26, 0xb3, 0xe5,
  0xbb, 0xe6, 0xab, 0x85, 0x72, 0x23, 0x51, 0x61, 0x39, 0x63, 0x39, 0x84,
  0x41, 0xc4, 0x39, 0xc4, 0x41, 0xc4, 0x41, 0xe4, 0x41, 0xe4, 0x42, 0x04,
  0x42, 0x04, 0x42, 0x25, 0x42, 0x04, 0x42, 0x25, 0x4a, 0x45, 0x4a, 0x66,
  0x4a, 0x04, 0x4a, 0x45, 0x52, 0x44, 0x4a, 0x45, 0x4a, 0x24, 0x4a, 0x65,
  0x4a, 0x24, 0x42, 0x24, 0x4a, 0x45, 0x42, 0x25, 0x41, 0xc4, 0x39, 0xc4,
  0x41, 0xc4, 0x4a, 0x25, 0x41, 0xe4, 0x39, 0xe4, 0x39, 0x83, 0x31, 0x83,
  0x39, 0x43, 0x39, 0x64, 0x39, 0x43, 0x39, 0x84, 0x49, 0xc4, 0x4a, 0x05,
  0x41, 0xe3, 0x41, 0xe3, 0x39, 0x83, 0x39, 0x84, 0x49, 0xe4, 0x52, 0x46,
  0x6b, 0x06, 0x63, 0x06, 0x62, 0xc5, 0x4a, 0x64, 0x4a, 0x44, 0x42, 0x44,
  0x42, 0x04, 0x42, 0x24, 0x41, 0xe4, 0x42, 0x04, 0x42, 0x04, 0x42, 0x04,
  0x39, 0xc3, 0x39, 0xe4, 0x42, 0x04, 0x42, 0x05, 0x4a, 0x04, 0x4a, 0x66,
  0x4a, 0x25, 0x39, 0xa3, 0x31, 0x63, 0x39, 0x84, 0x41, 0xa4, 0x39, 0xc5,
  0x39, 0xa3, 0x39, 0xc4, 0x39, 0xe4, 0x31, 0xc4, 0x39, 0xc4, 0x39, 0xe4,
  0x39, 0xa4, 0x31, 0xa4, 0x42, 0x04, 0x42, 0x05, 0x41, 0xc4, 0x39, 0xa4,
  0x39, 0x63, 0x39, 0x84, 0x39, 0x84, 0x31, 0x84, 0x39, 0x84, 0x31, 0x84,
  0x39, 0x64, 0x39, 0xa5, 0x41, 0x84, 0x39, 0x63, 0x39, 0x83, 0x39, 0xa4,
  0xcd, 0x4a, 0xcd, 0x09, 0xcd, 0x4b, 0xdd, 0x8b, 0xd5, 0x6b, 0xcd, 0x2a,
  0xcd, 0x2a, 0xcd, 0x29, 0xc5, 0x0a, 0xcd, 0x2a, 0xcd, 0x4b, 0xcd, 0x2a,
  0xcd, 0x4b, 0xcd, 0x2a, 0xcd, 0x4a, 0xd5, 0x2a, 0xd5, 0x4a, 0xd5, 0x09,
  0xcd, 0x29, 0xd5, 0x08, 0xcd, 0x4a, 0xcd, 0x09, 0xcd, 0x2a, 0xcd, 0x09,
  0xcd, 0x2b, 0xc4, 0xc9, 0xac, 0x08, 0xa3, 0x86, 0xa3, 0xc8, 0xb4, 0x29,
  0xc4, 0xca, 0xc4, 0xc9, 0xbc, 0xa9, 0xc4, 0xa9, 0xbc, 0xa9, 0xbc, 0x89,
  0xc4, 0xea, 0xc4, 0xa9, 0xb4, 0x8a, 0xb4, 0x49, 0xb4, 0x8a, 0xb4, 0x8a,
  0xb4, 0x89, 0xb4, 0x28, 0xac, 0x28, 0xbc, 0x48, 0x9b, 0xc7, 0x93, 0x45,
  0x93, 0xa7, 0xa3, 0xe8, 0x93, 0xe9, 0x93, 0x87, 0x8b, 0x88, 0x8b, 0x67,
  0x93, 0xc8, 0x93, 0x88, 0x83, 0x25, 0x9b, 0xa7, 0xac, 0x4a, 0xd5, 0x4d,
  0xe5, 0xd0, 0xe5, 0xaf, 0xdd, 0xcf, 0xe5, 0xcf, 0xe5, 0xaf, 0xe5, 0xaf,
  0xe5, 0xaf, 0xe5, 0x8e, 0xe5, 0xae, 0xed, 0x8d, 0xe5, 0x8d, 0xe5, 0xad,
  0xe5, 0xcf, 0xe5, 0xae, 0xdd, 0xae, 0xdd, 0x8d, 0xdd, 0xad, 0xdd, 0x8d,
  0xdd, 0xad, 0xe5, 0x8d, 0xe5, 0xac, 0xed, 0xcc, 0xed, 0xcd, 0xed, 0xcd,
  0xee, 0x0e, 0xf6, 0x0d, 0xf6, 0x2d, 0xfe, 0x0d, 0xfe, 0x2d, 0xfe, 0x2d,
  0xfe, 0x4d, 0xfe, 0x4d, 0xbc, 0x89, 0x8a, 0xa1, 0x7a, 0xa5, 0x8b, 0x06,
  0xab, 0xa7, 0xc4, 0x6a, 0xcc, 0x69, 0xc4, 0x07, 0xb3, 0xe7, 0xbc, 0x28,
  0xcc, 0x48, 0xcc, 0x47, 0xcc, 0x68, 0xcc, 0x47, 0xcc, 0x88, 0xc4, 0x47,
  0xc4, 0x69, 0xc4, 0x68, 0x8b, 0x46, 0x82, 0xc4, 0x83, 0x27, 0x7a, 0xc5,
  0x7a, 0xc5, 0x7a, 0x84, 0x7a, 0x84, 0x93, 0x26, 0xab, 0xe7, 0xb3, 0xe7,
  0xab, 0xc6, 0xb3, 0xe6, 0xcc, 0x88, 0xdc, 0xe9, 0xdd, 0x08, 0xe4, 0xe8,
  0xe5, 0x08, 0xe4, 0xe7, 0xe5, 0x07, 0xed, 0x07, 0xe4, 0xe8, 0xdc, 0xa7,
  0xb4, 0x06, 0xab, 0x64, 0x9b, 0xa7, 0x9b, 0x66, 0xa3, 0xa6, 0xb4, 0x07,
  0xbc, 0x68, 0xab, 0xa5, 0xbc, 0x27, 0xcc, 0x88, 0xbc, 0x27, 0xbb, 0xe6,
  0xb3, 0xe7, 0xab, 0x65, 0x72, 0x64, 0x51, 0x40, 0x39, 0x84, 0x39, 0x64,
  0x31, 0xa4, 0x39, 0x84, 0x42, 0x06, 0x41, 0xc4, 0x39, 0xc4, 0x39, 0xa3,
  0x42, 0x46, 0x4a, 0x25, 0x3a, 0x05, 0x41, 0xe4, 0x3a, 0x05, 0x42, 0x25,
  0x3a, 0x05, 0x4a, 0x25, 0x4a, 0x66, 0x4a, 0x24, 0x41, 0xe4, 0x4a, 0x25,
  0x39, 0xe4, 0x41, 0xe4, 0x42, 0x25, 0x41, 0xe4, 0x39, 0xe5, 0x39, 0xc4,
  0x39, 0xc4, 0x41, 0xe4, 0x42, 0x05, 0x41, 0xc4, 0x31, 0xa4, 0x31, 0x63,
  0x31, 0x64, 0x39, 0x63, 0x39, 0x64, 0x39, 0x64, 0x41, 0xc5, 0x49, 0xc4,
  0x39, 0xe4, 0x39, 0xc3, 0x39, 0x84, 0x39, 0x83, 0x41, 0xe4, 0x5a, 0x46,
  0x63, 0x27, 0x62, 0xe5, 0x52, 0xa6, 0x4a, 0x44, 0x4a, 0x45, 0x4a, 0x24,
  0x42, 0x25, 0x41, 0xe4, 0x39, 0xe5, 0x41, 0xe4, 0x42, 0x05, 0x41, 0xe4,
  0x39, 0xc4, 0x39, 0xa3, 0x39, 0xe5, 0x41, 0xe5, 0x42, 0x25, 0x52, 0x46,
  0x42, 0x25, 0x39, 0x83, 0x31, 0x64, 0x39, 0x84, 0x39, 0xa5, 0x41, 0xc5,
  0x31, 0xc4, 0x39, 0xa4, 0x31, 0xc5, 0x31, 0xa4, 0x31, 0xc5, 0x39, 0xa4,
  0x31, 0xa4, 0x39, 0xc5, 0x39, 0xe5, 0x41, 0xe4, 0x39, 0xe5, 0x39, 0x83,
  0x31, 0x64, 0x39, 0x84, 0x39, 0xa5, 0x39, 0x84, 0x31, 0x84, 0x39, 0x84,
  0x39, 0x85, 0x41, 0xa5, 0x39, 0xa5, 0x39, 0x64, 0x39, 0xa5, 0x41, 0x84,
  0xd5, 0x4a, 0xcd, 0x4a, 0xdd, 0x8a, 0xd5, 0x8a, 0xdd, 0x6a, 0xcd, 0x4a,
  0xcd, 0x29, 0xcd, 0x2a, 0xcd, 0x4a, 0xcd, 0x6b, 0xcd, 0x0a, 0xcd, 0x4b,
  0xd5, 0x4a, 0xcd, 0x4a, 0xd5, 0x29, 0xcd, 0x4a, 0xdd, 0x49, 0xd5, 0x29,
  0xd5, 0x28, 0xd5, 0x29, 0xd5, 0x29, 0xd5, 0x6a, 0xd5, 0x4a, 0xcd, 0x4b,
  0xd5, 0x2a, 0xcd, 0x2a, 0xcc, 0xc9, 0xac, 0x06, 0x9b, 0x66, 0xa3, 0xc7,
  0xbc, 0x69, 0xc4, 0xcb, 0xc4, 0xc8, 0xc4, 0xe9, 0xbc, 0x88, 0xc4, 0xea,
  0xc4, 0xea, 0xbc, 0xa9, 0xab, 0xe7, 0xa3, 0xe8, 0xab, 0xe7, 0xac, 0x49,
  0xb4, 0x48, 0xb4, 0x48, 0xb4, 0x27, 0xb4, 0x48, 0xab, 0xc6, 0x9b, 0xc6,
  0x93, 0xa7, 0x93, 0xc8, 0x9b, 0xe9, 0x93, 0xc8, 0x93, 0xa7, 0x8b, 0x87,
  0x9b, 0xe8, 0x8b, 0x87, 0x8b, 0x66, 0x8b, 0x86, 0xab, 0xe7, 0xbc, 0xaa,
  0xe5, 0xaf, 0xe5, 0xcf, 0xe5, 0xcf, 0xe5, 0xef, 0xed, 0xcf, 0xe5, 0xef,
  0xed, 0xae, 0xed, 0xcf, 0xed, 0xad, 0xe5, 0xce, 0xed, 0xad, 0xe5, 0xce,
  0xe5, 0xce, 0xe5, 0xee, 0xe5, 0xcd, 0xdd, 0xce, 0xe5, 0x8c, 0xdd, 0xad,
  0xe5, 0x8d, 0xe5, 0xad, 0xe5, 0xab, 0xe5, 0xcc, 0xed, 0xcc, 0xed, 0xcd,
  0xf5, 0xed, 0xf6, 0x2e, 0xfe, 0x0c, 0xf6, 0x2d, 0xfe, 0x0c, 0xfe, 0x4d,
  0xfe, 0x4d, 0xfe, 0x8e, 0xdd, 0x2a, 0x93, 0x22, 0x82, 0xc4, 0x8b, 0x46,
  0xc4, 0x48, 0xc4, 0x69, 0xd4, 0xa9, 0xbc, 0x07, 0xb3, 0xc6, 0xc4, 0x49,
  0xd4, 0x67, 0xcc, 0x68, 0xd4, 0x67, 0xd4, 0x88, 0xd4, 0x87, 0xc4, 0x67,
  0xcc, 0x88, 0xbc, 0x48, 0x8a, 0xe4, 0x82, 0xe5, 0x82, 0xe5, 0x7a, 0xe5,
  0x82, 0xc5, 0x72, 0xa4, 0x8a, 0xe4, 0x9b, 0x87, 0xbc, 0x27, 0xb4, 0x27,
  0xbb, 0xc6, 0xbc, 0x07, 0xdc, 0xa7, 0xdc, 0xe8, 0xe4, 0xe8, 0xdc, 0xe8,
  0xe4, 0xe7, 0xe5, 0x08, 0xed, 0x07, 0xed, 0x28, 0xed, 0x28, 0xdc, 0xc7,
  0xb3, 0xa4, 0xab, 0x84, 0xa3, 0xa6, 0x9b, 0x66, 0xab, 0xc6, 0xb4, 0x28,
  0xbc, 0x27, 0xab, 0xa6, 0xc4, 0x47, 0xcc, 0xa9, 0xc4, 0x27, 0xb3, 0xe6,
  0xbb, 0xe7, 0xab, 0x85, 0x72, 0x43, 0x51, 0x80, 0x41, 0x64, 0x31, 0x64,
  0x39, 0xa4, 0x31, 0x84, 0x41, 0xa4, 0x39, 0x84, 0x41, 0xa3, 0x42, 0x05,
  0x4a, 0x45, 0x42, 0x45, 0x42, 0x04, 0x42, 0x45, 0x4a, 0x45, 0x42, 0x45,
  0x4a, 0x45, 0x42, 0x45, 0x4a, 0x64, 0x4a, 0x64, 0x4a, 0x24, 0x4a, 0x45,
  0x41, 0xe3, 0x39, 0xe3, 0x4a, 0x04, 0x41, 0xe4, 0x41, 0xe4, 0x39, 0xe4,
  0x39, 0xa3, 0x42, 0x05, 0x42, 0x04, 0x39, 0xe4, 0x39, 0x83, 0x31, 0x83,
  0x39, 0x63, 0x39, 0x84, 0x41, 0x63, 0x41, 0x84, 0x49, 0xe4, 0x41, 0xe4,
  0x49, 0xe4, 0x39, 0xc4, 0x41, 0xa3, 0x39, 0xa3, 0x52, 0x04, 0x5a, 0x86,
  0x62, 0xc5, 0x52, 0xa5, 0x4a, 0x44, 0x4a, 0x44, 0x52, 0x45, 0x42, 0x24,
  0x41, 0xe4, 0x42, 0x05, 0x42, 0x04, 0x42, 0x05, 0x41, 0xe4, 0x42, 0x04,
  0x39, 0xa3, 0x39, 0xc4, 0x41, 0xc4, 0x39, 0xe4, 0x4a, 0x04, 0x4a, 0x25,
  0x41, 0xc4, 0x31, 0x83, 0x39, 0x64, 0x39, 0x85, 0x39, 0x83, 0x39, 0xa4,
  0x39, 0xc4, 0x39, 0xe5, 0x39, 0xc4, 0x39, 0xe5, 0x39, 0xc4, 0x31, 0xa4,
  0x31, 0x83, 0x31, 0xc4, 0x41, 0xe4, 0x39, 0xe4, 0x41, 0xc4, 0x31, 0x83,
  0x31, 0x63, 0x39, 0x84, 0x39, 0x84, 0x31, 0x84, 0x31, 0x64, 0x31, 0x84,
  0x39, 0x63, 0x39, 0xa5, 0x49, 0xa4, 0x39, 0x84, 0x41, 0x84, 0x39, 0xa4,
  0xcd, 0x4b, 0xd5, 0x4a, 0xcd, 0x4a, 0xd5, 0x6a, 0xcd, 0x49, 0xd5, 0x29,
  0xc5, 0x2a, 0xcd, 0x4a, 0xcd, 0x4a, 0xcd, 0x2a, 0xc5, 0x4b, 0xcd, 0x2a,
  0xc5, 0x2a, 0xcd, 0x2a, 0xcd, 0x6b, 0xcd, 0x2a, 0xcd, 0x4a, 0xd5, 0x29,
  0xd5, 0x4a, 0xd5, 0x09, 0xcd, 0x4a, 0xd5, 0x4a, 0xcd, 0x4a, 0xcd, 0x2a,
  0xd5, 0x4b, 0xd5, 0x4a, 0xd5, 0x2b, 0xcc, 0xe9, 0xa3, 0xc7, 0x9b, 0x65,
  0x9b, 0xa7, 0xbc, 0x69, 0xb4, 0x89, 0xbc, 0xa9, 0xb4, 0x69, 0xbc, 0x89,
  0xb4, 0x8a, 0xac, 0x28, 0x9b, 0xc8, 0x9b, 0xa7, 0xa3, 0xe8, 0xb4, 0x49,
  0xb4, 0x8a, 0xac, 0x08, 0xb4, 0x48, 0xbc, 0x89, 0xb4, 0x8a, 0xac, 0x07,
  0x93, 0xc8, 0x93, 0xa7, 0x93, 0xa8, 0xa4, 0x2a, 0x9c, 0x29, 0x93, 0xa7,
  0x93, 0xc8, 0x9b, 0xe8, 0x93, 0xa7, 0x93, 0x66, 0x93, 0xa7, 0xb4, 0x49,
  0xcd, 0x4d, 0xe5, 0xcf, 0xe5, 0xd0, 0xed, 0xcf, 0xe5, 0xf0, 0xe5, 0xcf,
  0xe5, 0xd0, 0xed, 0xcf, 0xe5, 0xae, 0xed, 0xce, 0xe5, 0xad, 0xed, 0xad,
  0xe5, 0xce, 0xed, 0xce, 0xdd, 0xce, 0xe5, 0xce, 0xe5, 0xcf, 0xe5, 0xae,
  0xdd, 0x8d, 0xe5, 0x8d, 0xdd, 0x8c, 0xed, 0xad, 0xed, 0xcd, 0xf5, 0xed,
  0xed, 0xcd, 0xed, 0xcd, 0xf6, 0x0d, 0xf5, 0xec, 0xf5, 0xec, 0xfe, 0x0d,
  0xfe, 0x4e, 0xfe, 0x2d, 0xed, 0xed, 0xb3, 0xe5, 0x8a, 0xc3, 0xab, 0xc7,
  0xc4, 0x69, 0xcc, 0x89, 0xc4, 0x6a, 0xb3, 0xa6, 0xb4, 0x08, 0xcc, 0x8a,
  0xd4, 0x88, 0xd4, 0x67, 0xcc, 0x67, 0xd4, 0x47, 0xcc, 0x88, 0xcc, 0x67,
  0xc4, 0x89, 0xab, 0xa5, 0x82, 0xc5, 0x8b, 0x06, 0x7b, 0x06, 0x7a, 0xe5,
  0x72, 0xc5, 0x7a, 0xc5, 0x93, 0x25, 0xab, 0xc7, 0xab, 0xe7, 0xb3, 0xe7,
  0xb3, 0xc6, 0xc4, 0x28, 0xdc, 0xc8, 0xe4, 0xc8, 0xdc, 0xc8, 0xdc, 0xc8,
  0xe5, 0x09, 0xe4, 0xe8, 0xe5, 0x08, 0xec, 0xe7, 0xe5, 0x08, 0xd4, 0x86,
  0xb3, 0xe6, 0xa3, 0x24, 0xa3, 0xa7, 0x9b, 0x66, 0xab, 0xe7, 0xb4, 0x08,
  0xbc, 0x48, 0xa3, 0x65, 0xbc, 0x27, 0xcc, 0x88, 0xbc, 0x27, 0xb3, 0xa5,
  0xbc, 0x07, 0xa3, 0x44, 0x6a, 0x44, 0x59, 0x60, 0x31, 0x84, 0x39, 0x64,
  0x31, 0x84, 0x39, 0x84, 0x41, 0xe5, 0x39, 0xa4, 0x39, 0xe5, 0x42, 0x05,
  0x42, 0x25, 0x42, 0x04, 0x3a, 0x04, 0x4a, 0x45, 0x4a, 0x66, 0x42, 0x24,
  0x42, 0x45, 0x4a, 0x66, 0x42, 0x65, 0x4a, 0x44, 0x4a, 0x65, 0x4a, 0x45,
  0x42, 0x25, 0x41, 0xe3, 0x4a, 0x26, 0x41, 0xc4, 0x39, 0xc5, 0x39, 0x84,
  0x39, 0xc4, 0x4a, 0x05, 0x42, 0x05, 0x39, 0xa3, 0x31, 0x84, 0x39, 0x63,
  0x39, 0x84, 0x39, 0x43, 0x31, 0x43, 0x41, 0xa4, 0x41, 0xe5, 0x49, 0xc4,
  0x41, 0xe5, 0x41, 0xc4, 0x39, 0x83, 0x41, 0xc4, 0x4a, 0x26, 0x5a, 0x46,
  0x52, 0x86, 0x52, 0x65, 0x42, 0x04, 0x4a, 0x24, 0x4a, 0x66, 0x41, 0xe4,
  0x31, 0xc4, 0x41, 0xe4, 0x42, 0x05, 0x41, 0xe4, 0x3a, 0x04, 0x39, 0xc3,
  0x39, 0xe5, 0x39, 0xc4, 0x39, 0xc4, 0x42, 0x05, 0x42, 0x25, 0x4a, 0x25,
  0x39, 0xc5, 0x31, 0x83, 0x31, 0x64, 0x39, 0x84, 0x31, 0xa4, 0x39, 0x84,
  0x39, 0xc4, 0x41, 0xe4, 0x31, 0xe4, 0x39, 0xc4, 0x31, 0xa4, 0x31, 0xa4,
  0x31, 0xa4, 0x39, 0xa4, 0x39, 0xe5, 0x41, 0xe5, 0x39, 0xc5, 0x39, 0x83,
  0x31, 0x64, 0x39, 0x84, 0x39, 0xa4, 0x39, 0x84, 0x31, 0x64, 0x31, 0x64,
  0x31, 0x64, 0x39, 0xa5, 0x41, 0xa5, 0x41, 0x84, 0x39, 0x64, 0x41, 0xa5,
  0xcd, 0x4a, 0xcd, 0x6b, 0xd5, 0x49, 0xcd, 0x6a, 0xd5, 0x49, 0xcd, 0x49,
  0xd5, 0x49, 0xcd, 0x4a, 0xd5, 0x49, 0xcd, 0x49, 0xcd, 0x2a, 0xc5, 0x4a,
  0xcd, 0x4a, 0xc5, 0x2a, 0xcd, 0x4a, 0xcd, 0x6b, 0xd5, 0x29, 0xcd, 0x29,
  0xd5, 0x29, 0xcd, 0x49, 0xd5, 0x29, 0xd5, 0x6a, 0xd5, 0x4a, 0xd5, 0x4a,
  0xd5, 0x4a, 0xd5, 0x8b, 0xdd, 0x4a, 0xdd, 0x6b, 0xd4, 0xe9, 0xab, 0xe5,
  0x9b, 0x65, 0xab, 0xe7, 0xbc, 0x89, 0xb4, 0x48, 0xb4, 0x28, 0xa4, 0x07,
  0xb4, 0x48, 0xac, 0x49, 0x9b, 0xa7, 0xa3, 0xe8, 0xac, 0x29, 0xac, 0x6a,
  0xb4, 0x48, 0xb4, 0x49, 0xbc, 0x68, 0xbc, 0xa9, 0xc4, 0xca, 0xac, 0x48,
  0x9b, 0xa7, 0x93, 0xa7, 0xa3, 0xe9, 0xac, 0x8b, 0x9b, 0xe8, 0x93, 0xc7,
  0x9b, 0xe7, 0x9b, 0xe8, 0x9b, 0xa7, 0x93, 0xa7, 0x93, 0x45, 0xac, 0x49,
  0xcc, 0xeb, 0xdd, 0xcf, 0xed, 0xcf, 0xe5, 0xd0, 0xed, 0xef, 0xe5, 0xf0,
  0xed, 0xef, 0xe5, 0xef, 0xed, 0xce, 0xed, 0xce, 0xed, 0x8c, 0xed, 0xad,
  0xed, 0xad, 0xe5, 0xcd, 0xe5, 0xce, 0xe5, 0xef, 0xed, 0xef, 0xdd, 0xce,
  0xe5, 0x8c, 0xdd, 0xad, 0xe5, 0xac, 0xdd, 0x8c, 0xed, 0xcd, 0xe5, 0xcd,
  0xf5, 0xcc, 0xed, 0xed, 0xfe, 0x0d, 0xf6, 0x2d, 0xfe, 0x0c, 0xfe, 0x0d,
  0xfe, 0x4d, 0xfe, 0x4d, 0xfe, 0x2d, 0xcc, 0xc8, 0xab, 0x85, 0xbc, 0x27,
  0xc4, 0x28, 0xcc, 0x89, 0xc4, 0x28, 0xab, 0xa6, 0xc4, 0x27, 0xcc, 0xa9,
  0xdc, 0x88, 0xd4, 0xa8, 0xd4, 0x87, 0xd4, 0xa8, 0xd4, 0xa8, 0xcc, 0x67,
  0xcc, 0xa9, 0xab, 0xa5, 0x82, 0xa4, 0x8b, 0x26, 0x82, 0xe5, 0x7b, 0x06,
  0x7a, 0x84, 0x7a, 0xc5, 0x9b, 0x25, 0xab, 0xe8, 0xbc, 0x07, 0xab, 0xe6,
  0xbb, 0xc5, 0xcc, 0x68, 0xdc, 0x87, 0xdc, 0xe8, 0xe4, 0xe8, 0xdd, 0x08,
  0xed, 0x28, 0xe5, 0x08, 0xec, 0xe7, 0xe4, 0xe7, 0xed, 0x07, 0xd4, 0xa6,
  0xb3, 0xc6, 0xa3, 0x65, 0xab, 0xa7, 0x9b, 0x86, 0xbc, 0x28, 0xb4, 0x48,
  0xcc, 0x89, 0xab, 0xc6, 0xc4, 0x47, 0xcc, 0xa9, 0xcc, 0x46, 0xb3, 0xe5,
  0xbc, 0x06, 0xa3, 0x64, 0x7a, 0x64, 0x59, 0xa1, 0x39, 0x84, 0x31, 0x84,
  0x39, 0x84, 0x39, 0xc5, 0x49, 0xe5, 0x42, 0x05, 0x4a, 0x04, 0x39, 0xc4,
  0x4a, 0x24, 0x4a, 0x65, 0x4a, 0x44, 0x4a, 0x45, 0x4a, 0x45, 0x42, 0x25,
  0x4a, 0x45, 0x4a, 0x66, 0x4a, 0x44, 0x52, 0xa6, 0x4a, 0x65, 0x4a, 0x65,
  0x4a, 0x44, 0x42, 0x24, 0x4a, 0x25, 0x39, 0xa3, 0x41, 0xa4, 0x41, 0xe5,
  0x41, 0xe4, 0x4a, 0x25, 0x4a, 0x04, 0x39, 0xc3, 0x39, 0x83, 0x31, 0x83,
  0x39, 0x63, 0x31, 0x63, 0x39, 0x22, 0x41, 0xa4, 0x41, 0xa3, 0x41, 0xe4,
  0x41, 0xe4, 0x41, 0xe4, 0x39, 0x83, 0x39, 0xc4, 0x52, 0x25, 0x4a, 0x25,
  0x52, 0x44, 0x52, 0x65, 0x42, 0x03, 0x42, 0x24, 0x4a, 0x45, 0x3a, 0x04,
  0x41, 0xe4, 0x3a, 0x04, 0x4a, 0x04, 0x42, 0x25, 0x4a, 0x24, 0x39, 0xe4,
  0x39, 0xc3, 0x39, 0xc4, 0x41, 0xc3, 0x39, 0xe4, 0x4a, 0x24, 0x42, 0x25,
  0x41, 0xc4, 0x29, 0x83, 0x31, 0x63, 0x31, 0xa4, 0x39, 0x83, 0x39, 0xa4,
  0x41, 0xe4, 0x3a, 0x05, 0x39, 0xc4, 0x31, 0xc4, 0x39, 0xa4, 0x31, 0xc4,
  0x39, 0xa4, 0x39, 0xc4, 0x41, 0xe4, 0x42, 0x05, 0x41, 0xe5, 0x31, 0xa4,
  0x39, 0x84, 0x39, 0xa4, 0x41, 0xa4, 0x39, 0xc5, 0x39, 0x63, 0x31, 0x64,
  0x39, 0x84, 0x39, 0xc5, 0x41, 0xa4, 0x39, 0xa4, 0x39, 0x63, 0x41, 0xc4,
  0xcd, 0x8c, 0xd5, 0x8c, 0xcd, 0x8c, 0xcd, 0x6b, 0xcd, 0x6a, 0xcd, 0x49,
  0xcd, 0x4a, 0xd5, 0x6a, 0xcd, 0x8b, 0xd5, 0x8b, 0xcd, 0x8c, 0xcd, 0x4a,
  0xc5, 0x4b, 0xcd, 0x4b, 0xcd, 0x6b, 0xcd, 0x4b, 0xcd, 0x6a, 0xcd, 0x29,
  0xcd, 0x4a, 0xd5, 0x49, 0xcd, 0x4a, 0xd5, 0x2a, 0xcd, 0x4b, 0xd5, 0x2a,
  0xcd, 0x6b, 0xdd, 0x6b, 0xd5, 0x6b, 0xd5, 0x2a, 0xcd, 0x2a, 0xcc, 0xe9,
  0xac, 0x28, 0xa3, 0x85, 0xac, 0x29, 0xab, 0xe7, 0x93, 0xa6, 0xa3, 0xe7,
  0xac, 0x69, 0xa4, 0x07, 0x8b, 0x67, 0x9b, 0xa7, 0xa4, 0x4a, 0xac, 0x49,
  0xa4, 0x49, 0xac, 0x28, 0xb4, 0x69, 0xb4, 0x48, 0xac, 0x49, 0xa3, 0xe7,
  0x93, 0xc8, 0x93, 0x87, 0x9c, 0x2a, 0xa4, 0x2a, 0x9c, 0x09, 0xa4, 0x29,
  0x93, 0xc7, 0x93, 0xa7, 0x93, 0xc7, 0x9b, 0xc7, 0x93, 0xa7, 0xac, 0x28,
  0xbc, 0xcb, 0xcd, 0x2c, 0xdd, 0xd0, 0xe5, 0xcf, 0xe5, 0xf0, 0xed, 0xf0,
  0xe5, 0xf0, 0xed, 0xf0, 0xe5, 0xef, 0xed, 0xce, 0xed, 0xce, 0xed, 0xad,
  0xe5, 0xad, 0xed, 0xce, 0xe5, 0xef, 0xe5, 0xae, 0xe5, 0xef, 0xe5, 0xae,
  0xdd, 0xad, 0xe5, 0x8d, 0xdd, 0x8c, 0xe5, 0x8c, 0xe5, 0xad, 0xed, 0xad,
  0xed, 0xad, 0xf5, 0xcd, 0xf6, 0x0e, 0xf6, 0x0d, 0xf6, 0x0d, 0xfe, 0x0d,
  0xfe, 0x2d, 0xfe, 0x2d, 0xf6, 0x0c, 0xed, 0x8a, 0xc4, 0x68, 0xbc, 0x06,
  0xc4, 0x49, 0xcc, 0x69, 0xb3, 0xe7, 0xb3, 0xa6, 0xcc, 0x89, 0xd4, 0xa9,
  0xd4, 0xc9, 0xdc, 0xa8, 0xcc, 0xa8, 0xd4, 0xa8, 0xcc, 0xa8, 0xcc, 0x87,
  0xc4, 0xaa, 0x9b, 0x03, 0x82, 0xe5, 0x8a, 0xe5, 0x7a, 0xc6, 0x7a, 0xa5,
  0x7a, 0xa5, 0x8b, 0x06, 0xa3, 0x86, 0xb3, 0xe8, 0xb3, 0xe7, 0xab, 0xa5,
  0xbc, 0x27, 0xd4, 0x88, 0xdc, 0xc9, 0xe4, 0xe9, 0xdc, 0xe8, 0xe4, 0xe8,
  0xe5, 0x29, 0xed, 0x08, 0xe5, 0x08, 0xe4, 0xe7, 0xe5, 0x28, 0xd4, 0x65,
  0xab, 0xc6, 0xa3, 0x44, 0xa3, 0xc7, 0xa3, 0x86, 0xb4, 0x28, 0xb4, 0x08,
  0xbc, 0x69, 0xb3, 0xc6, 0xbc, 0x48, 0xcc, 0x89, 0xc4, 0x68, 0xbb, 0xc5,
  0xbc, 0x08, 0xab, 0x65, 0x7a, 0xa5, 0x61, 0x81, 0x39, 0x84, 0x41, 0x84,
  0x31, 0xa4, 0x39, 0xc5, 0x41, 0xe5, 0x41, 0xa4, 0x39, 0xa4, 0x41, 0xc4,
  0x42, 0x04, 0x52, 0x65, 0x42, 0x45, 0x4a, 0x45, 0x42, 0x25, 0x42, 0x24,
  0x42, 0x45, 0x4a, 0x66, 0x4a, 0xa6, 0x5a, 0xc7, 0x4a, 0x85, 0x4a, 0x65,
  0x4a, 0x45, 0x4a, 0x24, 0x42, 0x05, 0x39, 0xa3, 0x39, 0xc5, 0x41, 0xe5,
  0x39, 0xe4, 0x41, 0xe4, 0x42, 0x25, 0x39, 0xc3, 0x39, 0xa4, 0x31, 0x63,
  0x39, 0x64, 0x39, 0x43, 0x31, 0x44, 0x41, 0x84, 0x41, 0xc4, 0x41, 0xe4,
  0x42, 0x05, 0x39, 0xc4, 0x31, 0x64, 0x39, 0x84, 0x41, 0xe5, 0x52, 0x05,
  0x4a, 0x65, 0x4a, 0x44, 0x42, 0x24, 0x42, 0x24, 0x3a, 0x05, 0x41, 0xe4,
  0x3a, 0x05, 0x42, 0x04, 0x42, 0x25, 0x4a, 0x24, 0x42, 0x45, 0x41, 0xe4,
  0x31, 0xc4, 0x41, 0xe5, 0x39, 0xe5, 0x41, 0xe4, 0x42, 0x25, 0x4a, 0x04,
  0x31, 0xa4, 0x31, 0x63, 0x29, 0x64, 0x31, 0x64, 0x31, 0x84, 0x39, 0x84,
  0x39, 0xc5, 0x39, 0xa4, 0x31, 0xa4, 0x39, 0xc4, 0x31, 0xc5, 0x31, 0x84,
  0x31, 0xc5, 0x39, 0xc4, 0x39, 0xe5, 0x39, 0xc4, 0x31, 0xc5, 0x31, 0x83,
  0x31, 0x64, 0x39, 0x84, 0x39, 0xa5, 0x39, 0x84, 0x31, 0x84, 0x31, 0x43,
  0x31, 0x64, 0x39, 0x84, 0x39, 0xa4, 0x41, 0xa4, 0x39, 0x84, 0x39, 0x64,
  0xd5, 0x8b, 0xd5, 0xcd, 0xd5, 0x6b, 0xcd, 0x6b, 0xcd, 0x69, 0xcd, 0x8a,
  0xd5, 0x6a, 0xcd, 0x6a, 0xd5, 0x8b, 0xd5, 0xac, 0xd5, 0x8b, 0xcd, 0x8b,
  0xcd, 0x4a, 0xcd, 0x8b, 0xcd, 0x6a, 0xcd, 0x8b, 0xd5, 0x8b, 0xcd, 0x6a,
  0xd5, 0x49, 0xd5, 0x6a, 0xdd, 0x6a, 0xcd, 0x4a, 0xd5, 0x29, 0xd5, 0x6b,
  0xd5, 0x4b, 0xd5, 0x6b, 0xd5, 0x4a, 0xd5, 0x4a, 0xd5, 0x29, 0xcd, 0x29,
  0xd5, 0x0a, 0xac, 0x06, 0x93, 0x45, 0x9b, 0xa6, 0xa3, 0xe7, 0x93, 0xa7,
  0xac, 0x49, 0xa4, 0x29, 0x93, 0x46, 0x8b, 0x66, 0xa4, 0x29, 0x9c, 0x29,
  0xac, 0x48, 0xa4, 0x49, 0xb4, 0x68, 0xac, 0x48, 0xac, 0x27, 0xac, 0x28,
  0x9b, 0xc8, 0x8b, 0x87, 0x93, 0xa8, 0x9c, 0x2a, 0xac, 0x49, 0xac, 0x6a,
  0xac, 0x29, 0x9b, 0xc7, 0xa4, 0x07, 0xa4, 0x28, 0xa4, 0x07, 0xac, 0x48,
  0xb4, 0x69, 0xc5, 0x0b, 0xe5, 0x8e, 0xe5, 0xf0, 0xed, 0xef, 0xe5, 0xcf,
  0xe5, 0xcf, 0xe5, 0xef, 0xed, 0xef, 0xed, 0xef, 0xed, 0x8d, 0xed, 0xad,
  0xed, 0xad, 0xe5, 0xcd, 0xed, 0xee, 0xe5, 0xce, 0xe5, 0xce, 0xdd, 0xce,
  0xe5, 0xad, 0xdd, 0xad, 0xe5, 0x6c, 0xe5, 0xad, 0xe5, 0x8c, 0xe5, 0xad,
  0xed, 0xac, 0xed, 0xee, 0xf6, 0x0d, 0xf6, 0x0e, 0xfe, 0x0d, 0xfe, 0x2d,
  0xfe, 0x2d, 0xfe, 0x6e, 0xfe, 0x2c, 0xf6, 0x0c, 0xdc, 0xe9, 0xbc, 0x26,
  0xc4, 0x68, 0xbc, 0x28, 0xa3, 0x24, 0xbc, 0x49, 0xdc, 0xc9, 0xd4, 0xc9,
  0xd4, 0xc8, 0xcc, 0x88, 0xd4, 0x87, 0xd4, 0xc8, 0xcc, 0x87, 0xcc, 0xc8,
  0xbc, 0x07, 0x8a, 0xc2, 0x8b, 0x06, 0x7a, 0xc5, 0x7a, 0xe5, 0x72, 0xc5,
  0x82, 0xc4, 0x93, 0x47, 0xb3, 0xc6, 0xb4, 0x28, 0xb3, 0xe5, 0xab, 0xc5,
  0xcc, 0x47, 0xdc, 0xe9, 0xe4, 0xe8, 0xe5, 0x09, 0xe4, 0xc8, 0xe4, 0xe9,
  0xed, 0x08, 0xe5, 0x08, 0xec, 0xe7, 0xe5, 0x08, 0xe5, 0x08, 0xcc, 0x66,
  0xb3, 0xa6, 0x9b, 0x44, 0xab, 0xc7, 0xa3, 0xa6, 0xb4, 0x07, 0xb4, 0x08,
  0xc4, 0x69, 0xb4, 0x07, 0xc4, 0x27, 0xcc, 0xa9, 0xcc, 0x67, 0xb3, 0xc5,
  0xc4, 0x07, 0xa3, 0x64, 0x82, 0xa5, 0x61, 0xe2, 0x41, 0x63, 0x39, 0x84,
  0x31, 0x83, 0x39, 0xc5, 0x49, 0xe5, 0x39, 0xc4, 0x41, 0xc3, 0x4a, 0x26,
  0x4a, 0x44, 0x52, 0x86, 0x4a, 0x45, 0x4a, 0x45, 0x4a, 0x45, 0x42, 0x25,
  0x42, 0x24, 0x4a, 0x66, 0x52, 0x85, 0x5a, 0xe7, 0x52, 0xa5, 0x4a, 0x65,
  0x42, 0x24, 0x3a, 0x03, 0x41, 0xc4, 0x39, 0xe4, 0x39, 0xa3, 0x39, 0xc4,
  0x41, 0xe4, 0x4a, 0x46, 0x4a, 0x24, 0x39, 0xe4, 0x39, 0x83, 0x31, 0x83,
  0x39, 0x63, 0x31, 0x63, 0x39, 0x43, 0x39, 0x84, 0x41, 0xc4, 0x41, 0xe4,
  0x41, 0xe4, 0x39, 0xc4, 0x39, 0x84, 0x31, 0x83, 0x4a, 0x05, 0x52, 0x46,
  0x5a, 0xa6, 0x4a, 0x65, 0x4a, 0x44, 0x4a, 0x65, 0x42, 0x24, 0x3a, 0x04,
  0x42, 0x24, 0x42, 0x45, 0x4a, 0x24, 0x4a, 0x65, 0x4a, 0x45, 0x3a, 0x04,
  0x39, 0xc3, 0x39, 0xe4, 0x41, 0xe4, 0x42, 0x04, 0x4a, 0x04, 0x4a, 0x24,
  0x39, 0x83, 0x29, 0x63, 0x31, 0x63, 0x31, 0x84, 0x39, 0x83, 0x39, 0xc5,
  0x39, 0xc4, 0x39, 0xc5, 0x39, 0xc4, 0x39, 0xe5, 0x39, 0xa4, 0x31, 0xa4,
  0x39, 0xa4, 0x31, 0xc4, 0x39, 0xc4, 0x39, 0xe4, 0x39, 0xa4, 0x31, 0x84,
  0x39, 0x64, 0x31, 0x84, 0x41, 0x84, 0x39, 0x84, 0x39, 0x63, 0x31, 0x84,
  0x39, 0x84, 0x39, 0xa5, 0x41, 0xa4, 0x41, 0xc4, 0x39, 0x63, 0x39, 0x64,
  0xcd, 0x8b, 0xcd, 0x6b, 0xcd, 0x6b, 0xd5, 0x6b, 0xcd, 0x8b, 0xd5, 0xab,
  0xd5, 0xac, 0xd5, 0x8b, 0xcd, 0x8c, 0xd5, 0xac, 0xcd, 0xac, 0xcd, 0x8c,
  0xcd, 0x6c, 0xcd, 0x4b, 0xc5, 0x4b, 0xd5, 0x6b, 0xcd, 0x8b, 0xd5, 0x6b,
  0xcd, 0x4a, 0xd5, 0x6a, 0xd5, 0x8b, 0xd5, 0x4a, 0xcd, 0x4b, 0xd5, 0x2a,
  0xcd, 0x4b, 0xd5, 0x6b, 0xcd, 0x4b, 0xd5, 0x4a, 0xcd, 0x4a, 0xd5, 0x4a,
  0xd5, 0x4a, 0xcc, 0xc8, 0xac, 0x48, 0x9b, 0x85, 0x9c, 0x09, 0x93, 0x66,
  0x93, 0x88, 0x9b, 0xc8, 0x8b, 0x67, 0x83, 0x06, 0x93, 0xc9, 0x9b, 0xe9,
  0xa4, 0x49, 0xa4, 0x08, 0x9c, 0x07, 0xac, 0x28, 0xac, 0x49, 0xb4, 0x48,
  0xa4, 0x09, 0x8b, 0x46, 0x8b, 0xa8, 0xac, 0x6b, 0xa4, 0x6a, 0xb4, 0xab,
  0xac, 0x8a, 0xa4, 0x08, 0x9b, 0xc7, 0xa4, 0x08, 0x9b, 0xe7, 0xac, 0x28,
  0xb4, 0xab, 0xbc, 0x8a, 0xc4, 0xec, 0xe5, 0xcf, 0xe6, 0x10, 0xe5, 0xcf,
  0xe5, 0xd0, 0xed, 0xef, 0xee, 0x10, 0xed, 0xcf, 0xe5, 0xad, 0xed, 0x8d,
  0xe5, 0xad, 0xed, 0xad, 0xe5, 0xcf, 0xed, 0xce, 0xe5, 0xef, 0xe5, 0xce,
  0xe5, 0xce, 0xe5, 0xad, 0xdd, 0x8d, 0xe5, 0x6c, 0xdd, 0x8c, 0xe5, 0x8c,
  0xe5, 0x8d, 0xed, 0xad, 0xed, 0xee, 0xf5, 0xee, 0xfe, 0x2e, 0xfe, 0x0d,
  0xfe, 0x2e, 0xfe, 0x2d, 0xfe, 0x2d, 0xfe, 0x0c, 0xe5, 0x4b, 0xcc, 0x46,
  0xbc, 0x49, 0xa3, 0x65, 0x93, 0x05, 0xcc, 0x8b, 0xd4, 0xca, 0xdc, 0xea,
  0xd4, 0xa9, 0xd4, 0x88, 0xcc, 0x88, 0xd4, 0xa8, 0xcc, 0x87, 0xcc, 0x87,
  0xab, 0xa6, 0x92, 0xc2, 0x82, 0xe6, 0x82, 0xc5, 0x72, 0xe6, 0x7a, 0xe5,
  0x83, 0x26, 0x93, 0x67, 0xac, 0x07, 0xb4, 0x27, 0xab, 0xc6, 0xb3, 0xc6,
  0xc4, 0x47, 0xdc, 0xc9, 0xdc, 0xe9, 0xe4, 0xc8, 0xdc, 0xe9, 0xe4, 0xc8,
  0xdc, 0xe8, 0xe4, 0xe8, 0xe5, 0x08, 0xe5, 0x08, 0xdc, 0xc8, 0xcc, 0x25,
  0xa3, 0x86, 0xa3, 0x65, 0xa3, 0xc7, 0xab, 0xc7, 0xb4, 0x28, 0xb4, 0x08,
  0xc4, 0x69, 0xb3, 0xc6, 0xc4, 0x48, 0xcc, 0x68, 0xc4, 0x48, 0xb3, 0xa5,
  0xbc, 0x28, 0xab, 0x65, 0x82, 0xc5, 0x69, 0xe1, 0x41, 0xc5, 0x41, 0x84,
  0x29, 0x64, 0x39, 0x84, 0x41, 0xe5, 0x41, 0xa4, 0x39, 0xc4, 0x52, 0x46,
  0x4a, 0x66, 0x4a, 0x25, 0x4a, 0x45, 0x4a, 0x24, 0x42, 0x45, 0x4a, 0x45,
  0x3a, 0x25, 0x42, 0x25, 0x4a, 0x86, 0x5a, 0xc7, 0x4a, 0x85, 0x52, 0x85,
  0x4a, 0x86, 0x42, 0x24, 0x39, 0xe5, 0x41, 0xe4, 0x31, 0xa4, 0x39, 0xc4,
  0x3a, 0x05, 0x42, 0x05, 0x42, 0x25, 0x39, 0xc3, 0x31, 0xa4, 0x39, 0x83,
  0x31, 0x64, 0x39, 0x43, 0x39, 0x84, 0x41, 0x84, 0x41, 0xe5, 0x49, 0xe5,
  0x3a, 0x05, 0x39, 0xc4, 0x31, 0x84, 0x31, 0x63, 0x42, 0x05, 0x4a, 0x05,
  0x52, 0xa6, 0x52, 0x44, 0x42, 0x45, 0x4a, 0x65, 0x4a, 0x65, 0x4a, 0x24,
  0x42, 0x65, 0x42, 0x45, 0x42, 0x45, 0x4a, 0x65, 0x4a, 0x46, 0x39, 0xc4,
  0x31, 0xc4, 0x39, 0xc4, 0x39, 0xe5, 0x41, 0xe4, 0x42, 0x04, 0x4a, 0x04,
  0x39, 0xa5, 0x31, 0x63, 0x31, 0x85, 0x31, 0x64, 0x31, 0x84, 0x39, 0xc5,
  0x39, 0xc5, 0x39, 0xa4, 0x31, 0xc5, 0x39, 0xc4, 0x31, 0xc5, 0x31, 0xa4,
  0x31, 0x84, 0x39, 0xa4, 0x39, 0xe5, 0x39, 0xc4, 0x31, 0xa4, 0x31, 0x84,
  0x31, 0x64, 0x39, 0x64, 0x39, 0xa5, 0x39, 0x84, 0x31, 0x85, 0x31, 0x43,
  0x31, 0x84, 0x41, 0xa5, 0x41, 0xe5, 0x41, 0xe5, 0x39, 0x64, 0x39, 0x64,
  0xd5, 0x6a, 0xcd, 0x6a, 0xd5, 0x8a, 0xd5, 0x8b, 0xd5, 0x8b, 0xd5, 0xab,
  0xd5, 0x6b, 0xd5, 0xac, 0xd5, 0x8b, 0xcd, 0xac, 0xcd, 0x8b, 0xcd, 0xcd,
  0xd5, 0x6b, 0xcd, 0x6b, 0xd5, 0x6b, 0xcd, 0x6b, 0xd5, 0x6a, 0xd5, 0x8b,
  0xd5, 0x6a, 0xd5, 0x8a, 0xdd, 0x6b, 0xdd, 0xac, 0xdd, 0x8b, 0xcd, 0x4b,
  0xd5, 0x6b, 0xd5, 0x6b, 0xd5, 0x4a, 0xd5, 0x6b, 0xdd, 0x4a, 0xd5, 0x6b,
  0xdd, 0x49, 0xcd, 0x29, 0xc4, 0xc9, 0xb4, 0x88, 0x93, 0x66, 0x9b, 0xc8,
  0x83, 0x06, 0x83, 0x27, 0x8b, 0x26, 0x8b, 0x47, 0x93, 0x87, 0x93, 0x88,
  0x93, 0x86, 0x93, 0xc7, 0xa3, 0xe7, 0xac, 0x48, 0xb4, 0x49, 0xac, 0x49,
  0xa3, 0xc8, 0x93, 0x66, 0x9b, 0xe8, 0xac, 0x8b, 0xac, 0x69, 0xb4, 0xcb,
  0xbc, 0xcb, 0xac, 0x69, 0xa3, 0xe7, 0xac, 0x49, 0xac, 0x27, 0xac, 0x48,
  0xbc, 0xca, 0xac, 0x89, 0xc4, 0xaa, 0xd5, 0x6e, 0xee, 0x10, 0xe5, 0xf0,
  0xe5, 0x8e, 0xe5, 0xcf, 0xed, 0xef, 0xe5, 0xef, 0xed, 0xad, 0xe5, 0xad,
  0xe5, 0x8d, 0xe5, 0x8d, 0xe5, 0xad, 0xe5, 0xce, 0xe5, 0xce, 0xe5, 0xce,
  0xe5, 0xad, 0xe5, 0xcd, 0xe5, 0x8c, 0xdd, 0x6c, 0xe5, 0x6b, 0xe5, 0x8c,
  0xe5, 0x6c, 0xe5, 0x8c, 0xed, 0xcd, 0xed, 0xed, 0xf6, 0x0d, 0xfe, 0x2e,
  0xfe, 0x2d, 0xfe, 0x4e, 0xfe, 0x4c, 0xfe, 0x2c, 0xf5, 0x8a, 0xcc, 0x87,
  0xb3, 0xe7, 0x8a, 0xc3, 0x9b, 0x25, 0xd4, 0xec, 0xdc, 0xc9, 0xdc, 0xea,
  0xdc, 0xe9, 0xd4, 0xa9, 0xdc, 0xa8, 0xd4, 0xa8, 0xcc, 0x67, 0xcc, 0x87,
  0xa3, 0x65, 0x9b, 0x24, 0x82, 0xc5, 0x7a, 0xc5, 0x7a, 0xc5, 0x7a, 0xe6,
  0x8b, 0x05, 0x93, 0x87, 0xbc, 0x27, 0xb4, 0x27, 0xb3, 0xc6, 0xbc, 0x07,
  0xd4, 0x46, 0xdc, 0xe9, 0xe4, 0xe8, 0xdc, 0xe8, 0xe4, 0xc7, 0xe4, 0xe8,
  0xe4, 0xe8, 0xe5, 0x08, 0xed, 0x08, 0xe5, 0x08, 0xdc, 0xc7, 0xc4, 0x25,
  0xa3, 0x65, 0x9b, 0x65, 0xa3, 0xa5, 0xa3, 0xc6, 0xbc, 0x07, 0xb4, 0x07,
  0xcc, 0x69, 0xab, 0xc6, 0xc4, 0x27, 0xcc, 0x89, 0xcc, 0x47, 0xb3, 0xa5,
  0xc4, 0x07, 0xa3, 0x65, 0x82, 0xc4, 0x6a, 0x22, 0x41, 0x83, 0x39, 0x83,
  0x39, 0x83, 0x31, 0xa4, 0x41, 0xc4, 0x4a, 0x26, 0x41, 0xc3, 0x42, 0x05,
  0x4a, 0x44, 0x42, 0x04, 0x4a, 0x24, 0x42, 0x24, 0x4a, 0x45, 0x4a, 0x65,
  0x4a, 0x45, 0x42, 0x66, 0x5a, 0xa6, 0x5a, 0xe7, 0x5a, 0xc6, 0x52, 0xa6,
  0x52, 0x65, 0x42, 0x24, 0x41, 0xc4, 0x31, 0xa3, 0x39, 0xc4, 0x39, 0xe4,
  0x42, 0x04, 0x42, 0x05, 0x42, 0x04, 0x39, 0xe3, 0x41, 0xa3, 0x39, 0xa4,
  0x39, 0x43, 0x39, 0x63, 0x49, 0xa4, 0x41, 0xc5, 0x41, 0xe4, 0x42, 0x04,
  0x4a, 0x25, 0x39, 0xc4, 0x39, 0x63, 0x31, 0x84, 0x4a, 0x05, 0x52, 0x46,
  0x52, 0x85, 0x4a, 0x65, 0x4a, 0x44, 0x4a, 0x85, 0x4a, 0x65, 0x4a, 0x65,
  0x4a, 0x45, 0x42, 0x45, 0x4a, 0x44, 0x42, 0x65, 0x4a, 0x25, 0x3a, 0x04,
  0x39, 0xc4, 0x39, 0xe4, 0x42, 0x04, 0x3a, 0x04, 0x4a, 0x24, 0x41, 0xe4,
  0x39, 0x83, 0x31, 0x84, 0x31, 0x64, 0x31, 0x84, 0x31, 0x63, 0x39, 0xc4,
  0x41, 0xc4, 0x39, 0xc4, 0x39, 0xc4, 0x39, 0xc4, 0x39, 0xa4, 0x31, 0xc4,
  0x31, 0x83, 0x31, 0xc4, 0x41, 0xe4, 0x39, 0xc4, 0x39, 0xa3, 0x31, 0xa4,
  0x39, 0x63, 0x31, 0x84, 0x39, 0x83, 0x39, 0xa4, 0x39, 0x63, 0x31, 0x63,
  0x39, 0x83, 0x39, 0xc5, 0x41, 0xc4, 0x41, 0xc4, 0x41, 0x64, 0x39, 0x64,
  0xcd, 0x6b, 0xd5, 0x6b, 0xcd, 0x8b, 0xd5, 0x8b, 0xd5, 0xcc, 0xd5, 0xab,
  0xcd, 0x8c, 0xcd, 0x6b, 0xcd, 0xad, 0xd5, 0xac, 0xcd, 0xad, 0xd5, 0xad,
  0xcd, 0xad, 0xd5, 0x8d, 0xd5, 0xac, 0xd5, 0x8c, 0xcd, 0x8b, 0xdd, 0xab,
  0xcd, 0xab, 0xd5, 0x8b, 0xd5, 0x8c, 0xdd, 0x8c, 0xd5, 0x8c, 0xdd, 0x8c,
  0xcd, 0x6b, 0xd5, 0x6b, 0xd5, 0x4b, 0xd5, 0x4b, 0xd5, 0x6a, 0xd5, 0x4a,
  0xd5, 0x6a, 0xdd, 0x6a, 0xd5, 0x4a, 0xd5, 0x2a, 0xac, 0x28, 0x8b, 0x04,
  0x72, 0xe6, 0x7b, 0x27, 0x7b, 0x27, 0x7a, 0xe6, 0x8b, 0x47, 0x93, 0x46,
  0x93, 0xa7, 0xa3, 0xe8, 0xa4, 0x08, 0xb4, 0x69, 0xa4, 0x08, 0x9b, 0xa7,
  0xa4, 0x08, 0xac, 0x28, 0x9c, 0x28, 0xb4, 0x8a, 0xac, 0x8a, 0xbc, 0xca,
  0xbd, 0x0c, 0xbc, 0xca, 0xa4, 0x28, 0xac, 0x49, 0xac, 0x48, 0xb4, 0x69,
  0xb4, 0xca, 0xb4, 0xaa, 0xb4, 0xaa, 0xc5, 0x0b, 0xdd, 0xcf, 0xed, 0xf0,
  0xe5, 0xaf, 0xed, 0xcf, 0xe5, 0xcf, 0xed, 0xcf, 0xe5, 0xaf, 0xe5, 0x8e,
  0xe5, 0xae, 0xed, 0xae, 0xe5, 0xce, 0xed, 0xce, 0xdd, 0xcf, 0xe5, 0xce,
  0xe5, 0xce, 0xe5, 0xad, 0xe5, 0xad, 0xe5, 0x8c, 0xdd, 0x6d, 0xe5, 0x6c,
  0xe5, 0x8d, 0xe5, 0x8c, 0xe5, 0xad, 0xed, 0xcd, 0xed, 0xee, 0xf5, 0xed,
  0xf6, 0x0d, 0xfe, 0x2d, 0xfe, 0x4d, 0xfe, 0x0c, 0xed, 0xab, 0xd4, 0x86,
  0x9b, 0x86, 0x8a, 0xc3, 0xab, 0xa7, 0xcc, 0xcb, 0xd4, 0xc9, 0xe4, 0xea,
  0xd4, 0xe9, 0xd4, 0x88, 0xd4, 0xa8, 0xd4, 0x87, 0xcc, 0x88, 0xc4, 0x47,
  0x93, 0x26, 0x9b, 0x05, 0x7a, 0xc5, 0x82, 0xc5, 0x7a, 0xc6, 0x82, 0xe6,
  0x8b, 0x46, 0xa3, 0xa7, 0xb4, 0x27, 0xb3, 0xe6, 0xb3, 0xc6, 0xcc, 0x48,
  0xdc, 0xa8, 0xe4, 0xc8, 0xdc, 0xc9, 0xdc, 0xa8, 0xdc, 0xa8, 0xe4, 0xc7,
  0xdc, 0xc8, 0xe4, 0xc8, 0xe5, 0x08, 0xed, 0x08, 0xd4, 0x87, 0xcc, 0x05,
  0x9b, 0x45, 0xa3, 0x65, 0xa3, 0xa6, 0xb4, 0x07, 0xb4, 0x07, 0xbc, 0x07,
  0xbc, 0x48, 0xb3, 0xc6, 0xc4, 0x48, 0xd4, 0xa9, 0xcc, 0x88, 0xbb, 0xa5,
  0xc4, 0x49, 0xa3, 0x44, 0x82, 0xe6, 0x69, 0xe1, 0x39, 0xa4, 0x39, 0x83,
  0x31, 0x84, 0x39, 0xa4, 0x39, 0xc4, 0x41, 0xe5, 0x41, 0xe5, 0x41, 0xc4,
  0x39, 0xe4, 0x41, 0xe4, 0x3a, 0x04, 0x42, 0x25, 0x42, 0x05, 0x42, 0x04,
  0x42, 0x46, 0x4a, 0x25, 0x5a, 0xe8, 0x5a, 0xc7, 0x52, 0xa6, 0x4a, 0x65,
  0x42, 0x45, 0x42, 0x04, 0x39, 0xe5, 0x41, 0xe4, 0x41, 0xe5, 0x41, 0xc4,
  0x39, 0xe4, 0x42, 0x05, 0x42, 0x25, 0x39, 0xc3, 0x39, 0xa4, 0x31, 0x63,
  0x39, 0x64, 0x39, 0x43, 0x39, 0x83, 0x49, 0xa4, 0x41, 0xe4, 0x49, 0xe4,
  0x42, 0x05, 0x39, 0x83, 0x31, 0x64, 0x39, 0x63, 0x42, 0x05, 0x52, 0x46,
  0x4a, 0x85, 0x4a, 0x44, 0x42, 0x44, 0x42, 0x44, 0x4a, 0x66, 0x4a, 0x65,
  0x42, 0x45, 0x42, 0x24, 0x42, 0x65, 0x4a, 0x65, 0x3a, 0x25, 0x3a, 0x04,
  0x31, 0xc4, 0x39, 0xe4, 0x39, 0xe4, 0x42, 0x04, 0x42, 0x25, 0x41, 0xc3,
  0x31, 0x84, 0x31, 0x63, 0x31, 0x64, 0x31, 0x43, 0x31, 0x64, 0x39, 0x84,
  0x39, 0xc5, 0x39, 0xa4, 0x31, 0xe5, 0x31, 0xa4, 0x31, 0xc5, 0x31, 0xa4,
  0x31, 0x84, 0x39, 0xa4, 0x39, 0xe5, 0x39, 0xa4, 0x31, 0xa4, 0x31, 0x63,
  0x31, 0x64, 0x39, 0x84, 0x31, 0x84, 0x39, 0x84, 0x31, 0x84, 0x31, 0x63,
  0x31, 0x84, 0x41, 0xa4, 0x39, 0xc4, 0x41, 0xa4, 0x39, 0x84, 0x39, 0x84,
  0xd5, 0x8b, 0xcd, 0x6b, 0xd5, 0x8b, 0xd5, 0xac, 0xd5, 0x8a, 0xd5, 0xab,
  0xd5, 0xac, 0xd5, 0xcc, 0xd5, 0xac, 0xd5, 0xcd, 0xd5, 0xad, 0xcd, 0xad,
  0xd5, 0xae, 0xcd, 0xce, 0xd5, 0xac, 0xd5, 0xad, 0xd5, 0xab, 0xd5, 0xcc,
  0xdd, 0xcb, 0xcd, 0xab, 0xdd, 0xac, 0xd5, 0xab, 0xdd, 0x8b, 0xd5, 0x8b,
  0xdd, 0x6b, 0xd5, 0x6b, 0xd5, 0x4a, 0xd5, 0x4a, 0xdd, 0x8a, 0xdd, 0x8b,
  0xdd, 0x49, 0xd5, 0x6a, 0xdd, 0x6a, 0xdd, 0x8a, 0xd5, 0x6b, 0xa4, 0x06,
  0x7a, 0xe4, 0x72, 0xe5, 0x93, 0xa9, 0x8b, 0xc9, 0x9b, 0xc7, 0x9b, 0xe8,
  0xa4, 0x08, 0xa4, 0x49, 0xb4, 0x48, 0xa4, 0x28, 0xab, 0xe7, 0xac, 0x49,
  0xc4, 0xca, 0xbc, 0x89, 0xa4, 0x08, 0xac, 0x6a, 0xbc, 0xaa, 0xb4, 0xcb,
  0xc4, 0xeb, 0xbc, 0xeb, 0xb4, 0x89, 0xb4, 0xa9, 0xac, 0x27, 0xb4, 0x89,
  0xb4, 0x89, 0xbd, 0x0b, 0xb4, 0xaa, 0xb5, 0x0b, 0xd5, 0x6d, 0xe6, 0x10,
  0xed, 0xef, 0xe5, 0xcf, 0xed, 0xce, 0xe5, 0xef, 0xf5, 0xce, 0xe5, 0xae,
  0xed, 0xad, 0xed, 0xce, 0xed, 0xce, 0xe5, 0xce, 0xed, 0xef, 0xe5, 0xef,
  0xed, 0xee, 0xe5, 0xce, 0xe5, 0xad, 0xdd, 0x8d, 0xdd, 0x4b, 0xdd, 0x8c,
  0xe5, 0x4b, 0xed, 0xad, 0xe5, 0x6c, 0xe5, 0xad, 0xf5, 0xcc, 0xf5, 0xed,
  0xfe, 0x0d, 0xfe, 0x2e, 0xfe, 0x4d, 0xfe, 0x4d, 0xfe, 0x0b, 0xcc, 0xa6,
  0x93, 0x04, 0xa3, 0xa6, 0xcc, 0x48, 0xd4, 0xca, 0xdc, 0xc9, 0xdd, 0x0a,
  0xdc, 0xe9, 0xcc, 0x88, 0xd4, 0xa7, 0xcc, 0x87, 0xcc, 0x88, 0xb3, 0xe5,
  0x9b, 0x25, 0x8b, 0x05, 0x82, 0xc4, 0x7a, 0xe5, 0x7a, 0xc5, 0x83, 0x06,
  0x93, 0x45, 0xa3, 0xe8, 0xb4, 0x06, 0xb4, 0x27, 0xbb, 0xe5, 0xcc, 0x88,
  0xe4, 0xc8, 0xe4, 0xe8, 0xe4, 0xa8, 0xdc, 0xc9, 0xdc, 0xa7, 0xdc, 0xe8,
  0xe4, 0xe7, 0xe4, 0xe8, 0xed, 0x08, 0xe5, 0x08, 0xd4, 0x66, 0xc4, 0x05,
  0x9b, 0x44, 0x9b, 0x85, 0xab, 0xa6, 0xb4, 0x08, 0xbc, 0x07, 0xbc, 0x27,
  0xc4, 0x47, 0xb3, 0xe6, 0xcc, 0x68, 0xcc, 0xa9, 0xd4, 0x67, 0xbb, 0xe5,
  0xc4, 0x07, 0xab, 0x65, 0x82, 0xa4, 0x6a, 0x02, 0x39, 0x62, 0x39, 0x83,
  0x39, 0xa4, 0x41, 0xe5, 0x41, 0xc4, 0x39, 0xc4, 0x41, 0xc4, 0x4a, 0x46,
  0x4a, 0x25, 0x39, 0xe4, 0x41, 0xe4, 0x42, 0x25, 0x41, 0xe4, 0x4a, 0x46,
  0x4a, 0x45, 0x42, 0x25, 0x52, 0x86, 0x4a, 0x65, 0x52, 0x85, 0x4a, 0x85,
  0x4a, 0x64, 0x3a, 0x24, 0x41, 0xe3, 0x42, 0x25, 0x41, 0xe4, 0x41, 0xe4,
  0x41, 0xe4, 0x42, 0x25, 0x42, 0x04, 0x39, 0xe4, 0x39, 0xa3, 0x31, 0x83,
  0x41, 0x63, 0x41, 0x84, 0x41, 0xa3, 0x41, 0xc4, 0x49, 0xe3, 0x4a, 0x24,
  0x41, 0xe4, 0x39, 0xa3, 0x39, 0x43, 0x31, 0x63, 0x4a, 0x05, 0x4a, 0x46,
  0x4a, 0x64, 0x42, 0x44, 0x42, 0x24, 0x42, 0x24, 0x4a, 0x65, 0x4a, 0x86,
  0x4a, 0x44, 0x42, 0x44, 0x4a, 0x45, 0x42, 0x65, 0x42, 0x04, 0x39, 0xe4,
  0x41, 0xc4, 0x42, 0x05, 0x4a, 0x04, 0x4a, 0x04, 0x4a, 0x03, 0x41, 0xc3,
  0x39, 0xa3, 0x31, 0x83, 0x31, 0x43, 0x31, 0x64, 0x39, 0x83, 0x39, 0xc5,
  0x41, 0xe4, 0x39, 0xc4, 0x39, 0xe4, 0x31, 0xc4, 0x39, 0xc4, 0x31, 0x83,
  0x31, 0x83, 0x39, 0xc4, 0x41, 0xc4, 0x39, 0xc4, 0x41, 0xc4, 0x31, 0x84,
  0x39, 0x63, 0x39, 0x84, 0x39, 0x83, 0x39, 0x84, 0x39, 0x64, 0x31, 0x64,
  0x39, 0x64, 0x39, 0xa5, 0x41, 0xa4, 0x39, 0xa4, 0x39, 0x84, 0x39, 0x84,
  0xcd, 0x8c, 0xcd, 0x6b, 0xd5, 0xac, 0xd5, 0x6b, 0xcd, 0x8b, 0xd5, 0x8b,
  0xcd, 0x8c, 0xcd, 0x8b, 0xcd, 0xad, 0xd5, 0xcd, 0xcd, 0xce, 0xd5, 0xad,
  0xd5, 0xf0, 0xdd, 0xef, 0xd5, 0xee, 0xd5, 0xcd, 0xd5, 0xcd, 0xd5, 0xac,
  0xd5, 0xcc, 0xd5, 0xab, 0xcd, 0x8b, 0xd5, 0x8b, 0xcd, 0x6b, 0xd5, 0x8b,
  0xd5, 0x8c, 0xd5, 0x6b, 0xd5, 0x8c, 0xd5, 0x4b, 0xd5, 0x8b, 0xdd, 0x8b,
  0xd5, 0x8b, 0xdd, 0x4a, 0xdd, 0x6a, 0xdd, 0x6a, 0xdd, 0x8c, 0xd5, 0x09,
  0x9b, 0xe8, 0x7a, 0xa3, 0x6a, 0x85, 0x93, 0x89, 0x9c, 0x0a, 0xa4, 0x09,
  0x9c, 0x09, 0x9b, 0xc8, 0x93, 0xc6, 0xb4, 0x89, 0xbc, 0xca, 0xd5, 0x4c,
  0xdd, 0x6c, 0xd5, 0x0b, 0xa4, 0x08, 0xa3, 0xe7, 0xac, 0x8b, 0xbc, 0xab,
  0xbc, 0xec, 0xbc, 0xcb, 0xac, 0x8a, 0xbc, 0xaa, 0xa4, 0x28, 0xac, 0x08,
  0xac, 0x6a, 0xb4, 0xaa, 0xac, 0xeb, 0xb4, 0xcb, 0xbd, 0x0d, 0xd5, 0x6e,
  0xe5, 0xcf, 0xe5, 0xaf, 0xdd, 0xae, 0xe5, 0x8d, 0xe5, 0xae, 0xe5, 0x8d,
  0xe5, 0xae, 0xed, 0xae, 0xe5, 0xae, 0xed, 0xce, 0xe5, 0xef, 0xe5, 0xce,
  0xe5, 0xcf, 0xe5, 0xce, 0xdd, 0xae, 0xdd, 0x6d, 0xdd, 0x6c, 0xdd, 0x4b,
  0xdd, 0x6c, 0xed, 0x8d, 0xe5, 0x8d, 0xe5, 0x8d, 0xed, 0xcd, 0xf5, 0xcd,
  0xf5, 0xed, 0xfe, 0x0e, 0xfe, 0x4f, 0xfe, 0x4e, 0xf6, 0x4d, 0xcc, 0xa6,
  0x8a, 0xc3, 0xbc, 0x08, 0xd4, 0x89, 0xdc, 0xca, 0xdc, 0xea, 0xe4, 0xea,
  0xd4, 0xc9, 0xd4, 0xa8, 0xcc, 0xc8, 0xcc, 0x87, 0xcc, 0x88, 0xab, 0x64,
  0x93, 0x25, 0x8a, 0xe4, 0x7a, 0xe6, 0x82, 0xe5, 0x7a, 0xe6, 0x8b, 0x26,
  0x93, 0x66, 0xac, 0x09, 0xb4, 0x07, 0xab, 0xe6, 0xc4, 0x06, 0xdc, 0xa8,
  0xe5, 0x09, 0xe4, 0xc8, 0xdc, 0xc9, 0xe4, 0xc9, 0xdc, 0xc8, 0xe4, 0xc8,
  0xdc, 0xe8, 0xe4, 0xe8, 0xe5, 0x08, 0xe5, 0x08, 0xcc, 0x47, 0xc4, 0x05,
  0x93, 0x45, 0x9b, 0x45, 0xa3, 0xa6, 0xb3, 0xe7, 0xb3, 0xe7, 0xbc, 0x07,
  0xbc, 0x28, 0xbc, 0x07, 0xc4, 0x68, 0xcc, 0x88, 0xbc, 0x08, 0xab, 0x44,
  0xbb, 0xe7, 0xab, 0x65, 0x8a, 0xe5, 0x72, 0x02, 0x39, 0x63, 0x41, 0x63,
  0x39, 0xa4, 0x41, 0xc5, 0x41, 0xe5, 0x39, 0xa3, 0x39, 0xe5, 0x52, 0x87,
  0x4a, 0x46, 0x41, 0xe4, 0x42, 0x25, 0x4a, 0x05, 0x39, 0xe4, 0x4a, 0x45,
  0x3a, 0x05, 0x4a, 0x45, 0x52, 0xa7, 0x4a, 0x65, 0x4a, 0x65, 0x52, 0x65,
  0x42, 0x65, 0x42, 0x03, 0x41, 0xe4, 0x41, 0xe4, 0x39, 0xc4, 0x41, 0xc4,
  0x39, 0xe4, 0x42, 0x05, 0x39, 0xe4, 0x39, 0xc4, 0x39, 0xa4, 0x39, 0x83,
  0x39, 0x83, 0x41, 0xa4, 0x49, 0xe5, 0x49, 0xc4, 0x42, 0x04, 0x4a, 0x25,
  0x39, 0xe5, 0x39, 0xa3, 0x31, 0x64, 0x39, 0x63, 0x41, 0xe5, 0x4a, 0x05,
  0x4a, 0x65, 0x4a, 0x65, 0x3a, 0x25, 0x39, 0xe4, 0x42, 0x45, 0x4a, 0x45,
  0x42, 0x24, 0x42, 0x04, 0x42, 0x45, 0x42, 0x45, 0x3a, 0x05, 0x39, 0xe3,
  0x39, 0xc4, 0x4a, 0x05, 0x52, 0x25, 0x52, 0x25, 0x4a, 0x45, 0x4a, 0x04,
  0x39, 0xe5, 0x41, 0xe5, 0x31, 0x84, 0x31, 0x84, 0x31, 0x84, 0x39, 0xa4,
  0x39, 0xe5, 0x39, 0xc4, 0x3a, 0x05, 0x39, 0xc3, 0x3a, 0x05, 0x39, 0xc4,
  0x31, 0xa4, 0x39, 0xa4, 0x39, 0xe5, 0x39, 0xa4, 0x31, 0xa4, 0x31, 0x84,
  0x31, 0x84, 0x39, 0x84, 0x39, 0x84, 0x41, 0xa4, 0x39, 0x85, 0x39, 0x64,
  0x31, 0x85, 0x39, 0x85, 0x39, 0xa5, 0x41, 0xa4, 0x39, 0x84, 0x39, 0x63,
  0xd5, 0x8b, 0xd5, 0x8b, 0xd5, 0x8b, 0xcd, 0x8b, 0xd5, 0x8b, 0xd5, 0x8b,
  0xd5, 0x8b, 0xd5, 0xac, 0xd5, 0x8b, 0xd5, 0xcc, 0xd5, 0x8c, 0xcd, 0xad,
  0xde, 0x0f, 0xde, 0x0f, 0xdd, 0xcd, 0xd5, 0xcd, 0xdd, 0xcd, 0xd5, 0xcd,
  0xdd, 0xab, 0xcd, 0x8b, 0xd5, 0x8a, 0xd5, 0x8b, 0xd5, 0x8b, 0xd5, 0x8b,
  0xd5, 0x8b, 0xd5, 0xac, 0xdd, 0x6b, 0xdd, 0x8c, 0xdd, 0x8b, 0xdd, 0xac,
  0xdd, 0x8b, 0xd5, 0x8b, 0xdd, 0x6a, 0xdd, 0x8a, 0xdd, 0x6a, 0xdd, 0x6b,
  0xd5, 0x2b, 0xb4, 0x48, 0x8b, 0x25, 0x83, 0x05, 0xa3, 0xe8, 0x9b, 0xc8,
  0xa3, 0xc7, 0xb4, 0x8a, 0xd5, 0x4b, 0xdd, 0xad, 0xe5, 0x8c, 0xe5, 0xcd,
  0xed, 0xcc, 0xdd, 0x6b, 0xac, 0x28, 0x9b, 0xa6, 0xb4, 0xab, 0xb4, 0xab,
  0xbc, 0xeb, 0xbc, 0xeb, 0xb4, 0xa9, 0xb4, 0xea, 0xac, 0x49, 0xa4, 0x28,
  0xac, 0x69, 0xac, 0x6a, 0xb4, 0x8a, 0xbd, 0x0c, 0xc5, 0x2c, 0xc5, 0x4d,
  0xe5, 0xae, 0xe5, 0xf0, 0xe5, 0xae, 0xdd, 0xae, 0xe5, 0x6d, 0xe5, 0xae,
  0xed, 0xad, 0xe5, 0xae, 0xed, 0xae, 0xe5, 0xae, 0xe5, 0xce, 0xe5, 0xce,
  0xe5, 0xce, 0xe5, 0xef, 0xe5, 0xce, 0xdd, 0xad, 0xe5, 0x8c, 0xdd, 0x8c,
  0xe5, 0x6b, 0xe5, 0x8c, 0xed, 0xad, 0xe5, 0xad, 0xed, 0xad, 0xed, 0xcd,
  0xf5, 0xed, 0xfe, 0x2e, 0xfe, 0x4d, 0xfe, 0x8f, 0xfe, 0x4d, 0xd5, 0x29,
  0xab, 0x64, 0xc4, 0x68, 0xdc, 0xa9, 0xdc, 0xea, 0xe4, 0xea, 0xdd, 0x0a,
  0xd4, 0xa8, 0xd4, 0xc9, 0xd4, 0xa8, 0xcc, 0xa8, 0xc4, 0x48, 0xa3, 0x64,
  0x9b, 0x45, 0x93, 0x25, 0x83, 0x05, 0x83, 0x05, 0x83, 0x06, 0x8b, 0x47,
  0xa3, 0xa7, 0xac, 0x29, 0xb4, 0x06, 0xab, 0xe6, 0xdc, 0x87, 0xe5, 0x09,
  0xec, 0xe8, 0xe5, 0x09, 0xe4, 0xc8, 0xdc, 0xe9, 0xe4, 0xe8, 0xdc, 0xe8,
  0xe4, 0xc7, 0xe5, 0x08, 0xe5, 0x08, 0xe5, 0x08, 0xcc, 0x26, 0xbb, 0xe5,
  0x9b, 0x24, 0x9b, 0x45, 0xab, 0xa6, 0xab, 0xe7, 0xb3, 0xe6, 0xb4, 0x07,
  0xbc, 0x27, 0xb3, 0xe6, 0xc4, 0x27, 0xc4, 0x48, 0xb3, 0xa6, 0x92, 0xa3,
  0xb3, 0xa7, 0xab, 0x86, 0x8a, 0xc5, 0x72, 0x22, 0x41, 0x62, 0x41, 0x83,
  0x41, 0xc4, 0x39, 0xc4, 0x41, 0xe4, 0x41, 0xe4, 0x39, 0xc3, 0x4a, 0x66,
  0x52, 0x45, 0x42, 0x04, 0x4a, 0x24, 0x4a, 0x86, 0x4a, 0x45, 0x42, 0x65,
  0x4a, 0x25, 0x4a, 0x86, 0x52, 0x86, 0x4a, 0x86, 0x4a, 0x24, 0x4a, 0x65,
  0x52, 0x44, 0x4a, 0x65, 0x41, 0xe3, 0x42, 0x04, 0x4a, 0x04, 0x42, 0x04,
  0x42, 0x04, 0x42, 0x25, 0x41, 0xe4, 0x31, 0xc3, 0x39, 0xa3, 0x39, 0xc4,
  0x41, 0x83, 0x49, 0xe4, 0x51, 0xe4, 0x49, 0xe4, 0x4a, 0x04, 0x42, 0x24,
  0x39, 0xc3, 0x31, 0xa3, 0x39, 0x83, 0x39, 0xa4, 0x41, 0xa3, 0x4a, 0x46,
  0x4a, 0x24, 0x4a, 0x65, 0x42, 0x24, 0x39, 0xe3, 0x42, 0x04, 0x42, 0x25,
  0x42, 0x04, 0x42, 0x24, 0x42, 0x24, 0x42, 0x45, 0x4a, 0x24, 0x39, 0xe4,
  0x41, 0xc3, 0x4a, 0x25, 0x5a, 0x45, 0x52, 0x45, 0x52, 0x45, 0x4a, 0x45,
  0x4a, 0x05, 0x4a, 0x25, 0x41, 0xe4, 0x41, 0xe5, 0x41, 0xe4, 0x39, 0xc4,
  0x42, 0x04, 0x42, 0x05, 0x42, 0x04, 0x31, 0xe4, 0x42, 0x04, 0x39, 0xe4,
  0x39, 0xa4, 0x31, 0xa4, 0x39, 0xc4, 0x39, 0xc4, 0x39, 0xa4, 0x31, 0x84,
  0x39, 0x64, 0x39, 0x85, 0x39, 0xa4, 0x39, 0xc5, 0x39, 0x63, 0x39, 0x84,
  0x39, 0x64, 0x41, 0xc5, 0x39, 0xa4, 0x41, 0xe5, 0x41, 0xa4, 0x31, 0x83,
  0xcd, 0xab, 0xcd, 0x8b, 0xcd, 0x4a, 0xd5, 0x6a, 0xcd, 0x8c, 0xd5, 0x8c,
  0xcd, 0x8c, 0xd5, 0x8c, 0xcd, 0xac, 0xd5, 0x8b, 0xcd, 0xac, 0xcd, 0x8c,
  0xcd, 0xcd, 0xd5, 0xad, 0xcd, 0xad, 0xd5, 0xac, 0xd5, 0xac, 0xd5, 0x8c,
  0xd5, 0x8b, 0xd5, 0x8b, 0xd5, 0x8c, 0xd5, 0x6b, 0xcd, 0x8c, 0xd5, 0x6b,
  0xd5, 0x8c, 0xd5, 0x8b, 0xd5, 0x6c, 0xdd, 0x8c, 0xdd, 0x8d, 0xe5, 0x8c,
  0xe5, 0xcd, 0xdd, 0x6b, 0xdd, 0xab, 0xdd, 0x8a, 0xd5, 0x8c, 0xdd, 0x6b,
  0xd5, 0x8c, 0xdd, 0x8c, 0xcd, 0x6d, 0xc4, 0xea, 0xbc, 0xca, 0xc4, 0xeb,
  0xcd, 0x4c, 0xdd, 0x8c, 0xdd, 0xad, 0xdd, 0x8c, 0xdd, 0xac, 0xe5, 0xac,
  0xe5, 0xcd, 0xe5, 0x6b, 0xb4, 0x8a, 0x9b, 0x86, 0xa4, 0x2a, 0xac, 0x6b,
  0xb4, 0xcb, 0xbc, 0xcb, 0xb4, 0xaa, 0xbc, 0xea, 0xac, 0x6a, 0xa4, 0x08,
  0xac, 0x8b, 0xb4, 0x6a, 0xac, 0x6a, 0xc4, 0xcc, 0xbd, 0x2d, 0xbd, 0x2d,
  0xcd, 0x2e, 0xdd, 0x8f, 0xe5, 0xcf, 0xe5, 0xae, 0xe5, 0x8e, 0xed, 0xae,
  0xe5, 0xae, 0xe5, 0x8d, 0xe5, 0xae, 0xe5, 0xae, 0xe5, 0xcf, 0xe5, 0xae,
  0xdd, 0xae, 0xe5, 0xce, 0xe5, 0xee, 0xe5, 0xad, 0xdd, 0x8d, 0xe5, 0x6c,
  0xdd, 0x6c, 0xe5, 0x6c, 0xe5, 0x8d, 0xed, 0xad, 0xed, 0xae, 0xed, 0xad,
  0xf5, 0xed, 0xfd, 0xed, 0xfe, 0x2d, 0xfe, 0x4d, 0xf6, 0x4e, 0xf5, 0xec,
  0xbc, 0x27, 0xcc, 0x68, 0xd4, 0xa9, 0xdc, 0xc9, 0xdd, 0x0b, 0xdc, 0xea,
  0xcc, 0xa9, 0xd4, 0xc9, 0xcc, 0xa9, 0xd4, 0xc9, 0xab, 0xc7, 0xa3, 0x45,
  0x93, 0x46, 0x93, 0x25, 0x83, 0x26, 0x83, 0x05, 0x7b, 0x06, 0x93, 0x67,
  0xa3, 0xc8, 0xac, 0x08, 0xab, 0xe7, 0xb4, 0x07, 0xdc, 0xc9, 0xe4, 0xe9,
  0xe4, 0xe9, 0xec, 0xe8, 0xdc, 0xe9, 0xdc, 0xa8, 0xe5, 0x09, 0xe4, 0xe8,
  0xdc, 0xe8, 0xdc, 0xc7, 0xdd, 0x08, 0xe4, 0xe8, 0xbc, 0x06, 0xc4, 0x05,
  0x93, 0x45, 0x9b, 0x45, 0xab, 0xc7, 0xb3, 0xe7, 0xab, 0xc6, 0xbc, 0x07,
  0xb4, 0x28, 0xb3, 0xe7, 0xbb, 0xe7, 0xc4, 0x07, 0x9a, 0xe5, 0x82, 0x42,
  0x9b, 0x47, 0x9b, 0x26, 0x82, 0xc5, 0x72, 0x22, 0x39, 0x84, 0x41, 0x83,
  0x31, 0xa4, 0x31, 0x83, 0x39, 0xe5, 0x39, 0xc4, 0x39, 0xc4, 0x4a, 0x25,
  0x4a, 0x66, 0x41, 0xe4, 0x39, 0xe4, 0x52, 0x65, 0x4a, 0x65, 0x42, 0x24,
  0x4a, 0x66, 0x4a, 0x66, 0x42, 0x46, 0x4a, 0x25, 0x3a, 0x05, 0x4a, 0x45,
  0x4a, 0x46, 0x52, 0x45, 0x39, 0xe4, 0x4a, 0x04, 0x42, 0x25, 0x42, 0x04,
  0x3a, 0x05, 0x42, 0x05, 0x3a, 0x05, 0x39, 0xc4, 0x39, 0xa4, 0x39, 0x84,
  0x39, 0x84, 0x49, 0xc5, 0x49, 0xe4, 0x51, 0xe4, 0x4a, 0x25, 0x41, 0xe4,
  0x39, 0xc4, 0x39, 0x83, 0x31, 0x84, 0x41, 0xa4, 0x39, 0xc4, 0x52, 0x46,
  0x42, 0x25, 0x4a, 0x45, 0x42, 0x24, 0x39, 0xe3, 0x3a, 0x05, 0x42, 0x05,
  0x42, 0x25, 0x4a, 0x45, 0x42, 0x45, 0x42, 0x24, 0x42, 0x45, 0x39, 0xc3,
  0x39, 0xe4, 0x42, 0x04, 0x4a, 0x25, 0x52, 0x45, 0x42, 0x04, 0x41, 0xc3,
  0x39, 0xe5, 0x41, 0xe5, 0x39, 0xe5, 0x41, 0xe5, 0x39, 0xc4, 0x39, 0xa3,
  0x42, 0x25, 0x42, 0x05, 0x42, 0x66, 0x39, 0xe4, 0x39, 0xe4, 0x42, 0x04,
  0x31, 0xa4, 0x39, 0xa4, 0x39, 0xc5, 0x39, 0xa4, 0x31, 0x84, 0x31, 0x43,
  0x31, 0x64, 0x39, 0x64, 0x39, 0xa5, 0x41, 0xa5, 0x39, 0xa5, 0x39, 0x63,
  0x31, 0x84, 0x39, 0x84, 0x39, 0xa4, 0x39, 0xa4, 0x39, 0xc5, 0x39, 0x83
};
const unsigned int src_image_1_240x320_rgb565_len = 153600;
