unsigned char src_image_2_128x160_rgb565[] = {
  0xff, 0x3a, 0xff, 0x5b, 0xff, 0x5a, 0xff, 0x5b, 0xff, 0x5a, 0xff, 0x5b,
  0xff, 0x3a, 0xff, 0x5a, 0xff, 0x3a, 0xff, 0x5b, 0xff, 0x5a, 0xff, 0x5a,
  0xff, 0x3a, 0xff, 0x5a, 0xff, 0x3a, 0xff, 0x3a, 0xff, 0x3a, 0xff, 0x5a,
  0xff, 0x3a, 0xff, 0x3a, 0xff, 0x3a, 0xff, 0x5a, 0xff, 0x3a, 0xff, 0x3a,
  0xff, 0x3a, 0xff, 0x5a, 0xff, 0x5a, 0xff, 0x5b, 0xff, 0x3a, 0xff, 0x3a,
  0xff, 0x3a, 0xff, 0x3a, 0xff, 0x3a, 0xff, 0x5b, 0xff, 0x3a, 0xff, 0x5a,
  0xff, 0x3a, 0xf7, 0x3a, 0xff, 0x3a, 0xff, 0x5a, 0xff, 0x3a, 0xff, 0x3a,
  0xf7, 0x18, 0xe6, 0xd8, 0xe7, 0x38, 0xde, 0xf7, 0xe7, 0x18, 0xde, 0xf8,
  0xde, 0xd7, 0xd6, 0xf8, 0xe6, 0xf8, 0xde, 0xf8, 0xd6, 0xd7, 0xd6, 0xd7,
  0xf6, 0xd8, 0xff, 0x7a, 0xff, 0x3a, 0xff, 0x3a, 0xff, 0x3a, 0xff, 0x5b,
  0xff, 0x3a, 0xff, 0x3a, 0xff, 0x3a, 0xff, 0x5a, 0xff, 0x3a, 0xff, 0x3b,
  0xff, 0x3a, 0xff, 0x5b, 0xff, 0x3a, 0xff, 0x5b, 0xff, 0x3a, 0xff, 0x5b,
  0xff, 0x5b, 0xff, 0x5b, 0xff, 0x3a, 0xff, 0x3b, 0xff, 0x3a, 0xff, 0x3b,
  0xff, 0x5b, 0xff, 0x5b, 0xff, 0x3a, 0xff, 0x5b, 0xff, 0x5a, 0xff, 0x3a,
  0xff, 0x3a, 0xff, 0x5b, 0xff, 0x3a, 0xff, 0x5b, 0xff, 0x3a, 0xff, 0x5b,
  0xff, 0x3a, 0xff, 0x5b, 0xff, 0x3a, 0xff, 0x5b, 0xff, 0x3a, 0xff, 0x5b,
  0xff, 0x3a, 0xff, 0x5b, 0xff, 0x3a, 0xff, 0x5b, 0xff, 0x3a, 0xff, 0x5b,
  0xff, 0x5a, 0xff, 0x5b, 0xff, 0x5a, 0xff, 0x5b, 0xff, 0x3a, 0xff, 0x5a,
  0xff, 0x3a, 0xff, 0x5b, 0xff, 0x3a, 0xff, 0x5a, 0xff, 0x3a, 0xff, 0x5b,
  0xff, 0x5a, 0xff, 0x5b, 0xff, 0x3a, 0xff, 0x5a, 0xff, 0x5a, 0xff, 0x5b,
  0xff, 0x3a, 0xff, 0x5a, 0xff, 0x3a, 0xff, 0x5a, 0xff, 0x5a, 0xff, 0x5b,
  0xff, 0x5a, 0xff, 0x5b, 0xff, 0x5b, 0xff, 0x3a, 0xff, 0x5b, 0xff, 0x3a,
  0xff, 0x5b, 0xff, 0x3a, 0xff, 0x5b, 0xff, 0x5b, 0xff, 0x5b, 0xff, 0x3a,
  0xff, 0x5b, 0xff, 0x5a, 0xff, 0x5b, 0xff, 0x1a, 0xff, 0x5b, 0xff, 0x3a,
  0xf7, 0x3b, 0xff, 0x3a, 0xff, 0x3b, 0xff, 0x3a, 0xff, 0x5b, 0xff, 0x3a,
  0xff, 0x5b, 0xff, 0x3a, 0xff, 0x3b, 0xff, 0x3a, 0xff, 0x3b, 0xff, 0x3a,
  0xff, 0x5b, 0xff, 0x3a, 0xff, 0x5b, 0xff, 0x3a, 0xff, 0x3b, 0xff, 0x3a,
  0xff, 0x5b, 0xff, 0x3a, 0xf7, 0x3a, 0xff, 0x3a, 0xff, 0x3b, 0xff, 0x3a,
  0xf7, 0x3a, 0xff, 0x1a, 0xff, 0x5a, 0xf6, 0xf9, 0xde, 0xf8, 0xe6, 0xf8,
  0xd6, 0xd8, 0xde, 0xf8, 0xd6, 0xd8, 0xde, 0xb7, 0xd6, 0xd8, 0xde, 0xf8,
  0xd6, 0xf8, 0xd6, 0xb7, 0xce, 0x97, 0xde, 0xd8, 0xff, 0x3a, 0xff, 0x3a,
  0xff, 0x3b, 0xff, 0x1a, 0xff, 0x5b, 0xff, 0x3a, 0xf7, 0x3b, 0xff, 0x3a,
  0xff, 0x3b, 0xff, 0x3b, 0xff, 0x5b, 0xff, 0x3a, 0xff, 0x5b, 0xff, 0x3b,
  0xff, 0x3b, 0xff, 0x3a, 0xff, 0x3b, 0xff, 0x3b, 0xff, 0x5b, 0xff, 0x3b,
  0xff, 0x5b, 0xff, 0x3b, 0xf7, 0x3b, 0xff, 0x3b, 0xff, 0x5b, 0xff, 0x3b,
  0xf7, 0x3b, 0xff, 0x3a, 0xff, 0x3b, 0xff, 0x3b, 0xf7, 0x3b, 0xff, 0x1a,
  0xff, 0x5b, 0xff, 0x3a, 0xf7, 0x3b, 0xff, 0x5b, 0xff, 0x5b, 0xff, 0x3a,
  0xff, 0x3b, 0xff, 0x3b, 0xff, 0x5b, 0xff, 0x3b, 0xff, 0x5b, 0xff, 0x3b,
  0xff, 0x3b, 0xff, 0x3a, 0xff, 0x5b, 0xff, 0x5b, 0xff, 0x5b, 0xff, 0x3a,
  0xff, 0x5b, 0xff, 0x3a, 0xff, 0x5b, 0xff, 0x3a, 0xf7, 0x3b, 0xff, 0x3a,
  0xff, 0x5b, 0xff, 0x3a, 0xff, 0x5b, 0xff, 0x3a, 0xff, 0x5b, 0xff, 0x3a,
  0xff, 0x5b, 0xff, 0x3a, 0xff, 0x5b, 0xff, 0x3a, 0xff, 0x5b, 0xff, 0x3a,
  0xf7, 0x3b, 0xff, 0x3a, 0xff, 0x5b, 0xff, 0x3a, 0xff, 0x5a, 0xff, 0x5a,
  0xff, 0x5a, 0xff, 0x5b, 0xff, 0x5a, 0xff, 0x5b, 0xff, 0x3a, 0xff, 0x7b,
  0xff, 0x3a, 0xff, 0x3a, 0xff, 0x3a, 0xff, 0x5a, 0xff, 0x3a, 0xff, 0x5a,
  0xff, 0x5a, 0xff, 0x5b, 0xff, 0x3a, 0xff, 0x5b, 0xff, 0x5a, 0xff, 0x7b,
  0xff, 0x3a, 0xff, 0x5b, 0xff, 0x5a, 0xff, 0x5b, 0xff, 0x3a, 0xff, 0x5a,
  0xff, 0x3a, 0xff, 0x5b, 0xff, 0x3a, 0xff, 0x5a, 0xff, 0x5a, 0xff, 0x5a,
  0xff, 0x3a, 0xff, 0x3a, 0xff, 0x3a, 0xff, 0x5a, 0xff, 0x3a, 0xff, 0x5a,
  0xff, 0x5a, 0xff, 0x3a, 0xff, 0x3a, 0xff, 0x5b, 0xff, 0x5a, 0xff, 0x5b,
  0xee, 0xf8, 0xe6, 0xd7, 0xde, 0xf7, 0xd6, 0xf8, 0xe6, 0xf8, 0xd6, 0xb7,
  0xde, 0xd7, 0xd6, 0xd7, 0xde, 0xd8, 0xdf, 0x18, 0xd6, 0xd8, 0xc6, 0x97,
  0xd6, 0x76, 0xef, 0x59, 0xff, 0x5a, 0xff, 0x3a, 0xff, 0x5a, 0xff, 0x5b,
  0xff, 0x3a, 0xff, 0x5b, 0xff, 0x3a, 0xff, 0x5b, 0xff, 0x3a, 0xff, 0x5b,
  0xff, 0x3a, 0xff, 0x5b, 0xff, 0x3a, 0xff, 0x5b, 0xff, 0x3a, 0xff, 0x5b,
  0xff, 0x3a, 0xff, 0x5b, 0xff, 0x5b, 0xff, 0x5b, 0xff, 0x3a, 0xff, 0x5b,
  0xff, 0x5b, 0xff, 0x5b, 0xff, 0x5a, 0xff, 0x5b, 0xff, 0x5a, 0xff, 0x5a,
  0xff, 0x5b, 0xff, 0x5b, 0xff, 0x5a, 0xff, 0x5b, 0xff, 0x5a, 0xff, 0x5b,
  0xff, 0x3a, 0xff, 0x3b, 0xff, 0x3a, 0xff, 0x5b, 0xff, 0x5a, 0xff, 0x5b,
  0xff, 0x3a, 0xff, 0x7b, 0xff, 0x3a, 0xff, 0x5a, 0xff, 0x5a, 0xff, 0x5b,
  0xff, 0x5a, 0xff, 0x5b, 0xff, 0x5a, 0xff, 0x5b, 0xff, 0x3a, 0xff, 0x5b,
  0xff, 0x5a, 0xff, 0x7b, 0xff, 0x5a, 0xff, 0x5b, 0xff, 0x5a, 0xff, 0x5b,
  0xff, 0x3a, 0xff, 0x5b, 0xff, 0x3a, 0xff, 0x5b, 0xff, 0x3a, 0xff, 0x5b,
  0xff, 0x5a, 0xff, 0x5b, 0xff, 0x3a, 0xff, 0x5b, 0xff, 0x5a, 0xff, 0x5b,
  0xff, 0x5b, 0xff, 0x3a, 0xff, 0x5b, 0xff, 0x3a, 0xff, 0x5b, 0xff, 0x3a,
  0xff, 0x5b, 0xff, 0x3a, 0xff, 0x3b, 0xff, 0x3a, 0xff, 0x5b, 0xff, 0x3a,
  0xff, 0x3a, 0xff, 0x3a, 0xff, 0x3a, 0xff, 0x3a, 0xf7, 0x3b, 0xff, 0x3a,
  0xff, 0x5b, 0xff, 0x3a, 0xff, 0x5b, 0xff, 0x3a, 0xf7, 0x3b, 0xff, 0x3a,
  0xf7, 0x3b, 0xff, 0x3a, 0xff, 0x5b, 0xff, 0x3a, 0xff, 0x3b, 0xff, 0x3a,
  0xff, 0x3b, 0xff, 0x3a, 0xff, 0x3b, 0xff, 0x3a, 0xff, 0x3b, 0xff, 0x3a,
  0xff, 0x3a, 0xff, 0x1a, 0xff, 0x5b, 0xff, 0x3a, 0xff, 0x3b, 0xff, 0x3a,
  0xff, 0x3b, 0xff, 0x3a, 0xff, 0x5b, 0xf6, 0xd8, 0xde, 0xf8, 0xde, 0xb7,
  0xd6, 0xd8, 0xde, 0xd8, 0xce, 0xb8, 0xce, 0x97, 0xce, 0xb8, 0xce, 0xb7,
  0xd6, 0xf9, 0xce, 0xb8, 0xbe, 0x77, 0xc6, 0x76, 0xee, 0xd8, 0xff, 0x5a,
  0xff, 0x3a, 0xff, 0x3a, 0xf7, 0x3b, 0xff, 0x3b, 0xff, 0x3b, 0xff, 0x3b,
  0xff, 0x5b, 0xff, 0x3b, 0xff, 0x3b, 0xff, 0x3a, 0xff, 0x3b, 0xff, 0x3b,
  0xff, 0x3b, 0xff, 0x3b, 0xff, 0x3b, 0xff, 0x3b, 0xff, 0x3b, 0xff, 0x3b,
  0xff, 0x3b, 0xff, 0x3b, 0xff, 0x3b, 0xff, 0x3a, 0xff, 0x5b, 0xff, 0x3a,
  0xff, 0x5b, 0xff, 0x3a, 0xff, 0x5b, 0xff, 0x3a, 0xff, 0x5b, 0xff, 0x3a,
  0xff, 0x5b, 0xff, 0x3b, 0xff, 0x5b, 0xff, 0x3b, 0xff, 0x3b, 0xff, 0x3b,
  0xff, 0x3b, 0xff, 0x3b, 0xff, 0x5b, 0xff, 0x3a, 0xff, 0x5b, 0xff, 0x3a,
  0xff, 0x5b, 0xff, 0x3a, 0xff, 0x5b, 0xff, 0x3a, 0xf7, 0x3b, 0xff, 0x5b,
  0xff, 0x5b, 0xff, 0x3a, 0xff, 0x5b, 0xff, 0x3a, 0xff, 0x5b, 0xff, 0x3a,
  0xff, 0x3b, 0xff, 0x3a, 0xff, 0x5b, 0xff, 0x3a, 0xff, 0x5b, 0xff, 0x3a,
  0xff, 0x5b, 0xff, 0x3a, 0xff, 0x5b, 0xff, 0x3a, 0xf7, 0x3b, 0xff, 0x3a,
  0xff, 0x5b, 0xff, 0x3a, 0xff, 0x3a, 0xff, 0x5b, 0xff, 0x3a, 0xff, 0x5a,
  0xff, 0x3a, 0xff, 0x5a, 0xff, 0x3a, 0xff, 0x3a, 0xff, 0x3a, 0xff, 0x5b,
  0xff, 0x3a, 0xff, 0x3a, 0xff, 0x3a, 0xff, 0x5a, 0xff, 0x3a, 0xff, 0x5a,
  0xff, 0x5a, 0xff, 0x5a, 0xff, 0x3a, 0xff, 0x5b, 0xff, 0x5a, 0xff, 0x5b,
  0xff, 0x3a, 0xff, 0x5a, 0xff, 0x3a, 0xff, 0x5a, 0xff, 0x3a, 0xff, 0x3a,
  0xff, 0x3a, 0xff, 0x3a, 0xff, 0x3a, 0xff, 0x5a, 0xff, 0x3a, 0xff, 0x5a,
  0xff, 0x1a, 0xff, 0x3a, 0xff, 0x3a, 0xff, 0x5a, 0xff, 0x5a, 0xff, 0x5b,
  0xff, 0x3a, 0xff, 0x5a, 0xff, 0x3a, 0xff, 0x5b, 0xff, 0x3a, 0xff, 0x5a,
  0xef, 0x18, 0xe6, 0xf8, 0xd6, 0xb7, 0xce, 0xb7, 0xd6, 0xb7, 0xce, 0x97,
  0xce, 0x97, 0xce, 0xb7, 0xce, 0x97, 0xc6, 0x98, 0xce, 0xb8, 0xbe, 0x78,
  0xc6, 0x35, 0xd6, 0xd8, 0xff, 0x3a, 0xff, 0x5a, 0xff, 0x3a, 0xff, 0x5a,
  0xff, 0x3a, 0xff, 0x5b, 0xff, 0x5a, 0xff, 0x5b, 0xff, 0x3a, 0xff, 0x5a,
  0xff, 0x3a, 0xff, 0x5b, 0xff, 0x3a, 0xff, 0x3b, 0xff, 0x3a, 0xff, 0x5a,
  0xff, 0x3a, 0xff, 0x5b, 0xff, 0x3a, 0xff, 0x5b, 0xff, 0x3a, 0xff, 0x5b,
  0xff, 0x3a, 0xff, 0x5b, 0xff, 0x5b, 0xff, 0x5b, 0xff, 0x3a, 0xff, 0x5b,
  0xff, 0x5a, 0xff, 0x5b, 0xff, 0x3a, 0xff, 0x5b, 0xff, 0x3a, 0xff, 0x5b,
  0xff, 0x3a, 0xff, 0x3b, 0xff, 0x3a, 0xff, 0x5b, 0xff, 0x3a, 0xff, 0x5a,
  0xff, 0x5a, 0xff, 0x5b, 0xff, 0x5a, 0xff, 0x3a, 0xff, 0x3a, 0xff, 0x5b,
  0xff, 0x3a, 0xff, 0x5b, 0xff, 0x5a, 0xff, 0x5b, 0xff, 0x3a, 0xff, 0x5b,
  0xff, 0x5a, 0xff, 0x5b, 0xff, 0x3a, 0xff, 0x5b, 0xff, 0x3a, 0xff, 0x5b,
  0xff, 0x3a, 0xff, 0x5a, 0xff, 0x3a, 0xff, 0x5a, 0xff, 0x3a, 0xff, 0x5b,
  0xff, 0x5a, 0xff, 0x5b, 0xff, 0x3a, 0xff, 0x5a, 0xf7, 0x3b, 0xff, 0x3a,
  0xff, 0x5b, 0xff, 0x3a, 0xff, 0x5b, 0xff, 0x5b, 0xff, 0x5b, 0xff, 0x3a,
  0xff, 0x5b, 0xff, 0x3a, 0xff, 0x3b, 0xff, 0x3a, 0xff, 0x5b, 0xff, 0x3a,
  0xff, 0x5b, 0xff, 0x3a, 0xff, 0x5b, 0xff, 0x3a, 0xff, 0x3b, 0xff, 0x3a,
  0xff, 0x5b, 0xff, 0x3a, 0xff, 0x5b, 0xff, 0x3a, 0xff, 0x3b, 0xff, 0x3a,
  0xff, 0x3b, 0xff, 0x3a, 0xff, 0x5b, 0xff, 0x3a, 0xff, 0x3b, 0xff, 0x3a,
  0xff, 0x3b, 0xff, 0x3a, 0xff, 0x3b, 0xff, 0x3a, 0xff, 0x3b, 0xff, 0x3a,
  0xff, 0x3b, 0xff, 0x3a, 0xff, 0x3b, 0xff, 0x3a, 0xf7, 0x3b, 0xff, 0x3a,
  0xff, 0x3b, 0xff, 0x3a, 0xf7, 0x3a, 0xee, 0xf8, 0xc6, 0x97, 0xce, 0x77,
  0xce, 0xb8, 0xce, 0x97, 0xc6, 0x78, 0xce, 0x77, 0xbe, 0x78, 0xbe, 0x57,
  0xbe, 0x78, 0xc6, 0x98, 0xbe, 0x98, 0xbe, 0x57, 0xde, 0x77, 0xf7, 0x3a,
  0xff, 0x5b, 0xff, 0x3a, 0xff, 0x3b, 0xff, 0x3a, 0xff, 0x5b, 0xff, 0x3a,
  0xff, 0x5b, 0xff, 0x3a, 0xff, 0x3b, 0xff, 0x3a, 0xff, 0x5b, 0xff, 0x3a,
  0xff, 0x5b, 0xff, 0x3a, 0xf7, 0x3b, 0xff, 0x3a, 0xf7, 0x3b, 0xff, 0x3a,
  0xff, 0x3b, 0xff, 0x3b, 0xff, 0x5b, 0xff, 0x3a, 0xff, 0x3b, 0xff, 0x3b,
  0xff, 0x3b, 0xff, 0x3a, 0xff, 0x3b, 0xff, 0x3b, 0xff, 0x3b, 0xff, 0x3b,
  0xf7, 0x3b, 0xff, 0x3a, 0xff, 0x5b, 0xff, 0x3b, 0xff, 0x5b, 0xff, 0x3b,
  0xff, 0x5b, 0xff, 0x3a, 0xff, 0x5b, 0xff, 0x3a, 0xff, 0x5b, 0xff, 0x3a,
  0xff, 0x5b, 0xff, 0x3a, 0xff, 0x5b, 0xff, 0x3a, 0xff, 0x5b, 0xff, 0x3a,
  0xff, 0x3b, 0xff, 0x3b, 0xff, 0x5b, 0xff, 0x3a, 0xff, 0x5b, 0xff, 0x3a,
  0xf7, 0x3b, 0xff, 0x3a, 0xff, 0x5b, 0xff, 0x3a, 0xff, 0x5b, 0xff, 0x3a,
  0xf7, 0x3b, 0xff, 0x3a, 0xf7, 0x3b, 0xff, 0x3a, 0xff, 0x3b, 0xff, 0x3a,
  0xff, 0x3a, 0xff, 0x5b, 0xff, 0x5a, 0xff, 0x5b, 0xff, 0x5a, 0xff, 0x5b,
  0xff, 0x5a, 0xff, 0x5b, 0xff, 0x3a, 0xff, 0x5b, 0xff, 0x3a, 0xff, 0x5b,
  0xff, 0x3a, 0xff, 0x5a, 0xff, 0x3a, 0xff, 0x3a, 0xff, 0x3a, 0xff, 0x5a,
  0xff, 0x3a, 0xff, 0x5a, 0xff, 0x3a, 0xff, 0x5a, 0xff, 0x5a, 0xff, 0x3a,
  0xff, 0x3a, 0xff, 0x5b, 0xff, 0x3a, 0xff, 0x5a, 0xff, 0x3a, 0xff, 0x5b,
  0xff, 0x3a, 0xff, 0x5b, 0xff, 0x3a, 0xff, 0x5a, 0xff, 0x3a, 0xff, 0x3a,
  0xff, 0x3a, 0xff, 0x5b, 0xff, 0x3a, 0xff, 0x5a, 0xff, 0x3a, 0xff, 0x3a,
  0xff, 0x3a, 0xff, 0x5a, 0xff, 0x3a, 0xff, 0x5b, 0xff, 0x3a, 0xff, 0x3a,
  0xe6, 0xf8, 0xce, 0x76, 0xce, 0x97, 0xc6, 0x98, 0xce, 0x77, 0xbe, 0x77,
  0xc6, 0x57, 0xbe, 0x57, 0xbe, 0x57, 0xbe, 0x98, 0xc6, 0x78, 0xbe, 0x99,
  0xc6, 0x56, 0xc6, 0xb8, 0xff, 0x19, 0xff, 0x5a, 0xff, 0x3a, 0xff, 0x3b,
  0xff, 0x3a, 0xff, 0x5a, 0xff, 0x5a, 0xff, 0x3a, 0xff, 0x3a, 0xff, 0x5b,
  0xff, 0x3a, 0xff, 0x5b, 0xff, 0x3a, 0xff, 0x5b, 0xff, 0x3a, 0xff, 0x5b,
  0xff, 0x5a, 0xff, 0x5b, 0xff, 0x5a, 0xff, 0x5a, 0xff, 0x3a, 0xff, 0x5b,
  0xff, 0x3a, 0xff, 0x5b, 0xff, 0x3a, 0xff, 0x3b, 0xff, 0x3a, 0xff, 0x5b,
  0xff, 0x3a, 0xff, 0x5b, 0xff, 0x3a, 0xff, 0x5b, 0xff, 0x5b, 0xff, 0x5b,
  0xff, 0x3a, 0xff, 0x5b, 0xff, 0x5a, 0xff, 0x5b, 0xff, 0x5a, 0xff, 0x5b,
  0xff, 0x3a, 0xff, 0x5b, 0xff, 0x3a, 0xff, 0x5b, 0xff, 0x5b, 0xff, 0x5b,
  0xff, 0x3a, 0xff, 0x5b, 0xff, 0x3a, 0xff, 0x5b, 0xff, 0x3a, 0xff, 0x5b,
  0xff, 0x5a, 0xff, 0x5a, 0xff, 0x3a, 0xff, 0x5b, 0xff, 0x5a, 0xff, 0x5b,
  0xff, 0x3a, 0xff, 0x5b, 0xff, 0x3a, 0xff, 0x5b, 0xff, 0x5a, 0xff, 0x5b,
  0xff, 0x5a, 0xff, 0x3a, 0xff, 0x5b, 0xff, 0x3a, 0xf7, 0x3b, 0xff, 0x3a,
  0xff, 0x5b, 0xff, 0x3a, 0xff, 0x5b, 0xff, 0x3a, 0xff, 0x5b, 0xff, 0x5b,
  0xff, 0x5b, 0xff, 0x3a, 0xf7, 0x3a, 0xf7, 0x19, 0xf7, 0x5b, 0xf7, 0x5b,
  0xf7, 0x5c, 0xf7, 0x5b, 0xf7, 0x1a, 0xff, 0x3a, 0xff, 0x3b, 0xff, 0x3a,
  0xff, 0x5b, 0xff, 0x3a, 0xff, 0x3b, 0xff, 0x1a, 0xff, 0x3b, 0xff, 0x3a,
  0xff, 0x3b, 0xff, 0x3a, 0xff, 0x5b, 0xff, 0x3a, 0xff, 0x5b, 0xff, 0x3a,
  0xff, 0x5b, 0xff, 0x3a, 0xff, 0x3b, 0xff, 0x3a, 0xff, 0x3b, 0xff, 0x3a,
  0xff, 0x3b, 0xff, 0x3a, 0xff, 0x3b, 0xff, 0x3a, 0xf7, 0x3b, 0xff, 0x5b,
  0xff, 0x3b, 0xff, 0x3a, 0xf7, 0x5a, 0xe6, 0x97, 0xbe, 0x77, 0xc6, 0x97,
  0xc6, 0x78, 0xc6, 0x78, 0xb6, 0x58, 0xb6, 0x17, 0xb6, 0x78, 0xb6, 0x37,
  0xbe, 0x79, 0xbe, 0x78, 0xbe, 0xba, 0xbe, 0x58, 0xce, 0x56, 0xe7, 0x19,
  0xff, 0x3b, 0xff, 0x1a, 0xff, 0x3b, 0xff, 0x3a, 0xff, 0x5b, 0xff, 0x3a,
  0xff, 0x3b, 0xff, 0x3a, 0xff, 0x3b, 0xff, 0x3a, 0xff, 0x5b, 0xff, 0x3a,
  0xff, 0x5b, 0xff, 0x3a, 0xff, 0x5b, 0xff, 0x5b, 0xff, 0x5b, 0xff, 0x5b,
  0xff, 0x5b, 0xff, 0x3a, 0xff, 0x5b, 0xff, 0x3b, 0xff, 0x5b, 0xff, 0x3b,
  0xff, 0x3b, 0xff, 0x3b, 0xff, 0x3b, 0xff, 0x5b, 0xff, 0x3b, 0xff, 0x3a,
  0xff, 0x3b, 0xff, 0x3b, 0xff, 0x3b, 0xff, 0x3b, 0xff, 0x5b, 0xff, 0x3a,
  0xff, 0x5b, 0xff, 0x5b, 0xff, 0x5b, 0xff, 0x5b, 0xff, 0x5b, 0xff, 0x3b,
  0xff, 0x5b, 0xff, 0x3b, 0xff, 0x5b, 0xff, 0x3b, 0xff, 0x5b, 0xff, 0x3a,
  0xff, 0x3b, 0xff, 0x3a, 0xff, 0x5b, 0xff, 0x3a, 0xf7, 0x3b, 0xff, 0x3a,
  0xff, 0x5b, 0xff, 0x3a, 0xff, 0x5b, 0xff, 0x3a, 0xff, 0x5b, 0xff, 0x3a,
  0xff, 0x5b, 0xff, 0x5b, 0xff, 0x5b, 0xff, 0x3a, 0xff, 0x5a, 0xff, 0x5a,
  0xff, 0x3a, 0xff, 0x5b, 0xff, 0x5a, 0xff, 0x5b, 0xff, 0x3a, 0xff, 0x5b,
  0xff, 0x5a, 0xff, 0x3a, 0xff, 0x39, 0xf7, 0x3a, 0xf7, 0x5c, 0xff, 0xbd,
  0xff, 0xbe, 0xf7, 0x9d, 0xf7, 0x5a, 0xef, 0x3a, 0xf6, 0xf8, 0xff, 0x7a,
  0xff, 0x3a, 0xff, 0x3b, 0xff, 0x3a, 0xff, 0x5b, 0xff, 0x1a, 0xff, 0x3a,
  0xff, 0x3a, 0xff, 0x5a, 0xff, 0x3a, 0xff, 0x5a, 0xff, 0x5a, 0xff, 0x5a,
  0xff, 0x3a, 0xff, 0x5b, 0xff, 0x3a, 0xff, 0x5a, 0xff, 0x3a, 0xff, 0x5a,
  0xff, 0x5a, 0xff, 0x5b, 0xff, 0x3a, 0xff, 0x5b, 0xff, 0x5a, 0xff, 0x5b,
  0xff, 0x3a, 0xff, 0x3a, 0xff, 0x3a, 0xff, 0x3a, 0xff, 0x3a, 0xff, 0x5a,
  0xd6, 0xb7, 0xc6, 0x77, 0xc6, 0x77, 0xbe, 0x78, 0xc6, 0x78, 0xbe, 0x57,
  0xb6, 0x37, 0xb6, 0x58, 0xbe, 0x78, 0xb6, 0x57, 0xb6, 0x58, 0xb6, 0x99,
  0xbe, 0x57, 0xb6, 0x58, 0xf6, 0xf8, 0xff, 0x7a, 0xff, 0x3a, 0xff, 0x3a,
  0xff, 0x3a, 0xff, 0x5b, 0xff, 0x3a, 0xff, 0x3a, 0xff, 0x5a, 0xff, 0x5b,
  0xff, 0x3a, 0xff, 0x5b, 0xff, 0x5a, 0xff, 0x5b, 0xff, 0x3a, 0xff, 0x5b,
  0xff, 0x3a, 0xff, 0x5b, 0xff, 0x3a, 0xff, 0x5b, 0xff, 0x5b, 0xff, 0x5b,
  0xff, 0x3a, 0xff, 0x5b, 0xff, 0x5a, 0xff, 0x5b, 0xff, 0x3a, 0xff, 0x5a,
  0xff, 0x3a, 0xff, 0x3a, 0xff, 0x3a, 0xff, 0x5b, 0xff, 0x3a, 0xff, 0x5b,
  0xff, 0x5a, 0xff, 0x5b, 0xff, 0x3a, 0xff, 0x5a, 0xff, 0x5a, 0xff, 0x5b,
  0xff, 0x5a, 0xff, 0x5b, 0xff, 0x3a, 0xff, 0x5b, 0xff, 0x5b, 0xff, 0x5b,
  0xff, 0x5a, 0xff, 0x7b, 0xff, 0x5b, 0xff, 0x3b, 0xff, 0x3a, 0xff, 0x5b,
  0xff, 0x3a, 0xff, 0x5a, 0xff, 0x5a, 0xff, 0x5b, 0xff, 0x3a, 0xff, 0x5b,
  0xff, 0x5a, 0xff, 0x5b, 0xff, 0x3a, 0xff, 0x5b, 0xff, 0x3a, 0xff, 0x5b,
  0xff, 0x5b, 0xff, 0x3a, 0xff, 0x5b, 0xff, 0x3a, 0xff, 0x3b, 0xff, 0x5b,
  0xff, 0x5b, 0xff, 0x5b, 0xff, 0x5b, 0xff, 0x1a, 0xf7, 0x7d, 0xff, 0xbe,
  0xff, 0xdf, 0xff, 0x7d, 0xf7, 0x39, 0xf7, 0x19, 0xf7, 0x19, 0xff, 0x39,
  0xff, 0x3a, 0xff, 0x3a, 0xff, 0x3b, 0xff, 0x3a, 0xff, 0x5b, 0xff, 0x3a,
  0xff, 0x3b, 0xff, 0x3a, 0xff, 0x3b, 0xff, 0x1a, 0xff, 0x5b, 0xff, 0x3a,
  0xff, 0x5b, 0xff, 0x3a, 0xff, 0x3b, 0xff, 0x3a, 0xf7, 0x3b, 0xff, 0x3a,
  0xf7, 0x3b, 0xff, 0x3a, 0xff, 0x3b, 0xff, 0x3a, 0xff, 0x5b, 0xff, 0x1a,
  0xff, 0x3b, 0xff, 0x3a, 0xff, 0x3b, 0xff, 0x3a, 0xff, 0x3b, 0xff, 0x3a,
  0xff, 0x3b, 0xff, 0x3a, 0xf7, 0x5a, 0xde, 0x56, 0xb6, 0x58, 0xbe, 0x78,
  0xbe, 0x78, 0xbe, 0x57, 0xb6, 0x58, 0xb6, 0x37, 0xb6, 0x59, 0xb6, 0x38,
  0xae, 0x58, 0xae, 0x37, 0xae, 0x7a, 0xae, 0x59, 0xbe, 0x36, 0xde, 0xd9,
  0xff, 0x5b, 0xff, 0x3a, 0xff, 0x5b, 0xff, 0x3a, 0xff, 0x3b, 0xff, 0x3a,
  0xff, 0x3b, 0xff, 0x3a, 0xff, 0x5b, 0xff, 0x3a, 0xff, 0x5b, 0xff, 0x3a,
  0xff, 0x5b, 0xff, 0x3a, 0xff, 0x5b, 0xff, 0x5b, 0xff, 0x5b, 0xff, 0x3a,
  0xff, 0x5b, 0xff, 0x3a, 0xff, 0x5b, 0xff, 0x3a, 0xff, 0x5b, 0xff, 0x3a,
  0xff, 0x5b, 0xff, 0x3a, 0xff, 0x5b, 0xff, 0x3a, 0xff, 0x5b, 0xff, 0x3a,
  0xff, 0x3b, 0xff, 0x5b, 0xff, 0x5b, 0xff, 0x3a, 0xff, 0x5b, 0xff, 0x3a,
  0xff, 0x5b, 0xff, 0x3a, 0xff, 0x5b, 0xff, 0x3a, 0xff, 0x5b, 0xff, 0x3a,
  0xff, 0x5b, 0xff, 0x5b, 0xff, 0x3b, 0xff, 0x3a, 0xff, 0x3b, 0xff, 0x3b,
  0xff, 0x5b, 0xff, 0x3a, 0xf7, 0x3b, 0xff, 0x3a, 0xff, 0x5b, 0xff, 0x3a,
  0xff, 0x5b, 0xff, 0x3a, 0xff, 0x5b, 0xff, 0x3a, 0xff, 0x5b, 0xff, 0x3a,
  0xff, 0x5b, 0xff, 0x3a, 0xff, 0x5a, 0xff, 0x5b, 0xff, 0x5a, 0xff, 0x5b,
  0xff, 0x3a, 0xff, 0x5b, 0xff, 0x5a, 0xff, 0x5a, 0xf7, 0x3b, 0xff, 0xbd,
  0xff, 0xdf, 0xff, 0xdf, 0xf7, 0x39, 0xee, 0xf9, 0xff, 0x39, 0xff, 0x5a,
  0xff, 0x5b, 0xff, 0x5b, 0xff, 0x3a, 0xff, 0x5b, 0xff, 0x3a, 0xff, 0x3a,
  0xff, 0x3a, 0xff, 0x5a, 0xff, 0x3a, 0xff, 0x5b, 0xff, 0x3a, 0xff, 0x5a,
  0xff, 0x3a, 0xff, 0x5b, 0xff, 0x3a, 0xff, 0x5b, 0xff, 0x3a, 0xff, 0x5a,
  0xff, 0x3a, 0xff, 0x3a, 0xff, 0x3a, 0xff, 0x5a, 0xff, 0x3a, 0xff, 0x5b,
  0xff, 0x3a, 0xff, 0x5a, 0xff, 0x3a, 0xff, 0x5a, 0xff, 0x3a, 0xff, 0x5a,
  0xff, 0x3a, 0xff, 0x5a, 0xff, 0x3a, 0xff, 0x3b, 0xff, 0x3a, 0xff, 0x3a,
  0xc6, 0x77, 0xbe, 0x37, 0xbe, 0x58, 0xbe, 0x78, 0xbe, 0x78, 0xb6, 0x38,
  0xb6, 0x58, 0xae, 0x38, 0xae, 0x18, 0xae, 0x58, 0xae, 0x38, 0xae, 0x59,
  0xb6, 0x58, 0xae, 0x58, 0xee, 0xd8, 0xff, 0x5a, 0xff, 0x3a, 0xff, 0x5a,
  0xff, 0x3a, 0xff, 0x5b, 0xff, 0x3a, 0xff, 0x5a, 0xff, 0x5a, 0xff, 0x5b,
  0xff, 0x5a, 0xff, 0x5b, 0xff, 0x5a, 0xff, 0x5b, 0xff, 0x3a, 0xff, 0x3b,
  0xff, 0x3a, 0xff, 0x5b, 0xff, 0x3a, 0xff, 0x5b, 0xff, 0x5a, 0xff, 0x5b,
  0xff, 0x5a, 0xff, 0x5b, 0xff, 0x3a, 0xff, 0x5b, 0xff, 0x3a, 0xff, 0x5b,
  0xff, 0x5a, 0xff, 0x5b, 0xff, 0x3a, 0xff, 0x5b, 0xff, 0x5a, 0xff, 0x5b,
  0xff, 0x5a, 0xff, 0x5b, 0xff, 0x5a, 0xff, 0x5a, 0xff, 0x3a, 0xff, 0x5b,
  0xff, 0x5a, 0xff, 0x5b, 0xff, 0x5a, 0xff, 0x5b, 0xff, 0x5a, 0xff, 0x5b,
  0xff, 0x5a, 0xff, 0x5a, 0xff, 0x3a, 0xff, 0x5b, 0xff, 0x5a, 0xff, 0x5b,
  0xff, 0x3a, 0xff, 0x5b, 0xff, 0x5a, 0xff, 0x5b, 0xff, 0x5a, 0xff, 0x5b,
  0xff, 0x5a, 0xff, 0x5b, 0xff, 0x3a, 0xff, 0x3a, 0xff, 0x5b, 0xff, 0x3a,
  0xff, 0x5b, 0xff, 0x3a, 0xff, 0x7b, 0xff, 0x3a, 0xff, 0x5b, 0xff, 0x3a,
  0xf7, 0x9d, 0xff, 0xde, 0xff, 0xde, 0xef, 0x1b, 0xef, 0x19, 0xff, 0x5a,
  0xff, 0x5b, 0xff, 0x3b, 0xff, 0x3b, 0xff, 0x3a, 0xff, 0x3b, 0xff, 0x3a,
  0xff, 0x5b, 0xff, 0x3a, 0xff, 0x3a, 0xff, 0x3a, 0xff, 0x3a, 0xff, 0x3a,
  0xff, 0x3b, 0xff, 0x3a, 0xff, 0x3b, 0xff, 0x3a, 0xff, 0x5b, 0xff, 0x1a,
  0xff, 0x3b, 0xff, 0x3a, 0xf7, 0x3a, 0xff, 0x3a, 0xff, 0x3b, 0xff, 0x3a,
  0xff, 0x5b, 0xff, 0x3a, 0xff, 0x3b, 0xff, 0x3a, 0xff, 0x3b, 0xff, 0x3a,
  0xff, 0x3b, 0xff, 0x3a, 0xff, 0x3b, 0xff, 0x3a, 0xff, 0x3b, 0xff, 0x3a,
  0xff, 0x5b, 0xff, 0x3a, 0xef, 0x3a, 0xce, 0x36, 0xb6, 0x78, 0xb6, 0x58,
  0xb6, 0x78, 0xb6, 0x58, 0xae, 0x38, 0xae, 0x17, 0xa6, 0x18, 0xae, 0x18,
  0xae, 0x38, 0xae, 0x18, 0xae, 0x7a, 0xae, 0x39, 0xb6, 0x16, 0xd6, 0xd9,
  0xff, 0x3b, 0xff, 0x1a, 0xff, 0x3b, 0xff, 0x3a, 0xff, 0x5b, 0xff, 0x5b,
  0xff, 0x3b, 0xff, 0x3a, 0xff, 0x5b, 0xff, 0x3a, 0xff, 0x5b, 0xff, 0x3a,
  0xf7, 0x3b, 0xff, 0x3a, 0xff, 0x5b, 0xff, 0x3a, 0xff, 0x5b, 0xff, 0x3a,
  0xff, 0x5b, 0xff, 0x3a, 0xff, 0x5b, 0xff, 0x3a, 0xff, 0x5b, 0xff, 0x3a,
  0xff, 0x5b, 0xff, 0x3a, 0xff, 0x5b, 0xff, 0x3a, 0xff, 0x5b, 0xff, 0x3a,
  0xff, 0x5b, 0xff, 0x5b, 0xf7, 0x3b, 0xff, 0x3a, 0xff, 0x5b, 0xff, 0x3a,
  0xf7, 0x3b, 0xff, 0x3a, 0xff, 0x5b, 0xff, 0x3a, 0xff, 0x5b, 0xff, 0x3a,
  0xf7, 0x3b, 0xff, 0x3a, 0xff, 0x5b, 0xff, 0x3a, 0xff, 0x3b, 0xff, 0x3a,
  0xf7, 0x3b, 0xff, 0x3a, 0xff, 0x5b, 0xff, 0x5b, 0xf7, 0x3b, 0xff, 0x3a,
  0xff, 0x5b, 0xff, 0x3a, 0xff, 0x5b, 0xff, 0x3a, 0xf7, 0x3b, 0xff, 0x3a,
  0xff, 0x3a, 0xff, 0x5b, 0xff, 0x5a, 0xff, 0x5b, 0xff, 0x39, 0xff, 0x3a,
  0xf7, 0x3a, 0xf7, 0x3a, 0xff, 0xbe, 0xff, 0xff, 0xff, 0x5b, 0xef, 0x1a,
  0xff, 0x5a, 0xff, 0x3a, 0xff, 0x5a, 0xff, 0x5a, 0xff, 0x3a, 0xff, 0x5a,
  0xff, 0x3a, 0xff, 0x3a, 0xff, 0x3a, 0xff, 0x5a, 0xff, 0x3a, 0xff, 0x3a,
  0xff, 0x3a, 0xff, 0x5a, 0xff, 0x3a, 0xff, 0x3a, 0xff, 0x3a, 0xff, 0x5a,
  0xff, 0x3a, 0xff, 0x3a, 0xff, 0x3a, 0xff, 0x5b, 0xff, 0x3a, 0xff, 0x3a,
  0xff, 0x3a, 0xff, 0x5b, 0xff, 0x3a, 0xff, 0x5a, 0xff, 0x3a, 0xff, 0x5a,
  0xff, 0x3a, 0xff, 0x5a, 0xff, 0x3a, 0xff, 0x3a, 0xff, 0x1a, 0xff, 0x5b,
  0xff, 0x3a, 0xff, 0x5b, 0xff, 0x3a, 0xff, 0x3b, 0xff, 0x5a, 0xf7, 0x19,
  0xbe, 0x57, 0xb6, 0x57, 0xb6, 0x58, 0xae, 0x58, 0xb6, 0x58, 0xae, 0x38,
  0xae, 0x17, 0xa6, 0x18, 0xae, 0x18, 0xa6, 0x39, 0xa6, 0x18, 0xa6, 0x39,
  0xae, 0x18, 0xa6, 0x38, 0xee, 0xb8, 0xf7, 0x5a, 0xff, 0x3a, 0xff, 0x5b,
  0xff, 0x3a, 0xff, 0x5a, 0xff, 0x3a, 0xff, 0x5b, 0xff, 0x3a, 0xf7, 0x3a,
  0xff, 0x5a, 0xff, 0x5b, 0xff, 0x3a, 0xff, 0x5a, 0xff, 0x3a, 0xff, 0x5b,
  0xff, 0x3a, 0xff, 0x5b, 0xff, 0x3a, 0xff, 0x5b, 0xff, 0x3a, 0xff, 0x5a,
  0xff, 0x5a, 0xff, 0x5a, 0xff, 0x3a, 0xff, 0x5b, 0xff, 0x5a, 0xff, 0x5b,
  0xff, 0x3a, 0xff, 0x5a, 0xff, 0x3a, 0xff, 0x5b, 0xff, 0x3a, 0xff, 0x5b,
  0xff, 0x5a, 0xff, 0x5a, 0xff, 0x3a, 0xff, 0x5a, 0xff, 0x5a, 0xff, 0x5b,
  0xff, 0x3a, 0xff, 0x5b, 0xff, 0x3a, 0xff, 0x5a, 0xff, 0x3a, 0xff, 0x5b,
  0xff, 0x3a, 0xff, 0x3a, 0xff, 0x5a, 0xff, 0x5b, 0xff, 0x3a, 0xff, 0x5a,
  0xff, 0x3a, 0xff, 0x5b, 0xff, 0x5a, 0xf7, 0x3a, 0xff, 0x5a, 0xff, 0x5b,
  0xff, 0x3a, 0xff, 0x5a, 0xff, 0x5b, 0xff, 0x3a, 0xf7, 0x3b, 0xff, 0x5b,
  0xf7, 0x7c, 0xff, 0x7c, 0xff, 0x9e, 0xff, 0xbe, 0xff, 0xdf, 0xff, 0xbe,
  0xef, 0x19, 0xff, 0x5a, 0xff, 0x3b, 0xff, 0x3a, 0xff, 0x5b, 0xff, 0x3a,
  0xff, 0x3a, 0xff, 0x3a, 0xff, 0x3b, 0xff, 0x1a, 0xff, 0x5b, 0xff, 0x3a,
  0xff, 0x3a, 0xff, 0x3a, 0xf7, 0x3a, 0xff, 0x3a, 0xff, 0x3a, 0xff, 0x3a,
  0xff, 0x3a, 0xff, 0x3a, 0xff, 0x5b, 0xff, 0x3a, 0xf7, 0x1a, 0xff, 0x3a,
  0xff, 0x3b, 0xff, 0x3a, 0xff, 0x3b, 0xff, 0x3a, 0xff, 0x3b, 0xff, 0x3a,
  0xff, 0x3b, 0xff, 0x3a, 0xf7, 0x3a, 0xff, 0x3a, 0xff, 0x5b, 0xff, 0x3a,
  0xff, 0x3b, 0xff, 0x3a, 0xff, 0x3b, 0xff, 0x3a, 0xff, 0x5b, 0xff, 0x3a,
  0xff, 0x3b, 0xff, 0x5a, 0xdf, 0x1a, 0xc6, 0x16, 0xae, 0x58, 0xae, 0x38,
  0xae, 0x59, 0xad, 0xf7, 0xa6, 0x18, 0xa6, 0x18, 0xa6, 0x18, 0x9d, 0xd7,
  0x9d, 0xf8, 0xa5, 0xf8, 0xa6, 0x3a, 0xa6, 0x19, 0xb5, 0xf6, 0xde, 0xfa,
  0xff, 0x3a, 0xff, 0x19, 0xff, 0x5b, 0xff, 0x3a, 0xff, 0x5b, 0xff, 0x3a,
  0xff, 0x5b, 0xff, 0x3a, 0xf7, 0x3a, 0xff, 0x3a, 0xff, 0x5b, 0xff, 0x3a,
  0xff, 0x5b, 0xff, 0x3a, 0xff, 0x5b, 0xff, 0x3a, 0xff, 0x5b, 0xff, 0x3a,
  0xf7, 0x3b, 0xff, 0x3a, 0xff, 0x5b, 0xff, 0x3a, 0xff, 0x5b, 0xff, 0x3a,
  0xf7, 0x3b, 0xff, 0x3a, 0xff, 0x5b, 0xff, 0x3a, 0xff, 0x5b, 0xff, 0x5b,
  0xf7, 0x3b, 0xff, 0x1a, 0xff, 0x5b, 0xff, 0x3a, 0xf7, 0x3b, 0xff, 0x3a,
  0xff, 0x5b, 0xff, 0x3a, 0xf7, 0x3b, 0xff, 0x3a, 0xff, 0x5b, 0xff, 0x3a,
  0xff, 0x5b, 0xff, 0x3a, 0xf7, 0x3b, 0xff, 0x3a, 0xff, 0x3b, 0xff, 0x3a,
  0xff, 0x5b, 0xff, 0x3a, 0xff, 0x5b, 0xff, 0x3a, 0xff, 0x5b, 0xff, 0x3a,
  0xf7, 0x3a, 0xff, 0x3a, 0xff, 0x5b, 0xff, 0x3a, 0xff, 0x3a, 0xf7, 0x5b,
  0xff, 0xbe, 0xff, 0xff, 0xff, 0xdf, 0xff, 0xff, 0xff, 0xde, 0xff, 0xbe,
  0xff, 0xde, 0xf7, 0xbd, 0xf6, 0xf9, 0xff, 0x5b, 0xff, 0x3a, 0xff, 0x5a,
  0xff, 0x3a, 0xff, 0x5a, 0xff, 0x3a, 0xff, 0x5a, 0xff, 0x3a, 0xff, 0x5a,
  0xff, 0x5a, 0xff, 0x3a, 0xff, 0x3a, 0xff, 0x5a, 0xff, 0x3a, 0xff, 0x3a,
  0xff, 0x3a, 0xff, 0x5a, 0xff, 0x3a, 0xff, 0x5a, 0xff, 0x3a, 0xff, 0x5a,
  0xff, 0x3a, 0xff, 0x3a, 0xff, 0x3a, 0xff, 0x5a, 0xff, 0x3a, 0xff, 0x5a,
  0xff, 0x3a, 0xff, 0x5a, 0xff, 0x5a, 0xff, 0x5a, 0xff, 0x3a, 0xff, 0x5b,
  0xff, 0x3a, 0xff, 0x5b, 0xff, 0x3a, 0xff, 0x5a, 0xff, 0x3a, 0xff, 0x5a,
  0xff, 0x3a, 0xff, 0x5a, 0xff, 0x3a, 0xff, 0x5b, 0xff, 0x5a, 0xe6, 0xd8,
  0xb6, 0x37, 0xae, 0x38, 0xae, 0x38, 0xa6, 0x38, 0xa5, 0xf7, 0xae, 0x38,
  0xae, 0x38, 0x9d, 0xf8, 0xa5, 0xd7, 0xa6, 0x18, 0x9d, 0xd7, 0xa6, 0x19,
  0xa5, 0xf7, 0xa6, 0x38, 0xf6, 0xf9, 0xff, 0x5a, 0xff, 0x3a, 0xff, 0x5b,
  0xff, 0x3a, 0xff, 0x5b, 0xff, 0x5a, 0xff, 0x5a, 0xff, 0x3a, 0xff, 0x5a,
  0xff, 0x3a, 0xff, 0x5b, 0xff, 0x3a, 0xff, 0x5a, 0xff, 0x3a, 0xff, 0x5b,
  0xff, 0x5a, 0xff, 0x5b, 0xff, 0x3a, 0xff, 0x5b, 0xff, 0x3a, 0xff, 0x5b,
  0xff, 0x3a, 0xff, 0x5a, 0xff, 0x3a, 0xff, 0x5a, 0xff, 0x3a, 0xff, 0x5a,
  0xff, 0x3a, 0xff, 0x5b, 0xff, 0x3a, 0xff, 0x3a, 0xff, 0x3a, 0xff, 0x5b,
  0xff, 0x3a, 0xff, 0x5a, 0xff, 0x3a, 0xff, 0x5b, 0xff, 0x3a, 0xff, 0x7b,
  0xff, 0x5a, 0xff, 0x5b, 0xff, 0x5a, 0xff, 0x5a, 0xff, 0x5a, 0xff, 0x5b,
  0xff, 0x3a, 0xff, 0x5a, 0xff, 0x3a, 0xff, 0x5b, 0xff, 0x3a, 0xff, 0x5b,
  0xff, 0x5a, 0xff, 0x5b, 0xff, 0x3a, 0xff, 0x5a, 0xff, 0x3a, 0xff, 0x5b,
  0xf7, 0x9d, 0xff, 0xde, 0xff, 0xff, 0xff, 0xdf, 0xff, 0xdf, 0xff, 0xdf,
  0xff, 0x9e, 0xff, 0xbe, 0xff, 0xdf, 0xff, 0xbe, 0xf7, 0x1a, 0xff, 0x3a,
  0xff, 0x5b, 0xff, 0x1a, 0xff, 0x5b, 0xff, 0x3a, 0xf7, 0x3a, 0xff, 0x1a,
  0xff, 0x3a, 0xff, 0x3a, 0xff, 0x5b, 0xff, 0x1a, 0xff, 0x3a, 0xff, 0x3a,
  0xff, 0x5b, 0xff, 0x3a, 0xff, 0x3a, 0xff, 0x3a, 0xff, 0x3b, 0xff, 0x3a,
  0xff, 0x5b, 0xff, 0x3a, 0xff, 0x3b, 0xff, 0x3a, 0xff, 0x3b, 0xff, 0x3a,
  0xf7, 0x3a, 0xff, 0x3a, 0xff, 0x3b, 0xff, 0x1a, 0xf7, 0x1a, 0xff, 0x3a,
  0xf7, 0x3b, 0xff, 0x3a, 0xf7, 0x3a, 0xff, 0x3a, 0xff, 0x5b, 0xff, 0x3a,
  0xff, 0x3b, 0xff, 0x3a, 0xff, 0x5b, 0xff, 0x3a, 0xff, 0x3b, 0xff, 0x3b,
  0xff, 0x3a, 0xff, 0x3a, 0xd6, 0xf9, 0xbe, 0x16, 0xa6, 0x39, 0xae, 0x38,
  0xa6, 0x39, 0xa5, 0xf7, 0x9e, 0x19, 0xa5, 0xf8, 0x9d, 0xf8, 0x9d, 0xf8,
  0x95, 0xd8, 0x9d, 0xb7, 0x9e, 0x1a, 0x95, 0xb8, 0xbd, 0xf6, 0xef, 0x5b,
  0xff, 0x5b, 0xff, 0x3a, 0xff, 0x5b, 0xff, 0x3a, 0xff, 0x5b, 0xff, 0x3a,
  0xff, 0x5b, 0xff, 0x3a, 0xff, 0x5b, 0xff, 0x3a, 0xf7, 0x3b, 0xff, 0x3a,
  0xff, 0x5b, 0xff, 0x3a, 0xf7, 0x3a, 0xff, 0x3a, 0xff, 0x5b, 0xff, 0x3a,
  0xf7, 0x3a, 0xff, 0x3a, 0xff, 0x5b, 0xff, 0x3a, 0xff, 0x3b, 0xff, 0x3a,
  0xff, 0x5b, 0xff, 0x3a, 0xff, 0x3b, 0xff, 0x3a, 0xf7, 0x3b, 0xff, 0x3a,
  0xff, 0x5b, 0xff, 0x3a, 0xff, 0x5b, 0xff, 0x3a, 0xff, 0x5b, 0xff, 0x3a,
  0xf7, 0x3b, 0xff, 0x1a, 0xf7, 0x3b, 0xff, 0x3a, 0xff, 0x5b, 0xff, 0x1a,
  0xff, 0x5b, 0xff, 0x5b, 0xff, 0x5b, 0xff, 0x3a, 0xff, 0x5b, 0xff, 0x3a,
  0xff, 0x5b, 0xff, 0x3a, 0xff, 0x5b, 0xff, 0x3a, 0xff, 0x5b, 0xff, 0x3a,
  0xff, 0x5b, 0xff, 0x3a, 0xff, 0xdf, 0xff, 0xff, 0xff, 0xdf, 0xff, 0xff,
  0xff, 0xde, 0xff, 0xbe, 0xff, 0xbe, 0xff, 0xdf, 0xff, 0xde, 0xff, 0x9d,
  0xf6, 0xf9, 0xff, 0x5a, 0xff, 0x3a, 0xff, 0x5b, 0xff, 0x3a, 0xff, 0x5a,
  0xff, 0x3a, 0xff, 0x3a, 0xff, 0x3a, 0xff, 0x5a, 0xff, 0x3a, 0xff, 0x5a,
  0xff, 0x3a, 0xff, 0x5a, 0xff, 0x3a, 0xff, 0x5a, 0xff, 0x3a, 0xff, 0x5a,
  0xff, 0x3a, 0xff, 0x3a, 0xff, 0x3a, 0xff, 0x5a, 0xff, 0x3a, 0xff, 0x3a,
  0xff, 0x3a, 0xff, 0x5a, 0xff, 0x3a, 0xff, 0x3a, 0xff, 0x3a, 0xff, 0x5a,
  0xff, 0x3a, 0xff, 0x5a, 0xff, 0x3a, 0xf7, 0x3a, 0xff, 0x3a, 0xff, 0x5a,
  0xff, 0x3a, 0xff, 0x5b, 0xff, 0x3a, 0xff, 0x5a, 0xff, 0x5a, 0xff, 0x5b,
  0xff, 0x3a, 0xff, 0x5b, 0xff, 0x3a, 0xff, 0x3a, 0xff, 0x5a, 0xde, 0x97,
  0xa5, 0xf7, 0xa6, 0x18, 0xae, 0x38, 0xa6, 0x18, 0xa5, 0xf8, 0xa6, 0x18,
  0xa5, 0xf8, 0x9d, 0xf8, 0x9d, 0xd8, 0x95, 0xd8, 0x95, 0xb8, 0x95, 0xf9,
  0x9d, 0x75, 0xb6, 0x79, 0xff, 0x5a, 0xff, 0x5a, 0xff, 0x3a, 0xff, 0x5a,
  0xff, 0x3a, 0xff, 0x5b, 0xff, 0x5a, 0xff, 0x3a, 0xff, 0x5a, 0xff, 0x5b,
  0xff, 0x3a, 0xff, 0x3a, 0xff, 0x3a, 0xff, 0x5b, 0xff, 0x3a, 0xff, 0x5b,
  0xff, 0x5a, 0xff, 0x5a, 0xff, 0x3a, 0xff, 0x5b, 0xff, 0x3a, 0xff, 0x5b,
  0xff, 0x3a, 0xff, 0x5b, 0xff, 0x5a, 0xff, 0x5b, 0xff, 0x3a, 0xff, 0x5b,
  0xff, 0x3a, 0xff, 0x5b, 0xff, 0x3a, 0xff, 0x5b, 0xff, 0x3a, 0xff, 0x5b,
  0xff, 0x3a, 0xff, 0x5a, 0xff, 0x3a, 0xff, 0x3a, 0xff, 0x3a, 0xff, 0x5b,
  0xff, 0x3a, 0xff, 0x5b, 0xff, 0x3a, 0xff, 0x5b, 0xff, 0x3a, 0xff, 0x5a,
  0xff, 0x3a, 0xff, 0x5b, 0xff, 0x3a, 0xff, 0x5a, 0xff, 0x5a, 0xff, 0x5b,
  0xff, 0x3a, 0xff, 0x5a, 0xff, 0x3a, 0xff, 0x5b, 0xff, 0xdf, 0xff, 0xdf,
  0xff, 0xff, 0xff, 0xdf, 0xff, 0xbe, 0xff, 0xde, 0xff, 0xdf, 0xff, 0xbf,
  0xff, 0xfe, 0xef, 0x3b, 0xf7, 0x3a, 0xff, 0x5a, 0xff, 0x5b, 0xff, 0x3a,
  0xff, 0x3b, 0xff, 0x3a, 0xff, 0x5b, 0xff, 0x3a, 0xff, 0x5b, 0xff, 0x3a,
  0xff, 0x3b, 0xff, 0x3a, 0xff, 0x3a, 0xff, 0x3a, 0xff, 0x5b, 0xff, 0x3a,
  0xff, 0x3a, 0xff, 0x3a, 0xff, 0x3b, 0xff, 0x3a, 0xff, 0x5b, 0xff, 0x3a,
  0xf7, 0x3b, 0xff, 0x3a, 0xff, 0x5b, 0xff, 0x3a, 0xff, 0x3b, 0xff, 0x1a,
  0xff, 0x3b, 0xff, 0x3a, 0xff, 0x3b, 0xff, 0x3a, 0xff, 0x3b, 0xff, 0x1a,
  0xff, 0x3b, 0xff, 0x3a, 0xff, 0x3b, 0xff, 0x3a, 0xff, 0x5b, 0xff, 0x3a,
  0xff, 0x5b, 0xff, 0x3a, 0xff, 0x5b, 0xff, 0x3a, 0xff, 0x3b, 0xff, 0x3a,
  0xff, 0x3a, 0xff, 0x3a, 0xbe, 0x99, 0xad, 0xd6, 0x9e, 0x18, 0xa6, 0x18,
  0x9e, 0x19, 0x9d, 0xd7, 0x95, 0xd8, 0x95, 0xb7, 0x95, 0xd8, 0x95, 0x97,
  0x8d, 0xb8, 0x8d, 0x98, 0x95, 0xb8, 0x95, 0x77, 0xe6, 0xd9, 0xff, 0x5b,
  0xff, 0x3b, 0xff, 0x3a, 0xff, 0x5b, 0xff, 0x3a, 0xff, 0x5b, 0xff, 0x3a,
  0xff, 0x5b, 0xff, 0x3a, 0xf7, 0x3b, 0xff, 0x3a, 0xf7, 0x3b, 0xff, 0x3a,
  0xf7, 0x3b, 0xff, 0x3a, 0xff, 0x5b, 0xff, 0x3a, 0xf7, 0x3b, 0xff, 0x3a,
  0xf7, 0x3b, 0xff, 0x3a, 0xff, 0x5b, 0xff, 0x3a, 0xff, 0x5b, 0xff, 0x3a,
  0xff, 0x5b, 0xff, 0x3a, 0xff, 0x5b, 0xff, 0x3a, 0xff, 0x5b, 0xff, 0x3a,
  0xf7, 0x3b, 0xff, 0x3a, 0xf7, 0x3b, 0xff, 0x3a, 0xff, 0x5b, 0xff, 0x3a,
  0xff, 0x5b, 0xff, 0x3a, 0xff, 0x3b, 0xff, 0x3a, 0xff, 0x5b, 0xff, 0x3a,
  0xff, 0x5b, 0xff, 0x3a, 0xff, 0x3b, 0xff, 0x3a, 0xf7, 0x3b, 0xff, 0x3a,
  0xff, 0x5b, 0xff, 0x3a, 0xff, 0x5b, 0xff, 0x3a, 0xff, 0x5b, 0xff, 0x3a,
  0xff, 0xff, 0xff, 0xff, 0xff, 0xff, 0xff, 0xbe, 0xff, 0xde, 0xff, 0xff,
  0xff, 0xdf, 0xff, 0xff, 0xff, 0xbc, 0xef, 0x3b, 0xff, 0x5a, 0xff, 0x5a,
  0xff, 0x3a, 0xff, 0x5a, 0xff, 0x3a, 0xff, 0x3a, 0xff, 0x3a, 0xff, 0x3a,
  0xff, 0x3a, 0xff, 0x5a, 0xff, 0x3a, 0xff, 0x3a, 0xff, 0x5a, 0xff, 0x5a,
  0xff, 0x3a, 0xff, 0x5a, 0xff, 0x3a, 0xff, 0x3a, 0xff, 0x3a, 0xff, 0x5b,
  0xff, 0x3a, 0xff, 0x5a, 0xff, 0x3a, 0xff, 0x5b, 0xff, 0x3a, 0xff, 0x5a,
  0xff, 0x3a, 0xff, 0x5a, 0xff, 0x1a, 0xff, 0x3a, 0xff, 0x3a, 0xff, 0x5b,
  0xff, 0x3a, 0xff, 0x5a, 0xff, 0x3a, 0xff, 0x5b, 0xff, 0x3a, 0xff, 0x5b,
  0xff, 0x3a, 0xff, 0x5b, 0xff, 0x3a, 0xff, 0x5b, 0xff, 0x3a, 0xff, 0x5b,
  0xff, 0x3a, 0xff, 0x3a, 0xff, 0x3a, 0xff, 0x5a, 0xf7, 0x5a, 0xce, 0x36,
  0x9d, 0xd7, 0x9e, 0x18, 0xa5, 0xf8, 0x95, 0xd7, 0x9d, 0xb7, 0x95, 0xb7,
  0x8d, 0x77, 0x8d, 0x97, 0x95, 0x97, 0x85, 0x77, 0x95, 0xd8, 0x8d, 0x98,
  0xc5, 0xf5, 0xf7, 0x7c, 0xff, 0x3a, 0xff, 0x5a, 0xff, 0x3a, 0xff, 0x5a,
  0xff, 0x3a, 0xff, 0x5b, 0xff, 0x3a, 0xff, 0x5b, 0xff, 0x3a, 0xff, 0x5b,
  0xff, 0x3a, 0xff, 0x5b, 0xff, 0x3a, 0xff, 0x5b, 0xff, 0x3a, 0xff, 0x5b,
  0xff, 0x3a, 0xff, 0x5b, 0xff, 0x3a, 0xff, 0x5b, 0xff, 0x3a, 0xff, 0x5b,
  0xff, 0x3a, 0xff, 0x5b, 0xff, 0x5a, 0xff, 0x5b, 0xff, 0x3a, 0xff, 0x3a,
  0xff, 0x3a, 0xff, 0x5b, 0xff, 0x3a, 0xff, 0x5a, 0xff, 0x3a, 0xff, 0x3a,
  0xff, 0x3a, 0xff, 0x5a, 0xff, 0x5a, 0xff, 0x5a, 0xff, 0x3a, 0xff, 0x5a,
  0xff, 0x5a, 0xff, 0x5a, 0xff, 0x3a, 0xff, 0x5b, 0xff, 0x3a, 0xff, 0x3a,
  0xff, 0x5a, 0xff, 0x5b, 0xff, 0x3a, 0xff, 0x5a, 0xff, 0x3a, 0xff, 0x5b,
  0xff, 0x3a, 0xff, 0x5b, 0xff, 0xff, 0xff, 0xdf, 0xff, 0xbe, 0xff, 0xbe,
  0xff, 0xff, 0xff, 0xdf, 0xff, 0xff, 0xff, 0xdf, 0xf7, 0x7c, 0xf7, 0x3a,
  0xff, 0x5b, 0xff, 0x3a, 0xf7, 0x3a, 0xff, 0x1a, 0xff, 0x5b, 0xff, 0x3a,
  0xff, 0x5b, 0xff, 0x1a, 0xff, 0x3b, 0xff, 0x3a, 0xff, 0x3b, 0xff, 0x3a,
  0xff, 0x3b, 0xff, 0x3a, 0xff, 0x3b, 0xff, 0x1a, 0xff, 0x5b, 0xff, 0x5b,
  0xf7, 0x3b, 0xff, 0x3a, 0xff, 0x5b, 0xff, 0x3a, 0xff, 0x5b, 0xff, 0x3a,
  0xff, 0x3b, 0xff, 0x1a, 0xf7, 0x3a, 0xff, 0x3a, 0xff, 0x5b, 0xff, 0x3a,
  0xf7, 0x3a, 0xff, 0x3a, 0xf7, 0x3b, 0xff, 0x3a, 0xff, 0x3b, 0xff, 0x3a,
  0xff, 0x5b, 0xff, 0x3a, 0xf7, 0x3a, 0xff, 0x3a, 0xff, 0x5b, 0xff, 0x3a,
  0xff, 0x3b, 0xff, 0x3a, 0xff, 0x5b, 0xff, 0x3a, 0xff, 0x5b, 0xff, 0x3a,
  0xff, 0x3a, 0xf6, 0xf9, 0xae, 0x18, 0xa5, 0xd6, 0x9e, 0x19, 0x95, 0xb7,
  0x8d, 0x98, 0x95, 0x77, 0x8d, 0x98, 0x8d, 0x77, 0x8d, 0x78, 0x8d, 0x97,
  0x85, 0x98, 0x8d, 0xb8, 0xa5, 0x75, 0xe7, 0x3c, 0xff, 0x5b, 0xff, 0x3a,
  0xff, 0x5b, 0xff, 0x5a, 0xff, 0x5b, 0xff, 0x3a, 0xff, 0x5b, 0xff, 0x1a,
  0xf7, 0x3a, 0xff, 0x3a, 0xff, 0x5b, 0xff, 0x3a, 0xf7, 0x3b, 0xff, 0x3a,
  0xff, 0x5b, 0xff, 0x3a, 0xff, 0x3b, 0xff, 0x3a, 0xff, 0x5b, 0xff, 0x3a,
  0xf7, 0x3b, 0xff, 0x3a, 0xff, 0x5b, 0xff, 0x3a, 0xff, 0x3b, 0xff, 0x3a,
  0xff, 0x5b, 0xff, 0x3a, 0xff, 0x5b, 0xff, 0x3a, 0xf7, 0x3a, 0xff, 0x1a,
  0xff, 0x5b, 0xff, 0x3a, 0xff, 0x5b, 0xff, 0x3a, 0xf7, 0x3b, 0xff, 0x3a,
  0xff, 0x3b, 0xff, 0x3a, 0xf7, 0x3b, 0xff, 0x5b, 0xf7, 0x3b, 0xff, 0x3a,
  0xff, 0x5b, 0xff, 0x5b, 0xff, 0x5b, 0xff, 0x3a, 0xff, 0x5b, 0xff, 0x3a,
  0xff, 0x5b, 0xff, 0x3a, 0xff, 0x5b, 0xff, 0x3a, 0xff, 0xff, 0xff, 0xdf,
  0xff, 0xbe, 0xff, 0xff, 0xff, 0xdf, 0xff, 0xdf, 0xff, 0xde, 0xff, 0xbe,
  0xff, 0x5a, 0xf7, 0x5b, 0xff, 0x5a, 0xff, 0x5a, 0xff, 0x3a, 0xf7, 0x3a,
  0xff, 0x3a, 0xff, 0x5b, 0xff, 0x3a, 0xff, 0x3a, 0xff, 0x3a, 0xff, 0x5a,
  0xff, 0x3a, 0xff, 0x5b, 0xff, 0x3a, 0xff, 0x5b, 0xff, 0x5a, 0xff, 0x5b,
  0xff, 0x5a, 0xff, 0x5b, 0xff, 0x3a, 0xff, 0x5b, 0xff, 0x5a, 0xff, 0x5a,
  0xff, 0x3a, 0xff, 0x5b, 0xff, 0x5a, 0xff, 0x3a, 0xff, 0x3a, 0xff, 0x5a,
  0xff, 0x3a, 0xff, 0x5a, 0xff, 0x3a, 0xff, 0x5a, 0xff, 0x3a, 0xff, 0x3a,
  0xff, 0x3a, 0xff, 0x3a, 0xff, 0x3a, 0xff, 0x5b, 0xff, 0x3a, 0xff, 0x5b,
  0xff, 0x3a, 0xff, 0x5b, 0xff, 0x3a, 0xff, 0x5b, 0xff, 0x3a, 0xff, 0x5b,
  0xff, 0x5a, 0xff, 0x5b, 0xff, 0x19, 0xff, 0x5a, 0xe7, 0x3a, 0xb5, 0xd5,
  0x95, 0xb7, 0x95, 0xf8, 0x95, 0x97, 0x8d, 0x97, 0x95, 0x98, 0x85, 0x77,
  0x8d, 0x77, 0x8d, 0x98, 0x8d, 0x98, 0x8d, 0xb8, 0x9d, 0x34, 0xc6, 0xba,
  0xff, 0x5a, 0xff, 0x3a, 0xff, 0x5a, 0xff, 0x5b, 0xff, 0x3a, 0xff, 0x5b,
  0xff, 0x5a, 0xff, 0x3a, 0xff, 0x3a, 0xff, 0x5b, 0xff, 0x5a, 0xff, 0x5b,
  0xff, 0x3a, 0xff, 0x5b, 0xff, 0x3a, 0xff, 0x5a, 0xff, 0x5a, 0xff, 0x3a,
  0xff, 0x5a, 0xff, 0x7b, 0xff, 0x5a, 0xff, 0x5b, 0xff, 0x3a, 0xff, 0x5b,
  0xff, 0x3a, 0xff, 0x5b, 0xff, 0x3a, 0xff, 0x5b, 0xff, 0x5a, 0xff, 0x5b,
  0xff, 0x3a, 0xff, 0x3a, 0xff, 0x3a, 0xff, 0x5b, 0xff, 0x3a, 0xff, 0x5a,
  0xff, 0x5a, 0xff, 0x5b, 0xff, 0x3a, 0xff, 0x5b, 0xff, 0x3a, 0xff, 0x5b,
  0xff, 0x5a, 0xff, 0x5b, 0xff, 0x5a, 0xff, 0x5b, 0xff, 0x3a, 0xff, 0x5b,
  0xff, 0x5a, 0xff, 0x5a, 0xff, 0x3a, 0xff, 0x5b, 0xff, 0x5a, 0xff, 0x3a,
  0xff, 0xdf, 0xff, 0xbe, 0xff, 0xff, 0xff, 0xdf, 0xff, 0xdf, 0xff, 0xdf,
  0xff, 0xdf, 0xff, 0x7d, 0xf7, 0x5b, 0xff, 0x3a, 0xff, 0x3b, 0xff, 0x3a,
  0xff, 0x5b, 0xff, 0x3a, 0xff, 0x3b, 0xff, 0x3a, 0xff, 0x5b, 0xff, 0x3a,
  0xff, 0x5b, 0xff, 0x3a, 0xff, 0x5b, 0xff, 0x3a, 0xff, 0x5b, 0xff, 0x3a,
  0xff, 0x5b, 0xff, 0x3a, 0xff, 0x5b, 0xff, 0x3a, 0xff, 0x5b, 0xff, 0x3a,
  0xf7, 0x3b, 0xff, 0x3a, 0xff, 0x5b, 0xff, 0x3a, 0xff, 0x3b, 0xff, 0x3a,
  0xff, 0x3b, 0xff, 0x3a, 0xff, 0x3b, 0xff, 0x3a, 0xff, 0x3b, 0xff, 0x3a,
  0xff, 0x3b, 0xff, 0x3a, 0xff, 0x3b, 0xff, 0x3a, 0xff, 0x5b, 0xff, 0x3a,
  0xff, 0x3b, 0xff, 0x3a, 0xff, 0x5b, 0xff, 0x3a, 0xff, 0x5b, 0xff, 0x3a,
  0xff, 0x5b, 0xff, 0x3a, 0xff, 0x5b, 0xff, 0x3a, 0xff, 0x5b, 0xff, 0x3a,
  0xff, 0x5b, 0xee, 0xd8, 0x95, 0xd7, 0x95, 0x96, 0x9d, 0xf9, 0x95, 0x97,
  0x8d, 0x98, 0x8d, 0x77, 0x85, 0x78, 0x85, 0x57, 0x85, 0xb9, 0x8d, 0x98,
  0x95, 0x76, 0xa5, 0xf8, 0xff, 0x7b, 0xff, 0x3a, 0xf7, 0x3b, 0xff, 0x3b,
  0xff, 0x5b, 0xff, 0x3a, 0xff, 0x5b, 0xff, 0x3a, 0xff, 0x5b, 0xff, 0x3a,
  0xff, 0x5b, 0xff, 0x5b, 0xf7, 0x3b, 0xff, 0x3a, 0xff, 0x5b, 0xff, 0x3a,
  0xf7, 0x3b, 0xff, 0x3a, 0xff, 0x5b, 0xff, 0x3b, 0xf7, 0x3b, 0xff, 0x3a,
  0xff, 0x5b, 0xff, 0x3a, 0xff, 0x5b, 0xff, 0x3a, 0xff, 0x5b, 0xff, 0x3a,
  0xff, 0x5b, 0xff, 0x3a, 0xff, 0x5b, 0xff, 0x3a, 0xff, 0x5b, 0xff, 0x3a,
  0xff, 0x5b, 0xff, 0x3a, 0xff, 0x5b, 0xff, 0x3a, 0xff, 0x5b, 0xff, 0x3a,
  0xff, 0x5b, 0xff, 0x3a, 0xff, 0x5b, 0xff, 0x3a, 0xff, 0x5b, 0xff, 0x3a,
  0xff, 0x5b, 0xff, 0x3a, 0xf7, 0x3b, 0xff, 0x3a, 0xff, 0x5b, 0xff, 0x3a,
  0xff, 0x5b, 0xff, 0x3a, 0xff, 0xbe, 0xff, 0xdf, 0xff, 0xff, 0xff, 0xff,
  0xff, 0xde, 0xff, 0xff, 0xff, 0xbd, 0xf7, 0xbd, 0xff, 0x39, 0xff, 0x5a,
  0xff, 0x3a, 0xff, 0x5a, 0xff, 0x3a, 0xff, 0x5b, 0xff, 0x3a, 0xff, 0x5b,
  0xff, 0x3a, 0xff, 0x3a, 0xff, 0x3a, 0xff, 0x5b, 0xff, 0x3a, 0xff, 0x5a,
  0xff, 0x3a, 0xff, 0x5b, 0xff, 0x3a, 0xff, 0x5a, 0xff, 0x3a, 0xff, 0x5a,
  0xff, 0x3a, 0xff, 0x5b, 0xff, 0x3a, 0xff, 0x5b, 0xff, 0x3a, 0xff, 0x3a,
  0xff, 0x3a, 0xff, 0x5a, 0xff, 0x3a, 0xff, 0x5a, 0xff, 0x3a, 0xff, 0x3a,
  0xff, 0x3a, 0xff, 0x3a, 0xff, 0x3a, 0xff, 0x5b, 0xff, 0x3a, 0xff, 0x5b,
  0xff, 0x3a, 0xff, 0x3a, 0xff, 0x3a, 0xff, 0x5b, 0xff, 0x3a, 0xff, 0x5b,
  0xff, 0x3a, 0xff, 0x5a, 0xff, 0x5a, 0xff, 0x5b, 0xff, 0x3a, 0xff, 0x5b,
  0xff, 0x3a, 0xff, 0x5b, 0xff, 0x3a, 0xff, 0x5a, 0xde, 0xf9, 0xad, 0xb5,
  0x8d, 0x97, 0x95, 0xd8, 0x95, 0xb7, 0x8d, 0xb8, 0x95, 0xb8, 0x85, 0x77,
  0x8d, 0x97, 0x8d, 0xd9, 0x9d, 0xd8, 0x95, 0xb7, 0xf7, 0x19, 0xff, 0x5b,
  0xff, 0x3a, 0xff, 0x5b, 0xff, 0x5a, 0xff, 0x5a, 0xff, 0x3a, 0xff, 0x5b,
  0xff, 0x5a, 0xff, 0x5b, 0xff, 0x3a, 0xff, 0x5b, 0xff, 0x3a, 0xff, 0x5b,
  0xff, 0x5a, 0xff, 0x5b, 0xff, 0x3a, 0xff, 0x5b, 0xff, 0x3a, 0xff, 0x3b,
  0xff, 0x3a, 0xff, 0x5b, 0xff, 0x3a, 0xff, 0x5b, 0xff, 0x3a, 0xff, 0x5b,
  0xff, 0x5a, 0xff, 0x5b, 0xff, 0x3a, 0xff, 0x5a, 0xff, 0x5a, 0xff, 0x5b,
  0xff, 0x3a, 0xff, 0x5b, 0xff, 0x3a, 0xff, 0x3a, 0xff, 0x3a, 0xff, 0x5b,
  0xff, 0x5a, 0xff, 0x5b, 0xff, 0x5a, 0xff, 0x5b, 0xff, 0x3a, 0xff, 0x5b,
  0xff, 0x3a, 0xff, 0x5a, 0xff, 0x3a, 0xff, 0x5a, 0xff, 0x3a, 0xff, 0x5b,
  0xff, 0x5a, 0xff, 0x3a, 0xff, 0x3a, 0xff, 0x5b, 0xff, 0xbf, 0xff, 0xdf,
  0xff, 0xff, 0xff, 0xdf, 0xff, 0xdf, 0xff, 0xdf, 0xf7, 0xbe, 0xff, 0x9d,
  0xef, 0x19, 0xff, 0x5a, 0xff, 0x5b, 0xff, 0x3a, 0xff, 0x5b, 0xff, 0x3a,
  0xff, 0x3b, 0xff, 0x3a, 0xff, 0x5b, 0xff, 0x3a, 0xff, 0x3b, 0xff, 0x3a,
  0xff, 0x3b, 0xff, 0x3a, 0xff, 0x5b, 0xff, 0x3a, 0xff, 0x5b, 0xff, 0x3a,
  0xff, 0x5b, 0xff, 0x3a, 0xf7, 0x3b, 0xff, 0x3a, 0xf7, 0x3b, 0xff, 0x3a,
  0xff, 0x5b, 0xff, 0x5b, 0xff, 0x5b, 0xff, 0x3a, 0xff, 0x5b, 0xff, 0x3a,
  0xff, 0x3b, 0xff, 0x3a, 0xff, 0x3b, 0xff, 0x3a, 0xff, 0x3b, 0xff, 0x3a,
  0xff, 0x3b, 0xff, 0x3a, 0xff, 0x3b, 0xff, 0x3a, 0xff, 0x3b, 0xff, 0x3a,
  0xff, 0x5b, 0xff, 0x3a, 0xff, 0x3b, 0xff, 0x3a, 0xff, 0x3b, 0xff, 0x5b,
  0xff, 0x5b, 0xff, 0x3a, 0xff, 0x5b, 0xff, 0x3a, 0xf7, 0x3b, 0xff, 0x3a,
  0xff, 0x5b, 0xee, 0xd8, 0xa6, 0x18, 0x95, 0x55, 0x85, 0x97, 0x8d, 0x97,
  0x95, 0xd9, 0x95, 0x98, 0x95, 0xb9, 0x95, 0xb8, 0x85, 0x98, 0x8d, 0x77,
  0xce, 0x37, 0xff, 0x7c, 0xff, 0x3a, 0xff, 0x1a, 0xff, 0x5b, 0xff, 0x5b,
  0xff, 0x5b, 0xff, 0x3a, 0xff, 0x5b, 0xff, 0x3a, 0xf7, 0x3b, 0xff, 0x3b,
  0xff, 0x5b, 0xff, 0x3a, 0xff, 0x5b, 0xff, 0x3a, 0xff, 0x5b, 0xff, 0x3a,
  0xff, 0x5b, 0xff, 0x3b, 0xff, 0x5b, 0xff, 0x5b, 0xff, 0x5b, 0xff, 0x3a,
  0xff, 0x3b, 0xff, 0x3a, 0xf7, 0x3b, 0xff, 0x5b, 0xff, 0x5b, 0xff, 0x3a,
  0xff, 0x5b, 0xff, 0x3a, 0xf7, 0x3b, 0xff, 0x3a, 0xff, 0x5b, 0xff, 0x3a,
  0xf7, 0x3b, 0xff, 0x3a, 0xff, 0x5b, 0xff, 0x3a, 0xff, 0x5b, 0xff, 0x3a,
  0xff, 0x5b, 0xff, 0x3a, 0xff, 0x5b, 0xff, 0x3a, 0xf7, 0x3b, 0xff, 0x3a,
  0xf7, 0x3b, 0xff, 0x3a, 0xff, 0x5b, 0xff, 0x5b, 0xff, 0x5b, 0xff, 0x3a,
  0xff, 0xbe, 0xff, 0xff, 0xff, 0xde, 0xff, 0xdf, 0xff, 0xdf, 0xff, 0xdf,
  0xff, 0x9d, 0xff, 0xde, 0xf7, 0x19, 0xff, 0x5a, 0xff, 0x3a, 0xff, 0x5b,
  0xff, 0x5a, 0xff, 0x3a, 0xff, 0x5a, 0xff, 0x5b, 0xff, 0x3a, 0xff, 0x5a,
  0xff, 0x3a, 0xff, 0x5a, 0xff, 0x3a, 0xff, 0x3a, 0xff, 0x3a, 0xff, 0x5b,
  0xff, 0x3a, 0xff, 0x3a, 0xff, 0x3a, 0xff, 0x5b, 0xff, 0x5a, 0xff, 0x5b,
  0xff, 0x5a, 0xff, 0x5b, 0xff, 0x3a, 0xff, 0x5b, 0xff, 0x5a, 0xff, 0x5b,
  0xff, 0x3a, 0xff, 0x5b, 0xff, 0x3a, 0xff, 0x5a, 0xff, 0x3a, 0xff, 0x3a,
  0xff, 0x3a, 0xff, 0x5a, 0xff, 0x3a, 0xff, 0x5b, 0xff, 0x3a, 0xff, 0x5a,
  0xff, 0x3a, 0xff, 0x5b, 0xff, 0x3a, 0xff, 0x5b, 0xff, 0x3a, 0xff, 0x5b,
  0xff, 0x3a, 0xff, 0x5a, 0xff, 0x5a, 0xff, 0x5b, 0xff, 0x5a, 0xff, 0x5a,
  0xff, 0x5a, 0xff, 0x5b, 0xff, 0x3a, 0xff, 0x5b, 0xf7, 0x39, 0xde, 0x97,
  0xad, 0xf7, 0x95, 0x96, 0x95, 0xb6, 0x8d, 0xb6, 0x95, 0x97, 0x8d, 0xb8,
  0x8d, 0x77, 0x85, 0x98, 0xb5, 0x94, 0xe7, 0x7c, 0xff, 0x5a, 0xff, 0x5a,
  0xff, 0x3a, 0xff, 0x5b, 0xff, 0x5a, 0xff, 0x5b, 0xff, 0x3a, 0xff, 0x5b,
  0xff, 0x3a, 0xff, 0x5b, 0xff, 0x3a, 0xff, 0x3a, 0xff, 0x3a, 0xff, 0x5b,
  0xff, 0x3a, 0xff, 0x5b, 0xff, 0x3a, 0xff, 0x3b, 0xff, 0x3a, 0xff, 0x5b,
  0xff, 0x5a, 0xff, 0x5b, 0xff, 0x3a, 0xff, 0x5b, 0xff, 0x3a, 0xff, 0x5a,
  0xff, 0x5a, 0xff, 0x5b, 0xff, 0x5a, 0xff, 0x5a, 0xff, 0x5a, 0xff, 0x5a,
  0xff, 0x3a, 0xff, 0x5a, 0xff, 0x3a, 0xff, 0x5b, 0xff, 0x3a, 0xff, 0x5a,
  0xff, 0x5a, 0xff, 0x5b, 0xff, 0x3a, 0xff, 0x5a, 0xff, 0x3a, 0xff, 0x5a,
  0xff, 0x3a, 0xff, 0x5a, 0xff, 0x5a, 0xff, 0x5a, 0xff, 0x3a, 0xff, 0x5b,
  0xff, 0x5a, 0xff, 0x5b, 0xff, 0xbe, 0xff, 0xdf, 0xff, 0xdf, 0xff, 0xdf,
  0xff, 0xdf, 0xff, 0x9e, 0xff, 0xbe, 0xff, 0x9d, 0xf7, 0x1a, 0xff, 0x3a,
  0xff, 0x3b, 0xff, 0x3a, 0xff, 0x5b, 0xff, 0x3a, 0xff, 0x5b, 0xff, 0x5b,
  0xf7, 0x3b, 0xff, 0x3a, 0xff, 0x5b, 0xff, 0x5b, 0xff, 0x5b, 0xff, 0x3a,
  0xff, 0x5b, 0xff, 0x3a, 0xf7, 0x3b, 0xff, 0x3a, 0xff, 0x5b, 0xff, 0x3a,
  0xf7, 0x3b, 0xff, 0x3a, 0xff, 0x5b, 0xff, 0x3a, 0xf7, 0x3b, 0xff, 0x3a,
  0xff, 0x5b, 0xff, 0x3a, 0xff, 0x3b, 0xff, 0x3a, 0xff, 0x5b, 0xff, 0x3a,
  0xff, 0x5b, 0xff, 0x3a, 0xff, 0x5b, 0xff, 0x3a, 0xff, 0x3a, 0xff, 0x3a,
  0xff, 0x5b, 0xff, 0x3a, 0xff, 0x5b, 0xff, 0x3a, 0xff, 0x5b, 0xff, 0x3a,
  0xf7, 0x3b, 0xff, 0x5b, 0xff, 0x5b, 0xff, 0x3b, 0xff, 0x5b, 0xff, 0x5b,
  0xff, 0x3b, 0xff, 0x3b, 0xff, 0x5b, 0xff, 0x5b, 0xf7, 0x3b, 0xff, 0x5b,
  0xff, 0x5b, 0xff, 0x5b, 0xff, 0x5a, 0xf6, 0xf8, 0xde, 0xd8, 0xd6, 0x76,
  0xa5, 0xf8, 0x95, 0x75, 0x8d, 0xb8, 0x85, 0x77, 0x95, 0x55, 0xc6, 0x7a,
  0xff, 0x7b, 0xff, 0x3a, 0xf7, 0x3b, 0xff, 0x3a, 0xff, 0x5b, 0xff, 0x3a,
  0xff, 0x5b, 0xff, 0x5b, 0xff, 0x5b, 0xff, 0x3a, 0xff, 0x5b, 0xff, 0x3a,
  0xff, 0x5b, 0xff, 0x3a, 0xff, 0x5b, 0xff, 0x3a, 0xff, 0x5b, 0xff, 0x3b,
  0xff, 0x5b, 0xff, 0x3a, 0xff, 0x5b, 0xff, 0x3a, 0xf7, 0x3b, 0xff, 0x5b,
  0xff, 0x5b, 0xff, 0x3a, 0xff, 0x5b, 0xff, 0x5b, 0xff, 0x5b, 0xff, 0x3a,
  0xff, 0x7b, 0xff, 0x5b, 0xff, 0x5b, 0xff, 0x5b, 0xff, 0x5b, 0xff, 0x5b,
  0xff, 0x5b, 0xff, 0x3a, 0xff, 0x5b, 0xff, 0x3a, 0xf7, 0x3b, 0xff, 0x3a,
  0xff, 0x5b, 0xff, 0x3a, 0xf7, 0x3b, 0xff, 0x3a, 0xff, 0x5b, 0xff, 0x3a,
  0xff, 0x3b, 0xff, 0x3a, 0xff, 0x5b, 0xff, 0x3a, 0xff, 0xbe, 0xff, 0xff,
  0xff, 0xdf, 0xff, 0xff, 0xff, 0xdf, 0xff, 0xbe, 0xff, 0xbd, 0xff, 0xbd,
  0xf6, 0xf9, 0xff, 0x5a, 0xff, 0x5a, 0xff, 0x5b, 0xff, 0x3a, 0xff, 0x5a,
  0xff, 0x3a, 0xff, 0x5b, 0xff, 0x3a, 0xff, 0x5b, 0xff, 0x3a, 0xff, 0x5b,
  0xff, 0x3a, 0xff, 0x5b, 0xff, 0x3a, 0xff, 0x5b, 0xff, 0x3a, 0xff, 0x3a,
  0xff, 0x3a, 0xff, 0x5a, 0xff, 0x3a, 0xff, 0x5a, 0xff, 0x3a, 0xff, 0x5a,
  0xff, 0x3a, 0xff, 0x5b, 0xff, 0x3a, 0xff, 0x3b, 0xff, 0x3a, 0xff, 0x3a,
  0xff, 0x3a, 0xff, 0x3a, 0xff, 0x3a, 0xff, 0x5a, 0xff, 0x3a, 0xff, 0x5b,
  0xff, 0x3a, 0xff, 0x3a, 0xff, 0x3a, 0xff, 0x5a, 0xff, 0x3a, 0xff, 0x5b,
  0xff, 0x5a, 0xff, 0x5b, 0xff, 0x5a, 0xff, 0x5b, 0xff, 0x39, 0xf7, 0x19,
  0xf6, 0xf8, 0xf7, 0x3a, 0xff, 0x5a, 0xff, 0x5a, 0xff, 0x3a, 0xff, 0x5b,
  0xff, 0x3a, 0xff, 0x5b, 0xff, 0x5a, 0xff, 0x5b, 0xff, 0x5a, 0xff, 0x5b,
  0xff, 0x3a, 0xff, 0x5a, 0xf7, 0x5a, 0xd6, 0x56, 0x8d, 0x76, 0x8d, 0xb7,
  0x95, 0x96, 0x8d, 0x76, 0xee, 0xf8, 0xff, 0x7b, 0xff, 0x3a, 0xff, 0x5b,
  0xff, 0x3a, 0xff, 0x5b, 0xff, 0x3a, 0xff, 0x5a, 0xff, 0x5a, 0xff, 0x5a,
  0xff, 0x5a, 0xff, 0x5b, 0xff, 0x3a, 0xff, 0x5b, 0xff, 0x5a, 0xff, 0x5a,
  0xff, 0x5a, 0xff, 0x3a, 0xff, 0x3a, 0xff, 0x5b, 0xff, 0x5a, 0xff, 0x5b,
  0xff, 0x3a, 0xff, 0x5b, 0xff, 0x3a, 0xff, 0x3b, 0xff, 0x3a, 0xff, 0x5b,
  0xff, 0x5a, 0xff, 0x5a, 0xf6, 0xf9, 0xee, 0xfa, 0xf6, 0xd9, 0xf7, 0x1a,
  0xff, 0x19, 0xff, 0x5a, 0xff, 0x5a, 0xff, 0x5b, 0xff, 0x3a, 0xff, 0x5b,
  0xff, 0x3a, 0xff, 0x5a, 0xff, 0x3a, 0xff, 0x5a, 0xff, 0x3a, 0xff, 0x5a,
  0xff, 0x3a, 0xff, 0x5a, 0xff, 0x3a, 0xff, 0x5b, 0xff, 0x3a, 0xff, 0x5a,
  0xff, 0xff, 0xff, 0xdf, 0xff, 0xdf, 0xff, 0xdf, 0xff, 0xdf, 0xff, 0x9e,
  0xff, 0xde, 0xff, 0xbe, 0xef, 0x1a, 0xff, 0x5b, 0xff, 0x5b, 0xff, 0x3a,
  0xff, 0x5b, 0xff, 0x3a, 0xff, 0x5b, 0xff, 0x5b, 0xff, 0x5b, 0xff, 0x3a,
  0xff, 0x5b, 0xff, 0x3a, 0xff, 0x5b, 0xff, 0x3a, 0xff, 0x3b, 0xff, 0x3a,
  0xff, 0x5b, 0xff, 0x3a, 0xf7, 0x3b, 0xff, 0x1a, 0xf7, 0x3b, 0xff, 0x3a,
  0xf7, 0x3b, 0xff, 0x3a, 0xff, 0x3b, 0xff, 0x3b, 0xf7, 0x3b, 0xff, 0x3a,
  0xff, 0x5b, 0xff, 0x3a, 0xff, 0x5b, 0xff, 0x3a, 0xf7, 0x3b, 0xff, 0x3a,
  0xff, 0x5b, 0xff, 0x3a, 0xff, 0x5b, 0xff, 0x3a, 0xff, 0x5b, 0xff, 0x3a,
  0xff, 0x5b, 0xff, 0x3a, 0xf7, 0x39, 0xf6, 0xf8, 0xde, 0xd7, 0xde, 0xb6,
  0xce, 0xd8, 0xc6, 0x76, 0xb6, 0x76, 0xb6, 0x55, 0xde, 0xb8, 0xff, 0x5a,
  0xff, 0x5b, 0xff, 0x3b, 0xff, 0x5b, 0xff, 0x3b, 0xff, 0x3b, 0xff, 0x3b,
  0xff, 0x5b, 0xff, 0x3a, 0xf7, 0x3b, 0xff, 0x3b, 0xff, 0x5b, 0xff, 0x5b,
  0xd6, 0xfb, 0xa5, 0x34, 0x85, 0xb8, 0x7d, 0x56, 0xad, 0x74, 0xef, 0x5c,
  0xff, 0x5b, 0xff, 0x3a, 0xf7, 0x3b, 0xff, 0x3b, 0xff, 0x5b, 0xff, 0x3a,
  0xff, 0x5b, 0xff, 0x3a, 0xff, 0x5b, 0xff, 0x3a, 0xff, 0x5b, 0xff, 0x3a,
  0xf7, 0x3b, 0xff, 0x5b, 0xfe, 0xba, 0xf6, 0x38, 0xff, 0x1b, 0xff, 0x3b,
  0xf7, 0x3a, 0xf6, 0xf9, 0xee, 0xfa, 0xf6, 0xf9, 0xff, 0x5b, 0xff, 0x5b,
  0xff, 0x7b, 0xf7, 0x1a, 0xee, 0xf9, 0xf6, 0xf9, 0xee, 0xfa, 0xf6, 0xfa,
  0xee, 0xfa, 0xee, 0x98, 0xee, 0xd9, 0xf6, 0xd9, 0xf7, 0x1a, 0xff, 0x5b,
  0xf7, 0x3b, 0xff, 0x3a, 0xff, 0x5b, 0xff, 0x3a, 0xf7, 0x3b, 0xff, 0x3a,
  0xf7, 0x3b, 0xff, 0x3a, 0xff, 0x3b, 0xff, 0x3a, 0xff, 0x5b, 0xff, 0x3a,
  0xf7, 0x3b, 0xff, 0x3a, 0xff, 0xde, 0xff, 0xff, 0xff, 0xdf, 0xff, 0xff,
  0xff, 0xde, 0xf7, 0x9e, 0xff, 0xde, 0xff, 0xde, 0xf7, 0x19, 0xff, 0x5a,
  0xff, 0x3a, 0xff, 0x5a, 0xff, 0x3a, 0xff, 0x5b, 0xff, 0x5a, 0xff, 0x5b,
  0xff, 0x5a, 0xff, 0x5b, 0xff, 0x3a, 0xff, 0x5a, 0xff, 0x3a, 0xff, 0x3b,
  0xff, 0x3a, 0xff, 0x5a, 0xff, 0x3a, 0xff, 0x5b, 0xff, 0x3a, 0xff, 0x5b,
  0xff, 0x5a, 0xff, 0x5b, 0xff, 0x3a, 0xff, 0x5b, 0xff, 0x3a, 0xff, 0x5a,
  0xff, 0x3a, 0xff, 0x5b, 0xff, 0x3b, 0xff, 0x5b, 0xff, 0x5a, 0xff, 0x5b,
  0xff, 0x3a, 0xff, 0x3a, 0xff, 0x19, 0xff, 0x3a, 0xf7, 0x19, 0xf7, 0x19,
  0xee, 0xf8, 0xe6, 0xf8, 0xde, 0xd7, 0xd6, 0xb7, 0xe6, 0xd8, 0xe7, 0x19,
  0xde, 0xf8, 0xce, 0x97, 0xd6, 0xf8, 0xce, 0xb7, 0xce, 0x97, 0xbe, 0x77,
  0xbe, 0x36, 0xc6, 0x97, 0xff, 0x3a, 0xff, 0x5b, 0xff, 0x3a, 0xff, 0x5b,
  0xff, 0x3a, 0xff, 0x5a, 0xff, 0x5a, 0xff, 0x5b, 0xff, 0x3a, 0xff, 0x3b,
  0xff, 0x3a, 0xff, 0x3b, 0xff, 0x7a, 0xf7, 0x1a, 0x9d, 0xb7, 0x85, 0x35,
  0x8d, 0x35, 0x9d, 0xd8, 0xff, 0x39, 0xff, 0x5a, 0xff, 0x3a, 0xff, 0x5b,
  0xff, 0x5a, 0xff, 0x5b, 0xff, 0x3a, 0xff, 0x5b, 0xff, 0x3a, 0xff, 0x5a,
  0xff, 0x3a, 0xff, 0x5b, 0xff, 0x5a, 0xff, 0x5a, 0xfe, 0xdb, 0xf6, 0x79,
  0xf5, 0xf8, 0xf6, 0x19, 0xbd, 0x34, 0x9c, 0x72, 0x9c, 0x32, 0x9c, 0x53,
  0xbd, 0x34, 0xc5, 0xb6, 0xee, 0x98, 0xff, 0x5b, 0xff, 0x5a, 0xff, 0x5b,
  0xff, 0x5a, 0xff, 0x7b, 0xff, 0x5b, 0xff, 0x5b, 0xf6, 0xf9, 0xee, 0xd9,
  0xee, 0xd9, 0xf7, 0x1a, 0xff, 0x5a, 0xff, 0x3a, 0xff, 0x3a, 0xff, 0x5a,
  0xff, 0x3a, 0xff, 0x5a, 0xff, 0x5a, 0xff, 0x5a, 0xff, 0x3a, 0xff, 0x5b,
  0xff, 0x3a, 0xff, 0x5a, 0xff, 0x3a, 0xff, 0x5b, 0xff, 0xdf, 0xff, 0xdf,
  0xff, 0xdf, 0xff, 0xdf, 0xff, 0xdf, 0xf7, 0x7d, 0xff, 0xdf, 0xff, 0xbe,
  0xef, 0x1a, 0xff, 0x5a, 0xff, 0x5b, 0xff, 0x3a, 0xf7, 0x3b, 0xff, 0x3a,
  0xff, 0x5b, 0xff, 0x3a, 0xff, 0x5b, 0xff, 0x3a, 0xff, 0x3b, 0xff, 0x3a,
  0xff, 0x5b, 0xff, 0x3b, 0xff, 0x5b, 0xff, 0x1a, 0xf7, 0x1a, 0xff, 0x1a,
  0xf7, 0x1a, 0xf7, 0x19, 0xf7, 0x3a, 0xf7, 0x1a, 0xf7, 0x3a, 0xff, 0x3a,
  0xf7, 0x3a, 0xff, 0x1a, 0xff, 0x3a, 0xff, 0x19, 0xef, 0x1a, 0xee, 0xf8,
  0xde, 0xd8, 0xde, 0xd7, 0xd6, 0xd8, 0xde, 0xb8, 0xce, 0xb8, 0xd6, 0xb8,
  0xce, 0xb8, 0xd6, 0xd8, 0xce, 0xd9, 0xce, 0xb8, 0xc6, 0x99, 0xce, 0xb9,
  0xef, 0x1a, 0xee, 0xd9, 0xde, 0xf9, 0xde, 0x97, 0xce, 0xb7, 0xde, 0xd7,
  0xd6, 0xd8, 0xce, 0x56, 0xb6, 0x77, 0xae, 0x16, 0xc6, 0x37, 0xf7, 0x7b,
  0xff, 0x5b, 0xff, 0x3a, 0xf7, 0x3b, 0xff, 0x3a, 0xff, 0x5b, 0xff, 0x3a,
  0xff, 0x5b, 0xff, 0x3a, 0xf7, 0x3b, 0xff, 0x3b, 0xff, 0x3b, 0xff, 0x5a,
  0xef, 0x5c, 0xbd, 0xb5, 0x7d, 0x57, 0x7d, 0x16, 0xad, 0x95, 0xef, 0x5c,
  0xff, 0x5b, 0xff, 0x1a, 0xff, 0x5b, 0xff, 0x5b, 0xff, 0x5b, 0xff, 0x3a,
  0xff, 0x5b, 0xff, 0x3a, 0xf7, 0x3b, 0xe6, 0x77, 0xc5, 0x76, 0xa4, 0x72,
  0x83, 0xf1, 0x7b, 0x6f, 0x93, 0x50, 0xed, 0xfa, 0xd5, 0xb9, 0x9b, 0xb1,
  0x4a, 0x6d, 0x5a, 0x8d, 0x62, 0xef, 0x62, 0xae, 0x6b, 0x2e, 0x9c, 0x53,
  0xde, 0x37, 0xff, 0x5c, 0xff, 0x9c, 0xff, 0x1a, 0xff, 0x5b, 0xff, 0x3a,
  0xff, 0x5b, 0xf6, 0xf9, 0xee, 0xfa, 0xee, 0xd9, 0xff, 0x5b, 0xff, 0x3a,
  0xff, 0x3b, 0xff, 0x3a, 0xff, 0x5b, 0xff, 0x3a, 0xf7, 0x3b, 0xff, 0x3a,
  0xf7, 0x3b, 0xff, 0x3b, 0xff, 0x5b, 0xff, 0x3a, 0xff, 0x5b, 0xff, 0x3a,
  0xff, 0xde, 0xff, 0xff, 0xff, 0xde, 0xff, 0xff, 0xff, 0xfe, 0xf7, 0x9d,
  0xff, 0xbe, 0xff, 0xff, 0xf7, 0x3a, 0xf7, 0x5b, 0xff, 0x5a, 0xff, 0x5b,
  0xff, 0x5a, 0xff, 0x5b, 0xff, 0x5a, 0xff, 0x5b, 0xff, 0x3a, 0xff, 0x5b,
  0xff, 0x5a, 0xff, 0x3a, 0xf7, 0x18, 0xf7, 0x19, 0xf7, 0x19, 0xef, 0x39,
  0xef, 0x1a, 0xef, 0x3a, 0xef, 0x3a, 0xef, 0x5b, 0xef, 0x3b, 0xef, 0x5b,
  0xef, 0x3b, 0xef, 0x3b, 0xef, 0x3a, 0xe7, 0x1a, 0xef, 0x19, 0xde, 0xf9,
  0xce, 0xb7, 0xc6, 0xb7, 0xce, 0xb8, 0xce, 0xf9, 0xd6, 0xd8, 0xce, 0xf9,
  0xd6, 0xd9, 0xd6, 0xfa, 0xe7, 0x3b, 0xd6, 0xfa, 0xd6, 0xd9, 0xdf, 0x1a,
  0xee, 0xfa, 0xe6, 0xfa, 0xe6, 0xd8, 0xe6, 0xf9, 0xe7, 0x38, 0xce, 0x76,
  0xee, 0xd7, 0xff, 0x7a, 0xff, 0x5a, 0xf7, 0x1a, 0xc6, 0x77, 0xb6, 0x57,
  0xb5, 0xf5, 0xc6, 0xb8, 0xff, 0x7b, 0xff, 0x5b, 0xff, 0x3a, 0xff, 0x5b,
  0xff, 0x3a, 0xff, 0x5a, 0xff, 0x5b, 0xff, 0x5b, 0xff, 0x3a, 0xff, 0x5b,
  0xff, 0x3a, 0xff, 0x3b, 0xff, 0x5a, 0xff, 0x5a, 0xae, 0x18, 0x8d, 0x55,
  0x8c, 0xf3, 0xc6, 0xba, 0xff, 0x7a, 0xff, 0x5a, 0xff, 0x3a, 0xff, 0x5b,
  0xff, 0x3a, 0xf7, 0x3a, 0xee, 0xd9, 0xd6, 0x37, 0xac, 0xd3, 0x7b, 0x8f,
  0x62, 0xcd, 0x5a, 0xad, 0x52, 0xad, 0x52, 0xad, 0x52, 0x0b, 0x83, 0xd2,
  0x93, 0xd2, 0x5a, 0x2c, 0x52, 0x8c, 0x52, 0xad, 0x5a, 0xad, 0x52, 0xad,
  0x52, 0xad, 0x4a, 0x6d, 0x52, 0x6b, 0x7b, 0xd1, 0xe6, 0x57, 0xff, 0x9c,
  0xff, 0x3a, 0xff, 0x5b, 0xff, 0x3a, 0xff, 0x5b, 0xee, 0xd9, 0xee, 0xf9,
  0xff, 0x3a, 0xff, 0x5b, 0xff, 0x3a, 0xff, 0x5a, 0xff, 0x3a, 0xff, 0x3b,
  0xff, 0x3a, 0xff, 0x5b, 0xff, 0x3a, 0xff, 0x5b, 0xff, 0x5a, 0xff, 0x5b,
  0xff, 0x5a, 0xff, 0x5b, 0xff, 0xbe, 0xff, 0xdf, 0xff, 0xff, 0xff, 0xdf,
  0xff, 0xff, 0xff, 0x7d, 0xff, 0xbf, 0xff, 0xdf, 0xf7, 0x5b, 0xf6, 0xfa,
  0xff, 0x5b, 0xff, 0x3a, 0xff, 0x5b, 0xff, 0x3a, 0xff, 0x3b, 0xff, 0x5b,
  0xff, 0x5b, 0xff, 0x19, 0xef, 0x19, 0xf7, 0x19, 0xef, 0x5b, 0xf7, 0x5b,
  0xf7, 0x9d, 0xff, 0x7d, 0xf7, 0x9e, 0xff, 0x9d, 0xf7, 0x9e, 0xff, 0x7d,
  0xff, 0x9e, 0xff, 0x7d, 0xf7, 0x9d, 0xff, 0x7c, 0xf7, 0x7d, 0xf7, 0x5c,
  0xf7, 0x7d, 0xf7, 0x5c, 0xf7, 0x7d, 0xf7, 0x5c, 0xf7, 0x5c, 0xf7, 0x3c,
  0xf7, 0x5c, 0xf7, 0x3c, 0xef, 0x3c, 0xef, 0x1b, 0xd6, 0xda, 0xd6, 0xd9,
  0xe7, 0x1b, 0xe6, 0xfa, 0xde, 0xfa, 0xde, 0xd9, 0xe6, 0xfa, 0xef, 0x1a,
  0xd6, 0xb7, 0xe6, 0xf8, 0xff, 0x5b, 0xff, 0x3a, 0xff, 0x5b, 0xff, 0x3b,
  0xef, 0x5b, 0xcd, 0xf5, 0xae, 0x37, 0xad, 0xf6, 0xee, 0xf9, 0xff, 0x5b,
  0xff, 0x5b, 0xff, 0x5b, 0xff, 0x5b, 0xff, 0x3a, 0xff, 0x3b, 0xff, 0x3b,
  0xf7, 0x3b, 0xff, 0x3a, 0xff, 0x5b, 0xff, 0x3b, 0xff, 0x3b, 0xff, 0x3a,
  0xe7, 0x7d, 0xa5, 0x34, 0x7c, 0xf4, 0xae, 0x39, 0xff, 0x7b, 0xff, 0x3a,
  0xf7, 0x3b, 0xee, 0xb9, 0xe6, 0x99, 0xde, 0x57, 0x9c, 0xb4, 0x73, 0x2d,
  0x4a, 0x8d, 0x52, 0x8d, 0x52, 0xce, 0x52, 0x8d, 0x42, 0x6d, 0x4a, 0x4c,
  0x4a, 0x6d, 0x42, 0x2b, 0x31, 0xeb, 0x31, 0xca, 0x32, 0x0b, 0x31, 0xea,
  0x32, 0x0b, 0x3a, 0x0b, 0x39, 0xca, 0x4a, 0x2b, 0x6a, 0xae, 0x5a, 0x2b,
  0x4a, 0x0a, 0xac, 0xf5, 0xff, 0x9c, 0xff, 0x3a, 0xff, 0x5b, 0xff, 0x7b,
  0xee, 0xfa, 0xee, 0x99, 0xf7, 0x1a, 0xff, 0x3b, 0xf7, 0x3a, 0xff, 0x3a,
  0xff, 0x5b, 0xff, 0x3a, 0xf7, 0x3b, 0xff, 0x3a, 0xff, 0x5b, 0xff, 0x3a,
  0xff, 0x3b, 0xff, 0x3a, 0xff, 0x5b, 0xff, 0x3a, 0xff, 0x9d, 0xff, 0xff,
  0xff, 0xdf, 0xff, 0xdf, 0xff, 0xde, 0xff, 0xbd, 0xff, 0x9d, 0xff, 0xff,
  0xff, 0xbc, 0xef, 0x1a, 0xff, 0x5a, 0xff, 0x5a, 0xff, 0x5b, 0xff, 0x5b,
  0xff, 0x5a, 0xff, 0x3a, 0xee, 0xf7, 0xef, 0x39, 0xff, 0x7c, 0xff, 0xbd,
  0xff, 0x9d, 0xff, 0x9e, 0xff, 0x9d, 0xff, 0x9d, 0xff, 0x7d, 0xff, 0x9d,
  0xff, 0x7c, 0xf7, 0x7d, 0xff, 0x7d, 0xf7, 0x7d, 0xff, 0x7c, 0xf7, 0x9d,
  0xff, 0x5c, 0xf7, 0x7c, 0xff, 0x5c, 0xf7, 0x7d, 0xff, 0x5c, 0xf7, 0x7c,
  0xf7, 0x5c, 0xf7, 0x7c, 0xf7, 0x3b, 0xef, 0x3b, 0xef, 0x5b, 0xde, 0xda,
  0xde, 0xb9, 0xe7, 0x1b, 0xee, 0xfa, 0xde, 0xda, 0xde, 0xda, 0xe7, 0x1b,
  0xe6, 0xf9, 0xde, 0xd9, 0xf7, 0x19, 0xff, 0x7b, 0xff, 0x3a, 0xff, 0x5a,
  0xff, 0x3a, 0xff, 0x5a, 0xff, 0x7a, 0xf7, 0x19, 0xae, 0x16, 0xae, 0x37,
  0xce, 0x36, 0xf7, 0x9c, 0xff, 0x1a, 0xff, 0x3b, 0xff, 0x3a, 0xff, 0x5b,
  0xff, 0x5b, 0xff, 0x5b, 0xff, 0x3a, 0xff, 0x5b, 0xff, 0x3a, 0xff, 0x3b,
  0xff, 0x3a, 0xff, 0x5a, 0xf7, 0x9d, 0xb5, 0xb5, 0x7c, 0xb3, 0xa6, 0x19,
  0xff, 0x7b, 0xe6, 0xb8, 0xe6, 0x77, 0xde, 0x78, 0xb5, 0x35, 0x73, 0x4e,
  0x4a, 0x4c, 0x4a, 0x6d, 0x52, 0x8d, 0x52, 0x8d, 0x42, 0x2b, 0x3a, 0x2b,
  0x4a, 0x4b, 0x42, 0x4c, 0x42, 0x4c, 0x31, 0xeb, 0x29, 0xa9, 0x29, 0xca,
  0x29, 0xca, 0x29, 0xca, 0x31, 0xca, 0x21, 0x69, 0xa3, 0x4c, 0xed, 0xf7,
  0xfd, 0x94, 0xf5, 0x53, 0xa3, 0xd1, 0x59, 0xc9, 0xac, 0xf2, 0xff, 0xbd,
  0xff, 0x19, 0xff, 0x5b, 0xf6, 0xf9, 0xe6, 0x98, 0xff, 0x3a, 0xff, 0x5b,
  0xff, 0x3a, 0xff, 0x5b, 0xff, 0x3a, 0xff, 0x3a, 0xff, 0x5a, 0xff, 0x5b,
  0xff, 0x5a, 0xff, 0x5b, 0xff, 0x3a, 0xff, 0x5b, 0xff, 0x3a, 0xff, 0x5b,
  0xf7, 0x7d, 0xff, 0xde, 0xff, 0xdf, 0xff, 0xdf, 0xff, 0xdf, 0xff, 0xbe,
  0xf7, 0x7d, 0xff, 0xbe, 0xff, 0xde, 0xef, 0x1a, 0xf7, 0x3a, 0xff, 0x3a,
  0xff, 0x3b, 0xff, 0x3a, 0xef, 0x19, 0xee, 0xd8, 0xf7, 0x7d, 0xff, 0x9d,
  0xff, 0x9e, 0xff, 0x9d, 0xff, 0x9d, 0xff, 0x7d, 0xf7, 0x9d, 0xff, 0x9d,
  0xf7, 0x9d, 0xff, 0x7d, 0xf7, 0x9d, 0xff, 0x7d, 0xf7, 0x9d, 0xff, 0x7d,
  0xf7, 0x7d, 0xff, 0x7d, 0xf7, 0x7d, 0xf7, 0x5c, 0xf7, 0x7d, 0xf7, 0x5c,
  0xf7, 0x5c, 0xf7, 0x5c, 0xf7, 0x5c, 0xf7, 0x5c, 0xef, 0x1b, 0xf7, 0x3c,
  0xdf, 0x1b, 0xd6, 0xb9, 0xe7, 0x1b, 0xe6, 0xfa, 0xde, 0xfb, 0xe6, 0xfa,
  0xe7, 0x1b, 0xde, 0xb9, 0xde, 0xb8, 0xf7, 0x3a, 0xff, 0x5b, 0xff, 0x3a,
  0xff, 0x5b, 0xff, 0x3a, 0xff, 0x5b, 0xff, 0x3a, 0xff, 0x3a, 0xff, 0x5b,
  0xc6, 0xb9, 0xad, 0xf6, 0xad, 0xd5, 0xdf, 0x1a, 0xff, 0x5b, 0xff, 0x3a,
  0xff, 0x5b, 0xff, 0x3a, 0xff, 0x5b, 0xff, 0x3a, 0xff, 0x5b, 0xff, 0x3b,
  0xff, 0x3b, 0xff, 0x3b, 0xff, 0x5b, 0xff, 0x3a, 0xf7, 0x9d, 0xc5, 0xf6,
  0x7c, 0xf4, 0x9d, 0xb7, 0xde, 0x98, 0xe6, 0x78, 0xce, 0x39, 0x8b, 0xef,
  0x42, 0x4c, 0x4a, 0x4c, 0x4a, 0x6c, 0x52, 0x6c, 0x3a, 0x2c, 0x31, 0xca,
  0x3a, 0x2b, 0x3a, 0x0b, 0x3a, 0x2b, 0x42, 0x2b, 0x32, 0x0b, 0x29, 0xca,
  0x32, 0x0b, 0x3a, 0x0b, 0x4a, 0x6c, 0x4a, 0x6c, 0x42, 0x6d, 0x3a, 0x0b,
  0x92, 0xcc, 0xed, 0x55, 0xe4, 0xf3, 0xfd, 0xd6, 0xe5, 0x36, 0x8a, 0x6b,
  0x52, 0x4b, 0xcd, 0xf9, 0xff, 0x9c, 0xff, 0x5a, 0xef, 0x1b, 0xe6, 0x78,
  0xf7, 0x3b, 0xff, 0x3b, 0xff, 0x5b, 0xff, 0x3a, 0xff, 0x3b, 0xff, 0x3a,
  0xff, 0x5b, 0xff, 0x5b, 0xff, 0x5b, 0xff, 0x3a, 0xff, 0x5b, 0xff, 0x3a,
  0xff, 0x3b, 0xff, 0x3a, 0xff, 0x9c, 0xff, 0xbd, 0xff, 0xde, 0xff, 0xdf,
  0xff, 0xde, 0xff, 0xde, 0xf7, 0x7c, 0xff, 0xbd, 0xff, 0xde, 0xf7, 0x9d,
  0xee, 0xd8, 0xff, 0x5a, 0xff, 0x3a, 0xef, 0x19, 0xf7, 0x3b, 0xff, 0xde,
  0xff, 0xbe, 0xff, 0x9e, 0xff, 0x9d, 0xff, 0xbe, 0xff, 0x9d, 0xff, 0xbd,
  0xff, 0x9d, 0xff, 0x9d, 0xff, 0x7c, 0xff, 0x9d, 0xff, 0x9d, 0xf7, 0x9d,
  0xff, 0x9d, 0xff, 0x9d, 0xff, 0x7c, 0xf7, 0x7d, 0xff, 0x7c, 0xf7, 0x7d,
  0xff, 0x7c, 0xf7, 0x7c, 0xff, 0x5c, 0xf7, 0x5c, 0xf7, 0x5c, 0xef, 0x3b,
  0xf7, 0x5c, 0xef, 0x7c, 0xde, 0xd9, 0xdf, 0x1a, 0xe6, 0xfa, 0xe6, 0xfa,
  0xe6, 0xfa, 0xe7, 0x1b, 0xde, 0xd8, 0xde, 0xf9, 0xff, 0x5a, 0xff, 0x5a,
  0xff, 0x3a, 0xff, 0x5b, 0xff, 0x3a, 0xff, 0x5b, 0xff, 0x3a, 0xff, 0x3a,
  0xff, 0x1a, 0xff, 0x5b, 0xe7, 0x5b, 0xad, 0xf5, 0xad, 0xd5, 0xbe, 0x98,
  0xff, 0x5a, 0xff, 0x5a, 0xff, 0x5b, 0xff, 0x5b, 0xff, 0x3a, 0xff, 0x5b,
  0xff, 0x3a, 0xff, 0x5b, 0xff, 0x3a, 0xff, 0x5b, 0xff, 0x3a, 0xff, 0x5a,
  0xff, 0x9c, 0xc6, 0x37, 0x7c, 0x92, 0x8d, 0x76, 0xff, 0x1a, 0xd6, 0x16,
  0x63, 0x0e, 0x3a, 0x0a, 0x52, 0x8d, 0x4a, 0x6c, 0x4a, 0x6c, 0x3a, 0x0b,
  0x3a, 0x0a, 0x3a, 0x0b, 0x3a, 0x0b, 0x3a, 0x2b, 0x3a, 0x0b, 0x31, 0xea,
  0x42, 0x0b, 0x4a, 0x8d, 0x62, 0xad, 0x62, 0xee, 0x62, 0xcd, 0x52, 0x8d,
  0x52, 0x8d, 0x52, 0x8d, 0x71, 0xc8, 0xbc, 0x12, 0xdb, 0xf0, 0xec, 0x92,
  0xe4, 0xb3, 0xb3, 0x2e, 0x5a, 0x2a, 0x8b, 0xf1, 0xff, 0x3a, 0xff, 0x7b,
  0xf6, 0xfa, 0xde, 0x78, 0xff, 0x3a, 0xff, 0x5b, 0xff, 0x3a, 0xff, 0x5b,
  0xff, 0x5a, 0xff, 0x5b, 0xff, 0x3a, 0xff, 0x5b, 0xff, 0x5a, 0xff, 0x3a,
  0xff, 0x3a, 0xff, 0x5a, 0xff, 0x3a, 0xff, 0x5a, 0xff, 0xbd, 0xf7, 0x7c,
  0xff, 0xdf, 0xff, 0xbe, 0xff, 0xbf, 0xff, 0xbe, 0xf7, 0xbd, 0xf7, 0x5c,
  0xff, 0xdf, 0xff, 0xbe, 0xee, 0xf9, 0xf7, 0x19, 0xef, 0x3b, 0xff, 0x7c,
  0xff, 0xbe, 0xff, 0x9e, 0xff, 0x9e, 0xff, 0x9d, 0xff, 0xbe, 0xff, 0x7d,
  0xff, 0x9e, 0xff, 0x9d, 0xff, 0x9e, 0xff, 0x9d, 0xf7, 0x9d, 0xff, 0x9d,
  0xf7, 0x9d, 0xff, 0x7d, 0xf7, 0x9d, 0xf7, 0x7d, 0xf7, 0x7d, 0xff, 0x7d,
  0xf7, 0x7d, 0xff, 0x7d, 0xf7, 0x5c, 0xf7, 0x5c, 0xf7, 0x7d, 0xef, 0x3b,
  0xef, 0x3c, 0xf7, 0x3c, 0xef, 0x7c, 0xe6, 0xfb, 0xde, 0xda, 0xe6, 0xfa,
  0xde, 0xfa, 0xe6, 0xfa, 0xdf, 0x1a, 0xde, 0xd9, 0xee, 0xf9, 0xff, 0x5a,
  0xff, 0x3b, 0xff, 0x3a, 0xff, 0x5b, 0xff, 0x3a, 0xf7, 0x3b, 0xff, 0x3a,
  0xff, 0x5b, 0xff, 0x3a, 0xff, 0x3a, 0xff, 0x1a, 0xef, 0x9c, 0xc6, 0x16,
  0x9d, 0xd6, 0xa6, 0x17, 0xff, 0x5b, 0xff, 0x3a, 0xf7, 0x3b, 0xff, 0x3a,
  0xff, 0x5b, 0xff, 0x3a, 0xff, 0x5b, 0xff, 0x3b, 0xff, 0x5b, 0xff, 0x3b,
  0xff, 0x3b, 0xff, 0x1a, 0xf7, 0xbd, 0xb5, 0x95, 0x6c, 0x32, 0x84, 0xb4,
  0x8c, 0x53, 0x5a, 0x6b, 0x3a, 0x0b, 0x52, 0xad, 0x42, 0x4c, 0x4a, 0x4c,
  0x3a, 0x0b, 0x39, 0xea, 0x32, 0x0b, 0x39, 0xea, 0x32, 0x0b, 0x3a, 0x0b,
  0x42, 0x2c, 0x4a, 0x6c, 0x5a, 0xce, 0x5a, 0x8d, 0x5a, 0xce, 0x5a, 0xad,
  0x52, 0xad, 0x62, 0xce, 0x5a, 0xee, 0x62, 0xee, 0x6a, 0x6c, 0x83, 0x0e,
  0xdc, 0x32, 0xdc, 0x11, 0xec, 0xf4, 0xe4, 0x92, 0x7b, 0x2f, 0x72, 0xcd,
  0xd6, 0x58, 0xff, 0x9c, 0xd6, 0x57, 0xee, 0xb9, 0xff, 0x5b, 0xff, 0x1a,
  0xff, 0x5b, 0xff, 0x3a, 0xff, 0x5b, 0xff, 0x3a, 0xf7, 0x3b, 0xff, 0x3a,
  0xff, 0x5b, 0xff, 0x1a, 0xff, 0x5b, 0xff, 0x3a, 0xf7, 0x3b, 0xff, 0x3a,
  0xff, 0xde, 0xf7, 0x7c, 0xff, 0xbd, 0xff, 0xfe, 0xff, 0xbe, 0xff, 0xde,
  0xff, 0xdd, 0xf7, 0x7c, 0xf7, 0x5c, 0xff, 0xfe, 0xff, 0x9c, 0xde, 0xd9,
  0xff, 0x9d, 0xff, 0xde, 0xff, 0x9d, 0xff, 0x9d, 0xff, 0x9d, 0xff, 0xbe,
  0xff, 0x9d, 0xff, 0xbd, 0xff, 0x9d, 0xff, 0xbd, 0xff, 0x9d, 0xff, 0x9d,
  0xff, 0x9d, 0xff, 0xbd, 0xff, 0x9d, 0xf7, 0x9d, 0xff, 0x7c, 0xf7, 0x9d,
  0xff, 0x7c, 0xf7, 0x7d, 0xff, 0x7c, 0xf7, 0x9d, 0xf7, 0x5c, 0xef, 0x5c,
  0xf7, 0x3b, 0xf7, 0x5c, 0xf7, 0x5b, 0xf7, 0x7c, 0xef, 0x5b, 0xd6, 0xd9,
  0xe6, 0xfa, 0xde, 0xfa, 0xe7, 0x1a, 0xe6, 0xfa, 0xde, 0x97, 0xef, 0x39,
  0xff, 0x3a, 0xff, 0x5a, 0xff, 0x3a, 0xff, 0x5b, 0xff, 0x5a, 0xff, 0x5b,
  0xff, 0x3a, 0xf7, 0x3a, 0xff, 0x3a, 0xff, 0x5b, 0xff, 0x3a, 0xff, 0x3a,
  0xff, 0x7b, 0xde, 0x98, 0x9d, 0xd6, 0x95, 0xb5, 0xee, 0xd8, 0xf7, 0x7b,
  0xff, 0x5a, 0xff, 0x5b, 0xff, 0x3a, 0xff, 0x5b, 0xff, 0x3a, 0xff, 0x5b,
  0xff, 0x3a, 0xff, 0x5b, 0xff, 0x3a, 0xff, 0x7b, 0xf7, 0x1b, 0x9c, 0xb1,
  0x63, 0x0f, 0x52, 0xad, 0x42, 0x2b, 0x3a, 0x0b, 0x52, 0x8c, 0x4a, 0x6c,
  0x42, 0x4c, 0x32, 0x0b, 0x3a, 0x0a, 0x3a, 0x2b, 0x39, 0xea, 0x32, 0x0b,
  0x42, 0x2b, 0x3a, 0x2b, 0x52, 0x8d, 0x52, 0xad, 0x52, 0x4c, 0x52, 0x8d,
  0x5a, 0xad, 0x5a, 0xce, 0x62, 0xcd, 0x52, 0x8d, 0x4a, 0x6c, 0x42, 0x2c,
  0x4a, 0x6c, 0x3a, 0x4c, 0x92, 0xab, 0xcc, 0x93, 0xfd, 0x74, 0xfd, 0x95,
  0x93, 0x4e, 0x72, 0x6b, 0xcd, 0xb5, 0xf7, 0x5c, 0xcd, 0xd5, 0xff, 0x5b,
  0xff, 0x3a, 0xff, 0x5a, 0xff, 0x3a, 0xff, 0x5a, 0xff, 0x3a, 0xff, 0x5b,
  0xff, 0x5a, 0xff, 0x5b, 0xff, 0x5a, 0xff, 0x3a, 0xff, 0x1a, 0xff, 0x5a,
  0xff, 0x3a, 0xff, 0x3a, 0xff, 0xde, 0xff, 0x9d, 0xf7, 0x7c, 0xff, 0xdd,
  0xff, 0xbe, 0xff, 0xbe, 0xff, 0xbe, 0xff, 0xbd, 0xef, 0x7c, 0xf7, 0x7c,
  0xf7, 0x9d, 0xf7, 0x7c, 0xff, 0xbe, 0xff, 0x9e, 0xff, 0xbe, 0xff, 0x9d,
  0xff, 0xbe, 0xff, 0x9d, 0xff, 0x9e, 0xff, 0x9d, 0xff, 0x9d, 0xff, 0x9d,
  0xff, 0x9d, 0xff, 0x9d, 0xf7, 0x9d, 0xff, 0x9d, 0xf7, 0x9d, 0xff, 0x7d,
  0xf7, 0x9d, 0xff, 0x7d, 0xff, 0x9e, 0xff, 0x7d, 0xef, 0x5c, 0xf7, 0x5c,
  0xef, 0x5c, 0xf7, 0x3c, 0xf7, 0x7d, 0xf7, 0x5c, 0xf7, 0x5d, 0xf7, 0x5c,
  0xdf, 0x3b, 0xd6, 0xb9, 0xde, 0xfa, 0xe7, 0x1a, 0xde, 0xfa, 0xd6, 0x98,
  0xef, 0x19, 0xff, 0x5a, 0xff, 0x3b, 0xff, 0x3a, 0xff, 0x5b, 0xff, 0x3a,
  0xff, 0x5b, 0xff, 0x5b, 0xff, 0x5b, 0xff, 0x3a, 0xff, 0x3b, 0xff, 0x3a,
  0xff, 0x5b, 0xff, 0x3a, 0xf7, 0x5b, 0xf6, 0xf9, 0x9d, 0xf7, 0x95, 0x95,
  0xce, 0x57, 0xff, 0x7b, 0xff, 0x5b, 0xff, 0x3a, 0xff, 0x5b, 0xff, 0x3a,
  0xff, 0x5b, 0xff, 0x3a, 0xf7, 0x3b, 0xff, 0x3a, 0xff, 0x5b, 0xf6, 0xd9,
  0x94, 0x52, 0x73, 0x0d, 0x5a, 0xef, 0x5a, 0xad, 0x3a, 0x2b, 0x4a, 0x6c,
  0x42, 0x4c, 0x4a, 0x4c, 0x31, 0xeb, 0x31, 0xea, 0x32, 0x0b, 0x39, 0xeb,
  0x32, 0x0b, 0x3a, 0x0b, 0x3a, 0x2c, 0x4a, 0x6c, 0x4a, 0x6d, 0x42, 0x2b,
  0x4a, 0x6c, 0x52, 0x8d, 0x52, 0xae, 0x52, 0x4c, 0x42, 0x6d, 0x42, 0x2b,
  0x42, 0x4c, 0x42, 0x2b, 0x42, 0x6d, 0x42, 0x2c, 0x59, 0xea, 0xac, 0x12,
  0xe4, 0x52, 0xec, 0x31, 0xab, 0xb1, 0x7a, 0x0a, 0xc5, 0xd7, 0xe6, 0x99,
  0xee, 0xf9, 0xff, 0x5b, 0xff, 0x3b, 0xff, 0x3b, 0xf7, 0x3b, 0xff, 0x3a,
  0xf7, 0x3b, 0xff, 0x3a, 0xf7, 0x3b, 0xff, 0x3a, 0xff, 0x5b, 0xff, 0x3a,
  0xf7, 0x3a, 0xff, 0x3a, 0xff, 0x5b, 0xff, 0x3a, 0xff, 0xde, 0xff, 0xde,
  0xff, 0x7b, 0xff, 0x9c, 0xff, 0xdd, 0xff, 0xde, 0xff, 0xbd, 0xff, 0xbd,
  0xff, 0xdc, 0xf7, 0x7b, 0xef, 0x1b, 0xff, 0xde, 0xff, 0x9d, 0xff, 0x9e,
  0xff, 0x9d, 0xff, 0xbe, 0xff, 0xbd, 0xff, 0x9d, 0xff, 0x9d, 0xff, 0x9d,
  0xff, 0x9d, 0xff, 0xbd, 0xff, 0x9d, 0xff, 0xbe, 0xff, 0x9d, 0xff, 0x9d,
  0xff, 0x9d, 0xff, 0xbd, 0xff, 0x9c, 0xf7, 0x7c, 0xef, 0x3b, 0xef, 0x5b,
  0xf7, 0x3b, 0xf7, 0x7c, 0xff, 0x7c, 0xf7, 0x7d, 0xf7, 0x5c, 0xf7, 0x7d,
  0xf7, 0x5c, 0xf7, 0x7d, 0xde, 0xd9, 0xd6, 0xf9, 0xe7, 0x1a, 0xde, 0xfa,
  0xde, 0x97, 0xef, 0x3a, 0xff, 0x5a, 0xff, 0x5a, 0xff, 0x3a, 0xff, 0x5b,
  0xff, 0x5a, 0xff, 0x5b, 0xff, 0x3a, 0xff, 0x5b, 0xff, 0x3a, 0xff, 0x5b,
  0xff, 0x3a, 0xff, 0x5b, 0xff, 0x3a, 0xf7, 0x3a, 0xff, 0x5a, 0xff, 0x5a,
  0xae, 0x37, 0x95, 0xb6, 0xb5, 0xb4, 0xef, 0x9c, 0xff, 0x3a, 0xff, 0x3a,
  0xff, 0x3a, 0xff, 0x5b, 0xff, 0x5a, 0xff, 0x5a, 0xff, 0x3a, 0xff, 0x5a,
  0xf7, 0x3b, 0x94, 0x30, 0x62, 0xcd, 0x6b, 0x0f, 0x5a, 0xcd, 0x42, 0x4b,
  0x42, 0x2b, 0x42, 0x6c, 0x42, 0x2b, 0x3a, 0x0b, 0x39, 0xea, 0x32, 0x0b,
  0x31, 0xea, 0x32, 0x0b, 0x42, 0x2b, 0x42, 0x4c, 0x52, 0x8d, 0x42, 0x4c,
  0x52, 0x4c, 0x62, 0xee, 0x5a, 0xad, 0x52, 0x8d, 0x4a, 0x6c, 0x42, 0x4c,
  0x42, 0x2b, 0x3a, 0x2b, 0x42, 0x0a, 0x3a, 0x2b, 0x32, 0x0b, 0x32, 0x0b,
  0x49, 0x68, 0x83, 0x70, 0xe3, 0xf0, 0xf4, 0xb3, 0xd4, 0xd4, 0x82, 0xab,
  0xb5, 0x13, 0xef, 0x1b, 0xff, 0x7b, 0xff, 0x3a, 0xff, 0x3a, 0xff, 0x5b,
  0xff, 0x3a, 0xff, 0x5a, 0xff, 0x3a, 0xff, 0x5b, 0xff, 0x3a, 0xff, 0x3a,
  0xff, 0x3a, 0xff, 0x5a, 0xff, 0x3a, 0xff, 0x5b, 0xff, 0x3a, 0xff, 0x5b,
  0xff, 0xdf, 0xff, 0xbe, 0xff, 0xdd, 0xf7, 0x5b, 0xff, 0xbd, 0xff, 0xbd,
  0xff, 0xbd, 0xff, 0x9d, 0xff, 0xdd, 0xf7, 0x5b, 0xf7, 0x9d, 0xff, 0xbe,
  0xff, 0xbe, 0xff, 0x9e, 0xff, 0xbe, 0xff, 0x9d, 0xff, 0xbe, 0xff, 0x9d,
  0xff, 0xbe, 0xff, 0x9d, 0xff, 0x9e, 0xff, 0x9d, 0xff, 0x9e, 0xff, 0x7d,
  0xff, 0x9e, 0xff, 0x7d, 0xf7, 0x9d, 0xef, 0x3b, 0xe7, 0x3b, 0xe7, 0x3b,
  0xef, 0x5c, 0xff, 0x9d, 0xf7, 0x9d, 0xff, 0x7c, 0xf7, 0x7d, 0xff, 0x7c,
  0xf7, 0x7d, 0xf7, 0x5c, 0xef, 0x7c, 0xef, 0x3b, 0xd6, 0xd9, 0xde, 0xfa,
  0xd6, 0xfa, 0xce, 0x98, 0xee, 0xf9, 0xff, 0x5a, 0xff, 0x3b, 0xff, 0x3a,
  0xff, 0x5b, 0xff, 0x3a, 0xff, 0x5b, 0xff, 0x3a, 0xff, 0x3b, 0xff, 0x3a,
  0xff, 0x5b, 0xff, 0x3a, 0xff, 0x3b, 0xff, 0x3a, 0xf7, 0x3b, 0xff, 0x3a,
  0xf7, 0x1a, 0xff, 0x5a, 0xbe, 0xb9, 0x9d, 0x95, 0x9d, 0x95, 0xdf, 0x3b,
  0xff, 0x3b, 0xff, 0x3a, 0xff, 0x5b, 0xff, 0x3a, 0xff, 0x5b, 0xff, 0x3a,
  0xff, 0x3a, 0xff, 0x7b, 0xad, 0x35, 0x62, 0xab, 0x73, 0x71, 0x5a, 0xad,
  0x42, 0x6d, 0x39, 0xea, 0x42, 0x6d, 0x42, 0x2b, 0x32, 0x2c, 0x31, 0xca,
  0x31, 0xeb, 0x31, 0xea, 0x31, 0xeb, 0x3a, 0x0b, 0x42, 0x6d, 0x4a, 0x6d,
  0x42, 0x4c, 0x52, 0x6c, 0x5a, 0xee, 0x52, 0x6c, 0x42, 0x6c, 0x42, 0x0b,
  0x3a, 0x0b, 0x3a, 0x0b, 0x32, 0x2b, 0x31, 0xea, 0x31, 0xeb, 0x3a, 0x0b,
  0x29, 0xeb, 0x32, 0x0b, 0x39, 0x89, 0x73, 0x0e, 0xdc, 0x91, 0xf5, 0x13,
  0xed, 0xf8, 0x8a, 0xab, 0x62, 0xec, 0xe6, 0xbb, 0xe6, 0xb8, 0xf6, 0xf9,
  0xff, 0x5b, 0xff, 0x3a, 0xff, 0x5b, 0xff, 0x3a, 0xff, 0x5b, 0xff, 0x5b,
  0xf7, 0x3b, 0xff, 0x3a, 0xff, 0x5b, 0xff, 0x3a, 0xff, 0x5b, 0xff, 0x3a,
  0xff, 0x5b, 0xff, 0x3a, 0xff, 0x9c, 0xff, 0xde, 0xff, 0xdd, 0xff, 0xbd,
  0xf7, 0x5a, 0xff, 0xdc, 0xff, 0xbc, 0xff, 0xbd, 0xff, 0xbc, 0xef, 0x5b,
  0xff, 0x9d, 0xff, 0x9e, 0xff, 0xbe, 0xff, 0xbe, 0xff, 0xbd, 0xff, 0xbd,
  0xff, 0x9d, 0xff, 0xbe, 0xff, 0x9d, 0xff, 0xbe, 0xff, 0x7d, 0xff, 0xbe,
  0xff, 0xbd, 0xff, 0x9d, 0xf7, 0x7b, 0xef, 0x5b, 0xef, 0x3a, 0xef, 0x5b,
  0xff, 0x7c, 0xff, 0x9d, 0xff, 0x9d, 0xff, 0x9d, 0xff, 0x7c, 0xf7, 0x7d,
  0xf7, 0x5c, 0xf7, 0x7c, 0xff, 0x7c, 0xf7, 0x7d, 0xf7, 0x7c, 0xe7, 0x1a,
  0xde, 0xf9, 0xdf, 0x1a, 0xde, 0xb8, 0xd6, 0xd8, 0xff, 0x3a, 0xff, 0x5a,
  0xff, 0x3a, 0xff, 0x5b, 0xff, 0x5a, 0xff, 0x5a, 0xff, 0x5a, 0xff, 0x5a,
  0xff, 0x5a, 0xff, 0x5b, 0xff, 0x3a, 0xff, 0x5b, 0xff, 0x3a, 0xff, 0x5b,
  0xff, 0x3a, 0xff, 0x3a, 0xff, 0x19, 0xff, 0x5a, 0xdf, 0x1a, 0xa5, 0xb5,
  0xa5, 0x95, 0xbe, 0xba, 0xff, 0x5a, 0xff, 0x3a, 0xff, 0x3a, 0xff, 0x5a,
  0xff, 0x5a, 0xff, 0x5b, 0xff, 0x3a, 0xf7, 0x1a, 0x7b, 0x6f, 0x73, 0x4f,
  0x73, 0x2f, 0x5a, 0xce, 0x3a, 0x0b, 0x3a, 0x2c, 0x4a, 0x4c, 0x3a, 0x2b,
  0x31, 0xea, 0x31, 0xeb, 0x31, 0xea, 0x31, 0xea, 0x42, 0x2b, 0x42, 0x6c,
  0x52, 0xad, 0x42, 0x2b, 0x5a, 0x8c, 0x63, 0x0f, 0x52, 0x6c, 0x3a, 0x0b,
  0x42, 0x2b, 0x3a, 0x2b, 0x3a, 0x0b, 0x31, 0xeb, 0x31, 0xea, 0x3a, 0x2b,
  0x42, 0x2b, 0x42, 0x4b, 0x52, 0x6c, 0x73, 0x70, 0x83, 0x50, 0x72, 0xee,
  0xd4, 0x0f, 0xe4, 0xb2, 0xe4, 0xb4, 0xab, 0x0d, 0x39, 0x46, 0xbd, 0x97,
  0xf6, 0xf9, 0xe6, 0xb8, 0xf6, 0xf9, 0xff, 0x5b, 0xff, 0x5a, 0xff, 0x5b,
  0xff, 0x3a, 0xff, 0x5b, 0xff, 0x3a, 0xff, 0x5b, 0xff, 0x3a, 0xff, 0x5b,
  0xff, 0x3a, 0xff, 0x5b, 0xff, 0x5a, 0xff, 0x5a, 0xf7, 0x9d, 0xf7, 0x5c,
  0xff, 0xbd, 0xff, 0xdd, 0xf7, 0x9c, 0xf7, 0x3a, 0xff, 0x9c, 0xff, 0xbc,
  0xf7, 0x9d, 0xf7, 0x3b, 0xff, 0xbf, 0xff, 0x9e, 0xff, 0xbe, 0xff, 0x9e,
  0xff, 0xbe, 0xff, 0x9d, 0xff, 0xbe, 0xff, 0x9d, 0xff, 0xbe, 0xff, 0x9d,
  0xff, 0xbe, 0xff, 0x9d, 0xf7, 0x9c, 0xef, 0x3a, 0xe7, 0x3a, 0xef, 0x5b,
  0xf7, 0x7d, 0xff, 0x9d, 0xff, 0x9d, 0xff, 0x7d, 0xf7, 0x7d, 0xff, 0x7d,
  0xf7, 0x7d, 0xff, 0x7c, 0xf7, 0x7d, 0xf7, 0x5c, 0xf7, 0x7d, 0xff, 0x7d,
  0xef, 0x7c, 0xde, 0xda, 0xd6, 0xfa, 0xd6, 0xb9, 0xde, 0x98, 0xf7, 0x5a,
  0xff, 0x3b, 0xff, 0x3a, 0xf7, 0x3b, 0xff, 0x3a, 0xff, 0x5b, 0xff, 0x3a,
  0xf7, 0x3b, 0xff, 0x3a, 0xff, 0x5b, 0xff, 0x3a, 0xff, 0x3b, 0xff, 0x3a,
  0xff, 0x5b, 0xff, 0x3a, 0xf7, 0x5b, 0xff, 0x3a, 0xff, 0x3b, 0xff, 0x1a,
  0xe7, 0x5c, 0xb5, 0xb5, 0x8d, 0x96, 0xa5, 0xf7, 0xff, 0x5b, 0xff, 0x3a,
  0xff, 0x5b, 0xff, 0x3a, 0xff, 0x5b, 0xff, 0x3a, 0xff, 0x7c, 0xde, 0x37,
  0x62, 0xee, 0x73, 0x4f, 0x5b, 0x0f, 0x5a, 0x8d, 0x31, 0xeb, 0x3a, 0x0b,
  0x42, 0x4c, 0x3a, 0x0b, 0x29, 0xca, 0x31, 0xea, 0x31, 0xeb, 0x31, 0xea,
  0x42, 0x2c, 0x4a, 0x6d, 0x42, 0x2b, 0x52, 0xad, 0x52, 0xae, 0x42, 0x2b,
  0x32, 0x0b, 0x3a, 0x0b, 0x31, 0xeb, 0x39, 0xea, 0x32, 0x0b, 0x31, 0xea,
  0x3a, 0x2c, 0x4a, 0x6c, 0x52, 0x6d, 0x73, 0x2f, 0x6b, 0x50, 0x52, 0x4c,
  0x3a, 0x0b, 0x31, 0xca, 0xb3, 0x6f, 0xd4, 0x52, 0xf5, 0x56, 0xd4, 0x10,
  0x62, 0x6b, 0xc5, 0x36, 0xee, 0xf9, 0xee, 0xd9, 0xee, 0xfa, 0xff, 0x3a,
  0xff, 0x5b, 0xff, 0x3a, 0xf7, 0x3b, 0xff, 0x1a, 0xff, 0x5b, 0xff, 0x3a,
  0xf7, 0x3b, 0xff, 0x3a, 0xf7, 0x3b, 0xff, 0x3a, 0xff, 0x5b, 0xff, 0x3a,
  0xff, 0xbd, 0xf7, 0x9d, 0xf7, 0x5b, 0xf7, 0x7c, 0xff, 0xbc, 0xff, 0xbc,
  0xf7, 0x5a, 0xff, 0xbb, 0xff, 0x9c, 0xef, 0x3b, 0xff, 0xde, 0xff, 0xbe,
  0xff, 0xbe, 0xff, 0xbe, 0xff, 0xbd, 0xff, 0xbd, 0xff, 0x9d, 0xff, 0xbe,
  0xff, 0x9d, 0xff, 0xbd, 0xff, 0x7b, 0xef, 0x5b, 0xef, 0x39, 0xe7, 0x5a,
  0xff, 0x7c, 0xff, 0xbd, 0xff, 0x9d, 0xff, 0x9e, 0xff, 0x7c, 0xff, 0x9d,
  0xff, 0x9d, 0xf7, 0x7d, 0xff, 0x7c, 0xff, 0x9d, 0xff, 0x7c, 0xf7, 0x7d,
  0xff, 0x5c, 0xf7, 0x7d, 0xef, 0x5b, 0xce, 0xb9, 0xde, 0xd8, 0xd6, 0xd8,
  0xff, 0x39, 0xff, 0x5a, 0xff, 0x3a, 0xff, 0x5a, 0xff, 0x5a, 0xff, 0x5b,
  0xff, 0x3a, 0xff, 0x5b, 0xff, 0x5a, 0xff, 0x5b, 0xff, 0x3a, 0xff, 0x5b,
  0xff, 0x5a, 0xff, 0x5b, 0xff, 0x5a, 0xff, 0x5b, 0xff, 0x3a, 0xf7, 0x3a,
  0xff, 0x3a, 0xff, 0x5a, 0xf7, 0x7b, 0xc6, 0x16, 0x95, 0xd6, 0x8d, 0xb6,
  0xf7, 0x19, 0xff, 0x5b, 0xff, 0x3a, 0xff, 0x5b, 0xff, 0x3a, 0xf7, 0x3a,
  0xff, 0x7b, 0xde, 0x37, 0x7b, 0x4f, 0x73, 0x6f, 0x63, 0x0e, 0x52, 0xad,
  0x39, 0xca, 0x3a, 0x2b, 0x4a, 0x4c, 0x31, 0xea, 0x31, 0xea, 0x31, 0xea,
  0x39, 0xea, 0x3a, 0x2b, 0x52, 0x8d, 0x42, 0x2b, 0x5a, 0xad, 0x52, 0xad,
  0x42, 0x2b, 0x3a, 0x2b, 0x3a, 0x0b, 0x32, 0x0b, 0x42, 0x0b, 0x42, 0x2c,
  0x42, 0x4b, 0x42, 0x6c, 0x42, 0x0a, 0x4a, 0x6c, 0x6b, 0x0f, 0x52, 0x6c,
  0x29, 0xca, 0x29, 0xca, 0x41, 0xa9, 0x4a, 0x2b, 0xd4, 0x11, 0xd4, 0x31,
  0xfd, 0xf6, 0xf5, 0x95, 0x6a, 0xab, 0xb4, 0xf4, 0xe6, 0x98, 0xee, 0xfa,
  0xee, 0xb8, 0xff, 0x5b, 0xff, 0x3a, 0xff, 0x3a, 0xff, 0x3a, 0xff, 0x5b,
  0xff, 0x3a, 0xff, 0x5a, 0xff, 0x5a, 0xff, 0x5b, 0xff, 0x3a, 0xff, 0x5b,
  0xff, 0x3a, 0xff, 0x3a, 0xff, 0xbe, 0xff, 0x9e, 0xf7, 0x9d, 0xf7, 0x5c,
  0xef, 0x5b, 0xef, 0x5b, 0xef, 0x7a, 0xef, 0x39, 0xf7, 0x9b, 0xef, 0x39,
  0xf7, 0x9e, 0xff, 0xbe, 0xff, 0xbe, 0xff, 0x9e, 0xff, 0xbe, 0xff, 0x9d,
  0xff, 0xbe, 0xff, 0x9d, 0xff, 0xbd, 0xff, 0x7c, 0xef, 0x5b, 0xef, 0x19,
  0xef, 0x5c, 0xff, 0x9d, 0xff, 0xbe, 0xff, 0x9d, 0xf7, 0x9d, 0xff, 0x7d,
  0xf7, 0x9d, 0xff, 0x7d, 0xf7, 0x9d, 0xff, 0x7d, 0xf7, 0x9d, 0xff, 0x7c,
  0xf7, 0x9d, 0xf7, 0x5c, 0xf7, 0x7d, 0xff, 0x7d, 0xdf, 0x3b, 0xce, 0x98,
  0xde, 0xb8, 0xf7, 0x5a, 0xff, 0x5b, 0xff, 0x3a, 0xff, 0x5b, 0xff, 0x3a,
  0xff, 0x5b, 0xff, 0x5b, 0xff, 0x5b, 0xff, 0x5b, 0xff, 0x5b, 0xff, 0x3a,
  0xff, 0x5b, 0xff, 0x5b, 0xff, 0x5b, 0xff, 0x3a, 0xff, 0x5b, 0xff, 0x3a,
  0xf7, 0x3b, 0xff, 0x3a, 0xff, 0x3b, 0xff, 0x3a, 0xf7, 0x7c, 0xde, 0x77,
  0x8d, 0xd7, 0x85, 0x75, 0xd6, 0x98, 0xff, 0x7c, 0xff, 0x3b, 0xff, 0x3a,
  0xff, 0x7b, 0xff, 0x5a, 0xff, 0x5c, 0xee, 0x98, 0x7b, 0x90, 0x6a, 0xee,
  0x52, 0xce, 0x5a, 0xcd, 0x29, 0xca, 0x42, 0x4c, 0x42, 0x4c, 0x31, 0xaa,
  0x29, 0xeb, 0x31, 0xea, 0x31, 0xeb, 0x4a, 0x6c, 0x42, 0x0b, 0x5a, 0xad,
  0x52, 0xce, 0x41, 0xea, 0x3a, 0x2b, 0x42, 0x2b, 0x42, 0x2c, 0x4a, 0x4c,
  0x52, 0xae, 0x4a, 0x4c, 0x32, 0x0b, 0x31, 0xca, 0x52, 0x8d, 0x62, 0xee,
  0x3a, 0x0b, 0x39, 0xea, 0x42, 0x6d, 0x4a, 0x6c, 0x52, 0x4c, 0x52, 0x2b,
  0xcc, 0x10, 0xfd, 0x96, 0xfe, 0x38, 0xc4, 0x30, 0x41, 0xc9, 0xac, 0xd4,
  0xff, 0x5b, 0xe6, 0x77, 0xe6, 0xb9, 0xff, 0x3b, 0xff, 0x5b, 0xff, 0x3a,
  0xff, 0x5b, 0xff, 0x3a, 0xf7, 0x3b, 0xff, 0x3a, 0xff, 0x5b, 0xff, 0x3a,
  0xff, 0x5b, 0xff, 0x5b, 0xff, 0x5b, 0xff, 0x3a, 0xff, 0xbd, 0xff, 0xbe,
  0xff, 0x9d, 0xff, 0x9d, 0xf7, 0x7c, 0xef, 0x5c, 0xef, 0x3a, 0xe7, 0x3a,
  0xe7, 0x18, 0xe7, 0x39, 0xf7, 0x5b, 0xff, 0xdd, 0xff, 0xbe, 0xff, 0xbe,
  0xff, 0xbd, 0xff, 0xbe, 0xff, 0x9d, 0xff, 0xbd, 0xf7, 0x7b, 0xef, 0x5b,
  0xef, 0x19, 0xef, 0x7b, 0xff, 0xbd, 0xff, 0x9d, 0xff, 0x9d, 0xff, 0xbd,
  0xff, 0x9d, 0xff, 0x9d, 0xff, 0x9c, 0xff, 0x9d, 0xff, 0x7c, 0xff, 0x9d,
  0xff, 0x9c, 0xff, 0x9d, 0xff, 0x7c, 0xf7, 0x9d, 0xf7, 0x7c, 0xf7, 0x7d,
  0xde, 0xd8, 0xde, 0xf8, 0xff, 0x3a, 0xff, 0x5a, 0xff, 0x3a, 0xff, 0x5b,
  0xff, 0x3a, 0xff, 0x5b, 0xff, 0x5a, 0xff, 0x5b, 0xff, 0x3a, 0xff, 0x5b,
  0xff, 0x3a, 0xff, 0x5b, 0xff, 0x5a, 0xff, 0x5b, 0xff, 0x5a, 0xff, 0x5b,
  0xff, 0x3a, 0xff, 0x5a, 0xff, 0x3a, 0xff, 0x5a, 0xff, 0x3a, 0xff, 0x5b,
  0xff, 0x5b, 0xee, 0xf9, 0x95, 0xd7, 0x85, 0x76, 0xbd, 0xd5, 0xef, 0x9d,
  0xff, 0x3a, 0xff, 0x5a, 0xff, 0x5a, 0xff, 0x5b, 0xff, 0x3a, 0xff, 0x3a,
  0x8b, 0xf1, 0x62, 0xcd, 0x52, 0xad, 0x5a, 0xee, 0x31, 0xc9, 0x42, 0x6c,
  0x42, 0x2b, 0x31, 0xca, 0x31, 0xea, 0x29, 0xea, 0x4a, 0x2b, 0x42, 0x4c,
  0x5a, 0x8d, 0x52, 0xad, 0x42, 0x2b, 0x42, 0x6c, 0x4a, 0x4b, 0x4a, 0x8d,
  0x5a, 0xad, 0x52, 0x8d, 0x42, 0x2b, 0x31, 0xea, 0x42, 0x0b, 0x5a, 0xee,
  0x5a, 0xad, 0x3a, 0x0b, 0x4a, 0x4b, 0x52, 0xae, 0x5a, 0xad, 0x5a, 0xcd,
  0x62, 0xad, 0x4a, 0x4c, 0xc4, 0x30, 0xfe, 0x17, 0xa3, 0xb0, 0x82, 0xed,
  0x62, 0x8b, 0xac, 0xf5, 0xff, 0x9c, 0xde, 0x57, 0xee, 0x98, 0xff, 0x7b,
  0xff, 0x3a, 0xff, 0x5a, 0xff, 0x5a, 0xff, 0x5a, 0xff, 0x3a, 0xff, 0x5b,
  0xff, 0x3a, 0xff, 0x5b, 0xff, 0x3a, 0xff, 0x5a, 0xff, 0x3a, 0xff, 0x5b,
  0xff, 0xbe, 0xff, 0x9d, 0xf7, 0x9d, 0xf7, 0x7c, 0xf7, 0x7d, 0xf7, 0x7c,
  0xef, 0x5c, 0xef, 0x3b, 0xe7, 0x5b, 0xe7, 0x19, 0xdf, 0x1a, 0xef, 0x5a,
  0xff, 0xbf, 0xff, 0xbe, 0xff, 0xbe, 0xff, 0x9e, 0xff, 0xbe, 0xff, 0x7c,
  0xef, 0x7b, 0xe7, 0x1a, 0xf7, 0x7d, 0xff, 0xbd, 0xff, 0x9e, 0xff, 0x7d,
  0xff, 0x9d, 0xff, 0x9d, 0xff, 0x9d, 0xff, 0x7d, 0xff, 0x9d, 0xff, 0x9d,
  0xf7, 0x7d, 0xff, 0x7c, 0xf7, 0x9d, 0xff, 0x7d, 0xf7, 0x7d, 0xff, 0x7d,
  0xf7, 0x9d, 0xf7, 0x3c, 0xee, 0xf9, 0xff, 0x3a, 0xff, 0x3b, 0xff, 0x3a,
  0xff, 0x5b, 0xff, 0x3a, 0xff, 0x5b, 0xff, 0x3a, 0xff, 0x5b, 0xff, 0x3a,
  0xff, 0x5b, 0xff, 0x3a, 0xff, 0x5b, 0xff, 0x3a, 0xff, 0x5b, 0xff, 0x3a,
  0xff, 0x5b, 0xff, 0x3a, 0xf7, 0x3b, 0xff, 0x3a, 0xff, 0x5b, 0xff, 0x3a,
  0xff, 0x5b, 0xff, 0x3a, 0xff, 0x3a, 0xff, 0x3a, 0x9e, 0x38, 0x85, 0x55,
  0xa5, 0x95, 0xe7, 0x7c, 0xff, 0x3b, 0xff, 0x3a, 0xf7, 0x3b, 0xff, 0x3b,
  0xff, 0x5b, 0xff, 0x5b, 0xbd, 0x97, 0x6a, 0xcc, 0x52, 0xce, 0x5a, 0xae,
  0x3a, 0x0b, 0x3a, 0x0b, 0x3a, 0x2c, 0x31, 0xca, 0x29, 0xeb, 0x31, 0xea,
  0x42, 0x4c, 0x52, 0x8c, 0x52, 0xce, 0x41, 0xeb, 0x4a, 0x6c, 0x52, 0x8d,
  0x52, 0xce, 0x4a, 0x4c, 0x3a, 0x2c, 0x42, 0x4c, 0x3a, 0x0b, 0x4a, 0x4c,
  0x4a, 0x8d, 0x4a, 0x2c, 0x3a, 0x0b, 0x52, 0x8d, 0x5a, 0xae, 0x5a, 0xad,
  0x52, 0x8d, 0x52, 0x8d, 0x5a, 0xce, 0x52, 0x8d, 0x62, 0x6c, 0x7b, 0x0f,
  0xac, 0xb5, 0xbc, 0xf6, 0x5a, 0x6b, 0xbd, 0x36, 0xff, 0xbd, 0xde, 0x57,
  0xe6, 0xb9, 0xff, 0x5b, 0xff, 0x3b, 0xff, 0x3a, 0xff, 0x5b, 0xff, 0x3a,
  0xf7, 0x3b, 0xff, 0x3a, 0xff, 0x5b, 0xff, 0x3a, 0xff, 0x5b, 0xff, 0x3a,
  0xf7, 0x3b, 0xff, 0x3a, 0xff, 0x9d, 0xff, 0xbd, 0xff, 0x9d, 0xff, 0x9d,
  0xff, 0x7b, 0xf7, 0x7c, 0xf7, 0x7b, 0xef, 0x7b, 0xf7, 0x3a, 0xef, 0x1a,
  0xe7, 0x18, 0xd6, 0xf8, 0xef, 0x3b, 0xff, 0xfe, 0xff, 0x9d, 0xff, 0xbe,
  0xff, 0x9c, 0xf7, 0x7b, 0xef, 0x3a, 0xf7, 0x7b, 0xff, 0xbd, 0xff, 0xbd,
  0xff, 0x9d, 0xff, 0x9d, 0xff, 0x9d, 0xff, 0xbd, 0xff, 0x9d, 0xff, 0x9d,
  0xff, 0x9d, 0xff, 0x9d, 0xff, 0x7c, 0xff, 0x9d, 0xff, 0x9c, 0xff, 0x9d,
  0xff, 0x7c, 0xf7, 0x9d, 0xff, 0x9c, 0xef, 0x5b, 0xff, 0x3a, 0xff, 0x5b,
  0xff, 0x3a, 0xff, 0x3b, 0xff, 0x3a, 0xff, 0x5b, 0xff, 0x3a, 0xff, 0x5b,
  0xff, 0x3a, 0xff, 0x5b, 0xff, 0x3a, 0xff, 0x5b, 0xff, 0x3a, 0xff, 0x5b,
  0xff, 0x3a, 0xff, 0x5a, 0xff, 0x3a, 0xff, 0x5b, 0xff, 0x5a, 0xff, 0x5b,
  0xff, 0x3a, 0xff, 0x5b, 0xff, 0x3a, 0xff, 0x3b, 0xff, 0x3a, 0xff, 0x5b,
  0xbe, 0x99, 0x95, 0x75, 0x95, 0x54, 0xcf, 0x3c, 0xff, 0x5b, 0xff, 0x5a,
  0xff, 0x5b, 0xff, 0x5b, 0xff, 0x5a, 0xff, 0x7b, 0xf6, 0xfb, 0x83, 0xae,
  0x7b, 0x70, 0x73, 0x50, 0x4a, 0x6c, 0x31, 0xea, 0x3a, 0x0a, 0x31, 0xea,
  0x31, 0xc9, 0x3a, 0x2b, 0x5a, 0xad, 0x5a, 0xad, 0x42, 0x0a, 0x4a, 0x6c,
  0x62, 0xce, 0x5a, 0xce, 0x42, 0x2b, 0x42, 0x4c, 0x5a, 0xad, 0x5a, 0xad,
  0x5a, 0xad, 0x42, 0x4c, 0x3a, 0x0a, 0x3a, 0x2b, 0x52, 0x6c, 0x4a, 0x6d,
  0x52, 0x6c, 0x52, 0x8d, 0x52, 0x8d, 0x4a, 0x6c, 0x52, 0x6c, 0x52, 0xae,
  0x83, 0x8f, 0xb5, 0x56, 0xf6, 0xbc, 0xb4, 0xd5, 0x62, 0x4a, 0xcd, 0xb8,
  0xff, 0x7b, 0xe6, 0x78, 0xee, 0xb8, 0xff, 0x5b, 0xff, 0x3a, 0xff, 0x5a,
  0xff, 0x5a, 0xff, 0x5a, 0xff, 0x3a, 0xff, 0x5a, 0xff, 0x3a, 0xff, 0x3a,
  0xff, 0x5a, 0xff, 0x5b, 0xff, 0x3a, 0xff, 0x5b, 0xef, 0x5b, 0xf7, 0x5b,
  0xe7, 0x3a, 0xef, 0x1a, 0xe7, 0x5a, 0xe6, 0xf9, 0xed, 0xf8, 0xe5, 0x56,
  0xe4, 0x35, 0xd3, 0x92, 0xde, 0x57, 0xff, 0x1a, 0xde, 0xf9, 0xef, 0x5a,
  0xff, 0xdf, 0xff, 0x9d, 0xef, 0x7b, 0xef, 0x3a, 0xef, 0x5c, 0xff, 0xbd,
  0xff, 0x9e, 0xff, 0x9d, 0xff, 0x9e, 0xff, 0x9d, 0xf7, 0x9e, 0xff, 0x7d,
  0xf7, 0x9d, 0xff, 0x7d, 0xf7, 0x9d, 0xff, 0x7d, 0xf7, 0x9d, 0xff, 0x9d,
  0xf7, 0x7d, 0xf7, 0x5c, 0xf7, 0x9d, 0xff, 0x7c, 0xf7, 0x7c, 0xef, 0x3b,
  0xff, 0x5b, 0xff, 0x3a, 0xff, 0x3b, 0xff, 0x3a, 0xff, 0x5b, 0xff, 0x3a,
  0xff, 0x3b, 0xff, 0x3a, 0xff, 0x5b, 0xff, 0x3a, 0xf7, 0x3b, 0xff, 0x3a,
  0xff, 0x5b, 0xff, 0x5b, 0xff, 0x5b, 0xff, 0x5b, 0xff, 0x3b, 0xff, 0x3a,
  0xff, 0x5b, 0xff, 0x3b, 0xff, 0x5b, 0xff, 0x3a, 0xff, 0x5b, 0xff, 0x3a,
  0xff, 0x3a, 0xff, 0x3a, 0xce, 0xfb, 0x9d, 0x75, 0x85, 0x35, 0xb6, 0x7a,
  0xff, 0x5b, 0xf6, 0xd9, 0xee, 0xfa, 0xee, 0xb9, 0xee, 0xb9, 0xee, 0xb8,
  0xe6, 0xdb, 0x8b, 0xcf, 0x52, 0x8d, 0x7b, 0x91, 0x42, 0x6c, 0x31, 0xa9,
  0x29, 0xca, 0x29, 0xca, 0x31, 0xca, 0x52, 0x8d, 0x52, 0xce, 0x42, 0x0b,
  0x52, 0x8d, 0x5a, 0xad, 0x52, 0xad, 0x52, 0x8d, 0x62, 0xee, 0x6a, 0xee,
  0x5a, 0xce, 0x52, 0x6c, 0x42, 0x4c, 0x4a, 0x2c, 0x4a, 0x4d, 0x52, 0x4c,
  0x52, 0x8d, 0x4a, 0x4c, 0x4a, 0x6d, 0x4a, 0x4c, 0x42, 0x4d, 0x52, 0x8d,
  0x5a, 0x8d, 0x73, 0x2f, 0x9c, 0x53, 0xac, 0x73, 0xde, 0x3b, 0x93, 0xf1,
  0x6a, 0xcc, 0xee, 0x7a, 0xee, 0xfa, 0xee, 0x98, 0xee, 0xd9, 0xff, 0x3b,
  0xf7, 0x3b, 0xff, 0x3a, 0xff, 0x5b, 0xff, 0x3a, 0xff, 0x5b, 0xff, 0x3a,
  0xff, 0x5b, 0xff, 0x3a, 0xf7, 0x3b, 0xff, 0x3a, 0xff, 0x5b, 0xff, 0x3a,
  0xff, 0x7c, 0xf7, 0x5c, 0xe7, 0x39, 0xef, 0x7b, 0xf6, 0x59, 0xc5, 0x14,
  0xe3, 0xd3, 0xe4, 0x15, 0xdc, 0xf4, 0xed, 0xb7, 0xef, 0x19, 0xef, 0x39,
  0xef, 0x59, 0xde, 0xf8, 0xef, 0x1a, 0xff, 0xbd, 0xef, 0x3a, 0xef, 0x5a,
  0xff, 0x9d, 0xff, 0xbe, 0xff, 0x9d, 0xff, 0xbd, 0xff, 0x9d, 0xff, 0xbd,
  0xff, 0x9d, 0xff, 0x9d, 0xff, 0x9d, 0xff, 0x9d, 0xff, 0x7c, 0xff, 0x9d,
  0xff, 0x9c, 0xff, 0x9d, 0xff, 0x7c, 0xff, 0x9d, 0xff, 0x7d, 0xff, 0x9d,
  0xff, 0x5b, 0xf7, 0x5b, 0xff, 0x5a, 0xff, 0x5a, 0xff, 0x5a, 0xff, 0x5b,
  0xff, 0x5a, 0xff, 0x5b, 0xff, 0x3a, 0xff, 0x5b, 0xff, 0x5a, 0xff, 0x5a,
  0xff, 0x3a, 0xff, 0x5b, 0xff, 0x5a, 0xff, 0x5b, 0xff, 0x3a, 0xff, 0x5b,
  0xff, 0x3a, 0xf7, 0x3a, 0xff, 0x3a, 0xff, 0x7b, 0xff, 0x5b, 0xff, 0x5b,
  0xff, 0x5b, 0xff, 0x5b, 0xff, 0x3a, 0xff, 0x5b, 0xe7, 0x5c, 0xa5, 0x95,
  0x85, 0x14, 0x8d, 0xb7, 0xff, 0x5a, 0xff, 0x5a, 0xff, 0x1a, 0xff, 0x3b,
  0xff, 0x3a, 0xf7, 0x3a, 0xff, 0x1a, 0xe6, 0xb8, 0x73, 0x70, 0x42, 0x0a,
  0x52, 0x8d, 0x52, 0xae, 0x4a, 0x6c, 0x3a, 0x2b, 0x31, 0xa9, 0x52, 0xce,
  0x73, 0x2f, 0x6b, 0x0e, 0x7b, 0x4f, 0x6b, 0x2f, 0x83, 0x70, 0x7b, 0x70,
  0x6a, 0xee, 0x5a, 0xad, 0x62, 0xcd, 0x5a, 0xad, 0x5a, 0x8d, 0x5a, 0xad,
  0x6a, 0xcd, 0x73, 0x2f, 0x7b, 0x2f, 0x6a, 0xee, 0x62, 0xad, 0x5a, 0xce,
  0x6b, 0x0e, 0x6b, 0x0e, 0x7b, 0x4f, 0x8b, 0xf2, 0xbc, 0xd4, 0xe6, 0x3a,
  0xe6, 0x5b, 0x7b, 0x2e, 0x9b, 0x8f, 0xf6, 0xbb, 0xee, 0x97, 0xff, 0x5a,
  0xf6, 0xd9, 0xff, 0x5b, 0xff, 0x3a, 0xff, 0x5b, 0xff, 0x3a, 0xff, 0x5b,
  0xff, 0x3a, 0xff, 0x5a, 0xff, 0x5a, 0xff, 0x5a, 0xff, 0x3a, 0xff, 0x5a,
  0xff, 0x5a, 0xff, 0x5b, 0xf7, 0xbe, 0xff, 0xbd, 0xff, 0xbf, 0xff, 0x1c,
  0xe4, 0x55, 0xec, 0x75, 0xe5, 0x77, 0xf5, 0xd8, 0xde, 0x58, 0xff, 0x1a,
  0xe7, 0x5a, 0xef, 0x7a, 0xfe, 0x3a, 0xd4, 0xb3, 0xbc, 0x53, 0xfe, 0x9b,
  0xe7, 0x5b, 0xef, 0x7b, 0xff, 0xbe, 0xff, 0x9d, 0xff, 0xbe, 0xff, 0x9d,
  0xf7, 0x9d, 0xff, 0x9d, 0xff, 0x9e, 0xff, 0x9d, 0xff, 0x9e, 0xff, 0x9d,
  0xf7, 0x9d, 0xff, 0x7d, 0xf7, 0x9d, 0xff, 0x7c, 0xf7, 0x9d, 0xff, 0x7c,
  0xf7, 0x9d, 0xff, 0x7c, 0xef, 0x1a, 0xf7, 0x3b, 0xff, 0x5b, 0xff, 0x3a,
  0xff, 0x5b, 0xff, 0x3a, 0xff, 0x5b, 0xff, 0x3a, 0xff, 0x5b, 0xff, 0x3a,
  0xff, 0x5b, 0xff, 0x3a, 0xff, 0x5b, 0xff, 0x3a, 0xff, 0x5b, 0xff, 0x3a,
  0xf7, 0x3b, 0xff, 0x3a, 0xff, 0x5b, 0xff, 0x7b, 0xff, 0x9c, 0xf6, 0xd9,
  0xd6, 0x78, 0xd6, 0x17, 0xce, 0x17, 0xd6, 0x17, 0xde, 0x37, 0xe6, 0x78,
  0xe7, 0x3b, 0xbd, 0xf6, 0x7d, 0x57, 0x85, 0x77, 0xee, 0xda, 0xff, 0x3b,
  0xff, 0x7c, 0xff, 0x3a, 0xef, 0x1a, 0xf6, 0xf9, 0xde, 0x78, 0xcd, 0xb5,
  0x7b, 0xb1, 0x52, 0x6c, 0x5a, 0xee, 0x52, 0x6c, 0x52, 0x8d, 0x5a, 0xad,
  0x42, 0x8d, 0x31, 0xca, 0x5a, 0xad, 0x7b, 0x90, 0x73, 0x2f, 0x72, 0xee,
  0x5a, 0xee, 0x52, 0x6c, 0x52, 0x8d, 0x6b, 0x0f, 0x52, 0xae, 0x42, 0x0b,
  0x42, 0x0c, 0x5a, 0xad, 0x52, 0xae, 0x52, 0x6c, 0x4a, 0x4c, 0x52, 0x6c,
  0x4a, 0x8d, 0x52, 0x6d, 0x52, 0x8d, 0x5a, 0x8d, 0x6b, 0x0f, 0x9c, 0x53,
  0xde, 0x19, 0xff, 0x3e, 0xc5, 0x98, 0x72, 0xcd, 0xc4, 0xf5, 0xed, 0xf9,
  0xf7, 0x1a, 0xff, 0x5b, 0xee, 0xd9, 0xff, 0x3b, 0xf7, 0x3b, 0xff, 0x3a,
  0xff, 0x5b, 0xff, 0x3a, 0xf7, 0x3b, 0xff, 0x3a, 0xff, 0x5b, 0xff, 0x3a,
  0xf7, 0x3b, 0xff, 0x3a, 0xf7, 0x3b, 0xff, 0x3a, 0xff, 0xfe, 0xff, 0xff,
  0xff, 0x9f, 0xdd, 0xb7, 0xec, 0xb5, 0xf5, 0x37, 0xed, 0x16, 0xdc, 0xb5,
  0xcc, 0xf3, 0xee, 0x18, 0xff, 0x5b, 0xd5, 0xf6, 0xe3, 0x73, 0xe3, 0x93,
  0xbc, 0x51, 0xed, 0xf8, 0xf7, 0x7b, 0xf7, 0xbc, 0xff, 0x9d, 0xff, 0x9e,
  0xff, 0xbd, 0xff, 0xbe, 0xff, 0x9d, 0xff, 0x9d, 0xff, 0x9d, 0xff, 0x9d,
  0xff, 0x9d, 0xff, 0x9d, 0xff, 0x9d, 0xff, 0x9d, 0xff, 0x9d, 0xff, 0x9d,
  0xff, 0x9c, 0xff, 0x9d, 0xff, 0x9c, 0xef, 0x5c, 0xf7, 0x19, 0xff, 0x5b,
  0xff, 0x5a, 0xff, 0x5b, 0xff, 0x3a, 0xff, 0x5b, 0xff, 0x5a, 0xff, 0x5b,
  0xff, 0x3a, 0xff, 0x5a, 0xff, 0x3a, 0xff, 0x5b, 0xff, 0x3a, 0xff, 0x5a,
  0xff, 0x3a, 0xff, 0x5a, 0xff, 0x5a, 0xff, 0x9b, 0xee, 0xda, 0xc5, 0xb5,
  0x9c, 0x72, 0x73, 0x4e, 0x73, 0x4f, 0x63, 0x0e, 0x62, 0xed, 0x63, 0x0e,
  0x73, 0x4e, 0x73, 0x90, 0x83, 0xd0, 0x8c, 0x31, 0x6c, 0x73, 0x74, 0xf5,
  0xcd, 0xd6, 0xc5, 0xf7, 0xc5, 0x94, 0xcd, 0xd6, 0xf6, 0xf9, 0xf6, 0xfa,
  0x93, 0xf1, 0x73, 0x2e, 0x73, 0x0f, 0x6b, 0x2f, 0x6b, 0x2f, 0x5a, 0xad,
  0x5a, 0xad, 0x52, 0x8d, 0x52, 0x6c, 0x52, 0x8d, 0x42, 0x0b, 0x52, 0xad,
  0x5a, 0xad, 0x52, 0xad, 0x52, 0x8d, 0x52, 0x8d, 0x52, 0x8c, 0x4a, 0x6c,
  0x52, 0x2b, 0x5a, 0xce, 0x62, 0xad, 0x4a, 0x4c, 0x39, 0xea, 0x39, 0xea,
  0x42, 0x0a, 0x3a, 0x0b, 0x52, 0x6c, 0x5a, 0xee, 0x6a, 0xad, 0x83, 0xd2,
  0xcd, 0x76, 0xff, 0x3d, 0xff, 0x5d, 0xff, 0x5d, 0x9b, 0xf2, 0x93, 0xf2,
  0xcd, 0x35, 0xdd, 0xd7, 0xff, 0x9b, 0xf7, 0x3a, 0xee, 0x98, 0xff, 0x5b,
  0xff, 0x3a, 0xff, 0x5b, 0xff, 0x3a, 0xff, 0x3a, 0xff, 0x3a, 0xff, 0x3a,
  0xff, 0x3a, 0xff, 0x5a, 0xff, 0x3a, 0xff, 0x5b, 0xff, 0x3a, 0xff, 0x5a,
  0xff, 0xdf, 0xff, 0xdf, 0xff, 0x5e, 0xe5, 0xb7, 0xe4, 0x14, 0xe3, 0xd3,
  0xdd, 0x36, 0xf5, 0xd8, 0xe6, 0x98, 0xff, 0x3b, 0xec, 0xf7, 0xc3, 0x71,
  0xcc, 0x13, 0xf5, 0x16, 0xd7, 0x17, 0xce, 0xb5, 0xef, 0x5c, 0xff, 0xdd,
  0xff, 0xbe, 0xff, 0x7d, 0xff, 0xbe, 0xff, 0x9d, 0xf7, 0x9e, 0xff, 0x7d,
  0xff, 0x9e, 0xff, 0x9d, 0xff, 0x9e, 0xff, 0x9d, 0xff, 0x9e, 0xff, 0x9d,
  0xf7, 0x9d, 0xff, 0x7d, 0xf7, 0x9d, 0xff, 0x7d, 0xf7, 0x7c, 0xef, 0x1a,
  0xff, 0x5b, 0xff, 0x3a, 0xff, 0x5b, 0xff, 0x3a, 0xf7, 0x3b, 0xff, 0x3a,
  0xff, 0x5b, 0xff, 0x3a, 0xf7, 0x3b, 0xff, 0x3a, 0xf7, 0x3b, 0xff, 0x3a,
  0xff, 0x5b, 0xff, 0x3a, 0xff, 0x5b, 0xff, 0x7b, 0xf7, 0x1b, 0xb5, 0x13,
  0x83, 0xb1, 0x73, 0x0e, 0x6b, 0x0f, 0x73, 0x0f, 0x63, 0x0f, 0x62, 0xee,
  0x5a, 0xee, 0x62, 0xce, 0x5a, 0xee, 0x62, 0xce, 0x5a, 0xce, 0x5a, 0xae,
  0x4a, 0xce, 0x5a, 0xee, 0x9c, 0xb4, 0x94, 0x32, 0x73, 0x50, 0x72, 0xee,
  0x73, 0x4f, 0x83, 0xb1, 0x73, 0x50, 0x7b, 0x70, 0x83, 0xb1, 0x7b, 0x70,
  0x7b, 0x91, 0x73, 0x2f, 0x6b, 0x50, 0x5a, 0xad, 0x4a, 0x8d, 0x4a, 0x6c,
  0x4a, 0x8d, 0x4a, 0x4c, 0x4a, 0x6d, 0x4a, 0x4c, 0x4a, 0x6d, 0x4a, 0x4c,
  0x4a, 0x6d, 0x4a, 0x4c, 0x62, 0xef, 0x52, 0x6d, 0x31, 0xea, 0x39, 0xea,
  0x39, 0xca, 0x4a, 0x0b, 0x82, 0xae, 0xa3, 0xb2, 0x7b, 0x50, 0x8b, 0x91,
  0x8b, 0xd1, 0xc5, 0x37, 0xff, 0x5e, 0xff, 0x1c, 0xff, 0x5e, 0xdd, 0xd8,
  0x7b, 0x50, 0xbc, 0xf6, 0xc5, 0x55, 0xf6, 0xba, 0xff, 0x7b, 0xf7, 0x1a,
  0xee, 0xda, 0xff, 0x3b, 0xf7, 0x3b, 0xff, 0x3a, 0xf7, 0x3b, 0xff, 0x3a,
  0xff, 0x5b, 0xff, 0x3a, 0xf7, 0x3b, 0xff, 0x3a, 0xf7, 0x3b, 0xff, 0x3a,
  0xf7, 0x3b, 0xff, 0x3a, 0xff, 0xde, 0xff, 0xbe, 0xec, 0x75, 0xdc, 0x14,
  0xe5, 0x97, 0xfe, 0x9b, 0xff, 0x7b, 0xf7, 0x9c, 0xff, 0x9b, 0xf7, 0x5b,
  0xd4, 0xd4, 0xdd, 0x15, 0xe6, 0xd7, 0xe7, 0x39, 0xe7, 0x16, 0xce, 0xb5,
  0xef, 0x1a, 0xff, 0xfd, 0xff, 0x9d, 0xff, 0x9e, 0xff, 0x9d, 0xff, 0xbe,
  0xff, 0x9d, 0xff, 0x9d, 0xff, 0x9d, 0xff, 0x9d, 0xff, 0x9d, 0xff, 0x9d,
  0xff, 0x9d, 0xff, 0x9d, 0xff, 0x7c, 0xf7, 0x9d, 0xff, 0x9d, 0xff, 0x9d,
  0xf7, 0x3a, 0xef, 0x3a, 0xff, 0x3a, 0xff, 0x5b, 0xff, 0x3a, 0xff, 0x5a,
  0xff, 0x3a, 0xff, 0x5a, 0xff, 0x3a, 0xff, 0x5b, 0xff, 0x3a, 0xff, 0x5b,
  0xff, 0x3a, 0xff, 0x5a, 0xff, 0x5a, 0xff, 0x5a, 0xff, 0x7b, 0xee, 0xd9,
  0x93, 0xf0, 0xac, 0xd3, 0xcd, 0xb7, 0x83, 0x8f, 0x62, 0xee, 0x5a, 0xce,
  0x5a, 0xad, 0x52, 0x8d, 0x4a, 0x6c, 0x3a, 0x2b, 0x39, 0xea, 0x3a, 0x0b,
  0x3a, 0x0a, 0x3a, 0x2b, 0x42, 0x0b, 0x42, 0x6c, 0x39, 0xea, 0x42, 0x4c,
  0x6b, 0x0e, 0x73, 0x70, 0x6b, 0x0e, 0x52, 0x8d, 0x6b, 0x2f, 0x42, 0x0b,
  0x5a, 0xad, 0x63, 0x0f, 0x72, 0xee, 0x7b, 0x70, 0x7b, 0x4f, 0x73, 0x4f,
  0x6b, 0x0e, 0x4a, 0x4c, 0x52, 0x6c, 0x52, 0xad, 0x52, 0x8c, 0x4a, 0x8c,
  0x5a, 0xad, 0x5a, 0xee, 0x52, 0x6c, 0x5a, 0xce, 0x52, 0x8d, 0x39, 0xeb,
  0x39, 0xea, 0x42, 0x2b, 0x7a, 0x6c, 0xb4, 0x54, 0xfc, 0xd7, 0xfc, 0xd7,
  0xdd, 0x37, 0xc4, 0x74, 0xbc, 0xf4, 0xee, 0xbc, 0xff, 0x1c, 0xfe, 0xfc,
  0xfe, 0xfd, 0x9c, 0x32, 0x9b, 0x90, 0xcd, 0x78, 0xee, 0x17, 0xff, 0x5c,
  0xff, 0x5a, 0xf7, 0x1a, 0xf6, 0xf9, 0xff, 0x5b, 0xff, 0x3a, 0xff, 0x5b,
  0xff, 0x3a, 0xff, 0x5a, 0xff, 0x3a, 0xff, 0x5b, 0xff, 0x3a, 0xff, 0x5b,
  0xff, 0x5a, 0xff, 0x5a, 0xff, 0x5a, 0xff, 0x3a, 0xff, 0xdf, 0xff, 0x9e,
  0xee, 0x5a, 0xff, 0x1d, 0xff, 0xfe, 0xff, 0xbd, 0xf7, 0x9c, 0xf7, 0x3a,
  0xef, 0x3a, 0xef, 0x39, 0xe7, 0x5a, 0xef, 0x5a, 0xe7, 0x59, 0xde, 0xb6,
  0xd6, 0xd6, 0xd6, 0x95, 0xe7, 0x1b, 0xff, 0xdd, 0xff, 0x9e, 0xff, 0x9d,
  0xff, 0xbe, 0xff, 0x9d, 0xff, 0x9e, 0xff, 0x9d, 0xff, 0x9e, 0xff, 0x7d,
  0xff, 0xbe, 0xff, 0x9d, 0xff, 0x9e, 0xff, 0x9d, 0xff, 0x9d, 0xff, 0x7d,
  0xf7, 0x9d, 0xf7, 0x5c, 0xef, 0x1a, 0xff, 0x5b, 0xff, 0x3b, 0xff, 0x3a,
  0xff, 0x5b, 0xff, 0x3a, 0xff, 0x5b, 0xff, 0x3a, 0xff, 0x5b, 0xff, 0x3a,
  0xff, 0x3b, 0xff, 0x5b, 0xff, 0x5b, 0xff, 0x3a, 0xff, 0x3a, 0xff, 0x3a,
  0xf7, 0x1c, 0x9c, 0x10, 0xc5, 0x96, 0xff, 0x9d, 0x9c, 0x94, 0x62, 0x8b,
  0x5a, 0xce, 0x52, 0x6d, 0x32, 0x0b, 0x31, 0xca, 0x29, 0xca, 0x3a, 0x0b,
  0x42, 0x4c, 0x4a, 0x8d, 0x52, 0xad, 0x5a, 0xad, 0x52, 0xae, 0x5a, 0xad,
  0x52, 0xad, 0x52, 0x8d, 0x52, 0x8d, 0x62, 0xce, 0x6b, 0x30, 0x5a, 0x8d,
  0x4a, 0x8d, 0x52, 0x8d, 0x31, 0xca, 0x52, 0x8d, 0x3a, 0x2c, 0x4a, 0x6c,
  0x6b, 0x2f, 0x73, 0x0f, 0x73, 0x70, 0x52, 0x4c, 0x4a, 0x8d, 0x62, 0xee,
  0x62, 0xce, 0x62, 0xce, 0x5a, 0xef, 0x4a, 0x2c, 0x42, 0x4c, 0x52, 0x8d,
  0x29, 0xca, 0x3a, 0x2b, 0x5a, 0x0b, 0x8b, 0x91, 0xec, 0x96, 0xfd, 0x18,
  0xfd, 0xda, 0xfd, 0xd9, 0xf6, 0x3b, 0xe5, 0xb9, 0xe6, 0x3a, 0xfe, 0xfd,
  0xfe, 0xdc, 0xff, 0x1d, 0xbd, 0x37, 0x83, 0x4f, 0xac, 0x94, 0xb4, 0x93,
  0xf7, 0x3a, 0xff, 0x3a, 0xff, 0x5b, 0xee, 0xd9, 0xff, 0x3b, 0xff, 0x3b,
  0xff, 0x3b, 0xff, 0x3a, 0xf7, 0x3b, 0xff, 0x3a, 0xf7, 0x3b, 0xff, 0x3a,
  0xff, 0x5b, 0xff, 0x3a, 0xff, 0x5b, 0xff, 0x3a, 0xff, 0x5b, 0xff, 0x3a,
  0xff, 0xde, 0xff, 0xff, 0xff, 0xfe, 0xff, 0xde, 0xff, 0x9c, 0xff, 0x9d,
  0xff, 0x7b, 0xef, 0x5a, 0xff, 0x7a, 0xef, 0x5a, 0xe6, 0xf7, 0xde, 0xf7,
  0xe7, 0x17, 0xde, 0xf7, 0xd6, 0xb5, 0xce, 0xb5, 0xe6, 0xf9, 0xff, 0xfd,
  0xff, 0xbe, 0xff, 0xbe, 0xff, 0x9d, 0xff, 0xbd, 0xff, 0x9d, 0xff, 0xbd,
  0xff, 0x9d, 0xff, 0xbe, 0xff, 0x9d, 0xff, 0x9d, 0xff, 0x9d, 0xff, 0x9d,
  0xff, 0x9d, 0xff, 0x9d, 0xf7, 0x7c, 0xe7, 0x1a, 0xff, 0x3a, 0xff, 0x5b,
  0xff, 0x3a, 0xff, 0x5b, 0xff, 0x5a, 0xff, 0x5b, 0xff, 0x3a, 0xff, 0x5b,
  0xff, 0x5a, 0xff, 0x5b, 0xff, 0x3a, 0xff, 0x5a, 0xff, 0x5a, 0xff, 0x3a,
  0xff, 0x3a, 0xff, 0x9c, 0xcd, 0xb6, 0xac, 0xd3, 0xff, 0xbc, 0xf7, 0x1a,
  0x6b, 0x0e, 0x62, 0xce, 0x42, 0x4c, 0x29, 0xaa, 0x39, 0xea, 0x3a, 0x4c,
  0x5a, 0xad, 0x63, 0x0f, 0x5a, 0xcd, 0x52, 0xad, 0x4a, 0x6c, 0x42, 0x4c,
  0x42, 0x4b, 0x42, 0x4c, 0x4a, 0x4c, 0x4a, 0x8d, 0x5a, 0xad, 0x52, 0x8d,
  0x5a, 0xad, 0x63, 0x0e, 0x52, 0x6c, 0x63, 0x0f, 0x4a, 0x4b, 0x42, 0x4c,
  0x5a, 0xee, 0x52, 0xad, 0x42, 0x0a, 0x5a, 0xee, 0x73, 0x2f, 0x52, 0x8d,
  0x4a, 0x2b, 0x5a, 0xee, 0x5a, 0x8c, 0x52, 0xad, 0x42, 0x2b, 0x42, 0x4c,
  0x62, 0xee, 0x4a, 0x6c, 0x3a, 0x0a, 0x3a, 0x2b, 0xab, 0x50, 0xf5, 0xba,
  0xfd, 0x38, 0xfd, 0x38, 0xfd, 0x58, 0xfd, 0x99, 0xf6, 0x5a, 0xf6, 0x7b,
  0xfe, 0xbb, 0xfe, 0xfc, 0xfe, 0xfc, 0xe5, 0xf9, 0x8b, 0x70, 0xa4, 0x54,
  0xee, 0x19, 0xdd, 0xb7, 0xff, 0x9b, 0xff, 0x5b, 0xff, 0x3a, 0xee, 0xf9,
  0xff, 0x3a, 0xff, 0x5b, 0xff, 0x3a, 0xff, 0x3b, 0xff, 0x5a, 0xff, 0x5b,
  0xff, 0x3a, 0xff, 0x5a, 0xff, 0x5a, 0xff, 0x5b, 0xff, 0x3a, 0xff, 0x5b,
  0xff, 0x3a, 0xff, 0x5b, 0xff, 0xff, 0xff, 0xdf, 0xff, 0xde, 0xff, 0xbd,
  0xff, 0x9d, 0xff, 0x9d, 0xf7, 0x7b, 0xff, 0x5b, 0xff, 0x9d, 0xff, 0x7c,
  0xdf, 0x18, 0xde, 0xf7, 0xde, 0xf7, 0xde, 0xb6, 0xde, 0xd7, 0xde, 0xd6,
  0xd6, 0xb9, 0xff, 0xbc, 0xff, 0xbe, 0xff, 0x9e, 0xff, 0xbe, 0xff, 0x9d,
  0xff, 0x9e, 0xff, 0x9d, 0xf7, 0x9e, 0xff, 0x9d, 0xf7, 0x9e, 0xff, 0x7d,
  0xff, 0x9e, 0xff, 0x7d, 0xf7, 0x9e, 0xff, 0x9d, 0xef, 0x1a, 0xf7, 0x3a,
  0xff, 0x5b, 0xff, 0x3a, 0xff, 0x3b, 0xff, 0x3a, 0xff, 0x3b, 0xff, 0x3a,
  0xff, 0x5b, 0xff, 0x3a, 0xff, 0x5b, 0xff, 0x3a, 0xff, 0x3b, 0xff, 0x3a,
  0xff, 0x5b, 0xff, 0x3a, 0xf7, 0x3b, 0xff, 0x7b, 0xc5, 0x75, 0xc5, 0x75,
  0xff, 0xbd, 0xe6, 0x78, 0x63, 0x0f, 0x5a, 0x8c, 0x29, 0xca, 0x3a, 0x0b,
  0x4a, 0x8d, 0x5a, 0xce, 0x52, 0xad, 0x52, 0x8d, 0x42, 0x4c, 0x4a, 0x4c,
  0x42, 0x6d, 0x4a, 0x4c, 0x4a, 0x6d, 0x52, 0x6d, 0x52, 0x8d, 0x52, 0x6d,
  0x52, 0xad, 0x52, 0xad, 0x52, 0x8d, 0x5a, 0xcd, 0x4a, 0x6c, 0x5a, 0xce,
  0x5a, 0xee, 0x4a, 0x4c, 0x4a, 0x6d, 0x5a, 0xee, 0x52, 0xad, 0x4a, 0x4c,
  0x4a, 0xad, 0x3a, 0x0b, 0x3a, 0x0b, 0x63, 0x0f, 0x5a, 0xae, 0x52, 0x6c,
  0x5a, 0xae, 0x62, 0xce, 0x4a, 0x8d, 0x39, 0xea, 0x42, 0x0b, 0x63, 0x0f,
  0xed, 0x38, 0xfd, 0x99, 0xfe, 0x5b, 0xfd, 0xfa, 0xf5, 0x59, 0xfd, 0x79,
  0xff, 0x1d, 0xee, 0x5a, 0xf6, 0x9b, 0xff, 0x1d, 0xf6, 0x7c, 0xac, 0x33,
  0x8b, 0x90, 0xcd, 0x78, 0xfe, 0x9c, 0xed, 0x57, 0xff, 0x3b, 0xff, 0x3b,
  0xee, 0xfa, 0xff, 0x1a, 0xff, 0x5b, 0xff, 0x3b, 0xf7, 0x3b, 0xff, 0x3b,
  0xff, 0x3b, 0xff, 0x1a, 0xff, 0x5b, 0xff, 0x3a, 0xff, 0x5b, 0xff, 0x3a,
  0xf7, 0x3b, 0xff, 0x3a, 0xff, 0x3b, 0xff, 0x3b, 0xff, 0xdf, 0xff, 0xff,
  0xff, 0xde, 0xff, 0xbe, 0xff, 0xbd, 0xff, 0xde, 0xff, 0xdc, 0xef, 0x3a,
  0xf7, 0x59, 0xff, 0xdc, 0xe6, 0xf7, 0xe7, 0x18, 0xe6, 0xf7, 0xe7, 0x18,
  0xe7, 0x17, 0xdf, 0x17, 0xd6, 0xb7, 0xef, 0x9b, 0xff, 0xbe, 0xff, 0xbe,
  0xff, 0x9d, 0xff, 0x9d, 0xff, 0x9d, 0xff, 0xbe, 0xff, 0x9d, 0xff, 0xbd,
  0xff, 0x9d, 0xff, 0xbd, 0xff, 0x9d, 0xff, 0x9d, 0xff, 0x9c, 0xef, 0x3b,
  0xf7, 0x19, 0xff, 0x5a, 0xff, 0x3a, 0xff, 0x3a, 0xff, 0x3a, 0xff, 0x5b,
  0xff, 0x3a, 0xff, 0x5b, 0xff, 0x3a, 0xff, 0x5b, 0xff, 0x5a, 0xff, 0x5b,
  0xff, 0x3a, 0xff, 0x5a, 0xff, 0x3a, 0xff, 0x5b, 0xff, 0x3a, 0xff, 0x7b,
  0xe6, 0x58, 0xc5, 0x75, 0xff, 0xbc, 0xcd, 0xf6, 0x8c, 0x52, 0x42, 0x0a,
  0x42, 0x0b, 0x52, 0xce, 0x62, 0xcd, 0x52, 0xad, 0x5a, 0xcd, 0x5a, 0xee,
  0x62, 0xcd, 0x5a, 0xce, 0x52, 0x8c, 0x4a, 0x6c, 0x42, 0x2b, 0x42, 0x4c,
  0x3a, 0x0a, 0x3a, 0x2b, 0x3a, 0x0b, 0x3a, 0x2c, 0x42, 0x0b, 0x52, 0xce,
  0x4a, 0x4c, 0x4a, 0x4c, 0x62, 0xee, 0x5a, 0xce, 0x52, 0xad, 0x4a, 0x6c,
  0x63, 0x0e, 0x52, 0x8d, 0x42, 0x2b, 0x3a, 0x2b, 0x4a, 0x2b, 0x5a, 0xee,
  0x6a, 0xee, 0x6b, 0x0f, 0x5a, 0xad, 0x4a, 0x4c, 0x39, 0xea, 0x42, 0x4c,
  0x62, 0x8c, 0x94, 0x73, 0xfe, 0x1a, 0xfe, 0x3a, 0xfe, 0x3a, 0xfe, 0x9c,
  0xf5, 0x98, 0xfd, 0xd9, 0xff, 0x5d, 0xee, 0xbb, 0xfe, 0x9b, 0xf6, 0x9b,
  0xc4, 0xf6, 0xa4, 0x33, 0xac, 0x32, 0xfe, 0xbc, 0xfe, 0x1a, 0xed, 0x16,
  0xff, 0x1a, 0xff, 0x1a, 0xf7, 0x1a, 0xff, 0x5b, 0xff, 0x3a, 0xff, 0x5b,
  0xff, 0x3a, 0xff, 0x5b, 0xff, 0x3a, 0xff, 0x5a, 0xff, 0x5a, 0xff, 0x5b,
  0xff, 0x3a, 0xff, 0x5b, 0xff, 0x5a, 0xff, 0x5b, 0xff, 0x3a, 0xff, 0x3b,
  0xff, 0xdf, 0xff, 0xdf, 0xff, 0xff, 0xff, 0xff, 0xff, 0x9e, 0xf6, 0xdb,
  0xed, 0xd8, 0xe5, 0x56, 0xe5, 0xf7, 0xcd, 0x13, 0xd6, 0x57, 0xee, 0xf9,
  0xe7, 0x39, 0xef, 0x39, 0xcc, 0xb3, 0xdc, 0xf4, 0xdf, 0x1a, 0xde, 0xf9,
  0xff, 0xbe, 0xff, 0x9e, 0xff, 0x9e, 0xff, 0x9e, 0xf7, 0x9e, 0xff, 0x9d,
  0xf7, 0x9d, 0xff, 0x9d, 0xff, 0xbe, 0xff, 0x9d, 0xff, 0xbe, 0xff, 0x9d,
  0xe7, 0x1a, 0xee, 0xf9, 0xff, 0x5b, 0xff, 0x1a, 0xf7, 0x3a, 0xff, 0x3a,
  0xff, 0x5b, 0xff, 0x3a, 0xff, 0x5b, 0xff, 0x3a, 0xff, 0x3b, 0xff, 0x3a,
  0xff, 0x5b, 0xff, 0x3a, 0xf7, 0x3b, 0xff, 0x1a, 0xff, 0x3b, 0xff, 0x3a,
  0xff, 0x3b, 0xff, 0x3a, 0xff, 0x7c, 0xe6, 0x98, 0xee, 0xda, 0xde, 0x37,
  0xde, 0x9a, 0x8b, 0xf0, 0x42, 0x4c, 0x52, 0xad, 0x5a, 0xae, 0x5a, 0xce,
  0x5a, 0xee, 0x5a, 0xcd, 0x42, 0x4c, 0x3a, 0x0b, 0x42, 0x4c, 0x4a, 0x4c,
  0x42, 0x4c, 0x52, 0x8d, 0x4a, 0x8d, 0x52, 0x6d, 0x3a, 0x2c, 0x42, 0x2b,
  0x31, 0xeb, 0x4a, 0x6c, 0x4a, 0x8d, 0x39, 0xea, 0x52, 0xae, 0x62, 0xee,
  0x52, 0xce, 0x4a, 0x2c, 0x5b, 0x2f, 0x3a, 0x0b, 0x32, 0x0b, 0x3a, 0x2b,
  0x32, 0x0b, 0x39, 0xeb, 0x3a, 0x0b, 0x42, 0x2b, 0x32, 0x0b, 0x39, 0xea,
  0x4a, 0x4c, 0x62, 0xce, 0x83, 0xd1, 0xbd, 0x36, 0xfe, 0xfd, 0xf5, 0xf9,
  0xfe, 0x9c, 0xfe, 0xbc, 0xfe, 0x9c, 0xf5, 0xf9, 0xff, 0x5e, 0xfe, 0xfc,
  0xe6, 0x3a, 0xd5, 0x97, 0xc5, 0x17, 0xa3, 0xf2, 0xdd, 0x98, 0xfe, 0xdd,
  0xfe, 0x3b, 0xf5, 0x78, 0xee, 0x79, 0xff, 0x1b, 0xff, 0x5b, 0xff, 0x3b,
  0xf7, 0x3b, 0xff, 0x3b, 0xf7, 0x3b, 0xff, 0x3b, 0xff, 0x5b, 0xff, 0x5b,
  0xf7, 0x3b, 0xff, 0x3a, 0xff, 0x5b, 0xff, 0x3a, 0xff, 0x5b, 0xff, 0x3a,
  0xf7, 0x3b, 0xff, 0x3a, 0xff, 0xff, 0xff, 0xff, 0xff, 0x9e, 0xee, 0x7a,
  0xf4, 0x55, 0xdb, 0xf3, 0xe4, 0x94, 0xe4, 0xb5, 0xd4, 0x93, 0xe5, 0x35,
  0xe7, 0x39, 0xe7, 0x7a, 0xfe, 0xb9, 0xcd, 0x33, 0xc3, 0x90, 0xf5, 0x58,
  0xdf, 0x39, 0xe7, 0x9b, 0xf7, 0x5c, 0xff, 0xbd, 0xff, 0xbe, 0xff, 0xbe,
  0xff, 0x9d, 0xff, 0xbd, 0xff, 0x9d, 0xff, 0xbe, 0xff, 0x9d, 0xff, 0xbe,
  0xf7, 0x9c, 0xe7, 0x1a, 0xf7, 0x19, 0xf7, 0x5a, 0xff, 0x5a, 0xff, 0x5b,
  0xff, 0x3a, 0xff, 0x3a, 0xff, 0x3a, 0xff, 0x5b, 0xff, 0x3a, 0xff, 0x5b,
  0xff, 0x3a, 0xff, 0x5b, 0xff, 0x3a, 0xff, 0x5a, 0xff, 0x5a, 0xff, 0x7b,
  0xff, 0x3a, 0xff, 0x5b, 0xff, 0x3a, 0xff, 0x5b, 0xff, 0x3a, 0xf7, 0x3a,
  0xf6, 0xfa, 0xee, 0xfa, 0xd6, 0x17, 0xbd, 0xb6, 0x5a, 0x6c, 0x63, 0x0f,
  0x62, 0xee, 0x5a, 0xad, 0x52, 0xad, 0x42, 0x4c, 0x62, 0xcd, 0x63, 0x2f,
  0x6b, 0x2f, 0x62, 0xee, 0x52, 0x8c, 0x42, 0x4c, 0x3a, 0x0a, 0x29, 0xea,
  0x42, 0x2b, 0x3a, 0x2b, 0x31, 0xc9, 0x3a, 0x4b, 0x4a, 0x8c, 0x3a, 0x2b,
  0x5a, 0xad, 0x52, 0xce, 0x5a, 0xad, 0x52, 0x8d, 0x52, 0x8d, 0x31, 0xca,
  0x31, 0xea, 0x3a, 0x2b, 0x39, 0xea, 0x42, 0x4c, 0x3a, 0x0b, 0x3a, 0x2b,
  0x4a, 0x2b, 0x52, 0xad, 0x7b, 0x2e, 0x94, 0x12, 0xbc, 0xf4, 0xe6, 0x5a,
  0xff, 0x5e, 0xfe, 0xbc, 0xf6, 0x19, 0xfe, 0xbc, 0xff, 0x1d, 0xff, 0x5e,
  0xfe, 0xfc, 0xde, 0x19, 0xee, 0x3a, 0xee, 0x7b, 0xbc, 0x74, 0xc4, 0xf6,
  0xfe, 0xbc, 0xfe, 0xbc, 0xfd, 0xfa, 0xed, 0x78, 0xfe, 0xb9, 0xff, 0x3b,
  0xff, 0x3a, 0xff, 0x5b, 0xff, 0x3a, 0xff, 0x3b, 0xff, 0x5b, 0xff, 0x5b,
  0xff, 0x3a, 0xff, 0x3a, 0xff, 0x3a, 0xff, 0x5b, 0xff, 0x3a, 0xf7, 0x3a,
  0xff, 0x5a, 0xff, 0x5b, 0xff, 0x3a, 0xff, 0x5a, 0xff, 0xff, 0xff, 0xff,
  0xfd, 0xba, 0xdc, 0x54, 0xf5, 0xb9, 0xfd, 0xd9, 0xe6, 0x17, 0xee, 0x38,
  0xef, 0x3b, 0xff, 0x7b, 0xf7, 0x9b, 0xe6, 0xf9, 0xe4, 0x75, 0xd3, 0xb2,
  0xc4, 0xb3, 0xfe, 0x39, 0xdf, 0x3a, 0xff, 0xdd, 0xf7, 0x9d, 0xe7, 0x1b,
  0xf7, 0x9d, 0xff, 0xbd, 0xff, 0xbe, 0xff, 0xbe, 0xff, 0xbe, 0xff, 0xbe,
  0xef, 0x9d, 0xef, 0x3b, 0xde, 0xd9, 0xef, 0x19, 0xff, 0x5b, 0xff, 0x1a,
  0xf7, 0x3a, 0xff, 0x3a, 0xff, 0x5b, 0xff, 0x3a, 0xff, 0x5b, 0xff, 0x3a,
  0xff, 0x3b, 0xff, 0x3a, 0xff, 0x5b, 0xff, 0x3a, 0xff, 0x3b, 0xff, 0x5b,
  0xef, 0x1a, 0xde, 0x37, 0xff, 0x5b, 0xff, 0x5b, 0xff, 0x5b, 0xff, 0x5b,
  0xff, 0x5b, 0xff, 0x5b, 0xee, 0xf9, 0xff, 0x5a, 0xef, 0x1c, 0xb5, 0x14,
  0x52, 0x8d, 0x6b, 0x0f, 0x5a, 0xee, 0x52, 0x8d, 0x4a, 0x6c, 0x6b, 0x2f,
  0x7b, 0x91, 0x73, 0x0e, 0x42, 0x6c, 0x31, 0xca, 0x29, 0xca, 0x29, 0x89,
  0x29, 0xca, 0x3a, 0x2b, 0x32, 0x0b, 0x31, 0xca, 0x3a, 0x0c, 0x39, 0xeb,
  0x3a, 0x0b, 0x42, 0x2b, 0x5a, 0xce, 0x62, 0xee, 0x4a, 0x6c, 0x73, 0x4f,
  0xad, 0x77, 0x41, 0xe9, 0x21, 0x8a, 0x29, 0xaa, 0x4a, 0x6d, 0x42, 0x0b,
  0x42, 0x4c, 0x52, 0x8d, 0x6b, 0x0f, 0x7b, 0x71, 0x9b, 0xf2, 0xc5, 0x16,
  0xcd, 0x97, 0xfe, 0xfc, 0xff, 0x5d, 0xff, 0x3d, 0xfe, 0xdd, 0xfe, 0x5b,
  0xee, 0x9c, 0xee, 0x5a, 0xde, 0x3a, 0xf6, 0xdc, 0xff, 0x3e, 0xdd, 0x97,
  0xa4, 0x53, 0xee, 0x3b, 0xfe, 0xdd, 0xfe, 0xbc, 0xee, 0x39, 0xfe, 0x9a,
  0xff, 0x7b, 0xff, 0x3a, 0xff, 0x5b, 0xff, 0x3b, 0xf7, 0x3b, 0xff, 0x3b,
  0xf7, 0x3b, 0xff, 0x3b, 0xff, 0x5b, 0xff, 0x3a, 0xff, 0x5b, 0xff, 0x3a,
  0xff, 0x5b, 0xff, 0x3a, 0xf7, 0x3a, 0xff, 0x3a, 0xff, 0x5b, 0xff, 0x3a,
  0xff, 0xdf, 0xff, 0xff, 0xff, 0x9e, 0xff, 0xdf, 0xff, 0xdc, 0xf7, 0x9b,
  0xff, 0x7b, 0xff, 0xdc, 0xff, 0x9c, 0xf7, 0xbc, 0xfe, 0x9a, 0xc4, 0xd3,
  0xeb, 0x72, 0xe3, 0x72, 0xc3, 0x70, 0xdc, 0x54, 0xef, 0x5b, 0xff, 0xde,
  0xff, 0xbd, 0xf7, 0x9d, 0xe7, 0x3a, 0xe7, 0x3a, 0xef, 0x5b, 0xef, 0x7c,
  0xef, 0x3b, 0xe7, 0x5b, 0xe7, 0x3a, 0xef, 0x9c, 0xff, 0x7b, 0xe6, 0xf9,
  0xff, 0x5a, 0xff, 0x5a, 0xff, 0x3a, 0xff, 0x3a, 0xff, 0x3a, 0xff, 0x5b,
  0xff, 0x3a, 0xff, 0x3a, 0xff, 0x3a, 0xff, 0x3a, 0xff, 0x5a, 0xff, 0x3a,
  0xff, 0x3a, 0xff, 0x7b, 0xe6, 0x77, 0xde, 0x78, 0xe5, 0x34, 0xed, 0x95,
  0xf6, 0x57, 0xfe, 0xd9, 0xff, 0x5a, 0xff, 0x9c, 0xee, 0xf8, 0xef, 0x39,
  0xff, 0x7b, 0xee, 0xb8, 0x7b, 0x6f, 0x6b, 0x0e, 0x62, 0xce, 0x5a, 0xcd,
  0x7b, 0x6f, 0x73, 0x70, 0x5a, 0xee, 0x31, 0xea, 0x29, 0xa9, 0x29, 0xca,
  0x31, 0xca, 0x3a, 0x2b, 0x42, 0x4b, 0x3a, 0x2b, 0x4a, 0x2a, 0x63, 0x2f,
  0xb4, 0xf3, 0x9c, 0x72, 0x6b, 0x2e, 0x6b, 0x70, 0x5a, 0xad, 0x5a, 0xae,
  0x52, 0x4a, 0x73, 0xb0, 0xf6, 0xf9, 0xce, 0x16, 0xbd, 0x75, 0x73, 0x6e,
  0xa4, 0x52, 0xd5, 0xd9, 0x7b, 0x2f, 0x73, 0x4f, 0x8b, 0x70, 0x9c, 0x33,
  0xbc, 0xb4, 0xc5, 0x36, 0xee, 0x7a, 0xff, 0x3d, 0xff, 0x3d, 0xfe, 0xfc,
  0xe5, 0xd8, 0xe6, 0x3a, 0xde, 0x39, 0xee, 0xdc, 0xff, 0x5d, 0xff, 0x7e,
  0xfe, 0xfd, 0xbd, 0x36, 0xbc, 0xd4, 0xff, 0x3e, 0xfe, 0xdc, 0xfe, 0xdc,
  0xee, 0x57, 0xff, 0x3c, 0xff, 0x5a, 0xff, 0x5b, 0xff, 0x5b, 0xff, 0x3b,
  0xff, 0x3a, 0xff, 0x5b, 0xff, 0x3a, 0xff, 0x3b, 0xff, 0x3a, 0xff, 0x5b,
  0xff, 0x3a, 0xff, 0x5b, 0xff, 0x5a, 0xff, 0x5a, 0xff, 0x3a, 0xff, 0x5a,
  0xff, 0x3a, 0xff, 0x5a, 0xff, 0xff, 0xff, 0xdf, 0xff, 0xde, 0xf7, 0x5c,
  0xf7, 0x5c, 0xff, 0x9d, 0xff, 0xde, 0xff, 0xbd, 0xff, 0xdf, 0xee, 0x79,
  0xe3, 0x93, 0xe3, 0x73, 0xdb, 0x73, 0xe3, 0xb4, 0xcd, 0x15, 0xed, 0xf8,
  0xe7, 0x7c, 0xff, 0xdd, 0xff, 0x9e, 0xff, 0x9e, 0xf7, 0x7c, 0xef, 0x1a,
  0xf7, 0x9d, 0xf7, 0x7c, 0xf7, 0x7d, 0xf7, 0x7d, 0xff, 0x9e, 0xff, 0x9e,
  0xff, 0xbd, 0xe6, 0xfa, 0xf7, 0x19, 0xff, 0x3a, 0xff, 0x3b, 0xff, 0x3a,
  0xff, 0x3b, 0xff, 0x3a, 0xff, 0x5b, 0xff, 0x7b, 0xff, 0x7b, 0xff, 0x5a,
  0xff, 0x5b, 0xff, 0x5b, 0xff, 0x7c, 0xff, 0x3a, 0xac, 0xf3, 0xc5, 0x96,
  0xb3, 0x8e, 0xed, 0x14, 0xfd, 0xd6, 0xfd, 0x74, 0xf5, 0xb6, 0xfd, 0xd6,
  0xde, 0x78, 0xee, 0xd9, 0xff, 0x7b, 0xff, 0x5b, 0xc5, 0xf8, 0x9c, 0x51,
  0x52, 0xad, 0x62, 0xad, 0x83, 0xd2, 0x73, 0x0e, 0x29, 0xeb, 0x31, 0xea,
  0x32, 0x0b, 0x3a, 0x0b, 0x42, 0x4c, 0x31, 0xca, 0x32, 0x0b, 0x52, 0xef,
  0x7c, 0x10, 0xde, 0xdb, 0xff, 0x5a, 0xff, 0xbb, 0xbe, 0x7b, 0x73, 0xd0,
  0x73, 0xd1, 0xa5, 0x36, 0x8c, 0x31, 0x94, 0x31, 0xff, 0x7b, 0xff, 0x5b,
  0xff, 0xbe, 0xcd, 0x74, 0xe5, 0xf9, 0xff, 0x5e, 0xcd, 0x98, 0x9b, 0xd1,
  0xbc, 0xf6, 0xc4, 0xf6, 0xc5, 0x36, 0xee, 0x5a, 0xfe, 0xfc, 0xff, 0x3d,
  0xff, 0x1d, 0xe6, 0x39, 0xd5, 0x98, 0xf6, 0x9b, 0xff, 0x5e, 0xff, 0x5e,
  0xff, 0x3d, 0xff, 0x3d, 0xee, 0xdd, 0xb4, 0xb4, 0xde, 0x5a, 0xff, 0x5e,
  0xff, 0x1d, 0xfe, 0x7a, 0xee, 0xb9, 0xff, 0x1b, 0xf7, 0x3b, 0xff, 0x3b,
  0xff, 0x5b, 0xff, 0x1a, 0xff, 0x3b, 0xff, 0x3b, 0xff, 0x5b, 0xff, 0x3b,
  0xff, 0x5b, 0xff, 0x3a, 0xff, 0x5b, 0xff, 0x3a, 0xff, 0x5b, 0xff, 0x3a,
  0xff, 0x5b, 0xff, 0x3a, 0xf7, 0x3b, 0xff, 0x3a, 0xff, 0x9c, 0xf7, 0x9d,
  0xff, 0x9c, 0xff, 0xbe, 0xff, 0xff, 0xff, 0xff, 0xff, 0xde, 0xf7, 0x7d,
  0xfd, 0xb9, 0xd4, 0x54, 0xdb, 0xf3, 0xf4, 0xd7, 0xe6, 0x38, 0xf6, 0xdb,
  0xef, 0x7a, 0xdf, 0x19, 0xf7, 0x5b, 0xff, 0xfe, 0xff, 0xbe, 0xff, 0xbe,
  0xff, 0xbc, 0xef, 0x3b, 0xff, 0x7d, 0xff, 0xbe, 0xff, 0x9d, 0xff, 0xbe,
  0xff, 0x9d, 0xff, 0xbd, 0xff, 0x9d, 0xf7, 0x9d, 0xee, 0xf8, 0xf7, 0x5a,
  0xff, 0x3a, 0xff, 0x3a, 0xff, 0x5a, 0xff, 0x7b, 0xf6, 0xf9, 0xde, 0x78,
  0xde, 0x57, 0xd6, 0x57, 0xde, 0x36, 0xde, 0x57, 0xe6, 0xb8, 0xc5, 0xd6,
  0xcd, 0xb5, 0xac, 0xb2, 0xec, 0x70, 0xfd, 0x54, 0xfe, 0x77, 0xfe, 0x77,
  0xfe, 0x16, 0xf5, 0x53, 0xed, 0x74, 0xe5, 0x74, 0xee, 0x37, 0xfe, 0xfa,
  0xe6, 0x78, 0xd6, 0x37, 0xcd, 0xd7, 0x8c, 0x10, 0x7b, 0x70, 0x6a, 0xef,
  0x42, 0x2b, 0x4a, 0x8d, 0x4a, 0x6c, 0x4a, 0x8d, 0x29, 0x68, 0x42, 0x6c,
  0x74, 0x93, 0x7d, 0x16, 0x8c, 0xf4, 0xbe, 0xdb, 0xee, 0x77, 0xee, 0x77,
  0x94, 0xf5, 0x5b, 0x4f, 0x8c, 0xd3, 0xd7, 0x3d, 0x8b, 0x8d, 0xd5, 0xf7,
  0xff, 0xbb, 0xf7, 0x3a, 0xfe, 0x79, 0xdd, 0x96, 0xfe, 0x9b, 0xfe, 0xbc,
  0xfe, 0x9b, 0xcd, 0x36, 0xf5, 0xf9, 0xf6, 0x3a, 0xe6, 0x19, 0xee, 0x9b,
  0xff, 0x1c, 0xf6, 0xbb, 0xe6, 0x18, 0xf6, 0xdc, 0xfe, 0xbb, 0xff, 0x1d,
  0xff, 0x5d, 0xff, 0x5d, 0xff, 0x3d, 0xff, 0x5e, 0xdd, 0xf9, 0xac, 0x94,
  0xff, 0x3d, 0xff, 0x5e, 0xff, 0x1c, 0xee, 0x39, 0xff, 0x3a, 0xff, 0x3a,
  0xff, 0x5a, 0xff, 0x5b, 0xff, 0x3a, 0xff, 0x5b, 0xff, 0x3a, 0xff, 0x5b,
  0xff, 0x3a, 0xff, 0x5b, 0xff, 0x3a, 0xff, 0x5b, 0xff, 0x3a, 0xff, 0x5a,
  0xff, 0x3a, 0xff, 0x5b, 0xff, 0x3a, 0xff, 0x3a, 0xff, 0x3a, 0xff, 0x5a,
  0xff, 0xdf, 0xff, 0xdf, 0xff, 0xff, 0xff, 0xdf, 0xff, 0xff, 0xff, 0xff,
  0xff, 0x7f, 0xdd, 0x97, 0xe4, 0xf6, 0xfd, 0xfa, 0xf7, 0x7d, 0xff, 0x9d,
  0xff, 0xde, 0xff, 0x9d, 0xd6, 0xf8, 0xdf, 0x18, 0xe7, 0x5c, 0xff, 0xdd,
  0xff, 0xbe, 0xff, 0x9e, 0xff, 0xbe, 0xf7, 0x7c, 0xef, 0x3c, 0xff, 0xbd,
  0xff, 0xbe, 0xff, 0xbe, 0xff, 0x9e, 0xff, 0x9d, 0xff, 0x9e, 0xff, 0x9e,
  0xf7, 0x9c, 0xe6, 0xf9, 0xf7, 0x3a, 0xff, 0x7b, 0xe6, 0xda, 0xcd, 0xd6,
  0xce, 0x17, 0xde, 0x78, 0xee, 0xd9, 0xf6, 0xf9, 0xee, 0xfa, 0xee, 0xd9,
  0xe6, 0x99, 0xd5, 0xf6, 0xc5, 0xf6, 0xcd, 0xd6, 0xfe, 0x58, 0xf6, 0x17,
  0xf5, 0x95, 0xfd, 0x95, 0xfd, 0xd5, 0xfd, 0xd5, 0xfe, 0x98, 0xfe, 0x77,
  0xfe, 0x17, 0xfd, 0xd5, 0xd4, 0xf3, 0xe5, 0x54, 0xf6, 0xd9, 0xff, 0x1a,
  0xce, 0x19, 0x8c, 0x10, 0x6b, 0x2f, 0x73, 0x2f, 0x6b, 0x50, 0x52, 0x6c,
  0x8b, 0xef, 0xee, 0xda, 0xc7, 0x1d, 0x84, 0xd3, 0x74, 0xf5, 0x9e, 0x19,
  0xff, 0x7b, 0xee, 0x77, 0x7c, 0xd5, 0x63, 0xf1, 0x84, 0x73, 0x84, 0x73,
  0xa4, 0x70, 0xff, 0x3c, 0xe6, 0xd9, 0xf7, 0x1a, 0xf6, 0x39, 0xed, 0xb7,
  0xfe, 0xdd, 0xfe, 0x9c, 0xfe, 0xfd, 0xe5, 0xd8, 0xf6, 0x7b, 0xfe, 0xbc,
  0xfe, 0xfd, 0xfe, 0xfc, 0xe6, 0x7b, 0xee, 0x5a, 0xff, 0x3d, 0xff, 0x5d,
  0xfe, 0xbc, 0xfe, 0xdc, 0xff, 0x5e, 0xff, 0x3d, 0xff, 0x5e, 0xff, 0x3d,
  0xc5, 0x77, 0xcd, 0x97, 0xff, 0x7e, 0xff, 0x5e, 0xf6, 0x7a, 0xf6, 0x59,
  0xff, 0x7b, 0xff, 0x3a, 0xff, 0x5b, 0xff, 0x3b, 0xf7, 0x3b, 0xff, 0x3a,
  0xff, 0x3b, 0xff, 0x3a, 0xff, 0x5b, 0xff, 0x3b, 0xf7, 0x3b, 0xff, 0x3b,
  0xf7, 0x3b, 0xff, 0x3a, 0xff, 0x5b, 0xff, 0x3a, 0xf7, 0x3b, 0xff, 0x3a,
  0xff, 0x5b, 0xff, 0x3a, 0xff, 0xff, 0xff, 0xff, 0xff, 0xff, 0xff, 0xff,
  0xff, 0xdf, 0xff, 0xff, 0xff, 0xde, 0xff, 0xdf, 0xff, 0xff, 0xff, 0xff,
  0xff, 0xbe, 0xff, 0xbe, 0xff, 0xbc, 0xe7, 0x1a, 0xe7, 0x18, 0xe7, 0x59,
  0xef, 0x1a, 0xff, 0xdd, 0xff, 0xbe, 0xff, 0xbe, 0xff, 0xbd, 0xff, 0xbd,
  0xf7, 0x3b, 0xf7, 0x5b, 0xff, 0xbd, 0xff, 0xbe, 0xff, 0x9d, 0xff, 0xbe,
  0xff, 0x9d, 0xff, 0xbd, 0xff, 0x9d, 0xf7, 0x7c, 0xef, 0x19, 0xd6, 0x56,
  0xd5, 0xf6, 0xf7, 0x1a, 0xff, 0x7a, 0xff, 0x7b, 0xff, 0x5a, 0xff, 0x5b,
  0xff, 0x5a, 0xff, 0x7b, 0xff, 0x5b, 0xff, 0x7b, 0xff, 0x3a, 0xee, 0xd9,
  0xd6, 0x16, 0xde, 0xb9, 0xff, 0x3b, 0xf6, 0x98, 0xf5, 0x74, 0xed, 0x74,
  0xfd, 0x95, 0xf5, 0x95, 0xfe, 0x16, 0xfe, 0x77, 0xfd, 0xf6, 0xd4, 0xf2,
  0xf5, 0x53, 0xfd, 0xd5, 0xfe, 0x16, 0xf5, 0xf6, 0xc5, 0x96, 0x9c, 0x72,
  0x83, 0xcf, 0xbd, 0xd7, 0xff, 0x9b, 0xff, 0x5a, 0xdf, 0x3c, 0x8c, 0xf3,
  0x74, 0xd5, 0x85, 0x98, 0xff, 0x7a, 0xf7, 0x19, 0x7d, 0x16, 0x6c, 0xb5,
  0x94, 0x92, 0xad, 0x97, 0xff, 0x19, 0xff, 0x5b, 0xff, 0x5b, 0xd6, 0x58,
  0xab, 0xf1, 0xee, 0x3a, 0xfe, 0xdc, 0xfe, 0xdc, 0xfe, 0xdc, 0xee, 0x7a,
  0xf6, 0x5a, 0xf6, 0xbb, 0xfe, 0xfc, 0xf6, 0x9b, 0xf6, 0x9b, 0xff, 0x5e,
  0xff, 0x3c, 0xff, 0x5d, 0xfe, 0xfc, 0xf6, 0x9b, 0xff, 0x3d, 0xff, 0x3d,
  0xff, 0x3d, 0xff, 0x1d, 0xc5, 0x35, 0xe6, 0x7a, 0xff, 0x5e, 0xff, 0x1d,
  0xf6, 0x58, 0xff, 0x1b, 0xff, 0x3a, 0xff, 0x3b, 0xff, 0x3a, 0xff, 0x3b,
  0xff, 0x3a, 0xff, 0x5b, 0xff, 0x5b, 0xff, 0x5b, 0xff, 0x3a, 0xff, 0x5b,
  0xff, 0x3a, 0xff, 0x3b, 0xff, 0x5a, 0xff, 0x5b, 0xff, 0x3a, 0xff, 0x3a,
  0xff, 0x3a, 0xff, 0x5b, 0xff, 0x3a, 0xff, 0x5a, 0xff, 0xff, 0xff, 0xdf,
  0xff, 0xff, 0xff, 0xdf, 0xff, 0xff, 0xff, 0xdf, 0xff, 0xff, 0xff, 0xdf,
  0xff, 0xdf, 0xff, 0xbe, 0xff, 0xbf, 0xff, 0xbe, 0xef, 0x5b, 0xe7, 0x19,
  0xef, 0x5a, 0xef, 0x39, 0xde, 0xf9, 0xf7, 0xbc, 0xff, 0xbf, 0xff, 0x9e,
  0xff, 0xbe, 0xff, 0xbe, 0xf7, 0x9d, 0xef, 0x1a, 0xf7, 0x9d, 0xff, 0xbd,
  0xff, 0x9e, 0xff, 0x9e, 0xff, 0x9e, 0xff, 0x9d, 0xff, 0x9e, 0xff, 0xbe,
  0xd6, 0xb9, 0xc6, 0x17, 0xf7, 0x5a, 0xff, 0x39, 0xf7, 0x3a, 0xff, 0x3a,
  0xff, 0x5b, 0xff, 0x3a, 0xf7, 0x3a, 0xff, 0x3a, 0xf7, 0x3b, 0xff, 0x1a,
  0xff, 0x3a, 0xff, 0x5a, 0xff, 0x5c, 0xd5, 0xf6, 0xd6, 0x17, 0xff, 0x9c,
  0xef, 0x5a, 0xe6, 0xd8, 0xe6, 0xb9, 0xe6, 0x78, 0xfe, 0x17, 0xf5, 0x74,
  0xf5, 0xb6, 0xe5, 0x33, 0xbc, 0xb2, 0xcc, 0xf3, 0xbc, 0x93, 0xa3, 0xaf,
  0x8b, 0x4e, 0xa3, 0xf0, 0xdd, 0x95, 0xfe, 0x79, 0xf6, 0xf9, 0xff, 0x3a,
  0xef, 0xbe, 0xa5, 0x74, 0x6c, 0xf6, 0x74, 0xf6, 0xef, 0x1a, 0xde, 0x77,
  0x6d, 0x16, 0x6c, 0xd5, 0xbe, 0x17, 0xef, 0x5c, 0xff, 0x7b, 0xff, 0x5a,
  0xcd, 0x78, 0x93, 0x4f, 0xbc, 0x13, 0xfe, 0x9d, 0xfe, 0xdc, 0xfe, 0xdc,
  0xfe, 0xdc, 0xfe, 0xdc, 0xfe, 0xdd, 0xfe, 0xdc, 0xf6, 0x9b, 0xfe, 0xbb,
  0xff, 0x3d, 0xff, 0x1d, 0xff, 0x3d, 0xff, 0x3d, 0xff, 0x3e, 0xfe, 0xdc,
  0xfe, 0xdc, 0xff, 0x1d, 0xff, 0x5e, 0xf6, 0xdc, 0xb5, 0x36, 0xee, 0xbc,
  0xff, 0x5e, 0xf6, 0x7b, 0xf6, 0xba, 0xff, 0x3c, 0xf7, 0x5b, 0xff, 0x3a,
  0xff, 0x3b, 0xff, 0x3b, 0xff, 0x3b, 0xff, 0x3a, 0xf7, 0x3b, 0xff, 0x3b,
  0xf7, 0x3b, 0xff, 0x1a, 0xff, 0x5b, 0xff, 0x5b, 0xff, 0x5b, 0xff, 0x3a,
  0xff, 0x5b, 0xff, 0x3a, 0xff, 0x5b, 0xff, 0x3a, 0xf7, 0x3a, 0xff, 0x1a,
  0xff, 0xff, 0xff, 0xff, 0xff, 0xff, 0xff, 0xff, 0xff, 0xff, 0xff, 0xff,
  0xff, 0xde, 0xff, 0xdf, 0xff, 0xde, 0xff, 0xdf, 0xff, 0xde, 0xf7, 0x7c,
  0xef, 0x3a, 0xef, 0x5b, 0xf7, 0x39, 0xef, 0x39, 0xd6, 0xd7, 0xe7, 0x7a,
  0xff, 0xde, 0xff, 0xbe, 0xff, 0xbe, 0xff, 0xbe, 0xff, 0xbd, 0xf7, 0x9d,
  0xef, 0x3a, 0xf7, 0xbd, 0xff, 0x9d, 0xff, 0x9e, 0xff, 0x9d, 0xff, 0x9d,
  0xff, 0x9d, 0xef, 0x5c, 0xce, 0x38, 0xff, 0xde, 0xf7, 0x5a, 0xe6, 0xf9,
  0xf6, 0xf8, 0xf7, 0x5a, 0xff, 0x5a, 0xff, 0x5a, 0xff, 0x3a, 0xff, 0x5b,
  0xff, 0x3a, 0xff, 0x3b, 0xff, 0x5a, 0xff, 0x3a, 0xff, 0x5a, 0xff, 0xbc,
  0xd6, 0x36, 0xce, 0x36, 0xef, 0x3a, 0xe7, 0x1a, 0xff, 0x19, 0xff, 0x7b,
  0xff, 0x7b, 0xff, 0x5b, 0xfe, 0xd9, 0xf6, 0x78, 0xed, 0x74, 0xdd, 0x13,
  0xdd, 0x12, 0xdd, 0x54, 0xf5, 0xd5, 0xfe, 0x98, 0xfd, 0xf6, 0xed, 0x12,
  0xec, 0xd2, 0xfd, 0x75, 0xee, 0xb9, 0xbd, 0x75, 0x64, 0xd5, 0x64, 0xf6,
  0xd6, 0xb9, 0xc6, 0x78, 0x6c, 0xd5, 0x6c, 0xd6, 0xde, 0x77, 0xef, 0x3a,
  0xf6, 0xfb, 0xb5, 0x34, 0xba, 0xd0, 0xc3, 0x31, 0xfe, 0x3a, 0xfe, 0x9c,
  0xfe, 0xdc, 0xfe, 0xdc, 0xfe, 0xdc, 0xfe, 0xdc, 0xfe, 0xfc, 0xfe, 0xdc,
  0xf6, 0x9a, 0xff, 0x3d, 0xff, 0x1c, 0xff, 0x3d, 0xff, 0x3c, 0xff, 0x5d,
  0xfe, 0xdc, 0xfe, 0xbc, 0xff, 0x1c, 0xff, 0x5e, 0xff, 0x5d, 0xf6, 0xfc,
  0xc5, 0x56, 0xf7, 0x1d, 0xff, 0x1d, 0xee, 0x3a, 0xff, 0x1a, 0xff, 0x5b,
  0xff, 0x3a, 0xff, 0x3b, 0xff, 0x3a, 0xff, 0x5b, 0xff, 0x3a, 0xff, 0x5b,
  0xff, 0x3a, 0xff, 0x5b, 0xff, 0x5a, 0xff, 0x5b, 0xff, 0x5a, 0xff, 0x5b,
  0xff, 0x3a, 0xff, 0x5b, 0xff, 0x5a, 0xff, 0x5a, 0xff, 0x3a, 0xff, 0x5a,
  0xff, 0x3a, 0xf7, 0x3a, 0xff, 0xff, 0xff, 0xff, 0xff, 0xff, 0xff, 0xdf,
  0xff, 0xff, 0xff, 0xdf, 0xff, 0xdf, 0xff, 0xdf, 0xff, 0xff, 0xff, 0xdf,
  0xf7, 0x7c, 0xef, 0x5b, 0xf7, 0x7c, 0xf7, 0x5b, 0xef, 0x7a, 0xef, 0x19,
  0xde, 0xf8, 0xe7, 0x39, 0xff, 0xbe, 0xff, 0x9e, 0xff, 0xbe, 0xff, 0x9e,
  0xff, 0xbe, 0xff, 0x9d, 0xf7, 0x9d, 0xef, 0x3b, 0xf7, 0x9d, 0xff, 0xbd,
  0xff, 0x9e, 0xff, 0x7d, 0xff, 0xdf, 0xd6, 0x59, 0xde, 0x9a, 0xff, 0xbe,
  0xf7, 0x9d, 0xff, 0x7d, 0xef, 0x5b, 0xe6, 0xfa, 0xe6, 0xf9, 0xef, 0x19,
  0xf7, 0x1a, 0xff, 0x1a, 0xff, 0x3a, 0xff, 0x3a, 0xf7, 0x1a, 0xff, 0x1a,
  0xf7, 0x3a, 0xf7, 0x19, 0xe7, 0x5c, 0xc5, 0xf6, 0xde, 0xb9, 0xef, 0x1b,
  0xff, 0x5b, 0xff, 0x3a, 0xff, 0x5b, 0xff, 0x3a, 0xff, 0x5b, 0xff, 0x5b,
  0xff, 0x7b, 0xff, 0x3a, 0xfe, 0x78, 0xfe, 0x16, 0xfd, 0x95, 0xfd, 0x54,
  0xfd, 0xb5, 0xfd, 0x94, 0xfd, 0xb5, 0xfd, 0xb4, 0xf5, 0x95, 0xe4, 0xd2,
  0x84, 0x53, 0x6b, 0x90, 0xad, 0xf8, 0x9d, 0x76, 0x5c, 0xb5, 0x75, 0x36,
  0xef, 0x5b, 0xd6, 0x98, 0xb4, 0x34, 0x9b, 0x10, 0xc2, 0xd0, 0xfc, 0xb7,
  0xfe, 0xdd, 0xfe, 0x9b, 0xfe, 0xbc, 0xfe, 0xdc, 0xfe, 0xdd, 0xfe, 0xdc,
  0xfe, 0xfd, 0xfe, 0xbb, 0xf6, 0xdc, 0xff, 0x1d, 0xff, 0x3d, 0xff, 0x1d,
  0xff, 0x3d, 0xfe, 0xfd, 0xed, 0x97, 0xfd, 0xf8, 0xf6, 0x3a, 0xfe, 0x19,
  0xfe, 0xdc, 0xf6, 0x5a, 0xbd, 0x57, 0xff, 0x5e, 0xfe, 0x9b, 0xed, 0xd8,
  0xff, 0x5b, 0xff, 0x3a, 0xff, 0x5b, 0xff, 0x3a, 0xff, 0x5b, 0xff, 0x3b,
  0xff, 0x5b, 0xff, 0x1a, 0xff, 0x5b, 0xff, 0x3a, 0xff, 0x5b, 0xff, 0x3a,
  0xff, 0x5b, 0xff, 0x3a, 0xff, 0x5b, 0xff, 0x3a, 0xf7, 0x3b, 0xff, 0x3a,
  0xf7, 0x3a, 0xff, 0x3a, 0xf7, 0x3a, 0xff, 0x3a, 0xff, 0xff, 0xff, 0xff,
  0xff, 0xff, 0xff, 0xff, 0xff, 0xdf, 0xff, 0xff, 0xff, 0xff, 0xff, 0xff,
  0xff, 0xbe, 0xf7, 0x9d, 0xff, 0x9c, 0xf7, 0x9c, 0xff, 0x7b, 0xf7, 0x7c,
  0xf7, 0x7a, 0xe7, 0x19, 0xef, 0x39, 0xef, 0x5a, 0xff, 0x7c, 0xff, 0xde,
  0xff, 0xbe, 0xff, 0xde, 0xff, 0xbe, 0xff, 0xbe, 0xff, 0xbd, 0xf7, 0x9d,
  0xef, 0x3a, 0xf7, 0x7c, 0xff, 0xbe, 0xff, 0xbe, 0xff, 0xbe, 0xd6, 0x59,
  0xee, 0xfb, 0xff, 0xbe, 0xff, 0x7c, 0xff, 0x9d, 0xff, 0x9d, 0xff, 0x9d,
  0xf7, 0x7c, 0xef, 0x5c, 0xef, 0x3a, 0xe7, 0x3a, 0xee, 0xf9, 0xef, 0x3a,
  0xef, 0x19, 0xe7, 0x19, 0xef, 0x1a, 0xef, 0x5b, 0xf7, 0x5c, 0xef, 0x5c,
  0xbd, 0x94, 0xef, 0x5b, 0xff, 0x3a, 0xff, 0x5a, 0xff, 0x3a, 0xff, 0x5b,
  0xff, 0x3a, 0xff, 0x3a, 0xff, 0x3a, 0xff, 0x5b, 0xff, 0x5a, 0xff, 0x7b,
  0xff, 0x1a, 0xee, 0xd9, 0xfd, 0xf6, 0xed, 0x94, 0xfd, 0x12, 0xf5, 0x13,
  0xfd, 0x52, 0xfd, 0xb4, 0xfd, 0xf5, 0xf5, 0x53, 0xdd, 0x14, 0xc4, 0x71,
  0x9c, 0x52, 0xa4, 0xd4, 0xd6, 0x59, 0xb5, 0x96, 0xc2, 0xb0, 0xc2, 0xf1,
  0xd3, 0xf2, 0xfe, 0x5c, 0xfe, 0xbb, 0xfe, 0xdc, 0xfe, 0xbb, 0xfe, 0xdc,
  0xfe, 0xdc, 0xfe, 0xfd, 0xfe, 0xdb, 0xfe, 0xfc, 0xff, 0x1c, 0xff, 0x3d,
  0xff, 0x3d, 0xff, 0x5d, 0xff, 0x3d, 0xf6, 0x9b, 0xee, 0x78, 0xff, 0x9c,
  0xff, 0x5a, 0xf7, 0x1a, 0xfe, 0xba, 0xe5, 0xd7, 0xbc, 0x32, 0xf6, 0x1a,
  0xed, 0x96, 0xfe, 0x9a, 0xff, 0x5a, 0xff, 0x5a, 0xff, 0x3a, 0xff, 0x3b,
  0xff, 0x3a, 0xff, 0x5b, 0xff, 0x3a, 0xff, 0x5b, 0xff, 0x5a, 0xff, 0x5b,
  0xff, 0x3a, 0xff, 0x5a, 0xff, 0x3a, 0xff, 0x5a, 0xff, 0x3a, 0xff, 0x5a,
  0xff, 0x3a, 0xff, 0x5b, 0xff, 0x3a, 0xf7, 0x3a, 0xff, 0x3a, 0xff, 0x5a,
  0xff, 0xff, 0xff, 0xff, 0xff, 0xff, 0xff, 0xff, 0xff, 0xff, 0xff, 0xdf,
  0xff, 0xbe, 0xf7, 0x5c, 0xf7, 0x9d, 0xff, 0xbe, 0xff, 0x9e, 0xff, 0x7d,
  0xf7, 0x7c, 0xff, 0x7c, 0xef, 0x7a, 0xef, 0x39, 0xef, 0x5a, 0xf7, 0x5a,
  0xef, 0x5c, 0xff, 0xbd, 0xff, 0xbf, 0xff, 0xbe, 0xff, 0xbe, 0xff, 0x9e,
  0xff, 0xbe, 0xff, 0xbe, 0xf7, 0x9d, 0xf7, 0x7c, 0xff, 0xbe, 0xff, 0x9d,
  0xff, 0xbf, 0xce, 0x38, 0xff, 0xbe, 0xff, 0xde, 0xff, 0xbe, 0xff, 0x7c,
  0xf7, 0x7e, 0xf7, 0x5d, 0xff, 0x9e, 0xff, 0x9d, 0xf7, 0x9d, 0xff, 0x7d,
  0xf7, 0x7d, 0xf7, 0x5c, 0xf7, 0x7d, 0xf7, 0x5c, 0xf7, 0x5d, 0xf7, 0x5c,
  0xef, 0x7c, 0xf7, 0x7c, 0xbd, 0xb5, 0xee, 0xf9, 0xff, 0x5b, 0xff, 0x1a,
  0xff, 0x3b, 0xff, 0x3a, 0xff, 0x5b, 0xff, 0x3a, 0xff, 0x5b, 0xff, 0x3a,
  0xf7, 0x3b, 0xff, 0x3a, 0xff, 0x5b, 0xff, 0x5a, 0xff, 0x5b, 0xff, 0x3b,
  0xfe, 0xfa, 0xf6, 0xb8, 0xfe, 0x17, 0xe5, 0x13, 0xcc, 0x10, 0xe4, 0xb2,
  0xf5, 0x54, 0xf5, 0x13, 0xb4, 0xb4, 0xbc, 0xb4, 0xe6, 0x3c, 0x9b, 0xf2,
  0xca, 0xb0, 0xd2, 0xd0, 0xf6, 0x1a, 0xfe, 0xbc, 0xfe, 0xbc, 0xfe, 0xbb,
  0xfe, 0xdc, 0xfe, 0xbc, 0xfe, 0xfc, 0xfe, 0xfc, 0xfe, 0xdc, 0xfe, 0xfc,
  0xff, 0x3d, 0xff, 0x1d, 0xff, 0x5e, 0xff, 0x3d, 0xff, 0x3d, 0xfe, 0x7a,
  0xf6, 0xfa, 0xf6, 0x99, 0xde, 0x98, 0xf6, 0xfa, 0xff, 0x7c, 0xf7, 0x1a,
  0xcd, 0xd5, 0xf6, 0xfa, 0xff, 0x3a, 0xff, 0x5a, 0xf7, 0x3b, 0xff, 0x3a,
  0xff, 0x3b, 0xff, 0x3b, 0xf7, 0x3b, 0xff, 0x3b, 0xff, 0x3b, 0xff, 0x3b,
  0xff, 0x5b, 0xff, 0x3a, 0xff, 0x5b, 0xff, 0x3a, 0xff, 0x5b, 0xff, 0x3a,
  0xf7, 0x3b, 0xff, 0x3a, 0xff, 0x3b, 0xff, 0x1a, 0xff, 0x5b, 0xff, 0x3a,
  0xff, 0x5b, 0xff, 0x3a, 0xff, 0xff, 0xff, 0xff, 0xff, 0xde, 0xff, 0xbe,
  0xff, 0x9b, 0xf7, 0x7b, 0xff, 0x39, 0xf7, 0x3a, 0xff, 0xbe, 0xff, 0xde,
  0xff, 0xbd, 0xff, 0xbd, 0xff, 0x7c, 0xff, 0x9c, 0xf7, 0x5a, 0xef, 0x3a,
  0xff, 0x7a, 0xf7, 0x9b, 0xf7, 0x5b, 0xf7, 0x9c, 0xff, 0xbe, 0xff, 0xbe,
  0xff, 0xbe, 0xff, 0xbe, 0xff, 0x9d, 0xff, 0x9e, 0xff, 0xdf, 0xce, 0x39,
  0x7b, 0xf1, 0x6b, 0x8f, 0x73, 0x6f, 0x6b, 0x90, 0xad, 0x15, 0xc6, 0x19,
  0xf7, 0x3b, 0xff, 0xde, 0xff, 0xde, 0xff, 0xbd, 0xff, 0x7c, 0xf7, 0x7d,
  0xff, 0x7c, 0xf7, 0x9d, 0xff, 0x7c, 0xf7, 0x7c, 0xf7, 0x5c, 0xf7, 0x7c,
  0xf7, 0x5c, 0xf7, 0x7c, 0xf7, 0x5b, 0xe7, 0x1a, 0xd6, 0x16, 0xe6, 0xb8,
  0xff, 0x7b, 0xff, 0x5b, 0xff, 0x3a, 0xff, 0x3a, 0xff, 0x3a, 0xff, 0x5b,
  0xff, 0x3a, 0xff, 0x3a, 0xff, 0x3a, 0xff, 0x5a, 0xff, 0x3a, 0xff, 0x3b,
  0xff, 0x3a, 0xff, 0x5b, 0xff, 0x5a, 0xff, 0x5a, 0xee, 0xdb, 0xbd, 0xb6,
  0xb5, 0x37, 0xad, 0x37, 0xac, 0xf7, 0xad, 0x18, 0xad, 0x78, 0xd6, 0xde,
  0xd4, 0x75, 0x9a, 0xef, 0xc2, 0xcf, 0xec, 0x55, 0xff, 0x1c, 0xfe, 0xdc,
  0xfe, 0xdb, 0xfe, 0xdc, 0xfe, 0xdc, 0xfe, 0xfc, 0xfe, 0xfc, 0xff, 0x1d,
  0xff, 0x1c, 0xff, 0x1c, 0xff, 0x3c, 0xff, 0x3d, 0xff, 0x1c, 0xff, 0x5d,
  0xff, 0x7e, 0xcd, 0x35, 0xb5, 0x14, 0xde, 0x9a, 0xee, 0xfb, 0xd6, 0x59,
  0xff, 0x1a, 0xf7, 0x1a, 0xcd, 0xd5, 0xff, 0x7c, 0xff, 0x5a, 0xff, 0x3a,
  0xff, 0x3a, 0xff, 0x5b, 0xff, 0x3a, 0xff, 0x3b, 0xff, 0x3a, 0xff, 0x5b,
  0xff, 0x3a, 0xff, 0x3b, 0xff, 0x5a, 0xff, 0x5b, 0xff, 0x3a, 0xff, 0x3a,
  0xff, 0x3a, 0xff, 0x5b, 0xff, 0x5a, 0xff, 0x5b, 0xff, 0x5a, 0xff, 0x5a,
  0xff, 0x3a, 0xff, 0x5b, 0xff, 0x5a, 0xff, 0x5b, 0xef, 0x5a, 0xf7, 0x3a,
  0xef, 0x19, 0xf7, 0x19, 0xf7, 0x3a, 0xff, 0x3a, 0xf7, 0x5b, 0xff, 0x3b,
  0xff, 0xdf, 0xff, 0xbe, 0xff, 0xbe, 0xff, 0x9e, 0xff, 0xbd, 0xff, 0x9c,
  0xf7, 0x7b, 0xef, 0x3a, 0xf7, 0x7c, 0xff, 0x7c, 0xf7, 0x9c, 0xef, 0x3b,
  0xff, 0xbe, 0xff, 0xbe, 0xff, 0xbf, 0xff, 0x9e, 0xff, 0xbe, 0xff, 0xbe,
  0xe7, 0x5e, 0x4a, 0x6a, 0x3a, 0x0b, 0x42, 0x2c, 0x42, 0x2c, 0x4a, 0x2c,
  0x42, 0x2c, 0x4a, 0x4c, 0x63, 0x2f, 0x8c, 0x33, 0xbd, 0xd7, 0xef, 0x3d,
  0xff, 0xde, 0xff, 0x9d, 0xf7, 0x7d, 0xff, 0x7c, 0xf7, 0x7d, 0xf7, 0x5c,
  0xf7, 0x7d, 0xf7, 0x5c, 0xf7, 0x7d, 0xf7, 0x3c, 0xde, 0xd9, 0xf7, 0x5b,
  0xd6, 0x37, 0xe6, 0x98, 0xff, 0x7b, 0xff, 0x3a, 0xff, 0x5b, 0xff, 0x3a,
  0xff, 0x5b, 0xff, 0x3a, 0xff, 0x5b, 0xff, 0x3a, 0xff, 0x5b, 0xff, 0x5b,
  0xff, 0x7b, 0xff, 0x5a, 0xf7, 0x1b, 0xee, 0xf9, 0xde, 0x9c, 0xbd, 0x77,
  0xb5, 0x5a, 0xc5, 0x9b, 0xd6, 0x9e, 0xd6, 0x5d, 0xce, 0x3c, 0xd6, 0x5c,
  0xe7, 0x1d, 0xd6, 0x5a, 0xbb, 0x31, 0xb2, 0xaf, 0xc3, 0xd2, 0xfd, 0xfa,
  0xff, 0x3d, 0xfe, 0xfc, 0xfe, 0xfd, 0xfe, 0xdc, 0xfe, 0xfd, 0xfe, 0xfc,
  0xff, 0x1d, 0xff, 0x1d, 0xff, 0x3d, 0xff, 0x1d, 0xff, 0x3d, 0xff, 0x1c,
  0xff, 0x7e, 0xff, 0x1d, 0xb4, 0xf6, 0xc5, 0x57, 0xf7, 0xdf, 0xff, 0xff,
  0xff, 0xff, 0xef, 0x1c, 0xee, 0xda, 0xff, 0x3b, 0xd6, 0x37, 0xff, 0x3b,
  0xff, 0x5b, 0xff, 0x3a, 0xff, 0x5b, 0xff, 0x3b, 0xf7, 0x3b, 0xff, 0x3b,
  0xff, 0x5b, 0xff, 0x5b, 0xff, 0x3b, 0xff, 0x3b, 0xff, 0x5b, 0xff, 0x3a,
  0xf7, 0x3b, 0xff, 0x3a, 0xff, 0x3b, 0xff, 0x3b, 0xff, 0x5b, 0xff, 0x3a,
  0xff, 0x5b, 0xff, 0x3a, 0xf7, 0x3b, 0xff, 0x3a, 0xff, 0x5b, 0xff, 0x3a,
  0xff, 0x39, 0xff, 0x3a, 0xff, 0x3a, 0xff, 0x5a, 0xff, 0x5a, 0xff, 0x5b,
  0xff, 0x3a, 0xf7, 0x5b, 0xff, 0xde, 0xff, 0xff, 0xff, 0xbe, 0xff, 0xbe,
  0xff, 0xbd, 0xff, 0xbd, 0xff, 0x7b, 0xef, 0x5b, 0xff, 0x7c, 0xff, 0x9c,
  0xff, 0x9c, 0xef, 0x5b, 0xff, 0x7c, 0xff, 0xbd, 0xff, 0xbe, 0xff, 0xbe,
  0xff, 0x9d, 0xff, 0xff, 0x9c, 0xf5, 0x29, 0xa8, 0x42, 0x2b, 0x3a, 0x2c,
  0x42, 0x4b, 0x42, 0x4c, 0x42, 0x2b, 0x42, 0x6c, 0x4a, 0x4c, 0x4a, 0x4c,
  0x52, 0x6b, 0x63, 0x2f, 0xa4, 0xd3, 0xe6, 0xdc, 0xff, 0xdd, 0xff, 0xbd,
  0xf7, 0x5c, 0xf7, 0x7d, 0xf7, 0x5c, 0xef, 0x3b, 0xef, 0x5b, 0xde, 0xfa,
  0xee, 0xd8, 0xff, 0x9b, 0xd5, 0xf6, 0xf7, 0x1a, 0xff, 0x5a, 0xff, 0x5a,
  0xff, 0x3a, 0xff, 0x5a, 0xff, 0x5a, 0xff, 0x5b, 0xff, 0x3a, 0xff, 0x5b,
  0xff, 0x5a, 0xee, 0xf9, 0xd6, 0x38, 0xd6, 0x39, 0xbd, 0x79, 0xc5, 0xfb,
  0xd6, 0x3c, 0xd6, 0x7d, 0xc5, 0xda, 0xbd, 0x9a, 0xc5, 0x9a, 0xbd, 0x9a,
  0xb5, 0x78, 0xe7, 0x1f, 0xf7, 0x3d, 0xbd, 0xb7, 0xaa, 0x8e, 0xc3, 0x92,
  0xf6, 0x5a, 0xfe, 0xfd, 0xff, 0x1c, 0xff, 0x1c, 0xff, 0x1c, 0xff, 0x1d,
  0xff, 0x1c, 0xff, 0x1d, 0xff, 0x1c, 0xff, 0x3d, 0xff, 0x3d, 0xff, 0x3d,
  0xff, 0x1c, 0xff, 0x9e, 0xee, 0x5b, 0x9b, 0xf2, 0xbd, 0x58, 0xde, 0xbe,
  0xde, 0x7c, 0xde, 0xbd, 0xf7, 0x7d, 0xff, 0xdf, 0xe6, 0x98, 0xff, 0x7b,
  0xde, 0x37, 0xee, 0xd9, 0xff, 0x5a, 0xff, 0x5a, 0xff, 0x3a, 0xff, 0x5b,
  0xff, 0x3a, 0xff, 0x5b, 0xff, 0x3a, 0xff, 0x5b, 0xff, 0x5a, 0xff, 0x5b,
  0xff, 0x3a, 0xff, 0x5b, 0xff, 0x3a, 0xff, 0x3a, 0xff, 0x3a, 0xff, 0x5a,
  0xff, 0x3a, 0xff, 0x5a, 0xff, 0x3a, 0xff, 0x3a, 0xff, 0x3a, 0xff, 0x5b,
  0xff, 0x3a, 0xff, 0x5a, 0xff, 0x5b, 0xff, 0x3a, 0xf7, 0x3b, 0xff, 0x3a,
  0xff, 0x3b, 0xff, 0x3a, 0xf7, 0x3b, 0xf7, 0x1a, 0xff, 0xff, 0xff, 0xdf,
  0xff, 0xdf, 0xff, 0xbe, 0xff, 0xbf, 0xff, 0xbe, 0xf7, 0x9d, 0xf7, 0x5c,
  0xff, 0xbe, 0xff, 0x9d, 0xff, 0xbd, 0xf7, 0x3b, 0xff, 0xde, 0xf7, 0x7d,
  0xf7, 0x9d, 0xff, 0xbe, 0xff, 0xbf, 0xff, 0x7d, 0x42, 0x6d, 0x31, 0xca,
  0x32, 0x0b, 0x3a, 0x0b, 0x32, 0x0b, 0x3a, 0x0b, 0x3a, 0x2c, 0x42, 0x2c,
  0x42, 0x4c, 0x4a, 0x4c, 0x52, 0xad, 0x52, 0x6c, 0x4a, 0x6d, 0x62, 0xee,
  0x94, 0xb3, 0xde, 0xba, 0xf7, 0x9c, 0xf7, 0x5b, 0xef, 0x3b, 0xf7, 0x5b,
  0xe7, 0x3a, 0xe6, 0xd9, 0xff, 0x7c, 0xe6, 0x98, 0xd6, 0x17, 0xff, 0x5b,
  0xf7, 0x3a, 0xff, 0x3a, 0xff, 0x5b, 0xff, 0x3a, 0xff, 0x5b, 0xff, 0x1a,
  0xff, 0x3b, 0xff, 0x3a, 0xb5, 0x77, 0xbd, 0x98, 0xbd, 0xba, 0xe6, 0xde,
  0xc5, 0xfb, 0xbd, 0x9a, 0xbd, 0x9a, 0xde, 0x9d, 0xe6, 0xfe, 0xd6, 0x3b,
  0xbd, 0x9b, 0xbd, 0x7a, 0xde, 0xfd, 0xff, 0xdf, 0xe6, 0x7c, 0xb4, 0xd5,
  0x8a, 0xce, 0xfe, 0x3b, 0xff, 0x9f, 0xff, 0x3d, 0xff, 0x3d, 0xff, 0x1c,
  0xff, 0x3d, 0xff, 0x1d, 0xff, 0x3d, 0xff, 0x1d, 0xff, 0x3d, 0xff, 0x3d,
  0xff, 0x1d, 0xff, 0x3d, 0xff, 0x3e, 0xdd, 0xb8, 0x9c, 0x14, 0xc5, 0x38,
  0xde, 0xbe, 0xb5, 0x79, 0xb5, 0x7a, 0xbd, 0x7a, 0xce, 0x5c, 0xe6, 0xde,
  0xde, 0x9a, 0xf6, 0xfb, 0xe6, 0xb9, 0xde, 0x37, 0xff, 0x5b, 0xff, 0x3a,
  0xff, 0x3b, 0xff, 0x3b, 0xff, 0x5b, 0xff, 0x3b, 0xff, 0x5b, 0xff, 0x3a,
  0xff, 0x5b, 0xff, 0x3a, 0xf7, 0x3b, 0xff, 0x3a, 0xff, 0x5b, 0xff, 0x3a,
  0xf7, 0x3b, 0xff, 0x3a, 0xff, 0x3b, 0xff, 0x3a, 0xf7, 0x3a, 0xff, 0x3a,
  0xff, 0x5b, 0xff, 0x3a, 0xf7, 0x3a, 0xff, 0x3a, 0xff, 0x3a, 0xff, 0x3a,
  0xff, 0x3a, 0xff, 0x5b, 0xff, 0x5a, 0xff, 0x5b, 0xff, 0x3a, 0xf7, 0x3a,
  0xff, 0xde, 0xff, 0xff, 0xff, 0xde, 0xff, 0xdf, 0xff, 0xbe, 0xff, 0xde,
  0xff, 0x9c, 0xf7, 0x7c, 0xff, 0xde, 0xff, 0xfe, 0xff, 0xfe, 0xf7, 0x9d,
  0xff, 0xde, 0xff, 0xff, 0xf7, 0x9c, 0xf7, 0xbd, 0xff, 0xff, 0xa5, 0x35,
  0x21, 0x48, 0x32, 0x0b, 0x39, 0xea, 0x32, 0x0b, 0x3a, 0x0a, 0x32, 0x0b,
  0x3a, 0x0a, 0x3a, 0x2b, 0x3a, 0x0a, 0x3a, 0x2b, 0x42, 0x2b, 0x42, 0x4c,
  0x4a, 0x6c, 0x52, 0xad, 0x52, 0x6b, 0x63, 0x0e, 0xb5, 0x14, 0xf7, 0x7d,
  0xff, 0xbd, 0xe7, 0x3b, 0xde, 0xb7, 0xf7, 0x7b, 0xf6, 0xfa, 0xcd, 0xf6,
  0xff, 0x3a, 0xff, 0x5b, 0xff, 0x3a, 0xff, 0x5a, 0xff, 0x3a, 0xff, 0x5a,
  0xff, 0x3a, 0xff, 0x3a, 0xff, 0x7c, 0xcd, 0xd5, 0xcd, 0xfa, 0xd6, 0x7c,
  0xc5, 0xba, 0xce, 0x3c, 0xd6, 0x5c, 0xbd, 0xba, 0xc5, 0xba, 0xce, 0x1c,
  0xc5, 0xda, 0xce, 0x1b, 0xde, 0x9b, 0xe7, 0x1e, 0xff, 0xff, 0xef, 0x5d,
  0xee, 0x9b, 0x94, 0x11, 0xcd, 0x35, 0xff, 0x7f, 0xff, 0x1c, 0xff, 0x3d,
  0xff, 0x3c, 0xff, 0x3d, 0xff, 0x3c, 0xff, 0x3d, 0xff, 0x3d, 0xff, 0x3d,
  0xff, 0x3d, 0xff, 0x3d, 0xff, 0x5d, 0xff, 0x1d, 0xd4, 0xb6, 0xbc, 0x34,
  0xbd, 0x79, 0xce, 0x3c, 0xe6, 0xbd, 0xc5, 0xfa, 0xbd, 0x79, 0xce, 0x5c,
  0xcd, 0xfb, 0xbd, 0x9a, 0xc5, 0xb9, 0xc5, 0xfa, 0xf6, 0xd9, 0xde, 0x78,
  0xf6, 0xf9, 0xff, 0x5b, 0xff, 0x3a, 0xff, 0x5b, 0xff, 0x3a, 0xff, 0x3b,
  0xff, 0x3a, 0xff, 0x5a, 0xff, 0x3a, 0xff, 0x5a, 0xff, 0x3a, 0xff, 0x3b,
  0xff, 0x3a, 0xff, 0x5a, 0xff, 0x3a, 0xff, 0x5b, 0xff, 0x5a, 0xff, 0x5a,
  0xff, 0x3a, 0xff, 0x5b, 0xff, 0x3a, 0xff, 0x3a, 0xff, 0x3a, 0xff, 0x5b,
  0xff, 0x3b, 0xff, 0x3a, 0xff, 0x5b, 0xff, 0x3a, 0xff, 0x5b, 0xff, 0x3a,
  0xff, 0x5b, 0xf7, 0x1a, 0xff, 0xde, 0xff, 0xde, 0xff, 0xdf, 0xff, 0xbf,
  0xff, 0xdf, 0xff, 0xff, 0xff, 0xde, 0xf7, 0x7c, 0xff, 0x9e, 0xf7, 0x3c,
  0xff, 0x1d, 0xee, 0x9a, 0xe6, 0x7a, 0xfe, 0xfc, 0xfe, 0xdc, 0xdd, 0xd7,
  0xde, 0x1a, 0x83, 0x0d, 0x42, 0x4c, 0x39, 0xea, 0x21, 0x89, 0x29, 0x89,
  0x29, 0xea, 0x31, 0xea, 0x32, 0x0b, 0x39, 0xea, 0x32, 0x0b, 0x3a, 0x0b,
  0x3a, 0x0b, 0x42, 0x2b, 0x3a, 0x4c, 0x42, 0x4c, 0x4a, 0x8d, 0x52, 0x8d,
  0x4a, 0x6c, 0x73, 0x91, 0xd6, 0x78, 0xf7, 0x5b, 0xf7, 0x3b, 0xf6, 0xf9,
  0xc5, 0xd5, 0xff, 0x3b, 0xff, 0x5b, 0xff, 0x3a, 0xff, 0x5b, 0xff, 0x3a,
  0xff, 0x5b, 0xff, 0x5b, 0xff, 0x3a, 0xff, 0x7b, 0xde, 0x9b, 0xac, 0xf4,
  0xd6, 0x9e, 0xce, 0x1c, 0xbd, 0xba, 0xc5, 0xda, 0xe6, 0xff, 0xce, 0x1b,
  0xbd, 0x9b, 0xbd, 0x9a, 0xb5, 0x7a, 0xce, 0x1c, 0xff, 0xdf, 0xff, 0xff,
  0xff, 0xbf, 0xe6, 0xdb, 0xe6, 0xfd, 0x8b, 0xf1, 0xff, 0x1d, 0xff, 0x3d,
  0xff, 0x3d, 0xff, 0x1c, 0xff, 0x3d, 0xff, 0x3d, 0xff, 0x3d, 0xff, 0x3d,
  0xff, 0x3d, 0xff, 0x1c, 0xff, 0x3d, 0xff, 0x7e, 0xfe, 0x3b, 0xb3, 0xd2,
  0xb5, 0x18, 0xd5, 0xbb, 0xb5, 0x9a, 0xd6, 0x5c, 0xd6, 0x5d, 0xbd, 0x9a,
  0xc5, 0xfb, 0xde, 0x9e, 0xbd, 0xbb, 0xbd, 0x9a, 0xb5, 0x79, 0xce, 0x1b,
  0xde, 0x78, 0xe6, 0x98, 0xee, 0xd9, 0xf7, 0x1a, 0xff, 0x5b, 0xff, 0x3a,
  0xff, 0x3b, 0xff, 0x3b, 0xf7, 0x3b, 0xff, 0x3a, 0xff, 0x5b, 0xff, 0x3a,
  0xff, 0x5b, 0xff, 0x3a, 0xf7, 0x3b, 0xff, 0x3a, 0xf7, 0x3b, 0xff, 0x3a,
  0xf7, 0x3b, 0xff, 0x3a, 0xff, 0x3b, 0xff, 0x3a, 0xff, 0x5b, 0xff, 0x1a,
  0xe6, 0xf9, 0xf7, 0x19, 0xff, 0x3a, 0xff, 0x3a, 0xff, 0x3a, 0xff, 0x5a,
  0xff, 0x3a, 0xff, 0x5b, 0xff, 0x5a, 0xf7, 0x3a, 0xff, 0x9d, 0xff, 0xff,
  0xff, 0xff, 0xff, 0xff, 0xff, 0xbf, 0xf7, 0x1c, 0xfe, 0x9a, 0xf6, 0x7a,
  0xfe, 0x59, 0xee, 0x39, 0xf5, 0xf8, 0xf6, 0x59, 0xfe, 0xba, 0xee, 0x9a,
  0xfe, 0x9a, 0xf6, 0x9a, 0xf6, 0x79, 0xfe, 0xdb, 0xfe, 0xfb, 0xee, 0x59,
  0xcd, 0x36, 0x9b, 0xd0, 0x52, 0x6c, 0x31, 0xa9, 0x21, 0x89, 0x29, 0xea,
  0x39, 0xea, 0x3a, 0x2b, 0x3a, 0x0a, 0x3a, 0x0b, 0x42, 0x2b, 0x3a, 0x2b,
  0x42, 0x2b, 0x42, 0x4c, 0x52, 0x8d, 0x4a, 0x8d, 0x62, 0xab, 0xbd, 0x97,
  0xff, 0x7b, 0xc5, 0x94, 0xff, 0x1a, 0xff, 0x5b, 0xff, 0x3a, 0xff, 0x5b,
  0xff, 0x3a, 0xff, 0x5b, 0xff, 0x3a, 0xff, 0x5b, 0xff, 0x5a, 0xff, 0x7b,
  0xbd, 0x77, 0xb5, 0x78, 0xd6, 0x3c, 0xce, 0x1c, 0xbd, 0x99, 0xce, 0x5c,
  0xd6, 0x3b, 0xde, 0x9d, 0xbd, 0x79, 0xc5, 0xdb, 0xe6, 0xfc, 0xf7, 0x7e,
  0xf6, 0x9c, 0xe6, 0x5c, 0xe6, 0x3b, 0xc5, 0x99, 0xff, 0x3e, 0xa4, 0x53,
  0xf6, 0x5a, 0xfe, 0xdc, 0xff, 0x1c, 0xff, 0x3d, 0xff, 0x3c, 0xff, 0x5d,
  0xff, 0x3c, 0xff, 0x3d, 0xff, 0x1c, 0xff, 0x5d, 0xff, 0x3d, 0xe5, 0x97,
  0xab, 0x92, 0xbc, 0x76, 0xde, 0xde, 0xbd, 0xfb, 0xc5, 0x99, 0xd6, 0x5d,
  0xbd, 0x99, 0xbd, 0xda, 0xd6, 0x3b, 0xc5, 0xfb, 0xc5, 0xbb, 0xbd, 0x9a,
  0xde, 0xbc, 0xff, 0xff, 0xff, 0x7c, 0xc5, 0xf6, 0xf6, 0xd9, 0xf6, 0xfa,
  0xff, 0x3a, 0xff, 0x5b, 0xff, 0x3a, 0xff, 0x5b, 0xff, 0x3a, 0xff, 0x5b,
  0xff, 0x3a, 0xff, 0x3a, 0xff, 0x5a, 0xff, 0x5a, 0xff, 0x3a, 0xff, 0x3a,
  0xff, 0x3a, 0xff, 0x3a, 0xff, 0x3a, 0xff, 0x5b, 0xff, 0x3a, 0xff, 0x5a,
  0xff, 0x5a, 0xf7, 0x19, 0xf7, 0x5b, 0xf7, 0x7c, 0xff, 0x5b, 0xff, 0x3a,
  0xff, 0x3b, 0xff, 0x3a, 0xff, 0x3b, 0xff, 0x3b, 0xff, 0x5b, 0xff, 0x3a,
  0xf7, 0x9d, 0xff, 0xfe, 0xff, 0x5e, 0xee, 0x7a, 0xed, 0xd8, 0xed, 0xb7,
  0xf6, 0xba, 0xfe, 0xfb, 0xff, 0x5d, 0xff, 0x3c, 0xff, 0x7d, 0xff, 0x5d,
  0xff, 0x5d, 0xff, 0x7d, 0xff, 0x9d, 0xff, 0x7d, 0xff, 0x9e, 0xff, 0x7d,
  0xff, 0x3d, 0xfe, 0xfc, 0xfe, 0xfc, 0xfe, 0xdb, 0xf6, 0x9b, 0xdd, 0x76,
  0x94, 0x33, 0x62, 0x8c, 0x29, 0xaa, 0x29, 0x89, 0x32, 0x0b, 0x31, 0xeb,
  0x31, 0xeb, 0x39, 0xeb, 0x3a, 0x0b, 0x3a, 0x0b, 0x3a, 0x4c, 0x4a, 0x4c,
  0x4a, 0x8d, 0x52, 0x8d, 0x94, 0x51, 0xee, 0xdb, 0xff, 0x5b, 0xff, 0x3a,
  0xff, 0x5b, 0xff, 0x3a, 0xff, 0x5b, 0xff, 0x5b, 0xff, 0x5b, 0xff, 0x1a,
  0xff, 0x7c, 0xee, 0x99, 0xa5, 0x18, 0xce, 0x1b, 0xe6, 0xfe, 0xd6, 0x3b,
  0xbd, 0xbb, 0xc5, 0xba, 0xb5, 0x59, 0xd6, 0x3c, 0xef, 0x3f, 0xe6, 0xfd,
  0xe6, 0x9d, 0xdd, 0xfa, 0xe6, 0x1b, 0xee, 0x3c, 0xe6, 0xdd, 0xcd, 0xd9,
  0xfe, 0xff, 0xa3, 0xf2, 0xd4, 0xb6, 0xfe, 0x1b, 0xff, 0x5d, 0xff, 0x3d,
  0xff, 0x3d, 0xff, 0x1c, 0xff, 0x3d, 0xff, 0x3d, 0xff, 0x5e, 0xfe, 0xdc,
  0xcc, 0x35, 0xbb, 0x92, 0xd6, 0x5d, 0xc5, 0xba, 0xd6, 0x7d, 0xce, 0x1b,
  0xc6, 0x1b, 0xde, 0xbd, 0xbd, 0xda, 0xd6, 0x5c, 0xbd, 0xdc, 0xbd, 0x5a,
  0xbd, 0xda, 0xf7, 0x5f, 0xff, 0xff, 0xef, 0x7d, 0xe6, 0xfd, 0xa4, 0xd4,
  0xc4, 0x10, 0xf5, 0x75, 0xe6, 0x99, 0xff, 0x1a, 0xff, 0x5b, 0xff, 0x3b,
  0xff, 0x5b, 0xff, 0x5b, 0xff, 0x5b, 0xff, 0x1a, 0xf7, 0x3b, 0xff, 0x3b,
  0xf7, 0x3b, 0xff, 0x3a, 0xff, 0x5b, 0xff, 0x3a, 0xff, 0x5b, 0xff, 0x3a,
  0xff, 0x5b, 0xff, 0x3a, 0xf7, 0x3a, 0xf6, 0xf9, 0xff, 0x9e, 0xff, 0x9d,
  0xff, 0x3a, 0xff, 0x5a, 0xff, 0x3a, 0xff, 0x5a, 0xff, 0x3a, 0xff, 0x5b,
  0xff, 0x5a, 0xff, 0x7b, 0xfe, 0xb9, 0xf6, 0xba, 0xed, 0x97, 0xf6, 0x39,
  0xff, 0x1b, 0xff, 0x9d, 0xff, 0x7c, 0xff, 0x5c, 0xff, 0x5c, 0xff, 0x5c,
  0xff, 0x3b, 0xff, 0x5c, 0xff, 0x5c, 0xff, 0x7d, 0xff, 0x7c, 0xff, 0x7d,
  0xff, 0x3c, 0xf7, 0x1c, 0xf6, 0xda, 0xff, 0x1c, 0xff, 0x3c, 0xff, 0x7d,
  0xff, 0x7d, 0xff, 0xbe, 0xff, 0xbd, 0xff, 0x5c, 0xcd, 0x76, 0x83, 0x2e,
  0x31, 0xc9, 0x29, 0xa9, 0x31, 0xea, 0x32, 0x2b, 0x39, 0xea, 0x32, 0x0b,
  0x3a, 0x0a, 0x3a, 0x2b, 0x4a, 0x4c, 0x4a, 0x8d, 0x4a, 0x29, 0xb5, 0x76,
  0xff, 0x9b, 0xff, 0x3a, 0xff, 0x3a, 0xff, 0x5b, 0xff, 0x3a, 0xff, 0x5b,
  0xff, 0x5a, 0xff, 0x5a, 0xff, 0x5c, 0xbd, 0x75, 0xc5, 0x9a, 0xc5, 0xdb,
  0xd6, 0x5c, 0xce, 0x5c, 0xbd, 0x59, 0xc5, 0xbb, 0xde, 0x9b, 0xf7, 0x9f,
  0xf6, 0xfd, 0xd6, 0x1a, 0xe6, 0x1a, 0xf6, 0xbd, 0xf7, 0x3d, 0xff, 0xdf,
  0xff, 0xff, 0xd6, 0xdb, 0xff, 0x1e, 0xcd, 0xb9, 0xca, 0xf0, 0xf4, 0x56,
  0xf6, 0xdb, 0xff, 0x7e, 0xff, 0x7d, 0xff, 0x9e, 0xff, 0x7d, 0xf7, 0x3c,
  0xed, 0x17, 0xb3, 0x71, 0xac, 0x55, 0xcd, 0x9a, 0xd6, 0x7c, 0xb5, 0xb9,
  0xd6, 0x5c, 0xbd, 0x9a, 0xd6, 0x5c, 0xbd, 0xda, 0xd6, 0x5c, 0xd6, 0x9d,
  0xbd, 0x99, 0xd6, 0x7d, 0xff, 0xbe, 0xf7, 0x7e, 0xd6, 0x3a, 0xc5, 0xd9,
  0xc5, 0xfa, 0xc6, 0x3c, 0xbc, 0x11, 0xcc, 0xf4, 0xfe, 0xb8, 0xfe, 0xf9,
  0xee, 0xd9, 0xf7, 0x3b, 0xff, 0x3a, 0xff, 0x5b, 0xff, 0x3a, 0xff, 0x5b,
  0xff, 0x5a, 0xff, 0x5b, 0xff, 0x3a, 0xff, 0x5b, 0xff, 0x3a, 0xff, 0x3b,
  0xff, 0x3a, 0xff, 0x5b, 0xff, 0x3a, 0xff, 0x5b, 0xf7, 0x19, 0xef, 0x3a,
  0xff, 0x7c, 0xff, 0x9d, 0xff, 0x3b, 0xff, 0x3a, 0xff, 0x3b, 0xff, 0x3a,
  0xf7, 0x3b, 0xff, 0x5b, 0xfe, 0xfa, 0xed, 0xf6, 0xe5, 0x97, 0xfe, 0x59,
  0xf7, 0x1c, 0xff, 0x5c, 0xff, 0x7d, 0xff, 0x1b, 0xff, 0x5d, 0xff, 0x3c,
  0xff, 0x7d, 0xff, 0x7d, 0xff, 0x7d, 0xff, 0x7d, 0xff, 0x9d, 0xff, 0x5c,
  0xff, 0x5d, 0xff, 0x1c, 0xf6, 0xdb, 0xfe, 0xfb, 0xff, 0x5d, 0xff, 0x7d,
  0xff, 0x9e, 0xff, 0x7d, 0xff, 0x9d, 0xff, 0x5c, 0xf7, 0x5d, 0xff, 0x7d,
  0xff, 0xbe, 0xff, 0x7d, 0xd5, 0xd9, 0x82, 0xed, 0x29, 0xaa, 0x29, 0xaa,
  0x32, 0x0b, 0x31, 0xeb, 0x3a, 0x0b, 0x3a, 0x0b, 0x3a, 0x2c, 0x42, 0x2c,
  0x4a, 0x6c, 0x5a, 0xce, 0xee, 0xb9, 0xff, 0x5b, 0xff, 0x3a, 0xff, 0x5a,
  0xff, 0x5b, 0xff, 0x3b, 0xff, 0x5b, 0xff, 0x5b, 0xde, 0xbc, 0xb5, 0x35,
  0xbd, 0xbb, 0xb5, 0x7a, 0xc6, 0x1b, 0xde, 0x9d, 0xd6, 0x9c, 0xff, 0x9f,
  0xff, 0xbf, 0xe6, 0x7b, 0xd5, 0xda, 0xee, 0x7d, 0xf7, 0x9f, 0xff, 0xff,
  0xff, 0xff, 0xff, 0xdf, 0xff, 0xdf, 0xef, 0x3d, 0xdf, 0x1c, 0xf7, 0xbf,
  0xe4, 0x15, 0xd3, 0x72, 0xeb, 0xb4, 0xfc, 0x36, 0xed, 0x17, 0xec, 0xd6,
  0xec, 0x15, 0xdb, 0x52, 0xab, 0xd4, 0xd4, 0xd8, 0xc6, 0x3c, 0xc6, 0x1c,
  0xce, 0x3c, 0xcd, 0xfb, 0xce, 0x3c, 0xcd, 0xfb, 0xce, 0x1c, 0xce, 0x1b,
  0xc5, 0xdb, 0xbd, 0x9a, 0xe7, 0x3e, 0xf7, 0x7f, 0xd6, 0x9c, 0xbd, 0xb9,
  0xce, 0x1c, 0xd6, 0x5c, 0xd6, 0x5d, 0xde, 0x7d, 0xc5, 0xfa, 0x9c, 0xb4,
  0xf7, 0x3b, 0xff, 0x5b, 0xff, 0x3b, 0xf6, 0xfa, 0xf7, 0x3a, 0xff, 0x5b,
  0xff, 0x5b, 0xff, 0x3a, 0xf7, 0x3b, 0xff, 0x3a, 0xff, 0x5b, 0xff, 0x3a,
  0xff, 0x3b, 0xff, 0x3b, 0xff, 0x5b, 0xff, 0x3b, 0xff, 0x5b, 0xff, 0x3a,
  0xe7, 0x1a, 0xf7, 0x5b, 0xf7, 0x7d, 0xff, 0x7d, 0xff, 0x3a, 0xff, 0x3a,
  0xff, 0x3a, 0xff, 0x5a, 0xff, 0x5b, 0xee, 0x78, 0xed, 0x95, 0xfe, 0x38,
  0xfe, 0xda, 0xff, 0x3c, 0xff, 0x3b, 0xff, 0x3c, 0xff, 0x3b, 0xff, 0x5c,
  0xff, 0x7c, 0xff, 0x7d, 0xff, 0x3c, 0xff, 0x5c, 0xff, 0x5c, 0xff, 0x7c,
  0xff, 0x7d, 0xff, 0x9d, 0xff, 0x1c, 0xf7, 0x1c, 0xff, 0x1b, 0xff, 0x7d,
  0xff, 0x9d, 0xff, 0x9d, 0xff, 0x7c, 0xff, 0x9d, 0xff, 0x7d, 0xff, 0x9d,
  0xff, 0x7d, 0xff, 0x7d, 0xff, 0x7d, 0xff, 0x9d, 0xff, 0xbd, 0xff, 0x9d,
  0xd5, 0xb7, 0x6a, 0x8b, 0x21, 0x88, 0x32, 0x0b, 0x3a, 0x0a, 0x3a, 0x0b,
  0x42, 0x0b, 0x32, 0x0b, 0x42, 0x2b, 0x42, 0x4c, 0xd6, 0x16, 0xff, 0x9c,
  0xff, 0x5a, 0xff, 0x5a, 0xff, 0x3a, 0xff, 0x5b, 0xff, 0x1a, 0xff, 0x7b,
  0xc5, 0xb9, 0xb5, 0x57, 0xc5, 0xda, 0xde, 0xbe, 0xff, 0x9e, 0xff, 0xff,
  0xff, 0xff, 0xff, 0xff, 0xe6, 0x7c, 0xd5, 0xfa, 0xf7, 0x1c, 0xff, 0xbf,
  0xff, 0xff, 0xf7, 0x9e, 0xd6, 0x5b, 0xde, 0x9d, 0xce, 0x1a, 0xce, 0x5b,
  0xce, 0x19, 0xf7, 0x9f, 0xee, 0xdc, 0xce, 0x19, 0xe3, 0x94, 0xd3, 0x73,
  0xdb, 0x12, 0xdb, 0x33, 0xbc, 0x34, 0xcd, 0x18, 0xc5, 0xfa, 0xce, 0x7c,
  0xcd, 0xfa, 0xce, 0x3c, 0xd6, 0x3b, 0xce, 0x3c, 0xd6, 0x1b, 0xce, 0x3c,
  0xce, 0x1b, 0xce, 0x3c, 0xd6, 0x3a, 0xe7, 0x1e, 0xce, 0x3a, 0xbd, 0xd9,
  0xc5, 0xda, 0xce, 0x5c, 0xd6, 0x3b, 0xce, 0x3c, 0xd6, 0x3c, 0xc5, 0xfb,
  0xde, 0x9d, 0xb5, 0x79, 0xbd, 0xd5, 0xe7, 0x3b, 0xff, 0x19, 0xff, 0x7b,
  0xff, 0x3a, 0xff, 0x5b, 0xff, 0x5a, 0xff, 0x5b, 0xff, 0x3a, 0xff, 0x5a,
  0xff, 0x3a, 0xff, 0x5b, 0xff, 0x3a, 0xff, 0x5b, 0xff, 0x3a, 0xff, 0x5b,
  0xff, 0x5a, 0xee, 0xf9, 0xef, 0x1a, 0xf7, 0x9c, 0xf7, 0x5c, 0xf7, 0x7c,
  0xf7, 0x3a, 0xff, 0x3a, 0xff, 0x5b, 0xff, 0x5b, 0xed, 0xd7, 0xe5, 0x55,
  0xf6, 0xba, 0xfe, 0xda, 0xf7, 0x1c, 0xff, 0x3c, 0xff, 0x3c, 0xff, 0x3b,
  0xff, 0x3c, 0xff, 0x3c, 0xff, 0x7d, 0xff, 0x5c, 0xff, 0x7d, 0xff, 0x3c,
  0xff, 0x7d, 0xff, 0x7d, 0xff, 0x5d, 0xf6, 0xfb, 0xf6, 0xfb, 0xff, 0x1c,
  0xff, 0xbe, 0xff, 0x9d, 0xff, 0x9e, 0xff, 0x7d, 0xff, 0x7d, 0xff, 0x7d,
  0xff, 0x9d, 0xff, 0x7d, 0xff, 0x9e, 0xff, 0x9d, 0xff, 0x9e, 0xff, 0x7d,
  0xf7, 0x7d, 0xff, 0x9d, 0xff, 0xbf, 0xfe, 0xfb, 0x83, 0xb1, 0x41, 0x68,
  0x21, 0xca, 0x32, 0x0b, 0x32, 0x0b, 0x42, 0x4c, 0x42, 0x4c, 0x5a, 0xcd,
  0xf7, 0x3b, 0xff, 0x3b, 0xf7, 0x3b, 0xff, 0x3a, 0xff, 0x5b, 0xff, 0x3a,
  0xff, 0x7c, 0xf6, 0xd9, 0xc5, 0xf9, 0xe6, 0xdc, 0xef, 0x3d, 0xff, 0xdf,
  0xff, 0xff, 0xff, 0xff, 0xff, 0xff, 0xee, 0xfd, 0xcd, 0xfa, 0xf6, 0xfe,
  0xff, 0xff, 0xff, 0xff, 0xe7, 0x1f, 0xc5, 0xba, 0xbd, 0x9a, 0xd6, 0x5d,
  0xbd, 0xbb, 0xad, 0x18, 0xa5, 0x16, 0xff, 0x7f, 0xe7, 0x3d, 0xff, 0xbe,
  0xf7, 0xdf, 0xde, 0xfc, 0xce, 0x5c, 0xbd, 0xda, 0xb5, 0xbb, 0xbd, 0xdb,
  0xce, 0x1c, 0xd6, 0x3c, 0xce, 0x5c, 0xce, 0x1b, 0xd6, 0x9d, 0xd6, 0x5c,
  0xd6, 0x7d, 0xd6, 0x3c, 0xc5, 0xfb, 0xd6, 0x3b, 0xc6, 0x3b, 0xb5, 0x58,
  0xb5, 0x79, 0xde, 0x7d, 0xc5, 0xdb, 0xd6, 0x3c, 0xc5, 0xdb, 0xce, 0x1b,
  0xce, 0x1c, 0xcd, 0xfb, 0xc6, 0x1c, 0xd6, 0x3c, 0xa5, 0x36, 0xce, 0x3a,
  0xe7, 0x19, 0xe6, 0xf8, 0xf7, 0x3b, 0xff, 0x3a, 0xff, 0x5b, 0xff, 0x3a,
  0xf7, 0x3b, 0xff, 0x1a, 0xff, 0x5b, 0xff, 0x3a, 0xf7, 0x5b, 0xff, 0x3a,
  0xff, 0x5b, 0xff, 0x3a, 0xdf, 0x1a, 0xe6, 0xf9, 0xe7, 0x1b, 0xef, 0x5b,
  0xf7, 0x5c, 0xf7, 0x7c, 0xff, 0x5a, 0xf7, 0x5a, 0xff, 0x3a, 0xee, 0x57,
  0xe5, 0x95, 0xfe, 0x99, 0xff, 0x1a, 0xff, 0x3b, 0xff, 0x3b, 0xff, 0x5c,
  0xff, 0x3b, 0xff, 0x3c, 0xff, 0x5c, 0xff, 0x7c, 0xff, 0x3b, 0xff, 0x7c,
  0xff, 0x5c, 0xff, 0x5c, 0xff, 0x7c, 0xff, 0x7d, 0xff, 0x1b, 0xf7, 0x1c,
  0xff, 0x7c, 0xff, 0x9d, 0xff, 0x7c, 0xff, 0x7d, 0xff, 0x7c, 0xff, 0xbe,
  0xff, 0x9d, 0xff, 0x7d, 0xff, 0x7c, 0xff, 0x9d, 0xff, 0x7d, 0xff, 0x7d,
  0xff, 0x9d, 0xff, 0x9d, 0xff, 0x7d, 0xff, 0x7d, 0xff, 0x7c, 0xff, 0x7d,
  0xfe, 0xbb, 0xd5, 0x96, 0x52, 0x8c, 0x29, 0x88, 0x3a, 0x0b, 0x3a, 0x4c,
  0x41, 0xe8, 0xa5, 0x15, 0xff, 0x9b, 0xff, 0x3a, 0xff, 0x5b, 0xff, 0x5b,
  0xff, 0x3a, 0xff, 0x7b, 0xe6, 0xb9, 0xbd, 0x75, 0xef, 0x1c, 0xff, 0xdf,
  0xf7, 0x7d, 0xff, 0xdf, 0xff, 0x9d, 0xff, 0xff, 0xff, 0x5f, 0xd6, 0x1a,
  0xf7, 0x3d, 0xff, 0xbf, 0xf7, 0x5e, 0xe7, 0x1d, 0xc5, 0xba, 0xbd, 0xbb,
  0xc5, 0xba, 0xd6, 0x5d, 0xcd, 0xdb, 0xb5, 0x7a, 0xac, 0xf7, 0xb5, 0x99,
  0xff, 0xdf, 0xde, 0xfc, 0xff, 0xdf, 0xff, 0xbe, 0xff, 0xbe, 0xff, 0xdf,
  0xf7, 0x5e, 0xde, 0xbc, 0xc5, 0x9a, 0xbd, 0x9b, 0xcd, 0xfb, 0xde, 0x9d,
  0xce, 0x1b, 0xc5, 0xdb, 0xc5, 0xda, 0xc5, 0xfb, 0xcd, 0xfa, 0xbd, 0x99,
  0xc5, 0x9a, 0xbd, 0xba, 0xde, 0x7c, 0xce, 0x1b, 0xcd, 0xfb, 0xce, 0x3c,
  0xc5, 0xb9, 0xd6, 0x5c, 0xcd, 0xfb, 0xce, 0x5c, 0xc5, 0x99, 0xde, 0x9d,
  0xc5, 0xb9, 0xad, 0x38, 0xe6, 0xfa, 0xe7, 0x3b, 0xe6, 0xd7, 0xe7, 0x19,
  0xff, 0x3a, 0xff, 0x5b, 0xff, 0x3a, 0xff, 0x5b, 0xff, 0x3a, 0xff, 0x5b,
  0xff, 0x3a, 0xff, 0x5b, 0xf7, 0x39, 0xe6, 0xf8, 0xde, 0xf9, 0xe7, 0x5b,
  0xef, 0x1a, 0xef, 0x5c, 0xf7, 0x5c, 0xf7, 0x7c, 0xf7, 0x3a, 0xff, 0x5b,
  0xf6, 0x18, 0xe5, 0x55, 0xf6, 0xba, 0xfe, 0x99, 0xf7, 0x1b, 0xff, 0x1b,
  0xff, 0x3c, 0xff, 0x3c, 0xff, 0x3c, 0xff, 0x3c, 0xff, 0x5c, 0xff, 0x5c,
  0xff, 0x7d, 0xff, 0x7d, 0xff, 0x7d, 0xff, 0x7c, 0xff, 0x5d, 0xfe, 0xfb,
  0xf6, 0xfc, 0xff, 0x3c, 0xff, 0x9d, 0xff, 0x5c, 0xff, 0x9d, 0xff, 0x9d,
  0xff, 0x7d, 0xff, 0x7c, 0xff, 0x9d, 0xff, 0x9d, 0xff, 0xbe, 0xff, 0x7d,
  0xff, 0x7d, 0xff, 0x7d, 0xff, 0x9e, 0xff, 0x7d, 0xff, 0x7d, 0xff, 0x7d,
  0xff, 0x9e, 0xff, 0x7d, 0xf6, 0xfb, 0xff, 0x3c, 0xf7, 0x1d, 0x83, 0x4e,
  0x21, 0x8a, 0x31, 0xeb, 0x52, 0x6a, 0xee, 0xfc, 0xff, 0x5b, 0xff, 0x3a,
  0xff, 0x5b, 0xff, 0x3a, 0xff, 0x7c, 0xee, 0xb9, 0xce, 0x5a, 0xde, 0xdc,
  0xff, 0xdf, 0xff, 0xbf, 0xef, 0x7e, 0xff, 0xdf, 0xf7, 0x9f, 0xf7, 0x5d,
  0xd6, 0x3a, 0xf6, 0xfd, 0xff, 0xff, 0xef, 0x3d, 0xbd, 0x9a, 0xd6, 0x5c,
  0xc5, 0xfc, 0xbd, 0x9a, 0xbd, 0xbb, 0xd6, 0x3c, 0xce, 0x1c, 0xc5, 0xba,
  0xb5, 0x9a, 0xa4, 0xd7, 0xbd, 0xf9, 0xde, 0xbc, 0xff, 0xff, 0xff, 0xdf,
  0xff, 0x9e, 0xff, 0x9e, 0xff, 0xff, 0xff, 0xbf, 0xde, 0x1b, 0xe6, 0x7c,
  0xde, 0xbe, 0xce, 0x1b, 0xb5, 0x59, 0xb5, 0x58, 0xd6, 0x7b, 0xde, 0xbc,
  0xbd, 0xbb, 0xc5, 0xba, 0xbd, 0xbb, 0xcd, 0xfb, 0xd6, 0x7d, 0xbd, 0x79,
  0xce, 0x5d, 0xc5, 0xdb, 0xbd, 0xdb, 0xd6, 0x3c, 0xc5, 0xdb, 0xde, 0x7d,
  0xb5, 0x79, 0xd6, 0x5c, 0xce, 0x3d, 0xbd, 0xba, 0xad, 0x36, 0xef, 0x1d,
  0xef, 0x7b, 0xe6, 0xf9, 0xde, 0xf9, 0xe6, 0xf9, 0xef, 0x1a, 0xf7, 0x3a,
  0xf7, 0x3a, 0xff, 0x1a, 0xef, 0x3a, 0xee, 0xf9, 0xd6, 0xfa, 0xde, 0xf9,
  0xdf, 0x1b, 0xe6, 0xfa, 0xe7, 0x3b, 0xef, 0x3b, 0xef, 0x5c, 0xf7, 0x5c,
  0xff, 0x5b, 0xf6, 0xb8, 0xe5, 0x54, 0xfe, 0x79, 0xfe, 0xd9, 0xff, 0x3b,
  0xff, 0x5b, 0xff, 0x7c, 0xff, 0x5c, 0xff, 0x7c, 0xff, 0x7c, 0xff, 0x9d,
  0xff, 0x5c, 0xff, 0x3c, 0xff, 0x3b, 0xff, 0x5c, 0xff, 0x5c, 0xff, 0x9d,
  0xff, 0x3c, 0xf7, 0x1b, 0xff, 0x3b, 0xff, 0x5c, 0xff, 0x7c, 0xff, 0x9d,
  0xff, 0x9d, 0xff, 0x9d, 0xff, 0x7c, 0xff, 0x9d, 0xff, 0x9d, 0xff, 0x7d,
  0xff, 0x7c, 0xff, 0x9d, 0xff, 0xbd, 0xff, 0x9d, 0xff, 0x7c, 0xff, 0x9d,
  0xff, 0x7d, 0xff, 0x9d, 0xff, 0x9d, 0xff, 0x9d, 0xf6, 0xfb, 0xf6, 0xfc,
  0xff, 0x9d, 0xff, 0xbd, 0x9c, 0x94, 0x29, 0x26, 0x9c, 0x70, 0xff, 0xde,
  0xff, 0x39, 0xff, 0x5a, 0xff, 0x3a, 0xff, 0x7b, 0xf6, 0xfa, 0xd6, 0x37,
  0xff, 0xbf, 0xd6, 0x7b, 0xff, 0xff, 0xff, 0xff, 0xf7, 0x5d, 0xff, 0xdf,
  0xff, 0x7e, 0xef, 0x1d, 0xcd, 0xd8, 0xff, 0xff, 0xf7, 0x5f, 0xbd, 0xb9,
  0xbd, 0x99, 0xce, 0x5c, 0xd6, 0x3c, 0xbd, 0x9a, 0xc5, 0x99, 0xd6, 0x5c,
  0xe6, 0xbd, 0xc5, 0xda, 0xc5, 0xb9, 0xef, 0x3f, 0xd6, 0x7a, 0xbd, 0xd8,
  0xf7, 0x7d, 0xf7, 0xbf, 0xff, 0x9e, 0xef, 0x5d, 0xff, 0x3e, 0xe6, 0xdc,
  0xcd, 0x98, 0xe6, 0x7c, 0xef, 0x3d, 0xde, 0xbb, 0xef, 0x1c, 0xe7, 0x3d,
  0xf7, 0x3f, 0xc5, 0xfa, 0xc5, 0x9a, 0xc5, 0xbb, 0xbd, 0x79, 0xde, 0xde,
  0xd6, 0x5c, 0xbd, 0xba, 0xd6, 0x5c, 0xbd, 0xba, 0xcd, 0xfb, 0xce, 0x1c,
  0xbd, 0x99, 0xde, 0x9d, 0xc5, 0xb9, 0xc5, 0xfb, 0xef, 0x1e, 0xce, 0x3b,
  0xbd, 0x78, 0xb5, 0x98, 0xff, 0x9c, 0xf7, 0x7c, 0xf7, 0x5b, 0xef, 0x5b,
  0xe7, 0x19, 0xd6, 0xd8, 0xd6, 0xd7, 0xce, 0xd7, 0xce, 0x97, 0xd6, 0xf9,
  0xe6, 0xf9, 0xdf, 0x1a, 0xe6, 0xfa, 0xe7, 0x3b, 0xef, 0x3a, 0xef, 0x5b,
  0xf7, 0x3b, 0xf7, 0x7c, 0xfe, 0xfa, 0xdd, 0x74, 0xee, 0x59, 0xfe, 0x99,
  0xf6, 0xfb, 0xff, 0x1b, 0xff, 0x3b, 0xff, 0x1b, 0xff, 0x3c, 0xff, 0x1b,
  0xff, 0x5c, 0xff, 0x3b, 0xff, 0x5c, 0xff, 0x7c, 0xff, 0x9d, 0xff, 0x7d,
  0xff, 0x9d, 0xff, 0x3c, 0xf6, 0xdb, 0xfe, 0xfb, 0xff, 0x7d, 0xff, 0x9d,
  0xff, 0x9d, 0xff, 0x7c, 0xff, 0x7d, 0xff, 0x7d, 0xff, 0x7e, 0xff, 0x7d,
  0xff, 0x7d, 0xff, 0x7d, 0xff, 0x9e, 0xff, 0x7d, 0xff, 0x5d, 0xff, 0x7d,
  0xff, 0x9e, 0xff, 0x5d, 0xff, 0x7d, 0xff, 0x9d, 0xff, 0x9d, 0xff, 0x7d,
  0xf6, 0xfc, 0xff, 0x1c, 0xff, 0x7d, 0xff, 0x5c, 0xff, 0xbf, 0xac, 0x52,
  0xcd, 0xd6, 0xff, 0x9c, 0xf7, 0x3b, 0xff, 0x3a, 0xff, 0x7c, 0xf7, 0x1a,
  0xb5, 0x96, 0xf7, 0x3d, 0xe7, 0x3d, 0xe6, 0xfc, 0xff, 0xdf, 0xff, 0x9e,
  0xef, 0x3d, 0xff, 0x9e, 0xf7, 0x9f, 0xf7, 0x5d, 0xd6, 0x9b, 0xff, 0xff,
  0xc5, 0xfb, 0xbd, 0x9a, 0xbd, 0x9b, 0xbd, 0x9a, 0xde, 0xde, 0xd6, 0x3b,
  0xbd, 0xba, 0xd6, 0x3c, 0xd6, 0x7d, 0xbd, 0x9a, 0xbd, 0xd9, 0xff, 0xdf,
  0xff, 0xff, 0xef, 0x5d, 0xde, 0xbc, 0xee, 0xfc, 0xe7, 0x1d, 0xe6, 0xfc,
  0xde, 0xdc, 0xe6, 0xdc, 0xef, 0x3d, 0xf7, 0x5d, 0xf7, 0x7e, 0xff, 0xff,
  0xef, 0x5e, 0xe6, 0xfd, 0xbd, 0x9b, 0xbd, 0x9a, 0xbd, 0xbb, 0xbd, 0x9a,
  0xce, 0x3c, 0xe6, 0xbd, 0xce, 0x1b, 0xc5, 0xda, 0xde, 0xbe, 0xc5, 0xba,
  0xc5, 0xfb, 0xde, 0x7d, 0xb5, 0x99, 0xde, 0x9d, 0xde, 0xbe, 0xc5, 0x99,
  0xde, 0x9e, 0xc5, 0xba, 0xbd, 0xbb, 0xbd, 0x7a, 0xbd, 0xb7, 0xf7, 0x5d,
  0xf7, 0x5c, 0xff, 0x5c, 0xf7, 0x7d, 0xff, 0x7c, 0xef, 0x7c, 0xef, 0x3b,
  0xdf, 0x3b, 0xde, 0xf9, 0xce, 0xf9, 0xd6, 0xf9, 0xce, 0xd9, 0xd6, 0xd9,
  0xde, 0xfa, 0xde, 0xf9, 0xdf, 0x1b, 0xe7, 0x3b, 0xf5, 0xf7, 0xed, 0xf7,
  0xfe, 0x99, 0xf6, 0xda, 0xff, 0x1a, 0xff, 0x1b, 0xff, 0x3b, 0xff, 0x5b,
  0xff, 0x5b, 0xff, 0x5c, 0xff, 0x7c, 0xff, 0x7c, 0xff, 0x5c, 0xff, 0x5c,
  0xff, 0x3b, 0xff, 0x5c, 0xff, 0x7c, 0xff, 0x5c, 0xff, 0x1b, 0xff, 0x9d,
  0xff, 0x7c, 0xff, 0x7c, 0xff, 0x7c, 0xff, 0x9d, 0xff, 0x9d, 0xff, 0x9d,
  0xff, 0x5c, 0xff, 0x7d, 0xff, 0x7d, 0xff, 0x7d, 0xff, 0x7c, 0xff, 0x9d,
  0xff, 0x9d, 0xff, 0x9d, 0xff, 0x7c, 0xff, 0xbe, 0xff, 0xbd, 0xff, 0x9d,
  0xff, 0x7c, 0xff, 0x9d, 0xf6, 0xfb, 0xff, 0x5c, 0xff, 0x9d, 0xf7, 0x5d,
  0xff, 0x3c, 0xff, 0x5d, 0xed, 0xf6, 0xfe, 0xda, 0xff, 0x5b, 0xff, 0x7b,
  0xe6, 0xb9, 0xce, 0x38, 0xde, 0x9a, 0xff, 0xbf, 0xef, 0x1c, 0xef, 0x3d,
  0xf7, 0x7d, 0xff, 0xff, 0xf7, 0x5d, 0xef, 0x5d, 0xff, 0x7e, 0xde, 0xdc,
  0xd6, 0x3a, 0xde, 0xdd, 0xcd, 0xfb, 0xbd, 0xba, 0xc5, 0xba, 0xbd, 0xba,
  0xde, 0x9c, 0xde, 0xdd, 0xc5, 0xba, 0xc6, 0x1b, 0xc5, 0xbb, 0xbd, 0x9a,
  0xd6, 0x7b, 0xff, 0xbf, 0xd6, 0x59, 0xf7, 0x7e, 0xff, 0xdf, 0xff, 0xbe,
  0xff, 0xbe, 0xff, 0xff, 0xff, 0xff, 0xff, 0xff, 0xff, 0xdf, 0xff, 0xbf,
  0xff, 0xff, 0xe6, 0xfc, 0xde, 0x7c, 0xc5, 0xda, 0xc5, 0x9a, 0xbd, 0xbb,
  0xc5, 0xba, 0xc5, 0xdb, 0xde, 0x7d, 0xbd, 0xba, 0xbd, 0x99, 0xce, 0x5c,
  0xe6, 0xbd, 0xc5, 0xfa, 0xce, 0x1a, 0xe7, 0x1f, 0xc5, 0x99, 0xd6, 0x7d,
  0xde, 0x7c, 0xbd, 0x99, 0xd6, 0x3c, 0xce, 0x1b, 0xbd, 0x7a, 0xc5, 0xdb,
  0xb5, 0x77, 0xd6, 0x7b, 0xff, 0x7c, 0xf7, 0x7c, 0xff, 0x7c, 0xf7, 0x7d,
  0xff, 0x7d, 0xff, 0x9d, 0xff, 0x9d, 0xff, 0x9d, 0xff, 0x7c, 0xff, 0x9d,
  0xf7, 0x7c, 0xf7, 0x9c, 0xf7, 0x7c, 0xf7, 0x9d, 0xff, 0x9d, 0xf7, 0xbd,
  0xdd, 0x96, 0xfe, 0x79, 0xee, 0x99, 0xfe, 0xfa, 0xff, 0x1b, 0xff, 0x1b,
  0xff, 0x5c, 0xff, 0x3b, 0xff, 0x3b, 0xff, 0x3b, 0xff, 0x3c, 0xff, 0x1b,
  0xff, 0x3c, 0xff, 0x5c, 0xff, 0x7d, 0xff, 0x9d, 0xff, 0x1c, 0xf6, 0xdb,
  0xf7, 0x5c, 0xff, 0x9d, 0xff, 0x9d, 0xff, 0xbd, 0xff, 0x9e, 0xff, 0x5c,
  0xff, 0x5d, 0xff, 0x7d, 0xff, 0xbe, 0xff, 0x9d, 0xff, 0x7d, 0xff, 0x7d,
  0xff, 0x9e, 0xff, 0x7d, 0xff, 0x7d, 0xff, 0x7d, 0xff, 0x9e, 0xff, 0x7d,
  0xff, 0x9d, 0xff, 0x9d, 0xff, 0x9e, 0xff, 0x1c, 0xf7, 0x1c, 0xff, 0x5d,
  0xff, 0x7d, 0xff, 0x7d, 0xf7, 0x5d, 0xff, 0x5d, 0xfe, 0x9a, 0xe5, 0xb6,
  0xff, 0x3b, 0xde, 0x17, 0xd6, 0x9b, 0xde, 0xbb, 0xf7, 0x9e, 0xf7, 0x3d,
  0xef, 0x7e, 0xef, 0x3d, 0xef, 0x7e, 0xff, 0xff, 0xef, 0x7e, 0xf7, 0x5d,
  0xef, 0x1e, 0xcd, 0xb9, 0xad, 0x18, 0xc5, 0x9a, 0xd6, 0x9e, 0xc5, 0xba,
  0xc5, 0xfc, 0xbd, 0x9a, 0xce, 0x5c, 0xd6, 0x5c, 0xb5, 0x9a, 0xce, 0x1c,
  0xc5, 0xfc, 0xb5, 0x59, 0xe6, 0xde, 0xee, 0xfe, 0xc5, 0xb9, 0xff, 0x5f,
  0xff, 0xff, 0xff, 0x9e, 0xf7, 0x9e, 0xff, 0x9e, 0xff, 0xdf, 0xff, 0xff,
  0xff, 0xff, 0xff, 0xff, 0xef, 0x5e, 0xd6, 0x5a, 0xbd, 0xbb, 0xc5, 0x9a,
  0xbd, 0xbb, 0xc5, 0xba, 0xbd, 0xba, 0xde, 0x7d, 0xce, 0x3c, 0xbd, 0x9a,
  0xbd, 0x9a, 0xde, 0x7d, 0xbd, 0xbb, 0xbd, 0x79, 0xce, 0x1c, 0xd6, 0x5c,
  0xbd, 0x9a, 0xce, 0x1c, 0xce, 0x1c, 0xbd, 0x9a, 0xc5, 0xfb, 0xd6, 0x5d,
  0xc5, 0xfb, 0xc5, 0xba, 0xbd, 0xda, 0xbd, 0x99, 0xde, 0xfa, 0xf7, 0x7c,
  0xf7, 0x7d, 0xff, 0x5c, 0xf7, 0x9d, 0xff, 0x7d, 0xf7, 0x7d, 0xff, 0x9d,
  0xf7, 0x9d, 0xff, 0x9d, 0xff, 0x9e, 0xff, 0x9d, 0xff, 0xbe, 0xff, 0x9d,
  0xff, 0x9e, 0xff, 0x9e, 0xf6, 0x17, 0xf6, 0x79, 0xfe, 0xd9, 0xff, 0x3b,
  0xff, 0x1a, 0xff, 0x1b, 0xff, 0x1a, 0xff, 0x3b, 0xff, 0x1b, 0xff, 0x5c,
  0xff, 0x5c, 0xff, 0x7c, 0xff, 0x7c, 0xff, 0x7c, 0xff, 0x5c, 0xff, 0x7c,
  0xfe, 0xda, 0xff, 0x1b, 0xff, 0x9d, 0xff, 0x9d, 0xff, 0x5c, 0xff, 0x5c,
  0xff, 0x7d, 0xff, 0xbe, 0xff, 0x9d, 0xff, 0x9d, 0xff, 0x5c, 0xff, 0x9d,
  0xff, 0x9d, 0xff, 0xbd, 0xff, 0x7d, 0xff, 0x7d, 0xff, 0x9d, 0xff, 0x7d,
  0xff, 0x5c, 0xff, 0x9d, 0xff, 0x9d, 0xff, 0x7d, 0xff, 0x9d, 0xff, 0x7d,
  0xff, 0x1b, 0xff, 0x7d, 0xff, 0x9d, 0xff, 0x5c, 0xff, 0x5c, 0xff, 0x7d,
  0xff, 0x5d, 0xee, 0x7a, 0xc5, 0x34, 0xf7, 0x1c, 0xf7, 0x3d, 0xde, 0xbb,
  0xff, 0xdf, 0xe6, 0xdb, 0xff, 0xbe, 0xf7, 0x9e, 0xf7, 0x3c, 0xff, 0xff,
  0xef, 0x1c, 0xe6, 0xfc, 0xee, 0xdd, 0xcd, 0xf9, 0xb5, 0x59, 0xbd, 0xbb,
  0xc5, 0xda, 0xde, 0xde, 0xd6, 0x5c, 0xbd, 0xba, 0xcd, 0xfb, 0xce, 0x3c,
  0xbd, 0x99, 0xce, 0x1c, 0xcd, 0xfb, 0xbd, 0x9a, 0xee, 0xfd, 0xde, 0xbc,
  0xdd, 0xfa, 0xd6, 0x1b, 0xff, 0xff, 0xff, 0xff, 0xff, 0x7d, 0xff, 0x9e,
  0xff, 0x7d, 0xff, 0x9e, 0xff, 0xbe, 0xf7, 0x7d, 0xc5, 0xda, 0xbd, 0xb9,
  0xc5, 0x9a, 0xbd, 0xbb, 0xbd, 0x9a, 0xbd, 0xbb, 0xc5, 0xda, 0xe6, 0xfe,
  0xde, 0x5c, 0xc5, 0xfb, 0xc5, 0xda, 0xd6, 0x5c, 0xc5, 0x9a, 0xbd, 0x9a,
  0xd6, 0x1b, 0xce, 0x1b, 0xc5, 0xba, 0xce, 0x3c, 0xd6, 0x3c, 0xbd, 0x9a,
  0xc5, 0xba, 0xde, 0x9d, 0xde, 0x9d, 0xc5, 0xfb, 0xbd, 0x9a, 0xbd, 0x9a,
  0xd6, 0x58, 0xef, 0x5d, 0xf7, 0x5b, 0xf7, 0x9d, 0xff, 0x7c, 0xff, 0x9d,
  0xff, 0x9d, 0xf7, 0x9d, 0xff, 0x9d, 0xff, 0x9d, 0xff, 0x7c, 0xff, 0x9d,
  0xff, 0x9d, 0xff, 0xbd, 0xff, 0x9d, 0xff, 0xbe, 0xf6, 0x99, 0xf6, 0x58,
  0xff, 0x1b, 0xff, 0x1b, 0xff, 0x5b, 0xff, 0x3b, 0xff, 0x5c, 0xff, 0x3b,
  0xff, 0x3c, 0xff, 0x3c, 0xff, 0x3c, 0xff, 0x1b, 0xff, 0x5c, 0xff, 0x3c,
  0xff, 0x7d, 0xff, 0x5c, 0xf7, 0x1b, 0xff, 0x5c, 0xff, 0x7d, 0xff, 0x5c,
  0xff, 0x9d, 0xff, 0xbd, 0xff, 0x9d, 0xff, 0x5c, 0xff, 0x7d, 0xff, 0x7d,
  0xff, 0xbe, 0xff, 0x9d, 0xff, 0x7d, 0xff, 0x7d, 0xff, 0x9d, 0xff, 0x9d,
  0xff, 0x7d, 0xff, 0x7d, 0xff, 0x9e, 0xff, 0x7d, 0xff, 0x7d, 0xff, 0x9d,
  0xff, 0x7d, 0xf6, 0xfb, 0xff, 0x7d, 0xff, 0x9e, 0xff, 0x5d, 0xff, 0x7d,
  0xff, 0x7d, 0xff, 0x5d, 0xff, 0x5d, 0xff, 0x5d, 0xd5, 0x98, 0xfe, 0xdc,
  0xde, 0xbb, 0xf7, 0x5d, 0xff, 0xbf, 0xe6, 0xdb, 0xff, 0xff, 0xff, 0x9e,
  0xe7, 0x1d, 0xff, 0x9e, 0xde, 0x5c, 0xd5, 0xda, 0xcd, 0xfa, 0xe6, 0xbd,
  0xb5, 0x9a, 0xc5, 0xda, 0xbd, 0x9a, 0xde, 0x7d, 0xd6, 0x9d, 0xc5, 0xba,
  0xc5, 0xdb, 0xd6, 0x5d, 0xb5, 0x79, 0xce, 0x1c, 0xd6, 0x9e, 0xbd, 0x9a,
  0xee, 0xde, 0xcd, 0xda, 0xde, 0x1c, 0xdd, 0xdb, 0xef, 0x3e, 0xff, 0xff,
  0xff, 0xdf, 0xff, 0x9e, 0xf7, 0x7e, 0xff, 0x7e, 0xff, 0x9e, 0xe6, 0xdb,
  0xde, 0xff, 0xbd, 0xb9, 0xbd, 0xbb, 0xbd, 0x9a, 0xbd, 0xbb, 0xc5, 0x9a,
  0xd6, 0x9d, 0xd6, 0x5c, 0xce, 0x3c, 0xc5, 0xba, 0xc6, 0x1b, 0xde, 0x7d,
  0xc5, 0xdb, 0xbd, 0x9a, 0xd6, 0x5d, 0xce, 0x1b, 0xbd, 0x9a, 0xcd, 0xfb,
  0xd6, 0x9e, 0xcd, 0xfb, 0xbd, 0xba, 0xd6, 0x3c, 0xde, 0xbe, 0xc5, 0xda,
  0xbd, 0xbb, 0xc5, 0xbb, 0xb5, 0x97, 0xf7, 0x3d, 0xef, 0x7c, 0xef, 0x5b,
  0xf7, 0x5d, 0xff, 0x7d, 0xf7, 0x9d, 0xff, 0x7d, 0xf7, 0x9e, 0xff, 0x7d,
  0xf7, 0x9d, 0xff, 0x9d, 0xff, 0xbe, 0xff, 0x9d, 0xff, 0xbe, 0xff, 0x9e,
  0xf6, 0x58, 0xf6, 0x79, 0xfe, 0xd9, 0xfe, 0xfa, 0xfe, 0xfa, 0xff, 0x1a,
  0xff, 0x1a, 0xff, 0x1a, 0xff, 0x1a, 0xff, 0x3b, 0xff, 0x5c, 0xff, 0x7c,
  0xff, 0x7c, 0xff, 0x9d, 0xff, 0x3b, 0xf6, 0xfb, 0xff, 0x1b, 0xff, 0x7d,
  0xff, 0x9d, 0xff, 0xbd, 0xff, 0x7c, 0xff, 0x5c, 0xff, 0x7c, 0xff, 0xbd,
  0xff, 0x9d, 0xff, 0x7d, 0xff, 0x5c, 0xff, 0xbe, 0xff, 0xbd, 0xff, 0xbd,
  0xff, 0x5c, 0xff, 0x9d, 0xff, 0x9d, 0xff, 0xbe, 0xff, 0x7c, 0xff, 0x7d,
  0xff, 0x9d, 0xff, 0x7d, 0xff, 0x5c, 0xff, 0x7d, 0xff, 0x3c, 0xff, 0x7d,
  0xff, 0xde, 0xf7, 0x7d, 0xff, 0x5c, 0xff, 0x7d, 0xff, 0x5c, 0xff, 0xbe,
  0xfe, 0x7b, 0xcd, 0x16, 0xee, 0xbb, 0xff, 0xdf, 0xff, 0x7d, 0xe6, 0xfc,
  0xff, 0xff, 0xff, 0xff, 0xee, 0xdc, 0xde, 0xbc, 0xe5, 0xdb, 0xdd, 0xdb,
  0xbd, 0x77, 0xe6, 0xdd, 0xb5, 0x58, 0xbd, 0xba, 0xc5, 0x9a, 0xbd, 0xbb,
  0xde, 0x7d, 0xbd, 0xba, 0xc5, 0x99, 0xd6, 0x9d, 0xd6, 0x5c, 0xce, 0x3b,
  0xd6, 0x7c, 0xc5, 0xfa, 0xee, 0xfe, 0xd6, 0x3b, 0xe5, 0xfb, 0xde, 0x1b,
  0xde, 0x5a, 0xff, 0xdf, 0xff, 0xff, 0xff, 0xff, 0xff, 0xdf, 0xff, 0xff,
  0xff, 0x9e, 0xef, 0x5d, 0xff, 0xff, 0xef, 0x5e, 0xc5, 0xdb, 0xbd, 0x9a,
  0xc5, 0x99, 0xce, 0x3c, 0xde, 0x7c, 0xbd, 0x99, 0xc5, 0xba, 0xbd, 0x9a,
  0xde, 0x7c, 0xde, 0xdd, 0xce, 0x1b, 0xbd, 0xba, 0xde, 0x7c, 0xde, 0x9d,
  0xc5, 0x99, 0xc5, 0xfb, 0xee, 0xfe, 0xce, 0x5c, 0xbd, 0x99, 0xce, 0x1c,
  0xd6, 0x3c, 0xbd, 0xba, 0xc5, 0xbb, 0xbd, 0xbb, 0xc5, 0xb7, 0xde, 0xdc,
  0xff, 0xbd, 0xf7, 0x7c, 0xf7, 0x5c, 0xef, 0x5c, 0xf7, 0x7c, 0xf7, 0x9d,
  0xff, 0x9d, 0xff, 0xbd, 0xff, 0x9d, 0xff, 0x9d, 0xff, 0x9d, 0xff, 0xbe,
  0xff, 0x9d, 0xff, 0xbe, 0xee, 0x38, 0xfe, 0xba, 0xff, 0x1b, 0xff, 0x1a,
  0xff, 0x3b, 0xff, 0x1a, 0xff, 0x5c, 0xff, 0x3b, 0xff, 0x5c, 0xff, 0x5b,
  0xff, 0x5c, 0xff, 0x1b, 0xff, 0x3c, 0xff, 0x1b, 0xf7, 0x1c, 0xff, 0x1b,
  0xff, 0x7d, 0xff, 0x7c, 0xff, 0x5c, 0xff, 0x5c, 0xff, 0x7d, 0xff, 0x9d,
  0xff, 0x7d, 0xff, 0x5c, 0xff, 0x5c, 0xff, 0x9d, 0xff, 0x9e, 0xff, 0x7d,
  0xff, 0x7d, 0xff, 0x9d, 0xff, 0xbe, 0xff, 0x9d, 0xff, 0x5d, 0xff, 0x7d,
  0xff, 0xbe, 0xff, 0x9d, 0xff, 0x7d, 0xff, 0x7d, 0xf7, 0x1c, 0xf6, 0xfb,
  0xff, 0xbe, 0xff, 0x7d, 0xf7, 0x3c, 0xff, 0x9e, 0xff, 0x7e, 0xff, 0x5c,
  0xff, 0x9e, 0xf7, 0x1c, 0xff, 0x5e, 0xdd, 0x97, 0xe6, 0x5a, 0xff, 0x9f,
  0xef, 0x5d, 0xe7, 0x1c, 0xff, 0xff, 0xff, 0xff, 0xe6, 0x9d, 0xd5, 0xfa,
  0xde, 0x1c, 0xe6, 0x1c, 0xc5, 0xfa, 0xde, 0x9c, 0xad, 0x58, 0xc5, 0xfa,
  0xc6, 0x1c, 0xbd, 0x79, 0xce, 0x3c, 0xd6, 0x5c, 0xb5, 0x79, 0xd6, 0x3c,
  0xd6, 0x7d, 0xcd, 0xfb, 0xbd, 0xba, 0xce, 0x1b, 0xe6, 0xde, 0xd6, 0x1b,
  0xd5, 0xfc, 0xd5, 0x9b, 0xd6, 0x3b, 0xff, 0x5f, 0xff, 0xdf, 0xf7, 0x9e,
  0xff, 0xff, 0xff, 0xff, 0xe7, 0x3d, 0xff, 0xbf, 0xff, 0xff, 0xff, 0xff,
  0xff, 0xbf, 0xd6, 0x7b, 0xc5, 0xdb, 0xde, 0x7d, 0xbd, 0x9a, 0xc5, 0xbb,
  0xbd, 0x9b, 0xbd, 0x9a, 0xd6, 0x7d, 0xcd, 0xfb, 0xc5, 0xfc, 0xbd, 0x79,
  0xd6, 0x7d, 0xd6, 0x5c, 0xbd, 0xba, 0xc5, 0xdb, 0xde, 0x9e, 0xc5, 0xda,
  0xbd, 0xdb, 0xc5, 0xdb, 0xd6, 0x7d, 0xc5, 0xba, 0xbd, 0xbb, 0xd6, 0x3c,
  0xf7, 0x9e, 0xde, 0x9a, 0xf7, 0x7d, 0xff, 0x7d, 0xf7, 0x9d, 0xff, 0x7d,
  0xef, 0x7c, 0xef, 0x3b, 0xef, 0x5d, 0xff, 0x7d, 0xff, 0x9e, 0xff, 0x9d,
  0xff, 0xbe, 0xff, 0x9d, 0xff, 0x9e, 0xff, 0x9e, 0xf6, 0x78, 0xfe, 0xda,
  0xfe, 0xd9, 0xfe, 0xfa, 0xfe, 0xfa, 0xff, 0x1a, 0xff, 0x1a, 0xfe, 0xfa,
  0xff, 0x1a, 0xff, 0x1b, 0xff, 0x3b, 0xff, 0x5c, 0xff, 0x7c, 0xff, 0x5c,
  0xfe, 0xfb, 0xff, 0x3b, 0xff, 0x5c, 0xff, 0x5c, 0xff, 0x9c, 0xff, 0x9d,
  0xff, 0x5c, 0xff, 0x5c, 0xff, 0x7c, 0xff, 0xbd, 0xff, 0x9d, 0xff, 0x7d,
  0xff, 0x7c, 0xff, 0x9d, 0xff, 0x9d, 0xff, 0x7d, 0xff, 0x5c, 0xff, 0x9d,
  0xff, 0xbd, 0xff, 0xbd, 0xff, 0x5c, 0xff, 0x9d, 0xff, 0xbe, 0xff, 0x5d,
  0xfe, 0xfb, 0xff, 0x7d, 0xff, 0x5c, 0xff, 0x7d, 0xff, 0x9d, 0xff, 0x5c,
  0xff, 0x9d, 0xff, 0xbe, 0xff, 0x3c, 0xff, 0x9d, 0xff, 0x3c, 0xf6, 0xdb,
  0xdd, 0xb7, 0xff, 0x7e, 0xf7, 0x7d, 0xef, 0x5d, 0xff, 0xbe, 0xff, 0xbe,
  0xf6, 0xdd, 0xc5, 0xb9, 0xdd, 0xfb, 0xe6, 0x5c, 0xff, 0x9e, 0xde, 0xfc,
  0xbd, 0x98, 0xe7, 0x1e, 0xd6, 0x5c, 0xbd, 0xba, 0xc5, 0xba, 0xde, 0xbe,
  0xde, 0x7c, 0xc5, 0xfa, 0xce, 0x1b, 0xc6, 0x1b, 0xc5, 0xba, 0xce, 0x5c,
  0xf6, 0xfd, 0xd6, 0x3a, 0xdd, 0xbb, 0xd5, 0xdb, 0xd5, 0xd9, 0xff, 0x5f,
  0xff, 0x9e, 0xf7, 0x9e, 0xff, 0xff, 0xff, 0xff, 0xef, 0x3c, 0xff, 0xff,
  0xff, 0xff, 0xff, 0xff, 0xff, 0xff, 0xff, 0xff, 0xff, 0x9f, 0xef, 0x5e,
  0xcd, 0xfb, 0xbd, 0x9a, 0xbd, 0x79, 0xc5, 0xdb, 0xd6, 0x3c, 0xbd, 0x9a,
  0xc5, 0x9a, 0xbd, 0xba, 0xd6, 0x3c, 0xc5, 0xda, 0xc5, 0x9a, 0xbd, 0xbb,
  0xde, 0x5c, 0xbd, 0xba, 0xc5, 0xba, 0xbd, 0x9a, 0xde, 0x5c, 0xcd, 0xfb,
  0xdd, 0xda, 0xe6, 0x3c, 0xe6, 0x7b, 0xcd, 0xf9, 0xf7, 0x5c, 0xf7, 0x9d,
  0xff, 0x7c, 0xff, 0x9d, 0xff, 0x9d, 0xf7, 0x7d, 0xf7, 0x7c, 0xef, 0x7c,
  0xf7, 0x5c, 0xf7, 0x7c, 0xff, 0x7c, 0xff, 0xbe, 0xff, 0xbd, 0xff, 0xbe,
  0xf6, 0x99, 0xff, 0x1b, 0xff, 0x3b, 0xff, 0x1a, 0xff, 0x1b, 0xff, 0x1b,
  0xff, 0x5c, 0xff, 0x5b, 0xff, 0x7c, 0xff, 0x5b, 0xff, 0x5c, 0xff, 0x3b,
  0xff, 0x1c, 0xfe, 0xfa, 0xf6, 0xfb, 0xff, 0x5c, 0xff, 0x9d, 0xff, 0x5c,
  0xff, 0x5c, 0xff, 0x5c, 0xff, 0x9d, 0xff, 0x9d, 0xff, 0x9e, 0xff, 0x5c,
  0xff, 0x5d, 0xff, 0x9d, 0xff, 0x9e, 0xff, 0x7d, 0xff, 0x7d, 0xff, 0x9d,
  0xff, 0xbe, 0xff, 0x5c, 0xff, 0x7d, 0xff, 0x9d, 0xff, 0xbe, 0xff, 0x7d,
  0xff, 0x5d, 0xff, 0x5c, 0xff, 0x5d, 0xff, 0x5c, 0xff, 0x7d, 0xff, 0x5d,
  0xff, 0x5d, 0xff, 0x9e, 0xf7, 0x5d, 0xff, 0x5d, 0xff, 0xbe, 0xf7, 0x3c,
  0xff, 0x5d, 0xff, 0x1b, 0xee, 0x5a, 0xf6, 0x3a, 0xef, 0x3d, 0xf7, 0x1d,
  0xff, 0x9e, 0xff, 0x7d, 0xff, 0x9f, 0xc5, 0xb8, 0xcd, 0xda, 0xf6, 0xfe,
  0xff, 0xff, 0xef, 0x5d, 0x9c, 0xd5, 0xd6, 0x7c, 0xde, 0xbe, 0xbd, 0x79,
  0xbd, 0xba, 0xce, 0x1c, 0xd6, 0x9d, 0xbd, 0xb9, 0xce, 0x3c, 0xce, 0x1b,
  0xc5, 0xfb, 0xd6, 0x5c, 0xf7, 0x9e, 0xff, 0xdf, 0xf7, 0x3f, 0xde, 0x5b,
  0xc5, 0x9a, 0xde, 0x1c, 0xef, 0x7e, 0xff, 0x9e, 0xff, 0xdf, 0xf7, 0x3d,
  0xe7, 0x3d, 0xff, 0xff, 0xff, 0xff, 0xff, 0xff, 0xff, 0xff, 0xff, 0xff,
  0xf7, 0x9e, 0xff, 0x9e, 0xff, 0xff, 0xef, 0x1d, 0xc6, 0x1b, 0xd6, 0x3c,
  0xc5, 0xfc, 0xb5, 0x59, 0xbd, 0x9b, 0xc5, 0x9b, 0xce, 0x3d, 0xc5, 0xba,
  0xbd, 0xbb, 0xc5, 0xbb, 0xd6, 0x7d, 0xc5, 0xba, 0xb5, 0x9a, 0xbd, 0x9a,
  0xd6, 0x5b, 0xee, 0xfe, 0xee, 0x9d, 0xe6, 0x5b, 0xee, 0x7d, 0xd5, 0xb9,
  0xe6, 0xdb, 0xff, 0x9d, 0xf7, 0x7d, 0xff, 0x7d, 0xf7, 0x9d, 0xff, 0x9d,
  0xff, 0x9e, 0xff, 0x9d, 0xf7, 0x9d, 0xf7, 0x5c, 0xef, 0x7c, 0xf7, 0x7c,
  0xf7, 0x9d, 0xf7, 0x7c, 0xf6, 0x78, 0xfe, 0xda, 0xfe, 0xfa, 0xfe, 0xfa,
  0xff, 0x1a, 0xff, 0x1b, 0xff, 0x1a, 0xff, 0x1b, 0xff, 0x1a, 0xff, 0x3b,
  0xff, 0x1a, 0xff, 0x5c, 0xff, 0x5c, 0xff, 0x3b, 0xff, 0x3b, 0xff, 0x5c,
  0xff, 0x5b, 0xff, 0x7c, 0xff, 0x7c, 0xff, 0x9d, 0xff, 0x7c, 0xff, 0x7d,
  0xff, 0x7c, 0xff, 0x9d, 0xff, 0x9d, 0xff, 0x9d, 0xff, 0x7c, 0xff, 0xbd,
  0xff, 0x9d, 0xff, 0x7d, 0xff, 0x5c, 0xff, 0xbe, 0xff, 0x9d, 0xff, 0x7d,
  0xff, 0x7c, 0xff, 0xbe, 0xff, 0x9d, 0xf7, 0x1b, 0xff, 0x3c, 0xff, 0xbe,
  0xff, 0x5c, 0xff, 0x5d, 0xff, 0x7d, 0xff, 0x5c, 0xff, 0x9d, 0xff, 0x7d,
  0xff, 0x3c, 0xff, 0xde, 0xff, 0x1c, 0xff, 0x3c, 0xfe, 0xdb, 0xee, 0x5a,
  0xde, 0x39, 0xff, 0xbf, 0xff, 0xde, 0xf7, 0x9e, 0xff, 0xbf, 0xde, 0x9b,
  0xde, 0x39, 0xff, 0x9f, 0xff, 0x7d, 0xff, 0xdf, 0xb5, 0x58, 0xb5, 0x58,
  0xde, 0x5c, 0xd6, 0x7d, 0xce, 0x1b, 0xc5, 0xda, 0xde, 0x5c, 0xc5, 0xda,
  0xce, 0x1b, 0xc5, 0xfb, 0xc5, 0xda, 0xde, 0xbd, 0xff, 0x9e, 0xff, 0xbe,
  0xff, 0xff, 0xff, 0xff, 0xde, 0x1b, 0xd5, 0xda, 0xe6, 0xdc, 0xff, 0xdf,
  0xff, 0xff, 0xe6, 0xfc, 0xf7, 0x3c, 0xff, 0xdf, 0xff, 0xff, 0xff, 0xff,
  0xff, 0xbe, 0xff, 0xbe, 0xf7, 0x3c, 0xff, 0xbe, 0xff, 0x9e, 0xff, 0xff,
  0xff, 0xff, 0xff, 0xdf, 0xff, 0x9f, 0xde, 0xdc, 0xce, 0x1b, 0xbd, 0xba,
  0xd6, 0x3c, 0xbd, 0x9a, 0xbd, 0x79, 0xb5, 0x7a, 0xde, 0x7c, 0xd6, 0x7c,
  0xe6, 0xdc, 0xef, 0x5e, 0xff, 0x9e, 0xff, 0xdf, 0xff, 0xdf, 0xff, 0xdf,
  0xff, 0x3e, 0xde, 0x7b, 0xd6, 0x57, 0xf7, 0x7c, 0xff, 0x7d, 0xff, 0x9d,
  0xff, 0x9d, 0xff, 0x9d, 0xff, 0x9d, 0xf7, 0x9e, 0xff, 0x9d, 0xff, 0xbe,
  0xff, 0x9d, 0xff, 0x9e, 0xff, 0x9d, 0xf7, 0x9d, 0xf6, 0xba, 0xfe, 0x99,
  0xf6, 0xda, 0xfe, 0xda, 0xf6, 0xfa, 0xfe, 0xda, 0xfe, 0xfb, 0xff, 0x1b,
  0xff, 0x5c, 0xff, 0x5b, 0xff, 0x5c, 0xff, 0x5b, 0xff, 0x1b, 0xf6, 0x99,
  0xff, 0x3c, 0xff, 0x7c, 0xff, 0x9d, 0xff, 0x7c, 0xff, 0x5c, 0xff, 0x3b,
  0xff, 0x7d, 0xff, 0x9d, 0xff, 0x9d, 0xff, 0x5c, 0xff, 0x7d, 0xff, 0x9d,
  0xff, 0x9d, 0xff, 0x5c, 0xff, 0x7d, 0xff, 0x9d, 0xff, 0x9e, 0xff, 0x3c,
  0xff, 0x7d, 0xff, 0x9e, 0xff, 0x9d, 0xff, 0x7d, 0xff, 0x5d, 0xff, 0x5c,
  0xff, 0x5d, 0xff, 0x3c, 0xff, 0xbe, 0xff, 0x7d, 0xf7, 0x3c, 0xff, 0x7d,
  0xf7, 0x5d, 0xff, 0x7d, 0xff, 0x7d, 0xff, 0x3c, 0xff, 0xbe, 0xf6, 0xdb,
  0xf6, 0xbb, 0xfe, 0xdb, 0xbd, 0x38, 0xde, 0x3b, 0xff, 0xff, 0xff, 0xff,
  0xff, 0xdf, 0xf7, 0x3d, 0xde, 0xdb, 0xff, 0xff, 0xff, 0xbe, 0xff, 0xbe,
  0xb5, 0x79, 0xbd, 0x79, 0xbd, 0xba, 0xd6, 0x3c, 0xef, 0x1f, 0xc5, 0xb9,
  0xce, 0x3c, 0xce, 0x1b, 0xc5, 0xfb, 0xce, 0x1c, 0xc5, 0xfa, 0xe6, 0xbd,
  0xf7, 0x9e, 0xf7, 0x7e, 0xff, 0xff, 0xff, 0xff, 0xee, 0xdf, 0xcd, 0xba,
  0xd6, 0x9c, 0xff, 0xbf, 0xff, 0xff, 0xe6, 0xfc, 0xf7, 0x5e, 0xff, 0x7d,
  0xff, 0xdf, 0xff, 0xbe, 0xf7, 0xbf, 0xff, 0xdf, 0xf7, 0x7e, 0xff, 0xff,
  0xf7, 0x9e, 0xff, 0xdf, 0xff, 0xff, 0xff, 0xff, 0xff, 0xff, 0xff, 0xff,
  0xee, 0xfe, 0xcd, 0xda, 0xd6, 0x1b, 0xee, 0xbe, 0xe7, 0x1e, 0xde, 0xbd,
  0xf7, 0xbf, 0xff, 0xff, 0xff, 0xdf, 0xff, 0x9d, 0xff, 0xdf, 0xff, 0x9e,
  0xe7, 0x1c, 0xee, 0xdc, 0xef, 0x5d, 0xff, 0xbf, 0xe7, 0x1a, 0xe6, 0xfa,
  0xef, 0x3b, 0xff, 0x9c, 0xf7, 0x9e, 0xff, 0x7d, 0xf7, 0x9d, 0xff, 0x9d,
  0xff, 0xbe, 0xff, 0x9d, 0xff, 0x9e, 0xff, 0x9e, 0xff, 0x9e, 0xff, 0x9e,
  0xfe, 0xb9, 0xfe, 0xfa, 0xfe, 0xfa, 0xff, 0x1b, 0xff, 0x1a, 0xff, 0x3b,
  0xff, 0x1a, 0xff, 0x1a, 0xfe, 0xfa, 0xff, 0x1b, 0xff, 0x1a, 0xff, 0x5b,
  0xfe, 0xfa, 0xf6, 0xfa, 0xff, 0x5c, 0xff, 0x5c, 0xff, 0x3b, 0xff, 0x5c,
  0xff, 0x9c, 0xff, 0x9d, 0xff, 0x5c, 0xff, 0x5c, 0xff, 0x5c, 0xff, 0x9d,
  0xff, 0x9c, 0xff, 0x7c, 0xff, 0x5c, 0xff, 0x9d, 0xff, 0x9d, 0xff, 0x7d,
  0xff, 0x7c, 0xff, 0xbd, 0xff, 0x9d, 0xff, 0x7d, 0xff, 0x9d, 0xff, 0xbe,
  0xf6, 0xfb, 0xf7, 0x1c, 0xff, 0xde, 0xff, 0xbd, 0xff, 0x3c, 0xff, 0x9d,
  0xff, 0x9d, 0xf7, 0x3c, 0xff, 0x7d, 0xff, 0x5c, 0xff, 0x7d, 0xff, 0x9d,
  0xf7, 0x1b, 0xff, 0xbe, 0xf6, 0x9a, 0xff, 0x1c, 0xdd, 0xfa, 0xc5, 0x37,
  0xde, 0xbd, 0xd6, 0x7c, 0xff, 0xff, 0xff, 0xff, 0xe6, 0xdb, 0xff, 0x9e,
  0xff, 0xff, 0xff, 0xdf, 0xc5, 0xb9, 0xbd, 0xd9, 0xc5, 0xbb, 0xbd, 0x7a,
  0xd6, 0x3c, 0xd6, 0x7d, 0xbd, 0x99, 0xd6, 0x5c, 0xcd, 0xfb, 0xd6, 0x5c,
  0xcd, 0xfa, 0xe7, 0x1e, 0xff, 0xbe, 0xef, 0x7d, 0xff, 0xff, 0xff, 0xff,
  0xff, 0x9f, 0xd6, 0x3b, 0xe6, 0xbc, 0xff, 0xbf, 0xff, 0xff, 0xe7, 0x3c,
  0xff, 0x9d, 0xf7, 0x7d, 0xff, 0x9e, 0xff, 0xbe, 0xff, 0xff, 0xf7, 0x9e,
  0xf7, 0x7d, 0xff, 0xff, 0xf7, 0x5d, 0xe6, 0xfc, 0xee, 0x9c, 0xee, 0x9c,
  0xee, 0x7c, 0xde, 0x5c, 0xcd, 0x7a, 0xd5, 0xdb, 0xe6, 0xbb, 0xff, 0xff,
  0xff, 0xde, 0xff, 0xff, 0xff, 0xff, 0xff, 0xdf, 0xff, 0x9e, 0xff, 0x9e,
  0xe6, 0xdb, 0xe7, 0x1c, 0xff, 0x9d, 0xff, 0xdf, 0xf7, 0x7e, 0xce, 0x3a,
  0xce, 0x18, 0xef, 0x7d, 0xe7, 0x19, 0xe7, 0x5a, 0xff, 0x7d, 0xff, 0x9d,
  0xff, 0x9d, 0xff, 0xbd, 0xff, 0x9d, 0xff, 0x9d, 0xff, 0x9d, 0xff, 0xbe,
  0xff, 0xbe, 0xff, 0xbe, 0xf6, 0x99, 0xf6, 0x79, 0xf6, 0xba, 0xfe, 0x99,
  0xf6, 0xba, 0xf6, 0x79, 0xf6, 0xfa, 0xfe, 0xfa, 0xff, 0x3b, 0xff, 0x5b,
  0xff, 0x5c, 0xff, 0x1b, 0xf6, 0xda, 0xfe, 0xda, 0xff, 0x5c, 0xff, 0x7c,
  0xff, 0x9c, 0xff, 0x5b, 0xff, 0x3c, 0xff, 0x3c, 0xff, 0x9d, 0xff, 0x9d,
  0xff, 0x7d, 0xff, 0x3b, 0xff, 0x7d, 0xff, 0x9d, 0xff, 0x9d, 0xff, 0x7c,
  0xff, 0x7d, 0xff, 0x9d, 0xff, 0x9d, 0xff, 0x5c, 0xff, 0x9d, 0xff, 0x9d,
  0xff, 0x7d, 0xf7, 0x1b, 0xf7, 0x3d, 0xff, 0x7d, 0xf7, 0x3c, 0xff, 0x7d,
  0xff, 0xbe, 0xff, 0x3c, 0xff, 0x5d, 0xff, 0x9e, 0xf7, 0x5c, 0xff, 0x7d,
  0xff, 0x5c, 0xff, 0x3c, 0xff, 0x7e, 0xf6, 0xfb, 0xff, 0x3c, 0xfe, 0xfb,
  0xde, 0x1a, 0xd5, 0x78, 0xd6, 0x7e, 0xb5, 0x59, 0xc6, 0x1a, 0xff, 0x9f,
  0xf7, 0xbf, 0xef, 0x1c, 0xff, 0xff, 0xff, 0xff, 0xce, 0x3b, 0xcd, 0xfa,
  0xc5, 0xbb, 0xcd, 0xdb, 0xbd, 0x9a, 0xd6, 0x5c, 0xce, 0x3c, 0xc5, 0xba,
  0xce, 0x3c, 0xce, 0x1c, 0xc5, 0xfb, 0xe6, 0xde, 0xff, 0xff, 0xef, 0x1c,
  0xff, 0xff, 0xff, 0xdf, 0xff, 0xff, 0xde, 0x7b, 0xde, 0xbc, 0xff, 0x7f,
  0xff, 0xff, 0xef, 0x3c, 0xff, 0x9e, 0xff, 0x7d, 0xf7, 0x9e, 0xff, 0x9e,
  0xff, 0xff, 0xf7, 0x5d, 0xef, 0x5f, 0xe6, 0xbc, 0xd5, 0xfb, 0xdd, 0xfb,
  0xde, 0x1b, 0xe5, 0xfb, 0xdd, 0xfb, 0xdd, 0xfb, 0xe6, 0xdd, 0xf7, 0x5e,
  0xff, 0x9e, 0xff, 0x9e, 0xff, 0xbf, 0xff, 0x7e, 0xff, 0x9e, 0xff, 0x9e,
  0xef, 0x1d, 0xe6, 0x9b, 0xff, 0xbf, 0xf7, 0x7e, 0xde, 0xbd, 0xe6, 0xbd,
  0xbd, 0xbb, 0xbd, 0x5a, 0xad, 0x36, 0xff, 0x9f, 0xe7, 0x3b, 0xef, 0x3b,
  0xe7, 0x3b, 0xf7, 0x7c, 0xff, 0xbe, 0xff, 0x9e, 0xff, 0xbe, 0xff, 0x7d,
  0xff, 0x9e, 0xff, 0x9e, 0xff, 0xbe, 0xff, 0x9e, 0xfe, 0x99, 0xfe, 0xda,
  0xfe, 0xfa, 0xfe, 0xfa, 0xfe, 0xfa, 0xfe, 0xfa, 0xfe, 0xfa, 0xff, 0x1a,
  0xfe, 0xd9, 0xfe, 0xda, 0xfe, 0xd9, 0xff, 0x1b, 0xfe, 0xda, 0xff, 0x3b,
  0xff, 0x5b, 0xff, 0x3b, 0xff, 0x1a, 0xff, 0x7c, 0xff, 0x9c, 0xff, 0x9c,
  0xff, 0x5c, 0xff, 0x5c, 0xff, 0x9c, 0xff, 0xbd, 0xff, 0x7c, 0xff, 0x7c,
  0xff, 0x7c, 0xff, 0x9d, 0xff, 0x7d, 0xff, 0x7c, 0xff, 0x7c, 0xff, 0xbd,
  0xff, 0x7d, 0xff, 0x7d, 0xff, 0x7d, 0xf7, 0x1b, 0xf6, 0xda, 0xff, 0x7d,
  0xff, 0x9d, 0xf7, 0x3c, 0xff, 0x5c, 0xff, 0xde, 0xff, 0x7c, 0xff, 0x5c,
  0xff, 0x9d, 0xff, 0x7d, 0xff, 0x5c, 0xff, 0x5c, 0xff, 0x5c, 0xff, 0x7d,
  0xf6, 0xda, 0xff, 0x5c, 0xf6, 0x7a, 0xd5, 0x97, 0xc5, 0x9a, 0xc5, 0xdb,
  0xbd, 0x99, 0xc5, 0xdb, 0xff, 0xdf, 0xff, 0xbf, 0xef, 0x3c, 0xff, 0xff,
  0xc5, 0xd9, 0xbd, 0xb9, 0xde, 0x9c, 0xe6, 0xfe, 0xcd, 0xfb, 0xb5, 0x79,
  0xde, 0x7c, 0xce, 0x1b, 0xce, 0x3b, 0xd6, 0x7c, 0xd6, 0x1b, 0xce, 0x1b,
  0xee, 0xbc, 0xe6, 0xbc, 0xff, 0xbe, 0xff, 0xbe, 0xff, 0x9f, 0xd6, 0x5a,
  0xe6, 0xbc, 0xf7, 0x7f, 0xff, 0xff, 0xe7, 0x1c, 0xff, 0x9e, 0xff, 0x9e,
  0xff, 0x7d, 0xff, 0xff, 0xff, 0xdf, 0xde, 0xbb, 0xd5, 0xda, 0xd5, 0xfb,
  0xdd, 0xda, 0xd5, 0xdb, 0xe6, 0x1b, 0xe6, 0x1c, 0xd5, 0xd9, 0xee, 0xfe,
  0xff, 0xff, 0xff, 0xff, 0xff, 0x9e, 0xf7, 0x7e, 0xff, 0xde, 0xff, 0xdf,
  0xff, 0xbf, 0xe7, 0x1c, 0xef, 0x1b, 0xff, 0xbf, 0xee, 0xfe, 0xc5, 0xd9,
  0xbd, 0x99, 0xd6, 0x7d, 0xc5, 0xba, 0xbd, 0xbb, 0xad, 0x15, 0xef, 0x3e,
  0xf7, 0x7c, 0xef, 0x5c, 0xf7, 0x5b, 0xe7, 0x1a, 0xf7, 0x5c, 0xff, 0xbd,
  0xff, 0x9d, 0xff, 0xbd, 0xff, 0x9d, 0xff, 0xbe, 0xff, 0xbe, 0xff, 0xbe,
  0xf6, 0x79, 0xfe, 0x99, 0xf6, 0xba, 0xf6, 0x79, 0xf6, 0xda, 0xfe, 0xd9,
  0xf6, 0xda, 0xfe, 0xda, 0xf6, 0xfa, 0xff, 0x3b, 0xff, 0x1b, 0xf6, 0xb9,
  0xee, 0x79, 0xfe, 0xda, 0xff, 0x5b, 0xff, 0x7c, 0xff, 0x7c, 0xff, 0x3b,
  0xff, 0x1b, 0xff, 0x3c, 0xff, 0x9d, 0xff, 0x7c, 0xff, 0x7d, 0xff, 0x5c,
  0xff, 0x9d, 0xff, 0x9d, 0xff, 0x9d, 0xff, 0x5c, 0xff, 0x7d, 0xff, 0x9d,
  0xff, 0x7d, 0xff, 0x7c, 0xff, 0x9d, 0xff, 0x9d, 0xf6, 0xdb, 0xf6, 0xba,
  0xff, 0x9e, 0xff, 0x5c, 0xf7, 0x5d, 0xff, 0x9e, 0xff, 0x7d, 0xff, 0x1c,
  0xff, 0xbe, 0xff, 0x7d, 0xf7, 0x1c, 0xff, 0x9d, 0xff, 0x7d, 0xff, 0x5c,
  0xff, 0x3d, 0xff, 0x3c, 0xf6, 0xfc, 0xfe, 0xfb, 0xff, 0x3e, 0xcd, 0x36,
  0xb5, 0x3a, 0xc5, 0xbb, 0xbd, 0xba, 0xcd, 0xfb, 0xd6, 0x7c, 0xe6, 0xfe,
  0xe7, 0x3c, 0xf7, 0x7d, 0xce, 0x5c, 0xa4, 0xf7, 0xbd, 0xbb, 0xcd, 0xfb,
  0xd6, 0x7c, 0xd6, 0x5c, 0xbd, 0x9a, 0xce, 0x1c, 0xce, 0x3c, 0xd6, 0x7c,
  0xcd, 0xfb, 0xd6, 0x1c, 0xde, 0x1b, 0xcd, 0x99, 0xff, 0xdf, 0xff, 0xff,
  0xff, 0xdf, 0xd6, 0x1a, 0xde, 0xbc, 0xf7, 0x1e, 0xff, 0xdf, 0xe6, 0xdb,
  0xf7, 0x7e, 0xff, 0x7e, 0xff, 0xdf, 0xff, 0xdf, 0xf7, 0x5f, 0xd6, 0x3a,
  0xe6, 0x5d, 0xdd, 0xda, 0xde, 0x3c, 0xe6, 0x3b, 0xd5, 0xfc, 0xcd, 0x7a,
  0xe6, 0xfd, 0xff, 0xff, 0xff, 0xff, 0xff, 0xdf, 0xff, 0x9e, 0xff, 0x7d,
  0xf7, 0x9e, 0xff, 0xff, 0xe7, 0x3d, 0xef, 0x3d, 0xf7, 0xbf, 0xe7, 0x1d,
  0xb5, 0x7a, 0xc5, 0xbb, 0xbd, 0x9a, 0xc5, 0xdb, 0xce, 0x3d, 0xc5, 0xdb,
  0xad, 0x36, 0xde, 0x9b, 0xff, 0xde, 0xf7, 0x3b, 0xf7, 0x9d, 0xff, 0x7c,
  0xe7, 0x3b, 0xef, 0x1a, 0xff, 0x9e, 0xff, 0x9d, 0xff, 0x9e, 0xff, 0x9e,
  0xff, 0xbe, 0xff, 0x9e, 0xfe, 0xb9, 0xfe, 0xda, 0xfe, 0xb9, 0xfe, 0xda,
  0xfe, 0xda, 0xfe, 0xfa, 0xfe, 0xfa, 0xff, 0x1a, 0xfe, 0xb9, 0xfe, 0xda,
  0xfe, 0xda, 0xf6, 0x99, 0xfe, 0xfa, 0xff, 0x3b, 0xfe, 0xd9, 0xf6, 0xda,
  0xff, 0x5b, 0xff, 0x7c, 0xff, 0x7c, 0xff, 0x5b, 0xff, 0x3b, 0xff, 0x5c,
  0xff, 0x9c, 0xff, 0x9d, 0xff, 0x7c, 0xff, 0x5c, 0xff, 0x7c, 0xff, 0xbd,
  0xff, 0x7d, 0xff, 0x5c, 0xff, 0x7c, 0xff, 0xbd, 0xff, 0x5c, 0xf7, 0x3c,
  0xfe, 0xda, 0xff, 0x1b, 0xff, 0x3c, 0xff, 0x9d, 0xff, 0x9d, 0xff, 0x5c,
  0xff, 0x9d, 0xff, 0x9d, 0xff, 0x3c, 0xff, 0xbe, 0xff, 0x9d, 0xf7, 0x3c,
  0xff, 0x9d, 0xff, 0x7d, 0xff, 0x5c, 0xf7, 0x1c, 0xfe, 0xfb, 0xf6, 0xdb,
  0xff, 0x3e, 0xc5, 0x56, 0xb5, 0x18, 0xd6, 0x3d, 0xce, 0x1a, 0xd6, 0x9d,
  0xc5, 0xba, 0xbd, 0x9a, 0xff, 0x9e, 0xf7, 0x9e, 0xc5, 0xfa, 0xa5, 0x17,
  0xc5, 0xbb, 0xbd, 0x9b, 0xbd, 0x99, 0xce, 0x1c, 0xde, 0x7c, 0xce, 0x3b,
  0xde, 0x7c, 0xce, 0x5c, 0xbd, 0x98, 0xef, 0x3f, 0xff, 0x7e, 0xc5, 0xf9,
  0xff, 0xbe, 0xff, 0xff, 0xff, 0xff, 0xd6, 0x5a, 0xd6, 0x3a, 0xf7, 0x3f,
  0xff, 0xde, 0xe7, 0x1c, 0xf7, 0x3d, 0xef, 0x3d, 0xee, 0x9c, 0xe6, 0x7c,
  0xdd, 0xda, 0xcd, 0x99, 0xd5, 0xbb, 0xcd, 0x9a, 0xd5, 0x9a, 0xd5, 0xbb,
  0xd6, 0x3a, 0xff, 0x9f, 0xff, 0xff, 0xff, 0xff, 0xff, 0xff, 0xff, 0xdf,
  0xff, 0x7d, 0xff, 0x7d, 0xff, 0x9e, 0xe7, 0x1c, 0xf7, 0x5d, 0xf7, 0xbf,
  0xc5, 0xb9, 0xce, 0x3c, 0xde, 0x5c, 0xbd, 0x99, 0xc5, 0x9a, 0xbd, 0x9a,
  0xd6, 0x5c, 0xe6, 0xfe, 0xbd, 0xb8, 0xce, 0x3a, 0xff, 0xdd, 0xef, 0x5c,
  0xf7, 0x5c, 0xff, 0xbe, 0xff, 0x9c, 0xef, 0x5c, 0xef, 0x3b, 0xf7, 0x9c,
  0xff, 0xbe, 0xff, 0xbe, 0xff, 0x9d, 0xff, 0xbe, 0xf6, 0x59, 0xfe, 0x79,
  0xf6, 0x9a, 0xfe, 0x99, 0xf6, 0xba, 0xfe, 0xb9, 0xf6, 0xba, 0xfe, 0xb9,
  0xff, 0x1b, 0xff, 0x1b, 0xfe, 0xfb, 0xf6, 0x78, 0xf6, 0xba, 0xfe, 0xfa,
  0xff, 0x3b, 0xff, 0x5b, 0xff, 0x3b, 0xfe, 0xfa, 0xff, 0x1b, 0xff, 0x5b,
  0xff, 0x9d, 0xff, 0x5c, 0xff, 0x3c, 0xff, 0x5c, 0xff, 0x9d, 0xff, 0x9d,
  0xff, 0x5c, 0xff, 0x3c, 0xff, 0x9d, 0xff, 0x9d, 0xff, 0x7d, 0xff, 0x5c,
  0xff, 0x9e, 0xff, 0x1b, 0xee, 0xdb, 0xff, 0x5d, 0xff, 0x9e, 0xf7, 0x1b,
  0xff, 0x7d, 0xff, 0x9d, 0xf7, 0x3c, 0xff, 0x7d, 0xff, 0x9e, 0xf7, 0x1b,
  0xff, 0x9d, 0xff, 0xbe, 0xf7, 0x3c, 0xff, 0x7d, 0xff, 0x5d, 0xfe, 0xfc,
  0xee, 0x9a, 0xff, 0x3c, 0xff, 0x1d, 0xe6, 0x3a, 0xac, 0xf8, 0xde, 0x3c,
  0xde, 0xfe, 0xc5, 0xda, 0xbd, 0xbb, 0xbd, 0x9a, 0xbd, 0xd9, 0xff, 0xff,
  0xce, 0x5c, 0xa5, 0x16, 0xce, 0x1c, 0xde, 0x7d, 0xc5, 0xdc, 0xbd, 0x7a,
  0xb5, 0x9a, 0xce, 0x1c, 0xd6, 0x7d, 0xc5, 0xdb, 0xbd, 0xba, 0xef, 0x1f,
  0xef, 0x3e, 0xde, 0x9b, 0xf7, 0x9e, 0xff, 0xff, 0xff, 0xff, 0xee, 0xdd,
  0xc5, 0xda, 0xf6, 0xfe, 0xef, 0x9e, 0xe6, 0xfb, 0xff, 0x5f, 0xe6, 0x7b,
  0xd5, 0xbb, 0xee, 0x1c, 0xcd, 0xbb, 0xd5, 0xba, 0xd5, 0xdb, 0xdd, 0xdb,
  0xd6, 0x1b, 0xee, 0xbd, 0xff, 0xbf, 0xff, 0xdf, 0xff, 0xff, 0xff, 0xff,
  0xff, 0xff, 0xff, 0x9e, 0xf7, 0x7e, 0xff, 0xbe, 0xe6, 0xfc, 0xee, 0xfc,
  0xff, 0xdf, 0xc5, 0xd9, 0xbd, 0x9b, 0xbd, 0x9a, 0xd6, 0x5c, 0xd6, 0x7c,
  0xce, 0x3c, 0xc5, 0xba, 0xbd, 0xba, 0xde, 0x9e, 0xbd, 0xda, 0xad, 0x37,
  0xff, 0xbe, 0xff, 0x7d, 0xef, 0x5c, 0xff, 0x9d, 0xff, 0x9e, 0xff, 0xbe,
  0xf7, 0xbd, 0xef, 0x5b, 0xef, 0x5c, 0xff, 0xbd, 0xff, 0xbe, 0xff, 0xbe,
  0xfe, 0x58, 0xf6, 0x79, 0xfe, 0xb9, 0xfe, 0xba, 0xfe, 0xb9, 0xfe, 0xda,
  0xfe, 0xb9, 0xfe, 0xda, 0xfe, 0xda, 0xfe, 0xfa, 0xfe, 0xb9, 0xf6, 0x78,
  0xfe, 0xfa, 0xff, 0x3b, 0xfe, 0xfa, 0xf6, 0xfa, 0xff, 0x1a, 0xff, 0x7c,
  0xff, 0x5b, 0xff, 0x1b, 0xff, 0x3a, 0xff, 0x7c, 0xff, 0x7c, 0xff, 0x7c,
  0xff, 0x3b, 0xff, 0x5c, 0xff, 0x9d, 0xff, 0x9d, 0xff, 0x5c, 0xff, 0x7c,
  0xff, 0x9d, 0xff, 0xbd, 0xfe, 0xdb, 0xee, 0xba, 0xff, 0x7c, 0xff, 0x7d,
  0xff, 0x3b, 0xff, 0xbe, 0xff, 0x3c, 0xff, 0x3c, 0xff, 0xbd, 0xff, 0x5c,
  0xff, 0x5c, 0xff, 0xde, 0xff, 0x3b, 0xff, 0x7d, 0xff, 0xbe, 0xf7, 0x3c,
  0xff, 0x7d, 0xf6, 0xfb, 0xf6, 0xba, 0xfe, 0xfb, 0xff, 0x1c, 0xf6, 0xbb,
  0xb4, 0xf7, 0xde, 0x5d, 0xce, 0x1b, 0xbd, 0xba, 0xc5, 0xba, 0xbd, 0x9b,
  0xbd, 0x78, 0xd6, 0x9d, 0xad, 0x16, 0x6b, 0x70, 0x6b, 0x0f, 0x84, 0x34,
  0xbd, 0x99, 0xd6, 0x9c, 0xe6, 0xbd, 0xde, 0x9c, 0xde, 0x7d, 0xc5, 0xda,
  0xbd, 0x7a, 0xc5, 0xbb, 0xc5, 0xd9, 0xde, 0xbc, 0xf7, 0x7d, 0xff, 0xff,
  0xff, 0xff, 0xff, 0xdf, 0xcd, 0x99, 0xee, 0xbd, 0xf7, 0x3d, 0xe6, 0xfc,
  0xef, 0x3c, 0xf7, 0x9e, 0xee, 0x9c, 0xd6, 0x1b, 0xcd, 0x58, 0xe6, 0x3c,
  0xee, 0x7b, 0xee, 0xbc, 0xf7, 0x5d, 0xff, 0xff, 0xff, 0xdf, 0xff, 0xff,
  0xff, 0xff, 0xff, 0xff, 0xff, 0x9e, 0xff, 0x9e, 0xff, 0xbe, 0xe7, 0x1c,
  0xe6, 0xbb, 0xff, 0x9e, 0xde, 0x7c, 0xbd, 0x99, 0xc5, 0xba, 0xbd, 0xbb,
  0xc5, 0xb9, 0xde, 0xbd, 0xe6, 0xde, 0xc6, 0x1b, 0xbd, 0x99, 0xce, 0x1c,
  0xce, 0x1b, 0x94, 0x95, 0xd6, 0x59, 0xff, 0xdf, 0xf7, 0x5b, 0xf7, 0x9c,
  0xff, 0x9d, 0xff, 0xbd, 0xff, 0x9d, 0xff, 0xbe, 0xf7, 0x7c, 0xef, 0x7c,
  0xff, 0x7c, 0xff, 0xde, 0xfe, 0xba, 0xf6, 0x79, 0xf6, 0xba, 0xfe, 0xba,
  0xf6, 0xba, 0xfe, 0x99, 0xf6, 0xda, 0xfe, 0xda, 0xf6, 0xda, 0xfe, 0xda,
  0xf6, 0x99, 0xf6, 0x58, 0xfe, 0xda, 0xfe, 0xb9, 0xf6, 0xfb, 0xff, 0x3b,
  0xff, 0x1b, 0xfe, 0xda, 0xf7, 0x1b, 0xff, 0x5c, 0xff, 0x5c, 0xff, 0x3b,
  0xff, 0x3c, 0xff, 0x5c, 0xff, 0x9d, 0xff, 0x5c, 0xff, 0x5c, 0xff, 0x7c,
  0xff, 0x9d, 0xff, 0x5c, 0xff, 0x5c, 0xff, 0x5c, 0xff, 0x1c, 0xf6, 0xda,
  0xf7, 0x3c, 0xff, 0x7d, 0xff, 0x9e, 0xf7, 0x1b, 0xff, 0x9d, 0xff, 0x5c,
  0xf7, 0x3c, 0xff, 0x7d, 0xff, 0x7d, 0xff, 0x3c, 0xff, 0xbe, 0xff, 0x1c,
  0xff, 0x7d, 0xff, 0xbe, 0xf6, 0xfc, 0xff, 0x1c, 0xee, 0xbb, 0xfe, 0xfb,
  0xff, 0x1c, 0xee, 0x39, 0xcd, 0xdb, 0xde, 0x3c, 0xb5, 0x7a, 0xc5, 0xbb,
  0xce, 0x3c, 0xcd, 0xfb, 0xb5, 0xba, 0x5a, 0xae, 0x4a, 0x2c, 0x52, 0x2c,
  0x4a, 0x4c, 0x4a, 0x0b, 0x4a, 0x4d, 0x6a, 0xef, 0x8c, 0x34, 0xb5, 0x59,
  0xe6, 0xfe, 0xd6, 0x5c, 0xd6, 0x5d, 0xc5, 0xbb, 0xc5, 0xfa, 0xe6, 0xdd,
  0xff, 0xff, 0xff, 0x9e, 0xf7, 0xbf, 0xff, 0xbf, 0xce, 0x1c, 0xcd, 0xfb,
  0xef, 0x1d, 0xee, 0xdc, 0xe7, 0x1d, 0xff, 0xff, 0xff, 0xbf, 0xee, 0xfd,
  0xd6, 0x7b, 0xff, 0x5e, 0xff, 0xdf, 0xff, 0xbf, 0xf7, 0x9e, 0xff, 0xbf,
  0xff, 0xdf, 0xff, 0xbf, 0xff, 0xbf, 0xff, 0x9e, 0xf7, 0x7e, 0xff, 0x7e,
  0xef, 0x3d, 0xde, 0x9a, 0xff, 0x9f, 0xcd, 0xd9, 0xce, 0x3c, 0xd6, 0x5c,
  0xbd, 0xba, 0xcd, 0xfb, 0xbd, 0xba, 0xc5, 0xba, 0xde, 0xbe, 0xc5, 0xda,
  0xbd, 0x9a, 0xc5, 0xbb, 0xd6, 0x7d, 0xad, 0x18, 0xb5, 0x76, 0xff, 0x9f,
  0xef, 0x7c, 0xef, 0x5b, 0xff, 0x9e, 0xff, 0x9d, 0xff, 0xbe, 0xff, 0x9d,
  0xff, 0xbe, 0xff, 0xbe, 0xf7, 0x9d, 0xf7, 0x7d, 0xfe, 0x58, 0xfe, 0x79,
  0xfe, 0x99, 0xfe, 0xda, 0xfe, 0xb9, 0xf6, 0xb9, 0xfe, 0xb9, 0xfe, 0xda,
  0xfe, 0xb9, 0xfe, 0xda, 0xfe, 0x78, 0xf6, 0x99, 0xfe, 0xd9, 0xfe, 0xfa,
  0xfe, 0xfa, 0xff, 0x1b, 0xff, 0x1a, 0xff, 0x3b, 0xff, 0x3b, 0xff, 0x1a,
  0xff, 0x1a, 0xff, 0x7c, 0xff, 0x5b, 0xf7, 0x1a, 0xff, 0x1b, 0xff, 0x9d,
  0xff, 0x7c, 0xff, 0x5c, 0xff, 0x3b, 0xff, 0x7c, 0xff, 0x9d, 0xf6, 0xfb,
  0xf6, 0xb9, 0xff, 0x9d, 0xff, 0x9d, 0xf7, 0x3b, 0xff, 0x3c, 0xff, 0xbe,
  0xff, 0x3b, 0xff, 0x7d, 0xff, 0x7d, 0xf7, 0x1b, 0xff, 0x9d, 0xff, 0x7d,
  0xff, 0x1b, 0xff, 0xbe, 0xff, 0x1b, 0xff, 0x9d, 0xff, 0x5c, 0xee, 0xba,
  0xff, 0x5c, 0xf6, 0xfb, 0xfe, 0xfb, 0xe6, 0x59, 0xcd, 0xba, 0xc5, 0x9a,
  0xbd, 0x9a, 0xbd, 0xbb, 0xe6, 0xbc, 0xe6, 0xdd, 0x9c, 0x33, 0x52, 0x0b,
  0x52, 0x6c, 0x52, 0x6d, 0x52, 0x4c, 0x52, 0x6d, 0x52, 0x4c, 0x4a, 0x0b,
  0x41, 0xea, 0x4a, 0x6c, 0x6b, 0x2f, 0x73, 0x91, 0x83, 0xd2, 0x6b, 0x70,
  0x73, 0x4f, 0x6b, 0x50, 0x73, 0xb0, 0x63, 0x2f, 0x92, 0xce, 0xa3, 0xb2,
  0xbb, 0x52, 0xcb, 0xd4, 0xde, 0x7b, 0xef, 0x1d, 0xef, 0x1c, 0xff, 0xbe,
  0xff, 0xff, 0xff, 0xff, 0xf7, 0x5d, 0xff, 0xff, 0xff, 0xff, 0xff, 0xff,
  0xff, 0xde, 0xff, 0xbe, 0xff, 0xff, 0xff, 0xff, 0xff, 0x9e, 0xff, 0x9e,
  0xff, 0x9e, 0xf7, 0x9e, 0xde, 0x9a, 0xff, 0xdf, 0xe6, 0xbe, 0xb5, 0x99,
  0xbd, 0x79, 0xce, 0x1c, 0xe6, 0xdd, 0xde, 0x9c, 0xce, 0x1c, 0xbd, 0x9a,
  0xc5, 0xda, 0xde, 0xbe, 0xc5, 0xba, 0xbd, 0xba, 0xd6, 0x3c, 0xce, 0x5c,
  0xad, 0x35, 0xe7, 0x1d, 0xff, 0x9d, 0xef, 0x5c, 0xff, 0x9d, 0xff, 0xbd,
  0xff, 0x9d, 0xff, 0xbe, 0xff, 0x9d, 0xff, 0xbe, 0xff, 0xbe, 0xff, 0xbe,
  0xf6, 0x7a, 0xf6, 0x59, 0xf6, 0x7a, 0xf6, 0x59, 0xf6, 0x99, 0xfe, 0xba,
  0xf6, 0xba, 0xfe, 0xba, 0xfe, 0xda, 0xfe, 0xba, 0xee, 0x58, 0xfe, 0x79,
  0xfe, 0xda, 0xfe, 0xfa, 0xfe, 0xfb, 0xfe, 0xfa, 0xff, 0x1b, 0xfe, 0xfa,
  0xff, 0x1b, 0xff, 0x3b, 0xff, 0x5c, 0xfe, 0xfa, 0xff, 0x3b, 0xff, 0x7c,
  0xff, 0x3c, 0xff, 0x1b, 0xff, 0x5c, 0xff, 0x9d, 0xff, 0x7d, 0xff, 0x1b,
  0xf6, 0xfb, 0xff, 0x1b, 0xff, 0x3c, 0xff, 0x1b, 0xff, 0x7d, 0xff, 0xbd,
  0xff, 0x3c, 0xff, 0x3c, 0xff, 0xbe, 0xff, 0x5c, 0xf7, 0x3c, 0xff, 0x9d,
  0xf7, 0x3c, 0xff, 0x7d, 0xff, 0x7d, 0xff, 0x3c, 0xff, 0xbe, 0xff, 0x3b,
  0xff, 0x3c, 0xfe, 0xfb, 0xf6, 0xfc, 0xff, 0x3c, 0xf6, 0xdc, 0xee, 0x7a,
  0xac, 0xf8, 0xcd, 0xdb, 0xb5, 0xda, 0xce, 0x5c, 0xf5, 0xdc, 0xbb, 0xd3,
  0x82, 0x8e, 0x69, 0xab, 0x42, 0x6d, 0x42, 0x2b, 0x4a, 0x2c, 0x4a, 0x2c,
  0x42, 0x2c, 0x4a, 0x2c, 0x42, 0x2c, 0x4a, 0x2c, 0x42, 0x0b, 0x41, 0xeb,
  0x39, 0xcb, 0x41, 0xca, 0x42, 0x2c, 0x41, 0xeb, 0x41, 0xaa, 0x5a, 0x4c,
  0xe2, 0xf2, 0xe2, 0xd1, 0xc2, 0x50, 0xca, 0x4f, 0x9b, 0x51, 0xcc, 0x75,
  0xbd, 0xf8, 0xf7, 0x7e, 0xff, 0xdf, 0xff, 0xdf, 0xe7, 0x3d, 0xff, 0xdf,
  0xff, 0xdf, 0xf7, 0x5e, 0xef, 0x3e, 0xf7, 0x3e, 0xff, 0xdf, 0xff, 0xff,
  0xff, 0xff, 0xff, 0xdf, 0xff, 0xff, 0xde, 0xbb, 0xf7, 0x7e, 0xff, 0xdf,
  0xc5, 0xdb, 0xbd, 0x9a, 0xbd, 0xbb, 0xbd, 0x7a, 0xc5, 0xfb, 0xe6, 0xbe,
  0xc5, 0xfc, 0xbd, 0x7a, 0xbd, 0x9a, 0xc5, 0xdb, 0xde, 0xde, 0xd6, 0x5c,
  0xc6, 0x1c, 0xce, 0x1c, 0x9c, 0xb5, 0xde, 0x9c, 0xff, 0xde, 0xef, 0x3b,
  0xf7, 0x9d, 0xff, 0x9d, 0xff, 0x9e, 0xff, 0x9e, 0xff, 0xbe, 0xff, 0x9e,
  0xff, 0xbf, 0xff, 0x9e, 0xfe, 0x79, 0xfe, 0x99, 0xfe, 0x99, 0xfe, 0xba,
  0xfe, 0xb9, 0xf6, 0xb9, 0xfe, 0x99, 0xf6, 0x99, 0xfe, 0x78, 0xfe, 0xb9,
  0xf6, 0x58, 0xfe, 0xda, 0xfe, 0xd9, 0xfe, 0xda, 0xfe, 0xfa, 0xff, 0x1a,
  0xfe, 0xfa, 0xff, 0x1b, 0xff, 0x1a, 0xfe, 0xfa, 0xff, 0x3a, 0xff, 0x5c,
  0xff, 0x5b, 0xff, 0x1a, 0xff, 0x5b, 0xff, 0x7c, 0xff, 0x1b, 0xff, 0x1b,
  0xff, 0x7c, 0xff, 0x9d, 0xfe, 0xba, 0xf6, 0xba, 0xff, 0x9c, 0xff, 0x9d,
  0xff, 0x1b, 0xff, 0x3c, 0xff, 0xbd, 0xff, 0x7c, 0xff, 0x3b, 0xff, 0x9d,
  0xff, 0x7c, 0xf7, 0x5c, 0xff, 0x9d, 0xf7, 0x1b, 0xff, 0x7c, 0xff, 0x9d,
  0xff, 0x5c, 0xff, 0x7d, 0xf6, 0x99, 0xff, 0x3c, 0xff, 0x3b, 0xff, 0x5c,
  0xfe, 0xdb, 0xee, 0x5a, 0xc5, 0x57, 0xe6, 0xbd, 0xde, 0xfe, 0xce, 0x7c,
  0xe3, 0x73, 0xca, 0xf2, 0x72, 0x2c, 0x59, 0xcb, 0x4a, 0x6c, 0x3a, 0x2b,
  0x4a, 0x2b, 0x4a, 0x4c, 0x4a, 0x2b, 0x4a, 0x4c, 0x52, 0x2c, 0x52, 0x4c,
  0x4a, 0x2b, 0x4a, 0x2c, 0x4a, 0x2b, 0x4a, 0x2c, 0x42, 0x4b, 0x3a, 0x4c,
  0x69, 0x69, 0xab, 0xb3, 0xfb, 0x33, 0xea, 0xd1, 0xe2, 0xd1, 0xe3, 0x12,
  0xea, 0x70, 0xea, 0x71, 0xbb, 0x10, 0xec, 0xb7, 0xff, 0xbe, 0xff, 0xdf,
  0xef, 0x1c, 0xff, 0xbf, 0xcd, 0xfb, 0xbd, 0xba, 0xbd, 0x78, 0xef, 0x3f,
  0xff, 0xbe, 0xff, 0xff, 0xff, 0xff, 0xff, 0xff, 0xe6, 0xdb, 0xef, 0x3d,
  0xff, 0xff, 0xef, 0x5d, 0xd6, 0x1c, 0xbd, 0xba, 0xbd, 0x9a, 0xc5, 0xdb,
  0xc5, 0x9a, 0xbd, 0xba, 0xde, 0x7c, 0xce, 0x3b, 0xc5, 0xba, 0xbd, 0xba,
  0xd6, 0x5c, 0xde, 0x9d, 0xbd, 0xba, 0xb5, 0x9a, 0xb5, 0x57, 0xce, 0x1a,
  0xff, 0xbd, 0xef, 0x5c, 0xff, 0x7c, 0xff, 0xbe, 0xff, 0x9d, 0xff, 0xbe,
  0xff, 0x9d, 0xff, 0xbe, 0xff, 0xbe, 0xff, 0xbe, 0xf6, 0x39, 0xfe, 0x9a,
  0xf6, 0x9a, 0xfe, 0x99, 0xf6, 0x9a, 0xfe, 0x79, 0xf6, 0xba, 0xfe, 0xba,
  0xf6, 0x99, 0xf6, 0x58, 0xee, 0x38, 0xfe, 0xba, 0xfe, 0xfa, 0xfe, 0xda,
  0xff, 0x1b, 0xfe, 0xd9, 0xf6, 0xfa, 0xfe, 0xfa, 0xfe, 0xfa, 0xff, 0x1a,
  0xff, 0x3b, 0xff, 0x1a, 0xf7, 0x1b, 0xff, 0x5b, 0xff, 0x3c, 0xfe, 0xfa,
  0xff, 0x5c, 0xff, 0x5c, 0xff, 0x1b, 0xfe, 0xda, 0xff, 0x1b, 0xff, 0x3c,
  0xf7, 0x3c, 0xff, 0x5c, 0xff, 0xbe, 0xff, 0x3b, 0xf7, 0x1b, 0xff, 0x9d,
  0xff, 0x7d, 0xf6, 0xfa, 0xff, 0x7d, 0xff, 0x7d, 0xf7, 0x3c, 0xff, 0x7d,
  0xf7, 0x3c, 0xff, 0x7d, 0xff, 0x5d, 0xf6, 0xdb, 0xff, 0x1c, 0xf6, 0xba,
  0xff, 0xbe, 0xf6, 0xfb, 0xff, 0x5e, 0xdd, 0xb7, 0x9c, 0xb6, 0xcd, 0xfb,
  0xcd, 0xfc, 0xac, 0xb6, 0xda, 0xd2, 0xe2, 0xd1, 0x52, 0x2c, 0x51, 0xeb,
  0x42, 0x4c, 0x4a, 0x2c, 0x42, 0x2c, 0x52, 0x4c, 0x4a, 0x2c, 0x52, 0x4c,
  0x52, 0x6d, 0x52, 0x4c, 0x42, 0x2c, 0x42, 0x0b, 0x4a, 0x2c, 0x4a, 0x2c,
  0x3a, 0x2c, 0x3a, 0x0b, 0x99, 0xed, 0xdb, 0xd4, 0xda, 0xd1, 0xd2, 0x2f,
  0xe2, 0x91, 0xea, 0xb1, 0xfb, 0x33, 0xfb, 0x13, 0xfb, 0x13, 0xf2, 0x71,
  0xc4, 0xd5, 0xff, 0x3e, 0xe7, 0x5f, 0xce, 0x7b, 0xb5, 0x7b, 0xbd, 0x7a,
  0xce, 0x3b, 0xff, 0xff, 0xff, 0xdf, 0xff, 0xdf, 0xff, 0xff, 0xef, 0x3d,
  0xde, 0xdb, 0xff, 0xbe, 0xf7, 0x7f, 0xbd, 0xb8, 0xce, 0x3c, 0xde, 0x7d,
  0xd6, 0x9d, 0xde, 0x9c, 0xc5, 0xdb, 0xbd, 0x9a, 0xbd, 0xba, 0xce, 0x1c,
  0xe7, 0x1f, 0xd6, 0x3b, 0xb5, 0x7a, 0xd6, 0x5d, 0xc5, 0xfc, 0xa4, 0xb7,
  0xc6, 0x1b, 0xbd, 0xb8, 0xff, 0x9d, 0xff, 0x7c, 0xef, 0x7d, 0xff, 0xbe,
  0xff, 0xbe, 0xff, 0x9d, 0xff, 0x9e, 0xff, 0x9e, 0xff, 0x9e, 0xff, 0xbe,
  0xf5, 0xf8, 0xf6, 0x7a, 0xfe, 0x99, 0xfe, 0xba, 0xfe, 0xb9, 0xfe, 0xb9,
  0xfe, 0xb9, 0xfe, 0xb9, 0xfe, 0x99, 0xf6, 0x79, 0xf6, 0x58, 0xfe, 0xb9,
  0xfe, 0xb9, 0xfe, 0xda, 0xfe, 0xf9, 0xff, 0x1a, 0xff, 0x1a, 0xfe, 0xfa,
  0xfe, 0xfa, 0xff, 0x1b, 0xff, 0x1a, 0xff, 0x1a, 0xff, 0x1a, 0xfe, 0xfa,
  0xff, 0x3b, 0xff, 0x7c, 0xfe, 0xfa, 0xff, 0x3b, 0xff, 0x1b, 0xf6, 0xba,
  0xf6, 0xda, 0xff, 0x7c, 0xff, 0x7c, 0xff, 0x3b, 0xff, 0x1a, 0xff, 0x9d,
  0xff, 0x5c, 0xf7, 0x1b, 0xff, 0x7c, 0xff, 0x9d, 0xf6, 0xfb, 0xff, 0x7d,
  0xff, 0x7c, 0xf7, 0x3b, 0xff, 0x9d, 0xff, 0x5c, 0xff, 0x3c, 0xf6, 0xba,
  0xfe, 0xfb, 0xff, 0x3c, 0xff, 0x3b, 0xff, 0x5c, 0xfe, 0xfc, 0xd5, 0x97,
  0xad, 0x18, 0xb5, 0xba, 0xdc, 0x97, 0xbb, 0x93, 0xea, 0xd1, 0xca, 0x0e,
  0x42, 0x0a, 0x4a, 0x4c, 0x42, 0x2b, 0x42, 0x0b, 0x4a, 0x2b, 0x42, 0x2b,
  0x4a, 0x0b, 0x52, 0x8d, 0x5a, 0x4c, 0x52, 0x4c, 0x4a, 0x2b, 0x42, 0x2b,
  0x4a, 0x2b, 0x42, 0x2b, 0x42, 0x2b, 0x3a, 0x0a, 0xc2, 0x6f, 0xe3, 0x94,
  0xca, 0x8f, 0xba, 0x4f, 0xba, 0x8f, 0xaa, 0x4e, 0xd2, 0x6f, 0xeb, 0x33,
  0xfa, 0x91, 0xfa, 0xb2, 0xd3, 0x51, 0xec, 0x35, 0xe6, 0xfd, 0xc6, 0x3a,
  0xc5, 0x9a, 0xc5, 0xdb, 0xcd, 0xfa, 0xd6, 0x7d, 0xce, 0x1b, 0xce, 0x1c,
  0xc5, 0xd9, 0xce, 0x3a, 0xff, 0xbe, 0xff, 0xde, 0xee, 0xfe, 0xbd, 0xb9,
  0xbd, 0x9a, 0xc5, 0xdb, 0xde, 0x7b, 0xe6, 0xfe, 0xd6, 0x5c, 0xbd, 0xba,
  0xbd, 0x7a, 0xbd, 0x9a, 0xd6, 0x1b, 0xde, 0x9d, 0xbd, 0x99, 0xbd, 0x9a,
  0xde, 0x9d, 0xad, 0x18, 0xce, 0x1a, 0xc6, 0x1a, 0xff, 0x7c, 0xf7, 0x9d,
  0xe6, 0xf9, 0xef, 0x5a, 0xff, 0x7d, 0xff, 0xbe, 0xff, 0xbe, 0xff, 0xbe,
  0xff, 0xbe, 0xff, 0xbe, 0xdd, 0x76, 0xfe, 0xbb, 0xf6, 0x9a, 0xfe, 0x9a,
  0xf6, 0x9a, 0xfe, 0x79, 0xf6, 0xba, 0xfe, 0xba, 0xfe, 0xba, 0xee, 0x17,
  0xee, 0x38, 0xfe, 0xba, 0xfe, 0xda, 0xfe, 0xb9, 0xf6, 0xba, 0xfe, 0xda,
  0xfe, 0xfa, 0xfe, 0xfa, 0xff, 0x1b, 0xfe, 0xda, 0xff, 0x1b, 0xfe, 0xfa,
  0xff, 0x1b, 0xff, 0x1b, 0xff, 0x1b, 0xfe, 0xfa, 0xff, 0x5c, 0xff, 0x1b,
  0xee, 0x79, 0xfe, 0xfb, 0xff, 0x7c, 0xf6, 0xda, 0xff, 0x3c, 0xff, 0x9d,
  0xff, 0x3c, 0xff, 0x1b, 0xff, 0x9d, 0xff, 0x7c, 0xf6, 0xfb, 0xff, 0x5c,
  0xff, 0xbe, 0xf6, 0xfb, 0xff, 0x7d, 0xff, 0x7c, 0xf7, 0x3c, 0xff, 0x9d,
  0xee, 0x7a, 0xfe, 0xfb, 0xf6, 0xdb, 0xff, 0x7d, 0xee, 0xda, 0xff, 0x5c,
  0xf6, 0x9c, 0xc4, 0xd4, 0xde, 0x9e, 0xb5, 0x18, 0xda, 0x91, 0xea, 0xf2,
  0xd2, 0xd1, 0xb1, 0xac, 0x3a, 0x0b, 0x42, 0x0b, 0x42, 0x2c, 0x42, 0x0b,
  0x3a, 0x2c, 0x39, 0xeb, 0x4a, 0x4c, 0x52, 0x2c, 0x4a, 0x2c, 0x52, 0x2c,
  0x4a, 0x4c, 0x41, 0xeb, 0x3a, 0x2c, 0x42, 0x0b, 0x42, 0x0c, 0x41, 0xeb,
  0xd2, 0xd1, 0xe2, 0xf2, 0xba, 0x4f, 0xca, 0x90, 0xc2, 0x90, 0xc2, 0x6f,
  0xb2, 0x2e, 0xba, 0x4f, 0xea, 0xd2, 0xf2, 0xd1, 0xfb, 0x13, 0xf2, 0x91,
  0xbc, 0xf5, 0xff, 0x9f, 0xf7, 0xdf, 0xc5, 0xf9, 0xbd, 0x9b, 0xbd, 0x7a,
  0xc5, 0xfb, 0xd6, 0x5d, 0xbd, 0xd9, 0xff, 0xbf, 0xf7, 0x7d, 0xff, 0xbe,
  0xde, 0xbe, 0xbd, 0x99, 0xbd, 0xbb, 0xbd, 0x9a, 0xbd, 0x9b, 0xc5, 0x9a,
  0xce, 0x5c, 0xd6, 0x7c, 0xd6, 0x9d, 0xde, 0x9d, 0xb5, 0x79, 0xc5, 0xdb,
  0xd6, 0x9e, 0xc5, 0xdb, 0xb5, 0x79, 0xc5, 0xda, 0xd6, 0x7c, 0xce, 0x1a,
  0xf7, 0x7d, 0xff, 0x9d, 0xef, 0x19, 0xf7, 0x19, 0xe7, 0x19, 0xef, 0x19,
  0xef, 0x5c, 0xff, 0xbd, 0xff, 0xdf, 0xff, 0xbe, 0xd4, 0xb3, 0xfe, 0x19,
  0xfe, 0x99, 0xfe, 0xba, 0xfe, 0x99, 0xfe, 0x9a, 0xfe, 0x99, 0xfe, 0x9a,
  0xfe, 0x99, 0xee, 0x18, 0xfe, 0x78, 0xfe, 0xfa, 0xfe, 0xb9, 0xfe, 0xb9,
  0xfe, 0xd9, 0xfe, 0xda, 0xfe, 0xd9, 0xfe, 0xfa, 0xfe, 0xf9, 0xff, 0x3b,
  0xff, 0x1a, 0xfe, 0xfa, 0xff, 0x1a, 0xff, 0x1a, 0xfe, 0xfa, 0xff, 0x3b,
  0xfe, 0xfa, 0xf6, 0x99, 0xfe, 0xda, 0xfe, 0xfb, 0xff, 0x1a, 0xff, 0x9c,
  0xfe, 0xfa, 0xff, 0x1b, 0xff, 0x9c, 0xff, 0x7c, 0xfe, 0xfa, 0xff, 0x5c,
  0xff, 0x7c, 0xf7, 0x1b, 0xff, 0x5c, 0xff, 0x9d, 0xff, 0x1b, 0xff, 0x7c,
  0xff, 0x7c, 0xf6, 0xda, 0xfe, 0xdb, 0xf6, 0xba, 0xff, 0x7d, 0xf7, 0x1c,
  0xff, 0x3b, 0xff, 0x3c, 0xee, 0xbc, 0xd5, 0xf9, 0xdc, 0x56, 0xaa, 0xf1,
  0xfa, 0x91, 0xf2, 0x91, 0xca, 0xb0, 0xaa, 0x0e, 0x39, 0xea, 0x3a, 0x2b,
  0x4a, 0x2b, 0x42, 0x2b, 0x42, 0x2b, 0x3a, 0x0b, 0x52, 0x6c, 0x4a, 0x2c,
  0x4a, 0x0b, 0x4a, 0x4c, 0x4a, 0x2b, 0x42, 0x0b, 0x3a, 0x0b, 0x3a, 0x2b,
  0x49, 0xeb, 0x4a, 0x2c, 0xe3, 0x12, 0xda, 0xf1, 0xb1, 0xed, 0xc2, 0x8f,
  0xca, 0x6f, 0xc2, 0x90, 0xc2, 0x8f, 0xba, 0x8f, 0xca, 0x2e, 0xe3, 0x32,
  0xfa, 0xb2, 0xfb, 0x13, 0xca, 0xf0, 0xf4, 0x76, 0xe7, 0x1f, 0xb5, 0x99,
  0xc5, 0xbb, 0xbd, 0x9b, 0xce, 0x3b, 0xc5, 0xfb, 0xf7, 0x5d, 0xff, 0xff,
  0xff, 0xde, 0xff, 0xff, 0xde, 0x7d, 0xc5, 0xba, 0xc5, 0x9a, 0xc5, 0xdb,
  0xcd, 0xfb, 0xbd, 0xbb, 0xbd, 0x7a, 0xbd, 0xbb, 0xd6, 0x3b, 0xde, 0xdd,
  0xd6, 0x1c, 0xbd, 0xba, 0xc5, 0xb9, 0xde, 0x9d, 0xb5, 0x58, 0xc5, 0xfb,
  0xde, 0x9c, 0xc5, 0xfa, 0xf7, 0x5c, 0xff, 0xbe, 0xf7, 0x19, 0xff, 0x5b,
  0xff, 0x3a, 0xf7, 0x3a, 0xfe, 0x79, 0xd5, 0x34, 0xd5, 0x75, 0xfe, 0xdb,
  0xcc, 0xb4, 0xf5, 0x97, 0xf6, 0x9a, 0xfe, 0x9a, 0xf6, 0x9a, 0xfe, 0x79,
  0xf6, 0x9a, 0xfe, 0x79, 0xfe, 0x7a, 0xed, 0xf8, 0xf6, 0x99, 0xfe, 0xba,
  0xfe, 0xda, 0xfe, 0xba, 0xfe, 0xba, 0xfe, 0xda, 0xfe, 0xfa, 0xfe, 0xb9,
  0xfe, 0xfa, 0xfe, 0xfa, 0xff, 0x1b, 0xff, 0x1b, 0xff, 0x1b, 0xfe, 0xfa,
  0xff, 0x1b, 0xfe, 0xfa, 0xf6, 0xba, 0xfe, 0x99, 0xf6, 0xda, 0xff, 0x3b,
  0xff, 0x1b, 0xfe, 0xda, 0xff, 0x7d, 0xff, 0x1b, 0xf6, 0xfa, 0xff, 0x5c,
  0xff, 0x5c, 0xf6, 0xda, 0xff, 0x5c, 0xff, 0x7c, 0xf7, 0x1b, 0xff, 0x3c,
  0xff, 0x9d, 0xff, 0x1b, 0xff, 0x1c, 0xf6, 0x79, 0xf6, 0xbb, 0xfe, 0xfb,
  0xff, 0x3c, 0xf6, 0xfb, 0xff, 0x5d, 0xff, 0x5c, 0xfd, 0x59, 0xb2, 0xef,
  0xda, 0x51, 0xf2, 0xb2, 0xea, 0xf2, 0xd1, 0xee, 0xca, 0xb1, 0xb9, 0xcd,
  0x31, 0xeb, 0x3a, 0x0b, 0x3a, 0x0c, 0x42, 0x0b, 0x42, 0x2c, 0x39, 0xea,
  0x52, 0x8d, 0x41, 0xeb, 0x42, 0x0b, 0x4a, 0x2c, 0x42, 0x2c, 0x42, 0x0b,
  0x3a, 0x0b, 0x3a, 0x0b, 0x41, 0xca, 0x5a, 0x4c, 0xe3, 0x13, 0xca, 0x4f,
  0xb2, 0x4f, 0xc2, 0x6f, 0xc2, 0x4f, 0xc2, 0x4f, 0xc2, 0x90, 0xca, 0x90,
  0xba, 0x70, 0xba, 0x2e, 0xf2, 0xf2, 0xf2, 0xf2, 0xfa, 0xf3, 0xea, 0x30,
  0xa4, 0x35, 0xdd, 0x9b, 0xbd, 0xdb, 0xce, 0x3c, 0xce, 0x3b, 0xde, 0x9c,
  0xff, 0xff, 0xff, 0x9e, 0xff, 0xbf, 0xff, 0x9e, 0xd6, 0x7c, 0xd6, 0x5c,
  0xd6, 0x7c, 0xde, 0x9d, 0xde, 0xde, 0xc5, 0xda, 0xbd, 0xbb, 0xc5, 0x9a,
  0xbd, 0xbb, 0xbd, 0x7a, 0xce, 0x3c, 0xde, 0x7d, 0xce, 0x3c, 0xbd, 0x99,
  0xbd, 0xba, 0xd6, 0x5d, 0xce, 0x3c, 0xb5, 0x58, 0xef, 0x3c, 0xff, 0x9e,
  0xef, 0x1a, 0xf7, 0x1a, 0xff, 0x5b, 0xff, 0x3a, 0xff, 0x1c, 0xf6, 0x38,
  0xcb, 0xf2, 0xfd, 0x57, 0xe5, 0x55, 0xcc, 0xb3, 0xfe, 0x9a, 0xfe, 0x7a,
  0xfe, 0x99, 0xfe, 0xba, 0xfe, 0xb9, 0xfe, 0xb9, 0xf6, 0x18, 0xed, 0xf7,
  0xfe, 0x99, 0xfe, 0xda, 0xfe, 0xb9, 0xfe, 0xba, 0xfe, 0xda, 0xfe, 0xfa,
  0xfe, 0xb9, 0xfe, 0xda, 0xfe, 0xb9, 0xfe, 0xda, 0xfe, 0xfa, 0xfe, 0xfa,
  0xff, 0x1a, 0xff, 0x3b, 0xfe, 0xfa, 0xf6, 0xb9, 0xf6, 0x58, 0xfe, 0xfa,
  0xff, 0x3b, 0xf6, 0xfa, 0xff, 0x1a, 0xff, 0x1b, 0xfe, 0xfa, 0xff, 0x7c,
  0xff, 0x3b, 0xf6, 0xfa, 0xff, 0x5c, 0xff, 0x7c, 0xff, 0x1a, 0xff, 0x5c,
  0xff, 0x7c, 0xf7, 0x1b, 0xff, 0x5c, 0xff, 0x7c, 0xf6, 0x99, 0xfe, 0xfb,
  0xf6, 0xba, 0xff, 0x7d, 0xfe, 0xfa, 0xff, 0x5c, 0xff, 0x3b, 0xff, 0x5c,
  0xfc, 0x35, 0xca, 0x6e, 0xf2, 0xf2, 0xe2, 0x90, 0xda, 0x6f, 0xd2, 0x4f,
  0xda, 0xf1, 0xc2, 0x0e, 0x3a, 0x0a, 0x3a, 0x0b, 0x42, 0x0b, 0x3a, 0x2b,
  0x42, 0x0a, 0x3a, 0x0b, 0x5a, 0x8d, 0x4a, 0x2c, 0x41, 0xea, 0x42, 0x4c,
  0x42, 0x0b, 0x42, 0x2b, 0x3a, 0x0b, 0x3a, 0x2b, 0x49, 0xca, 0x5a, 0x4c,
  0xea, 0xd1, 0xd2, 0x70, 0xc2, 0x8f, 0xb2, 0x2e, 0xc2, 0x4f, 0xc2, 0x6f,
  0xca, 0x6f, 0xc2, 0x90, 0xc2, 0x6f, 0xba, 0x4f, 0xd2, 0x4f, 0xeb, 0x53,
  0xfa, 0xb1, 0xfa, 0xd2, 0xc2, 0xd0, 0xe4, 0x15, 0xd6, 0x9d, 0xc6, 0x5c,
  0xd6, 0x39, 0xff, 0x9f, 0xff, 0x7d, 0xff, 0x9d, 0xff, 0x7e, 0xe6, 0xfc,
  0xbd, 0x7a, 0xc5, 0xdb, 0xcd, 0xfa, 0xce, 0x1b, 0xd6, 0x3b, 0xd6, 0x7c,
  0xde, 0x7c, 0xde, 0xbd, 0xee, 0xfe, 0xce, 0x3b, 0xc5, 0xba, 0xbd, 0x9a,
  0xd6, 0x3b, 0xbd, 0xda, 0xce, 0x1a, 0xd6, 0x9d, 0xc5, 0xba, 0xb5, 0x59,
  0xef, 0x1b, 0xff, 0xbe, 0xf7, 0x19, 0xf7, 0x5a, 0xff, 0x3a, 0xff, 0x3a,
  0xff, 0x3a, 0xff, 0x7b, 0xfe, 0x58, 0xee, 0x17, 0xfe, 0xfb, 0xbc, 0x51,
  0xf6, 0x19, 0xfe, 0x5a, 0xee, 0x39, 0xf6, 0x18, 0xf6, 0x59, 0xfe, 0x7a,
  0xf6, 0x39, 0xed, 0xb7, 0xf6, 0x99, 0xfe, 0x99, 0xf6, 0xba, 0xfe, 0xba,
  0xfe, 0xba, 0xfe, 0xb9, 0xfe, 0xfb, 0xfe, 0xb9, 0xf6, 0xba, 0xfe, 0xda,
  0xfe, 0xda, 0xfe, 0xfa, 0xfe, 0xfa, 0xfe, 0xfa, 0xfe, 0xda, 0xf6, 0x58,
  0xfe, 0xda, 0xfe, 0xfa, 0xf6, 0xda, 0xff, 0x1b, 0xf6, 0xda, 0xfe, 0xfa,
  0xff, 0x3c, 0xf6, 0xda, 0xff, 0x5c, 0xff, 0x3b, 0xf6, 0xfa, 0xff, 0x5c,
  0xff, 0x7d, 0xfe, 0xfb, 0xff, 0x5c, 0xff, 0x7c, 0xff, 0x1b, 0xfe, 0xda,
  0xf6, 0xbb, 0xf6, 0xba, 0xff, 0x7d, 0xf6, 0xda, 0xff, 0x3c, 0xfe, 0xfb,
  0xfe, 0xfc, 0xee, 0x39, 0xea, 0xf2, 0xe2, 0x90, 0xf3, 0x33, 0xe2, 0x91,
  0xda, 0x30, 0xea, 0x91, 0xe2, 0xd2, 0xd2, 0x0f, 0x39, 0xeb, 0x41, 0xeb,
  0x3a, 0x2b, 0x39, 0xea, 0x3a, 0x0b, 0x39, 0xea, 0x42, 0x2c, 0x52, 0x4c,
  0x39, 0xeb, 0x4a, 0x4c, 0x42, 0x0c, 0x4a, 0x2c, 0x32, 0x2b, 0x3a, 0x2b,
  0x41, 0xaa, 0x62, 0x6d, 0xe2, 0xf2, 0xd2, 0x4f, 0xdb, 0x53, 0xc2, 0x2f,
  0xa9, 0xed, 0xba, 0x8f, 0xc2, 0x6f, 0xc2, 0x4f, 0xba, 0x6f, 0xc2, 0x8f,
  0xb2, 0x0e, 0xca, 0xb0, 0xfa, 0xf3, 0xfa, 0xb1, 0xf2, 0xf3, 0xea, 0x70,
  0xac, 0xd6, 0xe6, 0x3c, 0xe7, 0x1c, 0xff, 0xbe, 0xff, 0xff, 0xff, 0xff,
  0xff, 0xff, 0xf7, 0x5d, 0xbd, 0x9a, 0xc5, 0x9a, 0xbd, 0x9b, 0xbd, 0x9a,
  0xb5, 0x9a, 0xbd, 0x9a, 0xbd, 0xbb, 0xc5, 0xdb, 0xc6, 0x1b, 0xd6, 0x5c,
  0xd6, 0x7c, 0xd6, 0x7c, 0xbd, 0xbb, 0xad, 0x18, 0xd6, 0x9d, 0xce, 0x1b,
  0xbd, 0xdb, 0xad, 0x18, 0xde, 0xba, 0xff, 0xbe, 0xf7, 0x1a, 0xf7, 0x3a,
  0xff, 0x3a, 0xff, 0x3a, 0xff, 0x3a, 0xff, 0x1a, 0xff, 0x5b, 0xff, 0x5a,
  0xff, 0x5b, 0xdd, 0xb5, 0xd4, 0xb3, 0xfe, 0x9b, 0xfe, 0x99, 0xfe, 0x79,
  0xf6, 0x38, 0xf6, 0x59, 0xf6, 0x18, 0xee, 0x18, 0xfe, 0x99, 0xfe, 0x9a,
  0xfe, 0x99, 0xf6, 0x99, 0xfe, 0xb9, 0xfe, 0xda, 0xfe, 0xb9, 0xfe, 0xda,
  0xfe, 0xfa, 0xfe, 0xda, 0xfe, 0xd9, 0xfe, 0xda, 0xfe, 0xfa, 0xfe, 0xda,
  0xf6, 0x37, 0xfe, 0xda, 0xff, 0x1a, 0xfe, 0xfa, 0xfe, 0xfa, 0xfe, 0xfa,
  0xff, 0x1b, 0xfe, 0xfa, 0xfe, 0xd9, 0xff, 0x5c, 0xfe, 0xd9, 0xff, 0x3b,
  0xff, 0x5b, 0xf6, 0xda, 0xff, 0x3b, 0xff, 0x7c, 0xff, 0x1a, 0xff, 0x5c,
  0xfe, 0xba, 0xee, 0x79, 0xff, 0x1b, 0xff, 0x3b, 0xff, 0x3b, 0xfe, 0xfb,
  0xff, 0x1b, 0xf7, 0x3b, 0xfe, 0x9b, 0xd4, 0x93, 0xda, 0x0e, 0xf3, 0x12,
  0xf3, 0x32, 0xd2, 0x70, 0xe2, 0x70, 0xea, 0xd1, 0xf2, 0xb1, 0xe2, 0x70,
  0x7a, 0xae, 0x49, 0x6a, 0x3a, 0x2b, 0x32, 0x2b, 0x39, 0xea, 0x3a, 0x0b,
  0x41, 0xea, 0x4a, 0x8d, 0x41, 0xea, 0x42, 0x4c, 0x4a, 0x0b, 0x4a, 0x4c,
  0x3a, 0x0a, 0x3a, 0x2b, 0x49, 0x89, 0x6a, 0xae, 0xda, 0xf1, 0xc2, 0x4f,
  0xfa, 0xd2, 0xfb, 0x13, 0xb2, 0x6e, 0xaa, 0x4e, 0xc2, 0x8f, 0xc2, 0xb0,
  0xc2, 0x4e, 0xc2, 0x4f, 0xc2, 0x6f, 0xb2, 0x0e, 0xea, 0xd1, 0xf2, 0xf2,
  0xfa, 0xd2, 0xfa, 0xb2, 0xb2, 0xcf, 0xe4, 0x96, 0xff, 0xff, 0xff, 0xff,
  0xff, 0xff, 0xff, 0xff, 0xff, 0xff, 0xf7, 0x9e, 0xbd, 0x9a, 0xbd, 0x9a,
  0xc5, 0xba, 0xce, 0x3c, 0xc5, 0xdb, 0xbd, 0xba, 0xc5, 0x9a, 0xce, 0x1c,
  0xc5, 0xba, 0xbd, 0x9a, 0xbd, 0x9a, 0xbd, 0xbb, 0xbd, 0x78, 0xd6, 0x7c,
  0xd6, 0x5c, 0xde, 0xbd, 0xc5, 0xda, 0xbd, 0xba, 0xde, 0x99, 0xff, 0xbe,
  0xf7, 0x19, 0xf7, 0x5b, 0xff, 0x3a, 0xff, 0x3a, 0xff, 0x3a, 0xf7, 0x3a,
  0xff, 0x39, 0xff, 0x3a, 0xff, 0x3a, 0xff, 0x1a, 0x8b, 0xb0, 0x93, 0x90,
  0x9c, 0x73, 0xc5, 0x77, 0xf6, 0x59, 0xfe, 0xba, 0xed, 0xf8, 0xed, 0xb7,
  0xf6, 0x7a, 0xf6, 0x79, 0xf6, 0x9a, 0xfe, 0x99, 0xf6, 0x9a, 0xfe, 0x99,
  0xfe, 0xba, 0xfe, 0x99, 0xf6, 0xba, 0xfe, 0xda, 0xfe, 0xda, 0xfe, 0xda,
  0xfe, 0xba, 0xed, 0xf7, 0xf6, 0xba, 0xfe, 0xda, 0xfe, 0xfa, 0xfe, 0xfa,
  0xf6, 0xba, 0xfe, 0xfb, 0xf6, 0xda, 0xff, 0x1b, 0xff, 0x1b, 0xf6, 0xb9,
  0xff, 0x3c, 0xf6, 0xb9, 0xff, 0x1b, 0xff, 0x3b, 0xf6, 0xda, 0xff, 0x3b,
  0xff, 0x5c, 0xee, 0x38, 0xf6, 0x9a, 0xfe, 0xba, 0xff, 0x3c, 0xff, 0x5c,
  0xf6, 0xda, 0xff, 0x3c, 0xf6, 0xfb, 0xff, 0x1b, 0xfd, 0xd9, 0xcb, 0xb1,
  0xea, 0x71, 0xfa, 0xf3, 0xe2, 0xd2, 0xd2, 0x0e, 0xda, 0x70, 0xea, 0xb1,
  0xea, 0x91, 0xea, 0x50, 0xc3, 0x32, 0x91, 0x8b, 0x29, 0xeb, 0x32, 0x2b,
  0x3a, 0x0b, 0x39, 0xea, 0x3a, 0x0b, 0x42, 0x0b, 0x4a, 0x4c, 0x4a, 0x0b,
  0x42, 0x2c, 0x4a, 0x0b, 0x32, 0x2b, 0x3a, 0x0b, 0x49, 0x8a, 0x6a, 0x6d,
  0xca, 0xd1, 0xc2, 0x4f, 0xf2, 0xf2, 0xf2, 0xb1, 0xeb, 0x34, 0xda, 0x70,
  0xa2, 0x0d, 0xba, 0x8f, 0xc2, 0x6f, 0xc2, 0x4f, 0xba, 0x90, 0xb2, 0x2e,
  0xca, 0x0f, 0xeb, 0x12, 0xfa, 0x92, 0xfa, 0xb2, 0xe2, 0xd2, 0xd1, 0xee,
  0xcd, 0xf9, 0xff, 0xff, 0xff, 0xff, 0xff, 0xff, 0xff, 0xff, 0xff, 0xbf,
  0xbd, 0xbb, 0xc5, 0xdb, 0xce, 0x1b, 0xe6, 0xde, 0xd6, 0x5d, 0xcd, 0xfb,
  0xce, 0x1b, 0xe6, 0xbd, 0xde, 0xbd, 0xd6, 0x5b, 0xd6, 0x7d, 0xb5, 0x58,
  0xb5, 0x79, 0xd6, 0x7d, 0xd6, 0x5d, 0xc5, 0xda, 0xd6, 0x7b, 0xff, 0xbf,
  0xde, 0xda, 0xf7, 0x7d, 0xef, 0x1a, 0xf7, 0x3a, 0xff, 0x3a, 0xff, 0x1a,
  0xff, 0x3a, 0xff, 0x3a, 0xff, 0x3a, 0xff, 0x3a, 0xff, 0x7b, 0xee, 0xd9,
  0x52, 0xac, 0x3a, 0x0a, 0x39, 0xea, 0x3a, 0x2b, 0x5a, 0xac, 0x94, 0x94,
  0xdd, 0x55, 0xee, 0x39, 0xfe, 0xba, 0xf6, 0x59, 0xfe, 0x79, 0xfe, 0x9a,
  0xfe, 0x99, 0xfe, 0x99, 0xfe, 0x99, 0xfe, 0xba, 0xfe, 0xb9, 0xfe, 0xda,
  0xfe, 0xfa, 0xfe, 0xba, 0xf6, 0x38, 0xf6, 0x79, 0xfe, 0xb9, 0xfe, 0xfa,
  0xfe, 0xfa, 0xfe, 0xda, 0xff, 0x1a, 0xf6, 0xb9, 0xff, 0x1a, 0xf6, 0xda,
  0xfe, 0xfa, 0xff, 0x1b, 0xfe, 0x99, 0xff, 0x3b, 0xfe, 0xb9, 0xff, 0x1b,
  0xff, 0x3b, 0xf6, 0xb9, 0xfe, 0xba, 0xf6, 0x99, 0xf6, 0x99, 0xff, 0x7d,
  0xfe, 0xda, 0xff, 0x5c, 0xfe, 0xfa, 0xff, 0x1b, 0xfe, 0xda, 0xf6, 0xda,
  0xfc, 0x55, 0xca, 0xef, 0xf2, 0xd2, 0xf2, 0xf2, 0xda, 0x70, 0xd2, 0x50,
  0xc9, 0xee, 0xe2, 0xf2, 0xe2, 0x70, 0xe2, 0x91, 0xf2, 0x91, 0xea, 0x91,
  0x6a, 0x4d, 0x49, 0x8a, 0x3a, 0x0b, 0x32, 0x2b, 0x39, 0xea, 0x39, 0xea,
  0x52, 0x2c, 0x4a, 0x4c, 0x4a, 0x2b, 0x42, 0x2b, 0x3a, 0x2b, 0x32, 0x2b,
  0x49, 0x89, 0x6a, 0xae, 0xca, 0x8f, 0xba, 0x2e, 0xfa, 0xf2, 0xf2, 0xf2,
  0xfa, 0xf2, 0xfb, 0x13, 0xd2, 0xb0, 0xba, 0x4f, 0xc2, 0x6f, 0xba, 0x6f,
  0xc2, 0x4e, 0xc2, 0x8f, 0xb9, 0xcd, 0xd2, 0xf1, 0xfa, 0xd2, 0xfa, 0xd2,
  0xfa, 0xb2, 0xea, 0x51, 0xa2, 0xae, 0xfd, 0xfb, 0xff, 0xff, 0xf7, 0xbe,
  0xff, 0xdf, 0xf7, 0x9e, 0xd6, 0x3b, 0xd6, 0x7c, 0xd6, 0x5b, 0xd6, 0x5c,
  0xd6, 0x3b, 0xd6, 0x5c, 0xce, 0x1b, 0xc6, 0x1b, 0xc5, 0xda, 0xce, 0x1c,
  0xbd, 0x79, 0xbd, 0xda, 0xde, 0x9d, 0xce, 0x3c, 0xc5, 0x99, 0xc5, 0xdb,
  0xff, 0xff, 0xff, 0xff, 0xef, 0x1b, 0xef, 0x5c, 0xff, 0x19, 0xf7, 0x5a,
  0xff, 0x3a, 0xff, 0x3a, 0xff, 0x39, 0xff, 0x5a, 0xff, 0x3a, 0xff, 0x5a,
  0xf7, 0x7d, 0x83, 0xae, 0x42, 0x4c, 0x52, 0x6d, 0x4a, 0x8d, 0x52, 0x8c,
  0x3a, 0x0b, 0x39, 0xea, 0x42, 0x4b, 0x83, 0xf1, 0xe6, 0x18, 0xfe, 0xfb,
  0xfe, 0x79, 0xfe, 0x59, 0xf6, 0x9a, 0xfe, 0x99, 0xfe, 0xba, 0xfe, 0xba,
  0xf6, 0xba, 0xfe, 0xfa, 0xfe, 0x9a, 0xed, 0xf7, 0xf6, 0x79, 0xfe, 0x99,
  0xfe, 0xfb, 0xfe, 0xb9, 0xfe, 0xda, 0xfe, 0xfa, 0xf6, 0xba, 0xff, 0x1b,
  0xf6, 0xba, 0xfe, 0xfa, 0xf6, 0xda, 0xfe, 0xda, 0xff, 0x1b, 0xf6, 0x99,
  0xff, 0x3c, 0xf6, 0xb9, 0xfe, 0xfb, 0xf6, 0x79, 0xe6, 0x18, 0xfe, 0xfb,
  0xf7, 0x1b, 0xff, 0x1a, 0xff, 0x1c, 0xfe, 0xba, 0xff, 0x3c, 0xf6, 0xba,
  0xfe, 0xdb, 0xe5, 0xb7, 0xe3, 0x12, 0xda, 0x90, 0xeb, 0x33, 0xe2, 0xb1,
  0xd2, 0x70, 0xe2, 0x90, 0xca, 0x2f, 0xe2, 0xb1, 0xda, 0x70, 0xea, 0xd1,
  0xea, 0x30, 0xe9, 0xef, 0xd2, 0xb1, 0xa9, 0x4b, 0x31, 0xeb, 0x39, 0xea,
  0x3a, 0x0b, 0x39, 0xea, 0x39, 0xeb, 0x52, 0x6d, 0x4a, 0x4c, 0x52, 0x4c,
  0x32, 0x2c, 0x3a, 0x0b, 0x41, 0x8a, 0x6a, 0x8e, 0xc2, 0x70, 0xb1, 0xed,
  0xf2, 0xf2, 0xf2, 0xd2, 0xfa, 0xb2, 0xfa, 0xb1, 0xf2, 0xf3, 0xea, 0x91,
  0xaa, 0x2f, 0xb2, 0x2e, 0xba, 0x4f, 0xc2, 0x4f, 0xb2, 0x0e, 0xc2, 0x4f,
  0xfa, 0xf3, 0xfa, 0xb2, 0xfa, 0xd2, 0xf2, 0x91, 0xba, 0x70, 0xc2, 0x4f,
  0xbd, 0xb7, 0xff, 0xff, 0xff, 0xff, 0xe6, 0xfd, 0xb5, 0x7a, 0xbd, 0x9a,
  0xb5, 0x9b, 0xbd, 0x7a, 0xbd, 0x7a, 0xc5, 0xbb, 0xbd, 0x9a, 0xc5, 0x9a,
  0xce, 0x5d, 0xb5, 0x79, 0xc5, 0xfb, 0xd6, 0x3c, 0xbd, 0xbb, 0xbd, 0x7a,
  0xd5, 0xfb, 0xde, 0x1b, 0xe6, 0xfd, 0xff, 0xdf, 0xe7, 0x3c, 0xe6, 0xfb,
  0xf7, 0x3a, 0xff, 0x3a, 0xff, 0x5b, 0xff, 0x3a, 0xf7, 0x3a, 0xff, 0x3a,
  0xff, 0x5b, 0xff, 0x3a, 0xbd, 0x96, 0x52, 0x8a, 0x5a, 0xcd, 0x4a, 0x8d,
  0x52, 0x6b, 0x52, 0xad, 0x52, 0x8c, 0x4a, 0x6c, 0x42, 0x4c, 0x32, 0x0b,
  0x4a, 0x0a, 0x8c, 0x73, 0xfe, 0x79, 0xfe, 0xfb, 0xfe, 0x59, 0xfe, 0x79,
  0xfe, 0x79, 0xfe, 0xba, 0xfe, 0xda, 0xf6, 0x79, 0xed, 0xf7, 0xf6, 0x59,
  0xfe, 0xb9, 0xfe, 0xfb, 0xfe, 0xb9, 0xfe, 0xda, 0xfe, 0x99, 0xfe, 0xda,
  0xfe, 0xfa, 0xf6, 0x99, 0xff, 0x1b, 0xf6, 0xda, 0xfe, 0xda, 0xfe, 0xda,
  0xfe, 0xfa, 0xfe, 0xfa, 0xfe, 0xb9, 0xfe, 0xda, 0xed, 0xf7, 0xfe, 0x99,
  0xf6, 0x99, 0xfe, 0xfa, 0xff, 0x3b, 0xf6, 0xda, 0xff, 0x3b, 0xf6, 0xda,
  0xff, 0x1b, 0xf6, 0xb9, 0xfd, 0xd9, 0xcb, 0xf2, 0xea, 0x91, 0xea, 0xd2,
  0xf3, 0x53, 0xda, 0x90, 0xea, 0x90, 0xea, 0xd2, 0xda, 0x6f, 0xe2, 0xd1,
  0xea, 0x90, 0xf2, 0xf2, 0xf2, 0x90, 0xe2, 0x2f, 0xfa, 0x91, 0xf2, 0x70,
  0x8a, 0x6e, 0x61, 0x6a, 0x32, 0x2b, 0x32, 0x2b, 0x39, 0xca, 0x42, 0x0b,
  0x5a, 0x8c, 0x4a, 0x2c, 0x3a, 0x2b, 0x32, 0x0b, 0x49, 0xaa, 0x62, 0x6d,
  0xb1, 0xed, 0xc2, 0x90, 0xfa, 0xd2, 0xfa, 0xf2, 0xfa, 0xd2, 0xf2, 0xf2,
  0xfa, 0xd2, 0xfa, 0xd2, 0xe2, 0xf2, 0xc2, 0x0e, 0xc2, 0x4e, 0xc2, 0x6f,
  0xc2, 0x6f, 0xb2, 0x2e, 0xf2, 0xb1, 0xf2, 0xf2, 0xfa, 0xd1, 0xfa, 0xf2,
  0xc2, 0x6f, 0xb2, 0x2e, 0x51, 0xc9, 0xcd, 0xb9, 0xff, 0xff, 0xef, 0x7e,
  0xc5, 0x9a, 0xc5, 0xbb, 0xc5, 0xba, 0xc5, 0xfb, 0xd6, 0x5c, 0xc5, 0xdb,
  0xc5, 0xda, 0xde, 0x9d, 0xd6, 0x5b, 0xbd, 0xb9, 0xcd, 0xfb, 0xb5, 0x7a,
  0xbd, 0x98, 0xef, 0x3f, 0xf6, 0xfe, 0xd5, 0xfa, 0xd5, 0xdb, 0xde, 0x1c,
  0xd6, 0x19, 0xce, 0x19, 0xff, 0x3a, 0xf7, 0x3a, 0xff, 0x3a, 0xff, 0x3a,
  0xff, 0x3a, 0xff, 0x5a, 0xff, 0x3a, 0xff, 0x3a, 0x63, 0x0e, 0x5a, 0xad,
  0x62, 0xee, 0x62, 0xcd, 0x5a, 0xce, 0x5a, 0xad, 0x4a, 0x8d, 0x4a, 0x4c,
  0x4a, 0x6d, 0x4a, 0x4c, 0x3a, 0x4c, 0x3a, 0x0b, 0x5a, 0x8b, 0xb5, 0x36,
  0xfe, 0xfb, 0xfe, 0x79, 0xf6, 0x79, 0xfe, 0x9a, 0xf6, 0x5a, 0xed, 0xd7,
  0xee, 0x39, 0xfe, 0xba, 0xfe, 0xfb, 0xfe, 0x99, 0xfe, 0xfb, 0xfe, 0x79,
  0xfe, 0xba, 0xfe, 0x99, 0xf6, 0xba, 0xfe, 0xda, 0xf6, 0x99, 0xfe, 0xfb,
  0xf6, 0x99, 0xfe, 0xfa, 0xf6, 0xda, 0xff, 0x1b, 0xf6, 0x59, 0xed, 0xf7,
  0xee, 0x59, 0xf6, 0x58, 0xff, 0x7c, 0xee, 0x78, 0xff, 0x3c, 0xfe, 0xda,
  0xfe, 0xfb, 0xfe, 0xda, 0xfe, 0xfb, 0xee, 0x38, 0xeb, 0xf4, 0xd3, 0x10,
  0xea, 0xf2, 0xf2, 0xf2, 0xda, 0xd1, 0xda, 0x70, 0xea, 0xd2, 0xf2, 0xf2,
  0xd2, 0x91, 0xda, 0x90, 0xea, 0xb2, 0xf2, 0xb1, 0xea, 0xd2, 0xea, 0x70,
  0xea, 0x50, 0xf2, 0x71, 0xdb, 0x12, 0xb1, 0xcd, 0x29, 0xca, 0x3a, 0x0b,
  0x3a, 0x0b, 0x39, 0xca, 0x4a, 0x2c, 0x62, 0xae, 0x3a, 0x2c, 0x39, 0xea,
  0x39, 0xcb, 0x52, 0x2c, 0x99, 0xed, 0xc2, 0xd0, 0xea, 0xd2, 0xfa, 0xf2,
  0xfa, 0xd2, 0xf2, 0x91, 0xf2, 0xd2, 0xfa, 0xb1, 0xf2, 0xf3, 0xf2, 0x91,
  0xb2, 0x0e, 0xba, 0x2e, 0xba, 0x90, 0xaa, 0x0d, 0xd2, 0x50, 0xf3, 0x12,
  0xfa, 0xd2, 0xfa, 0xd2, 0xda, 0xd2, 0xd2, 0x90, 0x61, 0xec, 0x61, 0xab,
  0xcd, 0xd9, 0xff, 0x7f, 0xbd, 0xbb, 0xb5, 0x79, 0xbd, 0x9a, 0xd6, 0x3d,
  0xde, 0xdd, 0xe6, 0xbd, 0xce, 0x7d, 0xbd, 0x99, 0xb5, 0x7a, 0xc5, 0xdb,
  0xbd, 0xbb, 0xc5, 0x9a, 0xef, 0x5e, 0xff, 0xff, 0xff, 0xff, 0xee, 0xfc,
  0xd5, 0xbb, 0xd5, 0xbb, 0xd5, 0xfa, 0xbd, 0x17, 0xee, 0xfa, 0xff, 0x3a,
  0xf7, 0x3a, 0xff, 0x3a, 0xff, 0x3a, 0xff, 0x3a, 0xf7, 0x3a, 0xff, 0x1a,
  0x52, 0x8c, 0x42, 0x2b, 0x42, 0x2b, 0x42, 0x6c, 0x52, 0x8c, 0x52, 0xcd,
  0x62, 0xcd, 0x52, 0xad, 0x52, 0x8c, 0x52, 0x8c, 0x4a, 0x6c, 0x4a, 0x8c,
  0x42, 0x2b, 0x31, 0xca, 0x93, 0xcf, 0xee, 0xdb, 0xfe, 0xda, 0xf6, 0x18,
  0xed, 0xb7, 0xf6, 0x59, 0xfe, 0xda, 0xfe, 0xfa, 0xfe, 0x99, 0xfe, 0xba,
  0xfe, 0x99, 0xfe, 0xfb, 0xfe, 0x79, 0xfe, 0xda, 0xfe, 0xb9, 0xfe, 0xba,
  0xfe, 0xda, 0xf6, 0x99, 0xff, 0x1a, 0xf6, 0xb9, 0xfe, 0xba, 0xe5, 0xd7,
  0xf6, 0x58, 0xf6, 0x59, 0xfe, 0xfa, 0xf6, 0xb9, 0xfe, 0xda, 0xfe, 0xda,
  0xfe, 0xb9, 0xff, 0x1b, 0xfe, 0xb9, 0xff, 0x1b, 0xf6, 0x38, 0xe5, 0xd7,
  0xfc, 0xb7, 0xd3, 0x51, 0xea, 0xf2, 0xea, 0xf2, 0xda, 0x8f, 0xeb, 0x32,
  0xfa, 0xf2, 0xf2, 0xf2, 0xda, 0x90, 0xca, 0x70, 0xfa, 0xf2, 0xea, 0xd1,
  0xf2, 0xb1, 0xea, 0xb1, 0xea, 0x90, 0xf2, 0xf2, 0xfa, 0xb1, 0xf2, 0xd2,
  0x6a, 0x6d, 0x41, 0x8a, 0x32, 0x0a, 0x32, 0x2b, 0x41, 0xaa, 0x52, 0x8d,
  0x4a, 0x6c, 0x39, 0xea, 0x41, 0xea, 0x42, 0x0b, 0xca, 0xb0, 0xca, 0xf1,
  0xf2, 0x91, 0xf2, 0xd2, 0xfa, 0xd1, 0xf2, 0xd2, 0xfa, 0xd1, 0xfa, 0xf2,
  0xfa, 0xb1, 0xfa, 0xf2, 0xda, 0xd1, 0xb9, 0xee, 0xba, 0x6e, 0xba, 0x8f,
  0xca, 0x4e, 0xeb, 0x53, 0xfa, 0xd2, 0xfa, 0xb2, 0xe2, 0xb1, 0xe2, 0xd1,
  0x7a, 0x2d, 0x61, 0x8b, 0x9a, 0x4d, 0xe4, 0xf7, 0xde, 0x9c, 0xce, 0x3b,
  0xde, 0x7c, 0xd6, 0x9c, 0xd6, 0x3c, 0xbd, 0x99, 0xa4, 0xd7, 0xb5, 0x7a,
  0xcd, 0xdb, 0xc5, 0xbb, 0xcd, 0xd9, 0xef, 0x1e, 0xff, 0xff, 0xff, 0xff,
  0xff, 0xdf, 0xe6, 0xdc, 0xd5, 0xda, 0xd6, 0x1c, 0xd5, 0xdb, 0xbd, 0x38,
  0xe6, 0x57, 0xff, 0x5b, 0xff, 0x19, 0xff, 0x3a, 0xff, 0x39, 0xff, 0x3a,
  0xff, 0x39, 0xff, 0x3a, 0x4a, 0x8d, 0x39, 0xeb, 0x29, 0xca, 0x31, 0xeb,
  0x3a, 0x2b, 0x42, 0x4c, 0x4a, 0x8c, 0x52, 0xad, 0x5a, 0xee, 0x5a, 0xad,
  0x52, 0xad, 0x4a, 0x6c, 0x42, 0x4c, 0x4a, 0x4c, 0x31, 0xea, 0x52, 0xad,
  0xd5, 0x56, 0xed, 0xf8, 0xf6, 0x39, 0xfe, 0x9a, 0xf6, 0x9a, 0xfe, 0x9a,
  0xfe, 0xba, 0xfe, 0x99, 0xfe, 0xba, 0xfe, 0x79, 0xfe, 0xfb, 0xf6, 0x78,
  0xfe, 0xda, 0xfe, 0x79, 0xfe, 0xba, 0xfe, 0xda, 0xf6, 0x7a, 0xf6, 0x38,
  0xe5, 0xb7, 0xf5, 0xf8, 0xee, 0x58, 0xff, 0x1b, 0xee, 0x79, 0xfe, 0xda,
  0xee, 0x79, 0xff, 0x1b, 0xee, 0x99, 0xfe, 0xfa, 0xfe, 0xba, 0xfe, 0x59,
  0xd5, 0x97, 0xff, 0x7e, 0xf4, 0x16, 0xca, 0xd0, 0xf3, 0x53, 0xe2, 0xb1,
  0xd2, 0x90, 0xeb, 0x12, 0xf2, 0xd2, 0xfa, 0xf2, 0xca, 0x70, 0xd2, 0x90,
  0xfb, 0x13, 0xf2, 0xb1, 0xf2, 0xd2, 0xf2, 0xd2, 0xda, 0x91, 0xea, 0xb1,
  0xfa, 0xf3, 0xfa, 0x91, 0xa3, 0x31, 0x69, 0x49, 0x2a, 0x0b, 0x32, 0x2b,
  0x39, 0xeb, 0x41, 0xeb, 0x52, 0xae, 0x39, 0xea, 0x41, 0xab, 0x52, 0x0c,
  0xe2, 0xf3, 0xe2, 0xb1, 0xea, 0xd2, 0xf2, 0xf2, 0xf2, 0xd2, 0xfa, 0xd2,
  0xf2, 0xb2, 0xfa, 0xd2, 0xf2, 0xd2, 0xfa, 0xb2, 0xf3, 0x13, 0xe2, 0x90,
  0xaa, 0x2e, 0xc2, 0x90, 0xba, 0x0e, 0xda, 0xf2, 0xf2, 0xb2, 0xfa, 0xb2,
  0xe2, 0x91, 0xea, 0x91, 0x82, 0xf0, 0x59, 0x6a, 0x91, 0xac, 0xba, 0xb0,
  0xbc, 0x14, 0xf5, 0xdb, 0xbe, 0x1c, 0xb5, 0x79, 0xb5, 0x7a, 0xc5, 0x9b,
  0xbd, 0xdb, 0xc5, 0xbb, 0xbd, 0xba, 0xcd, 0xfb, 0xf7, 0x5d, 0xff, 0x9e,
  0xf7, 0xbe, 0xff, 0xff, 0xf6, 0xff, 0xd5, 0xda, 0xd6, 0x1b, 0xee, 0x9d,
  0xd6, 0x1b, 0xde, 0x1b, 0xcd, 0xb7, 0xfe, 0xfb, 0xf7, 0x3a, 0xff, 0x3a,
  0xff, 0x3a, 0xff, 0x3a, 0xff, 0x3a, 0xff, 0x1a, 0x5a, 0xcd, 0x4a, 0x6c,
  0x3a, 0x0a, 0x29, 0xea, 0x31, 0xca, 0x32, 0x0b, 0x42, 0x2b, 0x42, 0x6c,
  0x52, 0x8c, 0x5a, 0xcd, 0x5a, 0xad, 0x52, 0xad, 0x52, 0x8c, 0x4a, 0x6c,
  0x4a, 0x6c, 0x42, 0x4c, 0x41, 0xc8, 0xa4, 0xf5, 0xff, 0x1b, 0xfe, 0x99,
  0xfe, 0x79, 0xfe, 0xba, 0xfe, 0xb9, 0xfe, 0xda, 0xfe, 0x79, 0xfe, 0xdb,
  0xfe, 0x58, 0xfe, 0xda, 0xf6, 0x58, 0xfe, 0xfb, 0xfe, 0x58, 0xfe, 0x99,
  0xed, 0xb6, 0xee, 0x18, 0xf6, 0x58, 0xfe, 0xda, 0xfe, 0x99, 0xfe, 0xfa,
  0xfe, 0x78, 0xfe, 0xba, 0xfe, 0x99, 0xfe, 0xda, 0xfe, 0x79, 0xfe, 0xdb,
  0xf5, 0xf7, 0xdd, 0x55, 0xff, 0x3d, 0xff, 0x5d, 0xe2, 0xf1, 0xda, 0xf1,
  0xf3, 0x12, 0xd2, 0x70, 0xfa, 0xf2, 0xf2, 0xf2, 0xf2, 0xb1, 0xf2, 0xd1,
  0xda, 0x6f, 0xe2, 0xf1, 0xfa, 0xd2, 0xf2, 0xb1, 0xf2, 0xd1, 0xf2, 0xd2,
  0xea, 0xb0, 0xea, 0xd2, 0xfa, 0xf2, 0xf2, 0x91, 0xd3, 0x52, 0xa1, 0xcc,
  0x31, 0xea, 0x32, 0x0b, 0x39, 0xea, 0x31, 0xea, 0x3a, 0x6c, 0x32, 0x2b,
  0x59, 0x29, 0x93, 0x10, 0xfb, 0x12, 0xea, 0x70, 0xe2, 0x90, 0xf3, 0x33,
  0xfa, 0xb1, 0xfa, 0xd2, 0xfa, 0xd1, 0xfa, 0xd2, 0xfa, 0xf2, 0xf2, 0xd2,
  0xfa, 0xd2, 0xfb, 0x13, 0xc2, 0x2e, 0xba, 0x4f, 0xba, 0x2e, 0xd2, 0xf1,
  0xfa, 0xf2, 0xfa, 0xf2, 0xe2, 0x90, 0xda, 0x70, 0xab, 0x11, 0x79, 0xab,
  0x69, 0x8a, 0x82, 0x4e, 0xd2, 0xb0, 0xba, 0x2f, 0xb5, 0x79, 0xc6, 0x1c,
  0xbd, 0x79, 0xc5, 0xdb, 0xc5, 0x9a, 0xb5, 0x7a, 0xd6, 0x5a, 0xf7, 0x9f,
  0xff, 0xbe, 0xf7, 0x7d, 0xff, 0xbe, 0xff, 0xdf, 0xe6, 0x3b, 0xde, 0x1b,
  0xd5, 0xfa, 0xde, 0x5c, 0xd5, 0xda, 0xde, 0x3c, 0xd5, 0xb7, 0xde, 0x19,
  0xff, 0x5a, 0xff, 0x3a, 0xff, 0x3a, 0xff, 0x5a, 0xff, 0x3a, 0xff, 0x5a,
  0xbd, 0xf8, 0x4a, 0x29, 0x42, 0x8d, 0x31, 0xea, 0x29, 0xeb, 0x31, 0xea,
  0x29, 0xea, 0x31, 0xea, 0x42, 0x4c, 0x4a, 0x6c, 0x52, 0x8d, 0x62, 0xee,
  0x5a, 0xce, 0x52, 0x6c, 0x4a, 0x8d, 0x4a, 0x6c, 0x42, 0x4c, 0x31, 0xca,
  0xa4, 0x52, 0xfe, 0xfc, 0xfe, 0x9a, 0xfe, 0x79, 0xf6, 0xba, 0xfe, 0x9a,
  0xfe, 0xba, 0xfe, 0x79, 0xfe, 0xba, 0xf6, 0x79, 0xfe, 0xdb, 0xee, 0x18,
  0xf6, 0x19, 0xe5, 0x76, 0xfe, 0x9a, 0xfe, 0x59, 0xfe, 0xfb, 0xf6, 0x79,
  0xfe, 0xda, 0xf6, 0x58, 0xfe, 0xfb, 0xfe, 0x99, 0xf6, 0x9a, 0xfe, 0xba,
  0xfe, 0x39, 0xe5, 0x55, 0xe6, 0x18, 0xff, 0x1c, 0xff, 0xbf, 0xe6, 0x5a,
  0xd2, 0x70, 0xea, 0xf2, 0xda, 0xd1, 0xe2, 0xd1, 0xfb, 0x54, 0xf2, 0xd2,
  0xf2, 0xf2, 0xea, 0x91, 0xd2, 0x90, 0xeb, 0x12, 0xf2, 0xb2, 0xf2, 0x91,
  0xf2, 0xd2, 0xf2, 0xb1, 0xea, 0xb2, 0xea, 0x70, 0xf2, 0xf3, 0xfa, 0xf2,
  0xe3, 0x12, 0xda, 0xb1, 0x42, 0x2c, 0x39, 0xaa, 0x79, 0xec, 0x92, 0x4e,
  0x82, 0x4e, 0x79, 0xec, 0x99, 0xcd, 0xd3, 0x73, 0xf3, 0x13, 0xea, 0x70,
  0xe2, 0xb1, 0xf3, 0x13, 0xfa, 0xd2, 0xf2, 0x91, 0xf2, 0xd2, 0xfa, 0xd2,
  0xf2, 0xb2, 0xfa, 0x91, 0xf2, 0xb2, 0xfa, 0xd2, 0xdb, 0x12, 0xb9, 0xcd,
  0xba, 0x6f, 0xc2, 0xb0, 0xf2, 0xf2, 0xf2, 0xd2, 0xea, 0xb1, 0xea, 0x70,
  0xcb, 0x33, 0x99, 0x8c, 0x4a, 0x0c, 0x49, 0xcb, 0xb2, 0x6f, 0xba, 0x4f,
  0x5a, 0x2d, 0xbc, 0xd7, 0xc5, 0xfc, 0xbd, 0x7a, 0xbd, 0xba, 0xe6, 0xbd,
  0xff, 0xff, 0xff, 0x9e, 0xf7, 0x9e, 0xff, 0x7d, 0xff, 0xff, 0xe6, 0xdc,
  0xe6, 0x1c, 0xe6, 0x1c, 0xcd, 0xfb, 0xde, 0x3c, 0xde, 0x3c, 0xcd, 0x9a,
  0xde, 0x3b, 0xcd, 0x78, 0xf7, 0x1a, 0xff, 0x3a, 0xf7, 0x3a, 0xff, 0x3a,
  0xff, 0x3a, 0xff, 0x3a, 0xff, 0x9c, 0xb5, 0x33, 0x42, 0x0a, 0x4a, 0x6c,
  0x39, 0xea, 0x29, 0xca, 0x31, 0xea, 0x29, 0xca, 0x31, 0xca, 0x32, 0x2b,
  0x42, 0x4b, 0x4a, 0x8c, 0x62, 0xcd, 0x5a, 0xcd, 0x52, 0x8c, 0x4a, 0x8c,
  0x4a, 0x6c, 0x42, 0x6c, 0x41, 0xe9, 0x8c, 0x32, 0xfe, 0xda, 0xfe, 0xba,
  0xfe, 0x99, 0xfe, 0xba, 0xfe, 0x99, 0xfe, 0xda, 0xfe, 0x7a, 0xed, 0xf8,
  0xed, 0xb7, 0xe5, 0x97, 0xf6, 0x59, 0xf6, 0x79, 0xfe, 0xb9, 0xfe, 0xda,
  0xfe, 0x99, 0xfe, 0x99, 0xfe, 0x99, 0xf6, 0x79, 0xfe, 0xda, 0xf6, 0xb9,
  0xfe, 0x9a, 0xed, 0xd7, 0xcc, 0xb5, 0xd5, 0x16, 0xff, 0xdf, 0xff, 0xff,
  0xff, 0x5e, 0xd5, 0x97, 0xd2, 0x0e, 0xf3, 0x33, 0xe2, 0x90, 0xeb, 0x12,
  0xfb, 0x12, 0xf3, 0x12, 0xf2, 0xd1, 0xe2, 0x90, 0xea, 0xb0, 0xf3, 0x33,
  0xfa, 0xf2, 0xf2, 0xd2, 0xf2, 0xd1, 0xf3, 0x12, 0xf2, 0xf2, 0xea, 0xb1,
  0xf2, 0x91, 0xf2, 0xf2, 0xf2, 0xf1, 0xe2, 0xd1, 0xb2, 0x6f, 0x9a, 0x0d,
  0xca, 0x8f, 0xc2, 0x4f, 0xca, 0x6f, 0xba, 0x2e, 0xda, 0x4f, 0xf3, 0x33,
  0xfb, 0x12, 0xea, 0xd2, 0xf2, 0xd1, 0xf3, 0x33, 0xfa, 0xd2, 0xfa, 0xd2,
  0xfa, 0xd1, 0xf2, 0xd2, 0xfa, 0xd2, 0xf2, 0xd2, 0xfa, 0xd1, 0xfa, 0xd2,
  0xf2, 0xf2, 0xda, 0x70, 0xb2, 0x2e, 0xb2, 0x4f, 0xf2, 0xf1, 0xf3, 0x33,
  0xda, 0x4f, 0xda, 0x70, 0xeb, 0x53, 0xba, 0x0e, 0x49, 0xca, 0x4a, 0x0c,
  0x59, 0xaa, 0x6a, 0x4d, 0x61, 0xcb, 0x59, 0xeb, 0x9c, 0x95, 0xd6, 0x7d,
  0xf7, 0x5d, 0xff, 0xff, 0xff, 0x7d, 0xff, 0xbe, 0xff, 0x7d, 0xff, 0x9e,
  0xff, 0x7f, 0xde, 0x7b, 0xee, 0x3b, 0xee, 0x5c, 0xde, 0x1a, 0xde, 0x5c,
  0xe6, 0x1b, 0xd5, 0xda, 0xee, 0x3b, 0xd5, 0xda, 0xde, 0x36, 0xff, 0x7b,
  0xff, 0x19, 0xff, 0x3a, 0xff, 0x3a, 0xff, 0x5a, 0xf7, 0x1a, 0xff, 0x7b,
  0xa5, 0x16, 0x41, 0xe9, 0x42, 0x6d, 0x3a, 0x0b, 0x29, 0xca, 0x31, 0xea,
  0x29, 0xeb, 0x31, 0xca, 0x31, 0xeb, 0x3a, 0x0b, 0x4a, 0x6c, 0x5a, 0xad,
  0x62, 0xee, 0x5a, 0x8c, 0x4a, 0x8d, 0x52, 0x6c, 0x42, 0x8d, 0x39, 0xca,
  0x94, 0x31, 0xff, 0x1c, 0xfe, 0x9a, 0xfe, 0x59, 0xed, 0xf9, 0xed, 0xb7,
  0xdd, 0x76, 0xf5, 0xd8, 0xf6, 0x59, 0xfe, 0xba, 0xf6, 0x79, 0xfe, 0xdb,
  0xee, 0x39, 0xfe, 0xba, 0xf6, 0x59, 0xfe, 0x79, 0xfe, 0x9a, 0xfe, 0x79,
  0xfe, 0x5a, 0xf5, 0xd7, 0xdc, 0xd7, 0xcc, 0x55, 0xdd, 0xfb, 0xf6, 0x9e,
  0xd6, 0xfb, 0xf7, 0xbe, 0xff, 0xdf, 0xc4, 0xf5, 0xda, 0x71, 0xf2, 0xf2,
  0xe2, 0x91, 0xf3, 0x12, 0xf2, 0xf2, 0xf2, 0xd2, 0xea, 0xf2, 0xea, 0x90,
  0xe2, 0xd2, 0xfb, 0x33, 0xf2, 0xf2, 0xf2, 0xd2, 0xf2, 0xf3, 0xf2, 0xd2,
  0xea, 0xd2, 0xea, 0xb1, 0xe2, 0x91, 0xf3, 0x12, 0xf3, 0x13, 0xe2, 0x50,
  0xda, 0xf2, 0xc2, 0x0e, 0xba, 0x6f, 0xba, 0x2e, 0xb2, 0x2f, 0xb2, 0x0e,
  0xf2, 0xd2, 0xfa, 0xb2, 0xeb, 0x33, 0xda, 0x70, 0xe2, 0xd2, 0xfb, 0x53,
  0xf2, 0xd2, 0xfa, 0xf2, 0xf2, 0xd2, 0xfa, 0xd2, 0xf2, 0xd2, 0xf2, 0xb1,
  0xf2, 0xd2, 0xfa, 0xd2, 0xf2, 0xd2, 0xfa, 0xd2, 0xb2, 0x2e, 0xb2, 0x0d,
  0xda, 0x70, 0xfb, 0x33, 0xca, 0x90, 0xc2, 0x0e, 0xf3, 0x13, 0xea, 0xb1,
  0x52, 0x0c, 0x51, 0xaa, 0x49, 0xeb, 0x49, 0xeb, 0x52, 0x0c, 0x51, 0xcb,
  0x41, 0xca, 0xbd, 0x57, 0xff, 0xff, 0xf7, 0x7d, 0xff, 0x9e, 0xff, 0x9e,
  0xf7, 0x7e, 0xff, 0x9e, 0xf7, 0x1e, 0xde, 0x5b, 0xe6, 0x3c, 0xf6, 0x5c,
  0xd6, 0x1b, 0xde, 0x1b, 0xd5, 0xdb, 0xde, 0x1c, 0xd5, 0xdb, 0xee, 0x5d,
  0xc5, 0x95, 0xf6, 0xfb, 0xff, 0x5a, 0xff, 0x39, 0xf7, 0x1a, 0xff, 0x1a,
  0xff, 0x39, 0xff, 0x1a, 0xff, 0x9c, 0xc5, 0xb4, 0x4a, 0x4c, 0x3a, 0x2b,
  0x42, 0x4b, 0x31, 0xea, 0x31, 0xea, 0x32, 0x0b, 0x31, 0xea, 0x31, 0xea,
  0x3a, 0x0a, 0x3a, 0x4b, 0x52, 0x8c, 0x63, 0x0e, 0x5a, 0xad, 0x52, 0xad,
  0x52, 0x8d, 0x4a, 0x6c, 0x49, 0xc9, 0xa4, 0xd5, 0xf5, 0x97, 0xe5, 0x56,
  0xe5, 0x76, 0xed, 0xf8, 0xfe, 0x79, 0xfe, 0x9a, 0xfe, 0x79, 0xfe, 0xda,
  0xf6, 0x58, 0xfe, 0xda, 0xf6, 0x58, 0xfe, 0xdb, 0xfe, 0x79, 0xf6, 0x59,
  0xfd, 0xd8, 0xed, 0xb7, 0xe5, 0x36, 0xcc, 0xb4, 0xdd, 0xda, 0xdd, 0xdb,
  0xd5, 0xda, 0xee, 0xbd, 0xf7, 0x9e, 0xde, 0xdb, 0xfe, 0x9c, 0xac, 0x33,
  0xf2, 0xf2, 0xe2, 0xd2, 0xea, 0x91, 0xfb, 0x33, 0xfb, 0x12, 0xfb, 0x12,
  0xf3, 0x32, 0xe2, 0xd1, 0xea, 0xb1, 0xf3, 0x33, 0xfa, 0xd1, 0xf2, 0xd2,
  0xf2, 0xf2, 0xfb, 0x33, 0xf2, 0xd1, 0xf2, 0xd2, 0xea, 0xb0, 0xf3, 0x32,
  0xf3, 0x12, 0xda, 0x90, 0xea, 0xf2, 0xd2, 0x4f, 0xb2, 0x2d, 0xba, 0xb0,
  0xb1, 0xcd, 0xca, 0xb0, 0xfa, 0xf2, 0xfa, 0xb2, 0xeb, 0x53, 0xca, 0x6f,
  0xe2, 0x90, 0xf3, 0x73, 0xfa, 0xd2, 0xfa, 0xd2, 0xfa, 0xd1, 0xfa, 0xf2,
  0xfa, 0xf2, 0xfa, 0xf2, 0xfa, 0xb1, 0xfa, 0xf2, 0xfa, 0xd2, 0xfa, 0xf2,
  0xda, 0xf1, 0xba, 0x0e, 0xc2, 0x0e, 0xe3, 0x12, 0xea, 0xd1, 0xda, 0x70,
  0xfa, 0x91, 0xfa, 0xf3, 0x9a, 0xcf, 0x69, 0x6a, 0x52, 0x0b, 0x4a, 0x0b,
  0x59, 0xeb, 0x51, 0xeb, 0x51, 0xeb, 0x49, 0xca, 0xd6, 0x59, 0xff, 0xdf,
  0xff, 0x7d, 0xff, 0x9e, 0xff, 0x7d, 0xff, 0xdf, 0xf6, 0xdd, 0xde, 0x5b,
  0xee, 0x3b, 0xee, 0x5c, 0xe6, 0x3b, 0xe6, 0x9d, 0xd5, 0xda, 0xde, 0x1b,
  0xd5, 0x99, 0xee, 0x7d, 0xd6, 0x17, 0xd6, 0x38, 0xff, 0x5a, 0xf7, 0x39,
  0xff, 0x19, 0xff, 0x3a, 0xf7, 0x3a, 0xff, 0x3a, 0xff, 0x3a, 0xff, 0x9b,
  0xce, 0x39, 0x62, 0xab, 0x3a, 0x0b, 0x42, 0x4c, 0x32, 0x0b, 0x31, 0xca,
  0x29, 0xeb, 0x31, 0xeb, 0x29, 0xeb, 0x31, 0xea, 0x42, 0x4c, 0x4a, 0x8c,
  0x5a, 0xce, 0x62, 0xee, 0x52, 0xae, 0x4a, 0x6c, 0x4a, 0x6c, 0x4a, 0x2b,
  0xcd, 0x35, 0xfe, 0x9b, 0xfe, 0xba, 0xfe, 0xba, 0xfe, 0xdb, 0xfe, 0x9a,
  0xf6, 0x9a, 0xfe, 0xba, 0xf6, 0x59, 0xfe, 0x9a, 0xed, 0xd8, 0xf5, 0xf8,
  0xdc, 0xf6, 0xe5, 0x16, 0xd5, 0x77, 0xf6, 0x39, 0xd6, 0x7a, 0xd6, 0x7a,
  0xde, 0x1d, 0xd5, 0x9a, 0xcd, 0xda, 0xee, 0x7d, 0xff, 0xff, 0xff, 0xff,
  0xfe, 0xfe, 0xbb, 0xf2, 0xea, 0xf2, 0xe2, 0x90, 0xea, 0xf2, 0xf3, 0x12,
  0xf2, 0xd2, 0xfa, 0x91, 0xeb, 0x33, 0xe2, 0x90, 0xe2, 0xd1, 0xf3, 0x33,
  0xf2, 0xf2, 0xf2, 0xd2, 0xf2, 0xf2, 0xfa, 0xf2, 0xf3, 0x13, 0xf2, 0xf2,
  0xea, 0xd2, 0xea, 0xd1, 0xeb, 0x53, 0xca, 0x4f, 0xea, 0xd2, 0xea, 0xd1,
  0xb2, 0x6f, 0xaa, 0x2e, 0xd2, 0x50, 0xf3, 0x33, 0xfa, 0xf3, 0xfa, 0x91,
  0xf3, 0x13, 0xea, 0x91, 0xeb, 0x13, 0xf3, 0x12, 0xfb, 0x13, 0xfa, 0xd2,
  0xf2, 0xd2, 0xfa, 0xb2, 0xf2, 0xd2, 0xfa, 0xf2, 0xf2, 0xd2, 0xfa, 0xb2,
  0xfa, 0xf3, 0xfa, 0xd2, 0xeb, 0x13, 0xd2, 0x4f, 0xa9, 0xcd, 0xd2, 0xb0,
  0xea, 0xf2, 0xe2, 0x91, 0xfa, 0xd2, 0xfa, 0xd2, 0xd3, 0x53, 0xa1, 0xac,
  0x41, 0xeb, 0x49, 0xeb, 0x52, 0x0c, 0x51, 0xcb, 0x52, 0x0c, 0x49, 0xaa,
  0x62, 0xed, 0xff, 0x7f, 0xff, 0x9e, 0xff, 0x5d, 0xf7, 0x9e, 0xff, 0xff,
  0xee, 0xbe, 0xde, 0x1b, 0xe6, 0x1c, 0xe5, 0xfb, 0xde, 0x7c, 0xee, 0xbd,
  0xd5, 0xda, 0xe6, 0x3b, 0xd5, 0xba, 0xe6, 0x1c, 0xef, 0x1c, 0xd6, 0x18,
  0xf7, 0x3a, 0xff, 0x3a, 0xf7, 0x1a, 0xff, 0x1a, 0xff, 0x3a, 0xff, 0x3a,
  0xff, 0x39, 0xf7, 0x3a, 0xff, 0x7b, 0xf7, 0x19, 0x73, 0xb0, 0x29, 0x88,
  0x42, 0x4c, 0x42, 0x4c, 0x31, 0xca, 0x29, 0xca, 0x31, 0xea, 0x29, 0xea,
  0x31, 0xea, 0x3a, 0x2c, 0x4a, 0x4b, 0x63, 0x0f, 0x62, 0xed, 0x5a, 0xcd,
  0x5a, 0xcd, 0x4a, 0x6c, 0xac, 0x31, 0xf6, 0xdc, 0xfd, 0xf8, 0xed, 0xb7,
  0xf5, 0xd8, 0xed, 0xb8, 0xf5, 0x97, 0xed, 0x97, 0xed, 0x56, 0xed, 0x77,
  0xe5, 0x56, 0xed, 0xd9, 0xee, 0x9a, 0xf7, 0x3c, 0xf7, 0x7c, 0xff, 0xbd,
  0xce, 0x38, 0xe7, 0x3c, 0xff, 0x3e, 0xde, 0x7b, 0xee, 0xfc, 0xff, 0x9f,
  0xf7, 0x7e, 0xe7, 0x5d, 0xfd, 0x79, 0xbb, 0x92, 0xf2, 0xb1, 0xea, 0x91,
  0xf2, 0xd1, 0xfb, 0x13, 0xfb, 0x33, 0xf2, 0xf2, 0xf3, 0x12, 0xe2, 0xb1,
  0xea, 0xd1, 0xf3, 0x53, 0xfa, 0xf2, 0xfa, 0xf2, 0xfa, 0xf2, 0xfb, 0x33,
  0xfa, 0xf2, 0xf3, 0x12, 0xf2, 0xf2, 0xf2, 0xf2, 0xeb, 0x12, 0xd2, 0x90,
  0xf2, 0xd2, 0xf2, 0xf2, 0xca, 0xd0, 0xb2, 0x0d, 0xfa, 0xd2, 0xf2, 0xf2,
  0xfb, 0x12, 0xfb, 0x13, 0xf3, 0x12, 0xe2, 0x91, 0xf2, 0xd1, 0xfb, 0x33,
  0xfa, 0xd2, 0xfb, 0x13, 0xfb, 0x12, 0xf2, 0xf2, 0xfa, 0xd1, 0xfa, 0xf2,
  0xfa, 0xd1, 0xfa, 0xf2, 0xfa, 0xd2, 0xfa, 0xf2, 0xf2, 0xf2, 0xf2, 0xf2,
  0xba, 0x2e, 0xb2, 0x2e, 0xe2, 0xd1, 0xda, 0x91, 0xfa, 0xd2, 0xfa, 0xf2,
  0xf3, 0x32, 0xe2, 0xd1, 0x61, 0xeb, 0x59, 0xeb, 0x51, 0xeb, 0x49, 0xeb,
  0x51, 0xeb, 0x52, 0x0c, 0x41, 0x88, 0xa4, 0xf6, 0xff, 0xdf, 0xff, 0x9e,
  0xff, 0xff, 0xff, 0xff, 0xf6, 0xfe, 0xd6, 0x1a, 0xdd, 0xba, 0xdd, 0xfb,
  0xee, 0xdc, 0xee, 0xfd, 0xd5, 0xba, 0xd5, 0xdb, 0xdd, 0xdb, 0xd5, 0xdb,
  0xff, 0x9e, 0xe7, 0x1c, 0xde, 0x36, 0xff, 0x5b, 0xff, 0x39, 0xf7, 0x3a,
  0xff, 0x3a, 0xff, 0x3a, 0xff, 0x3b, 0xff, 0x3a, 0xf7, 0x1a, 0xff, 0x3a,
  0xff, 0x9d, 0xb5, 0x13, 0x32, 0x0b, 0x31, 0xca, 0x42, 0x6d, 0x39, 0xeb,
  0x29, 0xca, 0x31, 0xca, 0x29, 0xeb, 0x31, 0xca, 0x3a, 0x2c, 0x4a, 0x6c,
  0x63, 0x0f, 0x62, 0xce, 0x52, 0xce, 0x4a, 0x4b, 0xa3, 0xd0, 0xe5, 0x77,
  0xe5, 0x76, 0xf5, 0xb6, 0xdd, 0x96, 0xe5, 0x96, 0xee, 0x7b, 0xf6, 0x9b,
  0xee, 0xfc, 0xee, 0xdb, 0xe7, 0x5c, 0xef, 0x5b, 0xe7, 0x5b, 0xe7, 0x1a,
  0xde, 0xfa, 0xef, 0x3a, 0xc5, 0xf8, 0xef, 0x1c, 0xff, 0xff, 0xff, 0xff,
  0xff, 0x9f, 0xe6, 0x9c, 0xde, 0x1c, 0xe6, 0x3c, 0xdb, 0xd5, 0xcb, 0x12,
  0xf2, 0xb2, 0xf2, 0x91, 0xea, 0xb2, 0xfa, 0xf2, 0xfb, 0x13, 0xf2, 0xd2,
  0xea, 0xf2, 0xe2, 0x70, 0xe2, 0xd2, 0xf3, 0x33, 0xfb, 0x13, 0xfa, 0xf2,
  0xf2, 0xf2, 0xfb, 0x13, 0xf2, 0xf3, 0xf2, 0xd2, 0xfa, 0xf3, 0xf2, 0xb1,
  0xeb, 0x13, 0xda, 0x50, 0xea, 0xf2, 0xfb, 0x13, 0xca, 0x70, 0xe2, 0xd1,
  0xfa, 0xf2, 0xfa, 0xb1, 0xfa, 0xf3, 0xfb, 0x13, 0xf3, 0x13, 0xe2, 0x90,
  0xea, 0xf2, 0xfb, 0x33, 0xf2, 0xf3, 0xfb, 0x12, 0xf2, 0xd2, 0xf2, 0xb1,
  0xfa, 0xd2, 0xfa, 0xb2, 0xf2, 0xd2, 0xfa, 0xd2, 0xf2, 0xd2, 0xfa, 0xb2,
  0xf2, 0xd2, 0xfb, 0x13, 0xd3, 0x12, 0xb1, 0xcd, 0xca, 0x70, 0xd2, 0xb1,
  0xf2, 0xd2, 0xfa, 0xd2, 0xfa, 0xd3, 0xfa, 0xb2, 0xab, 0x11, 0x79, 0x4a,
  0x42, 0x0b, 0x4a, 0x0b, 0x51, 0xec, 0x51, 0xcb, 0x41, 0xeb, 0x5a, 0x4c,
  0xef, 0x5e, 0xff, 0xff, 0xff, 0xff, 0xff, 0xff, 0xff, 0xbf, 0xde, 0x7b,
  0xd5, 0xfc, 0xd5, 0xdb, 0xff, 0xbf, 0xe6, 0xdc, 0xee, 0xfe, 0xde, 0x7b,
  0xd6, 0x3b, 0xe6, 0x9d, 0xff, 0xff, 0xff, 0xdf, 0xcd, 0xf6, 0xff, 0x1a,
  0xff, 0x3a, 0xff, 0x1a, 0xff, 0x3a, 0xff, 0x5a, 0xff, 0x3a, 0xff, 0x5a,
  0xff, 0x3a, 0xff, 0x3a, 0xff, 0x19, 0xff, 0xbb, 0xde, 0x9a, 0x73, 0x6d,
  0x31, 0xca, 0x3a, 0x2c, 0x42, 0x4b, 0x3a, 0x0b, 0x31, 0xca, 0x29, 0xea,
  0x31, 0xea, 0x3a, 0x4c, 0x52, 0x6c, 0x63, 0x2f, 0x5a, 0x8b, 0x73, 0x6f,
  0xff, 0x5a, 0xff, 0x7b, 0xff, 0x5a, 0xff, 0x7a, 0xf7, 0x5b, 0xff, 0xfe,
  0xff, 0xbd, 0xef, 0x7c, 0xf7, 0x5a, 0xef, 0x5a, 0xff, 0x19, 0xf7, 0x3a,
  0xff, 0x39, 0xff, 0x3a, 0xff, 0x19, 0xf7, 0x39, 0xcd, 0xf6, 0xff, 0xde,
  0xff, 0xdf, 0xf7, 0x7e, 0xe6, 0x1b, 0xde, 0x1b, 0xe6, 0x7b, 0xee, 0xdd,
  0xe3, 0xd4, 0xc3, 0x11, 0xea, 0x90, 0xf3, 0x13, 0xf2, 0xb1, 0xf2, 0xf2,
  0xfa, 0xf2, 0xfa, 0xd2, 0xea, 0xf2, 0xda, 0x90, 0xda, 0x90, 0xeb, 0x53,
  0xfb, 0x12, 0xfb, 0x33, 0xfb, 0x33, 0xfb, 0x33, 0xfa, 0xf2, 0xf2, 0xf2,
  0xfa, 0xf2, 0xfa, 0xf2, 0xf2, 0xf2, 0xda, 0x70, 0xea, 0xf2, 0xda, 0xb1,
  0xd2, 0x2f, 0xf3, 0x53, 0xfa, 0xf2, 0xf2, 0xd2, 0xfa, 0xf2, 0xfa, 0xf2,
  0xfb, 0x12, 0xe2, 0x91, 0xf2, 0xf2, 0xfb, 0x53, 0xfb, 0x12, 0xf2, 0xf2,
  0xfb, 0x73, 0xf3, 0x13, 0xfa, 0xf2, 0xf2, 0xd2, 0xfa, 0xd1, 0xfb, 0x33,
  0xfa, 0xb1, 0xf2, 0xd2, 0xfa, 0xb1, 0xfa, 0xd2, 0xeb, 0x12, 0xca, 0x2f,
  0xa9, 0xcc, 0xc2, 0xb0, 0xfa, 0xd2, 0xfa, 0xd2, 0xfa, 0xd2, 0xfa, 0xb2,
  0xf2, 0xf2, 0xda, 0x70, 0x5a, 0x0b, 0x49, 0xca, 0x49, 0xea, 0x4a, 0x0b,
  0x5a, 0x0c, 0x49, 0x8a, 0xa4, 0xd4, 0xff, 0xff, 0xff, 0xde, 0xff, 0xff,
  0xff, 0xdf, 0xff, 0xdf, 0xff, 0xbe, 0xff, 0xff, 0xff, 0xff, 0xef, 0x3d,
  0xff, 0x7d, 0xff, 0xdf, 0xff, 0x7d, 0xff, 0xff, 0xff, 0xff, 0xff, 0xff,
  0xe6, 0x98, 0xde, 0x98, 0xff, 0x5a, 0xf6, 0xd8, 0xff, 0x3a, 0xff, 0x1a,
  0xff, 0x3a, 0xff, 0x3a, 0xff, 0x3b, 0xff, 0x1a, 0xff, 0x3a, 0xff, 0x19,
  0xff, 0x7b, 0xff, 0x7b, 0xbd, 0xd7, 0x73, 0x4d, 0x3a, 0x0c, 0x42, 0x0b,
  0x42, 0x6c, 0x3a, 0x0b, 0x29, 0xeb, 0x31, 0xca, 0x3a, 0x2c, 0x5a, 0xee,
  0x62, 0xcc, 0xd6, 0x18, 0xff, 0x7b, 0xff, 0x1a, 0xf7, 0x3a, 0xf6, 0xf9,
  0xf7, 0x7d, 0xf7, 0x7c, 0xee, 0xf9, 0xf7, 0x19, 0xff, 0x3a, 0xff, 0x3a,
  0xff, 0x3a, 0xff, 0x1a, 0xff, 0x3a, 0xff, 0x1a, 0xff, 0x3b, 0xff, 0x1a,
  0xc6, 0x38, 0xff, 0xbe, 0xff, 0xbf, 0xe6, 0x5b, 0xde, 0x3d, 0xcd, 0x7a,
  0xde, 0xfd, 0xff, 0xff, 0xdc, 0x15, 0xb2, 0x8f, 0xda, 0x71, 0xf3, 0x33,
  0xf2, 0xb2, 0xfa, 0xd2, 0xfa, 0xf3, 0xfa, 0xd2, 0xea, 0xf2, 0xea, 0xb1,
  0xca, 0x70, 0xf3, 0x74, 0xf2, 0xf2, 0xfa, 0xf2, 0xfb, 0x33, 0xfb, 0x12,
  0xf2, 0xd2, 0xfa, 0xd2, 0xfa, 0xb2, 0xfa, 0xd2, 0xe3, 0x33, 0xc1, 0xee,
  0xd2, 0xf2, 0xc2, 0x4f, 0xea, 0x91, 0xfa, 0xd2, 0xfa, 0xf3, 0xfa, 0xb2,
  0xfa, 0xf3, 0xfa, 0xb2, 0xf3, 0x54, 0xda, 0x50, 0xea, 0xf2, 0xf3, 0x33,
  0xf3, 0x13, 0xf2, 0xf2, 0xf3, 0x13, 0xfb, 0x33, 0xf2, 0xd2, 0xfa, 0xb2,
  0xfa, 0xf3, 0xfa, 0xd2, 0xf2, 0xd2, 0xfa, 0xd2, 0xfa, 0xd2, 0xfa, 0xb2,
  0xf2, 0xf2, 0xea, 0x91, 0xa9, 0xed, 0xba, 0x6f, 0xf2, 0xd2, 0xf2, 0xb1,
  0xf2, 0xd2, 0xfa, 0xd2, 0xfa, 0x92, 0xfa, 0xb2, 0xcb, 0x12, 0xb2, 0x0e,
  0x9a, 0x2e, 0xb2, 0xb0, 0x51, 0xec, 0x51, 0xab, 0x52, 0x6b, 0xee, 0xdd,
  0xff, 0x9e, 0xf7, 0x5d, 0xf7, 0x7e, 0xff, 0x7d, 0xff, 0x9e, 0xff, 0x7e,
  0xff, 0xbf, 0xef, 0x3d, 0xff, 0xbf, 0xff, 0x9e, 0xff, 0xff, 0xff, 0x9e,
  0xff, 0xdf, 0xff, 0xff, 0xff, 0x7d, 0xd5, 0xf6, 0xdf, 0x3b, 0x9d, 0x12,
  0xff, 0x19, 0xff, 0x3a, 0xff, 0x3a, 0xff, 0x3a, 0xff, 0x3a, 0xff, 0x3a,
  0xff, 0x3a, 0xff, 0x5a, 0xff, 0x39, 0xff, 0x3a, 0xff, 0x7a, 0xff, 0x7a,
  0xc5, 0xb6, 0x73, 0x4d, 0x42, 0x0b, 0x3a, 0x2b, 0x42, 0x2b, 0x3a, 0x2b,
  0x52, 0xad, 0x3a, 0x0b, 0x9c, 0x50, 0xff, 0x9d, 0xff, 0x19, 0xff, 0x3a,
  0xff, 0x3a, 0xf7, 0x3a, 0xff, 0x7b, 0xe7, 0x1a, 0xff, 0x39, 0xff, 0x5a,
  0xff, 0x3a, 0xff, 0x3a, 0xff, 0x3a, 0xff, 0x3a, 0xff, 0x3a, 0xff, 0x3a,
  0xff, 0x3a, 0xf7, 0x1a, 0xac, 0xf6, 0xce, 0x3b, 0xde, 0x3b, 0xd5, 0xfa,
  0xe6, 0x7c, 0xcd, 0xda, 0xc5, 0xf9, 0xef, 0x5f, 0xdb, 0x73, 0xc2, 0xd0,
  0xf2, 0xb1, 0xfa, 0xf2, 0xfa, 0xd1, 0xfa, 0xf2, 0xfa, 0xf2, 0xfa, 0xd2,
  0xf2, 0xd2, 0xea, 0xd2, 0xd2, 0x4f, 0xe3, 0x33, 0xfa, 0xf2, 0xfb, 0x13,
  0xfb, 0x33, 0xfb, 0x13, 0xfa, 0xd1, 0xfa, 0xf2, 0xfa, 0xd1, 0xfb, 0x13,
  0xeb, 0x32, 0xc2, 0x2e, 0xda, 0xb0, 0xd2, 0xb1, 0xfa, 0xb1, 0xfa, 0xd2,
  0xfa, 0xd2, 0xfa, 0xf2, 0xfa, 0xd2, 0xfa, 0xf2, 0xfb, 0x12, 0xea, 0xd1,
  0xf2, 0xf2, 0xf3, 0x33, 0xfb, 0x33, 0xea, 0xd2, 0xfa, 0xf2, 0xfb, 0x33,
  0xfa, 0xf2, 0xfa, 0xf2, 0xfa, 0xf2, 0xfb, 0x12, 0xfa, 0xd2, 0xfa, 0xf2,
  0xfa, 0xd1, 0xf2, 0xd2, 0xfa, 0xd1, 0xfa, 0xf2, 0xba, 0x6e, 0xa1, 0xed,
  0xf2, 0xd2, 0xf2, 0xf2, 0xfa, 0xb1, 0xfa, 0xd2, 0xfa, 0xb1, 0xf2, 0xb2,
  0xfa, 0xd1, 0xfb, 0x12, 0xfa, 0xd2, 0xfa, 0xd2, 0xaa, 0xf0, 0x79, 0x8b,
  0x61, 0xca, 0xcd, 0x58, 0xff, 0xff, 0xff, 0xff, 0xff, 0xff, 0xff, 0xff,
  0xff, 0xdf, 0xff, 0xbf, 0xf7, 0x5d, 0xef, 0x1c, 0xff, 0xff, 0xf7, 0x9e,
  0xff, 0xff, 0xff, 0xff, 0xff, 0xbe, 0xff, 0xff, 0xff, 0xff, 0xd6, 0x59,
  0x7c, 0xf3, 0x85, 0x35, 0xff, 0x3a, 0xff, 0x1a, 0xff, 0x3a, 0xff, 0x3a,
  0xf7, 0x3a, 0xff, 0x3a, 0xff, 0x3a, 0xff, 0x3a, 0xf7, 0x3a, 0xff, 0x1a,
  0xf7, 0x3a, 0xff, 0x1a, 0xff, 0x7b, 0xff, 0x3a, 0xc5, 0xf7, 0x94, 0x30,
  0x5b, 0x0f, 0x4a, 0x4b, 0x42, 0x2b, 0x5a, 0xcd, 0xee, 0xfa, 0xff, 0x3a,
  0xff, 0x3a, 0xff, 0x3a, 0xf7, 0x5b, 0xf7, 0x3a, 0xef, 0x1a, 0xf7, 0x1a,
  0xff, 0x5b, 0xff, 0x3a, 0xf7, 0x3a, 0xff, 0x3a, 0xf7, 0x3a, 0xff, 0x3a,
  0xff, 0x3a, 0xff, 0x3a, 0xff, 0x5b, 0xf6, 0xd9, 0xad, 0x58, 0xd6, 0x5c,
  0xbd, 0x9a, 0xc5, 0x9a, 0xce, 0x1c, 0xcd, 0xdb, 0xbd, 0xba, 0xc5, 0x9a,
  0xdb, 0x53, 0xd2, 0xf1, 0xf2, 0xd2, 0xfa, 0xd2, 0xf2, 0xd2, 0xfa, 0xf2,
  0xfa, 0xf3, 0xfa, 0xd2, 0xf2, 0xf2, 0xea, 0x91, 0xd2, 0x91, 0xda, 0xb1,
  0xfb, 0x33, 0xfa, 0xf2, 0xfa, 0xf3, 0xfa, 0xf2, 0xf2, 0xd2, 0xfa, 0xd2,
  0xf2, 0xd2, 0xfa, 0xd2, 0xeb, 0x33, 0xd2, 0x50, 0xda, 0xd1, 0xda, 0x90,
  0xfa, 0xf3, 0xfa, 0xb2, 0xf2, 0xf2, 0xfa, 0xf2, 0xfa, 0xf3, 0xfa, 0xf2,
  0xeb, 0x34, 0xda, 0x70, 0xe2, 0xb1, 0xfb, 0x33, 0xf3, 0x13, 0xf2, 0xd2,
  0xea, 0xd2, 0xfb, 0x12, 0xfa, 0xf3, 0xfa, 0xd2, 0xfa, 0xf3, 0xfa, 0xd2,
  0xf2, 0xb2, 0xfa, 0xd2, 0xf2, 0xd2, 0xfa, 0xd2, 0xf3, 0x13, 0xf2, 0xd2,
  0xc2, 0xb0, 0xa1, 0xac, 0xda, 0x91, 0xf3, 0x13, 0xfa, 0xf3, 0xfa, 0xb2,
  0xf2, 0xd2, 0xfa, 0xb1, 0xf2, 0xb2, 0xf2, 0x91, 0xfa, 0xf3, 0xfa, 0xb1,
  0xf3, 0x33, 0xe2, 0x70, 0xaa, 0x0e, 0xd3, 0x53, 0xd5, 0xfb, 0xee, 0x7c,
  0xe7, 0x3e, 0xff, 0xbf, 0xff, 0xff, 0xff, 0xff, 0xf7, 0xbf, 0xef, 0x3d,
  0xff, 0xff, 0xff, 0x9e, 0xff, 0xbf, 0xff, 0xff, 0xf7, 0xbf, 0xff, 0x9e,
  0xff, 0xff, 0xef, 0x1c, 0x7c, 0xf5, 0x95, 0x76, 0xff, 0x3a, 0xff, 0x3a,
  0xff, 0x19, 0xff, 0x5a, 0xff, 0x3a, 0xff, 0x3a, 0xff, 0x39, 0xff, 0x5a,
  0xff, 0x3a, 0xff, 0x3a, 0xff, 0x3a, 0xff, 0x5a, 0xff, 0x19, 0xf7, 0x3a,
  0xff, 0x7a, 0xff, 0x9b, 0xff, 0x1a, 0xde, 0x57, 0xcd, 0xd5, 0xef, 0x1a,
  0xff, 0x5a, 0xff, 0x3a, 0xff, 0x3a, 0xff, 0x5a, 0xf7, 0x3a, 0xef, 0x3a,
  0xf7, 0x19, 0xff, 0x7b, 0xff, 0x3a, 0xff, 0x3a, 0xff, 0x3a, 0xff, 0x5a,
  0xff, 0x3a, 0xff, 0x5a, 0xff, 0x3a, 0xff, 0x3a, 0xff, 0x3a, 0xee, 0xd9,
  0xb5, 0x57, 0xd6, 0x9c, 0xc5, 0xbb, 0xc5, 0xbb, 0xc5, 0x9a, 0xc5, 0xfb,
  0xd5, 0xfb, 0xbd, 0x79, 0xda, 0xd1, 0xd2, 0xd1, 0xfa, 0xf2, 0xfa, 0xf2,
  0xf2, 0xb1, 0xf2, 0xd2, 0xfa, 0xd1, 0xfa, 0xd2, 0xf2, 0xd1, 0xf2, 0xd1,
  0xda, 0xb0, 0xca, 0x70, 0xfa, 0xd1, 0xfb, 0x13, 0xfa, 0xf2, 0xfa, 0xf2,
  0xfa, 0xd1, 0xf2, 0xf2, 0xfa, 0xd2, 0xfa, 0xf3, 0xf2, 0xf2, 0xda, 0x90,
  0xe3, 0x12, 0xd2, 0xb1, 0xf2, 0xb1, 0xfa, 0xf2, 0xfa, 0xf2, 0xfa, 0xf2,
  0xfa, 0xb1, 0xfa, 0xd2, 0xf3, 0x53, 0xc2, 0x2f, 0xca, 0x6f, 0xeb, 0x94,
  0xfa, 0xd2, 0xfa, 0xd2, 0xf2, 0xf2, 0xfb, 0x53, 0xfa, 0xd1, 0xfb, 0x33,
  0xfa, 0xf2, 0xfb, 0x13, 0xfa, 0xd2, 0xf2, 0xd2, 0xfb, 0x12, 0xfb, 0x12,
  0xf2, 0xd2, 0xda, 0x2f, 0xeb, 0x53, 0xda, 0xd1, 0xc1, 0xad, 0xeb, 0x33,
  0xfa, 0xb1, 0xfa, 0xb2, 0xfa, 0xb1, 0xfa, 0xf2, 0xfa, 0xf2, 0xf2, 0xb1,
  0xf2, 0x91, 0xfa, 0xf2, 0xfa, 0xd1, 0xf2, 0xd2, 0xfa, 0xd1, 0xf2, 0xb1,
  0xc4, 0x96, 0xed, 0xdb, 0xdd, 0xfb, 0xde, 0x1b, 0xee, 0xfc, 0xff, 0xdf,
  0xff, 0x9e, 0xef, 0x5d, 0xff, 0xff, 0xff, 0xbe, 0xff, 0xdf, 0xf7, 0x9f,
  0xc5, 0xda, 0xd6, 0x5c, 0xff, 0xde, 0xff, 0xde, 0xad, 0xf8, 0x8d, 0x35,
  0xff, 0x3a, 0xff, 0x3a, 0xff, 0x3a, 0xff, 0x3a, 0xff, 0x3a, 0xff, 0x3a,
  0xff, 0x3a, 0xff, 0x3a, 0xff, 0x3a, 0xff, 0x3a, 0xff, 0x5a, 0xff, 0x3a,
  0xf7, 0x3a, 0xff, 0x1a, 0xf7, 0x3a, 0xff, 0x1a, 0xff, 0x3a, 0xff, 0x5a,
  0xff, 0x9c, 0xff, 0x3a, 0xf7, 0x3a, 0xff, 0x3a, 0xf7, 0x3a, 0xff, 0x3a,
  0xf7, 0x5a, 0xee, 0xf9, 0xff, 0x3a, 0xff, 0x3a, 0xff, 0x3a, 0xff, 0x3a,
  0xff, 0x5b, 0xff, 0x3a, 0xff, 0x3a, 0xff, 0x3a, 0xff, 0x5a, 0xff, 0x1a,
  0xff, 0x5b, 0xee, 0x98, 0xad, 0x58, 0xde, 0x9d, 0xc5, 0xfc, 0xc5, 0xba,
  0xc5, 0xbb, 0xcd, 0xdb, 0xe6, 0x3c, 0xcd, 0x58, 0xca, 0x90, 0xe2, 0xd1,
  0xfa, 0xf3, 0xf2, 0xb1, 0xf2, 0xb2, 0xfa, 0xd2, 0xfa, 0xd2, 0xfa, 0x91,
  0xf2, 0xb2, 0xf2, 0x91, 0xda, 0xd2, 0xda, 0xb1, 0xe2, 0x91, 0xf3, 0x13,
  0xfa, 0xf3, 0xfa, 0xd2, 0xf2, 0xf3, 0xfa, 0xf2, 0xf2, 0xf2, 0xfa, 0xf2,
  0xf2, 0xf3, 0xe2, 0x50, 0xe2, 0xd2, 0xda, 0x70, 0xe2, 0xb2, 0xf2, 0xf2,
  0xf2, 0xd2, 0xfa, 0xd2, 0xfa, 0xf3, 0xfa, 0xb2, 0xf3, 0x13, 0xe2, 0x90,
  0xda, 0xd1, 0xf3, 0x53, 0xfb, 0x13, 0xf2, 0xb1, 0xf3, 0x13, 0xfb, 0x12,
  0xfb, 0x13, 0xfa, 0xf2, 0xfb, 0x54, 0xfa, 0xf2, 0xfa, 0xf3, 0xfa, 0xd2,
  0xf2, 0xb2, 0xfa, 0xd2, 0xd2, 0x50, 0xe2, 0xb1, 0xf2, 0xf3, 0xf2, 0xd2,
  0xba, 0x0e, 0xda, 0xf1, 0xfa, 0xb2, 0xfa, 0x91, 0xf2, 0xb2, 0xfa, 0xb2,
  0xf2, 0xd2, 0xf2, 0xb1, 0xf2, 0x91, 0xfa, 0xb2, 0xf2, 0xd3, 0xf2, 0x91,
  0xfa, 0xb2, 0xfa, 0xb2, 0xb3, 0xb3, 0xfd, 0xbb, 0xef, 0x1e, 0xe6, 0xbd,
  0xd5, 0xfb, 0xee, 0x5c, 0xef, 0x5e, 0xf7, 0x9e, 0xff, 0xff, 0xff, 0xdf,
  0xe6, 0xfe, 0xc5, 0xd9, 0xbd, 0xbb, 0xbd, 0x9a, 0xef, 0x1d, 0xff, 0xff,
  0xdf, 0x3d, 0x8c, 0x93, 0xff, 0x39, 0xff, 0x3a, 0xff, 0x39, 0xff, 0x5a,
  0xff, 0x39, 0xff, 0x3a, 0xff, 0x3a, 0xff, 0x3a, 0xff, 0x3a, 0xff, 0x5a,
  0xff, 0x39, 0xff, 0x3a, 0xff, 0x3a, 0xff, 0x3a, 0xff, 0x3a, 0xff, 0x3a,
  0xff, 0x3a, 0xff, 0x3a, 0xff, 0x39, 0xff, 0x3a, 0xff, 0x3a, 0xff, 0x3a,
  0xff, 0x5a, 0xf7, 0x3a, 0xee, 0xf8, 0xef, 0x39, 0xff, 0x3a, 0xff, 0x3a,
  0xff, 0x3a, 0xff, 0x5a, 0xff, 0x3a, 0xff, 0x5a, 0xff, 0x3a, 0xff, 0x3a,
  0xff, 0x39, 0xff, 0x3a, 0xff, 0x5a, 0xee, 0xd8, 0xbd, 0x57, 0xde, 0xbd,
  0xde, 0x7c, 0xc5, 0xfb, 0xcd, 0xdb, 0xc5, 0xdb, 0xee, 0x7c, 0xcd, 0x78,
  0xd2, 0x4f, 0xeb, 0x53, 0xfa, 0xd2, 0xfa, 0xd2, 0xfa, 0xb1, 0xf2, 0xd2,
  0xfa, 0xd2, 0xfa, 0xf2, 0xfa, 0xf2, 0xf2, 0xd1, 0xe2, 0x90, 0xeb, 0x13,
  0xda, 0x2f, 0xeb, 0x12, 0xfa, 0xd2, 0xfa, 0xf2, 0xfa, 0xd2, 0xf2, 0xf2,
  0xfa, 0xf2, 0xfa, 0xf2, 0xfb, 0x32, 0xda, 0x70, 0xea, 0xf2, 0xda, 0xb1,
  0xe2, 0x90, 0xf3, 0x13, 0xfa, 0xd2, 0xfb, 0x13, 0xfa, 0xd2, 0xfa, 0xf2,
  0xf3, 0x33, 0xda, 0x90, 0xda, 0x4f, 0xfb, 0x74, 0xfa, 0xd2, 0xfb, 0x13,
  0xe2, 0x4f, 0xfb, 0x54, 0xfa, 0xb1, 0xfa, 0xf2, 0xfa, 0xf2, 0xfb, 0x13,
  0xfa, 0xd2, 0xfa, 0xd2, 0xf2, 0xd1, 0xf2, 0xf2, 0xda, 0x50, 0xf3, 0x13,
  0xfa, 0x91, 0xfa, 0xb2, 0xe2, 0xb1, 0xd2, 0x50, 0xfa, 0xb1, 0xfa, 0xd2,
  0xfa, 0xd1, 0xf2, 0xb2, 0xfa, 0xb1, 0xfa, 0xb2, 0xfa, 0xb1, 0xf2, 0xb1,
  0xfa, 0xf2, 0xf2, 0xd2, 0xfa, 0x91, 0xfa, 0xb2, 0xd3, 0x72, 0xf4, 0x97,
  0xde, 0x9b, 0xf7, 0x9f, 0xf6, 0xfd, 0xe6, 0xbc, 0xef, 0x3c, 0xff, 0xbe,
  0xff, 0xff, 0xde, 0xdc, 0xc5, 0x9a, 0xc5, 0xdb, 0xcd, 0xdb, 0xbd, 0xba,
  0xce, 0x19, 0xff, 0xbf, 0xff, 0xff, 0xa5, 0x55, 0xff, 0x3a, 0xff, 0x19,
  0xff, 0x3a, 0xff, 0x1a, 0xff, 0x3a, 0xff, 0x3a, 0xff, 0x3a, 0xff, 0x3a,
  0xff, 0x3a, 0xff, 0x3a, 0xf7, 0x3a, 0xff, 0x1a, 0xff, 0x3a, 0xff, 0x3a,
  0xff, 0x3a, 0xff, 0x3a, 0xf7, 0x3a, 0xff, 0x1a, 0xf7, 0x3a, 0xff, 0x3a,
  0xff, 0x5a, 0xff, 0x39, 0xef, 0x19, 0xee, 0xf8, 0xee, 0xf9, 0xff, 0x3a,
  0xff, 0x3a, 0xff, 0x3a, 0xff, 0x3a, 0xff, 0x3a, 0xff, 0x3a, 0xff, 0x3a,
  0xff, 0x3a, 0xff, 0x1a, 0xff, 0x3a, 0xff, 0x19, 0xff, 0x5b, 0xee, 0x97,
  0xbd, 0xb9, 0xde, 0x9c, 0xd6, 0x9d, 0xde, 0x7d, 0xd6, 0xbd, 0xc5, 0xfa,
  0xff, 0xdf, 0xd6, 0x19, 0xb1, 0xcd, 0xeb, 0x73, 0xfa, 0xf3, 0xfa, 0xd2,
  0xf2, 0xd2, 0xfa, 0xd2, 0xfa, 0xf3, 0xfa, 0xd2, 0xf2, 0xd2, 0xf2, 0xb1,
  0xe2, 0x91, 0xf2, 0xf2, 0xda, 0xb1, 0xe2, 0xd2, 0xfb, 0x13, 0xfa, 0xd2,
  0xf2, 0xd2, 0xfa, 0xd2, 0xf2, 0xf2, 0xfa, 0xf2, 0xf3, 0x33, 0xe2, 0x91,
  0xea, 0xf2, 0xf2, 0xf2, 0xda, 0xb1, 0xf3, 0x12, 0xfa, 0xf3, 0xfa, 0xf2,
  0xfa, 0xd2, 0xfa, 0xd2, 0xf3, 0x33, 0xea, 0xb1, 0xd2, 0x30, 0xf3, 0x13,
  0xfa, 0xf3, 0xfa, 0xd2, 0xf3, 0x12, 0xfb, 0x12, 0xfb, 0x13, 0xfa, 0xd2,
  0xf2, 0xd2, 0xfa, 0xf2, 0xfa, 0xd2, 0xfa, 0xd2, 0xf3, 0x13, 0xea, 0x91,
  0xe2, 0x91, 0xf2, 0xf2, 0xfa, 0xb2, 0xfa, 0x91, 0xea, 0xf2, 0xda, 0x4f,
  0xea, 0xb1, 0xf2, 0xf2, 0xfa, 0xb2, 0xfa, 0x91, 0xf2, 0xb2, 0xfa, 0x91,
  0xf2, 0xd2, 0xfa, 0xd2, 0xfb, 0x13, 0xf2, 0xb1, 0xfa, 0x91, 0xfa, 0xb1,
  0xdb, 0x12, 0xeb, 0x74, 0xd6, 0x3c, 0xde, 0x3c, 0xff, 0x9f, 0xff, 0xbf,
  0xef, 0x3d, 0xff, 0xdf, 0xde, 0xde, 0xbd, 0x99, 0xc5, 0xbb, 0xc5, 0xdb,
  0xbd, 0xbb, 0xc5, 0xbb, 0xbd, 0x99, 0xe6, 0x9d, 0xff, 0xdf, 0xe6, 0xfb,
  0xff, 0x39, 0xff, 0x3a, 0xff, 0x39, 0xff, 0x3a, 0xff, 0x39, 0xff, 0x3a,
  0xff, 0x19, 0xff, 0x3a, 0xff, 0x19, 0xff, 0x3a, 0xff, 0x3a, 0xff, 0x3a,
  0xff, 0x39, 0xff, 0x3a, 0xff, 0x39, 0xff, 0x3a, 0xff, 0x39, 0xff, 0x3a,
  0xff, 0x39, 0xff, 0x3a, 0xff, 0x39, 0xff, 0x5a, 0xf6, 0xf8, 0xf7, 0x39,
  0xff, 0x3a, 0xff, 0x3a, 0xff, 0x3a, 0xff, 0x5a, 0xff, 0x3a, 0xff, 0x5a,
  0xff, 0x3a, 0xff, 0x3a, 0xff, 0x39, 0xf7, 0x39, 0xef, 0x19, 0xef, 0x3a,
  0xef, 0x3b, 0xde, 0xd9, 0xa4, 0xd5, 0xde, 0xbd, 0xd6, 0x3b, 0xde, 0x9d,
  0xd6, 0x7c, 0xbd, 0xda, 0xff, 0x9f, 0xc5, 0x77, 0xd1, 0xee, 0xf3, 0x53,
  0xfa, 0xf2, 0xf2, 0xd2, 0xfa, 0xd1, 0xfb, 0x12, 0xfa, 0xb1, 0xf2, 0xb1,
  0xfa, 0xd1, 0xf2, 0xd2, 0xe2, 0x70, 0xf3, 0x13, 0xf3, 0x32, 0xd2, 0x6f,
  0xfb, 0x12, 0xf3, 0x13, 0xfa, 0xf2, 0xfb, 0x12, 0xfa, 0xd1, 0xfa, 0xd2,
  0xfb, 0x32, 0xe2, 0x90, 0xf2, 0xd1, 0xf2, 0xf2, 0xe2, 0xd1, 0xeb, 0x12,
  0xfb, 0x12, 0xfb, 0x33, 0xfa, 0xf2, 0xfa, 0xf2, 0xfa, 0xd2, 0xf2, 0xd2,
  0xea, 0x90, 0xea, 0xf2, 0xfb, 0x12, 0xfa, 0xf2, 0xf2, 0xd1, 0xf2, 0xf2,
  0xfa, 0xf2, 0xfa, 0xf2, 0xfa, 0xd1, 0xf2, 0xb2, 0xfa, 0xb1, 0xfa, 0xd2,
  0xf2, 0xd2, 0xda, 0x50, 0xf2, 0xb1, 0xfa, 0xf2, 0xfa, 0xb1, 0xfa, 0xd2,
  0xfa, 0xf2, 0xea, 0xb1, 0xe2, 0x2f, 0xf2, 0xf2, 0xfa, 0xb1, 0xfa, 0xb2,
  0xf2, 0xb1, 0xfa, 0xf2, 0xfa, 0xd1, 0xf2, 0xd2, 0xfa, 0xd1, 0xfa, 0xf2,
  0xfa, 0xb1, 0xfa, 0xb2, 0xea, 0xd1, 0xea, 0xd2, 0xe5, 0xfa, 0xe6, 0x3c,
  0xe6, 0xdb, 0xff, 0x9f, 0xef, 0x1d, 0xde, 0xbc, 0xbd, 0x79, 0xc5, 0xdb,
  0xcd, 0xda, 0xc5, 0xba, 0xc5, 0x9a, 0xbd, 0xbb, 0xd6, 0x5b, 0xef, 0x3f,
  0xff, 0xbe, 0xff, 0xbe, 0xff, 0x3a, 0xff, 0x1a, 0xf7, 0x1a, 0xff, 0x1a,
  0xff, 0x3a, 0xff, 0x3a, 0xff, 0x3a, 0xff, 0x3a, 0xff, 0x3a, 0xff, 0x1a,
  0xff, 0x3a, 0xff, 0x3a, 0xff, 0x3a, 0xff, 0x19, 0xff, 0x3a, 0xff, 0x1a,
  0xff, 0x3a, 0xff, 0x1a, 0xff, 0x3a, 0xff, 0x1a, 0xff, 0x3a, 0xff, 0x1a,
  0xff, 0x5b, 0xff, 0x3a, 0xff, 0x3a, 0xff, 0x3a, 0xff, 0x5b, 0xff, 0x3a,
  0xff, 0x5b, 0xff, 0x3a, 0xf7, 0x3a, 0xf6, 0xf9, 0xef, 0x3b, 0xef, 0x3b,
  0xef, 0x5c, 0xf7, 0x5c, 0xf7, 0x7d, 0xf7, 0x3b, 0xb5, 0x99, 0xc5, 0xfa,
  0xd6, 0x5c, 0xd6, 0x5c, 0xd6, 0x9d, 0xbd, 0x99, 0xff, 0xbf, 0xc5, 0x77,
  0xd2, 0x0f, 0xfb, 0x13, 0xfa, 0xd2, 0xfa, 0xd2, 0xf2, 0xb2, 0xfa, 0xf2,
  0xfa, 0xf3, 0xf2, 0x91, 0xf2, 0xb2, 0xfa, 0xd2, 0xe2, 0x91, 0xf2, 0xd2,
  0xf3, 0x53, 0xda, 0x90, 0xe2, 0xd2, 0xf3, 0x33, 0xf2, 0xf3, 0xfa, 0xf2,
  0xf2, 0xf3, 0xfa, 0xf2, 0xf3, 0x33, 0xda, 0x70, 0xea, 0xd2, 0xf2, 0xd2,
  0xea, 0xd2, 0xe2, 0x90, 0xf3, 0x13, 0xf2, 0xd2, 0xfa, 0xf3, 0xfa, 0xf2,
  0xf2, 0xf3, 0xf2, 0xb1, 0xda, 0x70, 0xfb, 0x13, 0xf2, 0x92, 0xfb, 0x13,
  0xe2, 0x70, 0xf2, 0xb1, 0xfa, 0xf3, 0xfa, 0xd2, 0xf2, 0xb2, 0xfa, 0xd2,
  0xf2, 0x91, 0xfa, 0xb2, 0xca, 0xd1, 0xb1, 0xcd, 0xf2, 0xf2, 0xf2, 0xb1,
  0xfa, 0xb2, 0xfa, 0x91, 0xf2, 0xd2, 0xfa, 0xd2, 0xda, 0x70, 0xe2, 0x91,
  0xf2, 0x92, 0xfa, 0xb2, 0xfa, 0xd2, 0xf2, 0x91, 0xf2, 0xb2, 0xf2, 0x91,
  0xf2, 0xd2, 0xfa, 0xf2, 0xf2, 0xb2, 0xfa, 0xb1, 0xfa, 0xf2, 0xf2, 0x71,
  0xd5, 0x38, 0xfe, 0x3c, 0xde, 0x5b, 0xf7, 0x1e, 0xc6, 0x1b, 0xc5, 0xda,
  0xc5, 0xdc, 0xc5, 0xbb, 0xbd, 0x9b, 0xc5, 0xbb, 0xce, 0x5c, 0xde, 0x9d,
  0xce, 0x5c, 0xd6, 0x5c, 0xff, 0xff, 0xff, 0x9e, 0xff, 0x3a, 0xff, 0x3a,
  0xff, 0x39, 0xff, 0x3a, 0xff, 0x3a, 0xff, 0x3a, 0xff, 0x19, 0xff, 0x5a,
  0xff, 0x39, 0xff, 0x3a, 0xff, 0x39, 0xff, 0x3a, 0xff, 0x3a, 0xff, 0x3a,
  0xff, 0x3a, 0xff, 0x5a, 0xff, 0x19, 0xff, 0x3a, 0xff, 0x3a, 0xff, 0x5a,
  0xff, 0x3a, 0xff, 0x3a, 0xff, 0x3a, 0xff, 0x5a, 0xff, 0x3a, 0xff, 0x5a,
  0xff, 0x3a, 0xff, 0x5a, 0xf7, 0x39, 0xef, 0x19, 0xf7, 0x3b, 0xf7, 0x7c,
  0xff, 0x5c, 0xf7, 0x7d, 0xff, 0x5c, 0xf7, 0x5c, 0xf7, 0x5c, 0xf7, 0x7d,
  0xb5, 0x37, 0xbd, 0xb9, 0xe6, 0x9d, 0xce, 0x3c, 0xde, 0x7c, 0xbd, 0xba,
  0xff, 0x3e, 0xc5, 0x98, 0xe2, 0x70, 0xf3, 0x33, 0xfa, 0xf2, 0xfa, 0xf2,
  0xfa, 0xb1, 0xfa, 0xf2, 0xfa, 0xf2, 0xf2, 0xd2, 0xfa, 0xb1, 0xf2, 0xb1,
  0xea, 0x70, 0xea, 0x91, 0xf3, 0x12, 0xe2, 0xb1, 0xd2, 0x0e, 0xeb, 0x33,
  0xfa, 0x91, 0xfa, 0xd2, 0xfa, 0xd2, 0xfa, 0xd2, 0xf3, 0x33, 0xda, 0x91,
  0xf2, 0xd2, 0xf2, 0xf2, 0xf2, 0xd1, 0xe2, 0x91, 0xf2, 0xb1, 0xf2, 0xf2,
  0xfa, 0xf2, 0xfb, 0x13, 0xfa, 0xf2, 0xf2, 0xd2, 0xe2, 0x50, 0xf2, 0xf2,
  0xfa, 0xb1, 0xfa, 0xb2, 0xfa, 0xf2, 0xe2, 0x70, 0xfa, 0xd2, 0xf2, 0x71,
  0xfa, 0xd2, 0xfa, 0xb2, 0xfa, 0x91, 0xfa, 0xb2, 0xda, 0xd1, 0xca, 0x4f,
  0xfa, 0xb1, 0xf2, 0xd2, 0xfa, 0x91, 0xfa, 0xd2, 0xfa, 0x91, 0xfa, 0xf2,
  0xe2, 0xd1, 0xda, 0x90, 0xfa, 0xb1, 0xfa, 0xb2, 0xfa, 0xb1, 0xf2, 0x91,
  0xfa, 0x91, 0xfa, 0xd2, 0xfa, 0x91, 0xfa, 0xb2, 0xfa, 0x91, 0xfa, 0xb2,
  0xfa, 0x91, 0xf2, 0x71, 0xcc, 0x54, 0xfd, 0xfb, 0xe6, 0xdc, 0xe7, 0x1d,
  0xbd, 0x58, 0xc5, 0xdb, 0xc5, 0x9a, 0xc5, 0xbb, 0xd6, 0x5b, 0xe6, 0xde,
  0xe6, 0x9d, 0xc5, 0xda, 0xc5, 0xba, 0xbd, 0xba, 0xf7, 0x7e, 0xff, 0xff,
  0xff, 0x3a, 0xff, 0x1a, 0xff, 0x3a, 0xff, 0x1a, 0xff, 0x3a, 0xff, 0x1a,
  0xff, 0x3a, 0xff, 0x1a, 0xff, 0x3a, 0xff, 0x1a, 0xff, 0x3a, 0xff, 0x1a,
  0xff, 0x3a, 0xff, 0x1a, 0xf7, 0x1a, 0xff, 0x3a, 0xff, 0x3a, 0xff, 0x1a,
  0xff, 0x3a, 0xff, 0x3a, 0xff, 0x3a, 0xff, 0x3a, 0xff, 0x3a, 0xff, 0x3a,
  0xff, 0x3a, 0xff, 0x1a, 0xf7, 0x3a, 0xf7, 0x19, 0xef, 0x3b, 0xf7, 0x7c,
  0xf7, 0x7d, 0xff, 0x5c, 0xf7, 0x5d, 0xf7, 0x5c, 0xf7, 0x5c, 0xf7, 0x5c,
  0xef, 0x5c, 0xff, 0x7d, 0xb5, 0xb9, 0xbd, 0x98, 0xd6, 0x7d, 0xce, 0x1b,
  0xce, 0x5d, 0xb5, 0x79, 0xee, 0xbd, 0xbd, 0x37, 0xe2, 0x91, 0xfb, 0x13,
  0xf2, 0xf3, 0xfa, 0xf2, 0xf2, 0xd2, 0xfa, 0xf2, 0xfa, 0xf3, 0xf2, 0xb1,
  0xf2, 0xd2, 0xfa, 0xd2, 0xe2, 0xd2, 0xea, 0xb1, 0xf3, 0x13, 0xfa, 0xf2,
  0xca, 0x4f, 0xe2, 0xf2, 0xfa, 0xf3, 0xfa, 0xb2, 0xfa, 0xd2, 0xfa, 0xf2,
  0xdb, 0x53, 0xb1, 0xed, 0xda, 0xd1, 0xeb, 0x12, 0xf2, 0xd2, 0xfa, 0xd2,
  0xda, 0xb1, 0xf3, 0x33, 0xfa, 0xf3, 0xfa, 0xf2, 0xf2, 0xf2, 0xfa, 0xf2,
  0xd2, 0x90, 0xeb, 0x12, 0xfa, 0xd3, 0xfa, 0x91, 0xf3, 0x13, 0xf2, 0xd2,
  0xf2, 0xb2, 0xfa, 0xb2, 0xf2, 0x91, 0xfa, 0xd2, 0xf2, 0xd2, 0xfa, 0xf2,
  0xc2, 0x2f, 0xda, 0xb1, 0xfa, 0xf3, 0xfa, 0x91, 0xfa, 0xd2, 0xfa, 0xd2,
  0xfa, 0xd2, 0xfa, 0xd2, 0xea, 0xf2, 0xda, 0x50, 0xf2, 0xb2, 0xfa, 0xb2,
  0xfa, 0xd2, 0xfa, 0xd2, 0xf2, 0xb2, 0xfa, 0xb2, 0xf2, 0xb2, 0xfa, 0xb1,
  0xfa, 0xb2, 0xfa, 0x91, 0xfa, 0x92, 0xfa, 0xb2, 0xbb, 0x72, 0xfe, 0x1c,
  0xff, 0xff, 0xce, 0x9a, 0xb5, 0x7a, 0xc5, 0xbb, 0xce, 0x5c, 0xde, 0x9d,
  0xd6, 0x7c, 0xde, 0x7c, 0xd6, 0x5d, 0xc5, 0xda, 0xc5, 0xfb, 0xc5, 0x9a,
  0xe6, 0xfd, 0xff, 0xff, 0xff, 0x19, 0xff, 0x3a, 0xff, 0x39, 0xff, 0x3a,
  0xff, 0x19, 0xff, 0x3a, 0xff, 0x19, 0xff, 0x1a, 0xff, 0x39, 0xff, 0x3a,
  0xff, 0x39, 0xff, 0x1a, 0xff, 0x19, 0xff, 0x3a, 0xff, 0x19, 0xff, 0x3a,
  0xff, 0x3a, 0xff, 0x3a, 0xff, 0x39, 0xff, 0x5a, 0xff, 0x3a, 0xff, 0x3a,
  0xff, 0x39, 0xff, 0x3a, 0xff, 0x3a, 0xff, 0x5a, 0xef, 0x1a, 0xf7, 0x5b,
  0xff, 0x7d, 0xff, 0x7d, 0xff, 0x7c, 0xf7, 0x7d, 0xff, 0x5c, 0xf7, 0x7c,
  0xff, 0x5c, 0xf7, 0x5c, 0xf7, 0x5b, 0xf7, 0x7c, 0xe6, 0xbb, 0xb5, 0x76,
  0xd6, 0x1b, 0xd6, 0x5c, 0xd6, 0x5c, 0xbd, 0xba, 0xee, 0x5b, 0xbd, 0x37,
  0xea, 0xb1, 0xfb, 0x53, 0xfb, 0x12, 0xfb, 0x13, 0xfa, 0xf2, 0xf2, 0xf2,
  0xfa, 0xf2, 0xf2, 0xd2, 0xfa, 0xf2, 0xf2, 0xd2, 0xea, 0xd1, 0xe2, 0xb1,
  0xfa, 0xd2, 0xfa, 0xf2, 0xc2, 0x8f, 0xba, 0x6f, 0xfa, 0xf2, 0xf2, 0xd2,
  0xfa, 0xf2, 0xfb, 0x13, 0xf3, 0x33, 0xd2, 0x70, 0xea, 0xd1, 0xf3, 0x33,
  0xfa, 0xd1, 0xfb, 0x13, 0xea, 0xd1, 0xe2, 0xf2, 0xfa, 0xf2, 0xfa, 0xf2,
  0xfa, 0xd2, 0xfb, 0x13, 0xda, 0x70, 0xe2, 0xf2, 0xfa, 0xb2, 0xfa, 0xb2,
  0xf2, 0xd1, 0xe2, 0x91, 0xfa, 0xd2, 0xf2, 0xb1, 0xfa, 0xb1, 0xf2, 0x91,
  0xfb, 0x12, 0xf2, 0xd2, 0xda, 0x50, 0xe2, 0xb1, 0xfa, 0xd2, 0xfa, 0xf2,
  0xfa, 0xd2, 0xfb, 0x13, 0xfa, 0xd2, 0xfa, 0xd2, 0xfa, 0xf2, 0xe2, 0x70,
  0xea, 0x90, 0xf2, 0xf2, 0xfa, 0xb1, 0xfa, 0xd2, 0xf2, 0x70, 0xfa, 0xb2,
  0xfa, 0xd2, 0xf2, 0xb2, 0xfa, 0xb1, 0xf2, 0xb1, 0xfa, 0x91, 0xfa, 0xd2,
  0xd3, 0x10, 0xfc, 0xd8, 0xe7, 0x1e, 0xad, 0x78, 0xd6, 0x3b, 0xe6, 0xfe,
  0xee, 0xde, 0xc5, 0xda, 0xc5, 0xba, 0xc5, 0xfb, 0xcd, 0xda, 0xc5, 0xda,
  0xc5, 0x9a, 0xbd, 0x9b, 0xde, 0x9b, 0xff, 0xff, 0xf7, 0x1a, 0xff, 0x19,
  0xff, 0x3a, 0xff, 0x1a, 0xff, 0x3a, 0xff, 0x3a, 0xff, 0x3a, 0xff, 0x19,
  0xff, 0x3a, 0xff, 0x19, 0xf7, 0x1a, 0xff, 0x1a, 0xff, 0x3a, 0xff, 0x1a,
  0xff, 0x3a, 0xff, 0x1a, 0xff, 0x3a, 0xff, 0x1a, 0xff, 0x3a, 0xff, 0x1a,
  0xff, 0x3a, 0xff, 0x1a, 0xff, 0x3a, 0xff, 0x1a, 0xf7, 0x3a, 0xf7, 0x19,
  0xf7, 0x5c, 0xff, 0x9d, 0xf7, 0x7d, 0xff, 0x5c, 0xf7, 0x7d, 0xff, 0x5c,
  0xf7, 0x7d, 0xf7, 0x5c, 0xf7, 0x5c, 0xf7, 0x3c, 0xf7, 0x5c, 0xf7, 0x3b,
  0xf7, 0x7e, 0xbd, 0xb6, 0xb5, 0x79, 0xde, 0x5d, 0xce, 0x5d, 0xbd, 0xba,
  0xdd, 0xfb, 0xb4, 0x75, 0xea, 0x91, 0xfa, 0xd2, 0xf2, 0xf3, 0xfa, 0xf2,
  0xf2, 0xf2, 0xf2, 0xd2, 0xf3, 0x13, 0xfa, 0xf2, 0xfb, 0x13, 0xf2, 0xb1,
  0xea, 0xf2, 0xe2, 0x70, 0xf2, 0xf3, 0xfa, 0xf2, 0xdb, 0x12, 0xca, 0x6f,
  0xfb, 0x33, 0xf2, 0xf2, 0xfa, 0xf2, 0xfa, 0xd2, 0xf3, 0x54, 0xe2, 0x90,
  0xf2, 0xf3, 0xfa, 0xf2, 0xf2, 0x92, 0xfa, 0x91, 0xeb, 0x13, 0xe2, 0x70,
  0xfb, 0x13, 0xfa, 0xf2, 0xfa, 0xf3, 0xfa, 0xf2, 0xda, 0x71, 0xea, 0xb1,
  0xfa, 0xd2, 0xfa, 0x91, 0xf2, 0xf3, 0xea, 0x70, 0xf2, 0xb2, 0xfa, 0xf2,
  0xf2, 0x91, 0xfa, 0xd2, 0xea, 0xb2, 0xfb, 0x13, 0xda, 0x50, 0xea, 0xb2,
  0xfa, 0xd2, 0xfa, 0x91, 0xf2, 0xb2, 0xfa, 0xb2, 0xf2, 0xd2, 0xfa, 0xd2,
  0xf2, 0xf3, 0xf2, 0xd2, 0xd2, 0x2f, 0xea, 0xb1, 0xfa, 0xb2, 0xfa, 0xb1,
  0xf2, 0xd2, 0xfa, 0xb1, 0xf2, 0xd2, 0xfa, 0xd2, 0xf2, 0xb2, 0xfa, 0x91,
  0xfa, 0xb2, 0xfa, 0x91, 0xe3, 0x13, 0xeb, 0x12, 0xb5, 0x79, 0xd6, 0x5c,
  0xd6, 0x7c, 0xd6, 0x5b, 0xce, 0x3c, 0xbd, 0x79, 0xc5, 0xdb, 0xc5, 0xbb,
  0xc5, 0xdb, 0xce, 0x1c, 0xd6, 0x7d, 0xd6, 0x5c, 0xef, 0x5e, 0xff, 0xdf,
  0xff, 0x19, 0xff, 0x3a, 0xff, 0x39, 0xff, 0x3a, 0xff, 0x39, 0xff, 0x3a,
  0xff, 0x39, 0xff, 0x3a, 0xff, 0x39, 0xff, 0x3a, 0xff, 0x19, 0xff, 0x3a,
  0xff, 0x19, 0xff, 0x3a, 0xff, 0x3a, 0xff, 0x3a, 0xff, 0x39, 0xff, 0x3a,
  0xff, 0x19, 0xff, 0x3a, 0xff, 0x3a, 0xff, 0x3a, 0xff, 0x3a, 0xff, 0x3a,
  0xf7, 0x19, 0xf7, 0x3a, 0xff, 0x7c, 0xf7, 0x7d, 0xff, 0x7c, 0xff, 0x7d,
  0xff, 0x5c, 0xf7, 0x7c, 0xff, 0x5c, 0xf7, 0x7c, 0xff, 0x5c, 0xf7, 0x5c,
  0xf7, 0x5c, 0xf7, 0x3c, 0xf7, 0x3c, 0xde, 0xda, 0xac, 0xf6, 0xd6, 0x9d,
  0xce, 0x3c, 0xbd, 0xda, 0xdd, 0x9a, 0xa3, 0xf4, 0xf2, 0xb1, 0xfa, 0xf2,
  0xfb, 0x12, 0xf2, 0xf2, 0xfa, 0xf2, 0xfb, 0x12, 0xfa, 0xd2, 0xfa, 0xf2,
  0xfa, 0xd1, 0xf2, 0xd2, 0xf2, 0xd1, 0xea, 0xb1, 0xfa, 0xd2, 0xf2, 0xf2,
  0xfb, 0x12, 0xe2, 0x90, 0xfa, 0xf2, 0xf3, 0x12, 0xfa, 0xf2, 0xfa, 0xf2,
  0xf3, 0x53, 0xda, 0xb0, 0xf2, 0xd1, 0xf3, 0x13, 0xfa, 0xb1, 0xfa, 0xd2,
  0xfa, 0xf2, 0xf2, 0xf2, 0xf2, 0xb1, 0xf3, 0x13, 0xfa, 0xd2, 0xfa, 0xf2,
  0xe2, 0xb1, 0xda, 0xb1, 0xfa, 0xb1, 0xfa, 0xd2, 0xfa, 0xd2, 0xf2, 0xd2,
  0xf2, 0xb1, 0xf2, 0xd2, 0xfa, 0xd2, 0xfa, 0xb2, 0xfa, 0xd1, 0xf2, 0xf2,
  0xe2, 0x70, 0xea, 0xd2, 0xfa, 0xb1, 0xfa, 0xd2, 0xfa, 0xd2, 0xf2, 0xb2,
  0xfa, 0xf2, 0xfa, 0xf2, 0xfa, 0xd1, 0xfb, 0x13, 0xda, 0x4f, 0xda, 0x90,
  0xfa, 0xb1, 0xfa, 0xd2, 0xfa, 0xd2, 0xf2, 0xd2, 0xfa, 0xd1, 0xf2, 0xd2,
  0xfa, 0xd1, 0xfa, 0xd2, 0xfa, 0xb1, 0xfa, 0xb1, 0xfb, 0x12, 0xea, 0xb1,
  0xac, 0x96, 0xcd, 0xbb, 0xc5, 0xba, 0xc5, 0xfb, 0xcd, 0xfa, 0xd6, 0x5c,
  0xde, 0x7c, 0xde, 0x9d, 0xe6, 0xdd, 0xde, 0xbd, 0xd6, 0x3c, 0xc5, 0xdb,
  0xef, 0x1d, 0xef, 0x5e, 0xff, 0x3a, 0xff, 0x19, 0xf7, 0x1a, 0xff, 0x1a,
  0xff, 0x3a, 0xff, 0x1a, 0xff, 0x3a, 0xff, 0x1a, 0xff, 0x3a, 0xff, 0x3a,
  0xff, 0x3a, 0xff, 0x1a, 0xff, 0x3a, 0xff, 0x1a, 0xff, 0x3a, 0xff, 0x1a,
  0xff, 0x3a, 0xff, 0x1a, 0xff, 0x3a, 0xff, 0x1a, 0xff, 0x3a, 0xff, 0x1a,
  0xff, 0x5b, 0xff, 0x3a, 0xef, 0x3b, 0xff, 0x7c, 0xf7, 0x9d, 0xff, 0x7d,
  0xf7, 0x7d, 0xff, 0x5c, 0xf7, 0x7d, 0xff, 0x5c, 0xf7, 0x7d, 0xf7, 0x5c,
  0xf7, 0x5c, 0xf7, 0x3c, 0xef, 0x3c, 0xf7, 0x1b, 0xef, 0x1b, 0xf7, 0x5c,
  0xbd, 0xb8, 0xd6, 0x7b, 0xce, 0x3d, 0xbd, 0x9a, 0xdd, 0x9b, 0xa3, 0xd3,
  0xf2, 0xf2, 0xfa, 0xf2, 0xf2, 0xf3, 0xfa, 0xf2, 0xf2, 0xd2, 0xfa, 0xd2,
  0xfa, 0xd2, 0xfa, 0xb2, 0xf2, 0xd2, 0xf2, 0xb1, 0xf2, 0xd2, 0xfa, 0xd2,
  0xfa, 0xf2, 0xfa, 0xd2, 0xf3, 0x33, 0xe2, 0x90, 0xe2, 0xd2, 0xf3, 0x33,
  0xfa, 0xd3, 0xfa, 0x91, 0xf3, 0x33, 0xe2, 0x90, 0xf3, 0x13, 0xfb, 0x13,
  0xfa, 0xf3, 0xfa, 0xb1, 0xf2, 0xd2, 0xfa, 0xd2, 0xe2, 0xb1, 0xea, 0xd2,
  0xfa, 0xb2, 0xfa, 0xb2, 0xe2, 0xb2, 0xe2, 0x70, 0xfa, 0xf3, 0xfa, 0x91,
  0xf2, 0xd2, 0xf2, 0xb1, 0xf2, 0xf2, 0xf2, 0xd2, 0xfa, 0xd2, 0xfa, 0xd2,
  0xf2, 0xb2, 0xf2, 0x91, 0xda, 0x70, 0xf3, 0x13, 0xf2, 0xd2, 0xfa, 0xb2,
  0xfa, 0xd2, 0xfa, 0xb2, 0xfa, 0xb2, 0xfa, 0xd2, 0xf2, 0xb2, 0xfa, 0x91,
  0xea, 0xf2, 0xd1, 0xee, 0xf2, 0xd2, 0xf2, 0xd2, 0xf2, 0xd2, 0xfa, 0xb1,
  0xfa, 0xd2, 0xfa, 0xb2, 0xf2, 0xd2, 0xfa, 0xf2, 0xfa, 0xb2, 0xf2, 0x71,
  0xfa, 0xf3, 0xf2, 0x91, 0xb4, 0x76, 0xee, 0x1c, 0xd6, 0x9c, 0xde, 0xbc,
  0xe6, 0xfe, 0xde, 0x7c, 0xc5, 0xdb, 0xcd, 0xfb, 0xd6, 0x9d, 0xd6, 0x5c,
  0xbd, 0xbb, 0xc5, 0xba, 0xde, 0xdd, 0xef, 0x3e, 0xff, 0x39, 0xff, 0x1a,
  0xff, 0x19, 0xff, 0x3a, 0xff, 0x39, 0xff, 0x3a, 0xff, 0x19, 0xff, 0x3a,
  0xff, 0x39, 0xff, 0x39, 0xff, 0x39, 0xff, 0x3a, 0xff, 0x39, 0xff, 0x3a,
  0xff, 0x39, 0xff, 0x5a, 0xff, 0x3a, 0xff, 0x3a, 0xff, 0x3a, 0xff, 0x5a,
  0xff, 0x3a, 0xff, 0x3a, 0xff, 0x3a, 0xf7, 0x3a, 0xf7, 0x3b, 0xff, 0xbd,
  0xff, 0x7c, 0xf7, 0x7d, 0xff, 0x7c, 0xf7, 0x7d, 0xff, 0x5c, 0xf7, 0x5c,
  0xf7, 0x5c, 0xf7, 0x5c, 0xff, 0x5c, 0xf7, 0x5c, 0xf7, 0x3b, 0xef, 0x3b,
  0xef, 0x19, 0xef, 0x1a, 0xde, 0x99, 0xbd, 0xd6, 0xce, 0x3c, 0xbd, 0xdb,
  0xdd, 0x59, 0xab, 0xf4, 0xfa, 0xb1, 0xfa, 0xf2, 0xfa, 0xf2, 0xfa, 0xf2,
  0xf2, 0xd1, 0xfb, 0x13, 0xfb, 0x33, 0xf2, 0xf2, 0xfa, 0xf2, 0xf2, 0xd2,
  0xfa, 0xd1, 0xfa, 0xf2, 0xfa, 0x91, 0xfa, 0xb2, 0xfb, 0x33, 0xe2, 0x90,
  0xda, 0x4f, 0xf3, 0x33, 0xfa, 0xf2, 0xfb, 0x12, 0xf3, 0x12, 0xda, 0xb1,
  0xf2, 0xf2, 0xf2, 0xf2, 0xfa, 0xd2, 0xf2, 0xb2, 0xfa, 0xb1, 0xfa, 0xb2,
  0xeb, 0x32, 0xd2, 0xb0, 0xfa, 0xd2, 0xfa, 0xf3, 0xda, 0xd1, 0xba, 0x0e,
  0xfa, 0xd2, 0xf2, 0xd2, 0xfa, 0xd2, 0xf2, 0xb1, 0xea, 0x50, 0xfb, 0x13,
  0xfa, 0x91, 0xfb, 0x13, 0xf2, 0xb1, 0xf2, 0xd2, 0xe2, 0x90, 0xf3, 0x33,
  0xfa, 0x91, 0xfa, 0xd2, 0xfa, 0xd2, 0xfa, 0xd2, 0xda, 0x70, 0xe2, 0xf2,
  0xfb, 0x13, 0xfa, 0xd2, 0xf2, 0xf2, 0xe2, 0x70, 0xe2, 0x50, 0xf2, 0xf2,
  0xfa, 0xb1, 0xfa, 0xb2, 0xfa, 0xb1, 0xf2, 0x91, 0xfa, 0x91, 0xfa, 0xd2,
  0xfb, 0x12, 0xf2, 0xf2, 0xfa, 0xd1, 0xfa, 0xf2, 0xbb, 0xf4, 0xed, 0x7a,
  0xc5, 0xfa, 0xbd, 0xfb, 0xde, 0x3c, 0xcd, 0xfb, 0xc5, 0xba, 0xc5, 0xfb,
  0xcd, 0xfb, 0xcd, 0xfb, 0xcd, 0xfb, 0xc5, 0xdb, 0xde, 0x7b, 0xde, 0xbc,
  0xff, 0x3a, 0xff, 0x19, 0xff, 0x3a, 0xff, 0x1a, 0xf7, 0x1a, 0xff, 0x3a,
  0xff, 0x3a, 0xff, 0x1a, 0xff, 0x3a, 0xff, 0x1a, 0xff, 0x3a, 0xff, 0x1a,
  0xff, 0x3a, 0xff, 0x1a, 0xff, 0x3a, 0xff, 0x3a, 0xff, 0x3a, 0xff, 0x3a,
  0xff, 0x3a, 0xff, 0x1a, 0xff, 0x3a, 0xff, 0x1a, 0xff, 0x5b, 0xf7, 0x19,
  0xf7, 0x7c, 0xff, 0x7c, 0xf7, 0x7d, 0xff, 0x5c, 0xf7, 0x7d, 0xff, 0x5c,
  0xf7, 0x7d, 0xff, 0x5c, 0xf7, 0x5d, 0xf7, 0x5c, 0xef, 0x5b, 0xef, 0x1a,
  0xe7, 0x1a, 0xe6, 0xf9, 0xe6, 0xf9, 0xe6, 0xd8, 0xe6, 0xfa, 0xc5, 0xf6,
  0xad, 0x59, 0xc5, 0xfb, 0xdd, 0x7a, 0xb3, 0xd4, 0xf2, 0xd2, 0xfb, 0x12,
  0xf2, 0xf2, 0xfa, 0xf2, 0xf2, 0xd2, 0xfa, 0xf2, 0xfb, 0x33, 0xfa, 0xf2,
  0xfa, 0xf3, 0xf2, 0xb1, 0xf2, 0xd2, 0xfa, 0xd2, 0xfa, 0xd2, 0xfa, 0xd2,
  0xeb, 0x33, 0xe2, 0xd1, 0xa9, 0xee, 0xdb, 0x73, 0xfa, 0xd2, 0xfa, 0xb1,
  0xeb, 0x33, 0xe2, 0xb1, 0xf2, 0xf3, 0xf2, 0xf2, 0xfa, 0xf3, 0xf2, 0x91,
  0xfa, 0xb2, 0xfa, 0x91, 0xe3, 0x53, 0xc2, 0x0e, 0xe2, 0xd2, 0xf3, 0x13,
  0xea, 0xf3, 0xd2, 0x2f, 0xea, 0xb2, 0xfa, 0xf2, 0xf2, 0xd2, 0xfa, 0xd2,
  0xda, 0x50, 0xea, 0xb1, 0xfb, 0x34, 0xf2, 0x70, 0xf2, 0xd2, 0xea, 0x50,
  0xd3, 0x12, 0xca, 0x6f, 0x81, 0xac, 0x9a, 0x6f, 0xdb, 0x33, 0xb9, 0xed,
  0x49, 0xeb, 0x52, 0x0c, 0xaa, 0x0e, 0xd3, 0x32, 0xfa, 0xf3, 0xfa, 0x91,
  0xda, 0x50, 0xea, 0xd2, 0xfa, 0xb2, 0xfa, 0x91, 0xf2, 0xb2, 0xfa, 0xd2,
  0xf2, 0xd2, 0xfa, 0xb2, 0xf2, 0xd2, 0xf2, 0x91, 0xfa, 0xd2, 0xfa, 0xd2,
  0xc3, 0x73, 0xfc, 0xf9, 0xc6, 0x5c, 0xc6, 0x1b, 0xcd, 0xfb, 0xcd, 0xfb,
  0xc5, 0xfc, 0xc5, 0xdb, 0xc5, 0xdb, 0xc5, 0xba, 0xc5, 0xdb, 0xbd, 0x9a,
  0xce, 0x1b, 0xde, 0x5c, 0xff, 0x19, 0xff, 0x3a, 0xff, 0x19, 0xff, 0x3a,
  0xff, 0x19, 0xff, 0x3a, 0xff, 0x39, 0xff, 0x3a, 0xff, 0x39, 0xff, 0x3a,
  0xff, 0x19, 0xff, 0x3a, 0xff, 0x19, 0xff, 0x3a, 0xff, 0x39, 0xff, 0x3a,
  0xff, 0x3a, 0xff, 0x3a, 0xff, 0x3a, 0xff, 0x3a, 0xff, 0x3a, 0xff, 0x3a,
  0xff, 0x5a, 0xef, 0x19, 0xff, 0x7c, 0xf7, 0x9d, 0xff, 0x7c, 0xff, 0x9d,
  0xff, 0x7c, 0xf7, 0x7c, 0xff, 0x5c, 0xf7, 0x7d, 0xf7, 0x5a, 0xef, 0x3a,
  0xef, 0x19, 0xef, 0x3a, 0xf7, 0x3a, 0xef, 0x3b, 0xef, 0x1b, 0xef, 0x1b,
  0xe6, 0xfa, 0xe6, 0xfa, 0xa5, 0x37, 0xbd, 0xfa, 0xe5, 0x7a, 0xb4, 0x35,
  0xfa, 0xb1, 0xfa, 0xf2, 0xfa, 0xd1, 0xfa, 0xf2, 0xfa, 0xd2, 0xfa, 0xf2,
  0xfa, 0xf2, 0xfb, 0x12, 0xfa, 0xf2, 0xf2, 0xf2, 0xf2, 0xd1, 0xf2, 0xf2,
  0xfa, 0xf2, 0xfa, 0xf2, 0xfb, 0x12, 0xea, 0xd2, 0xb9, 0xed, 0xe3, 0x33,
  0xfa, 0xd2, 0xfa, 0xd2, 0xf3, 0x12, 0xe2, 0xb1, 0xfa, 0xf2, 0xf3, 0x12,
  0xfa, 0xd2, 0xf2, 0xb1, 0xfa, 0x91, 0xfa, 0xb1, 0xeb, 0x32, 0xc2, 0x4f,
  0xb1, 0xed, 0xdb, 0x93, 0xfa, 0xf2, 0xe2, 0x70, 0xf2, 0xd1, 0xf3, 0x13,
  0xfa, 0xd2, 0xfa, 0xd2, 0xf2, 0xd1, 0xea, 0xb1, 0xfa, 0xd2, 0xfb, 0x13,
  0xf2, 0xb1, 0xf2, 0xd2, 0xda, 0x90, 0xe3, 0x12, 0x59, 0xca, 0x51, 0xaa,
  0x9a, 0x8e, 0x8a, 0x2d, 0x49, 0xca, 0x4a, 0x0b, 0x51, 0xca, 0x5a, 0x0c,
  0xda, 0x90, 0xeb, 0x53, 0xea, 0xb1, 0xda, 0x90, 0xfa, 0xf2, 0xf2, 0xd2,
  0xfa, 0xb1, 0xfa, 0xb2, 0xfa, 0xb1, 0xfa, 0xd2, 0xfa, 0xd2, 0xf2, 0xd2,
  0xfa, 0xb1, 0xfa, 0xb2, 0xd3, 0x11, 0xfc, 0x77, 0xde, 0xbc, 0xd6, 0xbc,
  0xef, 0x1e, 0xde, 0xbc, 0xde, 0x7c, 0xde, 0xbd, 0xe6, 0xdd, 0xde, 0xbc,
  0xde, 0x7c, 0xd6, 0x7c, 0xde, 0x3b, 0xd6, 0x3b, 0xff, 0x3a, 0xff, 0x19,
  0xff, 0x3a, 0xff, 0x19, 0xff, 0x3a, 0xff, 0x19, 0xff, 0x3a, 0xff, 0x3a,
  0xf7, 0x1a, 0xff, 0x1a, 0xff, 0x3a, 0xff, 0x19, 0xf7, 0x1a, 0xff, 0x1a,
  0xff, 0x3a, 0xff, 0x3a, 0xff, 0x3a, 0xff, 0x3a, 0xff, 0x3a, 0xff, 0x1a,
  0xff, 0x5a, 0xff, 0x3a, 0xf7, 0x3a, 0xf6, 0xf9, 0xf7, 0x7d, 0xff, 0x7d,
  0xf7, 0x7d, 0xff, 0x5c, 0xf7, 0x7d, 0xff, 0x5c, 0xf7, 0x7c, 0xef, 0x1a,
  0xef, 0x3b, 0xf7, 0x5b, 0xf7, 0x7c, 0xf7, 0x3b, 0xef, 0x3c, 0xef, 0x1b,
  0xe7, 0x1b, 0xe6, 0xfa, 0xde, 0xfa, 0xe7, 0x1a, 0xc6, 0x7a, 0xa5, 0x35,
  0xdd, 0x9b, 0xb3, 0xf5, 0xf2, 0xb2, 0xfa, 0xb1, 0xfb, 0x13, 0xfa, 0xf2,
  0xf2, 0xd2, 0xfa, 0xf2, 0xf3, 0x13, 0xfb, 0x13, 0xf3, 0x13, 0xfa, 0xf2,
  0xf2, 0xb2, 0xfa, 0xd2, 0xf2, 0xd2, 0xfa, 0xd2, 0xfa, 0xf2, 0xfb, 0x12,
  0xe2, 0xb1, 0xea, 0xb1, 0xfa, 0xf3, 0xfa, 0xd2, 0xe3, 0x13, 0xd2, 0x4f,
  0xf2, 0xf3, 0xfa, 0xd2, 0xf2, 0xb2, 0xfa, 0xb2, 0xfa, 0xb2, 0xfa, 0x91,
  0xeb, 0x33, 0xda, 0x70, 0xb2, 0x4f, 0xc2, 0xb0, 0xf3, 0x54, 0xda, 0x50,
  0xe2, 0x71, 0xf2, 0xf2, 0xf2, 0x91, 0xfa, 0xd2, 0xea, 0xd2, 0xf2, 0xb2,
  0xf2, 0x92, 0xfa, 0xd2, 0xfb, 0x13, 0xea, 0x91, 0xda, 0x71, 0xf2, 0xf2,
  0x6a, 0x2d, 0x59, 0xaa, 0x52, 0x0c, 0x5a, 0x2c, 0x51, 0xec, 0x59, 0xeb,
  0x4a, 0x2c, 0x51, 0xeb, 0x71, 0x8b, 0xa2, 0xf0, 0xf3, 0x13, 0xda, 0x0f,
  0xea, 0xb2, 0xfa, 0xd2, 0xf2, 0xd2, 0xfa, 0xf2, 0xf2, 0xb2, 0xf2, 0x91,
  0xf2, 0xd2, 0xfa, 0xd2, 0xfa, 0xb2, 0xfa, 0xb2, 0xda, 0xf2, 0xeb, 0x53,
  0xc5, 0xfb, 0xc5, 0xfb, 0xd6, 0x5d, 0xc5, 0xda, 0xbd, 0xba, 0xd6, 0x1c,
  0xe6, 0xde, 0xd6, 0x5c, 0xc6, 0x1b, 0xd6, 0x5c, 0xe6, 0x9d, 0xd5, 0xfa,
  0xff, 0x19, 0xff, 0x3a, 0xff, 0x39, 0xff, 0x3a, 0xff, 0x19, 0xff, 0x3a,
  0xff, 0x19, 0xff, 0x3a, 0xff, 0x19, 0xff, 0x3a, 0xff, 0x3a, 0xff, 0x3a,
  0xff, 0x19, 0xff, 0x3a, 0xff, 0x3a, 0xff, 0x3a, 0xff, 0x39, 0xff, 0x3a,
  0xff, 0x3a, 0xff, 0x3a, 0xff, 0x3a, 0xff, 0x5b, 0xff, 0x5a, 0xf7, 0x39,
  0xff, 0xbd, 0xff, 0xdd, 0xff, 0x9d, 0xff, 0x9d, 0xff, 0x9c, 0xf7, 0x7c,
  0xef, 0x1a, 0xef, 0x5b, 0xff, 0x5c, 0xf7, 0x7c, 0xf7, 0x5b, 0xef, 0x3b,
  0xf7, 0x3b, 0xef, 0x3b, 0xef, 0x1a, 0xe6, 0xfa, 0xe6, 0xf9, 0xde, 0xfa,
  0xdf, 0x1b, 0xb5, 0xd6, 0xd5, 0x59, 0xac, 0x34, 0xf2, 0xb1, 0xfb, 0x13,
  0xfb, 0x12, 0xfb, 0x33, 0xfa, 0xf2, 0xfb, 0x13, 0xfa, 0xf2, 0xfa, 0xf2,
  0xfa, 0xf2, 0xfb, 0x13, 0xfa, 0xd1, 0xfa, 0xf2, 0xfa, 0xf2, 0xf2, 0xd2,
  0xfa, 0xf2, 0xfb, 0x13, 0xea, 0xd1, 0xe2, 0xb1, 0xfa, 0xd2, 0xfa, 0xf2,
  0xe3, 0x53, 0xb1, 0xee, 0xf2, 0xf2, 0xea, 0xf2, 0xfa, 0xd2, 0xfa, 0xd2,
  0xfa, 0xb1, 0xfa, 0xd2, 0xf3, 0x33, 0xda, 0x90, 0xb2, 0x4e, 0xb2, 0x4f,
  0xe2, 0xd1, 0xe3, 0x12, 0xe2, 0x2f, 0xf3, 0x13, 0xfa, 0xb1, 0xfa, 0xd2,
  0xf2, 0xd1, 0xda, 0x50, 0xfa, 0xf2, 0xf2, 0x91, 0xfb, 0x33, 0xea, 0xb1,
  0xf2, 0x50, 0xfb, 0x13, 0xab, 0x11, 0x71, 0x4a, 0x4a, 0x0b, 0x42, 0x0b,
  0x51, 0xea, 0x52, 0x0b, 0x51, 0xea, 0x52, 0x0c, 0x59, 0xeb, 0x59, 0xeb,
  0xda, 0x90, 0xe2, 0xf2, 0xe2, 0x2f, 0xf2, 0xf2, 0xfa, 0x91, 0xfa, 0xb2,
  0xfa, 0xb1, 0xfa, 0xd2, 0xf2, 0xb1, 0xfa, 0xf2, 0xfa, 0xb2, 0xf2, 0x91,
  0xf2, 0xf1, 0xeb, 0x12, 0xde, 0x5b, 0xd6, 0x5c, 0xc5, 0xda, 0xc5, 0xda,
  0xcd, 0xda, 0xcd, 0xfb, 0xcd, 0xfb, 0xc5, 0xfb, 0xc5, 0xba, 0xc5, 0xfb,
  0xd5, 0xda, 0xcd, 0xda, 0xff, 0x3a, 0xff, 0x19, 0xff, 0x3a, 0xff, 0x1a,
  0xff, 0x3a, 0xff, 0x1a, 0xff, 0x3a, 0xff, 0x3a, 0xff, 0x3a, 0xfe, 0xf9,
  0xff, 0x3a, 0xff, 0x1a, 0xf7, 0x1a, 0xff, 0x3a, 0xff, 0x3a, 0xff, 0x3a,
  0xff, 0x3a, 0xff, 0x3a, 0xff, 0x3a, 0xff, 0x19, 0xee, 0xf8, 0xe6, 0x96,
  0xc6, 0x97, 0xb5, 0xd3, 0xb6, 0x36, 0xc6, 0x98, 0xd6, 0xda, 0xe7, 0x1a,
  0xdf, 0x1b, 0xe7, 0x3b, 0xf7, 0x7d, 0xff, 0x5c, 0xf7, 0x5c, 0xf7, 0x5c,
  0xf7, 0x5c, 0xf7, 0x3b, 0xef, 0x3c, 0xef, 0x1b, 0xe7, 0x1b, 0xe6, 0xfa,
  0xde, 0xfa, 0xe6, 0xda, 0xce, 0xfa, 0xd6, 0xf9, 0xbd, 0x17, 0x9b, 0xd2,
  0xf2, 0xd2, 0xfa, 0xd2, 0xfa, 0xf3, 0xfa, 0xd2, 0xf2, 0xd2, 0xfb, 0x13,
  0xfb, 0x54, 0xfb, 0x12, 0xf2, 0xf3, 0xfb, 0x12, 0xf2, 0xd2, 0xfa, 0xd2,
  0xf2, 0xf3, 0xfa, 0xf2, 0xf2, 0xf3, 0xfa, 0xf2, 0xea, 0xf2, 0xe2, 0x70,
  0xfa, 0xf2, 0xfa, 0xd2, 0xe3, 0x13, 0xca, 0x2f, 0xf3, 0x13, 0xf2, 0xd2,
  0xfa, 0xb2, 0xfa, 0x91, 0xf2, 0x71, 0xfa, 0x71, 0xeb, 0x54, 0xda, 0xd1,
  0x81, 0xac, 0xb2, 0xd0, 0xb2, 0x0e, 0xdb, 0x12, 0xda, 0x70, 0xf3, 0x13,
  0xfa, 0xd3, 0xfa, 0x91, 0xf3, 0x13, 0xe2, 0x91, 0xf2, 0xb2, 0xfa, 0xd2,
  0xf2, 0xd2, 0xfa, 0xf2, 0xca, 0x90, 0xca, 0x70, 0x82, 0x8f, 0x69, 0x8b,
  0x49, 0xeb, 0x52, 0x0b, 0x51, 0xeb, 0x51, 0xeb, 0x52, 0x0c, 0x51, 0xeb,
  0x42, 0x0c, 0x41, 0xeb, 0x81, 0x6b, 0xcb, 0x73, 0xe2, 0x50, 0xf2, 0x91,
  0xf2, 0xd2, 0xfa, 0xb2, 0xfa, 0xf3, 0xfa, 0xb1, 0xf2, 0xb2, 0xfa, 0xd2,
  0xf2, 0xd2, 0xfa, 0xd2, 0xfa, 0xf3, 0xf2, 0x91, 0xc5, 0x58, 0xff, 0x1f,
  0xde, 0xde, 0xd6, 0x7c, 0xc5, 0xfc, 0xc5, 0xba, 0xbd, 0xbb, 0xc5, 0xbb,
  0xce, 0x1c, 0xd6, 0x3c, 0xcd, 0xba, 0xd5, 0xfa, 0xff, 0x39, 0xff, 0x3a,
  0xff, 0x19, 0xff, 0x3a, 0xff, 0x39, 0xff, 0x3a, 0xff, 0x19, 0xff, 0x3a,
  0xff, 0x19, 0xff, 0x1a, 0xff, 0x19, 0xff, 0x3a, 0xff, 0x39, 0xff, 0x3a,
  0xff, 0x19, 0xff, 0x5a, 0xff, 0x59, 0xf7, 0x18, 0xde, 0xb7, 0xc6, 0x15,
  0xad, 0xd5, 0x9d, 0x94, 0x9d, 0x73, 0x95, 0x94, 0x95, 0x73, 0x8d, 0x93,
  0x8d, 0x72, 0x95, 0xb4, 0xad, 0xf5, 0xbe, 0xb8, 0xd6, 0x98, 0xef, 0x5c,
  0xff, 0x7c, 0xf7, 0x7c, 0xf7, 0x5b, 0xef, 0x5c, 0xf7, 0x3b, 0xef, 0x3b,
  0xee, 0xfa, 0xe6, 0xfa, 0xe6, 0xfa, 0xde, 0xfa, 0xd6, 0xb8, 0xd6, 0xf9,
  0xe6, 0x5a, 0x93, 0xf0, 0xf2, 0xb1, 0xfa, 0xf2, 0xfa, 0xf2, 0xfa, 0xf2,
  0xfa, 0xd2, 0xfb, 0x12, 0xfb, 0x33, 0xfb, 0x33, 0xfa, 0xf2, 0xfa, 0xf2,
  0xfa, 0xf2, 0xf2, 0xf2, 0xfa, 0xf2, 0xfa, 0xf2, 0xfa, 0xb1, 0xfb, 0x13,
  0xf3, 0x12, 0xda, 0x70, 0xfa, 0xd2, 0xf2, 0xd2, 0xeb, 0x12, 0xca, 0x2e,
  0xf2, 0xf2, 0xf3, 0x12, 0xfa, 0xb1, 0xfa, 0xd2, 0xfa, 0x91, 0xfa, 0xb2,
  0xeb, 0x12, 0xeb, 0x33, 0x69, 0x8a, 0x82, 0x8e, 0xba, 0x6f, 0xb2, 0x6f,
  0xd2, 0x70, 0xe3, 0x12, 0xfa, 0xb1, 0xfa, 0xb1, 0xf2, 0xd1, 0xea, 0xb1,
  0xfa, 0xb1, 0xfa, 0xf2, 0xfa, 0xb1, 0xfa, 0xd2, 0x8a, 0xae, 0x59, 0x6a,
  0x51, 0xeb, 0x4a, 0x0c, 0x59, 0xeb, 0x51, 0xeb, 0x51, 0xeb, 0x4a, 0x0b,
  0x51, 0xeb, 0x51, 0xeb, 0x49, 0xeb, 0x42, 0x0b, 0x61, 0x69, 0x7a, 0x6e,
  0xfb, 0x13, 0xda, 0x0f, 0xf2, 0x91, 0xf2, 0xd2, 0xfa, 0xb1, 0xf2, 0xb1,
  0xfa, 0xb1, 0xfa, 0xb1, 0xfa, 0xb1, 0xfa, 0xd2, 0xfa, 0xf2, 0xf2, 0xb1,
  0xbc, 0x34, 0xf6, 0x1c, 0xc6, 0x1a, 0xce, 0x7c, 0xe6, 0xdd, 0xe6, 0xdd,
  0xd6, 0x3c, 0xc5, 0xdb, 0xcd, 0xda, 0xd6, 0x5c, 0xcd, 0x99, 0xcd, 0xfa,
  0xff, 0x3a, 0xff, 0x3a, 0xff, 0x3a, 0xff, 0x1a, 0xff, 0x3a, 0xff, 0x1a,
  0xf7, 0x1a, 0xff, 0x1a, 0xff, 0x3a, 0xff, 0x1a, 0xff, 0x3a, 0xff, 0x39,
  0xff, 0x3a, 0xff, 0x19, 0xff, 0x59, 0xee, 0xb6, 0xbe, 0x56, 0xb5, 0xd4,
  0xa5, 0xd6, 0xa5, 0xd6, 0xae, 0x16, 0xae, 0x16, 0xa5, 0xd6, 0xa5, 0xd5,
  0xa5, 0xb6, 0xa5, 0x95, 0x95, 0x95, 0x95, 0x33, 0x8d, 0x53, 0x95, 0x73,
  0x9d, 0xd6, 0xad, 0xf6, 0xd6, 0x99, 0xef, 0x3b, 0xf7, 0x7d, 0xf7, 0x3b,
  0xef, 0x3c, 0xef, 0x1b, 0xe7, 0x1b, 0xe6, 0xfa, 0xde, 0xfa, 0xe6, 0xda,
  0xd6, 0xfa, 0xd6, 0xb9, 0xe6, 0x9b, 0xb4, 0xd3, 0xea, 0x91, 0xfa, 0xd2,
  0xfb, 0x13, 0xfb, 0x13, 0xf2, 0xd2, 0xfa, 0xf2, 0xfb, 0x13, 0xfa, 0xf2,
  0xf2, 0xd2, 0xfa, 0xd2, 0xfa, 0xf3, 0xf2, 0xb1, 0xf2, 0xf2, 0xfb, 0x12,
  0xfb, 0x33, 0xfb, 0x13, 0xf3, 0x13, 0xe2, 0x90, 0xf2, 0xf2, 0xfa, 0xf2,
  0xea, 0xf2, 0xda, 0x4f, 0xf2, 0xf3, 0xf2, 0xd2, 0xf2, 0xd2, 0xfa, 0xb2,
  0xf2, 0xb2, 0xfa, 0xb2, 0xf2, 0xf2, 0xfb, 0x13, 0x62, 0x2d, 0x51, 0x8a,
  0xba, 0xd0, 0xb2, 0x8f, 0xc2, 0x50, 0xe2, 0xf2, 0xfb, 0x33, 0xfa, 0xd2,
  0xfb, 0x13, 0xe2, 0x50, 0xea, 0xd2, 0xfb, 0x12, 0xfa, 0xd2, 0xfa, 0xb2,
  0x8a, 0xaf, 0x69, 0x6a, 0x5a, 0x2d, 0x51, 0xeb, 0x4a, 0x0c, 0x49, 0xcb,
  0x49, 0xec, 0x49, 0xeb, 0x49, 0xcb, 0x5a, 0x0c, 0x4a, 0x0c, 0x49, 0xcb,
  0x49, 0xec, 0x49, 0xaa, 0xda, 0xd2, 0xe2, 0xf2, 0xe2, 0x71, 0xfa, 0xf2,
  0xf2, 0xb2, 0xfa, 0xb1, 0xfa, 0xf3, 0xfa, 0xb2, 0xf2, 0xb2, 0xfa, 0x91,
  0xfa, 0xb2, 0xfa, 0x71, 0xb3, 0x93, 0xe4, 0xf8, 0xbe, 0x1c, 0xbd, 0xdb,
  0xd6, 0x7c, 0xe6, 0xdd, 0xde, 0xdd, 0xe6, 0xbd, 0xd6, 0x5c, 0xde, 0x9c,
  0xc5, 0xb9, 0xde, 0x3b, 0xff, 0x39, 0xff, 0x3a, 0xff, 0x39, 0xff, 0x3a,
  0xff, 0x39, 0xff, 0x3a, 0xff, 0x39, 0xff, 0x3a, 0xff, 0x39, 0xff, 0x3a,
  0xff, 0x19, 0xff, 0x5a, 0xff, 0x39, 0xee, 0xb7, 0xbe, 0x34, 0xb6, 0x14,
  0xae, 0x15, 0xae, 0x36, 0xb6, 0x35, 0xae, 0x36, 0xad, 0xd5, 0xa5, 0xf5,
  0xb5, 0xf5, 0xad, 0xf5, 0xb5, 0xf6, 0xb5, 0xf6, 0xb5, 0xf6, 0xad, 0xf6,
  0xa5, 0xb5, 0x9d, 0x95, 0x9d, 0x74, 0x95, 0x94, 0xa5, 0xb5, 0xa6, 0x17,
  0xde, 0xb9, 0xef, 0x5c, 0xf7, 0x5c, 0xef, 0x1b, 0xef, 0x1a, 0xe7, 0x1b,
  0xe6, 0xfa, 0xde, 0xfa, 0xde, 0xf9, 0xd6, 0xd9, 0xe6, 0x9a, 0xb5, 0x55,
  0xfa, 0xb1, 0xf2, 0xd2, 0xfa, 0xf2, 0xfb, 0x13, 0xfa, 0xf2, 0xf2, 0xd2,
  0xfb, 0x12, 0xfb, 0x33, 0xfa, 0xb1, 0xfa, 0xf2, 0xfa, 0xf2, 0xfb, 0x13,
  0xfa, 0xf2, 0xf2, 0xf2, 0xfa, 0xf2, 0xfb, 0x13, 0xf3, 0x12, 0xea, 0xd2,
  0xea, 0xb1, 0xf3, 0x33, 0xf2, 0xf2, 0xe2, 0x90, 0xfa, 0xf2, 0xf2, 0xf2,
  0xfa, 0xb1, 0xfa, 0xf2, 0xfa, 0xd1, 0xf2, 0xd2, 0xfa, 0x91, 0xfa, 0xf3,
  0x7a, 0xef, 0x41, 0x49, 0x92, 0x0c, 0xb3, 0x31, 0xc2, 0x0e, 0xd2, 0xf1,
  0xfa, 0xd2, 0xfa, 0xf2, 0xfa, 0xf2, 0xea, 0xb1, 0xea, 0x90, 0xf3, 0x13,
  0xfa, 0xb1, 0xfa, 0xd2, 0xbb, 0x11, 0x89, 0xcc, 0x52, 0x0b, 0x52, 0x0c,
  0x51, 0xeb, 0x52, 0x0c, 0x49, 0xea, 0x4a, 0x0b, 0x51, 0xaa, 0x62, 0x2c,
  0xaa, 0xaf, 0x92, 0x0d, 0x52, 0x2b, 0x4a, 0x0b, 0x99, 0x6b, 0xdb, 0xb4,
  0xe2, 0x70, 0xea, 0xb1, 0xfa, 0xb1, 0xfa, 0xd2, 0xfa, 0xb1, 0xf2, 0xb2,
  0xfa, 0xb1, 0xf2, 0xb2, 0xfa, 0xb1, 0xfa, 0xb2, 0xcb, 0x32, 0xfc, 0xd8,
  0xc6, 0x1b, 0xbd, 0xfb, 0xd5, 0xfb, 0xd6, 0x3c, 0xc5, 0xba, 0xc5, 0xdb,
  0xe6, 0xbc, 0xff, 0xbf, 0xbd, 0x37, 0xe6, 0xbd, 0xf7, 0x3a, 0xff, 0x39,
  0xff, 0x3a, 0xff, 0x19, 0xff, 0x3a, 0xff, 0x19, 0xff, 0x3a, 0xff, 0x3a,
  0xff, 0x3a, 0xff, 0x1a, 0xff, 0x39, 0xfe, 0xf8, 0xc6, 0x56, 0xb5, 0xd3,
  0xb6, 0x36, 0xb6, 0x36, 0xb6, 0x36, 0xb6, 0x15, 0xad, 0xf6, 0xb5, 0xf6,
  0xb6, 0x16, 0xbe, 0x36, 0xb6, 0x16, 0xad, 0xd5, 0xa5, 0xf6, 0xa5, 0xb5,
  0xa5, 0xd5, 0xa5, 0xb4, 0x95, 0x95, 0x9d, 0x74, 0x8d, 0x54, 0x84, 0xf2,
  0x8d, 0x54, 0xa5, 0xd5, 0x9d, 0xb5, 0xad, 0xf6, 0xd6, 0xda, 0xef, 0x3b,
  0xef, 0x3b, 0xee, 0xfa, 0xde, 0xfa, 0xe6, 0xda, 0xd6, 0xfa, 0xd6, 0xb9,
  0xe6, 0xba, 0xb5, 0x34, 0xea, 0xb2, 0xf2, 0xd1, 0xfa, 0xf3, 0xfa, 0xd2,
  0xf2, 0xd2, 0xfa, 0xb2, 0xfa, 0xf3, 0xfa, 0xf3, 0xf2, 0xb2, 0xfa, 0xb2,
  0xf3, 0x13, 0xf2, 0xd2, 0xf2, 0xf2, 0xf2, 0xd2, 0xfb, 0x13, 0xfa, 0xf2,
  0xf2, 0xf3, 0xf2, 0xf2, 0xe2, 0xb1, 0xf3, 0x12, 0xeb, 0x13, 0xe2, 0x70,
  0xf2, 0xf3, 0xfa, 0xf3, 0xf2, 0xd2, 0xfa, 0xd2, 0xf2, 0xb2, 0xfa, 0xb2,
  0xfa, 0xb2, 0xfa, 0xd2, 0x8b, 0x31, 0x51, 0x49, 0x51, 0x8a, 0x8b, 0x10,
  0xca, 0x90, 0xca, 0x4f, 0xf3, 0x13, 0xfa, 0xf2, 0xf2, 0xf2, 0xfa, 0xf2,
  0xea, 0xf2, 0xf2, 0xf2, 0xfa, 0xf3, 0xfa, 0xd2, 0xd2, 0xb1, 0xd2, 0x70,
  0x51, 0xeb, 0x51, 0xeb, 0x52, 0x0c, 0x51, 0xeb, 0x4a, 0x0c, 0x41, 0xca,
  0x41, 0xeb, 0x49, 0xeb, 0xc2, 0x0f, 0xf3, 0x53, 0xe2, 0xd2, 0xea, 0xf2,
  0x99, 0xed, 0xb2, 0xb0, 0xf3, 0x33, 0xda, 0x2f, 0xf2, 0xf2, 0xf2, 0xd2,
  0xf2, 0xd2, 0xfa, 0xb2, 0xfa, 0xd2, 0xfa, 0x91, 0xfa, 0x92, 0xfa, 0xb2,
  0xca, 0xf1, 0xf4, 0x36, 0xde, 0xff, 0xc5, 0xfa, 0xcd, 0xfb, 0xcd, 0xfb,
  0xc5, 0xfc, 0xc5, 0xba, 0xde, 0xbc, 0xff, 0xbf, 0xb5, 0x37, 0xe6, 0x9c,
  0xff, 0x39, 0xff, 0x3a, 0xff, 0x39, 0xff, 0x3a, 0xff, 0x19, 0xff, 0x5a,
  0xff, 0x3a, 0xff, 0x3a, 0xff, 0x19, 0xff, 0x39, 0xde, 0xd7, 0xbd, 0xd3,
  0xad, 0xf4, 0xb6, 0x56, 0xb6, 0x15, 0xb6, 0x35, 0xb6, 0x15, 0xbe, 0x57,
  0xc6, 0x56, 0xbe, 0x57, 0xad, 0xf5, 0xa5, 0xd5, 0xad, 0xd5, 0xa5, 0xd5,
  0xa5, 0xb4, 0x9d, 0xb4, 0x9d, 0x94, 0x9d, 0x94, 0x9d, 0x94, 0x95, 0x74,
  0x95, 0x54, 0x95, 0x54, 0x84, 0xd1, 0x7c, 0xf2, 0xa5, 0xb5, 0xa5, 0xd6,
  0x9d, 0x75, 0xae, 0x17, 0xd6, 0x98, 0xdf, 0x1b, 0xef, 0x1a, 0xe6, 0xfa,
  0xde, 0xd9, 0xd6, 0xd9, 0xe6, 0xba, 0xb5, 0x75, 0xea, 0xd1, 0xf3, 0x53,
  0xfa, 0xd2, 0xfa, 0xf2, 0xfa, 0xf2, 0xfa, 0xf2, 0xfa, 0xf2, 0xfa, 0xf2,
  0xfa, 0xd2, 0xfa, 0xd2, 0xfa, 0xf2, 0xf2, 0xd2, 0xfa, 0xf2, 0xf2, 0xf2,
  0xfa, 0xf2, 0xfa, 0xf2, 0xfa, 0xf2, 0xf2, 0xf2, 0xd2, 0x4f, 0xda, 0xf2,
  0xfb, 0x32, 0xda, 0x70, 0xf2, 0xd2, 0xf3, 0x13, 0xfa, 0xf2, 0xf2, 0xb2,
  0xfa, 0xd1, 0xfa, 0xf2, 0xfa, 0xd1, 0xfa, 0xf3, 0xab, 0x72, 0x61, 0x4a,
  0x39, 0xa9, 0x4a, 0x4c, 0xca, 0xb0, 0xc2, 0x6f, 0xea, 0xd1, 0xf3, 0x33,
  0xfa, 0xd2, 0xfa, 0xf2, 0xea, 0xb1, 0xf3, 0x13, 0xfa, 0xd1, 0xfa, 0xf2,
  0xe2, 0x70, 0xf3, 0x13, 0x9a, 0xf0, 0x69, 0x6a, 0x4a, 0x0b, 0x41, 0xeb,
  0x7a, 0x0c, 0x82, 0x6e, 0x52, 0x0b, 0x41, 0xeb, 0x91, 0x8b, 0xcb, 0x93,
  0xfa, 0xb2, 0xfa, 0xd2, 0xf3, 0x33, 0xd2, 0x70, 0xfb, 0x33, 0xe2, 0xb1,
  0xea, 0x70, 0xf2, 0xf2, 0xfa, 0x91, 0xfa, 0xb1, 0xfa, 0xd1, 0xf2, 0xd2,
  0xfa, 0xb1, 0xfa, 0xd2, 0xe3, 0x32, 0xe3, 0x33, 0xde, 0xbc, 0xe7, 0x1e,
  0xde, 0x3c, 0xc5, 0xda, 0xcd, 0xda, 0xc5, 0xda, 0xff, 0xbf, 0xf7, 0xbf,
  0xbd, 0x36, 0xee, 0xdd, 0xff, 0x3a, 0xff, 0x19, 0xf7, 0x1a, 0xff, 0x1a,
  0xff, 0x5a, 0xff, 0x1a, 0xff, 0x1a, 0xff, 0x3a, 0xf7, 0x59, 0xde, 0x75,
  0xb6, 0x35, 0xbe, 0x35, 0xb6, 0x36, 0xb6, 0x36, 0xb6, 0x15, 0xbe, 0x35,
  0xbe, 0x77, 0xbe, 0x16, 0xad, 0xf5, 0xad, 0xf5, 0xa5, 0xf5, 0xa5, 0xd5,
  0xa5, 0xf5, 0xad, 0xd5, 0xa5, 0xd5, 0xa5, 0xd5, 0x9d, 0xb5, 0x9d, 0x74,
  0x95, 0x74, 0x95, 0x53, 0x8d, 0x55, 0x8d, 0x34, 0x8d, 0x54, 0x8d, 0x13,
  0x85, 0x13, 0xa5, 0xd6, 0xa5, 0xf8, 0x9d, 0x76, 0x95, 0x76, 0xa5, 0xb7,
  0xb6, 0x38, 0xc6, 0x99, 0xc6, 0xb9, 0xce, 0xb8, 0xde, 0xda, 0xbd, 0xb5,
  0xe2, 0x91, 0xf2, 0xd2, 0xfa, 0xf3, 0xfa, 0xf2, 0xf2, 0xd2, 0xfa, 0xd2,
  0xfa, 0xb2, 0xfa, 0xb2, 0xf2, 0xd2, 0xfb, 0x13, 0xfb, 0x13, 0xf2, 0xb1,
  0xf2, 0xb2, 0xfa, 0xd2, 0xf3, 0x13, 0xfa, 0xf2, 0xf2, 0xf3, 0xfa, 0xf2,
  0xd2, 0x91, 0xda, 0xb1, 0xeb, 0x13, 0xe2, 0x70, 0xf2, 0xf3, 0xfa, 0xf2,
  0xfa, 0xb2, 0xfa, 0xd2, 0xf2, 0xd2, 0xf2, 0x91, 0xfa, 0xb2, 0xfa, 0xb2,
  0xc3, 0x94, 0x81, 0x6b, 0x2a, 0x0b, 0x29, 0xeb, 0x99, 0xed, 0xba, 0xd0,
  0xca, 0x4f, 0xf3, 0x53, 0xf2, 0xd2, 0xfa, 0xf2, 0xe2, 0xb1, 0xf2, 0xf2,
  0xf2, 0xf3, 0xf2, 0xd2, 0xe2, 0xb1, 0xfb, 0x12, 0xe3, 0x33, 0xc2, 0x0e,
  0x41, 0xeb, 0x4a, 0x0b, 0x59, 0xab, 0x69, 0xeb, 0xb3, 0x32, 0x9a, 0x0d,
  0x51, 0x6a, 0x7a, 0x8e, 0xfb, 0x13, 0xfa, 0xb2, 0xf2, 0xb2, 0xfa, 0xd2,
  0xfb, 0x13, 0xfa, 0xf3, 0xda, 0x91, 0xda, 0x70, 0xfa, 0xd2, 0xfa, 0xb1,
  0xf2, 0xb2, 0xfa, 0xf2, 0xfa, 0xd2, 0xfa, 0xb1, 0xe2, 0xd2, 0xf2, 0xf2,
  0xd6, 0x7c, 0xe6, 0x9d, 0xde, 0xbd, 0xde, 0x7c, 0xbd, 0xba, 0xd6, 0x5c,
  0xff, 0xff, 0xf7, 0x7e, 0xbd, 0x78, 0xf7, 0x1e, 0xff, 0x39, 0xff, 0x5a,
  0xff, 0x39, 0xff, 0x3a, 0xff, 0x39, 0xff, 0x3a, 0xff, 0x39, 0xff, 0x39,
  0xce, 0x55, 0xbe, 0x35, 0xbe, 0x56, 0xb6, 0x56, 0xbe, 0x56, 0xbe, 0x56,
  0xce, 0x76, 0xbe, 0x36, 0xb6, 0x15, 0xae, 0x15, 0xad, 0xf5, 0xae, 0x15,
  0xb6, 0x15, 0xae, 0x16, 0xad, 0xf5, 0xa5, 0xd5, 0xa5, 0xb4, 0x95, 0x93,
  0x9d, 0x73, 0xa5, 0xd4, 0xad, 0xd5, 0xae, 0x16, 0xa5, 0xb4, 0x9d, 0xb4,
  0x9d, 0x74, 0x8d, 0x13, 0x84, 0xf2, 0x7c, 0xf2, 0xa5, 0xb6, 0xae, 0x17,
  0x9d, 0x76, 0x9d, 0xb7, 0x95, 0x75, 0x95, 0x96, 0x95, 0x76, 0x95, 0xb7,
  0xad, 0xb7, 0x95, 0x35, 0xe2, 0x90, 0xea, 0xf2, 0xfa, 0xf2, 0xfa, 0xf2,
  0xfa, 0xd2, 0xfa, 0xf2, 0xfa, 0xd2, 0xfa, 0xd2, 0xf2, 0xb1, 0xfa, 0xf2,
  0xfa, 0xf2, 0xf2, 0xf2, 0xfa, 0xd1, 0xf2, 0xd2, 0xfb, 0x12, 0xf3, 0x12,
  0xfa, 0xf2, 0xfb, 0x33, 0xaa, 0x4e, 0xa2, 0x4e, 0xfb, 0x33, 0xd2, 0x2f,
  0xf2, 0xb1, 0xfa, 0xf2, 0xfa, 0xd1, 0xfa, 0xd2, 0xfa, 0xb1, 0xf2, 0xd2,
  0xfa, 0xd2, 0xfa, 0xb1, 0xdb, 0x53, 0xa1, 0xcd, 0x29, 0xea, 0x2a, 0x2b,
  0x69, 0x6a, 0x9a, 0xf0, 0xc1, 0xee, 0xd2, 0xb1, 0xfa, 0xd2, 0xfb, 0x13,
  0xf2, 0xd1, 0xea, 0xd1, 0xfa, 0xf2, 0xf2, 0xd2, 0xd2, 0x0f, 0xe2, 0xd2,
  0xfa, 0x91, 0xfb, 0x13, 0xaa, 0xd0, 0x79, 0x8b, 0x39, 0xea, 0x3a, 0x0b,
  0xa9, 0x8c, 0xe3, 0x94, 0x92, 0x6e, 0x69, 0x6a, 0xba, 0x2e, 0xdb, 0x73,
  0xfa, 0xb2, 0xfa, 0xb2, 0xfa, 0xf2, 0xfa, 0xf2, 0xf3, 0x12, 0xda, 0x70,
  0xf2, 0xb1, 0xfa, 0xf3, 0xfa, 0x91, 0xfa, 0xb2, 0xfa, 0x91, 0xfa, 0xb1,
  0xfa, 0xf2, 0xea, 0xb1, 0xcd, 0x99, 0xd5, 0xfb, 0xc5, 0xda, 0xde, 0xbe,
  0xde, 0x9b, 0xf7, 0x9f, 0xff, 0xff, 0xf7, 0x9e, 0xbd, 0x56, 0xff, 0x7f,
  0xff, 0x3a, 0xff, 0x3a, 0xf7, 0x1a, 0xff, 0x1a, 0xff, 0x3a, 0xff, 0x3a,
  0xef, 0x39, 0xcd, 0xf4, 0xb6, 0x56, 0xc6, 0x76, 0xbe, 0x56, 0xbe, 0x56,
  0xbe, 0x56, 0xc6, 0x76, 0xb6, 0x36, 0xb5, 0xf4, 0xb6, 0x36, 0xb6, 0x36,
  0xae, 0x36, 0xb6, 0x15, 0xad, 0xf5, 0xad, 0xf5, 0xad, 0xd4, 0xbe, 0x36,
  0xc6, 0x96, 0xc6, 0x75, 0xe7, 0x3b, 0xf7, 0x9c, 0xf7, 0x9d, 0xef, 0x1a,
  0xee, 0xf8, 0xff, 0x59, 0xf7, 0x19, 0xee, 0xb7, 0xc6, 0x77, 0xa5, 0x53,
  0x74, 0xd3, 0x95, 0x96, 0x95, 0xb7, 0x9d, 0x97, 0x95, 0xd8, 0x95, 0x97,
  0x8d, 0x97, 0x8d, 0x76, 0x95, 0x98, 0x8d, 0x16, 0xda, 0xb1, 0xea, 0xf2,
  0xfa, 0xb2, 0xfa, 0xd2, 0xfa, 0xf3, 0xfa, 0xb1, 0xfa, 0xd2, 0xfa, 0xd2,
  0xf2, 0xd2, 0xfa, 0xd2, 0xf2, 0xf2, 0xfa, 0xf2, 0xf2, 0xd2, 0xf2, 0xb1,
  0xfa, 0xf3, 0xfa, 0xf2, 0xfa, 0xf3, 0xfa, 0xd2, 0xda, 0xf2, 0xca, 0x4f,
  0xeb, 0x33, 0xda, 0x50, 0xea, 0xd2, 0xf2, 0xf2, 0xfa, 0xf3, 0xfa, 0xd2,
  0xf2, 0xf3, 0xf2, 0xd2, 0xfa, 0x91, 0xfa, 0xb2, 0xe3, 0x53, 0xc2, 0x2f,
  0x29, 0xea, 0x32, 0x0b, 0x31, 0xaa, 0x52, 0x6d, 0xa3, 0x93, 0xa3, 0x31,
  0xf3, 0x13, 0xf2, 0xd2, 0xea, 0xf2, 0xea, 0xb1, 0xf2, 0xd2, 0xfa, 0xf2,
  0xa9, 0xee, 0xc2, 0x90, 0xfa, 0xf3, 0xfa, 0xb2, 0xfb, 0x13, 0xf2, 0x91,
  0x72, 0xcf, 0x51, 0xaa, 0x79, 0x4a, 0xc3, 0x32, 0xe3, 0x74, 0xb1, 0xcd,
  0x82, 0x0d, 0x92, 0x8f, 0xf2, 0xd2, 0xfa, 0xd2, 0xfa, 0xf3, 0xfa, 0xb2,
  0xf2, 0xd2, 0xf2, 0xb2, 0xd2, 0x50, 0xea, 0xd1, 0xfa, 0xb2, 0xfa, 0x91,
  0xfa, 0xf3, 0xfa, 0xb1, 0xfa, 0xd3, 0xf2, 0x71, 0xbc, 0xd7, 0xdd, 0x9b,
  0xc5, 0xdb, 0xcd, 0xfb, 0xf7, 0x9e, 0xff, 0xff, 0xff, 0xff, 0xff, 0xbf,
  0xbd, 0x98, 0xff, 0x5e
};
unsigned int src_image_2_128x160_rgb565_len = 40960;
