unsigned char src_image_2_240x320_rgb565[] = {
  0xff, 0x5a, 0xff, 0x5b, 0xff, 0x5a, 0xff, 0x3a, 0xff, 0x3a, 0xff, 0x5a,
  0xff, 0x3a, 0xff, 0x5a, 0xff, 0x5a, 0xff, 0x5a, 0xff, 0x19, 0xf7, 0x1a,
  0xff, 0x3a, 0xff, 0x5a, 0xff, 0x3a, 0xf7, 0x3a, 0xff, 0x3a, 0xff, 0x3a,
  0xff, 0x3a, 0xff, 0x3a, 0xff, 0x3a, 0xff, 0x5a, 0xff, 0x5a, 0xff, 0x3a,
  0xff, 0x3a, 0xff, 0x5b, 0xff, 0x3a, 0xff, 0x5a, 0xff, 0x5a, 0xff, 0x5b,
  0xff, 0x3a, 0xff, 0x5a, 0xff, 0x5a, 0xf7, 0x3a, 0xff, 0x3a, 0xff, 0x5b,
  0xff, 0x5a, 0xff, 0x7b, 0xff, 0x3a, 0xff, 0x5b, 0xff, 0x3a, 0xff, 0x5b,
  0xff, 0x3a, 0xff, 0x5b, 0xff, 0x3a, 0xff, 0x3a, 0xff, 0x3a, 0xff, 0x5a,
  0xff, 0x1a, 0xff, 0x5a, 0xff, 0x5a, 0xff, 0x5b, 0xff, 0x3a, 0xff, 0x5b,
  0xff, 0x39, 0xff, 0x3a, 0xff, 0x3a, 0xff, 0x3a, 0xff, 0x3a, 0xff, 0x5b,
  0xff, 0x5a, 0xf7, 0x1a, 0xf6, 0xf9, 0xff, 0x3a, 0xff, 0x3a, 0xff, 0x5a,
  0xff, 0x3a, 0xff, 0x3a, 0xff, 0x3a, 0xff, 0x5b, 0xff, 0x3a, 0xff, 0x3a,
  0xff, 0x39, 0xee, 0xd8, 0xde, 0x96, 0xe7, 0x18, 0xf7, 0x9a, 0xd6, 0xf7,
  0xd6, 0x96, 0xdf, 0x39, 0xde, 0xf7, 0xdf, 0x18, 0xe6, 0xf8, 0xde, 0xd8,
  0xde, 0xd7, 0xd6, 0xd7, 0xd6, 0xd7, 0xce, 0xf7, 0xde, 0xf7, 0xe7, 0x7a,
  0xf7, 0x59, 0xde, 0xd7, 0xde, 0xf8, 0xd6, 0xf8, 0xd6, 0xd7, 0xd6, 0xf7,
  0xd6, 0x95, 0xd6, 0xf7, 0xff, 0x19, 0xf7, 0x39, 0xff, 0x1a, 0xff, 0x5b,
  0xff, 0x5a, 0xff, 0x5b, 0xff, 0x3a, 0xff, 0x3a, 0xff, 0x1a, 0xff, 0x3a,
  0xff, 0x3a, 0xff, 0x5b, 0xff, 0x3a, 0xff, 0x5b, 0xff, 0x19, 0xf7, 0x1a,
  0xff, 0x3a, 0xff, 0x5a, 0xff, 0x3a, 0xf7, 0x3a, 0xff, 0x3a, 0xff, 0x5a,
  0xff, 0x5a, 0xff, 0x5b, 0xff, 0x3a, 0xff, 0x5b, 0xff, 0x3a, 0xff, 0x3b,
  0xff, 0x3a, 0xff, 0x5b, 0xff, 0x3a, 0xff, 0x5b, 0xff, 0x5b, 0xff, 0x7b,
  0xff, 0x3a, 0xff, 0x3b, 0xff, 0x5b, 0xf7, 0x3a, 0xff, 0x3a, 0xff, 0x5b,
  0xff, 0x5b, 0xff, 0x7c, 0xff, 0x3a, 0xff, 0x5b, 0xff, 0x3a, 0xff, 0x5b,
  0xff, 0x3a, 0xff, 0x5b, 0xff, 0x3a, 0xff, 0x3b, 0xff, 0x3a, 0xff, 0x5b,
  0xff, 0x3a, 0xff, 0x3b, 0xff, 0x5b, 0xff, 0x5b, 0xff, 0x3a, 0xff, 0x5b,
  0xff, 0x3a, 0xff, 0x5b, 0xff, 0x3a, 0xff, 0x3b, 0xff, 0x5a, 0xff, 0x5b,
  0xff, 0x5a, 0xff, 0x3a, 0xf6, 0xf9, 0xff, 0x3b, 0xff, 0x3a, 0xff, 0x5b,
  0xff, 0x1a, 0xff, 0x5b, 0xff, 0x3a, 0xff, 0x5b, 0xff, 0x5a, 0xff, 0x5a,
  0xff, 0x3a, 0xff, 0x5b, 0xff, 0x3a, 0xff, 0x3a, 0xff, 0x5a, 0xff, 0x5b,
  0xff, 0x3a, 0xff, 0x7b, 0xff, 0x5b, 0xff, 0x5b, 0xff, 0x3a, 0xff, 0x5b,
  0xff, 0x1a, 0xff, 0x3b, 0xff, 0x3a, 0xff, 0x5b, 0xff, 0x7b, 0xff, 0x5b,
  0xff, 0x5b, 0xff, 0x3b, 0xff, 0x3a, 0xff, 0x3b, 0xff, 0x3a, 0xff, 0x5b,
  0xff, 0x3a, 0xff, 0x5b, 0xff, 0x3a, 0xff, 0x5b, 0xff, 0x3a, 0xff, 0x5b,
  0xff, 0x5a, 0xff, 0x5b, 0xff, 0x5a, 0xff, 0x5b, 0xff, 0x3a, 0xff, 0x5b,
  0xff, 0x3a, 0xff, 0x5b, 0xff, 0x5a, 0xff, 0x5b, 0xff, 0x3a, 0xf7, 0x1a,
  0xff, 0x3a, 0xff, 0x5a, 0xff, 0x5a, 0xff, 0x3a, 0xff, 0x3a, 0xff, 0x5a,
  0xff, 0x5a, 0xff, 0x5b, 0xff, 0x3a, 0xff, 0x5a, 0xff, 0x5a, 0xff, 0x5b,
  0xff, 0x3a, 0xff, 0x5b, 0xff, 0x3a, 0xff, 0x5b, 0xff, 0x5a, 0xff, 0x7b,
  0xff, 0x3a, 0xff, 0x5a, 0xff, 0x5a, 0xff, 0x3a, 0xff, 0x3a, 0xff, 0x5b,
  0xff, 0x5b, 0xff, 0x3a, 0xff, 0x5b, 0xff, 0x5a, 0xff, 0x3a, 0xff, 0x5a,
  0xff, 0x5b, 0xff, 0x1a, 0xff, 0x5b, 0xff, 0x5a, 0xf7, 0x3a, 0xff, 0x3a,
  0xff, 0x5b, 0xff, 0x1a, 0xf7, 0x3b, 0xff, 0x5b, 0xff, 0x3b, 0xff, 0x3a,
  0xff, 0x5b, 0xff, 0x1a, 0xff, 0x3b, 0xff, 0x3a, 0xff, 0x5b, 0xff, 0x1a,
  0xff, 0x3b, 0xff, 0x3a, 0xf7, 0x1a, 0xff, 0x3a, 0xff, 0x3b, 0xff, 0x3a,
  0xf7, 0x3a, 0xff, 0x1a, 0xff, 0x5b, 0xff, 0x5b, 0xf7, 0x3a, 0xff, 0x3a,
  0xf7, 0x3b, 0xff, 0x3a, 0xff, 0x3b, 0xff, 0x3a, 0xff, 0x3b, 0xff, 0x3a,
  0xf7, 0x1a, 0xff, 0x3a, 0xf7, 0x3a, 0xff, 0x1a, 0xff, 0x3b, 0xff, 0x1a,
  0xf7, 0x1a, 0xff, 0x3a, 0xff, 0x7b, 0xff, 0x5b, 0xf7, 0x3a, 0xff, 0x3a,
  0xff, 0x5b, 0xff, 0x1a, 0xff, 0x5b, 0xff, 0x3a, 0xf7, 0x3a, 0xff, 0x3a,
  0xff, 0x5b, 0xff, 0x1a, 0xf7, 0x3b, 0xff, 0x3a, 0xf7, 0x3a, 0xff, 0x3a,
  0xff, 0x5b, 0xff, 0x3a, 0xff, 0x3b, 0xff, 0x3a, 0xf7, 0x3a, 0xff, 0x1a,
  0xff, 0x3a, 0xff, 0x19, 0xde, 0xb7, 0xde, 0x97, 0xef, 0x59, 0xef, 0x39,
  0xd6, 0xf8, 0xd6, 0xd7, 0xde, 0xf8, 0xe7, 0x39, 0xde, 0xf8, 0xde, 0xb7,
  0xd6, 0xf8, 0xde, 0xf8, 0xd6, 0xd8, 0xde, 0xd8, 0xce, 0xd8, 0xd6, 0xb7,
  0xde, 0xf8, 0xde, 0xd8, 0xde, 0xd8, 0xd6, 0x97, 0xd6, 0xf8, 0xde, 0xf8,
  0xce, 0xd7, 0xce, 0x96, 0xd6, 0xb7, 0xe6, 0xf8, 0xf7, 0x1a, 0xff, 0x3a,
  0xff, 0x5b, 0xff, 0x3a, 0xff, 0x3b, 0xff, 0x3b, 0xff, 0x3b, 0xff, 0x3b,
  0xff, 0x5b, 0xff, 0x1a, 0xff, 0x5b, 0xff, 0x5b, 0xff, 0x3b, 0xff, 0x1a,
  0xff, 0x5b, 0xff, 0x1a, 0xf7, 0x3b, 0xff, 0x5b, 0xff, 0x3b, 0xff, 0x3a,
  0xff, 0x5b, 0xff, 0x1a, 0xff, 0x3b, 0xff, 0x3a, 0xff, 0x3b, 0xff, 0x1a,
  0xff, 0x3b, 0xff, 0x3b, 0xf7, 0x3b, 0xff, 0x3b, 0xff, 0x5b, 0xff, 0x3a,
  0xf7, 0x3b, 0xff, 0x1a, 0xff, 0x5b, 0xff, 0x5b, 0xff, 0x3b, 0xff, 0x3a,
  0xff, 0x3b, 0xff, 0x3b, 0xff, 0x5b, 0xff, 0x3a, 0xff, 0x3b, 0xff, 0x3b,
  0xf7, 0x1b, 0xff, 0x3b, 0xff, 0x3b, 0xff, 0x1a, 0xf7, 0x3b, 0xff, 0x3a,
  0xf7, 0x1b, 0xff, 0x3a, 0xff, 0x5c, 0xff, 0x5b, 0xf7, 0x3b, 0xff, 0x3b,
  0xff, 0x5c, 0xff, 0x3b, 0xff, 0x5b, 0xff, 0x5b, 0xff, 0x5b, 0xff, 0x3a,
  0xff, 0x5b, 0xff, 0x3a, 0xf7, 0x3b, 0xff, 0x5b, 0xf7, 0x3b, 0xff, 0x3b,
  0xff, 0x5c, 0xff, 0x3b, 0xf7, 0x3b, 0xff, 0x5b, 0xf7, 0x3b, 0xff, 0x3a,
  0xf7, 0x3b, 0xff, 0x3a, 0xff, 0x5b, 0xff, 0x3a, 0xff, 0x5b, 0xff, 0x3a,
  0xf7, 0x3b, 0xff, 0x3a, 0xff, 0x5b, 0xff, 0x3a, 0xf7, 0x3a, 0xff, 0x3a,
  0xff, 0x7c, 0xff, 0x3b, 0xf7, 0x3b, 0xff, 0x3b, 0xff, 0x5b, 0xff, 0x3b,
  0xf7, 0x3b, 0xff, 0x3b, 0xff, 0x5b, 0xff, 0x1a, 0xff, 0x3b, 0xff, 0x3b,
  0xf7, 0x3b, 0xff, 0x3a, 0xff, 0x3b, 0xff, 0x1a, 0xf7, 0x3b, 0xff, 0x5b,
  0xff, 0x7b, 0xff, 0x3a, 0xff, 0x5b, 0xff, 0x5b, 0xff, 0x5b, 0xff, 0x3a,
  0xff, 0x7b, 0xff, 0x3a, 0xff, 0x5b, 0xff, 0x5b, 0xff, 0x5b, 0xff, 0x3a,
  0xff, 0x5b, 0xff, 0x3a, 0xf7, 0x3b, 0xff, 0x5b, 0xff, 0x5b, 0xff, 0x3a,
  0xff, 0x7b, 0xff, 0x3a, 0xf7, 0x3b, 0xff, 0x3a, 0xff, 0x5b, 0xff, 0x3a,
  0xf7, 0x3b, 0xff, 0x5b, 0xff, 0x3b, 0xff, 0x3a, 0xff, 0x5b, 0xff, 0x3a,
  0xff, 0x3b, 0xff, 0x1a, 0xff, 0x5b, 0xff, 0x5b, 0xff, 0x5b, 0xff, 0x1a,
  0xff, 0x3a, 0xff, 0x5b, 0xff, 0x5a, 0xff, 0x5a, 0xff, 0x5a, 0xff, 0x5b,
  0xff, 0x3a, 0xf7, 0x3a, 0xff, 0x3a, 0xff, 0x5a, 0xff, 0x3a, 0xff, 0x5a,
  0xff, 0x3a, 0xff, 0x5a, 0xff, 0x3a, 0xff, 0x5b, 0xff, 0x1a, 0xf7, 0x3a,
  0xff, 0x3a, 0xf7, 0x3a, 0xff, 0x3a, 0xf7, 0x3a, 0xff, 0x5a, 0xff, 0x5b,
  0xff, 0x3a, 0xff, 0x3a, 0xff, 0x3a, 0xff, 0x5b, 0xff, 0x1a, 0xff, 0x3a,
  0xff, 0x3a, 0xff, 0x7b, 0xff, 0x3a, 0xff, 0x5a, 0xff, 0x5a, 0xf7, 0x3a,
  0xff, 0x3a, 0xff, 0x5b, 0xff, 0x3a, 0xff, 0x5a, 0xff, 0x7b, 0xff, 0x3a,
  0xff, 0x3a, 0xff, 0x5b, 0xff, 0x5a, 0xff, 0x3a, 0xff, 0x5a, 0xff, 0x5b,
  0xff, 0x19, 0xff, 0x3a, 0xff, 0x3a, 0xff, 0x3a, 0xff, 0x3a, 0xff, 0x7b,
  0xff, 0x3a, 0xff, 0x5a, 0xff, 0x5a, 0xff, 0x3a, 0xff, 0x19, 0xff, 0x3a,
  0xff, 0x3a, 0xff, 0x5a, 0xff, 0x3a, 0xff, 0x3a, 0xff, 0x3a, 0xf7, 0x1a,
  0xff, 0x5a, 0xf7, 0x3a, 0xff, 0x19, 0xf7, 0x3a, 0xff, 0x19, 0xff, 0x3a,
  0xff, 0x19, 0xff, 0x3a, 0xff, 0x39, 0xee, 0xd8, 0xe6, 0xb6, 0xf7, 0x59,
  0xe7, 0x39, 0xd6, 0xd7, 0xd6, 0xb7, 0xd7, 0x19, 0xde, 0xd7, 0xde, 0xf8,
  0xde, 0xf8, 0xde, 0xf8, 0xe6, 0xf8, 0xde, 0xf8, 0xde, 0xf8, 0xd6, 0xb7,
  0xce, 0xb7, 0xce, 0xf8, 0xef, 0x19, 0xe7, 0x19, 0xd6, 0xb7, 0xce, 0xb7,
  0xde, 0xf8, 0xde, 0xf8, 0xce, 0xb6, 0xbe, 0x55, 0xde, 0x96, 0xef, 0x59,
  0xff, 0x19, 0xff, 0x3a, 0xff, 0x5b, 0xff, 0x5b, 0xff, 0x3a, 0xff, 0x5b,
  0xff, 0x3a, 0xf7, 0x3a, 0xff, 0x3a, 0xff, 0x5a, 0xff, 0x3a, 0xff, 0x5b,
  0xff, 0x3a, 0xff, 0x3a, 0xff, 0x1a, 0xff, 0x5b, 0xff, 0x3a, 0xf7, 0x3a,
  0xff, 0x3a, 0xf7, 0x3a, 0xff, 0x3a, 0xf7, 0x1a, 0xff, 0x3a, 0xff, 0x5b,
  0xff, 0x3a, 0xff, 0x5b, 0xff, 0x1a, 0xff, 0x5b, 0xff, 0x3a, 0xff, 0x3a,
  0xff, 0x3a, 0xff, 0x5b, 0xff, 0x5b, 0xff, 0x5b, 0xff, 0x5b, 0xff, 0x3b,
  0xff, 0x3a, 0xff, 0x5b, 0xff, 0x3a, 0xff, 0x3b, 0xff, 0x7b, 0xff, 0x5b,
  0xff, 0x3a, 0xff, 0x5b, 0xff, 0x5b, 0xff, 0x5b, 0xff, 0x3a, 0xff, 0x5b,
  0xff, 0x1a, 0xf7, 0x3a, 0xff, 0x3a, 0xff, 0x5b, 0xff, 0x3a, 0xff, 0x7b,
  0xff, 0x5b, 0xff, 0x5b, 0xff, 0x5b, 0xff, 0x5b, 0xff, 0x3a, 0xff, 0x3a,
  0xff, 0x5a, 0xff, 0x5b, 0xff, 0x3a, 0xff, 0x3b, 0xff, 0x3a, 0xf7, 0x3a,
  0xff, 0x5b, 0xff, 0x3b, 0xff, 0x1a, 0xff, 0x3b, 0xff, 0x19, 0xff, 0x5b,
  0xff, 0x1a, 0xff, 0x5a, 0xff, 0x5a, 0xff, 0x5b, 0xff, 0x3a, 0xff, 0x3a,
  0xff, 0x5a, 0xff, 0x5b, 0xff, 0x3a, 0xff, 0x5b, 0xff, 0x5a, 0xff, 0x5b,
  0xff, 0x3a, 0xff, 0x5b, 0xff, 0x3a, 0xff, 0x5b, 0xff, 0x3a, 0xff, 0x5b,
  0xff, 0x3a, 0xff, 0x7c, 0xff, 0x5b, 0xf7, 0x3a, 0xff, 0x5b, 0xff, 0x5b,
  0xff, 0x3a, 0xff, 0x5b, 0xff, 0x5b, 0xf7, 0x3a, 0xff, 0x1a, 0xff, 0x5b,
  0xff, 0x5a, 0xff, 0x5b, 0xff, 0x5b, 0xff, 0x7b, 0xff, 0x5a, 0xff, 0x5b,
  0xff, 0x5a, 0xf7, 0x3a, 0xff, 0x3a, 0xff, 0x5b, 0xff, 0x5a, 0xff, 0x5b,
  0xff, 0x3a, 0xff, 0x5a, 0xff, 0x3a, 0xff, 0x5b, 0xff, 0x5a, 0xf7, 0x3a,
  0xff, 0x3a, 0xff, 0x3a, 0xff, 0x5a, 0xf7, 0x3a, 0xff, 0x3a, 0xff, 0x5b,
  0xff, 0x5a, 0xff, 0x5b, 0xff, 0x1a, 0xff, 0x5b, 0xff, 0x5a, 0xff, 0x3a,
  0xff, 0x5a, 0xff, 0x5b, 0xff, 0x5a, 0xff, 0x3a, 0xff, 0x5a, 0xf7, 0x3a,
  0xff, 0x3b, 0xff, 0x3a, 0xff, 0x5b, 0xff, 0x3a, 0xff, 0x5b, 0xff, 0x3a,
  0xff, 0x3a, 0xff, 0x3a, 0xf7, 0x3a, 0xff, 0x3a, 0xff, 0x3a, 0xff, 0x3a,
  0xff, 0x3b, 0xff, 0x3a, 0xff, 0x3b, 0xff, 0x3a, 0xff, 0x5b, 0xff, 0x3a,
  0xff, 0x3b, 0xff, 0x3a, 0xff, 0x3b, 0xff, 0x5b, 0xff, 0x5b, 0xff, 0x3a,
  0xff, 0x5b, 0xff, 0x1a, 0xff, 0x3b, 0xff, 0x3a, 0xff, 0x5b, 0xff, 0x5b,
  0xff, 0x5b, 0xff, 0x3a, 0xff, 0x3b, 0xff, 0x1a, 0xf7, 0x3a, 0xff, 0x1a,
  0xff, 0x5b, 0xff, 0x3a, 0xf7, 0x3a, 0xff, 0x3a, 0xff, 0x5b, 0xff, 0x5b,
  0xff, 0x5b, 0xff, 0x3a, 0xff, 0x5b, 0xff, 0x3a, 0xff, 0x5b, 0xff, 0x3a,
  0xff, 0x5b, 0xff, 0x1a, 0xf7, 0x3a, 0xff, 0x3a, 0xff, 0x3b, 0xff, 0x3a,
  0xff, 0x3a, 0xff, 0x3a, 0xff, 0x3b, 0xff, 0x3a, 0xff, 0x3a, 0xff, 0x1a,
  0xff, 0x5b, 0xff, 0x3a, 0xff, 0x5b, 0xff, 0x3a, 0xff, 0x3b, 0xff, 0x3a,
  0xff, 0x3b, 0xff, 0x3a, 0xff, 0x3b, 0xff, 0x3a, 0xf7, 0x3a, 0xff, 0x1a,
  0xff, 0x5b, 0xff, 0x3a, 0xff, 0x3a, 0xf7, 0x19, 0xde, 0xb6, 0xde, 0x96,
  0xe7, 0x39, 0xe7, 0x19, 0xce, 0xb8, 0xce, 0xb7, 0xd6, 0xb7, 0xe7, 0x18,
  0xe7, 0x19, 0xde, 0xb7, 0xce, 0xb7, 0xd6, 0xd7, 0xd6, 0xb8, 0xde, 0xd8,
  0xde, 0xf9, 0xde, 0xd8, 0xd6, 0xf8, 0xdf, 0x18, 0xe7, 0x19, 0xe6, 0xd8,
  0xce, 0xb7, 0xd6, 0x97, 0xd6, 0xf9, 0xd6, 0xb7, 0xc6, 0x76, 0xd6, 0xb7,
  0xee, 0xd8, 0xf7, 0x19, 0xff, 0x3a, 0xff, 0x3a, 0xff, 0x5b, 0xff, 0x3a,
  0xff, 0x5b, 0xff, 0x1a, 0xf7, 0x3a, 0xff, 0x3a, 0xff, 0x3b, 0xff, 0x3a,
  0xff, 0x3b, 0xff, 0x3a, 0xf7, 0x3b, 0xff, 0x3a, 0xf7, 0x3b, 0xff, 0x3a,
  0xff, 0x3b, 0xff, 0x3a, 0xf7, 0x3b, 0xff, 0x3b, 0xff, 0x5b, 0xff, 0x3b,
  0xff, 0x3b, 0xff, 0x3a, 0xf7, 0x3b, 0xff, 0x5b, 0xff, 0x5b, 0xff, 0x5b,
  0xff, 0x7c, 0xff, 0x1a, 0xff, 0x3b, 0xff, 0x1a, 0xf7, 0x3b, 0xff, 0x1a,
  0xff, 0x5b, 0xff, 0x5b, 0xf7, 0x3b, 0xff, 0x3b, 0xff, 0x5b, 0xff, 0x5b,
  0xff, 0x5c, 0xff, 0x3a, 0xff, 0x5b, 0xff, 0x5b, 0xff, 0x5c, 0xff, 0x5b,
  0xff, 0x5c, 0xff, 0x1a, 0xf7, 0x1b, 0xff, 0x3a, 0xff, 0x5b, 0xff, 0x3b,
  0xff, 0x5b, 0xff, 0x5b, 0xff, 0x3b, 0xff, 0x3b, 0xf7, 0x3b, 0xff, 0x3a,
  0xff, 0x5b, 0xff, 0x3a, 0xff, 0x5b, 0xff, 0x3a, 0xff, 0x3b, 0xff, 0x3a,
  0xff, 0x3b, 0xff, 0x3b, 0xff, 0x3b, 0xff, 0x3a, 0xf7, 0x3b, 0xff, 0x1a,
  0xff, 0x5b, 0xff, 0x5b, 0xff, 0x5b, 0xff, 0x3a, 0xff, 0x5b, 0xff, 0x1a,
  0xff, 0x7b, 0xff, 0x5b, 0xff, 0x5b, 0xff, 0x5b, 0xf7, 0x3b, 0xff, 0x3a,
  0xf7, 0x1b, 0xff, 0x1a, 0xf7, 0x3b, 0xff, 0x3b, 0xff, 0x7c, 0xff, 0x3a,
  0xff, 0x3b, 0xff, 0x3b, 0xff, 0x7b, 0xff, 0x5b, 0xff, 0x5b, 0xff, 0x5b,
  0xff, 0x7b, 0xff, 0x5b, 0xff, 0x5b, 0xff, 0x5b, 0xf7, 0x3b, 0xff, 0x1a,
  0xff, 0x5b, 0xff, 0x3a, 0xff, 0x5b, 0xff, 0x3a, 0xff, 0x5b, 0xff, 0x3a,
  0xff, 0x5b, 0xff, 0x3a, 0xf7, 0x3a, 0xff, 0x3a, 0xff, 0x5b, 0xff, 0x3a,
  0xff, 0x5b, 0xff, 0x3a, 0xff, 0x5b, 0xff, 0x3a, 0xff, 0x5b, 0xff, 0x3a,
  0xff, 0x5b, 0xff, 0x3a, 0xf7, 0x3b, 0xff, 0x3a, 0xff, 0x5b, 0xff, 0x3a,
  0xff, 0x5b, 0xff, 0x3a, 0xf7, 0x3a, 0xff, 0x5b, 0xff, 0x5b, 0xff, 0x5b,
  0xff, 0x7b, 0xff, 0x3a, 0xff, 0x5b, 0xff, 0x1a, 0xf7, 0x3a, 0xff, 0x1a,
  0xff, 0x5a, 0xff, 0x3a, 0xff, 0x3a, 0xff, 0x5a, 0xff, 0x5a, 0xff, 0x3a,
  0xff, 0x5a, 0xff, 0x5a, 0xff, 0x19, 0xff, 0x5b, 0xff, 0x5a, 0xff, 0x5a,
  0xff, 0x5a, 0xff, 0x7b, 0xff, 0x3a, 0xff, 0x5a, 0xff, 0x5a, 0xff, 0x7b,
  0xff, 0x5a, 0xff, 0x5b, 0xff, 0x5a, 0xff, 0x7b, 0xff, 0x5a, 0xff, 0x5b,
  0xff, 0x3a, 0xff, 0x3a, 0xff, 0x3a, 0xff, 0x5b, 0xff, 0x3a, 0xff, 0x5b,
  0xff, 0x5a, 0xf7, 0x3a, 0xff, 0x3a, 0xff, 0x5b, 0xff, 0x3a, 0xff, 0x5b,
  0xff, 0x3a, 0xff, 0x3a, 0xff, 0x3a, 0xff, 0x5b, 0xff, 0x3a, 0xff, 0x3a,
  0xff, 0x19, 0xf7, 0x3a, 0xff, 0x3a, 0xff, 0x3a, 0xff, 0x5a, 0xff, 0x5b,
  0xff, 0x3a, 0xff, 0x5a, 0xff, 0x3a, 0xff, 0x3a, 0xff, 0x1a, 0xf7, 0x3a,
  0xff, 0x3a, 0xff, 0x5b, 0xff, 0x3a, 0xff, 0x5b, 0xff, 0x3a, 0xf7, 0x1a,
  0xff, 0x3a, 0xff, 0x5b, 0xff, 0x5a, 0xff, 0x5a, 0xff, 0x5b, 0xff, 0x5b,
  0xff, 0x3a, 0xff, 0x3a, 0xff, 0x5a, 0xff, 0x5b, 0xff, 0x3a, 0xff, 0x5b,
  0xff, 0x5a, 0xff, 0x5b, 0xff, 0x3a, 0xff, 0x3a, 0xff, 0x39, 0xe6, 0xb7,
  0xde, 0x96, 0xe7, 0x18, 0xdf, 0x18, 0xd6, 0xf8, 0xd6, 0xd7, 0xd6, 0xf7,
  0xef, 0x19, 0xef, 0x39, 0xd6, 0xd7, 0xd6, 0xf7, 0xd6, 0xb7, 0xd6, 0xb7,
  0xde, 0xd8, 0xde, 0xd8, 0xd6, 0xb7, 0xce, 0xb7, 0xe6, 0xf8, 0xe7, 0x19,
  0xde, 0xf8, 0xd6, 0xd7, 0xde, 0xb8, 0xde, 0xd8, 0xd6, 0xf8, 0xce, 0xb7,
  0xbe, 0x54, 0xce, 0xd7, 0xfe, 0xd8, 0xff, 0x39, 0xff, 0x5a, 0xff, 0x3a,
  0xff, 0x3a, 0xff, 0x5b, 0xff, 0x19, 0xff, 0x5b, 0xff, 0x5a, 0xff, 0x5b,
  0xff, 0x3a, 0xff, 0x7b, 0xff, 0x5a, 0xff, 0x5a, 0xff, 0x3a, 0xff, 0x5b,
  0xff, 0x5a, 0xff, 0x5b, 0xff, 0x5b, 0xff, 0x7b, 0xff, 0x3a, 0xff, 0x5b,
  0xff, 0x3a, 0xff, 0x3b, 0xff, 0x3a, 0xff, 0x5b, 0xff, 0x3a, 0xff, 0x5b,
  0xff, 0x5b, 0xff, 0x3b, 0xff, 0x3a, 0xff, 0x5b, 0xff, 0x3a, 0xff, 0x5b,
  0xff, 0x3a, 0xff, 0x5b, 0xff, 0x3a, 0xff, 0x5b, 0xff, 0x3a, 0xff, 0x5b,
  0xff, 0x1a, 0xf7, 0x3a, 0xff, 0x5b, 0xff, 0x5b, 0xff, 0x5b, 0xff, 0x7b,
  0xff, 0x3a, 0xff, 0x5b, 0xff, 0x3a, 0xff, 0x5b, 0xff, 0x3a, 0xff, 0x3b,
  0xff, 0x3a, 0xff, 0x7b, 0xff, 0x3a, 0xff, 0x5b, 0xff, 0x7b, 0xf7, 0x3a,
  0xff, 0x5a, 0xff, 0x7b, 0xff, 0x5a, 0xff, 0x5b, 0xff, 0x5b, 0xff, 0x5b,
  0xff, 0x3a, 0xff, 0x5b, 0xff, 0x5b, 0xff, 0x5b, 0xff, 0x5a, 0xff, 0x5b,
  0xff, 0x5b, 0xff, 0x5b, 0xff, 0x5a, 0xff, 0x5b, 0xff, 0x3a, 0xff, 0x3a,
  0xff, 0x5a, 0xff, 0x7b, 0xff, 0x3a, 0xff, 0x5b, 0xff, 0x3a, 0xff, 0x3a,
  0xff, 0x3a, 0xff, 0x5b, 0xff, 0x5b, 0xff, 0x5b, 0xff, 0x3a, 0xff, 0x3b,
  0xff, 0x5b, 0xff, 0x5b, 0xff, 0x5a, 0xff, 0x3a, 0xff, 0x1a, 0xff, 0x5b,
  0xff, 0x3a, 0xff, 0x5b, 0xff, 0x7b, 0xff, 0x5b, 0xff, 0x3a, 0xff, 0x5b,
  0xff, 0x3a, 0xff, 0x5b, 0xff, 0x3a, 0xff, 0x5b, 0xff, 0x7b, 0xff, 0x5b,
  0xff, 0x3a, 0xff, 0x7b, 0xff, 0x3a, 0xff, 0x5b, 0xff, 0x5a, 0xff, 0x7b,
  0xff, 0x5a, 0xff, 0x7b, 0xff, 0x5a, 0xff, 0x5a, 0xff, 0x3a, 0xff, 0x5b,
  0xff, 0x5a, 0xff, 0x5b, 0xff, 0x5a, 0xff, 0x7b, 0xff, 0x5a, 0xff, 0x7b,
  0xff, 0x3a, 0xff, 0x5b, 0xff, 0x3a, 0xff, 0x5b, 0xff, 0x5a, 0xff, 0x5a,
  0xff, 0x5a, 0xff, 0x5a, 0xff, 0x3a, 0xff, 0x5b, 0xff, 0x3a, 0xff, 0x5b,
  0xff, 0x5b, 0xff, 0x3a, 0xff, 0x5b, 0xff, 0x3a, 0xff, 0x3a, 0xff, 0x3a,
  0xff, 0x5b, 0xff, 0x3a, 0xff, 0x5b, 0xff, 0x3a, 0xff, 0x5b, 0xff, 0x3a,
  0xff, 0x5b, 0xff, 0x3a, 0xf7, 0x1a, 0xff, 0x1a, 0xff, 0x5b, 0xff, 0x3a,
  0xff, 0x5b, 0xff, 0x3a, 0xff, 0x5b, 0xff, 0x5b, 0xff, 0x5b, 0xff, 0x5b,
  0xff, 0x3b, 0xff, 0x3a, 0xff, 0x5b, 0xff, 0x5b, 0xff, 0x5b, 0xff, 0x3a,
  0xff, 0x5b, 0xff, 0x3a, 0xff, 0x5b, 0xff, 0x3a, 0xff, 0x5b, 0xff, 0x3a,
  0xff, 0x5b, 0xff, 0x3a, 0xff, 0x5b, 0xff, 0x3a, 0xff, 0x5b, 0xff, 0x3a,
  0xf7, 0x3b, 0xff, 0x1a, 0xff, 0x5b, 0xff, 0x3a, 0xff, 0x5b, 0xff, 0x1a,
  0xf7, 0x3a, 0xff, 0x1a, 0xff, 0x3b, 0xff, 0x1a, 0xff, 0x3b, 0xff, 0x3a,
  0xff, 0x5b, 0xff, 0x3a, 0xff, 0x5b, 0xff, 0x3a, 0xff, 0x3a, 0xff, 0x3a,
  0xff, 0x5b, 0xff, 0x5a, 0xf7, 0x3a, 0xff, 0x3a, 0xff, 0x5b, 0xff, 0x1a,
  0xf7, 0x1a, 0xff, 0x5b, 0xff, 0x3b, 0xff, 0x3a, 0xff, 0x3b, 0xff, 0x3a,
  0xff, 0x5b, 0xff, 0x5b, 0xff, 0x5b, 0xff, 0x1a, 0xff, 0x3a, 0xff, 0x19,
  0xde, 0xd7, 0xde, 0x96, 0xe7, 0x39, 0xe7, 0x18, 0xd6, 0xf9, 0xd6, 0xb7,
  0xd6, 0xf9, 0xe7, 0x19, 0xe7, 0x3a, 0xd6, 0xb7, 0xce, 0xb7, 0xd6, 0xb7,
  0xd6, 0xd8, 0xd6, 0xb7, 0xce, 0x98, 0xd6, 0xb8, 0xce, 0xd8, 0xce, 0xb7,
  0xe7, 0x19, 0xef, 0x39, 0xd6, 0xf9, 0xd6, 0x97, 0xce, 0xb8, 0xce, 0x97,
  0xbe, 0x97, 0xbe, 0x76, 0xd6, 0x76, 0xef, 0x19, 0xf7, 0x39, 0xff, 0x39,
  0xff, 0x5b, 0xff, 0x3a, 0xff, 0x3b, 0xff, 0x3a, 0xff, 0x5b, 0xff, 0x3a,
  0xff, 0x5b, 0xff, 0x3a, 0xf7, 0x3a, 0xff, 0x1a, 0xff, 0x5b, 0xff, 0x3a,
  0xff, 0x5b, 0xff, 0x3a, 0xff, 0x3b, 0xff, 0x5b, 0xff, 0x5b, 0xff, 0x3b,
  0xf7, 0x3b, 0xff, 0x3b, 0xff, 0x5b, 0xff, 0x3b, 0xff, 0x5b, 0xff, 0x3a,
  0xff, 0x5b, 0xff, 0x3b, 0xff, 0x3b, 0xff, 0x3b, 0xff, 0x5b, 0xff, 0x3b,
  0xff, 0x5b, 0xff, 0x3b, 0xff, 0x5b, 0xff, 0x5b, 0xff, 0x5b, 0xff, 0x3b,
  0xff, 0x5b, 0xff, 0x1a, 0xff, 0x5c, 0xff, 0x5b, 0xff, 0x5b, 0xff, 0x3b,
  0xff, 0x3b, 0xff, 0x1a, 0xf7, 0x3b, 0xff, 0x3b, 0xff, 0x5b, 0xff, 0x3b,
  0xff, 0x5b, 0xff, 0x3b, 0xff, 0x5b, 0xff, 0x3b, 0xff, 0x5b, 0xff, 0x3a,
  0xff, 0x5b, 0xff, 0x5b, 0xff, 0x5b, 0xff, 0x5a, 0xff, 0x5b, 0xff, 0x3a,
  0xf7, 0x1a, 0xff, 0x5b, 0xff, 0x5b, 0xff, 0x3b, 0xff, 0x5b, 0xff, 0x3a,
  0xff, 0x7b, 0xff, 0x5b, 0xff, 0x5b, 0xff, 0x3a, 0xff, 0x3b, 0xff, 0x3b,
  0xff, 0x5b, 0xff, 0x3b, 0xf7, 0x3b, 0xff, 0x5b, 0xff, 0x5b, 0xff, 0x3b,
  0xff, 0x3b, 0xff, 0x3b, 0xff, 0x5b, 0xff, 0x3b, 0xff, 0x3b, 0xff, 0x3b,
  0xff, 0x5b, 0xff, 0x5b, 0xff, 0x5b, 0xff, 0x3a, 0xf7, 0x3b, 0xff, 0x5b,
  0xff, 0x5b, 0xff, 0x5b, 0xff, 0x5b, 0xff, 0x3a, 0xf7, 0x3b, 0xff, 0x3a,
  0xff, 0x5b, 0xff, 0x3a, 0xff, 0x5b, 0xff, 0x5b, 0xff, 0x5b, 0xff, 0x3a,
  0xff, 0x5b, 0xff, 0x5b, 0xff, 0x5b, 0xff, 0x5b, 0xff, 0x5b, 0xff, 0x5b,
  0xff, 0x5b, 0xff, 0x5b, 0xf7, 0x3b, 0xf7, 0x1a, 0xff, 0x5b, 0xff, 0x3a,
  0xff, 0x5b, 0xff, 0x3a, 0xf7, 0x3b, 0xff, 0x5b, 0xff, 0x7b, 0xff, 0x5b,
  0xff, 0x5b, 0xff, 0x3a, 0xff, 0x5b, 0xff, 0x5b, 0xff, 0x5b, 0xff, 0x3a,
  0xff, 0x5b, 0xff, 0x3a, 0xff, 0x5b, 0xff, 0x3a, 0xff, 0x5b, 0xff, 0x3a,
  0xff, 0x3a, 0xff, 0x5b, 0xff, 0x3a, 0xff, 0x7b, 0xff, 0x3a, 0xf7, 0x3a,
  0xff, 0x39, 0xff, 0x7b, 0xff, 0x39, 0xff, 0x3a, 0xff, 0x3a, 0xff, 0x5a,
  0xff, 0x5a, 0xff, 0x5b, 0xff, 0x3a, 0xf7, 0x3a, 0xff, 0x5a, 0xff, 0x5b,
  0xff, 0x3a, 0xff, 0x5b, 0xff, 0x3a, 0xff, 0x5b, 0xff, 0x3a, 0xff, 0x5b,
  0xff, 0x3a, 0xff, 0x5b, 0xff, 0x5a, 0xff, 0x3a, 0xff, 0x3a, 0xf7, 0x3a,
  0xff, 0x5a, 0xff, 0x5b, 0xff, 0x3a, 0xff, 0x3a, 0xff, 0x19, 0xff, 0x5a,
  0xff, 0x3a, 0xff, 0x5b, 0xff, 0x3a, 0xff, 0x5b, 0xff, 0x3a, 0xff, 0x5b,
  0xff, 0x3a, 0xff, 0x5a, 0xff, 0x3a, 0xff, 0x3a, 0xff, 0x5a, 0xff, 0x3a,
  0xff, 0x3a, 0xff, 0x3a, 0xff, 0x19, 0xff, 0x3a, 0xff, 0x3a, 0xff, 0x3a,
  0xff, 0x5a, 0xff, 0x5a, 0xff, 0x19, 0xf7, 0x3a, 0xff, 0x5a, 0xff, 0x3a,
  0xff, 0x19, 0xff, 0x5a, 0xff, 0x3a, 0xff, 0x5a, 0xff, 0x5a, 0xff, 0x3a,
  0xff, 0x19, 0xff, 0x5b, 0xff, 0x5a, 0xff, 0x3a, 0xff, 0x3a, 0xff, 0x3a,
  0xff, 0x39, 0xff, 0x5a, 0xff, 0x3b, 0xff, 0x3b, 0xff, 0x3a, 0xff, 0x5b,
  0xf7, 0x18, 0xe6, 0xb7, 0xd6, 0x55, 0xef, 0x39, 0xe7, 0x18, 0xd6, 0xd8,
  0xce, 0xb7, 0xce, 0xb7, 0xe6, 0xd8, 0xe7, 0x19, 0xd6, 0x76, 0xd6, 0xb8,
  0xde, 0xf8, 0xce, 0xd7, 0xce, 0x76, 0xd6, 0xd8, 0xce, 0x97, 0xc6, 0x77,
  0xce, 0x97, 0xc6, 0x97, 0xde, 0xf8, 0xd6, 0xf9, 0xce, 0x97, 0xce, 0x97,
  0xce, 0x98, 0xbe, 0x37, 0xb6, 0x55, 0xb6, 0x76, 0xe6, 0x96, 0xef, 0x18,
  0xfe, 0xf8, 0xff, 0x5a, 0xff, 0x3a, 0xf7, 0x3a, 0xff, 0x3a, 0xff, 0x3a,
  0xff, 0x5a, 0xff, 0x5b, 0xff, 0x3a, 0xf7, 0x3a, 0xff, 0x5a, 0xff, 0x7b,
  0xff, 0x3a, 0xff, 0x5b, 0xff, 0x3a, 0xff, 0x3b, 0xff, 0x3a, 0xff, 0x5b,
  0xff, 0x3a, 0xff, 0x5b, 0xff, 0x5b, 0xff, 0x3a, 0xff, 0x3a, 0xff, 0x3a,
  0xff, 0x3a, 0xff, 0x5b, 0xff, 0x3a, 0xff, 0x3b, 0xff, 0x1a, 0xff, 0x5b,
  0xff, 0x3a, 0xff, 0x5b, 0xff, 0x3a, 0xff, 0x5b, 0xff, 0x3a, 0xff, 0x5b,
  0xff, 0x5b, 0xff, 0x5b, 0xff, 0x3a, 0xff, 0x3b, 0xff, 0x5b, 0xff, 0x3b,
  0xff, 0x3a, 0xff, 0x5b, 0xff, 0x3a, 0xff, 0x3b, 0xff, 0x5b, 0xff, 0x5b,
  0xff, 0x5b, 0xff, 0x5b, 0xff, 0x3a, 0xf7, 0x3a, 0xff, 0x5a, 0xff, 0x5b,
  0xff, 0x1a, 0xff, 0x5b, 0xff, 0x3a, 0xff, 0x7b, 0xff, 0x5a, 0xff, 0x5b,
  0xff, 0x1a, 0xff, 0x5b, 0xff, 0x5b, 0xff, 0x3b, 0xff, 0x3a, 0xff, 0x5b,
  0xff, 0x3a, 0xff, 0x5a, 0xff, 0x5a, 0xff, 0x5b, 0xff, 0x3a, 0xff, 0x7b,
  0xff, 0x3a, 0xf7, 0x3a, 0xff, 0x3a, 0xff, 0x5b, 0xff, 0x5b, 0xff, 0x3b,
  0xff, 0x3a, 0xf7, 0x3a, 0xff, 0x3a, 0xff, 0x5b, 0xff, 0x3a, 0xff, 0x5b,
  0xff, 0x3a, 0xff, 0x5b, 0xff, 0x5a, 0xff, 0x5b, 0xff, 0x5a, 0xff, 0x5b,
  0xff, 0x3a, 0xff, 0x5b, 0xff, 0x3a, 0xff, 0x3b, 0xff, 0x3a, 0xff, 0x3b,
  0xff, 0x3a, 0xff, 0x5b, 0xff, 0x3a, 0xff, 0x7b, 0xff, 0x5a, 0xff, 0x5b,
  0xff, 0x19, 0xff, 0x5b, 0xff, 0x5a, 0xff, 0x3a, 0xff, 0x5a, 0xff, 0x5b,
  0xff, 0x5a, 0xff, 0x7b, 0xff, 0x3a, 0xf7, 0x3a, 0xff, 0x5a, 0xff, 0x7b,
  0xff, 0x3a, 0xff, 0x5b, 0xff, 0x5a, 0xff, 0x5b, 0xff, 0x3a, 0xff, 0x5b,
  0xff, 0x5a, 0xff, 0x5b, 0xff, 0x5b, 0xff, 0x5a, 0xff, 0x3a, 0xff, 0x3a,
  0xff, 0x5a, 0xff, 0x7b, 0xff, 0x3a, 0xff, 0x5a, 0xff, 0x1a, 0xff, 0x5a,
  0xff, 0x5b, 0xff, 0x3a, 0xff, 0x5b, 0xff, 0x3a, 0xff, 0x3a, 0xff, 0x3a,
  0xff, 0x5b, 0xff, 0x3a, 0xf7, 0x3a, 0xff, 0x1a, 0xf7, 0x3a, 0xff, 0x3a,
  0xff, 0x5b, 0xff, 0x3a, 0xf7, 0x3b, 0xff, 0x3a, 0xff, 0x5b, 0xff, 0x3a,
  0xf7, 0x3b, 0xff, 0x5b, 0xff, 0x5b, 0xff, 0x3a, 0xff, 0x5b, 0xff, 0x3a,
  0xff, 0x7b, 0xff, 0x3a, 0xff, 0x5b, 0xff, 0x3a, 0xff, 0x5b, 0xff, 0x3a,
  0xf7, 0x3b, 0xff, 0x3a, 0xf7, 0x3b, 0xff, 0x3a, 0xf7, 0x3b, 0xff, 0x3a,
  0xff, 0x3b, 0xff, 0x3a, 0xff, 0x3b, 0xff, 0x1a, 0xf7, 0x3a, 0xff, 0x3a,
  0xf7, 0x3a, 0xff, 0x1a, 0xff, 0x3b, 0xff, 0x3a, 0xff, 0x3b, 0xff, 0x3a,
  0xff, 0x3b, 0xff, 0x3a, 0xff, 0x3b, 0xff, 0x3a, 0xff, 0x3b, 0xff, 0x5b,
  0xf7, 0x3a, 0xff, 0x1a, 0xff, 0x3b, 0xff, 0x3a, 0xff, 0x3b, 0xff, 0x1a,
  0xf7, 0x1a, 0xff, 0x1a, 0xff, 0x3b, 0xff, 0x3a, 0xff, 0x5b, 0xff, 0x1a,
  0xff, 0x3b, 0xff, 0x5b, 0xff, 0x3b, 0xff, 0x1a, 0xff, 0x5b, 0xff, 0x3a,
  0xff, 0x3b, 0xff, 0x3a, 0xf7, 0x3a, 0xff, 0x5b, 0xff, 0x3b, 0xff, 0x3a,
  0xff, 0x3a, 0xff, 0x1a, 0xde, 0xd7, 0xde, 0xb6, 0xdf, 0x3a, 0xd6, 0xb7,
  0xd6, 0xd8, 0xd6, 0xd8, 0xce, 0xd8, 0xde, 0xf8, 0xe7, 0x3a, 0xd6, 0x97,
  0xce, 0xb8, 0xd6, 0xb8, 0xc6, 0x77, 0xce, 0x97, 0xce, 0x98, 0xd6, 0xb8,
  0xc6, 0xb8, 0xc6, 0x97, 0xce, 0xb8, 0xde, 0xf8, 0xdf, 0x3a, 0xd6, 0x97,
  0xc6, 0x78, 0xce, 0x77, 0xc6, 0xb8, 0xc6, 0x57, 0xb6, 0x56, 0xbe, 0x56,
  0xee, 0xf8, 0xff, 0x39, 0xf7, 0x1a, 0xff, 0x1a, 0xff, 0x1a, 0xff, 0x1a,
  0xff, 0x3a, 0xff, 0x3a, 0xff, 0x3b, 0xff, 0x3b, 0xff, 0x5b, 0xff, 0x3b,
  0xf7, 0x3b, 0xff, 0x3b, 0xff, 0x5b, 0xff, 0x3a, 0xff, 0x3b, 0xff, 0x1a,
  0xff, 0x5b, 0xff, 0x3a, 0xff, 0x5b, 0xff, 0x5b, 0xff, 0x5b, 0xff, 0x3a,
  0xff, 0x3b, 0xff, 0x3a, 0xf7, 0x3b, 0xff, 0x3a, 0xff, 0x5b, 0xff, 0x3b,
  0xf7, 0x3b, 0xff, 0x3b, 0xff, 0x5b, 0xff, 0x1a, 0xf7, 0x3b, 0xff, 0x3b,
  0xf7, 0x3b, 0xff, 0x1a, 0xff, 0x3b, 0xff, 0x3a, 0xff, 0x5b, 0xff, 0x5b,
  0xff, 0x5b, 0xff, 0x3b, 0xff, 0x3b, 0xff, 0x3b, 0xff, 0x3b, 0xff, 0x5b,
  0xff, 0x5b, 0xff, 0x3a, 0xff, 0x5b, 0xff, 0x5b, 0xff, 0x3b, 0xff, 0x1a,
  0xf7, 0x3b, 0xff, 0x1a, 0xf7, 0x3b, 0xff, 0x3a, 0xff, 0x5b, 0xff, 0x3a,
  0xf7, 0x3b, 0xff, 0x5b, 0xff, 0x5b, 0xff, 0x3a, 0xff, 0x5b, 0xff, 0x5b,
  0xff, 0x5b, 0xff, 0x3a, 0xf7, 0x3b, 0xff, 0x5b, 0xff, 0x5b, 0xff, 0x3a,
  0xff, 0x5b, 0xff, 0x3b, 0xff, 0x5b, 0xff, 0x3b, 0xff, 0x5b, 0xff, 0x3b,
  0xff, 0x5b, 0xff, 0x3b, 0xff, 0x3b, 0xff, 0x3b, 0xff, 0x5b, 0xff, 0x3b,
  0xf7, 0x3b, 0xff, 0x3a, 0xf7, 0x3b, 0xff, 0x3b, 0xf7, 0x3b, 0xff, 0x3a,
  0xf7, 0x3b, 0xff, 0x3a, 0xff, 0x5b, 0xff, 0x3b, 0xff, 0x5b, 0xff, 0x3a,
  0xff, 0x5b, 0xff, 0x3a, 0xff, 0x5b, 0xff, 0x3a, 0xff, 0x3b, 0xff, 0x3a,
  0xff, 0x5b, 0xff, 0x3a, 0xf7, 0x3b, 0xff, 0x3a, 0xf7, 0x3a, 0xff, 0x3a,
  0xff, 0x5b, 0xff, 0x5b, 0xff, 0x5b, 0xff, 0x3a, 0xff, 0x5b, 0xff, 0x3a,
  0xf7, 0x3b, 0xff, 0x3a, 0xff, 0x5b, 0xff, 0x3a, 0xff, 0x5b, 0xff, 0x3a,
  0xff, 0x5b, 0xff, 0x5b, 0xf7, 0x3b, 0xff, 0x5b, 0xff, 0x5b, 0xff, 0x3a,
  0xff, 0x3b, 0xff, 0x3a, 0xff, 0x5b, 0xff, 0x3a, 0xff, 0x5b, 0xff, 0x3a,
  0xff, 0x3a, 0xff, 0x5a, 0xff, 0x5a, 0xff, 0x3a, 0xff, 0x19, 0xff, 0x5a,
  0xff, 0x39, 0xff, 0x5a, 0xff, 0x5a, 0xff, 0x5a, 0xff, 0x3a, 0xff, 0x5a,
  0xff, 0x5a, 0xff, 0x5a, 0xff, 0x5a, 0xff, 0x5b, 0xff, 0x1a, 0xff, 0x5a,
  0xff, 0x5a, 0xff, 0x5b, 0xff, 0x5a, 0xff, 0x5a, 0xff, 0x5a, 0xff, 0x5b,
  0xff, 0x5a, 0xff, 0x5b, 0xff, 0x3a, 0xf7, 0x3a, 0xff, 0x3a, 0xff, 0x5a,
  0xff, 0x3a, 0xff, 0x5b, 0xff, 0x3a, 0xff, 0x3a, 0xff, 0x5a, 0xff, 0x5a,
  0xff, 0x3a, 0xff, 0x3a, 0xff, 0x3a, 0xff, 0x3a, 0xff, 0x1a, 0xff, 0x3a,
  0xff, 0x3a, 0xf7, 0x1a, 0xff, 0x3a, 0xff, 0x3a, 0xff, 0x3a, 0xff, 0x3a,
  0xff, 0x3a, 0xff, 0x3a, 0xff, 0x5a, 0xff, 0x3a, 0xff, 0x3a, 0xff, 0x5b,
  0xff, 0x19, 0xf7, 0x1a, 0xff, 0x3a, 0xf7, 0x3a, 0xff, 0x3a, 0xff, 0x5b,
  0xff, 0x3a, 0xf7, 0x3a, 0xff, 0x3a, 0xff, 0x5b, 0xff, 0x5a, 0xff, 0x5a,
  0xff, 0x5a, 0xff, 0x3a, 0xff, 0x1a, 0xff, 0x5b, 0xff, 0x3a, 0xff, 0x5b,
  0xff, 0x3a, 0xff, 0x5b, 0xff, 0x3a, 0xff, 0x5b, 0xff, 0x3a, 0xff, 0x3a,
  0xff, 0x19, 0xf7, 0x3a, 0xff, 0x39, 0xe6, 0xd7, 0xe6, 0xd7, 0xdf, 0x18,
  0xde, 0xd7, 0xd6, 0xd8, 0xce, 0x96, 0xd6, 0xf8, 0xd6, 0xb7, 0xd6, 0xd8,
  0xce, 0x96, 0xce, 0x97, 0xce, 0x97, 0xce, 0xb7, 0xd6, 0xb7, 0xce, 0x97,
  0xd6, 0xb8, 0xce, 0xb8, 0xce, 0x97, 0xc6, 0xb7, 0xce, 0x97, 0xce, 0xb8,
  0xd6, 0xd8, 0xce, 0xb8, 0xce, 0x77, 0xc6, 0x78, 0xbe, 0x77, 0xbe, 0x77,
  0xbd, 0xf4, 0xd6, 0xb7, 0xff, 0x39, 0xff, 0x19, 0xf7, 0x1a, 0xff, 0x7b,
  0xff, 0x3a, 0xff, 0x5a, 0xff, 0x3a, 0xff, 0x5b, 0xff, 0x3a, 0xf7, 0x3a,
  0xff, 0x5a, 0xff, 0x5a, 0xff, 0x5b, 0xff, 0x3b, 0xff, 0x5a, 0xff, 0x5b,
  0xff, 0x5a, 0xff, 0x5b, 0xff, 0x3a, 0xff, 0x3a, 0xff, 0x3a, 0xff, 0x5a,
  0xff, 0x3a, 0xff, 0x5b, 0xff, 0x3a, 0xff, 0x3a, 0xff, 0x3a, 0xff, 0x3b,
  0xff, 0x3a, 0xff, 0x3b, 0xff, 0x3a, 0xff, 0x3b, 0xff, 0x3a, 0xf7, 0x3a,
  0xff, 0x3a, 0xf7, 0x1a, 0xff, 0x3a, 0xff, 0x5b, 0xff, 0x3a, 0xff, 0x5a,
  0xff, 0x3a, 0xff, 0x5b, 0xff, 0x3a, 0xff, 0x5b, 0xff, 0x3a, 0xff, 0x5b,
  0xff, 0x3a, 0xf7, 0x3a, 0xff, 0x3a, 0xff, 0x3a, 0xff, 0x3a, 0xff, 0x5b,
  0xff, 0x5a, 0xf7, 0x3a, 0xff, 0x5a, 0xff, 0x5b, 0xff, 0x5a, 0xff, 0x5b,
  0xff, 0x5b, 0xff, 0x5b, 0xff, 0x1a, 0xff, 0x7b, 0xff, 0x3a, 0xff, 0x5b,
  0xff, 0x5a, 0xff, 0x5b, 0xff, 0x5a, 0xff, 0x5b, 0xff, 0x5b, 0xff, 0x5b,
  0xff, 0x3a, 0xff, 0x3b, 0xff, 0x3a, 0xff, 0x5b, 0xff, 0x5b, 0xff, 0x5b,
  0xff, 0x3a, 0xff, 0x5b, 0xff, 0x3a, 0xff, 0x3b, 0xff, 0x3a, 0xff, 0x5b,
  0xff, 0x3a, 0xff, 0x5b, 0xff, 0x1a, 0xff, 0x5b, 0xff, 0x19, 0xff, 0x5b,
  0xff, 0x5a, 0xf7, 0x3a, 0xff, 0x3a, 0xf7, 0x3a, 0xff, 0x3a, 0xff, 0x5b,
  0xff, 0x5a, 0xff, 0x3a, 0xff, 0x5a, 0xff, 0x3a, 0xff, 0x1a, 0xff, 0x5b,
  0xff, 0x3a, 0xff, 0x5b, 0xff, 0x5a, 0xff, 0x5b, 0xff, 0x3a, 0xff, 0x5b,
  0xff, 0x5a, 0xff, 0x5b, 0xff, 0x5a, 0xff, 0x5b, 0xff, 0x3a, 0xf7, 0x3a,
  0xff, 0x5b, 0xff, 0x5b, 0xff, 0x5a, 0xff, 0x5b, 0xff, 0x5a, 0xff, 0x5b,
  0xff, 0x5a, 0xff, 0x5b, 0xff, 0x3a, 0xf7, 0x3a, 0xff, 0x3a, 0xff, 0x5a,
  0xff, 0x3a, 0xff, 0x5b, 0xff, 0x5a, 0xff, 0x3a, 0xff, 0x3a, 0xff, 0x5b,
  0xff, 0x5b, 0xff, 0x3a, 0xff, 0x3b, 0xff, 0x3a, 0xff, 0x3a, 0xff, 0x3a,
  0xff, 0x3a, 0xff, 0x3a, 0xf7, 0x3a, 0xff, 0x3a, 0xff, 0x5b, 0xff, 0x3a,
  0xff, 0x5b, 0xff, 0x5a, 0xff, 0x5b, 0xff, 0x3a, 0xf7, 0x3a, 0xff, 0x5b,
  0xff, 0x5b, 0xf7, 0x1a, 0xff, 0x5b, 0xff, 0x3a, 0xff, 0x5b, 0xff, 0x5b,
  0xff, 0x5b, 0xff, 0x5b, 0xff, 0x5b, 0xff, 0x1a, 0xf7, 0x3b, 0xff, 0x3a,
  0xf7, 0x3b, 0xff, 0x1a, 0xff, 0x5b, 0xff, 0x3a, 0xf7, 0x3b, 0xff, 0x3a,
  0xff, 0x3b, 0xff, 0x3a, 0xff, 0x3b, 0xff, 0x3a, 0xff, 0x3b, 0xff, 0x3a,
  0xff, 0x5b, 0xff, 0x3a, 0xff, 0x3b, 0xff, 0x1a, 0xff, 0x3b, 0xff, 0x3a,
  0xff, 0x5b, 0xff, 0x3a, 0xf7, 0x3a, 0xff, 0x5b, 0xff, 0x3b, 0xff, 0x3a,
  0xff, 0x3b, 0xff, 0x3a, 0xf7, 0x3a, 0xff, 0x1a, 0xff, 0x3b, 0xff, 0x3a,
  0xff, 0x3b, 0xff, 0x3a, 0xff, 0x5b, 0xff, 0x3a, 0xff, 0x5b, 0xff, 0x3a,
  0xff, 0x5b, 0xff, 0x1a, 0xff, 0x5b, 0xff, 0x3a, 0xf7, 0x1a, 0xff, 0x3a,
  0xff, 0x5b, 0xff, 0x3a, 0xff, 0x5b, 0xff, 0x3a, 0xff, 0x5b, 0xff, 0x3a,
  0xf7, 0x3a, 0xff, 0x3a, 0xff, 0x3a, 0xfe, 0xf9, 0xde, 0xb7, 0xee, 0xf7,
  0xdf, 0x19, 0xd6, 0xb7, 0xc6, 0xb8, 0xc6, 0x97, 0xc6, 0x77, 0xd6, 0xb8,
  0xdf, 0x1a, 0xce, 0x77, 0xc6, 0x98, 0xce, 0xb8, 0xc6, 0x77, 0xce, 0x77,
  0xce, 0x98, 0xc6, 0x57, 0xc6, 0xb8, 0xc6, 0x57, 0xbe, 0x98, 0xbe, 0x77,
  0xbe, 0x57, 0xd6, 0xd9, 0xc6, 0xb9, 0xc6, 0x57, 0xbe, 0x57, 0xc6, 0x58,
  0xb6, 0x77, 0xb6, 0x16, 0xd6, 0x76, 0xef, 0x18, 0xff, 0x5a, 0xff, 0x39,
  0xff, 0x5b, 0xff, 0x3b, 0xff, 0x5b, 0xff, 0x3a, 0xf7, 0x3a, 0xff, 0x3a,
  0xff, 0x5b, 0xff, 0x1a, 0xff, 0x5b, 0xff, 0x5b, 0xf7, 0x3b, 0xff, 0x5b,
  0xff, 0x5b, 0xff, 0x3a, 0xff, 0x5b, 0xff, 0x1a, 0xff, 0x3b, 0xff, 0x3a,
  0xff, 0x3b, 0xff, 0x1a, 0xff, 0x5b, 0xff, 0x3a, 0xf7, 0x3b, 0xff, 0x3a,
  0xf7, 0x3b, 0xff, 0x3a, 0xff, 0x3b, 0xff, 0x3a, 0xf7, 0x3b, 0xff, 0x3a,
  0xff, 0x5b, 0xff, 0x3a, 0xff, 0x5b, 0xff, 0x1a, 0xf7, 0x3b, 0xff, 0x5b,
  0xff, 0x5b, 0xff, 0x5b, 0xf7, 0x3b, 0xff, 0x3b, 0xff, 0x5b, 0xff, 0x3b,
  0xff, 0x3b, 0xff, 0x3b, 0xff, 0x3b, 0xff, 0x3a, 0xff, 0x5b, 0xff, 0x3a,
  0xf7, 0x3b, 0xff, 0x5b, 0xff, 0x5b, 0xff, 0x3b, 0xff, 0x5c, 0xff, 0x3b,
  0xff, 0x5b, 0xff, 0x3a, 0xff, 0x5b, 0xff, 0x5b, 0xf7, 0x3a, 0xff, 0x3a,
  0xff, 0x7b, 0xff, 0x3a, 0xff, 0x5b, 0xff, 0x5b, 0xff, 0x5c, 0xff, 0x3b,
  0xff, 0x3b, 0xff, 0x1a, 0xff, 0x3b, 0xff, 0x3b, 0xf7, 0x3b, 0xff, 0x3b,
  0xff, 0x5b, 0xff, 0x3b, 0xff, 0x5b, 0xff, 0x3b, 0xf7, 0x3b, 0xff, 0x3a,
  0xf7, 0x3b, 0xff, 0x3b, 0xff, 0x3b, 0xff, 0x3b, 0xff, 0x5b, 0xff, 0x3a,
  0xf7, 0x3b, 0xff, 0x1a, 0xff, 0x5c, 0xff, 0x3b, 0xff, 0x5b, 0xff, 0x1a,
  0xff, 0x5b, 0xff, 0x5b, 0xff, 0x5b, 0xff, 0x3a, 0xff, 0x5b, 0xff, 0x3a,
  0xff, 0x3b, 0xff, 0x3a, 0xff, 0x5b, 0xff, 0x3a, 0xff, 0x5b, 0xff, 0x5b,
  0xff, 0x5b, 0xff, 0x5b, 0xff, 0x5b, 0xff, 0x5b, 0xf7, 0x3b, 0xff, 0x3a,
  0xff, 0x5b, 0xff, 0x1a, 0xf7, 0x3b, 0xff, 0x5b, 0xf7, 0x3b, 0xff, 0x5b,
  0xff, 0x5b, 0xff, 0x5b, 0xff, 0x5b, 0xff, 0x3a, 0xf7, 0x3b, 0xff, 0x3a,
  0xff, 0x5b, 0xff, 0x1a, 0xff, 0x5b, 0xff, 0x3a, 0xf7, 0x3b, 0xff, 0x3a,
  0xff, 0x3a, 0xff, 0x5b, 0xff, 0x3a, 0xff, 0x5b, 0xff, 0x3a, 0xff, 0x5b,
  0xff, 0x5a, 0xff, 0x5a, 0xff, 0x3a, 0xff, 0x5a, 0xff, 0x3a, 0xff, 0x5a,
  0xff, 0x5a, 0xff, 0x3a, 0xff, 0x3a, 0xff, 0x5b, 0xff, 0x3a, 0xff, 0x5b,
  0xff, 0x3a, 0xff, 0x5a, 0xff, 0x3a, 0xff, 0x5b, 0xff, 0x3a, 0xff, 0x5b,
  0xff, 0x3a, 0xff, 0x3a, 0xff, 0x3a, 0xff, 0x5b, 0xff, 0x5a, 0xff, 0x5b,
  0xff, 0x3a, 0xff, 0x5b, 0xff, 0x3a, 0xff, 0x3a, 0xff, 0x3a, 0xff, 0x5a,
  0xff, 0x1a, 0xff, 0x5a, 0xff, 0x1a, 0xff, 0x5a, 0xff, 0x5a, 0xff, 0x5b,
  0xff, 0x3a, 0xff, 0x5a, 0xff, 0x3a, 0xff, 0x3a, 0xff, 0x3a, 0xff, 0x5b,
  0xff, 0x3a, 0xff, 0x3a, 0xff, 0x5a, 0xff, 0x5b, 0xff, 0x3a, 0xff, 0x3a,
  0xff, 0x3a, 0xff, 0x3a, 0xff, 0x5a, 0xff, 0x5b, 0xff, 0x3a, 0xff, 0x3a,
  0xff, 0x3a, 0xff, 0x5a, 0xff, 0x3a, 0xff, 0x5a, 0xff, 0x3a, 0xff, 0x5a,
  0xff, 0x3a, 0xff, 0x5a, 0xff, 0x3a, 0xff, 0x3a, 0xff, 0x3a, 0xf7, 0x3a,
  0xff, 0x5a, 0xff, 0x5a, 0xff, 0x5a, 0xff, 0x3a, 0xff, 0x3a, 0xff, 0x3a,
  0xff, 0x3a, 0xff, 0x5b, 0xff, 0x3a, 0xff, 0x3a, 0xf7, 0x18, 0xee, 0xf8,
  0xe7, 0x18, 0xd6, 0xd7, 0xce, 0x97, 0xc6, 0x77, 0xc6, 0x97, 0xc6, 0xb8,
  0xd6, 0xb8, 0xd7, 0x19, 0xd6, 0xd8, 0xc6, 0x97, 0xce, 0x77, 0xce, 0xb8,
  0xce, 0xb8, 0xbe, 0x77, 0xc6, 0x77, 0xbe, 0x57, 0xbe, 0x57, 0xc6, 0x98,
  0xb6, 0x56, 0xb6, 0x77, 0xce, 0x78, 0xce, 0xd9, 0xc6, 0x57, 0xbe, 0x57,
  0xc6, 0xb8, 0xc6, 0x99, 0xbe, 0x35, 0xbe, 0x76, 0xf6, 0xd7, 0xff, 0x59,
  0xff, 0x1a, 0xff, 0x3b, 0xff, 0x3a, 0xff, 0x7b, 0xff, 0x3a, 0xff, 0x5b,
  0xff, 0x3a, 0xff, 0x5b, 0xff, 0x3a, 0xff, 0x5b, 0xff, 0x3a, 0xff, 0x5b,
  0xff, 0x3a, 0xff, 0x3a, 0xff, 0x3a, 0xff, 0x5b, 0xff, 0x5a, 0xff, 0x5b,
  0xff, 0x3a, 0xff, 0x5a, 0xff, 0x3a, 0xff, 0x5a, 0xff, 0x3a, 0xff, 0x5a,
  0xff, 0x3a, 0xff, 0x5a, 0xff, 0x3a, 0xff, 0x5b, 0xff, 0x5a, 0xff, 0x5b,
  0xff, 0x3a, 0xff, 0x5b, 0xff, 0x3a, 0xf7, 0x3a, 0xff, 0x3a, 0xff, 0x5b,
  0xff, 0x5a, 0xff, 0x3a, 0xff, 0x5b, 0xff, 0x5b, 0xff, 0x3a, 0xff, 0x3b,
  0xff, 0x3a, 0xff, 0x5b, 0xff, 0x3a, 0xff, 0x7b, 0xff, 0x5a, 0xff, 0x5b,
  0xff, 0x5a, 0xff, 0x5b, 0xff, 0x5b, 0xff, 0x5b, 0xff, 0x3a, 0xff, 0x5b,
  0xff, 0x5b, 0xff, 0x5b, 0xff, 0x5b, 0xff, 0x5b, 0xff, 0x5b, 0xf7, 0x3a,
  0xff, 0x5b, 0xff, 0x5b, 0xff, 0x5b, 0xff, 0x5b, 0xff, 0x3a, 0xff, 0x5b,
  0xff, 0x3a, 0xff, 0x5b, 0xff, 0x5b, 0xff, 0x5b, 0xff, 0x3a, 0xff, 0x5b,
  0xff, 0x3a, 0xff, 0x5b, 0xff, 0x3a, 0xff, 0x3b, 0xff, 0x3a, 0xff, 0x3b,
  0xff, 0x3a, 0xff, 0x5b, 0xff, 0x5b, 0xff, 0x5b, 0xff, 0x3a, 0xff, 0x5b,
  0xff, 0x3a, 0xff, 0x5b, 0xff, 0x5b, 0xff, 0x7b, 0xff, 0x3a, 0xff, 0x5b,
  0xff, 0x5a, 0xff, 0x5b, 0xff, 0x3a, 0xff, 0x5b, 0xff, 0x3a, 0xff, 0x5b,
  0xff, 0x5b, 0xff, 0x5b, 0xff, 0x3a, 0xff, 0x5b, 0xff, 0x5a, 0xff, 0x5b,
  0xff, 0x5a, 0xff, 0x5b, 0xff, 0x3a, 0xff, 0x7b, 0xff, 0x3a, 0xff, 0x7b,
  0xff, 0x3a, 0xff, 0x7b, 0xff, 0x1a, 0xff, 0x5b, 0xff, 0x3a, 0xff, 0x5b,
  0xff, 0x5b, 0xff, 0x3b, 0xff, 0x3a, 0xff, 0x5b, 0xff, 0x5a, 0xff, 0x7b,
  0xff, 0x3a, 0xff, 0x5b, 0xff, 0x5a, 0xff, 0x5b, 0xff, 0x5a, 0xff, 0x5b,
  0xf7, 0x3a, 0xff, 0x1a, 0xff, 0x3b, 0xff, 0x5b, 0xf7, 0x1a, 0xff, 0x3a,
  0xff, 0x5b, 0xff, 0x3a, 0xff, 0x5b, 0xff, 0x3a, 0xff, 0x3a, 0xff, 0x3a,
  0xf7, 0x3a, 0xff, 0x3a, 0xff, 0x5b, 0xff, 0x3a, 0xff, 0x3b, 0xff, 0x1a,
  0xf7, 0x3a, 0xff, 0x3a, 0xf7, 0x3b, 0xff, 0x3a, 0xf7, 0x3a, 0xff, 0x5b,
  0xff, 0x5b, 0xff, 0x1a, 0xff, 0x5b, 0xff, 0x3a, 0xff, 0x5b, 0xff, 0x1a,
  0xf7, 0x3a, 0xff, 0x1a, 0xff, 0x3b, 0xff, 0x1a, 0xf7, 0x3a, 0xff, 0x3a,
  0xff, 0x3b, 0xff, 0x3a, 0xff, 0x5b, 0xff, 0x5b, 0xff, 0x5b, 0xff, 0x3a,
  0xff, 0x5b, 0xff, 0x1a, 0xff, 0x3b, 0xff, 0x3a, 0xff, 0x3b, 0xff, 0x3a,
  0xff, 0x3b, 0xff, 0x1a, 0xff, 0x3b, 0xff, 0x1a, 0xf7, 0x1a, 0xff, 0x1a,
  0xff, 0x5b, 0xff, 0x1a, 0xf7, 0x3a, 0xff, 0x3a, 0xff, 0x3b, 0xff, 0x3a,
  0xf7, 0x3a, 0xff, 0x1a, 0xff, 0x5b, 0xff, 0x1a, 0xff, 0x3b, 0xff, 0x3a,
  0xff, 0x5b, 0xff, 0x3a, 0xf7, 0x3a, 0xff, 0x1a, 0xff, 0x3b, 0xff, 0x3a,
  0xf7, 0x3a, 0xf7, 0x1a, 0xff, 0x5b, 0xff, 0x3a, 0xf7, 0x3a, 0xff, 0x3a,
  0xff, 0x3b, 0xff, 0x3a, 0xf7, 0x3b, 0xff, 0x1a, 0xf7, 0x19, 0xf7, 0x19,
  0xde, 0xf8, 0xce, 0x56, 0xc6, 0x97, 0xce, 0x97, 0xc6, 0x97, 0xce, 0xb8,
  0xce, 0xb8, 0xc6, 0x36, 0xc6, 0x78, 0xce, 0x98, 0xc6, 0x77, 0xc6, 0x57,
  0xc6, 0xd9, 0xc6, 0x77, 0xbe, 0x57, 0xbe, 0x37, 0xbe, 0x78, 0xc6, 0x78,
  0xb6, 0x77, 0xbe, 0x77, 0xbe, 0x57, 0xc6, 0x98, 0xc6, 0xb9, 0xce, 0x98,
  0xbe, 0x58, 0xc6, 0x78, 0xc6, 0xd9, 0xb6, 0x16, 0xbe, 0x15, 0xde, 0xd8,
  0xee, 0xf9, 0xff, 0x19, 0xff, 0x3b, 0xff, 0x3b, 0xff, 0x3b, 0xff, 0x3a,
  0xf7, 0x1a, 0xff, 0x3a, 0xff, 0x3b, 0xff, 0x3a, 0xf7, 0x1a, 0xff, 0x3a,
  0xff, 0x5b, 0xff, 0x3a, 0xff, 0x3b, 0xff, 0x3a, 0xff, 0x5b, 0xff, 0x3a,
  0xff, 0x3b, 0xff, 0x1a, 0xf7, 0x3a, 0xff, 0x1a, 0xf7, 0x3a, 0xff, 0x3a,
  0xf7, 0x3b, 0xff, 0x3a, 0xff, 0x5b, 0xff, 0x5b, 0xff, 0x5b, 0xff, 0x5b,
  0xff, 0x5b, 0xff, 0x3a, 0xf7, 0x3b, 0xff, 0x3a, 0xf7, 0x3b, 0xff, 0x3a,
  0xff, 0x5b, 0xff, 0x3a, 0xff, 0x5b, 0xff, 0x3a, 0xf7, 0x1b, 0xff, 0x1a,
  0xff, 0x5b, 0xff, 0x3a, 0xf7, 0x1b, 0xff, 0x3b, 0xf7, 0x3b, 0xff, 0x5b,
  0xff, 0x3b, 0xff, 0x3a, 0xff, 0x5b, 0xff, 0x3a, 0xf7, 0x3b, 0xff, 0x3b,
  0xff, 0x5b, 0xff, 0x3b, 0xff, 0x3b, 0xf7, 0x1a, 0xf7, 0x3b, 0xff, 0x3b,
  0xff, 0x5b, 0xff, 0x1a, 0xff, 0x5b, 0xff, 0x5b, 0xf7, 0x3b, 0xff, 0x3b,
  0xff, 0x5b, 0xff, 0x3b, 0xf7, 0x3b, 0xff, 0x3b, 0xf7, 0x1b, 0xff, 0x1a,
  0xf7, 0x3b, 0xff, 0x1a, 0xff, 0x5b, 0xff, 0x3b, 0xff, 0x5b, 0xff, 0x3b,
  0xff, 0x5c, 0xff, 0x5b, 0xff, 0x5b, 0xff, 0x5b, 0xf7, 0x3b, 0xff, 0x3a,
  0xff, 0x5b, 0xff, 0x3a, 0xff, 0x3b, 0xff, 0x3b, 0xf7, 0x3b, 0xff, 0x3a,
  0xf7, 0x3b, 0xf7, 0x1a, 0xf7, 0x3a, 0xff, 0x5b, 0xff, 0x5b, 0xff, 0x1a,
  0xff, 0x5b, 0xff, 0x3a, 0xff, 0x5b, 0xff, 0x3a, 0xf7, 0x3b, 0xff, 0x3a,
  0xf7, 0x3b, 0xff, 0x3a, 0xff, 0x5b, 0xff, 0x5b, 0xf7, 0x3b, 0xff, 0x3a,
  0xf7, 0x3a, 0xff, 0x3a, 0xff, 0x3b, 0xff, 0x3b, 0xf7, 0x1b, 0xff, 0x3b,
  0xff, 0x5b, 0xff, 0x3a, 0xf7, 0x3b, 0xff, 0x3b, 0xff, 0x5b, 0xff, 0x3a,
  0xff, 0x5b, 0xff, 0x1a, 0xff, 0x3b, 0xff, 0x3a, 0xf7, 0x3a, 0xff, 0x5b,
  0xff, 0x3a, 0xff, 0x5a, 0xff, 0x5a, 0xff, 0x5b, 0xff, 0x3a, 0xf7, 0x3a,
  0xff, 0x3a, 0xff, 0x5a, 0xff, 0x3a, 0xff, 0x5a, 0xff, 0x5a, 0xff, 0x5a,
  0xff, 0x3a, 0xff, 0x5a, 0xff, 0x5a, 0xff, 0x5b, 0xff, 0x3a, 0xff, 0x5b,
  0xff, 0x5a, 0xff, 0x5b, 0xff, 0x5a, 0xff, 0x3a, 0xff, 0x3a, 0xff, 0x7b,
  0xff, 0x5a, 0xf7, 0x3a, 0xff, 0x3a, 0xff, 0x5b, 0xff, 0x5a, 0xff, 0x3a,
  0xff, 0x1a, 0xff, 0x5a, 0xff, 0x5a, 0xff, 0x3a, 0xff, 0x5a, 0xff, 0x5b,
  0xff, 0x39, 0xff, 0x5b, 0xff, 0x5a, 0xff, 0x5a, 0xff, 0x39, 0xff, 0x5a,
  0xff, 0x5b, 0xff, 0x5b, 0xff, 0x5a, 0xff, 0x3a, 0xff, 0x3a, 0xff, 0x5a,
  0xff, 0x3a, 0xff, 0x3a, 0xff, 0x3a, 0xff, 0x5a, 0xff, 0x3a, 0xff, 0x5b,
  0xff, 0x3a, 0xff, 0x3a, 0xff, 0x19, 0xff, 0x3a, 0xff, 0x5a, 0xff, 0x5a,
  0xff, 0x3a, 0xff, 0x7b, 0xff, 0x3a, 0xff, 0x3a, 0xff, 0x3a, 0xff, 0x5b,
  0xff, 0x5a, 0xff, 0x5a, 0xff, 0x3a, 0xff, 0x5b, 0xff, 0x3a, 0xff, 0x5b,
  0xff, 0x3a, 0xff, 0x3a, 0xff, 0x5a, 0xff, 0x5b, 0xff, 0x19, 0xff, 0x5a,
  0xff, 0x3a, 0xff, 0x5b, 0xff, 0x3a, 0xff, 0x3a, 0xff, 0x3a, 0xff, 0x5a,
  0xff, 0x39, 0xef, 0x19, 0xce, 0x76, 0xce, 0x96, 0xd6, 0xb8, 0xce, 0xd8,
  0xce, 0x97, 0xbe, 0x77, 0xce, 0x77, 0xd6, 0xf9, 0xce, 0x77, 0xbe, 0x37,
  0xbe, 0x56, 0xbe, 0x77, 0xce, 0x98, 0xbe, 0x57, 0xc6, 0x77, 0xbe, 0x57,
  0xbe, 0x37, 0xb6, 0x37, 0xbe, 0x97, 0xbe, 0xb8, 0xc6, 0x77, 0xc6, 0x78,
  0xc6, 0x99, 0xbe, 0x79, 0xbe, 0x38, 0xc6, 0xba, 0xc6, 0x98, 0xb6, 0x37,
  0xd6, 0x55, 0xef, 0x39, 0xff, 0x39, 0xff, 0x5a, 0xff, 0x3a, 0xff, 0x3b,
  0xff, 0x5a, 0xff, 0x5b, 0xff, 0x5a, 0xff, 0x5a, 0xff, 0x3a, 0xff, 0x5b,
  0xff, 0x5a, 0xff, 0x3a, 0xff, 0x3a, 0xff, 0x5b, 0xff, 0x5a, 0xff, 0x5a,
  0xff, 0x1a, 0xff, 0x5a, 0xff, 0x5a, 0xff, 0x5a, 0xff, 0x5a, 0xff, 0x7b,
  0xff, 0x3a, 0xff, 0x5b, 0xff, 0x5a, 0xff, 0x5b, 0xff, 0x5a, 0xff, 0x3a,
  0xff, 0x5b, 0xff, 0x7b, 0xff, 0x5a, 0xff, 0x5b, 0xff, 0x3a, 0xff, 0x5b,
  0xff, 0x5a, 0xff, 0x5a, 0xff, 0x3a, 0xff, 0x5b, 0xff, 0x3a, 0xff, 0x5b,
  0xff, 0x5a, 0xff, 0x5b, 0xff, 0x3a, 0xf7, 0x3a, 0xff, 0x5b, 0xff, 0x5b,
  0xff, 0x3a, 0xff, 0x7b, 0xff, 0x5b, 0xff, 0x3b, 0xff, 0x3a, 0xff, 0x5b,
  0xff, 0x5b, 0xff, 0x5b, 0xff, 0x3a, 0xff, 0x5b, 0xff, 0x3a, 0xff, 0x5b,
  0xff, 0x3a, 0xff, 0x5b, 0xff, 0x5b, 0xff, 0x7b, 0xff, 0x3a, 0xff, 0x3b,
  0xff, 0x5b, 0xff, 0x5b, 0xff, 0x3a, 0xf7, 0x3a, 0xff, 0x3a, 0xff, 0x5b,
  0xff, 0x3a, 0xff, 0x5b, 0xff, 0x7b, 0xff, 0x3b, 0xff, 0x5b, 0xff, 0x7b,
  0xff, 0x5b, 0xff, 0x5b, 0xff, 0x3a, 0xff, 0x7b, 0xff, 0x5a, 0xff, 0x5b,
  0xff, 0x5a, 0xff, 0x3a, 0xff, 0x3a, 0xff, 0x5b, 0xff, 0x3a, 0xff, 0x5b,
  0xff, 0x5a, 0xff, 0x5a, 0xff, 0x5a, 0xff, 0x7b, 0xff, 0x5a, 0xff, 0x3a,
  0xff, 0x3a, 0xff, 0x7b, 0xff, 0x5a, 0xff, 0x5a, 0xff, 0x7b, 0xff, 0x7b,
  0xff, 0x3a, 0xff, 0x5b, 0xff, 0x5b, 0xff, 0x5b, 0xff, 0x3a, 0xff, 0x5b,
  0xff, 0x5b, 0xff, 0x5b, 0xff, 0x3a, 0xff, 0x5b, 0xff, 0x3a, 0xff, 0x5b,
  0xff, 0x5b, 0xff, 0x3b, 0xff, 0x1a, 0xff, 0x5b, 0xff, 0x5a, 0xff, 0x5b,
  0xff, 0x3a, 0xff, 0x3a, 0xff, 0x5a, 0xff, 0x5b, 0xff, 0x5a, 0xff, 0x7b,
  0xff, 0x7b, 0xff, 0x3a, 0xff, 0x3b, 0xff, 0x5b, 0xff, 0x5b, 0xff, 0x3a,
  0xf7, 0x1a, 0xff, 0x3a, 0xff, 0x3b, 0xff, 0x3a, 0xff, 0x5b, 0xff, 0x3a,
  0xff, 0x5b, 0xff, 0x1a, 0xf7, 0x3a, 0xff, 0x3a, 0xf7, 0x3a, 0xff, 0x3a,
  0xff, 0x5b, 0xff, 0x1a, 0xf7, 0x3a, 0xff, 0x5b, 0xff, 0x5b, 0xff, 0x1a,
  0xff, 0x3b, 0xff, 0x3a, 0xf7, 0x3a, 0xff, 0x3a, 0xff, 0x7b, 0xff, 0x3a,
  0xf7, 0x3a, 0xff, 0x3a, 0xf7, 0x1a, 0xff, 0x3a, 0xff, 0x5b, 0xff, 0x3a,
  0xf7, 0x3a, 0xff, 0x1a, 0xff, 0x5b, 0xff, 0x3a, 0xf7, 0x3a, 0xff, 0x5a,
  0xf7, 0x3a, 0xff, 0x3a, 0xff, 0x3b, 0xff, 0x1a, 0xff, 0x3b, 0xff, 0x3a,
  0xff, 0x5b, 0xff, 0x5b, 0xff, 0x5b, 0xff, 0x5b, 0xff, 0x3b, 0xff, 0x3a,
  0xff, 0x5b, 0xff, 0x5b, 0xff, 0x3b, 0xff, 0x1a, 0xf7, 0x3a, 0xff, 0x3a,
  0xff, 0x3b, 0xff, 0x3a, 0xff, 0x5b, 0xff, 0x3a, 0xf7, 0x3a, 0xff, 0x1a,
  0xff, 0x5b, 0xff, 0x1a, 0xff, 0x3b, 0xff, 0x3a, 0xf7, 0x1a, 0xff, 0x1a,
  0xff, 0x5b, 0xff, 0x3a, 0xf7, 0x3a, 0xff, 0x1a, 0xff, 0x5b, 0xff, 0x1a,
  0xff, 0x3b, 0xff, 0x5b, 0xff, 0x5b, 0xff, 0x1a, 0xff, 0x3b, 0xfe, 0xfa,
  0xff, 0x3a, 0xff, 0x1a, 0xe7, 0x19, 0xce, 0x55, 0xc6, 0x57, 0xce, 0x77,
  0xc6, 0x77, 0xce, 0xb8, 0xc6, 0x98, 0xc6, 0x77, 0xce, 0xb9, 0xce, 0x78,
  0xbe, 0x58, 0xc6, 0x57, 0xbe, 0x78, 0xbe, 0x57, 0xbe, 0x58, 0xbe, 0x37,
  0xbe, 0x79, 0xb6, 0x17, 0xae, 0x37, 0xbe, 0x57, 0xb6, 0x78, 0xbe, 0x98,
  0xb6, 0x58, 0xc6, 0x99, 0xbe, 0x59, 0xbe, 0x38, 0xbe, 0x79, 0xc6, 0x99,
  0xbe, 0x77, 0xc6, 0x76, 0xe6, 0xb7, 0xff, 0x19, 0xf7, 0x3a, 0xff, 0x3a,
  0xff, 0x5b, 0xff, 0x1a, 0xf7, 0x3a, 0xff, 0x3a, 0xff, 0x5b, 0xff, 0x3a,
  0xf7, 0x3a, 0xff, 0x3a, 0xff, 0x3b, 0xff, 0x3a, 0xff, 0x5b, 0xff, 0x5b,
  0xf7, 0x3a, 0xff, 0x3a, 0xf7, 0x3a, 0xff, 0x3a, 0xff, 0x5b, 0xff, 0x3a,
  0xff, 0x3b, 0xff, 0x1a, 0xff, 0x5b, 0xff, 0x3a, 0xf7, 0x3a, 0xff, 0x5b,
  0xff, 0x5b, 0xff, 0x3a, 0xff, 0x5b, 0xff, 0x3a, 0xff, 0x3b, 0xff, 0x3a,
  0xff, 0x5b, 0xff, 0x5b, 0xff, 0x7b, 0xff, 0x5b, 0xff, 0x5b, 0xff, 0x3a,
  0xff, 0x5b, 0xff, 0x5b, 0xff, 0x5b, 0xff, 0x1a, 0xff, 0x3b, 0xff, 0x3b,
  0xff, 0x5b, 0xff, 0x3b, 0xff, 0x5b, 0xff, 0x3b, 0xf7, 0x3b, 0xff, 0x3a,
  0xff, 0x5b, 0xff, 0x3b, 0xf7, 0x3b, 0xff, 0x3b, 0xf7, 0x3b, 0xff, 0x1a,
  0xff, 0x5b, 0xff, 0x3b, 0xff, 0x3b, 0xff, 0x1a, 0xff, 0x5b, 0xff, 0x3b,
  0xff, 0x3b, 0xff, 0x5b, 0xff, 0x5c, 0xff, 0x1a, 0xf7, 0x3b, 0xff, 0x1a,
  0xf7, 0x3b, 0xff, 0x5b, 0xff, 0x5b, 0xff, 0x3b, 0xf7, 0x3b, 0xff, 0x3b,
  0xff, 0x5b, 0xff, 0x1a, 0xff, 0x5b, 0xff, 0x3b, 0xf7, 0x3b, 0xff, 0x5b,
  0xff, 0x5b, 0xff, 0x3a, 0xff, 0x5b, 0xff, 0x3a, 0xff, 0x5b, 0xff, 0x5b,
  0xff, 0x7b, 0xff, 0x5b, 0xf7, 0x3b, 0xff, 0x5b, 0xff, 0x5b, 0xff, 0x3a,
  0xf7, 0x3a, 0xff, 0x1a, 0xff, 0x5b, 0xff, 0x3a, 0xff, 0x5b, 0xff, 0x5b,
  0xff, 0x5b, 0xff, 0x3a, 0xf7, 0x3b, 0xff, 0x3b, 0xff, 0x3b, 0xff, 0x3b,
  0xff, 0x5b, 0xff, 0x1a, 0xf7, 0x1b, 0xff, 0x3b, 0xff, 0x5b, 0xff, 0x3b,
  0xf7, 0x3b, 0xff, 0x3b, 0xf7, 0x3b, 0xff, 0x3a, 0xff, 0x7b, 0xff, 0x5b,
  0xf7, 0x3b, 0xff, 0x3a, 0xf7, 0x3a, 0xff, 0x1a, 0xff, 0x5b, 0xff, 0x3a,
  0xff, 0x5a, 0xff, 0x7b, 0xff, 0x3a, 0xff, 0x5b, 0xff, 0x5b, 0xff, 0x5b,
  0xff, 0x5a, 0xff, 0x7b, 0xff, 0x59, 0xff, 0x5a, 0xff, 0x39, 0xf7, 0x39,
  0xf7, 0x19, 0xf7, 0x39, 0xf7, 0x39, 0xf7, 0x3a, 0xff, 0x3a, 0xf7, 0x3a,
  0xff, 0x39, 0xf7, 0x19, 0xff, 0x3a, 0xff, 0x3a, 0xff, 0x1a, 0xff, 0x3b,
  0xff, 0x3a, 0xff, 0x5b, 0xff, 0x5a, 0xff, 0x5b, 0xff, 0x5a, 0xff, 0x7b,
  0xff, 0x3a, 0xff, 0x3a, 0xff, 0x3a, 0xff, 0x3a, 0xff, 0x1a, 0xff, 0x3a,
  0xff, 0x3a, 0xff, 0x3a, 0xff, 0x3a, 0xf7, 0x3a, 0xff, 0x3a, 0xf7, 0x3a,
  0xff, 0x3a, 0xff, 0x3a, 0xff, 0x3a, 0xff, 0x5b, 0xff, 0x5a, 0xff, 0x3a,
  0xff, 0x3a, 0xff, 0x7b, 0xff, 0x3a, 0xff, 0x5a, 0xff, 0x5a, 0xff, 0x3a,
  0xff, 0x5a, 0xff, 0x5b, 0xff, 0x5a, 0xff, 0x5b, 0xff, 0x5a, 0xff, 0x5b,
  0xff, 0x3a, 0xff, 0x5b, 0xff, 0x3a, 0xff, 0x5a, 0xff, 0x3a, 0xff, 0x3a,
  0xff, 0x3a, 0xff, 0x5b, 0xff, 0x3a, 0xff, 0x5b, 0xff, 0x19, 0xff, 0x3a,
  0xff, 0x3a, 0xf7, 0x1a, 0xff, 0x3a, 0xff, 0x3a, 0xff, 0x3a, 0xff, 0x5b,
  0xff, 0x5a, 0xff, 0x5b, 0xff, 0x5a, 0xff, 0x5b, 0xff, 0x3a, 0xff, 0x3b,
  0xff, 0x19, 0xff, 0x3a, 0xff, 0x39, 0xee, 0xd8, 0xc6, 0x36, 0xc6, 0x77,
  0xce, 0x97, 0xc6, 0x97, 0xce, 0x97, 0xbe, 0x77, 0xce, 0x57, 0xce, 0x98,
  0xce, 0x98, 0xbe, 0x37, 0xc6, 0x78, 0xbe, 0x78, 0xad, 0xd6, 0xb6, 0x17,
  0xc6, 0x78, 0xbe, 0x98, 0xbe, 0x57, 0xae, 0x37, 0xb6, 0x16, 0xbe, 0xb9,
  0xc6, 0xb8, 0xb6, 0x57, 0xc6, 0x79, 0xd6, 0xfb, 0xbe, 0x58, 0xc6, 0x99,
  0xc6, 0xd9, 0xb6, 0x78, 0xc6, 0x15, 0xde, 0xf9, 0xff, 0x38, 0xff, 0x59,
  0xff, 0x3a, 0xf7, 0x3a, 0xff, 0x1a, 0xff, 0x3a, 0xff, 0x19, 0xff, 0x3a,
  0xff, 0x3a, 0xff, 0x5a, 0xff, 0x3a, 0xff, 0x7b, 0xff, 0x3a, 0xff, 0x7b,
  0xff, 0x5a, 0xff, 0x5a, 0xff, 0x3a, 0xff, 0x5b, 0xff, 0x1a, 0xff, 0x5b,
  0xff, 0x3a, 0xff, 0x3a, 0xff, 0x3a, 0xff, 0x3a, 0xff, 0x1a, 0xff, 0x5a,
  0xff, 0x3a, 0xff, 0x3a, 0xff, 0x3a, 0xff, 0x5b, 0xff, 0x5a, 0xf7, 0x3a,
  0xff, 0x3a, 0xff, 0x7b, 0xff, 0x5a, 0xff, 0x5a, 0xff, 0x7b, 0xff, 0x5b,
  0xff, 0x5a, 0xff, 0x7b, 0xff, 0x5a, 0xff, 0x5b, 0xff, 0x5b, 0xff, 0x7b,
  0xff, 0x3a, 0xff, 0x5b, 0xff, 0x3a, 0xff, 0x5b, 0xff, 0x3a, 0xff, 0x5b,
  0xff, 0x3a, 0xff, 0x5b, 0xff, 0x3a, 0xff, 0x5b, 0xff, 0x3a, 0xf7, 0x3a,
  0xff, 0x3a, 0xf7, 0x1a, 0xff, 0x3a, 0xff, 0x5b, 0xff, 0x3a, 0xff, 0x5b,
  0xff, 0x5b, 0xff, 0x5b, 0xff, 0x5b, 0xff, 0x5b, 0xff, 0x3a, 0xff, 0x3b,
  0xff, 0x3a, 0xff, 0x3b, 0xff, 0x3a, 0xff, 0x5b, 0xff, 0x3a, 0xff, 0x5b,
  0xff, 0x3a, 0xf7, 0x3a, 0xff, 0x3a, 0xff, 0x3b, 0xff, 0x3a, 0xff, 0x5b,
  0xff, 0x5a, 0xff, 0x7b, 0xff, 0x3a, 0xff, 0x5b, 0xff, 0x5b, 0xff, 0x5b,
  0xff, 0x3a, 0xff, 0x7b, 0xff, 0x3a, 0xff, 0x5b, 0xff, 0x5b, 0xff, 0x7b,
  0xff, 0x5b, 0xff, 0x7b, 0xff, 0x5b, 0xff, 0x5b, 0xff, 0x5b, 0xff, 0x5b,
  0xff, 0x3a, 0xff, 0x5b, 0xff, 0x3a, 0xff, 0x5b, 0xff, 0x5b, 0xff, 0x5b,
  0xff, 0x5b, 0xff, 0x3b, 0xff, 0x1a, 0xff, 0x5b, 0xff, 0x1a, 0xff, 0x5b,
  0xff, 0x3a, 0xff, 0x5b, 0xff, 0x3a, 0xff, 0x5b, 0xff, 0x5a, 0xff, 0x7b,
  0xff, 0x5a, 0xff, 0x5b, 0xff, 0x3a, 0xff, 0x5a, 0xff, 0x3a, 0xff, 0x5b,
  0xff, 0x3a, 0xff, 0x3a, 0xff, 0x5b, 0xff, 0x3a, 0xff, 0x5a, 0xff, 0x39,
  0xf7, 0x39, 0xf7, 0x18, 0xe7, 0x1a, 0xef, 0x1a, 0xef, 0x5c, 0xf7, 0x5c,
  0xef, 0x5c, 0xf7, 0x5c, 0xf7, 0x7c, 0xf7, 0x5c, 0xf7, 0x7d, 0xf7, 0x7d,
  0xf7, 0x5b, 0xee, 0xf9, 0xf7, 0x3a, 0xff, 0x5a, 0xff, 0x5b, 0xff, 0x5b,
  0xf7, 0x3b, 0xf7, 0x1a, 0xf7, 0x3b, 0xff, 0x5b, 0xff, 0x5b, 0xff, 0x3a,
  0xf7, 0x1a, 0xff, 0x3a, 0xff, 0x5b, 0xff, 0x1a, 0xf7, 0x3a, 0xff, 0x3a,
  0xff, 0x3b, 0xff, 0x3a, 0xf7, 0x3a, 0xff, 0x3a, 0xff, 0x5b, 0xff, 0x5b,
  0xff, 0x5b, 0xff, 0x3a, 0xff, 0x3b, 0xff, 0x3a, 0xff, 0x5b, 0xff, 0x1a,
  0xf7, 0x3a, 0xff, 0x3a, 0xff, 0x5b, 0xff, 0x1a, 0xff, 0x5b, 0xff, 0x5b,
  0xf7, 0x3a, 0xff, 0x3a, 0xf7, 0x3b, 0xff, 0x3a, 0xff, 0x3b, 0xff, 0x1a,
  0xf7, 0x3a, 0xff, 0x3a, 0xff, 0x5b, 0xff, 0x3a, 0xff, 0x5b, 0xff, 0x3a,
  0xff, 0x5b, 0xff, 0x3a, 0xff, 0x3b, 0xff, 0x3a, 0xff, 0x3b, 0xff, 0x5b,
  0xff, 0x3b, 0xff, 0x3a, 0xff, 0x5b, 0xff, 0x3a, 0xf7, 0x1a, 0xff, 0x1a,
  0xff, 0x5b, 0xff, 0x5b, 0xff, 0x5b, 0xf7, 0x1a, 0xff, 0x3b, 0xff, 0x3b,
  0xf7, 0x3a, 0xff, 0x3a, 0xff, 0x3a, 0xfe, 0xf9, 0xde, 0xf8, 0xc5, 0xf4,
  0xbe, 0x58, 0xc6, 0x58, 0xc6, 0x97, 0xce, 0x77, 0xbe, 0x78, 0xbe, 0x36,
  0xc6, 0x99, 0xce, 0x98, 0xbe, 0x78, 0xc6, 0x78, 0xb6, 0x37, 0xb6, 0x17,
  0xb6, 0x38, 0xbe, 0x58, 0xae, 0x38, 0xb6, 0x37, 0xae, 0x37, 0xbe, 0x58,
  0xbe, 0x99, 0xbe, 0x58, 0xb6, 0x58, 0xbe, 0x78, 0xc6, 0xba, 0xce, 0xb9,
  0xae, 0x18, 0xbe, 0x59, 0xbe, 0x99, 0xad, 0xd6, 0xd6, 0x56, 0xee, 0xf9,
  0xff, 0x3a, 0xff, 0x39, 0xff, 0x7b, 0xff, 0x3a, 0xff, 0x3b, 0xff, 0x3b,
  0xff, 0x5b, 0xff, 0x1a, 0xf7, 0x3a, 0xff, 0x3a, 0xff, 0x5b, 0xff, 0x3a,
  0xf7, 0x1a, 0xff, 0x3a, 0xff, 0x5b, 0xff, 0x1a, 0xf7, 0x3a, 0xff, 0x3a,
  0xf7, 0x3a, 0xff, 0x3a, 0xff, 0x3b, 0xff, 0x3a, 0xff, 0x5b, 0xff, 0x5b,
  0xff, 0x5b, 0xff, 0x5b, 0xff, 0x3b, 0xff, 0x3a, 0xff, 0x5b, 0xff, 0x1a,
  0xf7, 0x3a, 0xff, 0x3a, 0xff, 0x5b, 0xff, 0x3a, 0xff, 0x5b, 0xff, 0x5b,
  0xff, 0x5b, 0xff, 0x3a, 0xff, 0x5b, 0xff, 0x3a, 0xff, 0x5b, 0xff, 0x3a,
  0xf7, 0x3b, 0xff, 0x3a, 0xff, 0x5b, 0xff, 0x3b, 0xff, 0x3b, 0xff, 0x3b,
  0xff, 0x5b, 0xff, 0x3b, 0xff, 0x3b, 0xff, 0x3b, 0xff, 0x5b, 0xff, 0x5b,
  0xff, 0x5b, 0xff, 0x3b, 0xff, 0x5b, 0xff, 0x3b, 0xf7, 0x1a, 0xff, 0x1a,
  0xff, 0x5b, 0xff, 0x5b, 0xff, 0x5b, 0xff, 0x1a, 0xf7, 0x3b, 0xff, 0x5b,
  0xff, 0x3b, 0xff, 0x1a, 0xff, 0x5b, 0xff, 0x1a, 0xff, 0x5b, 0xff, 0x3a,
  0xff, 0x5b, 0xff, 0x3b, 0xff, 0x5c, 0xff, 0x5b, 0xff, 0x5b, 0xff, 0x3b,
  0xff, 0x5b, 0xff, 0x5b, 0xf7, 0x3a, 0xff, 0x3a, 0xff, 0x3b, 0xff, 0x5b,
  0xff, 0x3b, 0xff, 0x3a, 0xff, 0x5b, 0xff, 0x3a, 0xff, 0x5b, 0xff, 0x3a,
  0xff, 0x5b, 0xff, 0x3a, 0xf7, 0x3b, 0xff, 0x1a, 0xff, 0x5b, 0xff, 0x3b,
  0xff, 0x5b, 0xff, 0x3b, 0xff, 0x5b, 0xff, 0x3b, 0xff, 0x5b, 0xff, 0x3a,
  0xff, 0x3b, 0xff, 0x3b, 0xff, 0x7b, 0xff, 0x5b, 0xff, 0x5b, 0xff, 0x5b,
  0xff, 0x5b, 0xff, 0x1a, 0xf7, 0x3b, 0xff, 0x3b, 0xff, 0x7b, 0xff, 0x5b,
  0xf7, 0x3a, 0xff, 0x1a, 0xff, 0x5b, 0xff, 0x3a, 0xf7, 0x3a, 0xff, 0x3a,
  0xff, 0x5b, 0xff, 0x5b, 0xff, 0x59, 0xf7, 0x39, 0xf7, 0x18, 0xf7, 0x39,
  0xf7, 0x3b, 0xf7, 0x5b, 0xff, 0x9c, 0xff, 0xde, 0xff, 0xde, 0xff, 0xdf,
  0xff, 0xbe, 0xff, 0xbf, 0xff, 0xbe, 0xff, 0xbe, 0xff, 0x9c, 0xf7, 0x5c,
  0xee, 0xf8, 0xe6, 0xb8, 0xf6, 0xf8, 0xff, 0x7a, 0xff, 0x5b, 0xff, 0x3b,
  0xff, 0x5a, 0xff, 0x3a, 0xff, 0x3a, 0xff, 0x5b, 0xff, 0x3a, 0xff, 0x3a,
  0xff, 0x3a, 0xff, 0x5a, 0xff, 0x1a, 0xf7, 0x1a, 0xff, 0x3a, 0xff, 0x5b,
  0xff, 0x19, 0xff, 0x5b, 0xff, 0x3a, 0xff, 0x3a, 0xff, 0x3a, 0xff, 0x5b,
  0xff, 0x19, 0xff, 0x5b, 0xff, 0x5a, 0xff, 0x3a, 0xff, 0x3a, 0xff, 0x7b,
  0xff, 0x3a, 0xff, 0x3a, 0xff, 0x5a, 0xff, 0x5b, 0xff, 0x5a, 0xff, 0x5b,
  0xff, 0x3a, 0xff, 0x5b, 0xff, 0x3a, 0xff, 0x5b, 0xff, 0x3a, 0xff, 0x5a,
  0xff, 0x3a, 0xff, 0x3a, 0xff, 0x3a, 0xff, 0x5b, 0xff, 0x3a, 0xff, 0x7b,
  0xff, 0x3a, 0xff, 0x3a, 0xff, 0x3a, 0xf7, 0x3a, 0xff, 0x3a, 0xff, 0x5b,
  0xff, 0x5a, 0xff, 0x7b, 0xff, 0x3a, 0xff, 0x5b, 0xff, 0x1a, 0xff, 0x3a,
  0xff, 0x3a, 0xff, 0x5a, 0xff, 0x3a, 0xff, 0x5a, 0xff, 0x3a, 0xff, 0x3b,
  0xfe, 0xf9, 0xff, 0x3b, 0xff, 0x3a, 0xff, 0x3a, 0xff, 0x59, 0xee, 0xf8,
  0xc6, 0x36, 0xce, 0x98, 0xce, 0x97, 0xce, 0xb8, 0xce, 0xb8, 0xbe, 0x77,
  0xb6, 0x16, 0xc6, 0x98, 0xce, 0xb8, 0xbe, 0x57, 0xbe, 0x57, 0xbe, 0x78,
  0xbe, 0x57, 0xb6, 0x37, 0xbe, 0x58, 0xbe, 0x79, 0xbe, 0x57, 0xbe, 0x98,
  0xbe, 0x57, 0xb6, 0x58, 0xbe, 0x57, 0xae, 0x37, 0xb6, 0x17, 0xc6, 0xba,
  0xc6, 0xba, 0xb6, 0x59, 0xb6, 0x79, 0xb6, 0x99, 0xb6, 0x16, 0xbe, 0x77,
  0xf6, 0xb7, 0xff, 0x39, 0xff, 0x3a, 0xff, 0x5a, 0xff, 0x5b, 0xff, 0x5b,
  0xff, 0x3a, 0xff, 0x3a, 0xff, 0x19, 0xff, 0x5a, 0xff, 0x3a, 0xff, 0x3a,
  0xff, 0x3a, 0xff, 0x5b, 0xff, 0x3a, 0xf7, 0x1a, 0xff, 0x1a, 0xff, 0x5b,
  0xff, 0x3a, 0xff, 0x5b, 0xff, 0x5a, 0xff, 0x3a, 0xff, 0x3a, 0xff, 0x5b,
  0xff, 0x1a, 0xff, 0x3a, 0xff, 0x5a, 0xff, 0x5b, 0xff, 0x5a, 0xff, 0x7b,
  0xff, 0x5a, 0xff, 0x5a, 0xff, 0x3a, 0xff, 0x5b, 0xff, 0x5a, 0xff, 0x5b,
  0xff, 0x5a, 0xff, 0x5b, 0xff, 0x5a, 0xff, 0x7b, 0xff, 0x5a, 0xff, 0x5b,
  0xff, 0x5a, 0xff, 0x5b, 0xff, 0x3a, 0xff, 0x5b, 0xff, 0x5b, 0xff, 0x7b,
  0xff, 0x5b, 0xff, 0x3b, 0xff, 0x3a, 0xff, 0x3b, 0xff, 0x5b, 0xff, 0x7b,
  0xff, 0x5b, 0xff, 0x7b, 0xff, 0x5b, 0xff, 0x5b, 0xff, 0x3a, 0xf7, 0x3a,
  0xff, 0x3a, 0xff, 0x5b, 0xff, 0x3a, 0xff, 0x5a, 0xff, 0x3a, 0xff, 0x5a,
  0xff, 0x1a, 0xff, 0x3b, 0xff, 0x5b, 0xff, 0x3b, 0xff, 0x3a, 0xff, 0x7b,
  0xff, 0x3a, 0xff, 0x5b, 0xff, 0x3a, 0xff, 0x3b, 0xff, 0x3a, 0xff, 0x7b,
  0xff, 0x3a, 0xff, 0x5b, 0xff, 0x5b, 0xff, 0x5b, 0xff, 0x3a, 0xff, 0x5b,
  0xff, 0x5a, 0xff, 0x5b, 0xff, 0x5a, 0xff, 0x5b, 0xff, 0x5a, 0xff, 0x5b,
  0xff, 0x5a, 0xff, 0x5b, 0xff, 0x3a, 0xff, 0x5b, 0xff, 0x3a, 0xff, 0x3b,
  0xff, 0x5b, 0xff, 0x5b, 0xff, 0x5b, 0xff, 0x5b, 0xff, 0x3a, 0xff, 0x5b,
  0xff, 0x3a, 0xff, 0x5b, 0xff, 0x5b, 0xff, 0x5b, 0xff, 0x7b, 0xff, 0x5b,
  0xff, 0x3a, 0xff, 0x5b, 0xff, 0x1a, 0xff, 0x3b, 0xff, 0x5a, 0xff, 0x5b,
  0xff, 0x3a, 0xff, 0x5b, 0xff, 0x3a, 0xf7, 0x3a, 0xff, 0x1a, 0xff, 0x5b,
  0xf7, 0x3a, 0xf7, 0x19, 0xef, 0x1a, 0xf7, 0x3a, 0xf7, 0x5c, 0xff, 0x9d,
  0xff, 0xdf, 0xff, 0xbe, 0xff, 0xbe, 0xff, 0xbe, 0xff, 0xde, 0xff, 0x9d,
  0xf7, 0x7c, 0xf7, 0x3b, 0xef, 0x19, 0xe6, 0xb7, 0xe6, 0xd7, 0xe6, 0xb6,
  0xe6, 0xd7, 0xf7, 0x38, 0xff, 0x5b, 0xff, 0x3a, 0xff, 0x5c, 0xff, 0x3b,
  0xff, 0x3b, 0xff, 0x3b, 0xff, 0x3b, 0xff, 0x1a, 0xf7, 0x1a, 0xff, 0x3a,
  0xff, 0x3b, 0xff, 0x3a, 0xf7, 0x3a, 0xff, 0x1a, 0xff, 0x3b, 0xff, 0x3a,
  0xff, 0x3b, 0xff, 0x3a, 0xff, 0x5b, 0xff, 0x3a, 0xf7, 0x3a, 0xff, 0x5b,
  0xf7, 0x3a, 0xff, 0x3a, 0xff, 0x5b, 0xff, 0x3a, 0xff, 0x5b, 0xff, 0x3a,
  0xf7, 0x3a, 0xff, 0x1a, 0xf7, 0x3a, 0xff, 0x1a, 0xff, 0x3b, 0xff, 0x5b,
  0xf7, 0x3b, 0xff, 0x3a, 0xf7, 0x3a, 0xff, 0x3a, 0xff, 0x3b, 0xff, 0x1a,
  0xff, 0x3b, 0xff, 0x5b, 0xff, 0x3b, 0xff, 0x3a, 0xff, 0x5b, 0xff, 0x3a,
  0xf7, 0x3a, 0xff, 0x3a, 0xff, 0x5b, 0xff, 0x3a, 0xff, 0x5b, 0xff, 0x3a,
  0xff, 0x5b, 0xff, 0x5b, 0xff, 0x5b, 0xff, 0x3a, 0xff, 0x3b, 0xff, 0x3a,
  0xf7, 0x1a, 0xff, 0x1a, 0xff, 0x5b, 0xff, 0x3a, 0xff, 0x3b, 0xff, 0x1a,
  0xf7, 0x1b, 0xff, 0x3a, 0xf7, 0x3b, 0xff, 0x3b, 0xff, 0x5b, 0xff, 0x5a,
  0xde, 0xd8, 0xc5, 0xf4, 0xbe, 0x78, 0xc6, 0x78, 0xbe, 0x78, 0xbe, 0x57,
  0xb6, 0x78, 0xbe, 0x78, 0xc6, 0x98, 0xc6, 0x78, 0xbe, 0x58, 0xc6, 0x58,
  0xae, 0x37, 0xb6, 0x17, 0xae, 0x38, 0xb6, 0x38, 0xae, 0x37, 0xbe, 0x78,
  0xbe, 0x99, 0xbe, 0x58, 0xae, 0x38, 0xb6, 0x58, 0xae, 0x78, 0xae, 0x58,
  0xb6, 0x79, 0xbe, 0x79, 0xb6, 0x59, 0xb6, 0x38, 0xb6, 0xba, 0xae, 0x58,
  0xc6, 0x15, 0xde, 0xd8, 0xff, 0x3a, 0xff, 0x19, 0xff, 0x7b, 0xff, 0x3a,
  0xff, 0x3b, 0xff, 0x3a, 0xff, 0x3b, 0xff, 0x1a, 0xf7, 0x3a, 0xff, 0x5b,
  0xff, 0x5b, 0xff, 0x3a, 0xff, 0x3b, 0xff, 0x1a, 0xff, 0x3b, 0xff, 0x3a,
  0xff, 0x3b, 0xff, 0x3a, 0xff, 0x5b, 0xff, 0x3a, 0xf7, 0x3a, 0xff, 0x5b,
  0xff, 0x3b, 0xff, 0x3a, 0xff, 0x5b, 0xff, 0x3a, 0xff, 0x5b, 0xff, 0x5b,
  0xf7, 0x3b, 0xff, 0x1a, 0xf7, 0x3a, 0xff, 0x3a, 0xf7, 0x3b, 0xff, 0x5b,
  0xff, 0x5b, 0xff, 0x3a, 0xf7, 0x3b, 0xff, 0x5b, 0xff, 0x5b, 0xff, 0x3a,
  0xf7, 0x3b, 0xff, 0x5b, 0xff, 0x5b, 0xff, 0x3b, 0xff, 0x5b, 0xff, 0x5b,
  0xff, 0x3b, 0xff, 0x3a, 0xff, 0x5b, 0xff, 0x3a, 0xff, 0x5b, 0xff, 0x5b,
  0xff, 0x5b, 0xff, 0x5b, 0xff, 0x5b, 0xff, 0x3a, 0xff, 0x5b, 0xff, 0x3a,
  0xf7, 0x3a, 0xff, 0x1a, 0xff, 0x5b, 0xff, 0x3a, 0xff, 0x5b, 0xff, 0x3a,
  0xf7, 0x3a, 0xff, 0x3a, 0xff, 0x5b, 0xff, 0x3a, 0xff, 0x5b, 0xff, 0x5b,
  0xff, 0x5b, 0xff, 0x3a, 0xff, 0x7b, 0xff, 0x3a, 0xff, 0x5b, 0xff, 0x5b,
  0xff, 0x5b, 0xff, 0x5b, 0xff, 0x7b, 0xff, 0x3a, 0xf7, 0x3b, 0xff, 0x1a,
  0xf7, 0x3a, 0xff, 0x1a, 0xff, 0x5b, 0xff, 0x3a, 0xff, 0x5b, 0xff, 0x3a,
  0xff, 0x5b, 0xff, 0x3a, 0xf7, 0x3b, 0xff, 0x3a, 0xff, 0x5b, 0xff, 0x3b,
  0xff, 0x5b, 0xff, 0x5b, 0xff, 0x5b, 0xff, 0x3a, 0xff, 0x5b, 0xff, 0x5b,
  0xff, 0x5b, 0xff, 0x3a, 0xff, 0x5b, 0xff, 0x5b, 0xff, 0x5b, 0xff, 0x5b,
  0xff, 0x3b, 0xff, 0x3b, 0xff, 0x5b, 0xff, 0x1a, 0xf7, 0x3a, 0xff, 0x3a,
  0xff, 0x5b, 0xff, 0x3a, 0xff, 0x5b, 0xff, 0x1a, 0xf7, 0x3b, 0xff, 0x3a,
  0xef, 0x19, 0xf7, 0x5a, 0xff, 0xbd, 0xff, 0xde, 0xff, 0xde, 0xff, 0xff,
  0xff, 0xbe, 0xff, 0xdf, 0xff, 0xde, 0xff, 0x9d, 0xff, 0x3a, 0xee, 0xf9,
  0xee, 0xd7, 0xf7, 0x38, 0xf6, 0xf8, 0xf7, 0x39, 0xff, 0x59, 0xff, 0x59,
  0xff, 0x7a, 0xff, 0x59, 0xff, 0x3a, 0xff, 0x5a, 0xff, 0x3a, 0xff, 0x5b,
  0xff, 0x3a, 0xff, 0x3b, 0xff, 0x3a, 0xff, 0x5b, 0xff, 0x5a, 0xff, 0x5b,
  0xff, 0x3a, 0xff, 0x5b, 0xff, 0x1a, 0xff, 0x3a, 0xff, 0x3a, 0xff, 0x5b,
  0xff, 0x3a, 0xff, 0x5b, 0xff, 0x1a, 0xff, 0x3a, 0xff, 0x1a, 0xff, 0x5b,
  0xff, 0x3a, 0xff, 0x5a, 0xff, 0x3a, 0xff, 0x5b, 0xff, 0x5a, 0xff, 0x3a,
  0xff, 0x3a, 0xff, 0x5b, 0xff, 0x1a, 0xff, 0x3a, 0xff, 0x5a, 0xff, 0x5b,
  0xff, 0x19, 0xff, 0x5a, 0xff, 0x3a, 0xff, 0x5b, 0xff, 0x5a, 0xff, 0x3a,
  0xff, 0x19, 0xff, 0x5b, 0xff, 0x3a, 0xff, 0x3a, 0xff, 0x5a, 0xff, 0x3a,
  0xff, 0x3a, 0xff, 0x5b, 0xff, 0x3a, 0xff, 0x5b, 0xff, 0x3a, 0xff, 0x3a,
  0xff, 0x3a, 0xff, 0x5a, 0xff, 0x3a, 0xff, 0x3a, 0xff, 0x3a, 0xff, 0x3a,
  0xff, 0x5a, 0xff, 0x5b, 0xff, 0x3a, 0xff, 0x5b, 0xff, 0x3a, 0xff, 0x3a,
  0xff, 0x3a, 0xff, 0x3b, 0xff, 0x3b, 0xff, 0x3b, 0xff, 0x5b, 0xf7, 0x3a,
  0xff, 0x39, 0xee, 0xb7, 0xc6, 0x56, 0xb6, 0x36, 0xbe, 0x57, 0xbe, 0x78,
  0xbe, 0x78, 0xb6, 0x78, 0xbe, 0x57, 0xc6, 0xb9, 0xc6, 0x78, 0xb6, 0x17,
  0xbe, 0x57, 0xb6, 0x37, 0xb6, 0x17, 0xae, 0x37, 0xb6, 0x37, 0xb6, 0x58,
  0xb5, 0xf7, 0xb6, 0x79, 0xbe, 0x78, 0xb6, 0x78, 0xae, 0x57, 0xae, 0x58,
  0xb6, 0x17, 0xae, 0x17, 0xbe, 0x79, 0xbe, 0x99, 0xa6, 0x17, 0xae, 0x79,
  0xbe, 0x57, 0xb6, 0x58, 0xe6, 0x97, 0xf7, 0x39, 0xff, 0x3a, 0xff, 0x5a,
  0xff, 0x3a, 0xff, 0x5a, 0xff, 0x3a, 0xff, 0x5b, 0xff, 0x5a, 0xff, 0x5b,
  0xff, 0x5a, 0xff, 0x5b, 0xff, 0x3a, 0xff, 0x3a, 0xff, 0x3a, 0xff, 0x5b,
  0xff, 0x3a, 0xff, 0x5b, 0xff, 0x19, 0xff, 0x5a, 0xff, 0x1a, 0xff, 0x5b,
  0xff, 0x5a, 0xff, 0x5b, 0xff, 0x3a, 0xff, 0x5b, 0xff, 0x5a, 0xff, 0x5a,
  0xff, 0x5a, 0xff, 0x5b, 0xff, 0x3a, 0xff, 0x3a, 0xff, 0x5b, 0xff, 0x5b,
  0xff, 0x3a, 0xff, 0x5b, 0xff, 0x5a, 0xff, 0x5b, 0xff, 0x5b, 0xff, 0x5b,
  0xff, 0x3a, 0xff, 0x5b, 0xff, 0x5b, 0xff, 0x3b, 0xff, 0x5b, 0xff, 0x5b,
  0xff, 0x3a, 0xff, 0x5b, 0xff, 0x5a, 0xff, 0x5b, 0xff, 0x3a, 0xf7, 0x3a,
  0xff, 0x5a, 0xff, 0x5b, 0xff, 0x5a, 0xff, 0x5b, 0xff, 0x3a, 0xff, 0x5a,
  0xff, 0x3a, 0xff, 0x7b, 0xff, 0x3a, 0xff, 0x5b, 0xff, 0x3a, 0xff, 0x3a,
  0xff, 0x3a, 0xf7, 0x3a, 0xff, 0x5a, 0xff, 0x5a, 0xff, 0x5a, 0xf7, 0x1a,
  0xff, 0x3a, 0xff, 0x3a, 0xff, 0x5a, 0xff, 0x5b, 0xff, 0x5a, 0xff, 0x5a,
  0xff, 0x5a, 0xff, 0x7b, 0xff, 0x3a, 0xff, 0x5b, 0xff, 0x5a, 0xff, 0x5b,
  0xff, 0x1a, 0xff, 0x7b, 0xff, 0x5a, 0xff, 0x3a, 0xff, 0x5a, 0xff, 0x5b,
  0xff, 0x5a, 0xff, 0x7b, 0xff, 0x5a, 0xf7, 0x3a, 0xff, 0x5b, 0xff, 0x5b,
  0xff, 0x3a, 0xff, 0x5b, 0xff, 0x5a, 0xff, 0x5b, 0xff, 0x5a, 0xff, 0x5b,
  0xff, 0x5a, 0xff, 0x5b, 0xff, 0x3a, 0xff, 0x5b, 0xff, 0x5a, 0xff, 0x5b,
  0xff, 0x5b, 0xff, 0x3b, 0xff, 0x3a, 0xff, 0x5b, 0xff, 0x5b, 0xff, 0x5b,
  0xff, 0x5a, 0xff, 0x5b, 0xff, 0x3a, 0xff, 0x5a, 0xff, 0x3a, 0xff, 0x5b,
  0xf7, 0x9d, 0xff, 0xde, 0xff, 0xdf, 0xff, 0xbf, 0xff, 0xbf, 0xff, 0xbe,
  0xff, 0xff, 0xff, 0x9d, 0xe6, 0xf8, 0xe6, 0xd7, 0xef, 0x18, 0xf7, 0x38,
  0xf7, 0x3b, 0xff, 0x3a, 0xff, 0x3a, 0xff, 0x5a, 0xff, 0x5b, 0xff, 0x5b,
  0xf7, 0x1b, 0xfe, 0xfa, 0xff, 0x3b, 0xff, 0x3a, 0xf7, 0x1a, 0xff, 0x3a,
  0xff, 0x3a, 0xff, 0x19, 0xff, 0x5b, 0xff, 0x5b, 0xff, 0x5b, 0xff, 0x3a,
  0xff, 0x3b, 0xff, 0x3a, 0xf7, 0x3a, 0xff, 0x3a, 0xff, 0x5b, 0xff, 0x3a,
  0xff, 0x3b, 0xff, 0x3a, 0xf7, 0x3a, 0xff, 0x1a, 0xff, 0x5b, 0xff, 0x3a,
  0xff, 0x3a, 0xff, 0x3a, 0xff, 0x5b, 0xff, 0x3a, 0xff, 0x5b, 0xff, 0x1a,
  0xff, 0x5b, 0xff, 0x5a, 0xff, 0x5b, 0xff, 0x1a, 0xff, 0x3b, 0xff, 0x3a,
  0xf7, 0x3b, 0xff, 0x3a, 0xff, 0x5b, 0xff, 0x3a, 0xff, 0x5b, 0xff, 0x3a,
  0xf7, 0x3a, 0xff, 0x3a, 0xf7, 0x3b, 0xff, 0x3a, 0xff, 0x3b, 0xff, 0x1a,
  0xff, 0x5b, 0xff, 0x3a, 0xff, 0x5b, 0xff, 0x1a, 0xf7, 0x1a, 0xff, 0x3a,
  0xff, 0x5b, 0xf7, 0x1a, 0xff, 0x3b, 0xff, 0x3a, 0xf7, 0x1a, 0xff, 0x3a,
  0xff, 0x5b, 0xff, 0x3a, 0xff, 0x3b, 0xff, 0x1a, 0xff, 0x3b, 0xff, 0x1a,
  0xff, 0x3b, 0xff, 0x3a, 0xff, 0x5b, 0xff, 0x3a, 0xff, 0x5b, 0xff, 0x1a,
  0xf7, 0x1a, 0xff, 0x3a, 0xe7, 0x19, 0xc5, 0xf4, 0xb6, 0x78, 0xb6, 0x57,
  0xb6, 0x58, 0xbe, 0x58, 0xb6, 0x78, 0xbe, 0x78, 0xbe, 0x58, 0xc6, 0x78,
  0xb6, 0x58, 0xc6, 0x78, 0xb6, 0x58, 0xb6, 0x38, 0xb6, 0x58, 0xbe, 0x58,
  0xb6, 0x79, 0xb6, 0x17, 0xb6, 0x59, 0xb6, 0x38, 0xa6, 0x37, 0xb6, 0x78,
  0xae, 0x58, 0xae, 0x38, 0xa6, 0x18, 0xbe, 0x99, 0xbe, 0xbb, 0xad, 0xf8,
  0xae, 0x39, 0xbe, 0x79, 0xad, 0xf5, 0xc6, 0x57, 0xf6, 0xf9, 0xff, 0x19,
  0xff, 0x5b, 0xff, 0x19, 0xff, 0x3a, 0xff, 0x5a, 0xff, 0x5b, 0xff, 0x3a,
  0xff, 0x3b, 0xff, 0x3a, 0xf7, 0x3a, 0xff, 0x3a, 0xff, 0x5b, 0xff, 0x3a,
  0xff, 0x3b, 0xff, 0x3a, 0xf7, 0x3a, 0xff, 0x1a, 0xff, 0x5b, 0xff, 0x5b,
  0xff, 0x3b, 0xff, 0x3a, 0xff, 0x5b, 0xff, 0x3a, 0xff, 0x5b, 0xff, 0x1a,
  0xff, 0x5b, 0xff, 0x5b, 0xff, 0x5b, 0xff, 0x3a, 0xf7, 0x3b, 0xff, 0x3b,
  0xf7, 0x3b, 0xff, 0x5b, 0xff, 0x5b, 0xff, 0x3a, 0xff, 0x5b, 0xff, 0x3a,
  0xf7, 0x3b, 0xff, 0x5b, 0xff, 0x5b, 0xff, 0x3a, 0xff, 0x5b, 0xff, 0x3a,
  0xff, 0x5b, 0xff, 0x5b, 0xff, 0x5b, 0xff, 0x3a, 0xf7, 0x1a, 0xff, 0x3a,
  0xff, 0x5b, 0xff, 0x1a, 0xff, 0x3b, 0xff, 0x5b, 0xf7, 0x3a, 0xff, 0x3a,
  0xff, 0x5b, 0xff, 0x5b, 0xff, 0x5b, 0xff, 0x3a, 0xff, 0x5b, 0xff, 0x3a,
  0xff, 0x5b, 0xff, 0x5b, 0xff, 0x5b, 0xff, 0x3a, 0xff, 0x5b, 0xff, 0x3a,
  0xf7, 0x3a, 0xff, 0x3a, 0xff, 0x5b, 0xff, 0x3a, 0xf7, 0x3b, 0xff, 0x5b,
  0xff, 0x5b, 0xff, 0x3a, 0xf7, 0x3b, 0xff, 0x3a, 0xff, 0x5b, 0xff, 0x5b,
  0xf7, 0x3b, 0xff, 0x3a, 0xff, 0x5b, 0xff, 0x3a, 0xff, 0x5b, 0xff, 0x5b,
  0xff, 0x5b, 0xff, 0x5b, 0xff, 0x5b, 0xff, 0x3a, 0xff, 0x5b, 0xff, 0x5b,
  0xff, 0x5b, 0xff, 0x3a, 0xf7, 0x3b, 0xff, 0x3a, 0xff, 0x5b, 0xff, 0x5b,
  0xff, 0x5b, 0xff, 0x1a, 0xff, 0x3b, 0xff, 0x3a, 0xff, 0x3b, 0xff, 0x1a,
  0xff, 0x5b, 0xff, 0x1a, 0xff, 0x3b, 0xff, 0x5b, 0xff, 0x5b, 0xff, 0x3a,
  0xf7, 0x3b, 0xff, 0x3a, 0xf7, 0x3b, 0xff, 0x3a, 0xff, 0x5b, 0xff, 0x5b,
  0xff, 0xbe, 0xff, 0xdf, 0xff, 0xbe, 0xff, 0xbe, 0xff, 0xbe, 0xff, 0xde,
  0xf7, 0x39, 0xde, 0xb7, 0xee, 0xd7, 0xf7, 0x59, 0xff, 0x5a, 0xff, 0x5a,
  0xff, 0x1a, 0xff, 0x3b, 0xff, 0x3a, 0xff, 0x5b, 0xff, 0x3a, 0xff, 0x5b,
  0xff, 0x3a, 0xff, 0x5b, 0xff, 0x5a, 0xff, 0x5b, 0xff, 0x3a, 0xff, 0x5a,
  0xff, 0x3a, 0xff, 0x5a, 0xff, 0x5a, 0xf7, 0x3a, 0xff, 0x3a, 0xff, 0x5a,
  0xff, 0x3a, 0xff, 0x3a, 0xff, 0x3a, 0xff, 0x5a, 0xff, 0x5a, 0xff, 0x3a,
  0xff, 0x3a, 0xff, 0x3a, 0xff, 0x3a, 0xff, 0x3a, 0xff, 0x5a, 0xff, 0x5b,
  0xff, 0x5a, 0xff, 0x7b, 0xff, 0x3a, 0xff, 0x5b, 0xff, 0x3a, 0xff, 0x3a,
  0xff, 0x5a, 0xff, 0x5b, 0xff, 0x3a, 0xff, 0x5b, 0xff, 0x3a, 0xff, 0x5b,
  0xff, 0x3a, 0xff, 0x3a, 0xff, 0x3a, 0xff, 0x5a, 0xff, 0x3a, 0xf7, 0x3a,
  0xff, 0x3a, 0xff, 0x5b, 0xff, 0x3a, 0xf7, 0x3a, 0xff, 0x3a, 0xff, 0x3a,
  0xff, 0x3a, 0xff, 0x5a, 0xff, 0x3a, 0xff, 0x5b, 0xff, 0x3a, 0xff, 0x5b,
  0xff, 0x5a, 0xff, 0x5b, 0xff, 0x3a, 0xf7, 0x3a, 0xff, 0x3a, 0xff, 0x5b,
  0xff, 0x1a, 0xff, 0x3a, 0xff, 0x3a, 0xff, 0x3a, 0xff, 0x3a, 0xff, 0x5b,
  0xff, 0x3a, 0xff, 0x7b, 0xff, 0x3a, 0xff, 0x3a, 0xff, 0x3a, 0xff, 0x3b,
  0xff, 0x3a, 0xff, 0x5b, 0xff, 0x59, 0xe6, 0xd7, 0xbe, 0x36, 0xbe, 0x77,
  0xc6, 0x78, 0xbe, 0x58, 0xbe, 0x57, 0xb6, 0x78, 0xb6, 0x37, 0xb6, 0x78,
  0xce, 0xda, 0xbe, 0x58, 0xb6, 0x37, 0xae, 0x17, 0xb6, 0x37, 0xb6, 0x38,
  0xb6, 0x37, 0xb6, 0x79, 0xb6, 0x38, 0xae, 0x38, 0xb6, 0x58, 0xae, 0x38,
  0xad, 0xf7, 0xae, 0x59, 0xb6, 0x79, 0xa6, 0x38, 0xb6, 0x38, 0xb6, 0x79,
  0xae, 0x38, 0xa6, 0x39, 0xb6, 0x78, 0xa6, 0x37, 0xd6, 0x56, 0xef, 0x3a,
  0xff, 0x19, 0xff, 0x3a, 0xff, 0x5a, 0xff, 0x3a, 0xff, 0x3a, 0xff, 0x5a,
  0xff, 0x3a, 0xff, 0x5b, 0xff, 0x5a, 0xff, 0x5a, 0xff, 0x5a, 0xff, 0x5a,
  0xff, 0x3a, 0xff, 0x5a, 0xff, 0x3a, 0xff, 0x3a, 0xff, 0x5a, 0xff, 0x5b,
  0xff, 0x5a, 0xff, 0x7b, 0xff, 0x5a, 0xff, 0x5b, 0xff, 0x5a, 0xff, 0x3a,
  0xff, 0x5a, 0xff, 0x5b, 0xff, 0x5a, 0xff, 0x7b, 0xff, 0x1a, 0xff, 0x5b,
  0xff, 0x5a, 0xff, 0x5b, 0xff, 0x3a, 0xff, 0x5a, 0xff, 0x3a, 0xff, 0x5b,
  0xff, 0x3a, 0xff, 0x5b, 0xff, 0x5a, 0xff, 0x5a, 0xff, 0x3a, 0xff, 0x5a,
  0xff, 0x3a, 0xff, 0x5b, 0xff, 0x5a, 0xff, 0x5b, 0xff, 0x5a, 0xff, 0x7b,
  0xff, 0x5a, 0xff, 0x5b, 0xff, 0x3a, 0xff, 0x5a, 0xff, 0x3a, 0xff, 0x5b,
  0xff, 0x3a, 0xff, 0x3a, 0xff, 0x5a, 0xff, 0x5a, 0xff, 0x3a, 0xff, 0x5b,
  0xff, 0x3a, 0xff, 0x5b, 0xff, 0x5a, 0xff, 0x3a, 0xff, 0x3a, 0xff, 0x3a,
  0xff, 0x3a, 0xff, 0x5b, 0xff, 0x5b, 0xff, 0x5b, 0xff, 0x7b, 0xff, 0x5b,
  0xff, 0x3a, 0xff, 0x5b, 0xff, 0x3a, 0xff, 0x5b, 0xff, 0x5a, 0xff, 0x5b,
  0xff, 0x5a, 0xff, 0x3a, 0xff, 0x5a, 0xff, 0x5b, 0xff, 0x3a, 0xff, 0x3a,
  0xff, 0x3a, 0xff, 0x5b, 0xff, 0x3a, 0xff, 0x5b, 0xff, 0x5a, 0xff, 0x5b,
  0xff, 0x3a, 0xff, 0x5a, 0xff, 0x3a, 0xff, 0x5a, 0xff, 0x5a, 0xff, 0x5b,
  0xff, 0x5a, 0xff, 0x5b, 0xff, 0x5a, 0xff, 0x5b, 0xff, 0x5a, 0xff, 0x5b,
  0xff, 0x3a, 0xff, 0x3a, 0xff, 0x5a, 0xff, 0x5b, 0xff, 0x3a, 0xff, 0x5b,
  0xff, 0x3a, 0xff, 0x5b, 0xff, 0x5a, 0xff, 0x5a, 0xff, 0x5a, 0xff, 0x5b,
  0xff, 0xbf, 0xff, 0xbe, 0xff, 0xbf, 0xff, 0xbf, 0xff, 0xdd, 0xe6, 0xf9,
  0xe6, 0xb7, 0xf7, 0x39, 0xff, 0x5b, 0xff, 0x3a, 0xff, 0x5b, 0xff, 0x3a,
  0xf7, 0x3a, 0xff, 0x5b, 0xff, 0x5b, 0xff, 0x5b, 0xff, 0x5b, 0xff, 0x3a,
  0xff, 0x5b, 0xff, 0x3a, 0xff, 0x7b, 0xff, 0x3a, 0xff, 0x3b, 0xff, 0x5b,
  0xff, 0x5b, 0xff, 0x3a, 0xf7, 0x3a, 0xff, 0x3a, 0xff, 0x3a, 0xff, 0x3a,
  0xff, 0x3a, 0xff, 0x3a, 0xff, 0x3a, 0xff, 0x3a, 0xff, 0x3b, 0xff, 0x3a,
  0xff, 0x5b, 0xff, 0x3a, 0xff, 0x5b, 0xff, 0x3a, 0xff, 0x3b, 0xff, 0x1a,
  0xff, 0x5b, 0xff, 0x3a, 0xf7, 0x3a, 0xff, 0x5b, 0xff, 0x5b, 0xff, 0x1a,
  0xff, 0x5b, 0xff, 0x3a, 0xff, 0x5b, 0xff, 0x3a, 0xff, 0x5b, 0xff, 0x1a,
  0xff, 0x3b, 0xff, 0x1a, 0xf7, 0x1a, 0xff, 0x3a, 0xf7, 0x3b, 0xff, 0x3a,
  0xf7, 0x3a, 0xff, 0x3a, 0xf7, 0x3b, 0xff, 0x1a, 0xff, 0x5b, 0xff, 0x5b,
  0xff, 0x5b, 0xff, 0x3a, 0xff, 0x3b, 0xff, 0x3a, 0xf7, 0x3b, 0xff, 0x5b,
  0xf7, 0x3b, 0xff, 0x1a, 0xff, 0x5b, 0xff, 0x3a, 0xff, 0x5b, 0xf7, 0x1a,
  0xf7, 0x3b, 0xff, 0x3a, 0xff, 0x5b, 0xff, 0x3a, 0xff, 0x3b, 0xff, 0x3a,
  0xff, 0x5b, 0xff, 0x3a, 0xff, 0x3b, 0xff, 0x5b, 0xff, 0x5b, 0xff, 0x3b,
  0xff, 0x3b, 0xff, 0x1a, 0xf7, 0x3a, 0xff, 0x5a, 0xde, 0xf9, 0xc5, 0xf5,
  0xb6, 0x39, 0xb6, 0x38, 0xbe, 0x79, 0xb6, 0x17, 0xbe, 0x99, 0xb6, 0x37,
  0xb6, 0x38, 0xc6, 0x99, 0xb6, 0x79, 0xad, 0xf7, 0xae, 0x18, 0xb6, 0x17,
  0xb6, 0x79, 0xb6, 0x38, 0xa6, 0x38, 0xa5, 0xf7, 0xa6, 0x18, 0xb6, 0x59,
  0xa5, 0xf8, 0xb6, 0x59, 0xae, 0x79, 0xae, 0x38, 0xa6, 0x38, 0xa6, 0x18,
  0xb6, 0x9a, 0xb6, 0x79, 0xa6, 0x39, 0xb6, 0x7a, 0xb6, 0x37, 0xbe, 0x58,
  0xee, 0xf8, 0xff, 0x39, 0xf7, 0x1a, 0xff, 0x3a, 0xf7, 0x3b, 0xff, 0x3b,
  0xff, 0x5b, 0xff, 0x3a, 0xff, 0x5b, 0xff, 0x3a, 0xff, 0x5b, 0xff, 0x3a,
  0xff, 0x5b, 0xff, 0x5b, 0xff, 0x5b, 0xff, 0x3a, 0xf7, 0x3b, 0xff, 0x3a,
  0xff, 0x5b, 0xff, 0x5b, 0xf7, 0x3a, 0xff, 0x5b, 0xff, 0x7b, 0xff, 0x3a,
  0xff, 0x5b, 0xff, 0x3a, 0xff, 0x5b, 0xff, 0x5b, 0xff, 0x5b, 0xff, 0x1a,
  0xff, 0x5b, 0xff, 0x1a, 0xf7, 0x1b, 0xff, 0x1a, 0xff, 0x3b, 0xff, 0x3b,
  0xf7, 0x3b, 0xff, 0x3b, 0xff, 0x5b, 0xff, 0x3a, 0xff, 0x5b, 0xff, 0x5b,
  0xff, 0x7b, 0xff, 0x5b, 0xff, 0x5b, 0xff, 0x3a, 0xff, 0x5b, 0xff, 0x5b,
  0xff, 0x5b, 0xff, 0x1a, 0xff, 0x5b, 0xff, 0x5a, 0xff, 0x5b, 0xff, 0x1a,
  0xff, 0x5b, 0xff, 0x3a, 0xff, 0x5b, 0xff, 0x3a, 0xff, 0x5b, 0xff, 0x3a,
  0xff, 0x5b, 0xff, 0x3a, 0xff, 0x3b, 0xff, 0x5b, 0xff, 0x5b, 0xff, 0x3a,
  0xff, 0x5b, 0xff, 0x3a, 0xf7, 0x3a, 0xff, 0x5b, 0xff, 0x7b, 0xff, 0x3a,
  0xff, 0x5b, 0xff, 0x5b, 0xf7, 0x3b, 0xff, 0x5b, 0xff, 0x5b, 0xff, 0x3a,
  0xff, 0x5b, 0xff, 0x5b, 0xf7, 0x3b, 0xff, 0x3a, 0xf7, 0x3b, 0xff, 0x1a,
  0xf7, 0x3b, 0xff, 0x3b, 0xff, 0x5b, 0xff, 0x3a, 0xff, 0x5b, 0xff, 0x3b,
  0xf7, 0x3b, 0xff, 0x3a, 0xff, 0x5b, 0xff, 0x5b, 0xff, 0x5b, 0xff, 0x3a,
  0xff, 0x5b, 0xff, 0x3a, 0xff, 0x5b, 0xff, 0x5b, 0xf7, 0x3a, 0xff, 0x5b,
  0xff, 0x5b, 0xff, 0x5b, 0xf7, 0x3a, 0xff, 0x3a, 0xf7, 0x3b, 0xff, 0x5b,
  0xff, 0x5b, 0xff, 0x3a, 0xff, 0x5b, 0xff, 0x3a, 0xff, 0x5b, 0xff, 0x3a,
  0xff, 0xbe, 0xff, 0xbf, 0xff, 0xde, 0xff, 0xde, 0xe6, 0x96, 0xee, 0xf8,
  0xff, 0x59, 0xff, 0x59, 0xff, 0x3a, 0xf7, 0x3a, 0xff, 0x3a, 0xff, 0x3a,
  0xff, 0x3a, 0xff, 0x7b, 0xff, 0x5a, 0xff, 0x3a, 0xff, 0x3a, 0xff, 0x5a,
  0xff, 0x3a, 0xff, 0x3a, 0xff, 0x3a, 0xff, 0x5b, 0xff, 0x5a, 0xff, 0x5b,
  0xff, 0x3a, 0xff, 0x3a, 0xff, 0x39, 0xff, 0x5b, 0xff, 0x19, 0xff, 0x3a,
  0xff, 0x5a, 0xff, 0x3a, 0xff, 0x3a, 0xff, 0x3a, 0xff, 0x3a, 0xff, 0x5b,
  0xff, 0x3a, 0xff, 0x3a, 0xff, 0x5a, 0xff, 0x7b, 0xff, 0x3a, 0xff, 0x3a,
  0xff, 0x1a, 0xff, 0x5a, 0xff, 0x3a, 0xff, 0x5b, 0xff, 0x5a, 0xff, 0x5b,
  0xff, 0x1a, 0xff, 0x3a, 0xff, 0x3a, 0xff, 0x5a, 0xff, 0x3a, 0xf7, 0x1a,
  0xff, 0x3a, 0xff, 0x3a, 0xff, 0x3a, 0xff, 0x3a, 0xff, 0x3a, 0xff, 0x3a,
  0xff, 0x19, 0xff, 0x3a, 0xff, 0x3a, 0xff, 0x3a, 0xff, 0x5a, 0xff, 0x5b,
  0xff, 0x19, 0xff, 0x3a, 0xff, 0x3a, 0xff, 0x3a, 0xff, 0x1a, 0xff, 0x3a,
  0xff, 0x3a, 0xff, 0x5b, 0xff, 0x5a, 0xff, 0x3a, 0xff, 0x3a, 0xf7, 0x3a,
  0xff, 0x5a, 0xff, 0x3a, 0xff, 0x19, 0xff, 0x5b, 0xff, 0x3a, 0xff, 0x3a,
  0xff, 0x3a, 0xff, 0x5a, 0xff, 0x5a, 0xff, 0x3a, 0xff, 0x3a, 0xff, 0x5b,
  0xff, 0x5b, 0xff, 0x5b, 0xff, 0x3a, 0xf7, 0x3a, 0xff, 0x59, 0xe6, 0xd8,
  0xbe, 0x36, 0xbe, 0x37, 0xbe, 0x58, 0xb6, 0x58, 0xbe, 0x57, 0xbe, 0x98,
  0xb6, 0x57, 0xae, 0x57, 0xc6, 0xb9, 0xb6, 0x78, 0xbe, 0x58, 0xae, 0x37,
  0xb6, 0x37, 0xa6, 0x17, 0xae, 0x37, 0xae, 0x58, 0xb6, 0x38, 0xae, 0x38,
  0xae, 0x17, 0xae, 0x17, 0xae, 0x37, 0xa6, 0x17, 0xb6, 0x78, 0xae, 0x58,
  0xae, 0x17, 0xb6, 0x9a, 0xb6, 0x9a, 0xa6, 0x18, 0xae, 0x38, 0xae, 0x59,
  0xc6, 0x14, 0xde, 0xf8, 0xff, 0x19, 0xff, 0x5a, 0xff, 0x3a, 0xff, 0x3b,
  0xff, 0x5a, 0xff, 0x3a, 0xff, 0x3a, 0xff, 0x5b, 0xff, 0x3a, 0xff, 0x5b,
  0xff, 0x3a, 0xff, 0x5a, 0xff, 0x3a, 0xff, 0x7b, 0xff, 0x5a, 0xff, 0x3a,
  0xff, 0x3a, 0xff, 0x5b, 0xff, 0x3a, 0xff, 0x5b, 0xff, 0x5a, 0xff, 0x5b,
  0xff, 0x3a, 0xff, 0x5a, 0xff, 0x3a, 0xff, 0x5b, 0xff, 0x3a, 0xf7, 0x3a,
  0xff, 0x3a, 0xff, 0x3a, 0xff, 0x3a, 0xff, 0x5b, 0xff, 0x3a, 0xff, 0x5a,
  0xff, 0x3a, 0xff, 0x3a, 0xff, 0x3a, 0xff, 0x3a, 0xff, 0x5a, 0xff, 0x7b,
  0xff, 0x3a, 0xf7, 0x3a, 0xff, 0x5a, 0xff, 0x5b, 0xff, 0x3a, 0xff, 0x3a,
  0xff, 0x3a, 0xff, 0x5b, 0xff, 0x5a, 0xff, 0x5a, 0xff, 0x3a, 0xf7, 0x3a,
  0xff, 0x5a, 0xff, 0x5b, 0xff, 0x19, 0xff, 0x5b, 0xff, 0x3a, 0xff, 0x3a,
  0xff, 0x5a, 0xff, 0x5a, 0xff, 0x5a, 0xff, 0x5b, 0xff, 0x3a, 0xff, 0x5a,
  0xff, 0x5b, 0xff, 0x5b, 0xff, 0x3a, 0xf7, 0x3a, 0xff, 0x3a, 0xff, 0x3a,
  0xff, 0x5a, 0xff, 0x7b, 0xff, 0x5a, 0xff, 0x5a, 0xff, 0x3a, 0xff, 0x5a,
  0xff, 0x3a, 0xff, 0x5b, 0xff, 0x3a, 0xff, 0x5a, 0xff, 0x3a, 0xff, 0x3a,
  0xff, 0x5a, 0xff, 0x5a, 0xff, 0x3a, 0xff, 0x3a, 0xff, 0x3a, 0xff, 0x5b,
  0xff, 0x3a, 0xff, 0x7b, 0xff, 0x5a, 0xff, 0x3a, 0xff, 0x3a, 0xff, 0x5b,
  0xff, 0x3a, 0xff, 0x3a, 0xff, 0x3a, 0xff, 0x5b, 0xff, 0x5a, 0xff, 0x7b,
  0xff, 0x5a, 0xff, 0x5b, 0xff, 0x3a, 0xff, 0x5b, 0xff, 0x5a, 0xf7, 0x3a,
  0xff, 0x5a, 0xff, 0x5b, 0xff, 0x3a, 0xff, 0x5b, 0xff, 0x3a, 0xff, 0x7b,
  0xff, 0xbf, 0xff, 0xdf, 0xff, 0xde, 0xe6, 0xb9, 0xe6, 0xd7, 0xff, 0x59,
  0xff, 0x5a, 0xff, 0x3a, 0xff, 0x3b, 0xff, 0x5b, 0xff, 0x5b, 0xff, 0x3a,
  0xff, 0x5b, 0xff, 0x3a, 0xff, 0x3b, 0xff, 0x1a, 0xff, 0x3b, 0xff, 0x3a,
  0xff, 0x5b, 0xff, 0x1a, 0xf7, 0x3a, 0xff, 0x1a, 0xff, 0x5b, 0xff, 0x3a,
  0xff, 0x3b, 0xff, 0x5b, 0xff, 0x5b, 0xff, 0x3a, 0xff, 0x3b, 0xff, 0x1a,
  0xff, 0x3a, 0xff, 0x3a, 0xf7, 0x3a, 0xff, 0x3a, 0xff, 0x3b, 0xff, 0x3a,
  0xf7, 0x3a, 0xff, 0x3a, 0xff, 0x5b, 0xff, 0x3a, 0xff, 0x5b, 0xff, 0x3a,
  0xf7, 0x3a, 0xff, 0x3a, 0xff, 0x5b, 0xff, 0x5b, 0xff, 0x3b, 0xff, 0x1a,
  0xf7, 0x1a, 0xff, 0x1a, 0xff, 0x5b, 0xff, 0x3a, 0xf7, 0x3a, 0xff, 0x3a,
  0xff, 0x3b, 0xf6, 0xf9, 0xf7, 0x3a, 0xff, 0x3a, 0xff, 0x3b, 0xff, 0x3a,
  0xff, 0x5b, 0xff, 0x3a, 0xff, 0x5b, 0xff, 0x3a, 0xf7, 0x3b, 0xff, 0x1a,
  0xf7, 0x3a, 0xff, 0x1a, 0xff, 0x5b, 0xff, 0x3a, 0xff, 0x3b, 0xff, 0x1a,
  0xf7, 0x3a, 0xff, 0x3a, 0xff, 0x5b, 0xff, 0x3a, 0xff, 0x5b, 0xff, 0x5b,
  0xff, 0x3b, 0xff, 0x3a, 0xf7, 0x3a, 0xff, 0x3a, 0xff, 0x3b, 0xff, 0x3a,
  0xff, 0x3b, 0xff, 0x3a, 0xff, 0x5b, 0xff, 0x1a, 0xff, 0x5b, 0xff, 0x3a,
  0xff, 0x5b, 0xff, 0x3b, 0xff, 0x3b, 0xff, 0x1a, 0xff, 0x3a, 0xff, 0x3a,
  0xdf, 0x19, 0xce, 0x15, 0xbe, 0x99, 0xbe, 0x58, 0xb6, 0x58, 0xb6, 0x58,
  0xb6, 0x79, 0xb6, 0x37, 0xb6, 0x58, 0xb6, 0x38, 0xb6, 0x58, 0xb6, 0x17,
  0xae, 0x38, 0xae, 0x17, 0xa6, 0x18, 0xae, 0x38, 0xae, 0x38, 0xa5, 0xb6,
  0xa6, 0x18, 0xae, 0x18, 0xa6, 0x38, 0xae, 0x38, 0xa6, 0x18, 0xae, 0x18,
  0xa6, 0x18, 0xae, 0x18, 0xb6, 0x5a, 0xb6, 0x7a, 0x9e, 0x18, 0xa6, 0x39,
  0xae, 0x38, 0xae, 0x17, 0xe6, 0xb7, 0xff, 0x39, 0xff, 0x3a, 0xff, 0x3a,
  0xff, 0x3b, 0xff, 0x3a, 0xff, 0x3b, 0xff, 0x3a, 0xff, 0x3b, 0xff, 0x5b,
  0xff, 0x3b, 0xff, 0x3a, 0xff, 0x5b, 0xff, 0x5b, 0xff, 0x5b, 0xff, 0x3a,
  0xff, 0x3b, 0xff, 0x3a, 0xff, 0x5b, 0xff, 0x5b, 0xff, 0x5b, 0xff, 0x3a,
  0xf7, 0x1a, 0xff, 0x1a, 0xff, 0x5b, 0xff, 0x3a, 0xf7, 0x3a, 0xff, 0x3a,
  0xff, 0x5b, 0xf7, 0x1a, 0xf7, 0x3a, 0xff, 0x3a, 0xff, 0x5b, 0xff, 0x3a,
  0xff, 0x7b, 0xff, 0x5b, 0xff, 0x5b, 0xff, 0x5b, 0xff, 0x5b, 0xff, 0x3a,
  0xf7, 0x3b, 0xff, 0x1a, 0xff, 0x5b, 0xff, 0x3a, 0xff, 0x5b, 0xff, 0x3a,
  0xff, 0x3b, 0xff, 0x3a, 0xff, 0x5b, 0xff, 0x3a, 0xff, 0x5b, 0xff, 0x5b,
  0xff, 0x5b, 0xff, 0x3a, 0xf7, 0x3a, 0xff, 0x3a, 0xff, 0x5b, 0xff, 0x3a,
  0xff, 0x3b, 0xff, 0x3a, 0xff, 0x5b, 0xff, 0x1a, 0xff, 0x5b, 0xff, 0x3a,
  0xff, 0x5b, 0xff, 0x3a, 0xff, 0x5b, 0xff, 0x3a, 0xff, 0x3b, 0xff, 0x5b,
  0xff, 0x5b, 0xff, 0x3a, 0xf7, 0x3b, 0xf7, 0x1a, 0xf7, 0x3b, 0xff, 0x3a,
  0xff, 0x5b, 0xff, 0x1a, 0xff, 0x5b, 0xff, 0x3a, 0xf7, 0x3a, 0xff, 0x1a,
  0xff, 0x5b, 0xff, 0x3a, 0xff, 0x5b, 0xff, 0x5b, 0xff, 0x7b, 0xff, 0x5b,
  0xff, 0x5b, 0xff, 0x3a, 0xf7, 0x3b, 0xff, 0x3a, 0xf7, 0x3a, 0xff, 0x5b,
  0xff, 0x5b, 0xff, 0x3a, 0xff, 0x3b, 0xff, 0x3a, 0xff, 0x5b, 0xff, 0x5b,
  0xff, 0x5b, 0xff, 0x5b, 0xff, 0x7b, 0xff, 0x5b, 0xff, 0x5b, 0xff, 0x3a,
  0xff, 0x3b, 0xff, 0x3a, 0xff, 0x5b, 0xff, 0x3a, 0xf7, 0x5b, 0xff, 0x5b,
  0xff, 0xbe, 0xff, 0xdf, 0xee, 0xd8, 0xe6, 0xd8, 0xff, 0x5a, 0xff, 0x5a,
  0xff, 0x3a, 0xff, 0x3b, 0xff, 0x3a, 0xff, 0x5b, 0xff, 0x5a, 0xff, 0x5a,
  0xff, 0x3a, 0xff, 0x5a, 0xff, 0x3a, 0xff, 0x5b, 0xff, 0x3a, 0xff, 0x5b,
  0xff, 0x3a, 0xff, 0x5b, 0xff, 0x5a, 0xff, 0x3a, 0xff, 0x3a, 0xff, 0x5a,
  0xff, 0x3a, 0xff, 0x3a, 0xff, 0x5a, 0xff, 0x3a, 0xff, 0x19, 0xff, 0x5a,
  0xff, 0x19, 0xff, 0x3a, 0xff, 0x3a, 0xff, 0x5a, 0xff, 0x5a, 0xff, 0x5a,
  0xff, 0x3a, 0xff, 0x5a, 0xff, 0x5a, 0xff, 0x3a, 0xff, 0x3a, 0xf7, 0x3a,
  0xff, 0x3a, 0xff, 0x3a, 0xff, 0x3a, 0xff, 0x3a, 0xff, 0x3a, 0xf7, 0x3a,
  0xff, 0x3a, 0xff, 0x5b, 0xff, 0x3a, 0xff, 0x5b, 0xff, 0x3a, 0xff, 0x5b,
  0xff, 0x3a, 0xff, 0x5a, 0xff, 0x3a, 0xff, 0x3a, 0xff, 0x3a, 0xff, 0x3a,
  0xff, 0x5a, 0xff, 0x5b, 0xff, 0x3a, 0xff, 0x5a, 0xff, 0x3a, 0xff, 0x5a,
  0xff, 0x3a, 0xff, 0x5b, 0xff, 0x3a, 0xff, 0x5b, 0xff, 0x3a, 0xff, 0x5b,
  0xff, 0x3a, 0xff, 0x5a, 0xff, 0x3a, 0xff, 0x5b, 0xff, 0x3a, 0xff, 0x5b,
  0xff, 0x3a, 0xff, 0x3a, 0xff, 0x3a, 0xff, 0x3a, 0xff, 0x3a, 0xff, 0x5b,
  0xff, 0x3a, 0xff, 0x5b, 0xff, 0x3a, 0xff, 0x5b, 0xff, 0x3a, 0xff, 0x5b,
  0xff, 0x3a, 0xf7, 0x3b, 0xff, 0x1a, 0xff, 0x5b, 0xff, 0x1a, 0xff, 0x3b,
  0xff, 0x39, 0xe6, 0xb7, 0xbe, 0x57, 0xbe, 0x97, 0xb6, 0x38, 0xae, 0x38,
  0xb6, 0x37, 0xbe, 0x99, 0xb6, 0x37, 0xae, 0x17, 0xc6, 0x99, 0xbe, 0x99,
  0xad, 0xf7, 0xae, 0x38, 0xae, 0x17, 0xa6, 0x18, 0xae, 0x17, 0xa5, 0xf7,
  0xad, 0xf7, 0xae, 0x59, 0xae, 0x38, 0xae, 0x59, 0xa6, 0x18, 0xae, 0x7a,
  0xae, 0x38, 0xa6, 0x18, 0xad, 0xf8, 0xae, 0x39, 0xb6, 0x79, 0x9d, 0xf8,
  0xa6, 0x19, 0xa6, 0x3a, 0xbe, 0x15, 0xd6, 0xb8, 0xff, 0x18, 0xff, 0x39,
  0xff, 0x1a, 0xff, 0x3b, 0xff, 0x5a, 0xff, 0x5a, 0xff, 0x5a, 0xff, 0x5b,
  0xff, 0x3a, 0xff, 0x5b, 0xff, 0x5a, 0xff, 0x5a, 0xff, 0x3a, 0xff, 0x3a,
  0xff, 0x5a, 0xff, 0x3a, 0xff, 0x3a, 0xff, 0x5a, 0xff, 0x3a, 0xf7, 0x3a,
  0xff, 0x3a, 0xff, 0x5b, 0xff, 0x5a, 0xff, 0x7b, 0xff, 0x5a, 0xff, 0x5b,
  0xff, 0x3a, 0xff, 0x5b, 0xff, 0x5a, 0xff, 0x3a, 0xff, 0x3a, 0xff, 0x5a,
  0xff, 0x3a, 0xff, 0x7b, 0xff, 0x5a, 0xff, 0x5b, 0xff, 0x3a, 0xff, 0x5a,
  0xff, 0x5a, 0xff, 0x5b, 0xff, 0x5a, 0xff, 0x5a, 0xff, 0x5a, 0xff, 0x7b,
  0xff, 0x3a, 0xff, 0x5b, 0xff, 0x3a, 0xff, 0x5a, 0xff, 0x3a, 0xff, 0x5b,
  0xff, 0x5a, 0xff, 0x3a, 0xff, 0x3a, 0xff, 0x3a, 0xff, 0x3a, 0xff, 0x5b,
  0xff, 0x3a, 0xff, 0x5b, 0xff, 0x5a, 0xff, 0x5a, 0xff, 0x3a, 0xff, 0x7b,
  0xff, 0x3a, 0xff, 0x3a, 0xff, 0x3a, 0xff, 0x5b, 0xff, 0x3a, 0xff, 0x5a,
  0xff, 0x3a, 0xff, 0x5b, 0xff, 0x3a, 0xff, 0x5a, 0xff, 0x5a, 0xff, 0x5b,
  0xff, 0x5b, 0xff, 0x5b, 0xff, 0x5a, 0xff, 0x5b, 0xff, 0x5a, 0xff, 0x5b,
  0xff, 0x3a, 0xff, 0x5b, 0xff, 0x3a, 0xff, 0x5b, 0xff, 0x5b, 0xff, 0x7b,
  0xff, 0x5a, 0xff, 0x3a, 0xff, 0x5a, 0xff, 0x5b, 0xff, 0x5a, 0xff, 0x5b,
  0xff, 0x3a, 0xff, 0x5b, 0xff, 0x5a, 0xff, 0x5b, 0xff, 0x3a, 0xff, 0x5b,
  0xff, 0x5a, 0xff, 0x5a, 0xff, 0x3a, 0xff, 0x5b, 0xff, 0x3a, 0xff, 0x5a,
  0xff, 0x3a, 0xff, 0x3a, 0xff, 0x3a, 0xff, 0x5a, 0xff, 0x5a, 0xff, 0x5b,
  0xff, 0xde, 0xf7, 0x5c, 0xe6, 0xd8, 0xf7, 0x39, 0xff, 0x3b, 0xff, 0x3a,
  0xff, 0x3b, 0xff, 0x1b, 0xf7, 0x3a, 0xff, 0x3a, 0xf7, 0x3a, 0xff, 0x3a,
  0xf7, 0x3a, 0xff, 0x3a, 0xff, 0x5b, 0xff, 0x3a, 0xff, 0x3b, 0xff, 0x1a,
  0xff, 0x3b, 0xff, 0x3a, 0xff, 0x3b, 0xff, 0x1a, 0xff, 0x3b, 0xff, 0x3a,
  0xff, 0x3b, 0xff, 0x3a, 0xff, 0x3a, 0xff, 0x3a, 0xff, 0x3a, 0xff, 0x19,
  0xf7, 0x3a, 0xff, 0x3a, 0xff, 0x5b, 0xff, 0x5a, 0xff, 0x5b, 0xff, 0x3a,
  0xf7, 0x3a, 0xff, 0x3a, 0xff, 0x5b, 0xff, 0x19, 0xff, 0x5b, 0xff, 0x3a,
  0xff, 0x5b, 0xff, 0x3a, 0xff, 0x3b, 0xff, 0x3a, 0xff, 0x5b, 0xff, 0x1a,
  0xf7, 0x3a, 0xff, 0x1a, 0xff, 0x3b, 0xff, 0x5b, 0xff, 0x5b, 0xff, 0x3a,
  0xf7, 0x1a, 0xff, 0x1a, 0xff, 0x3b, 0xff, 0x1a, 0xff, 0x3b, 0xff, 0x1a,
  0xff, 0x3b, 0xff, 0x1a, 0xff, 0x3b, 0xff, 0x1a, 0xff, 0x3b, 0xff, 0x3a,
  0xff, 0x5b, 0xff, 0x3a, 0xf7, 0x3a, 0xff, 0x3a, 0xff, 0x3b, 0xff, 0x3a,
  0xf7, 0x3a, 0xff, 0x3a, 0xf7, 0x3a, 0xff, 0x3a, 0xff, 0x3b, 0xff, 0x3a,
  0xff, 0x3b, 0xff, 0x3a, 0xf7, 0x1a, 0xff, 0x1a, 0xff, 0x3b, 0xff, 0x3a,
  0xff, 0x7b, 0xff, 0x5b, 0xff, 0x3b, 0xff, 0x3a, 0xff, 0x5b, 0xff, 0x3a,
  0xf7, 0x3a, 0xff, 0x3a, 0xff, 0x3b, 0xff, 0x3b, 0xff, 0x5b, 0xff, 0x3b,
  0xff, 0x3a, 0xff, 0x3a, 0xd6, 0xd8, 0xc6, 0x15, 0xb6, 0x58, 0xbe, 0x58,
  0xb6, 0x79, 0xb6, 0x37, 0xae, 0x58, 0xb6, 0x58, 0xae, 0x17, 0xb6, 0x38,
  0xb6, 0x59, 0xb6, 0x38, 0x9d, 0xf8, 0xae, 0x38, 0xa5, 0xf8, 0xae, 0x38,
  0xa6, 0x18, 0xa6, 0x18, 0xa6, 0x18, 0xae, 0x18, 0x9e, 0x19, 0x9d, 0xf8,
  0xa6, 0x59, 0xa5, 0xf8, 0x9d, 0xd8, 0xa5, 0xf8, 0x9d, 0xf8, 0xb6, 0x79,
  0x9e, 0x1a, 0xa6, 0x1a, 0xae, 0x38, 0xae, 0x17, 0xde, 0xb7, 0xf7, 0x19,
  0xf7, 0x1a, 0xff, 0x3a, 0xff, 0x5b, 0xff, 0x5b, 0xff, 0x5b, 0xff, 0x3a,
  0xff, 0x3b, 0xff, 0x3a, 0xff, 0x5b, 0xff, 0x1a, 0xff, 0x3b, 0xff, 0x3a,
  0xff, 0x5b, 0xff, 0x3a, 0xff, 0x5b, 0xff, 0x3a, 0xff, 0x5b, 0xff, 0x3a,
  0xf7, 0x3a, 0xff, 0x3a, 0xf7, 0x3a, 0xff, 0x5b, 0xff, 0x5b, 0xff, 0x5b,
  0xf7, 0x3b, 0xff, 0x1a, 0xff, 0x5b, 0xff, 0x3a, 0xf7, 0x3b, 0xff, 0x1a,
  0xff, 0x5b, 0xff, 0x1a, 0xff, 0x5b, 0xff, 0x3a, 0xff, 0x3b, 0xff, 0x5b,
  0xff, 0x5b, 0xff, 0x3a, 0xff, 0x3b, 0xff, 0x1a, 0xff, 0x3b, 0xff, 0x3a,
  0xf7, 0x3a, 0xff, 0x3a, 0xf7, 0x3a, 0xff, 0x3a, 0xf7, 0x3b, 0xff, 0x3a,
  0xf7, 0x3b, 0xff, 0x3a, 0xf7, 0x3a, 0xff, 0x1a, 0xff, 0x3b, 0xff, 0x3a,
  0xff, 0x7b, 0xff, 0x5b, 0xff, 0x5b, 0xff, 0x3a, 0xf7, 0x3b, 0xff, 0x5b,
  0xf7, 0x3a, 0xff, 0x3a, 0xff, 0x5b, 0xff, 0x3a, 0xff, 0x5b, 0xff, 0x3a,
  0xff, 0x5b, 0xff, 0x3a, 0xff, 0x5b, 0xff, 0x1a, 0xf7, 0x3a, 0xff, 0x3a,
  0xff, 0x5b, 0xff, 0x3a, 0xff, 0x5b, 0xff, 0x3a, 0xf7, 0x3a, 0xff, 0x3a,
  0xf7, 0x3b, 0xff, 0x3a, 0xf7, 0x3a, 0xff, 0x3a, 0xf7, 0x3b, 0xff, 0x3a,
  0xf7, 0x3b, 0xff, 0x3a, 0xff, 0x5b, 0xff, 0x3a, 0xff, 0x5b, 0xff, 0x3a,
  0xf7, 0x3b, 0xff, 0x3a, 0xff, 0x5b, 0xff, 0x1a, 0xf7, 0x3b, 0xff, 0x3a,
  0xf7, 0x3b, 0xff, 0x3a, 0xf7, 0x3b, 0xff, 0x3a, 0xff, 0x5b, 0xff, 0x1a,
  0xf7, 0x1a, 0xff, 0x3a, 0xff, 0x5b, 0xff, 0x5b, 0xff, 0x7b, 0xff, 0x3a,
  0xff, 0xdc, 0xde, 0xd9, 0xff, 0x19, 0xff, 0x7a, 0xff, 0x5a, 0xff, 0x3a,
  0xff, 0x3a, 0xff, 0x5b, 0xff, 0x3a, 0xff, 0x3a, 0xff, 0x3a, 0xff, 0x5b,
  0xff, 0x3a, 0xff, 0x3a, 0xff, 0x3a, 0xff, 0x3a, 0xff, 0x3a, 0xff, 0x3a,
  0xff, 0x5a, 0xff, 0x5b, 0xff, 0x3a, 0xf7, 0x3a, 0xff, 0x3a, 0xff, 0x5b,
  0xff, 0x3a, 0xff, 0x5a, 0xff, 0x3a, 0xff, 0x5b, 0xff, 0x3a, 0xff, 0x3a,
  0xff, 0x3a, 0xff, 0x5a, 0xff, 0x3a, 0xff, 0x5a, 0xff, 0x39, 0xff, 0x5a,
  0xff, 0x3a, 0xff, 0x5a, 0xff, 0x5a, 0xff, 0x3a, 0xff, 0x19, 0xff, 0x5a,
  0xff, 0x3a, 0xff, 0x5a, 0xff, 0x3a, 0xff, 0x5b, 0xff, 0x5a, 0xff, 0x3a,
  0xf6, 0xf9, 0xf7, 0x1a, 0xff, 0x1a, 0xff, 0x5a, 0xff, 0x3a, 0xff, 0x5b,
  0xff, 0x3a, 0xff, 0x5b, 0xff, 0x3a, 0xff, 0x3a, 0xff, 0x3a, 0xff, 0x5b,
  0xff, 0x3a, 0xff, 0x3a, 0xff, 0x5a, 0xff, 0x5b, 0xff, 0x3a, 0xff, 0x3a,
  0xff, 0x1a, 0xff, 0x3a, 0xff, 0x3a, 0xff, 0x5b, 0xff, 0x3a, 0xf7, 0x3a,
  0xff, 0x1a, 0xff, 0x3a, 0xff, 0x5a, 0xff, 0x5b, 0xff, 0x3a, 0xff, 0x5b,
  0xff, 0x5a, 0xff, 0x5a, 0xff, 0x1a, 0xff, 0x3a, 0xff, 0x3a, 0xff, 0x3a,
  0xff, 0x5a, 0xff, 0x5a, 0xff, 0x3a, 0xff, 0x3a, 0xff, 0x3a, 0xff, 0x7b,
  0xff, 0x3a, 0xff, 0x3a, 0xff, 0x3a, 0xff, 0x5b, 0xff, 0x3a, 0xff, 0x3a,
  0xff, 0x5a, 0xff, 0x5b, 0xff, 0x39, 0xde, 0x56, 0xbe, 0x56, 0xb6, 0x77,
  0xb6, 0x38, 0xae, 0x38, 0xae, 0x37, 0xae, 0x78, 0xb6, 0x57, 0xae, 0x37,
  0xbe, 0x99, 0xb6, 0x59, 0xa5, 0xf7, 0xa6, 0x18, 0xae, 0x18, 0xae, 0x38,
  0x9d, 0xf7, 0x9e, 0x18, 0xad, 0xf7, 0xa5, 0xf7, 0x9d, 0xd7, 0xa6, 0x18,
  0x9e, 0x18, 0x95, 0xf8, 0xa6, 0x18, 0xa6, 0x39, 0xa6, 0x18, 0xa6, 0x59,
  0xb6, 0x7a, 0xa6, 0x18, 0x9d, 0xd7, 0xa6, 0x5a, 0xbe, 0x16, 0xce, 0xb8,
  0xff, 0x19, 0xff, 0x5a, 0xff, 0x3a, 0xff, 0x5b, 0xff, 0x39, 0xff, 0x5a,
  0xff, 0x3a, 0xff, 0x5a, 0xff, 0x5a, 0xff, 0x5b, 0xff, 0x3a, 0xff, 0x5b,
  0xff, 0x5a, 0xff, 0x5b, 0xff, 0x3a, 0xff, 0x5b, 0xff, 0x5a, 0xff, 0x5b,
  0xf7, 0x19, 0xf7, 0x3a, 0xff, 0x3a, 0xff, 0x5a, 0xff, 0x3a, 0xff, 0x5b,
  0xff, 0x5a, 0xff, 0x5b, 0xff, 0x3a, 0xff, 0x3a, 0xff, 0x5a, 0xff, 0x5b,
  0xff, 0x3a, 0xff, 0x3a, 0xff, 0x5a, 0xff, 0x5b, 0xff, 0x3a, 0xff, 0x3a,
  0xff, 0x3a, 0xff, 0x3a, 0xff, 0x3a, 0xff, 0x5b, 0xff, 0x5a, 0xff, 0x5a,
  0xff, 0x3a, 0xff, 0x3a, 0xff, 0x5a, 0xff, 0x5a, 0xff, 0x5a, 0xff, 0x5b,
  0xff, 0x5a, 0xff, 0x5b, 0xff, 0x3a, 0xff, 0x5a, 0xff, 0x5a, 0xff, 0x5a,
  0xff, 0x5a, 0xff, 0x5a, 0xff, 0x3a, 0xff, 0x5a, 0xff, 0x3a, 0xff, 0x7b,
  0xff, 0x5a, 0xff, 0x3a, 0xff, 0x3a, 0xff, 0x5b, 0xff, 0x3a, 0xff, 0x3a,
  0xff, 0x5a, 0xff, 0x5b, 0xff, 0x5a, 0xf7, 0x1a, 0xff, 0x19, 0xf7, 0x3a,
  0xff, 0x3a, 0xff, 0x5b, 0xff, 0x3a, 0xff, 0x5b, 0xff, 0x5a, 0xff, 0x5b,
  0xff, 0x3a, 0xff, 0x5b, 0xff, 0x5a, 0xff, 0x5b, 0xff, 0x3a, 0xff, 0x7b,
  0xff, 0x5a, 0xff, 0x5b, 0xff, 0x3a, 0xf7, 0x3a, 0xff, 0x3a, 0xff, 0x5a,
  0xff, 0x5a, 0xff, 0x5b, 0xff, 0x3a, 0xff, 0x3a, 0xff, 0x3a, 0xff, 0x5b,
  0xff, 0x5a, 0xff, 0x5b, 0xff, 0x3a, 0xff, 0x5b, 0xff, 0x5a, 0xf7, 0x3a,
  0xff, 0x3a, 0xff, 0x7b, 0xff, 0x3a, 0xff, 0x5b, 0xff, 0x3a, 0xff, 0x5a,
  0xf7, 0x5a, 0xde, 0xb7, 0xff, 0x3a, 0xff, 0x5a, 0xff, 0x5b, 0xff, 0x3a,
  0xf7, 0x3a, 0xff, 0x5b, 0xff, 0x5b, 0xff, 0x3a, 0xff, 0x5b, 0xff, 0x3a,
  0xff, 0x5b, 0xff, 0x3a, 0xff, 0x3a, 0xff, 0x3a, 0xff, 0x5b, 0xff, 0x3a,
  0xf7, 0x3a, 0xff, 0x3a, 0xff, 0x5b, 0xff, 0x3a, 0xf7, 0x1a, 0xff, 0x3a,
  0xff, 0x3b, 0xff, 0x3a, 0xff, 0x5b, 0xff, 0x1a, 0xf7, 0x3a, 0xff, 0x3a,
  0xff, 0x5b, 0xff, 0x1a, 0xf7, 0x1a, 0xff, 0x1a, 0xff, 0x3a, 0xff, 0x3a,
  0xff, 0x5b, 0xff, 0x3a, 0xff, 0x5b, 0xff, 0x5a, 0xff, 0x3a, 0xff, 0x1a,
  0xff, 0x5b, 0xff, 0x3a, 0xff, 0x5b, 0xff, 0x3a, 0xff, 0x5b, 0xff, 0x3a,
  0xff, 0x7b, 0xff, 0x3a, 0xf7, 0x1a, 0xff, 0x1a, 0xf7, 0x3a, 0xff, 0x1a,
  0xff, 0x5b, 0xff, 0x3a, 0xf7, 0x3a, 0xff, 0x1a, 0xff, 0x5b, 0xff, 0x3a,
  0xf7, 0x3a, 0xff, 0x5b, 0xff, 0x5b, 0xff, 0x3a, 0xff, 0x3b, 0xff, 0x3a,
  0xff, 0x3b, 0xff, 0x5b, 0xff, 0x5b, 0xff, 0x1a, 0xff, 0x5b, 0xff, 0x3a,
  0xff, 0x5b, 0xf6, 0xf9, 0xff, 0x5b, 0xff, 0x3a, 0xff, 0x5b, 0xff, 0x3a,
  0xf7, 0x1a, 0xff, 0x1a, 0xff, 0x3b, 0xff, 0x5b, 0xff, 0x3b, 0xf6, 0xf9,
  0xf7, 0x3a, 0xff, 0x3a, 0xff, 0x3b, 0xff, 0x3a, 0xff, 0x5b, 0xff, 0x3a,
  0xff, 0x7b, 0xff, 0x5b, 0xf7, 0x3a, 0xff, 0x5b, 0xff, 0x5b, 0xff, 0x3b,
  0xf7, 0x5b, 0xff, 0x5a, 0xff, 0x5b, 0xff, 0x5a, 0xd6, 0xd8, 0xbd, 0xf4,
  0xae, 0x58, 0xbe, 0x58, 0xa6, 0x38, 0xae, 0x18, 0xa6, 0x38, 0xae, 0x37,
  0xa6, 0x18, 0xae, 0x18, 0xa6, 0x18, 0xa5, 0xf8, 0x9d, 0xf8, 0xa5, 0xf7,
  0xa6, 0x18, 0xae, 0x38, 0xa6, 0x39, 0xa5, 0xf8, 0xa6, 0x19, 0x9d, 0xd8,
  0x8d, 0x97, 0x9d, 0xf8, 0x9e, 0x18, 0xa5, 0xf8, 0x9e, 0x18, 0x9d, 0xd7,
  0xa6, 0x39, 0xb6, 0x7a, 0x9d, 0xf9, 0x9d, 0xd8, 0xa6, 0x18, 0xad, 0xf7,
  0xde, 0x97, 0xf7, 0x5a, 0xf6, 0xf9, 0xff, 0x19, 0xff, 0x3b, 0xff, 0x3a,
  0xff, 0x5b, 0xff, 0x3a, 0xff, 0x5b, 0xff, 0x5b, 0xff, 0x5b, 0xff, 0x3a,
  0xff, 0x5b, 0xff, 0x5b, 0xff, 0x5b, 0xff, 0x3a, 0xff, 0x5b, 0xff, 0x5b,
  0xff, 0x7b, 0xff, 0x3a, 0xf7, 0x3a, 0xff, 0x1a, 0xff, 0x3b, 0xff, 0x3a,
  0xff, 0x5b, 0xff, 0x3a, 0xf7, 0x3b, 0xff, 0x1a, 0xff, 0x5b, 0xff, 0x5b,
  0xf7, 0x3b, 0xff, 0x5b, 0xff, 0x5b, 0xff, 0x3a, 0xff, 0x5b, 0xff, 0x3a,
  0xf7, 0x3b, 0xff, 0x3a, 0xff, 0x5b, 0xff, 0x3a, 0xff, 0x3b, 0xff, 0x3a,
  0xff, 0x5b, 0xf7, 0x1a, 0xff, 0x5b, 0xff, 0x5b, 0xff, 0x5b, 0xff, 0x5b,
  0xf7, 0x3a, 0xff, 0x1a, 0xff, 0x5b, 0xff, 0x5b, 0xff, 0x5b, 0xf7, 0x1a,
  0xf7, 0x3a, 0xff, 0x3a, 0xff, 0x3b, 0xff, 0x3a, 0xff, 0x5b, 0xff, 0x3a,
  0xff, 0x5b, 0xff, 0x5b, 0xff, 0x3b, 0xff, 0x5b, 0xff, 0x5b, 0xff, 0x5b,
  0xff, 0x5b, 0xff, 0x3a, 0xff, 0x5b, 0xff, 0x5b, 0xff, 0x5b, 0xf7, 0x1a,
  0xf7, 0x3a, 0xff, 0x1a, 0xff, 0x3b, 0xff, 0x3a, 0xff, 0x5b, 0xff, 0x3a,
  0xf7, 0x3b, 0xff, 0x3b, 0xff, 0x5b, 0xff, 0x3a, 0xff, 0x5b, 0xff, 0x5b,
  0xff, 0x5b, 0xff, 0x3a, 0xf7, 0x3b, 0xff, 0x3a, 0xff, 0x5b, 0xff, 0x5b,
  0xff, 0x5b, 0xff, 0x3a, 0xff, 0x5b, 0xff, 0x5b, 0xf7, 0x1a, 0xff, 0x3a,
  0xff, 0x5b, 0xff, 0x5b, 0xff, 0x5b, 0xff, 0x3a, 0xf7, 0x1a, 0xff, 0x3a,
  0xff, 0x5b, 0xff, 0x3a, 0xf7, 0x1a, 0xff, 0x1a, 0xf7, 0x3b, 0xff, 0x3a,
  0xee, 0xf8, 0xee, 0xf9, 0xff, 0x5a, 0xff, 0x5a, 0xff, 0x1a, 0xff, 0x5b,
  0xff, 0x3a, 0xff, 0x5a, 0xff, 0x3a, 0xff, 0x3a, 0xff, 0x3a, 0xff, 0x5a,
  0xff, 0x3a, 0xff, 0x3a, 0xff, 0x39, 0xff, 0x5a, 0xff, 0x5a, 0xff, 0x5a,
  0xff, 0x5a, 0xff, 0x3a, 0xff, 0x3a, 0xff, 0x3a, 0xff, 0x5a, 0xff, 0x7b,
  0xff, 0x5a, 0xff, 0x3a, 0xff, 0x3a, 0xff, 0x7b, 0xff, 0x3a, 0xff, 0x5a,
  0xff, 0x5a, 0xff, 0x3a, 0xff, 0x3a, 0xff, 0x5a, 0xff, 0x39, 0xff, 0x3a,
  0xff, 0x39, 0xff, 0x3a, 0xff, 0x19, 0xff, 0x5b, 0xff, 0x5a, 0xff, 0x5a,
  0xff, 0x3a, 0xff, 0x5a, 0xff, 0x3a, 0xff, 0x3a, 0xff, 0x5a, 0xff, 0x5a,
  0xff, 0x39, 0xf7, 0x3a, 0xff, 0x3a, 0xff, 0x3a, 0xff, 0x3a, 0xff, 0x5b,
  0xff, 0x3a, 0xf7, 0x3a, 0xff, 0x3a, 0xff, 0x5a, 0xff, 0x3a, 0xff, 0x5b,
  0xff, 0x3a, 0xff, 0x5a, 0xff, 0x3a, 0xff, 0x3a, 0xff, 0x3a, 0xf7, 0x3a,
  0xff, 0x5a, 0xff, 0x7b, 0xff, 0x3a, 0xff, 0x5b, 0xff, 0x3a, 0xff, 0x3a,
  0xff, 0x3a, 0xff, 0x3a, 0xff, 0x5b, 0xff, 0x5b, 0xff, 0x3a, 0xff, 0x3a,
  0xff, 0x5a, 0xff, 0x5b, 0xff, 0x3a, 0xff, 0x5b, 0xff, 0x3a, 0xff, 0x5a,
  0xff, 0x3a, 0xff, 0x3a, 0xff, 0x3a, 0xff, 0x3a, 0xff, 0x1a, 0xff, 0x3a,
  0xff, 0x5a, 0xff, 0x7b, 0xff, 0x5a, 0xff, 0x5a, 0xff, 0x3a, 0xff, 0x5b,
  0xff, 0x3a, 0xff, 0x7b, 0xff, 0x3a, 0xff, 0x3a, 0xf7, 0x19, 0xde, 0x77,
  0xbe, 0x77, 0xb6, 0x37, 0xb6, 0x58, 0xae, 0x38, 0xae, 0x17, 0xa6, 0x38,
  0xb6, 0x78, 0xa6, 0x17, 0xae, 0x18, 0xa6, 0x18, 0xa5, 0xf7, 0x9d, 0xf7,
  0xad, 0xf7, 0xae, 0x59, 0xae, 0x58, 0xa6, 0x18, 0xae, 0x19, 0x9d, 0xd8,
  0x9d, 0xb7, 0xa6, 0x18, 0xa5, 0xd7, 0xa6, 0x39, 0xae, 0x39, 0x9e, 0x18,
  0x9d, 0xb7, 0xa6, 0x39, 0xb6, 0x7a, 0x9d, 0xd8, 0x95, 0xb7, 0xa6, 0x59,
  0xb5, 0xf5, 0xce, 0xd9, 0xff, 0x19, 0xff, 0x5a, 0xff, 0x3a, 0xff, 0x3b,
  0xff, 0x3a, 0xff, 0x3a, 0xff, 0x1a, 0xff, 0x5b, 0xff, 0x5a, 0xff, 0x5b,
  0xff, 0x3a, 0xff, 0x3a, 0xff, 0x5a, 0xff, 0x3a, 0xff, 0x5a, 0xff, 0x5b,
  0xff, 0x3a, 0xff, 0x3a, 0xff, 0x3a, 0xff, 0x3a, 0xff, 0x3a, 0xff, 0x5b,
  0xff, 0x5a, 0xff, 0x3a, 0xff, 0x3a, 0xff, 0x5b, 0xff, 0x3a, 0xff, 0x5b,
  0xff, 0x3a, 0xff, 0x5a, 0xff, 0x3a, 0xff, 0x5a, 0xff, 0x3a, 0xf7, 0x3a,
  0xff, 0x3a, 0xff, 0x7b, 0xff, 0x5a, 0xff, 0x5b, 0xff, 0x3a, 0xff, 0x3a,
  0xff, 0x3a, 0xff, 0x3a, 0xff, 0x7b, 0xff, 0x5b, 0xff, 0x5a, 0xff, 0x3a,
  0xff, 0x5a, 0xff, 0x5b, 0xff, 0x3a, 0xff, 0x5b, 0xff, 0x3a, 0xf7, 0x3a,
  0xff, 0x5a, 0xff, 0x5a, 0xff, 0x3a, 0xff, 0x3a, 0xff, 0x1a, 0xff, 0x3a,
  0xff, 0x5a, 0xff, 0x7b, 0xff, 0x5a, 0xff, 0x5b, 0xff, 0x3a, 0xff, 0x5b,
  0xff, 0x3a, 0xff, 0x5b, 0xff, 0x5a, 0xf7, 0x3a, 0xff, 0x3a, 0xff, 0x3a,
  0xff, 0x3a, 0xff, 0x3a, 0xff, 0x5a, 0xff, 0x5b, 0xff, 0x3a, 0xff, 0x3b,
  0xff, 0x5a, 0xff, 0x5a, 0xff, 0x5a, 0xff, 0x5a, 0xff, 0x3a, 0xff, 0x5b,
  0xff, 0x3a, 0xff, 0x5b, 0xff, 0x1a, 0xff, 0x5b, 0xff, 0x5b, 0xff, 0x5b,
  0xff, 0x5a, 0xff, 0x3a, 0xff, 0x3a, 0xff, 0x5a, 0xff, 0x3a, 0xff, 0x7b,
  0xff, 0x5a, 0xff, 0x5b, 0xff, 0x3a, 0xff, 0x5b, 0xff, 0x5a, 0xff, 0x5a,
  0xff, 0x5a, 0xff, 0x5b, 0xff, 0x3a, 0xff, 0x5b, 0xff, 0x3a, 0xff, 0x3a,
  0xe6, 0xd8, 0xee, 0xf9, 0xff, 0x5b, 0xff, 0x3a, 0xff, 0x5b, 0xff, 0x3a,
  0xff, 0x5b, 0xff, 0x3a, 0xf7, 0x3a, 0xff, 0x1a, 0xf7, 0x3a, 0xff, 0x5b,
  0xff, 0x5b, 0xff, 0x3a, 0xff, 0x5b, 0xff, 0x1a, 0xff, 0x5b, 0xff, 0x5a,
  0xf7, 0x3a, 0xff, 0x3a, 0xff, 0x5b, 0xff, 0x3a, 0xff, 0x5b, 0xff, 0x3a,
  0xff, 0x5b, 0xff, 0x1a, 0xff, 0x3b, 0xff, 0x3a, 0xf7, 0x3a, 0xff, 0x5b,
  0xff, 0x3b, 0xff, 0x1a, 0xff, 0x5b, 0xff, 0x5b, 0xf7, 0x3a, 0xff, 0x3a,
  0xff, 0x5b, 0xff, 0x3a, 0xff, 0x5b, 0xff, 0x1a, 0xf7, 0x3a, 0xff, 0x3a,
  0xf7, 0x1a, 0xff, 0x1a, 0xff, 0x5b, 0xff, 0x5b, 0xff, 0x5b, 0xff, 0x3a,
  0xff, 0x3b, 0xff, 0x3a, 0xf7, 0x3a, 0xff, 0x3a, 0xf7, 0x3a, 0xff, 0x1a,
  0xff, 0x3b, 0xff, 0x3a, 0xff, 0x3b, 0xff, 0x3a, 0xff, 0x5b, 0xff, 0x1a,
  0xf7, 0x3a, 0xff, 0x1a, 0xff, 0x5b, 0xff, 0x3a, 0xff, 0x5b, 0xff, 0x3a,
  0xff, 0x3b, 0xff, 0x3a, 0xff, 0x5b, 0xff, 0x3a, 0xff, 0x5b, 0xff, 0x3a,
  0xff, 0x5b, 0xff, 0x3a, 0xff, 0x5b, 0xff, 0x3a, 0xf7, 0x3a, 0xff, 0x1a,
  0xff, 0x5b, 0xff, 0x1a, 0xff, 0x7b, 0xff, 0x3a, 0xf7, 0x3a, 0xff, 0x3a,
  0xff, 0x5b, 0xff, 0x3a, 0xff, 0x3b, 0xff, 0x3a, 0xff, 0x5b, 0xff, 0x5b,
  0xff, 0x3b, 0xff, 0x1a, 0xff, 0x5b, 0xff, 0x1a, 0xf7, 0x3a, 0xff, 0x5b,
  0xff, 0x5b, 0xff, 0x3a, 0xff, 0x3b, 0xff, 0x3a, 0xff, 0x3a, 0xff, 0x1a,
  0xce, 0xd8, 0xbe, 0x15, 0xae, 0x59, 0xb6, 0x38, 0xae, 0x58, 0xad, 0xf7,
  0xae, 0x38, 0xb6, 0x58, 0xa6, 0x17, 0xa5, 0xf7, 0xa6, 0x38, 0xa6, 0x18,
  0xa6, 0x18, 0xae, 0x38, 0xa6, 0x39, 0xa6, 0x18, 0x9e, 0x19, 0xa5, 0xf8,
  0x9d, 0xf8, 0xa5, 0xf8, 0x9e, 0x18, 0xa5, 0xf8, 0x9d, 0xf8, 0x9d, 0xd7,
  0x95, 0xb7, 0x9d, 0xb7, 0x9e, 0x19, 0xae, 0x3a, 0x95, 0xd9, 0x9d, 0xf9,
  0xa6, 0x19, 0xa5, 0xf8, 0xde, 0xb8, 0xff, 0x5a, 0xf7, 0x3a, 0xff, 0x3a,
  0xff, 0x5b, 0xff, 0x3b, 0xff, 0x5b, 0xff, 0x3a, 0xf7, 0x3a, 0xff, 0x3a,
  0xff, 0x3b, 0xff, 0x1a, 0xff, 0x5b, 0xff, 0x5b, 0xff, 0x5b, 0xff, 0x3a,
  0xff, 0x3b, 0xff, 0x3a, 0xff, 0x5b, 0xff, 0x3a, 0xff, 0x3b, 0xff, 0x3a,
  0xff, 0x5b, 0xff, 0x5b, 0xff, 0x3b, 0xff, 0x3a, 0xff, 0x5b, 0xff, 0x1a,
  0xf7, 0x3b, 0xf7, 0x1a, 0xff, 0x5b, 0xff, 0x5b, 0xff, 0x5b, 0xff, 0x5b,
  0xff, 0x5b, 0xff, 0x3a, 0xff, 0x7b, 0xff, 0x3a, 0xff, 0x5b, 0xff, 0x5b,
  0xff, 0x5b, 0xff, 0x3a, 0xff, 0x5b, 0xff, 0x3a, 0xf7, 0x3b, 0xff, 0x1a,
  0xff, 0x7b, 0xff, 0x1a, 0xff, 0x7b, 0xff, 0x5b, 0xf7, 0x3b, 0xff, 0x3a,
  0xff, 0x5b, 0xff, 0x3a, 0xff, 0x3b, 0xff, 0x3a, 0xff, 0x5b, 0xff, 0x5b,
  0xff, 0x5b, 0xff, 0x1a, 0xff, 0x3b, 0xff, 0x3a, 0xf7, 0x3a, 0xff, 0x3a,
  0xff, 0x7b, 0xff, 0x5b, 0xff, 0x5b, 0xff, 0x3a, 0xff, 0x5b, 0xff, 0x3a,
  0xff, 0x5b, 0xff, 0x3a, 0xff, 0x3b, 0xff, 0x3a, 0xff, 0x5b, 0xff, 0x3a,
  0xf7, 0x3b, 0xff, 0x5b, 0xf7, 0x3a, 0xff, 0x1a, 0xf7, 0x1a, 0xff, 0x5b,
  0xff, 0x5b, 0xff, 0x5b, 0xff, 0x5b, 0xff, 0x3a, 0xf7, 0x3b, 0xff, 0x5b,
  0xff, 0x5b, 0xff, 0x3a, 0xff, 0x5b, 0xff, 0x5b, 0xff, 0x5b, 0xff, 0x5b,
  0xff, 0x5b, 0xff, 0x3a, 0xf7, 0x3a, 0xff, 0x5b, 0xff, 0x3b, 0xff, 0x5b,
  0xff, 0x5b, 0xff, 0x3a, 0xf7, 0x3b, 0xff, 0x5b, 0xff, 0x5b, 0xff, 0x3a,
  0xf7, 0x19, 0xef, 0x19, 0xff, 0x5a, 0xff, 0x3a, 0xff, 0x3a, 0xff, 0x5b,
  0xff, 0x3a, 0xff, 0x3a, 0xff, 0x3a, 0xff, 0x5b, 0xff, 0x5a, 0xff, 0x7b,
  0xff, 0x3a, 0xf7, 0x3a, 0xff, 0x3a, 0xff, 0x5a, 0xff, 0x39, 0xff, 0x3a,
  0xff, 0x3a, 0xff, 0x3a, 0xff, 0x3a, 0xff, 0x3a, 0xff, 0x3a, 0xff, 0x5b,
  0xff, 0x3a, 0xff, 0x3a, 0xff, 0x3a, 0xff, 0x3a, 0xff, 0x5a, 0xff, 0x5b,
  0xff, 0x3a, 0xff, 0x5a, 0xff, 0x3a, 0xff, 0x3a, 0xff, 0x5a, 0xff, 0x3a,
  0xff, 0x19, 0xff, 0x5a, 0xff, 0x3a, 0xff, 0x3a, 0xff, 0x3a, 0xff, 0x5a,
  0xff, 0x3a, 0xff, 0x3a, 0xff, 0x5a, 0xff, 0x5a, 0xff, 0x1a, 0xff, 0x5a,
  0xff, 0x3a, 0xff, 0x3a, 0xff, 0x3a, 0xff, 0x3a, 0xff, 0x3a, 0xff, 0x5b,
  0xff, 0x1a, 0xff, 0x3a, 0xff, 0x5a, 0xff, 0x3a, 0xff, 0x19, 0xff, 0x3a,
  0xff, 0x3a, 0xff, 0x5b, 0xff, 0x5a, 0xff, 0x5a, 0xff, 0x19, 0xff, 0x3a,
  0xff, 0x3a, 0xff, 0x3a, 0xff, 0x19, 0xff, 0x5a, 0xff, 0x3a, 0xff, 0x3a,
  0xff, 0x1a, 0xff, 0x5a, 0xff, 0x5a, 0xff, 0x5a, 0xff, 0x19, 0xff, 0x3a,
  0xff, 0x3a, 0xff, 0x5b, 0xff, 0x5a, 0xff, 0x5b, 0xff, 0x3a, 0xff, 0x5b,
  0xff, 0x3a, 0xff, 0x5b, 0xff, 0x1a, 0xff, 0x3a, 0xff, 0x5a, 0xff, 0x5b,
  0xff, 0x3a, 0xff, 0x5a, 0xff, 0x3a, 0xff, 0x5b, 0xff, 0x3a, 0xff, 0x5b,
  0xff, 0x3a, 0xff, 0x3a, 0xff, 0x3a, 0xff, 0x3b, 0xff, 0x39, 0xff, 0x3a,
  0xf7, 0x39, 0xe6, 0xd7, 0xb6, 0x17, 0xb6, 0x58, 0xb6, 0x38, 0xae, 0x18,
  0xb6, 0x38, 0xae, 0x38, 0xb6, 0x58, 0xae, 0x58, 0xae, 0x38, 0xa6, 0x38,
  0xad, 0xf8, 0xa6, 0x39, 0xa5, 0xf7, 0xa6, 0x38, 0xae, 0x38, 0x9d, 0xf8,
  0xa5, 0xf8, 0x9d, 0xf8, 0x9d, 0xb7, 0x9d, 0xf8, 0xa5, 0xf8, 0x9d, 0xd8,
  0x9d, 0xd8, 0x9d, 0xf9, 0x95, 0x97, 0x9e, 0x19, 0xae, 0x5a, 0x9d, 0xf8,
  0x95, 0x97, 0x9d, 0xf9, 0xa5, 0x94, 0xce, 0xd9, 0xff, 0x5a, 0xff, 0x39,
  0xff, 0x1a, 0xff, 0x5b, 0xff, 0x5a, 0xf7, 0x3a, 0xff, 0x3a, 0xff, 0x5b,
  0xff, 0x5a, 0xff, 0x5a, 0xff, 0x3a, 0xff, 0x5b, 0xff, 0x1a, 0xff, 0x5b,
  0xff, 0x3a, 0xff, 0x5a, 0xff, 0x3a, 0xff, 0x3a, 0xff, 0x5a, 0xff, 0x7b,
  0xff, 0x3a, 0xff, 0x5a, 0xff, 0x5a, 0xff, 0x5a, 0xff, 0x3a, 0xff, 0x3a,
  0xff, 0x5a, 0xff, 0x5b, 0xff, 0x5b, 0xff, 0x5b, 0xff, 0x3a, 0xf7, 0x3a,
  0xff, 0x3a, 0xff, 0x5a, 0xff, 0x19, 0xff, 0x3a, 0xff, 0x3a, 0xff, 0x3a,
  0xff, 0x3a, 0xff, 0x5a, 0xff, 0x5a, 0xff, 0x5a, 0xff, 0x1a, 0xff, 0x5b,
  0xff, 0x3a, 0xff, 0x5a, 0xff, 0x5a, 0xff, 0x5b, 0xff, 0x5a, 0xff, 0x5b,
  0xff, 0x3a, 0xff, 0x5b, 0xff, 0x3a, 0xff, 0x3a, 0xff, 0x5a, 0xff, 0x5b,
  0xff, 0x3a, 0xff, 0x5a, 0xff, 0x5a, 0xff, 0x5b, 0xff, 0x3a, 0xff, 0x5b,
  0xff, 0x5a, 0xf7, 0x3a, 0xff, 0x3a, 0xf7, 0x3a, 0xff, 0x3a, 0xff, 0x3a,
  0xff, 0x3a, 0xff, 0x5b, 0xff, 0x5a, 0xff, 0x5a, 0xff, 0x3a, 0xff, 0x5b,
  0xff, 0x5a, 0xf7, 0x3a, 0xff, 0x1a, 0xff, 0x5b, 0xff, 0x5a, 0xff, 0x7b,
  0xff, 0x5a, 0xf7, 0x3a, 0xff, 0x3a, 0xff, 0x5a, 0xff, 0x3a, 0xff, 0x3a,
  0xff, 0x3a, 0xff, 0x5b, 0xff, 0x3a, 0xff, 0x3a, 0xff, 0x3a, 0xff, 0x5b,
  0xff, 0x3a, 0xf7, 0x3a, 0xff, 0x3a, 0xf7, 0x3a, 0xff, 0x3a, 0xff, 0x7b,
  0xff, 0x5a, 0xff, 0x5b, 0xff, 0x3a, 0xff, 0x3a, 0xff, 0x5a, 0xff, 0x5b,
  0xf7, 0x5b, 0xee, 0xf9, 0xff, 0x5b, 0xff, 0x1a, 0xff, 0x3b, 0xff, 0x5b,
  0xff, 0x5b, 0xff, 0x1a, 0xff, 0x3b, 0xff, 0x3a, 0xff, 0x5b, 0xff, 0x5b,
  0xff, 0x3b, 0xff, 0x1a, 0xff, 0x3b, 0xff, 0x1a, 0xf6, 0xfa, 0xf6, 0xf9,
  0xff, 0x5b, 0xff, 0x1a, 0xff, 0x3a, 0xff, 0x3a, 0xff, 0x5b, 0xff, 0x3a,
  0xff, 0x5b, 0xff, 0x1a, 0xf7, 0x1a, 0xff, 0x19, 0xff, 0x3a, 0xff, 0x3a,
  0xff, 0x5b, 0xff, 0x3a, 0xff, 0x3a, 0xff, 0x3a, 0xff, 0x5b, 0xff, 0x1a,
  0xff, 0x3a, 0xff, 0x3a, 0xff, 0x5b, 0xff, 0x3a, 0xff, 0x5b, 0xff, 0x3a,
  0xff, 0x3b, 0xff, 0x1a, 0xf7, 0x3a, 0xff, 0x5b, 0xff, 0x5b, 0xff, 0x3a,
  0xf7, 0x3a, 0xff, 0x3a, 0xff, 0x5b, 0xff, 0x3a, 0xff, 0x3b, 0xff, 0x3a,
  0xff, 0x3b, 0xff, 0x1a, 0xff, 0x5b, 0xff, 0x3a, 0xf7, 0x1a, 0xff, 0x3a,
  0xf7, 0x3a, 0xff, 0x3a, 0xff, 0x5b, 0xff, 0x3a, 0xf7, 0x3a, 0xff, 0x3a,
  0xf7, 0x1a, 0xf6, 0xf9, 0xf6, 0xfa, 0xff, 0x3a, 0xf7, 0x1a, 0xff, 0x3a,
  0xff, 0x5b, 0xff, 0x5b, 0xf7, 0x3b, 0xff, 0x3a, 0xff, 0x3b, 0xff, 0x1a,
  0xf7, 0x3a, 0xff, 0x3a, 0xff, 0x5b, 0xff, 0x5b, 0xff, 0x5b, 0xff, 0x3a,
  0xff, 0x5b, 0xff, 0x5b, 0xf7, 0x3a, 0xff, 0x3a, 0xff, 0x5b, 0xff, 0x5b,
  0xff, 0x5b, 0xff, 0x5b, 0xff, 0x5b, 0xff, 0x3a, 0xf7, 0x3a, 0xff, 0x3a,
  0xff, 0x3b, 0xff, 0x3b, 0xff, 0x5b, 0xff, 0x3a, 0xf7, 0x5b, 0xff, 0x5a,
  0xff, 0x3a, 0xff, 0x19, 0xce, 0xd8, 0xc6, 0x35, 0xae, 0x59, 0xae, 0x39,
  0xa5, 0xf8, 0xa5, 0xd7, 0xa6, 0x39, 0xb6, 0x59, 0xae, 0x59, 0xa5, 0xf7,
  0x9d, 0xf8, 0xa5, 0xd8, 0xa6, 0x19, 0xa5, 0xf8, 0x95, 0xb7, 0xa5, 0xf8,
  0x9d, 0xf8, 0xa6, 0x18, 0x9d, 0xf8, 0xa6, 0x19, 0x9d, 0xf9, 0x95, 0xb8,
  0x95, 0xf9, 0x9d, 0xd8, 0x95, 0xb8, 0x9d, 0xb7, 0x9d, 0xd8, 0xae, 0x39,
  0x8d, 0x98, 0x95, 0xb8, 0x9e, 0x19, 0x9d, 0xd7, 0xee, 0xf8, 0xff, 0x39,
  0xf7, 0x3b, 0xff, 0x3b, 0xff, 0x5b, 0xff, 0x5b, 0xff, 0x5b, 0xff, 0x5b,
  0xff, 0x3b, 0xff, 0x3a, 0xf7, 0x3b, 0xff, 0x5b, 0xff, 0x5b, 0xff, 0x5b,
  0xff, 0x3b, 0xff, 0x3a, 0xff, 0x5b, 0xff, 0x5b, 0xff, 0x5b, 0xff, 0x5b,
  0xff, 0x3b, 0xff, 0x3a, 0xff, 0x5b, 0xff, 0x3a, 0xf7, 0x3a, 0xff, 0x1a,
  0xf7, 0x3b, 0xff, 0x3a, 0xff, 0x5b, 0xff, 0x3a, 0xf7, 0x3a, 0xff, 0x3a,
  0xf7, 0x3a, 0xf6, 0xf9, 0xf7, 0x1a, 0xff, 0x3a, 0xff, 0x3b, 0xff, 0x3a,
  0xff, 0x5b, 0xff, 0x5b, 0xff, 0x5b, 0xff, 0x3a, 0xf7, 0x3b, 0xff, 0x1a,
  0xf7, 0x3a, 0xff, 0x3a, 0xff, 0x5b, 0xff, 0x5b, 0xff, 0x5b, 0xff, 0x3a,
  0xff, 0x5b, 0xff, 0x5b, 0xff, 0x3b, 0xff, 0x3a, 0xff, 0x5b, 0xff, 0x5b,
  0xff, 0x5b, 0xff, 0x5b, 0xff, 0x5b, 0xff, 0x3a, 0xff, 0x3b, 0xff, 0x1a,
  0xff, 0x5b, 0xff, 0x3a, 0xff, 0x5b, 0xff, 0x3a, 0xff, 0x5b, 0xff, 0x3a,
  0xff, 0x5b, 0xff, 0x3a, 0xff, 0x5b, 0xff, 0x3a, 0xf7, 0x3b, 0xff, 0x3a,
  0xff, 0x5b, 0xff, 0x1a, 0xf7, 0x3b, 0xff, 0x3a, 0xff, 0x5b, 0xff, 0x3a,
  0xff, 0x5b, 0xff, 0x3a, 0xf7, 0x3b, 0xff, 0x3a, 0xf7, 0x1a, 0xf6, 0xf9,
  0xf7, 0x3b, 0xff, 0x3a, 0xf7, 0x3b, 0xff, 0x3a, 0xff, 0x5b, 0xff, 0x5b,
  0xff, 0x5b, 0xff, 0x3a, 0xf7, 0x3a, 0xff, 0x1a, 0xff, 0x3b, 0xff, 0x5b,
  0xff, 0x5b, 0xff, 0x5b, 0xff, 0x5b, 0xff, 0x3a, 0xff, 0x5b, 0xff, 0x1a,
  0xf7, 0x19, 0xef, 0x19, 0xff, 0x3a, 0xff, 0x5b, 0xff, 0x5a, 0xff, 0x5b,
  0xff, 0x5a, 0xff, 0x5a, 0xff, 0x5a, 0xff, 0x5b, 0xff, 0x1a, 0xff, 0x3a,
  0xff, 0x3a, 0xff, 0x5b, 0xff, 0x5a, 0xff, 0x5b, 0xff, 0x5a, 0xff, 0x5b,
  0xff, 0x5a, 0xff, 0x5a, 0xff, 0x3a, 0xff, 0x5a, 0xff, 0x5a, 0xf7, 0x1a,
  0xff, 0x3a, 0xff, 0x7b, 0xff, 0x3a, 0xff, 0x5a, 0xff, 0x39, 0xff, 0x5a,
  0xff, 0x5a, 0xff, 0x5a, 0xff, 0x19, 0xff, 0x5a, 0xff, 0x5a, 0xff, 0x3a,
  0xff, 0x19, 0xff, 0x5a, 0xff, 0x5a, 0xff, 0x5a, 0xff, 0x3a, 0xff, 0x5a,
  0xff, 0x1a, 0xff, 0x3a, 0xff, 0x1a, 0xff, 0x3a, 0xff, 0x3a, 0xff, 0x5b,
  0xff, 0x3a, 0xff, 0x5a, 0xff, 0x3a, 0xff, 0x3a, 0xff, 0x1a, 0xff, 0x3a,
  0xff, 0x3a, 0xff, 0x5b, 0xff, 0x3a, 0xff, 0x5b, 0xff, 0x3a, 0xff, 0x5b,
  0xff, 0x5a, 0xf7, 0x3a, 0xff, 0x19, 0xff, 0x3a, 0xff, 0x3a, 0xff, 0x5b,
  0xff, 0x3a, 0xff, 0x5a, 0xff, 0x3a, 0xff, 0x5a, 0xff, 0x3a, 0xff, 0x3a,
  0xff, 0x3a, 0xff, 0x5b, 0xff, 0x19, 0xf7, 0x3a, 0xff, 0x5b, 0xff, 0x5a,
  0xff, 0x5a, 0xff, 0x3a, 0xff, 0x3a, 0xff, 0x5b, 0xff, 0x3a, 0xff, 0x3a,
  0xff, 0x3a, 0xff, 0x5b, 0xff, 0x3a, 0xf7, 0x1a, 0xff, 0x5a, 0xff, 0x5b,
  0xff, 0x5a, 0xff, 0x5a, 0xff, 0x5a, 0xff, 0x3a, 0xff, 0x3a, 0xff, 0x3a,
  0xff, 0x3a, 0xff, 0x5a, 0xff, 0x5a, 0xff, 0x3a, 0xff, 0x5a, 0xff, 0x5a,
  0xff, 0x3a, 0xff, 0x3a, 0xf7, 0x38, 0xe6, 0xd7, 0xae, 0x17, 0xa6, 0x17,
  0xae, 0x18, 0xae, 0x19, 0xad, 0xf7, 0xae, 0x18, 0xae, 0x58, 0xa6, 0x38,
  0xa5, 0xf7, 0xa5, 0xf8, 0xa6, 0x18, 0xa6, 0x39, 0x9d, 0xd7, 0xa6, 0x18,
  0xa5, 0xf8, 0x9d, 0xf8, 0xa5, 0xf8, 0xa6, 0x19, 0x9d, 0xf8, 0x9d, 0xf8,
  0x9d, 0xf8, 0x8d, 0xb8, 0x95, 0xb7, 0x9d, 0xf8, 0x95, 0x97, 0x9e, 0x19,
  0xa6, 0x19, 0x8d, 0x77, 0x95, 0x97, 0x95, 0xf9, 0xb5, 0xb4, 0xe7, 0x3a,
  0xff, 0x19, 0xff, 0x5a, 0xff, 0x5a, 0xff, 0x7b, 0xff, 0x3a, 0xff, 0x5b,
  0xff, 0x3a, 0xff, 0x5b, 0xff, 0x3a, 0xff, 0x3a, 0xff, 0x3a, 0xff, 0x5b,
  0xff, 0x3a, 0xff, 0x5b, 0xff, 0x5a, 0xff, 0x5b, 0xff, 0x3a, 0xff, 0x3a,
  0xff, 0x5a, 0xff, 0x5b, 0xff, 0x5a, 0xff, 0x5b, 0xff, 0x5a, 0xff, 0x5b,
  0xff, 0x5b, 0xff, 0x3a, 0xff, 0x1a, 0xff, 0x3a, 0xff, 0x5a, 0xff, 0x5b,
  0xff, 0x5a, 0xff, 0x5b, 0xff, 0x5a, 0xff, 0x5b, 0xff, 0x5a, 0xff, 0x5a,
  0xff, 0x3a, 0xff, 0x7b, 0xff, 0x3a, 0xf7, 0x3a, 0xff, 0x7b, 0xff, 0x5a,
  0xff, 0x5a, 0xff, 0x5b, 0xff, 0x3a, 0xff, 0x5b, 0xff, 0x5a, 0xf7, 0x3a,
  0xff, 0x5a, 0xff, 0x5b, 0xff, 0x3a, 0xf7, 0x3a, 0xff, 0x3a, 0xff, 0x7b,
  0xff, 0x5a, 0xff, 0x5b, 0xff, 0x5a, 0xff, 0x3a, 0xff, 0x3a, 0xff, 0x3a,
  0xff, 0x3a, 0xff, 0x3a, 0xff, 0x5a, 0xff, 0x5b, 0xff, 0x3a, 0xff, 0x5b,
  0xff, 0x3a, 0xff, 0x5b, 0xff, 0x3a, 0xff, 0x5b, 0xff, 0x5a, 0xff, 0x5b,
  0xff, 0x5a, 0xff, 0x5b, 0xff, 0x5a, 0xff, 0x7b, 0xff, 0x3a, 0xf7, 0x3a,
  0xff, 0x3a, 0xff, 0x5b, 0xff, 0x5a, 0xff, 0x5b, 0xff, 0x3a, 0xff, 0x5b,
  0xff, 0x3a, 0xff, 0x5b, 0xff, 0x3a, 0xff, 0x5b, 0xff, 0x5b, 0xff, 0x5a,
  0xff, 0x19, 0xff, 0x7b, 0xff, 0x3a, 0xff, 0x5b, 0xff, 0x3a, 0xff, 0x5a,
  0xff, 0x5a, 0xff, 0x5b, 0xff, 0x1a, 0xff, 0x5b, 0xff, 0x5a, 0xff, 0x5b,
  0xde, 0x97, 0xf7, 0x3a, 0xff, 0x3a, 0xff, 0x3a, 0xff, 0x5b, 0xff, 0x1a,
  0xf7, 0x3a, 0xff, 0x5b, 0xff, 0x3b, 0xff, 0x1a, 0xf7, 0x3a, 0xff, 0x3a,
  0xff, 0x5b, 0xff, 0x3a, 0xff, 0x5b, 0xff, 0x3a, 0xf7, 0x3a, 0xff, 0x1a,
  0xff, 0x5b, 0xff, 0x3a, 0xff, 0x3a, 0xff, 0x3a, 0xff, 0x5b, 0xff, 0x1a,
  0xf7, 0x1a, 0xff, 0x3a, 0xff, 0x5b, 0xff, 0x3a, 0xff, 0x3a, 0xff, 0x3a,
  0xff, 0x3a, 0xff, 0x3a, 0xff, 0x3a, 0xff, 0x3a, 0xff, 0x5b, 0xff, 0x3a,
  0xf7, 0x3a, 0xff, 0x3a, 0xff, 0x5b, 0xff, 0x3a, 0xff, 0x3a, 0xff, 0x3a,
  0xff, 0x5b, 0xff, 0x3a, 0xff, 0x5b, 0xff, 0x3a, 0xff, 0x5b, 0xff, 0x3a,
  0xff, 0x3b, 0xff, 0x3a, 0xff, 0x5b, 0xff, 0x3a, 0xf7, 0x3a, 0xff, 0x1a,
  0xff, 0x3b, 0xff, 0x3a, 0xf7, 0x3a, 0xff, 0x1a, 0xff, 0x5b, 0xff, 0x3a,
  0xf7, 0x3a, 0xff, 0x1a, 0xff, 0x3b, 0xff, 0x3a, 0xff, 0x5b, 0xff, 0x3a,
  0xff, 0x3b, 0xff, 0x1a, 0xf7, 0x3a, 0xff, 0x5b, 0xff, 0x5b, 0xff, 0x3a,
  0xf7, 0x3b, 0xff, 0x3a, 0xf7, 0x3a, 0xf6, 0xf9, 0xff, 0x3b, 0xff, 0x3a,
  0xff, 0x3b, 0xff, 0x3a, 0xff, 0x5b, 0xff, 0x3a, 0xff, 0x5b, 0xff, 0x3a,
  0xff, 0x5b, 0xff, 0x3a, 0xff, 0x5b, 0xff, 0x1a, 0xff, 0x5b, 0xff, 0x3a,
  0xff, 0x5b, 0xff, 0x3a, 0xff, 0x5b, 0xff, 0x3a, 0xf7, 0x3b, 0xff, 0x3b,
  0xf7, 0x5b, 0xff, 0x5a, 0xff, 0x3b, 0xff, 0x1a, 0xff, 0x3b, 0xff, 0x3b,
  0xf7, 0x3b, 0xf7, 0x1a, 0xf7, 0x1a, 0xfe, 0xf9, 0xc6, 0x98, 0xb5, 0xd4,
  0xa6, 0x39, 0xa5, 0xd7, 0xa6, 0x19, 0xae, 0x18, 0x9e, 0x17, 0xb6, 0x78,
  0xae, 0x59, 0x9d, 0xd7, 0x9d, 0xf8, 0xa5, 0xf8, 0xa6, 0x59, 0xa5, 0xf8,
  0x9e, 0x19, 0xa5, 0xf8, 0x95, 0xd8, 0x9d, 0xb7, 0x95, 0xd8, 0x9d, 0xb7,
  0x95, 0xf9, 0x8d, 0x97, 0x95, 0xd9, 0x95, 0x98, 0x8d, 0x98, 0x8d, 0x77,
  0x95, 0xd9, 0x95, 0xd9, 0x8d, 0x98, 0x95, 0x98, 0xa5, 0xb6, 0xae, 0x17,
  0xf7, 0x19, 0xff, 0x5a, 0xff, 0x5b, 0xff, 0x3b, 0xff, 0x3b, 0xff, 0x3a,
  0xff, 0x5b, 0xff, 0x3a, 0xff, 0x5b, 0xff, 0x3a, 0xff, 0x5b, 0xff, 0x5b,
  0xff, 0x3b, 0xff, 0x3a, 0xff, 0x5b, 0xff, 0x3a, 0xff, 0x3b, 0xff, 0x3a,
  0xff, 0x3b, 0xff, 0x3a, 0xff, 0x3b, 0xf6, 0xf9, 0xff, 0x5b, 0xff, 0x3a,
  0xf7, 0x3a, 0xff, 0x1a, 0xf7, 0x3b, 0xff, 0x3a, 0xff, 0x5b, 0xff, 0x5b,
  0xf7, 0x3b, 0xff, 0x3a, 0xf7, 0x1a, 0xff, 0x5b, 0xff, 0x5b, 0xff, 0x3a,
  0xf7, 0x3b, 0xff, 0x3a, 0xff, 0x5b, 0xf7, 0x1a, 0xf7, 0x3b, 0xff, 0x5b,
  0xff, 0x5b, 0xff, 0x3a, 0xff, 0x5b, 0xff, 0x3a, 0xf7, 0x3b, 0xff, 0x3a,
  0xff, 0x5b, 0xff, 0x3a, 0xff, 0x5b, 0xff, 0x1a, 0xff, 0x5b, 0xff, 0x5b,
  0xff, 0x5b, 0xff, 0x3a, 0xff, 0x5b, 0xff, 0x3a, 0xff, 0x5b, 0xff, 0x5b,
  0xff, 0x5b, 0xff, 0x3a, 0xff, 0x5b, 0xff, 0x3a, 0xff, 0x3b, 0xff, 0x3a,
  0xff, 0x3b, 0xff, 0x3a, 0xff, 0x3b, 0xff, 0x3a, 0xff, 0x5b, 0xff, 0x3a,
  0xf7, 0x1a, 0xff, 0x3a, 0xf7, 0x3b, 0xff, 0x3a, 0xf7, 0x1a, 0xff, 0x3a,
  0xff, 0x5b, 0xff, 0x3a, 0xff, 0x5b, 0xff, 0x3a, 0xf7, 0x3b, 0xff, 0x1a,
  0xff, 0x5b, 0xff, 0x5b, 0xff, 0x5b, 0xff, 0x3a, 0xff, 0x5b, 0xff, 0x3a,
  0xf7, 0x1a, 0xff, 0x3a, 0xff, 0x5b, 0xff, 0x3a, 0xf7, 0x3b, 0xff, 0x3a,
  0xff, 0x5b, 0xff, 0x3a, 0xff, 0x5b, 0xff, 0x3a, 0xff, 0x5b, 0xff, 0x3a,
  0xff, 0x19, 0xff, 0x7b, 0xff, 0x5a, 0xff, 0x5b, 0xff, 0x5a, 0xff, 0x5b,
  0xff, 0x3a, 0xff, 0x5a, 0xff, 0x3a, 0xf7, 0x3a, 0xff, 0x3a, 0xff, 0x5b,
  0xff, 0x19, 0xff, 0x5b, 0xff, 0x3a, 0xff, 0x3a, 0xff, 0x1a, 0xff, 0x3a,
  0xff, 0x3a, 0xff, 0x3a, 0xff, 0x5a, 0xff, 0x5b, 0xff, 0x3a, 0xff, 0x5a,
  0xff, 0x1a, 0xff, 0x3a, 0xff, 0x3a, 0xff, 0x5a, 0xff, 0x3a, 0xff, 0x5a,
  0xff, 0x39, 0xff, 0x5a, 0xff, 0x39, 0xff, 0x5b, 0xff, 0x5a, 0xf7, 0x3a,
  0xff, 0x3a, 0xff, 0x3a, 0xff, 0x3a, 0xff, 0x5b, 0xff, 0x3a, 0xff, 0x3a,
  0xff, 0x3a, 0xf7, 0x3a, 0xff, 0x5a, 0xff, 0x7b, 0xff, 0x3a, 0xff, 0x5a,
  0xff, 0x5a, 0xff, 0x5a, 0xff, 0x5a, 0xff, 0x5b, 0xff, 0x3a, 0xff, 0x5b,
  0xff, 0x3a, 0xff, 0x7b, 0xff, 0x5a, 0xff, 0x3a, 0xff, 0x3a, 0xff, 0x3a,
  0xff, 0x19, 0xff, 0x5a, 0xff, 0x3a, 0xf7, 0x1a, 0xff, 0x3a, 0xff, 0x5b,
  0xff, 0x3a, 0xff, 0x3a, 0xff, 0x1a, 0xf7, 0x3a, 0xff, 0x3a, 0xff, 0x5b,
  0xff, 0x3a, 0xff, 0x5b, 0xff, 0x3a, 0xff, 0x3a, 0xff, 0x3a, 0xff, 0x3a,
  0xff, 0x3a, 0xff, 0x5a, 0xff, 0x3a, 0xff, 0x3a, 0xff, 0x3a, 0xff, 0x5a,
  0xff, 0x5a, 0xff, 0x5b, 0xff, 0x3a, 0xff, 0x5b, 0xff, 0x3a, 0xff, 0x5a,
  0xff, 0x5a, 0xff, 0x5b, 0xff, 0x3a, 0xff, 0x5b, 0xff, 0x3a, 0xff, 0x5b,
  0xff, 0x5a, 0xff, 0x5a, 0xff, 0x3a, 0xff, 0x5b, 0xff, 0x3a, 0xff, 0x5a,
  0xff, 0x5b, 0xff, 0x5b, 0xff, 0x5a, 0xff, 0x5a, 0xff, 0x59, 0xe6, 0xd7,
  0xae, 0x17, 0xa5, 0xd7, 0xa6, 0x18, 0xa6, 0x39, 0xa5, 0xf8, 0xa6, 0x19,
  0xa6, 0x17, 0xae, 0x78, 0xa6, 0x38, 0x9d, 0xf7, 0x9d, 0xf8, 0x95, 0xd8,
  0xa5, 0xf7, 0x9d, 0xf8, 0x95, 0xb7, 0x95, 0xd8, 0x95, 0xb7, 0x95, 0xf9,
  0x9d, 0xd8, 0x95, 0xd8, 0x95, 0x97, 0x8d, 0x97, 0x95, 0x97, 0x8d, 0xb8,
  0x8d, 0x97, 0x9e, 0x3a, 0x95, 0xd8, 0x8d, 0x97, 0x95, 0x97, 0x8d, 0xb7,
  0xde, 0x77, 0xf7, 0x7b, 0xff, 0x3a, 0xff, 0x5b, 0xff, 0x5b, 0xff, 0x3b,
  0xff, 0x3a, 0xff, 0x5a, 0xff, 0x5a, 0xff, 0x7b, 0xff, 0x3a, 0xff, 0x5a,
  0xff, 0x5a, 0xff, 0x5b, 0xff, 0x5a, 0xff, 0x7b, 0xff, 0x5a, 0xff, 0x5b,
  0xff, 0x5a, 0xff, 0x5b, 0xff, 0x5b, 0xff, 0x5a, 0xff, 0x5a, 0xff, 0x5a,
  0xff, 0x3a, 0xff, 0x5a, 0xff, 0x3a, 0xf7, 0x3a, 0xff, 0x3a, 0xff, 0x7b,
  0xff, 0x3a, 0xff, 0x3a, 0xff, 0x3a, 0xff, 0x3a, 0xff, 0x3a, 0xff, 0x5b,
  0xff, 0x3a, 0xff, 0x5b, 0xff, 0x5a, 0xff, 0x5a, 0xff, 0x3a, 0xff, 0x5a,
  0xff, 0x3a, 0xff, 0x5b, 0xff, 0x3a, 0xff, 0x3a, 0xff, 0x3a, 0xff, 0x5a,
  0xff, 0x5a, 0xff, 0x7b, 0xff, 0x3a, 0xff, 0x5a, 0xff, 0x3a, 0xff, 0x3a,
  0xff, 0x5a, 0xff, 0x7b, 0xff, 0x3a, 0xff, 0x5a, 0xff, 0x3a, 0xff, 0x5b,
  0xff, 0x5a, 0xff, 0x5b, 0xff, 0x3a, 0xff, 0x5b, 0xff, 0x5a, 0xff, 0x5a,
  0xff, 0x5a, 0xff, 0x5b, 0xff, 0x5a, 0xff, 0x5b, 0xff, 0x5a, 0xff, 0x7b,
  0xff, 0x3a, 0xff, 0x5b, 0xff, 0x3a, 0xf7, 0x3a, 0xff, 0x3a, 0xff, 0x5b,
  0xff, 0x3a, 0xf7, 0x3a, 0xff, 0x5a, 0xff, 0x5a, 0xff, 0x3a, 0xf7, 0x3a,
  0xff, 0x3a, 0xf7, 0x3a, 0xff, 0x5a, 0xff, 0x5a, 0xff, 0x5a, 0xff, 0x5b,
  0xff, 0x3a, 0xff, 0x3a, 0xff, 0x3a, 0xff, 0x5b, 0xff, 0x3a, 0xff, 0x5a,
  0xff, 0x3a, 0xff, 0x5b, 0xff, 0x3a, 0xff, 0x5b, 0xff, 0x5a, 0xff, 0x5a,
  0xff, 0x3a, 0xff, 0x3a, 0xff, 0x5b, 0xff, 0x3a, 0xff, 0x5b, 0xff, 0x3a,
  0xf7, 0x3a, 0xff, 0x3a, 0xf7, 0x3b, 0xff, 0x3a, 0xff, 0x5b, 0xf7, 0x1a,
  0xf7, 0x3a, 0xff, 0x5b, 0xff, 0x5b, 0xff, 0x3a, 0xff, 0x5b, 0xff, 0x3a,
  0xff, 0x5b, 0xff, 0x3a, 0xff, 0x5b, 0xff, 0x3a, 0xf7, 0x3a, 0xff, 0x3a,
  0xff, 0x3b, 0xff, 0x1a, 0xff, 0x5b, 0xff, 0x3a, 0xff, 0x3a, 0xff, 0x3a,
  0xff, 0x3a, 0xff, 0x3a, 0xff, 0x3a, 0xff, 0x3a, 0xff, 0x5b, 0xff, 0x3a,
  0xff, 0x3a, 0xff, 0x1a, 0xff, 0x3b, 0xff, 0x3a, 0xff, 0x5b, 0xff, 0x1a,
  0xf7, 0x3b, 0xff, 0x3a, 0xff, 0x5b, 0xff, 0x5b, 0xf7, 0x3b, 0xff, 0x3a,
  0xff, 0x5b, 0xff, 0x3a, 0xf7, 0x3b, 0xff, 0x3a, 0xf7, 0x3b, 0xff, 0x5b,
  0xff, 0x5b, 0xff, 0x3a, 0xff, 0x5b, 0xff, 0x3a, 0xff, 0x3b, 0xff, 0x3a,
  0xff, 0x3b, 0xff, 0x3a, 0xf7, 0x1a, 0xff, 0x1a, 0xff, 0x5b, 0xff, 0x3a,
  0xff, 0x3b, 0xff, 0x1a, 0xf7, 0x3b, 0xff, 0x3a, 0xff, 0x5b, 0xff, 0x3a,
  0xff, 0x3b, 0xff, 0x1a, 0xf7, 0x3a, 0xff, 0x3a, 0xf7, 0x1a, 0xff, 0x3a,
  0xff, 0x5b, 0xff, 0x3a, 0xf7, 0x3a, 0xff, 0x3a, 0xff, 0x3b, 0xff, 0x3a,
  0xff, 0x3b, 0xff, 0x5b, 0xff, 0x5b, 0xff, 0x3a, 0xff, 0x3b, 0xff, 0x3a,
  0xff, 0x5b, 0xff, 0x3a, 0xff, 0x3b, 0xff, 0x3a, 0xff, 0x5b, 0xff, 0x3a,
  0xff, 0x5b, 0xff, 0x3a, 0xff, 0x5b, 0xff, 0x3a, 0xf7, 0x3b, 0xff, 0x3a,
  0xff, 0x3b, 0xff, 0x3a, 0xff, 0x5b, 0xff, 0x3a, 0xff, 0x5a, 0xff, 0x19,
  0xc6, 0xb9, 0xb5, 0xd5, 0x9e, 0x19, 0xa5, 0xf8, 0x9e, 0x18, 0xa6, 0x18,
  0x9d, 0xd8, 0xad, 0xf8, 0xa6, 0x59, 0x9d, 0xf8, 0x95, 0xf8, 0x95, 0xb7,
  0x9d, 0xf8, 0x9d, 0xd8, 0x95, 0xb8, 0x9d, 0xb8, 0x95, 0xd9, 0x95, 0xd8,
  0x95, 0xd8, 0x8d, 0x97, 0x8d, 0x98, 0x95, 0x98, 0x95, 0xd9, 0x8d, 0x77,
  0x85, 0x98, 0x85, 0x56, 0x8d, 0xb8, 0x8d, 0x97, 0x8d, 0xb8, 0x8d, 0x97,
  0xad, 0x74, 0xe7, 0x1a, 0xff, 0x3a, 0xff, 0x5a, 0xff, 0x5b, 0xff, 0x3a,
  0xff, 0x3b, 0xff, 0x3a, 0xff, 0x5b, 0xff, 0x5b, 0xff, 0x5b, 0xff, 0x3a,
  0xff, 0x5b, 0xff, 0x3a, 0xf7, 0x3b, 0xff, 0x3a, 0xff, 0x5b, 0xff, 0x3a,
  0xff, 0x5b, 0xff, 0x3a, 0xff, 0x5b, 0xff, 0x3a, 0xf7, 0x3a, 0xff, 0x3a,
  0xf7, 0x3b, 0xff, 0x5b, 0xf7, 0x3a, 0xff, 0x1a, 0xff, 0x5b, 0xff, 0x5b,
  0xff, 0x5b, 0xff, 0x3a, 0xff, 0x5b, 0xff, 0x5b, 0xff, 0x5b, 0xff, 0x3a,
  0xff, 0x5b, 0xff, 0x3a, 0xff, 0x3b, 0xff, 0x3a, 0xf7, 0x3a, 0xff, 0x3a,
  0xff, 0x5b, 0xff, 0x3a, 0xf7, 0x3b, 0xff, 0x3a, 0xff, 0x5b, 0xff, 0x3a,
  0xff, 0x5b, 0xff, 0x3a, 0xff, 0x5b, 0xff, 0x3a, 0xf7, 0x3b, 0xff, 0x3a,
  0xff, 0x5b, 0xff, 0x5b, 0xff, 0x3b, 0xff, 0x3a, 0xff, 0x5b, 0xff, 0x3a,
  0xff, 0x7b, 0xff, 0x3a, 0xf7, 0x3b, 0xff, 0x5b, 0xff, 0x5b, 0xff, 0x3a,
  0xff, 0x5b, 0xff, 0x3a, 0xff, 0x5b, 0xff, 0x5b, 0xf7, 0x3b, 0xff, 0x3a,
  0xff, 0x5b, 0xff, 0x1a, 0xff, 0x5b, 0xff, 0x1a, 0xff, 0x5b, 0xff, 0x3a,
  0xf7, 0x3a, 0xff, 0x3a, 0xff, 0x5b, 0xff, 0x3a, 0xf7, 0x3b, 0xff, 0x3a,
  0xff, 0x5b, 0xff, 0x5b, 0xff, 0x5b, 0xff, 0x3a, 0xff, 0x3b, 0xff, 0x1a,
  0xff, 0x5b, 0xff, 0x1a, 0xff, 0x3b, 0xff, 0x5b, 0xff, 0x5b, 0xff, 0x3a,
  0xff, 0x3b, 0xff, 0x3a, 0xf7, 0x3b, 0xff, 0x3a, 0xff, 0x5b, 0xff, 0x5b,
  0xff, 0x3a, 0xff, 0x5a, 0xff, 0x3a, 0xff, 0x5b, 0xff, 0x3a, 0xff, 0x5a,
  0xff, 0x39, 0xff, 0x5a, 0xff, 0x3a, 0xf7, 0x3a, 0xff, 0x3a, 0xff, 0x3a,
  0xff, 0x3a, 0xf7, 0x1a, 0xff, 0x5a, 0xff, 0x5b, 0xff, 0x19, 0xff, 0x7b,
  0xff, 0x5a, 0xff, 0x5b, 0xff, 0x3a, 0xff, 0x3a, 0xff, 0x3a, 0xff, 0x5b,
  0xff, 0x3a, 0xff, 0x5a, 0xff, 0x3a, 0xff, 0x3a, 0xff, 0x5a, 0xff, 0x5b,
  0xff, 0x3a, 0xff, 0x5b, 0xff, 0x5a, 0xff, 0x5b, 0xff, 0x3a, 0xff, 0x5a,
  0xff, 0x3a, 0xff, 0x5a, 0xff, 0x3a, 0xf7, 0x3a, 0xff, 0x3a, 0xff, 0x5b,
  0xff, 0x5a, 0xff, 0x5b, 0xff, 0x3a, 0xf7, 0x3a, 0xff, 0x3a, 0xff, 0x5b,
  0xff, 0x5a, 0xf7, 0x1a, 0xff, 0x3a, 0xff, 0x5b, 0xff, 0x3a, 0xff, 0x3a,
  0xff, 0x5a, 0xff, 0x3a, 0xff, 0x3a, 0xff, 0x3a, 0xff, 0x3a, 0xff, 0x5b,
  0xff, 0x3a, 0xff, 0x3a, 0xff, 0x3a, 0xff, 0x3a, 0xfe, 0xf9, 0xff, 0x5b,
  0xff, 0x5a, 0xf7, 0x1a, 0xff, 0x5a, 0xff, 0x5b, 0xff, 0x5a, 0xff, 0x3a,
  0xff, 0x3a, 0xff, 0x3a, 0xff, 0x3a, 0xf7, 0x3a, 0xff, 0x3a, 0xf7, 0x3a,
  0xff, 0x1a, 0xff, 0x5b, 0xff, 0x3a, 0xff, 0x3a, 0xff, 0x3a, 0xff, 0x5b,
  0xff, 0x5a, 0xff, 0x5b, 0xff, 0x3a, 0xff, 0x5b, 0xff, 0x3a, 0xff, 0x5b,
  0xff, 0x19, 0xff, 0x5a, 0xff, 0x3a, 0xff, 0x5b, 0xff, 0x5a, 0xff, 0x5a,
  0xff, 0x3a, 0xff, 0x5a, 0xff, 0x3a, 0xff, 0x5b, 0xff, 0x19, 0xff, 0x3a,
  0xff, 0x3a, 0xff, 0x3a, 0xff, 0x3a, 0xff, 0x5b, 0xff, 0x3a, 0xff, 0x3a,
  0xef, 0x38, 0xd6, 0x96, 0xa5, 0xf7, 0xa6, 0x18, 0xa5, 0xf7, 0xae, 0x38,
  0xa6, 0x18, 0x95, 0xb7, 0xae, 0x38, 0xa6, 0x39, 0x9d, 0xb7, 0x95, 0xd7,
  0x95, 0xb7, 0x8d, 0x97, 0x9d, 0xb7, 0x95, 0xb7, 0x95, 0x77, 0x8d, 0x77,
  0x8d, 0x76, 0x85, 0x97, 0x8d, 0x97, 0x8d, 0x98, 0x95, 0xb8, 0x8d, 0x97,
  0x8d, 0x97, 0x85, 0x77, 0x9d, 0xd8, 0x9e, 0x1a, 0x8d, 0x98, 0x8d, 0xb9,
  0x95, 0x33, 0xc6, 0x99, 0xff, 0x39, 0xff, 0x39, 0xff, 0x3a, 0xff, 0x5b,
  0xff, 0x5a, 0xff, 0x5b, 0xff, 0x3a, 0xff, 0x3a, 0xff, 0x3a, 0xff, 0x5b,
  0xff, 0x5a, 0xf7, 0x3a, 0xff, 0x3a, 0xff, 0x5b, 0xff, 0x5a, 0xff, 0x3a,
  0xff, 0x5a, 0xff, 0x5b, 0xff, 0x3a, 0xff, 0x5a, 0xff, 0x3a, 0xff, 0x5b,
  0xff, 0x3a, 0xff, 0x5b, 0xff, 0x3a, 0xff, 0x5b, 0xff, 0x19, 0xff, 0x5a,
  0xff, 0x7b, 0xf7, 0x3a, 0xff, 0x3a, 0xff, 0x7b, 0xff, 0x5a, 0xff, 0x3a,
  0xff, 0x3a, 0xff, 0x5a, 0xff, 0x3a, 0xff, 0x3a, 0xff, 0x3a, 0xff, 0x5a,
  0xff, 0x1a, 0xff, 0x5b, 0xff, 0x5a, 0xff, 0x3a, 0xff, 0x3a, 0xff, 0x7b,
  0xff, 0x5a, 0xff, 0x5b, 0xff, 0x3a, 0xff, 0x5b, 0xff, 0x3a, 0xff, 0x5a,
  0xff, 0x1a, 0xff, 0x5a, 0xff, 0x3a, 0xff, 0x5b, 0xff, 0x5a, 0xff, 0x5b,
  0xff, 0x3a, 0xff, 0x5b, 0xff, 0x5a, 0xff, 0x5b, 0xff, 0x1a, 0xf7, 0x3a,
  0xff, 0x5a, 0xff, 0x5b, 0xff, 0x3a, 0xff, 0x5b, 0xff, 0x5a, 0xff, 0x5b,
  0xff, 0x3a, 0xff, 0x5a, 0xff, 0x5a, 0xf7, 0x3a, 0xff, 0x3a, 0xff, 0x5b,
  0xff, 0x3a, 0xf7, 0x3a, 0xff, 0x3a, 0xff, 0x7b, 0xff, 0x1a, 0xff, 0x5a,
  0xff, 0x5a, 0xff, 0x5b, 0xff, 0x3a, 0xff, 0x3a, 0xff, 0x3a, 0xff, 0x5b,
  0xff, 0x3a, 0xff, 0x5a, 0xff, 0x3a, 0xff, 0x3a, 0xff, 0x3a, 0xff, 0x5b,
  0xff, 0x3a, 0xff, 0x5a, 0xff, 0x5a, 0xff, 0x5b, 0xff, 0x5a, 0xff, 0x5b,
  0xff, 0x5b, 0xff, 0x3a, 0xff, 0x5b, 0xff, 0x1a, 0xff, 0x5b, 0xff, 0x3a,
  0xf7, 0x3b, 0xff, 0x1a, 0xf7, 0x3a, 0xff, 0x5b, 0xff, 0x5b, 0xff, 0x3a,
  0xf7, 0x3a, 0xff, 0x1a, 0xff, 0x5b, 0xff, 0x3a, 0xf7, 0x1a, 0xff, 0x1a,
  0xff, 0x3b, 0xff, 0x3a, 0xff, 0x5b, 0xff, 0x3a, 0xff, 0x3b, 0xff, 0x3a,
  0xff, 0x5b, 0xff, 0x1a, 0xff, 0x3b, 0xff, 0x5b, 0xff, 0x5b, 0xff, 0x5b,
  0xff, 0x3b, 0xff, 0x1a, 0xff, 0x3b, 0xff, 0x3a, 0xf7, 0x3a, 0xff, 0x3a,
  0xff, 0x5b, 0xff, 0x3a, 0xf7, 0x3a, 0xff, 0x1a, 0xff, 0x5b, 0xff, 0x3a,
  0xff, 0x5b, 0xff, 0x3a, 0xff, 0x5b, 0xff, 0x3a, 0xff, 0x5b, 0xff, 0x3a,
  0xf7, 0x3b, 0xff, 0x1a, 0xf7, 0x3b, 0xff, 0x3b, 0xff, 0x3b, 0xff, 0x3b,
  0xf7, 0x3b, 0xff, 0x3a, 0xff, 0x5b, 0xff, 0x3a, 0xf7, 0x3a, 0xff, 0x1a,
  0xff, 0x5b, 0xff, 0x3a, 0xff, 0x5b, 0xff, 0x1a, 0xff, 0x3a, 0xff, 0x3a,
  0xff, 0x3b, 0xff, 0x1a, 0xf7, 0x3a, 0xff, 0x1a, 0xf7, 0x3b, 0xff, 0x5b,
  0xff, 0x3b, 0xff, 0x3a, 0xff, 0x5b, 0xff, 0x3a, 0xf7, 0x3a, 0xff, 0x3a,
  0xff, 0x5b, 0xff, 0x5b, 0xff, 0x5b, 0xff, 0x3a, 0xf7, 0x3a, 0xff, 0x3a,
  0xff, 0x5b, 0xff, 0x1a, 0xff, 0x3b, 0xff, 0x3a, 0xff, 0x3b, 0xff, 0x3a,
  0xf7, 0x1a, 0xff, 0x3a, 0xff, 0x5b, 0xff, 0x5b, 0xff, 0x5b, 0xff, 0x3a,
  0xff, 0x5b, 0xff, 0x3a, 0xff, 0x5b, 0xff, 0x1a, 0xff, 0x3b, 0xff, 0x3a,
  0xff, 0x5b, 0xff, 0x3a, 0xff, 0x5b, 0xff, 0x3a, 0xff, 0x3b, 0xff, 0x3b,
  0xff, 0x39, 0xf6, 0xf8, 0xc6, 0x98, 0xad, 0xd5, 0x9d, 0xf8, 0x9d, 0xd8,
  0xa6, 0x38, 0xa6, 0x18, 0x9d, 0xf8, 0xa5, 0xd8, 0x9d, 0xf8, 0x9d, 0xd7,
  0x8d, 0x97, 0x9d, 0xd8, 0x95, 0xd8, 0x8d, 0x76, 0x8d, 0x98, 0x95, 0x98,
  0x85, 0x77, 0x8d, 0x77, 0x85, 0x77, 0x8d, 0x98, 0x8d, 0x98, 0x8d, 0x57,
  0x85, 0x78, 0x8d, 0x77, 0x85, 0x57, 0xa5, 0xf9, 0x8d, 0xb9, 0x8d, 0x78,
  0x8d, 0x76, 0x9d, 0xd7, 0xf7, 0x19, 0xf6, 0xf8, 0xff, 0x5b, 0xff, 0x3a,
  0xff, 0x5b, 0xff, 0x5b, 0xff, 0x5b, 0xff, 0x3a, 0xff, 0x5b, 0xff, 0x3a,
  0xf7, 0x3a, 0xff, 0x3a, 0xf7, 0x3a, 0xff, 0x5b, 0xff, 0x5b, 0xff, 0x5b,
  0xf7, 0x3b, 0xff, 0x3a, 0xff, 0x5b, 0xff, 0x3a, 0xff, 0x5b, 0xff, 0x1a,
  0xff, 0x5b, 0xff, 0x5b, 0xff, 0x5b, 0xff, 0x3a, 0xf7, 0x3a, 0xff, 0x3a,
  0xff, 0x5b, 0xff, 0x3a, 0xf7, 0x3a, 0xff, 0x3a, 0xf7, 0x3b, 0xff, 0x5b,
  0xff, 0x3b, 0xff, 0x3a, 0xff, 0x5b, 0xff, 0x3a, 0xff, 0x5b, 0xff, 0x3a,
  0xff, 0x5b, 0xff, 0x5b, 0xff, 0x7b, 0xff, 0x3a, 0xf7, 0x3b, 0xff, 0x3a,
  0xff, 0x5b, 0xff, 0x3a, 0xf7, 0x3b, 0xff, 0x5b, 0xff, 0x5b, 0xff, 0x3a,
  0xf7, 0x1a, 0xff, 0x3a, 0xff, 0x5b, 0xff, 0x5b, 0xff, 0x5b, 0xff, 0x3a,
  0xff, 0x5b, 0xff, 0x3a, 0xff, 0x5b, 0xff, 0x1a, 0xf7, 0x3b, 0xff, 0x1a,
  0xff, 0x5b, 0xff, 0x3a, 0xff, 0x5b, 0xff, 0x3a, 0xf7, 0x3b, 0xff, 0x3a,
  0xf7, 0x3b, 0xff, 0x3a, 0xf7, 0x1a, 0xff, 0x5b, 0xff, 0x5b, 0xff, 0x3a,
  0xf7, 0x3b, 0xf7, 0x1a, 0xff, 0x5b, 0xff, 0x3a, 0xf7, 0x3b, 0xf7, 0x1a,
  0xf7, 0x3b, 0xff, 0x3a, 0xff, 0x5b, 0xff, 0x3a, 0xff, 0x3b, 0xff, 0x3a,
  0xff, 0x5b, 0xff, 0x3a, 0xff, 0x3b, 0xff, 0x5b, 0xff, 0x5b, 0xff, 0x5b,
  0xff, 0x5b, 0xff, 0x3a, 0xf7, 0x3b, 0xff, 0x3a, 0xff, 0x5b, 0xff, 0x1a,
  0xff, 0x5a, 0xff, 0x5b, 0xff, 0x3a, 0xff, 0x5a, 0xff, 0x3a, 0xff, 0x5a,
  0xff, 0x3a, 0xf7, 0x3a, 0xff, 0x3a, 0xff, 0x5b, 0xff, 0x5a, 0xff, 0x5a,
  0xff, 0x5a, 0xff, 0x5b, 0xff, 0x5a, 0xff, 0x3a, 0xff, 0x1a, 0xff, 0x5a,
  0xff, 0x3a, 0xff, 0x5b, 0xff, 0x5a, 0xff, 0x5b, 0xff, 0x3a, 0xff, 0x5b,
  0xff, 0x3a, 0xff, 0x5b, 0xff, 0x3a, 0xff, 0x3a, 0xff, 0x3a, 0xff, 0x5b,
  0xff, 0x3a, 0xff, 0x3a, 0xff, 0x3a, 0xff, 0x5a, 0xff, 0x1a, 0xf7, 0x3a,
  0xff, 0x3a, 0xff, 0x5b, 0xff, 0x3a, 0xff, 0x5b, 0xff, 0x5a, 0xff, 0x5b,
  0xff, 0x19, 0xf7, 0x3a, 0xff, 0x5a, 0xf7, 0x3a, 0xff, 0x3a, 0xff, 0x7b,
  0xff, 0x3a, 0xff, 0x5a, 0xff, 0x3a, 0xff, 0x5b, 0xff, 0x5a, 0xff, 0x5a,
  0xff, 0x3a, 0xff, 0x3a, 0xff, 0x3a, 0xff, 0x3b, 0xff, 0x19, 0xff, 0x5a,
  0xff, 0x3a, 0xff, 0x5b, 0xff, 0x3a, 0xff, 0x5a, 0xff, 0x5a, 0xff, 0x5b,
  0xff, 0x3a, 0xff, 0x3a, 0xff, 0x3a, 0xff, 0x3a, 0xff, 0x5a, 0xff, 0x5b,
  0xff, 0x5a, 0xff, 0x5b, 0xff, 0x3a, 0xff, 0x3a, 0xff, 0x3a, 0xff, 0x3a,
  0xff, 0x3a, 0xff, 0x5b, 0xff, 0x3a, 0xff, 0x5b, 0xff, 0x3a, 0xff, 0x5b,
  0xff, 0x3a, 0xff, 0x3a, 0xff, 0x1a, 0xff, 0x5a, 0xff, 0x5a, 0xff, 0x5b,
  0xff, 0x5a, 0xff, 0x5b, 0xff, 0x5a, 0xf7, 0x3a, 0xff, 0x1a, 0xff, 0x5b,
  0xff, 0x3a, 0xff, 0x3a, 0xff, 0x7b, 0xff, 0x5b, 0xff, 0x5a, 0xff, 0x5a,
  0xff, 0x5b, 0xff, 0x5b, 0xff, 0x5a, 0xff, 0x5a, 0xff, 0x3a, 0xff, 0x5a,
  0xff, 0x1a, 0xff, 0x1a, 0xef, 0x19, 0xce, 0x35, 0x9d, 0xd6, 0x9d, 0xf7,
  0xae, 0x18, 0xa6, 0x18, 0xa6, 0x17, 0xa6, 0x18, 0x9d, 0xd7, 0x9d, 0xd8,
  0x9d, 0xd8, 0x95, 0xd8, 0x95, 0xb8, 0x85, 0x77, 0x9d, 0xb8, 0x95, 0x98,
  0x8d, 0x77, 0x8d, 0x98, 0x8d, 0x77, 0x85, 0x77, 0x8d, 0x56, 0x8d, 0x77,
  0x95, 0x98, 0x8d, 0x98, 0x8d, 0x77, 0x8d, 0x97, 0x9d, 0xd9, 0x95, 0xd9,
  0x8d, 0x97, 0x85, 0x77, 0xe6, 0x76, 0xff, 0x7b, 0xff, 0x3a, 0xff, 0x5b,
  0xff, 0x3a, 0xf7, 0x3a, 0xff, 0x5a, 0xf7, 0x5a, 0xff, 0x3a, 0xff, 0x7b,
  0xff, 0x5a, 0xff, 0x5b, 0xff, 0x3a, 0xff, 0x5b, 0xff, 0x5a, 0xff, 0x5b,
  0xff, 0x3a, 0xff, 0x5b, 0xff, 0x3a, 0xff, 0x5a, 0xff, 0x1a, 0xff, 0x5a,
  0xff, 0x3a, 0xff, 0x5b, 0xff, 0x3a, 0xff, 0x5b, 0xff, 0x5a, 0xff, 0x5b,
  0xff, 0x3a, 0xff, 0x3a, 0xff, 0x3a, 0xff, 0x5b, 0xff, 0x3a, 0xff, 0x5b,
  0xff, 0x5a, 0xff, 0x5b, 0xff, 0x3a, 0xff, 0x5b, 0xff, 0x3a, 0xff, 0x5b,
  0xff, 0x3a, 0xff, 0x5b, 0xff, 0x5a, 0xff, 0x5b, 0xff, 0x3a, 0xff, 0x5a,
  0xff, 0x5a, 0xf7, 0x3a, 0xff, 0x19, 0xff, 0x5b, 0xff, 0x3a, 0xff, 0x5b,
  0xff, 0x5a, 0xff, 0x5b, 0xff, 0x5a, 0xf7, 0x3a, 0xff, 0x1a, 0xff, 0x5b,
  0xff, 0x3a, 0xff, 0x3a, 0xff, 0x5a, 0xff, 0x7b, 0xff, 0x3a, 0xff, 0x5a,
  0xff, 0x5a, 0xff, 0x5b, 0xff, 0x5a, 0xff, 0x5b, 0xff, 0x3a, 0xff, 0x5a,
  0xff, 0x3a, 0xf7, 0x3a, 0xff, 0x3a, 0xff, 0x5b, 0xff, 0x5a, 0xff, 0x5a,
  0xff, 0x5a, 0xff, 0x5b, 0xff, 0x5a, 0xff, 0x5a, 0xff, 0x3a, 0xff, 0x5a,
  0xff, 0x3a, 0xff, 0x5a, 0xff, 0x5a, 0xff, 0x5b, 0xff, 0x5a, 0xff, 0x5b,
  0xff, 0x3a, 0xff, 0x5b, 0xff, 0x3a, 0xff, 0x3a, 0xff, 0x5a, 0xff, 0x5b,
  0xff, 0x5a, 0xff, 0x5b, 0xff, 0x3a, 0xff, 0x5b, 0xff, 0x3a, 0xf7, 0x1a,
  0xff, 0x3b, 0xff, 0x5b, 0xff, 0x5b, 0xff, 0x5a, 0xf7, 0x3b, 0xff, 0x1a,
  0xf7, 0x1a, 0xf6, 0xd9, 0xf7, 0x3b, 0xff, 0x3a, 0xf7, 0x3a, 0xff, 0x3a,
  0xff, 0x5b, 0xff, 0x5b, 0xff, 0x3b, 0xff, 0x3a, 0xff, 0x5b, 0xff, 0x1a,
  0xf7, 0x3b, 0xff, 0x1a, 0xff, 0x5b, 0xff, 0x3a, 0xff, 0x3b, 0xff, 0x1a,
  0xff, 0x3b, 0xff, 0x5b, 0xf7, 0x1a, 0xff, 0x1a, 0xf7, 0x3a, 0xff, 0x3a,
  0xff, 0x7b, 0xff, 0x3a, 0xff, 0x3b, 0xff, 0x1a, 0xff, 0x5b, 0xff, 0x3a,
  0xff, 0x3b, 0xff, 0x5b, 0xff, 0x5b, 0xff, 0x3a, 0xff, 0x7b, 0xff, 0x1a,
  0xff, 0x5b, 0xff, 0x3a, 0xff, 0x5b, 0xff, 0x5b, 0xff, 0x5b, 0xff, 0x5b,
  0xff, 0x5b, 0xff, 0x3a, 0xff, 0x5b, 0xff, 0x3a, 0xff, 0x5b, 0xff, 0x3a,
  0xff, 0x5b, 0xff, 0x3a, 0xf7, 0x3b, 0xf7, 0x1a, 0xee, 0xda, 0xff, 0x1a,
  0xff, 0x3b, 0xff, 0x1a, 0xf7, 0x3a, 0xff, 0x5a, 0xff, 0x5b, 0xff, 0x1a,
  0xff, 0x5b, 0xff, 0x3a, 0xff, 0x3a, 0xff, 0x1a, 0xf7, 0x3a, 0xff, 0x3a,
  0xff, 0x3b, 0xff, 0x1a, 0xf7, 0x3a, 0xff, 0x1a, 0xff, 0x7b, 0xff, 0x1a,
  0xf7, 0x1a, 0xff, 0x1a, 0xff, 0x3b, 0xff, 0x5b, 0xff, 0x5b, 0xff, 0x3a,
  0xf7, 0x3a, 0xff, 0x1a, 0xff, 0x5b, 0xff, 0x1a, 0xff, 0x5b, 0xff, 0x5b,
  0xff, 0x5b, 0xff, 0x5b, 0xf7, 0x3a, 0xff, 0x3a, 0xff, 0x5b, 0xff, 0x3a,
  0xff, 0x5b, 0xff, 0x5b, 0xff, 0x7b, 0xff, 0x3a, 0xff, 0x5b, 0xff, 0x5b,
  0xff, 0x3b, 0xff, 0x5b, 0xf7, 0x3a, 0xff, 0x5a, 0xff, 0x5b, 0xff, 0x3a,
  0xf7, 0x1b, 0xf6, 0xda, 0xf7, 0x3a, 0xf6, 0xf8, 0xbe, 0x78, 0xb5, 0xd5,
  0x95, 0xf8, 0x9e, 0x18, 0x9e, 0x18, 0xa6, 0x18, 0x9d, 0xf8, 0x95, 0x97,
  0x8d, 0x98, 0x95, 0x77, 0x85, 0x57, 0x95, 0x98, 0x8d, 0x98, 0x8d, 0x57,
  0x85, 0x77, 0x8d, 0x77, 0x85, 0x78, 0x8d, 0x77, 0x8d, 0x98, 0x95, 0x98,
  0x8d, 0x98, 0x95, 0x98, 0x85, 0x98, 0x85, 0x57, 0x8d, 0xb9, 0x8d, 0x77,
  0x8d, 0x98, 0x8d, 0x77, 0xbd, 0xd5, 0xf7, 0x7b, 0xff, 0x5b, 0xff, 0x1a,
  0xf7, 0x3b, 0xff, 0x3b, 0xf7, 0x3b, 0xff, 0x5b, 0xff, 0x5b, 0xff, 0x5b,
  0xff, 0x5b, 0xff, 0x3a, 0xff, 0x5b, 0xff, 0x3a, 0xff, 0x5b, 0xff, 0x3a,
  0xff, 0x5b, 0xff, 0x5b, 0xf7, 0x3b, 0xff, 0x1a, 0xf7, 0x1a, 0xf7, 0x1a,
  0xff, 0x5b, 0xff, 0x3a, 0xf7, 0x3b, 0xff, 0x5b, 0xff, 0x7b, 0xff, 0x3a,
  0xff, 0x5b, 0xff, 0x5b, 0xff, 0x3b, 0xff, 0x3a, 0xf7, 0x3b, 0xff, 0x3a,
  0xff, 0x5b, 0xff, 0x3a, 0xff, 0x3b, 0xff, 0x1a, 0xff, 0x7b, 0xff, 0x3a,
  0xf7, 0x1a, 0xff, 0x1a, 0xff, 0x3b, 0xff, 0x5b, 0xff, 0x5b, 0xff, 0x3a,
  0xf7, 0x3b, 0xff, 0x1a, 0xff, 0x5b, 0xff, 0x3a, 0xff, 0x5b, 0xff, 0x5b,
  0xff, 0x5b, 0xff, 0x5b, 0xff, 0x5b, 0xff, 0x3a, 0xff, 0x5b, 0xff, 0x3a,
  0xff, 0x5b, 0xff, 0x5b, 0xff, 0x5b, 0xff, 0x5b, 0xf7, 0x3b, 0xff, 0x5b,
  0xff, 0x5b, 0xff, 0x3a, 0xff, 0x5b, 0xff, 0x3a, 0xff, 0x5b, 0xff, 0x3a,
  0xf7, 0x3a, 0xf6, 0xf9, 0xf7, 0x1a, 0xff, 0x3a, 0xf7, 0x3a, 0xff, 0x3a,
  0xff, 0x5b, 0xff, 0x5b, 0xff, 0x5b, 0xff, 0x3a, 0xff, 0x5b, 0xff, 0x3a,
  0xf7, 0x3b, 0xff, 0x3a, 0xf7, 0x3a, 0xff, 0x3a, 0xf7, 0x3b, 0xff, 0x3a,
  0xf7, 0x3a, 0xff, 0x5b, 0xf7, 0x3b, 0xf7, 0x1a, 0xf7, 0x3a, 0xff, 0x3a,
  0xff, 0x7b, 0xff, 0x5b, 0xff, 0x3b, 0xff, 0x3a, 0xf7, 0x1a, 0xff, 0x5b,
  0xff, 0x5a, 0xff, 0x5b, 0xff, 0x3a, 0xff, 0x5a, 0xff, 0x5a, 0xff, 0x5a,
  0xff, 0x3a, 0xf7, 0x1a, 0xff, 0x5a, 0xff, 0x5b, 0xff, 0x3a, 0xff, 0x5a,
  0xff, 0x5a, 0xff, 0x5a, 0xff, 0x3a, 0xff, 0x5a, 0xff, 0x3a, 0xf7, 0x1a,
  0xff, 0x3a, 0xff, 0x5a, 0xff, 0x5a, 0xff, 0x5a, 0xff, 0x19, 0xff, 0x3a,
  0xff, 0x3a, 0xff, 0x5b, 0xff, 0x3a, 0xff, 0x3a, 0xff, 0x3a, 0xff, 0x3a,
  0xff, 0x5a, 0xff, 0x7b, 0xff, 0x5a, 0xff, 0x5a, 0xff, 0x5a, 0xff, 0x5b,
  0xff, 0x3a, 0xff, 0x7b, 0xff, 0x5a, 0xff, 0x5b, 0xff, 0x3a, 0xf7, 0x3a,
  0xff, 0x3a, 0xff, 0x5b, 0xff, 0x3a, 0xff, 0x5b, 0xff, 0x5a, 0xff, 0x5b,
  0xff, 0x19, 0xf7, 0x3a, 0xff, 0x5a, 0xff, 0x5b, 0xff, 0x5a, 0xff, 0x5b,
  0xff, 0x5a, 0xff, 0x5b, 0xff, 0x3a, 0xff, 0x3b, 0xfe, 0xf9, 0xff, 0x3b,
  0xff, 0x3a, 0xff, 0x5a, 0xff, 0x3a, 0xff, 0x5a, 0xff, 0x3a, 0xf7, 0x3a,
  0xff, 0x3a, 0xff, 0x5a, 0xfe, 0xf9, 0xff, 0x3a, 0xff, 0x3a, 0xff, 0x5b,
  0xff, 0x5a, 0xf7, 0x1a, 0xff, 0x3a, 0xff, 0x5a, 0xff, 0x5a, 0xff, 0x3a,
  0xff, 0x3a, 0xff, 0x3a, 0xff, 0x3a, 0xff, 0x5b, 0xff, 0x5a, 0xff, 0x7b,
  0xff, 0x3a, 0xff, 0x5b, 0xff, 0x5a, 0xff, 0x3a, 0xff, 0x5a, 0xff, 0x7b,
  0xff, 0x5a, 0xff, 0x5a, 0xff, 0x3a, 0xff, 0x5b, 0xff, 0x3a, 0xff, 0x5b,
  0xff, 0x3a, 0xff, 0x5b, 0xff, 0x3a, 0xff, 0x3a, 0xff, 0x1a, 0xff, 0x5b,
  0xff, 0x5a, 0xff, 0x5b, 0xff, 0x3a, 0xff, 0x5b, 0xff, 0x5a, 0xff, 0x5a,
  0xff, 0x5a, 0xf7, 0x3a, 0xff, 0x5a, 0xff, 0x5a, 0xef, 0x19, 0xce, 0x56,
  0x95, 0xb6, 0x95, 0xd7, 0x95, 0xd7, 0x9d, 0xf8, 0xa5, 0xf7, 0x95, 0xb7,
  0x95, 0x76, 0x8d, 0x77, 0x95, 0x77, 0x95, 0x98, 0x8d, 0x76, 0x95, 0xd8,
  0x8d, 0x77, 0x8d, 0x97, 0x85, 0x56, 0x85, 0x77, 0x8d, 0x77, 0x8d, 0xb8,
  0x95, 0x97, 0x8d, 0x98, 0x95, 0xb8, 0x8d, 0xb8, 0x8d, 0x77, 0x8d, 0x97,
  0x8d, 0x98, 0x8d, 0xd9, 0xad, 0x93, 0xdf, 0x5b, 0xff, 0x3a, 0xff, 0x3a,
  0xff, 0x3a, 0xff, 0x3b, 0xff, 0x3a, 0xff, 0x5b, 0xff, 0x5a, 0xff, 0x5b,
  0xff, 0x3a, 0xf7, 0x3a, 0xff, 0x5a, 0xff, 0x5b, 0xff, 0x5a, 0xff, 0x5b,
  0xff, 0x5a, 0xff, 0x5b, 0xff, 0x5a, 0xff, 0x5b, 0xff, 0x19, 0xff, 0x5b,
  0xff, 0x3a, 0xff, 0x5b, 0xff, 0x3a, 0xff, 0x5b, 0xff, 0x5a, 0xff, 0x3a,
  0xff, 0x3a, 0xff, 0x5b, 0xff, 0x19, 0xff, 0x3a, 0xff, 0x3a, 0xff, 0x5b,
  0xff, 0x5a, 0xff, 0x3a, 0xff, 0x3a, 0xff, 0x5a, 0xff, 0x5a, 0xff, 0x5b,
  0xff, 0x3a, 0xff, 0x5b, 0xff, 0x3a, 0xff, 0x5b, 0xff, 0x5a, 0xff, 0x7b,
  0xff, 0x3a, 0xff, 0x5b, 0xff, 0x5a, 0xff, 0x3a, 0xff, 0x5a, 0xff, 0x7b,
  0xff, 0x5a, 0xff, 0x5b, 0xff, 0x3a, 0xff, 0x5b, 0xff, 0x5a, 0xff, 0x5b,
  0xff, 0x3a, 0xff, 0x5b, 0xff, 0x5a, 0xff, 0x3a, 0xff, 0x1a, 0xff, 0x5b,
  0xff, 0x5a, 0xff, 0x7b, 0xff, 0x5a, 0xff, 0x5b, 0xff, 0x5a, 0xff, 0x5b,
  0xff, 0x5a, 0xf7, 0x1a, 0xff, 0x3a, 0xff, 0x5b, 0xff, 0x5a, 0xff, 0x5a,
  0xff, 0x3a, 0xff, 0x5b, 0xff, 0x3a, 0xff, 0x5a, 0xff, 0x5a, 0xf7, 0x3a,
  0xff, 0x3a, 0xff, 0x5b, 0xff, 0x3a, 0xff, 0x5b, 0xff, 0x1a, 0xf7, 0x3a,
  0xff, 0x3a, 0xff, 0x5b, 0xff, 0x5a, 0xff, 0x5a, 0xff, 0x5a, 0xff, 0x5a,
  0xff, 0x5a, 0xff, 0x7b, 0xff, 0x5b, 0xff, 0x5b, 0xff, 0x3a, 0xff, 0x5b,
  0xff, 0x5b, 0xff, 0x5a, 0xff, 0x5b, 0xff, 0x3a, 0xff, 0x5b, 0xff, 0x3a,
  0xf7, 0x3a, 0xff, 0x1a, 0xff, 0x3a, 0xff, 0x3a, 0xff, 0x3a, 0xff, 0x3a,
  0xff, 0x3b, 0xff, 0x3a, 0xff, 0x3b, 0xff, 0x3a, 0xf7, 0x3a, 0xff, 0x3a,
  0xff, 0x5b, 0xff, 0x3a, 0xff, 0x5b, 0xff, 0x5b, 0xff, 0x5b, 0xff, 0x3a,
  0xff, 0x3b, 0xff, 0x3a, 0xff, 0x5b, 0xff, 0x1a, 0xff, 0x5b, 0xff, 0x1a,
  0xf7, 0x1a, 0xff, 0x3a, 0xff, 0x5b, 0xff, 0x3a, 0xff, 0x5b, 0xff, 0x5b,
  0xff, 0x5b, 0xff, 0x5b, 0xf7, 0x3b, 0xff, 0x3a, 0xf7, 0x3b, 0xff, 0x5b,
  0xf7, 0x3b, 0xff, 0x3a, 0xff, 0x5b, 0xff, 0x3a, 0xf7, 0x3b, 0xff, 0x5b,
  0xff, 0x5b, 0xff, 0x3a, 0xf7, 0x3b, 0xff, 0x3a, 0xff, 0x5b, 0xff, 0x5b,
  0xff, 0x3b, 0xff, 0x3a, 0xff, 0x5b, 0xff, 0x1a, 0xf7, 0x3a, 0xff, 0x1a,
  0xff, 0x5b, 0xff, 0x1a, 0xff, 0x3b, 0xff, 0x3a, 0xff, 0x5b, 0xff, 0x3a,
  0xff, 0x3b, 0xff, 0x1a, 0xff, 0x3b, 0xff, 0x3a, 0xff, 0x5b, 0xff, 0x3a,
  0xff, 0x5b, 0xff, 0x3a, 0xff, 0x3b, 0xff, 0x1a, 0xff, 0x5b, 0xff, 0x3a,
  0xf7, 0x3a, 0xff, 0x3a, 0xff, 0x3b, 0xff, 0x1a, 0xff, 0x5b, 0xff, 0x5b,
  0xff, 0x5b, 0xff, 0x3a, 0xff, 0x5b, 0xff, 0x5b, 0xff, 0x5b, 0xff, 0x3a,
  0xf7, 0x3b, 0xff, 0x3a, 0xff, 0x7b, 0xff, 0x3a, 0xff, 0x3b, 0xff, 0x5b,
  0xff, 0x5b, 0xff, 0x3a, 0xff, 0x5b, 0xff, 0x3a, 0xff, 0x3b, 0xff, 0x3a,
  0xff, 0x5b, 0xff, 0x5b, 0xff, 0x5b, 0xff, 0x3a, 0xff, 0x5b, 0xff, 0x3a,
  0xf7, 0x3a, 0xff, 0x1a, 0xff, 0x3b, 0xff, 0x3b, 0xff, 0x3a, 0xf6, 0xf9,
  0xb6, 0x57, 0x9d, 0x94, 0x95, 0xb8, 0x9d, 0xb8, 0x95, 0xb7, 0xa5, 0xf8,
  0x9e, 0x18, 0x95, 0xb6, 0x8d, 0x98, 0x95, 0x77, 0x8d, 0xb8, 0x8d, 0xb8,
  0x8d, 0xb8, 0x8d, 0x77, 0x85, 0x77, 0x8d, 0x77, 0x85, 0x98, 0x85, 0x77,
  0x85, 0x77, 0x8d, 0x77, 0x8d, 0xb8, 0x8d, 0x77, 0x8d, 0xb8, 0x8d, 0x97,
  0x85, 0x98, 0x8d, 0x98, 0x8d, 0x13, 0xc6, 0x79, 0xff, 0x3a, 0xff, 0x3a,
  0xff, 0x5b, 0xff, 0x3a, 0xff, 0x5b, 0xff, 0x5b, 0xff, 0x5b, 0xff, 0x3a,
  0xff, 0x5b, 0xff, 0x3a, 0xff, 0x5b, 0xff, 0x3a, 0xff, 0x5b, 0xff, 0x5b,
  0xff, 0x5b, 0xff, 0x3a, 0xff, 0x5b, 0xff, 0x1a, 0xf7, 0x3a, 0xff, 0x3a,
  0xff, 0x5b, 0xff, 0x3a, 0xff, 0x5b, 0xff, 0x3a, 0xff, 0x5b, 0xff, 0x5b,
  0xff, 0x5b, 0xff, 0x3a, 0xf7, 0x3b, 0xff, 0x5b, 0xff, 0x5b, 0xff, 0x5b,
  0xff, 0x5b, 0xff, 0x5b, 0xf7, 0x3b, 0xff, 0x3a, 0xff, 0x5b, 0xff, 0x5b,
  0xf7, 0x3b, 0xff, 0x3a, 0xf7, 0x3b, 0xff, 0x1a, 0xff, 0x3b, 0xff, 0x5b,
  0xff, 0x5b, 0xff, 0x3b, 0xff, 0x5b, 0xff, 0x5b, 0xff, 0x5b, 0xff, 0x3a,
  0xf7, 0x3b, 0xff, 0x3a, 0xff, 0x5b, 0xff, 0x5b, 0xf7, 0x3b, 0xff, 0x3a,
  0xff, 0x5b, 0xff, 0x3a, 0xff, 0x5b, 0xff, 0x5b, 0xff, 0x5b, 0xff, 0x3a,
  0xff, 0x5b, 0xff, 0x5b, 0xff, 0x5b, 0xff, 0x3a, 0xff, 0x5b, 0xff, 0x3a,
  0xff, 0x3b, 0xff, 0x1a, 0xff, 0x3b, 0xff, 0x3a, 0xff, 0x5b, 0xff, 0x3a,
  0xf7, 0x3b, 0xff, 0x3a, 0xff, 0x5b, 0xff, 0x3a, 0xff, 0x3b, 0xff, 0x3a,
  0xff, 0x5b, 0xff, 0x5b, 0xff, 0x5b, 0xff, 0x3a, 0xff, 0x5b, 0xff, 0x3a,
  0xff, 0x3b, 0xff, 0x3a, 0xff, 0x5b, 0xff, 0x3a, 0xff, 0x5b, 0xff, 0x3a,
  0xf7, 0x1a, 0xff, 0x3a, 0xff, 0x7b, 0xff, 0x5b, 0xff, 0x5b, 0xff, 0x3a,
  0xff, 0x5a, 0xff, 0x5b, 0xff, 0x3a, 0xff, 0x5a, 0xff, 0x3a, 0xff, 0x5a,
  0xff, 0x3a, 0xff, 0x5a, 0xff, 0x3a, 0xff, 0x5a, 0xff, 0x3a, 0xff, 0x5a,
  0xff, 0x5a, 0xff, 0x5a, 0xff, 0x5a, 0xff, 0x7b, 0xff, 0x3a, 0xff, 0x3a,
  0xff, 0x3a, 0xff, 0x5b, 0xff, 0x3a, 0xff, 0x5b, 0xff, 0x3a, 0xff, 0x5b,
  0xff, 0x3a, 0xff, 0x5b, 0xff, 0x3a, 0xff, 0x5b, 0xff, 0x3a, 0xff, 0x5b,
  0xff, 0x5a, 0xff, 0x5b, 0xff, 0x3a, 0xff, 0x5b, 0xff, 0x5a, 0xf7, 0x3a,
  0xff, 0x1a, 0xff, 0x7b, 0xff, 0x5a, 0xf7, 0x3a, 0xff, 0x3a, 0xff, 0x5a,
  0xff, 0x5a, 0xff, 0x3a, 0xff, 0x3a, 0xf7, 0x3a, 0xff, 0x3a, 0xff, 0x5b,
  0xff, 0x5a, 0xf7, 0x3a, 0xff, 0x3a, 0xff, 0x5b, 0xff, 0x5a, 0xff, 0x5a,
  0xff, 0x3a, 0xff, 0x5a, 0xff, 0x5a, 0xff, 0x3a, 0xff, 0x3a, 0xff, 0x5a,
  0xff, 0x3a, 0xff, 0x3a, 0xff, 0x3a, 0xff, 0x5b, 0xff, 0x3a, 0xff, 0x5b,
  0xff, 0x5a, 0xff, 0x5b, 0xff, 0x1a, 0xff, 0x3a, 0xff, 0x3a, 0xff, 0x5a,
  0xff, 0x3a, 0xff, 0x3a, 0xff, 0x3a, 0xff, 0x5a, 0xff, 0x3a, 0xff, 0x3a,
  0xff, 0x3a, 0xff, 0x5b, 0xff, 0x5a, 0xff, 0x5b, 0xff, 0x5a, 0xff, 0x5b,
  0xff, 0x3a, 0xff, 0x5b, 0xff, 0x1a, 0xf7, 0x3a, 0xff, 0x5a, 0xff, 0x7b,
  0xff, 0x3a, 0xff, 0x3a, 0xff, 0x3a, 0xff, 0x5b, 0xff, 0x3a, 0xff, 0x5b,
  0xff, 0x3a, 0xff, 0x5b, 0xff, 0x5a, 0xff, 0x5b, 0xff, 0x3a, 0xff, 0x5a,
  0xff, 0x5a, 0xff, 0x7b, 0xff, 0x3a, 0xff, 0x5b, 0xff, 0x3a, 0xff, 0x5b,
  0xff, 0x3a, 0xff, 0x5b, 0xff, 0x3a, 0xff, 0x5a, 0xff, 0x19, 0xff, 0x3a,
  0xf7, 0x39, 0xce, 0x36, 0x95, 0x95, 0x95, 0xd7, 0x95, 0x76, 0x95, 0xb7,
  0xa6, 0x17, 0x9d, 0xf7, 0x95, 0x97, 0x8d, 0x98, 0x95, 0x98, 0x8d, 0x78,
  0x8d, 0x77, 0x95, 0xb8, 0x8d, 0x57, 0x85, 0x57, 0x95, 0x98, 0x85, 0x77,
  0x8d, 0x77, 0x8d, 0x98, 0x95, 0xb8, 0x8d, 0x98, 0x95, 0xb8, 0x85, 0x77,
  0x8d, 0x98, 0x8d, 0xd9, 0x84, 0xd2, 0x9d, 0xd7, 0xff, 0x39, 0xff, 0x3a,
  0xff, 0x5b, 0xff, 0x5b, 0xff, 0x3a, 0xff, 0x3b, 0xff, 0x3a, 0xff, 0x5b,
  0xff, 0x5a, 0xff, 0x5a, 0xff, 0x3a, 0xff, 0x5b, 0xff, 0x5a, 0xff, 0x5b,
  0xff, 0x5a, 0xff, 0x5b, 0xff, 0x5a, 0xff, 0x5b, 0xff, 0x5a, 0xff, 0x5b,
  0xff, 0x3a, 0xff, 0x3a, 0xff, 0x3a, 0xff, 0x5b, 0xff, 0x5a, 0xff, 0x5b,
  0xff, 0x5b, 0xff, 0x5b, 0xff, 0x3a, 0xff, 0x3a, 0xff, 0x5a, 0xff, 0x5b,
  0xff, 0x5a, 0xf7, 0x3a, 0xff, 0x5a, 0xff, 0x5a, 0xff, 0x5a, 0xff, 0x5a,
  0xff, 0x3a, 0xff, 0x5b, 0xff, 0x5a, 0xff, 0x5b, 0xff, 0x5b, 0xff, 0x5b,
  0xff, 0x5b, 0xff, 0x5b, 0xff, 0x3a, 0xf7, 0x3a, 0xff, 0x5a, 0xff, 0x7b,
  0xff, 0x3a, 0xff, 0x3a, 0xff, 0x3a, 0xff, 0x5b, 0xff, 0x5a, 0xff, 0x5b,
  0xff, 0x3a, 0xff, 0x5a, 0xff, 0x5a, 0xff, 0x5b, 0xff, 0x3a, 0xff, 0x5a,
  0xff, 0x5a, 0xff, 0x7b, 0xff, 0x3a, 0xff, 0x5b, 0xff, 0x3a, 0xff, 0x5b,
  0xff, 0x3a, 0xff, 0x5b, 0xff, 0x3a, 0xff, 0x5b, 0xff, 0x3a, 0xff, 0x5b,
  0xff, 0x5a, 0xff, 0x5b, 0xff, 0x3a, 0xff, 0x5b, 0xff, 0x5a, 0xff, 0x5a,
  0xff, 0x3a, 0xff, 0x5b, 0xff, 0x5a, 0xff, 0x5b, 0xff, 0x3a, 0xff, 0x5b,
  0xff, 0x3a, 0xff, 0x5b, 0xff, 0x3a, 0xff, 0x5a, 0xff, 0x5a, 0xff, 0x5b,
  0xff, 0x5a, 0xff, 0x5b, 0xff, 0x5a, 0xff, 0x5a, 0xff, 0x5a, 0xff, 0x3a,
  0xff, 0x3a, 0xff, 0x3a, 0xff, 0x3b, 0xff, 0x1a, 0xff, 0x5b, 0xff, 0x3a,
  0xff, 0x3b, 0xff, 0x1a, 0xff, 0x3b, 0xff, 0x3a, 0xff, 0x5b, 0xff, 0x3a,
  0xff, 0x3b, 0xff, 0x3a, 0xff, 0x3b, 0xff, 0x5b, 0xf7, 0x3b, 0xf7, 0x1a,
  0xff, 0x3b, 0xff, 0x5b, 0xff, 0x3b, 0xff, 0x3a, 0xff, 0x5b, 0xff, 0x5b,
  0xff, 0x3b, 0xff, 0x1a, 0xff, 0x3b, 0xff, 0x3a, 0xff, 0x5b, 0xff, 0x3a,
  0xff, 0x5b, 0xff, 0x3a, 0xff, 0x5b, 0xff, 0x3a, 0xff, 0x5b, 0xff, 0x1a,
  0xff, 0x5b, 0xff, 0x3a, 0xff, 0x5b, 0xff, 0x3a, 0xf7, 0x3b, 0xff, 0x3a,
  0xff, 0x5b, 0xff, 0x5b, 0xff, 0x5b, 0xf6, 0xf9, 0xff, 0x5b, 0xff, 0x3a,
  0xff, 0x5b, 0xff, 0x5b, 0xff, 0x5b, 0xff, 0x3a, 0xf7, 0x3a, 0xff, 0x3a,
  0xf7, 0x3a, 0xff, 0x3a, 0xff, 0x3b, 0xff, 0x3a, 0xf7, 0x3a, 0xff, 0x3a,
  0xff, 0x3b, 0xff, 0x3a, 0xf7, 0x3a, 0xff, 0x3a, 0xff, 0x3b, 0xff, 0x3a,
  0xff, 0x5b, 0xff, 0x3a, 0xf7, 0x1a, 0xff, 0x1a, 0xff, 0x5b, 0xff, 0x3a,
  0xf7, 0x3a, 0xff, 0x3a, 0xff, 0x5b, 0xff, 0x3a, 0xf7, 0x1a, 0xff, 0x3a,
  0xff, 0x5b, 0xff, 0x5b, 0xff, 0x3b, 0xff, 0x5b, 0xff, 0x5b, 0xff, 0x3a,
  0xff, 0x5b, 0xff, 0x3a, 0xf7, 0x3a, 0xff, 0x3a, 0xff, 0x5b, 0xff, 0x5b,
  0xff, 0x5b, 0xff, 0x1a, 0xff, 0x5b, 0xff, 0x5b, 0xff, 0x5b, 0xff, 0x5b,
  0xf7, 0x1a, 0xff, 0x5b, 0xff, 0x5b, 0xff, 0x5b, 0xff, 0x5b, 0xff, 0x5b,
  0xf7, 0x3b, 0xff, 0x3a, 0xff, 0x5b, 0xff, 0x1a, 0xff, 0x5b, 0xff, 0x3a,
  0xf7, 0x3b, 0xff, 0x3a, 0xff, 0x5b, 0xff, 0x3a, 0xff, 0x3b, 0xff, 0x3a,
  0xff, 0x39, 0xfe, 0xf8, 0xbe, 0x98, 0xa5, 0xb4, 0x8d, 0x98, 0x95, 0xb8,
  0x95, 0x77, 0xa5, 0xd8, 0x9e, 0x19, 0x95, 0xb7, 0x85, 0x57, 0x95, 0x97,
  0x8d, 0x78, 0x8d, 0x57, 0x85, 0x78, 0x8d, 0x78, 0x85, 0x98, 0x8d, 0x98,
  0x7d, 0x57, 0x85, 0x57, 0x85, 0x99, 0x8d, 0x98, 0x8d, 0x98, 0x7d, 0x16,
  0x95, 0xfa, 0xa6, 0x3b, 0x85, 0x77, 0x8d, 0x76, 0xee, 0xf9, 0xff, 0x3a,
  0xff, 0x5b, 0xff, 0x3a, 0xff, 0x5c, 0xff, 0x1a, 0xff, 0x5b, 0xff, 0x5b,
  0xff, 0x5b, 0xff, 0x5b, 0xff, 0x5b, 0xff, 0x3a, 0xf7, 0x3b, 0xff, 0x3a,
  0xf7, 0x3a, 0xff, 0x3a, 0xff, 0x5b, 0xff, 0x3a, 0xf7, 0x3b, 0xff, 0x3a,
  0xff, 0x5b, 0xff, 0x3a, 0xf7, 0x3b, 0xff, 0x3a, 0xff, 0x5b, 0xff, 0x3a,
  0xff, 0x5b, 0xff, 0x3a, 0xf7, 0x3a, 0xff, 0x1a, 0xff, 0x5b, 0xff, 0x3a,
  0xf7, 0x3b, 0xff, 0x3a, 0xff, 0x5b, 0xff, 0x3a, 0xf7, 0x1a, 0xff, 0x1a,
  0xf7, 0x3b, 0xff, 0x5b, 0xff, 0x5b, 0xff, 0x5b, 0xff, 0x5b, 0xff, 0x3b,
  0xff, 0x5b, 0xff, 0x5b, 0xf7, 0x3b, 0xff, 0x3a, 0xff, 0x5b, 0xff, 0x3a,
  0xff, 0x5b, 0xff, 0x1a, 0xff, 0x5b, 0xff, 0x5b, 0xff, 0x5b, 0xff, 0x5b,
  0xf7, 0x3a, 0xff, 0x3a, 0xff, 0x5b, 0xff, 0x3a, 0xff, 0x5b, 0xff, 0x5b,
  0xff, 0x5b, 0xff, 0x3a, 0xff, 0x5b, 0xff, 0x1a, 0xff, 0x5b, 0xff, 0x3a,
  0xff, 0x3b, 0xff, 0x3a, 0xff, 0x3b, 0xff, 0x3a, 0xff, 0x5b, 0xff, 0x3a,
  0xff, 0x5b, 0xff, 0x3a, 0xff, 0x3b, 0xff, 0x3a, 0xff, 0x5b, 0xff, 0x1a,
  0xf7, 0x3a, 0xff, 0x5b, 0xff, 0x5b, 0xff, 0x3a, 0xff, 0x5b, 0xff, 0x5b,
  0xff, 0x5b, 0xff, 0x1a, 0xf7, 0x3b, 0xff, 0x3a, 0xff, 0x5b, 0xff, 0x3a,
  0xff, 0x5b, 0xff, 0x5b, 0xff, 0x5b, 0xff, 0x3a, 0xff, 0x5b, 0xff, 0x3a,
  0xff, 0x3a, 0xf7, 0x3a, 0xff, 0x3a, 0xff, 0x3a, 0xff, 0x5a, 0xff, 0x5b,
  0xff, 0x5a, 0xff, 0x3a, 0xff, 0x5a, 0xff, 0x3a, 0xff, 0x5b, 0xff, 0x5a,
  0xff, 0x3a, 0xff, 0x5b, 0xff, 0x3a, 0xff, 0x5a, 0xff, 0x3a, 0xf7, 0x3a,
  0xff, 0x5a, 0xff, 0x3a, 0xff, 0x3a, 0xff, 0x5b, 0xff, 0x3a, 0xff, 0x5b,
  0xff, 0x3a, 0xff, 0x5b, 0xff, 0x19, 0xff, 0x5a, 0xff, 0x3a, 0xff, 0x5a,
  0xff, 0x3a, 0xff, 0x3a, 0xff, 0x3a, 0xff, 0x5a, 0xff, 0x3a, 0xff, 0x5b,
  0xff, 0x5a, 0xf7, 0x3a, 0xff, 0x5a, 0xff, 0x5a, 0xff, 0x3a, 0xff, 0x5b,
  0xff, 0x5a, 0xf7, 0x3a, 0xff, 0x3a, 0xff, 0x5a, 0xff, 0x3a, 0xff, 0x5b,
  0xff, 0x3a, 0xff, 0x5b, 0xff, 0x3a, 0xff, 0x3a, 0xff, 0x19, 0xf7, 0x3a,
  0xff, 0x1a, 0xff, 0x5b, 0xff, 0x3a, 0xff, 0x5b, 0xff, 0x3a, 0xff, 0x5b,
  0xff, 0x3a, 0xff, 0x7b, 0xff, 0x3a, 0xff, 0x3a, 0xff, 0x3a, 0xff, 0x3a,
  0xff, 0x3a, 0xff, 0x3a, 0xff, 0x1a, 0xff, 0x5b, 0xff, 0x3a, 0xff, 0x3a,
  0xff, 0x3a, 0xff, 0x3a, 0xff, 0x5a, 0xff, 0x5a, 0xff, 0x5a, 0xf7, 0x3a,
  0xff, 0x3a, 0xff, 0x5a, 0xff, 0x3a, 0xff, 0x5a, 0xff, 0x19, 0xff, 0x3a,
  0xff, 0x3a, 0xff, 0x3a, 0xff, 0x5a, 0xff, 0x5b, 0xff, 0x3a, 0xff, 0x5b,
  0xff, 0x3a, 0xff, 0x3a, 0xff, 0x5a, 0xff, 0x5b, 0xff, 0x1a, 0xff, 0x5a,
  0xff, 0x3a, 0xff, 0x5a, 0xff, 0x5a, 0xff, 0x5a, 0xff, 0x5a, 0xff, 0x5b,
  0xff, 0x3a, 0xf7, 0x3a, 0xff, 0x3a, 0xff, 0x3a, 0xff, 0x5a, 0xff, 0x5b,
  0xff, 0x5b, 0xff, 0x3b, 0xff, 0x3b, 0xff, 0x3b, 0xff, 0x7a, 0xff, 0x7b,
  0xff, 0x39, 0xff, 0x39, 0xef, 0x19, 0xc6, 0x15, 0x9d, 0xd7, 0x9d, 0xd7,
  0x9d, 0x98, 0x95, 0xb9, 0x95, 0xb6, 0x9d, 0xf8, 0x95, 0xb7, 0x95, 0xd8,
  0x8d, 0x97, 0x95, 0xd8, 0x9d, 0xd9, 0x8d, 0xb8, 0x8d, 0x77, 0x85, 0x57,
  0x85, 0x56, 0x7d, 0x56, 0x8d, 0x77, 0x8d, 0xb8, 0x95, 0x97, 0x8d, 0x97,
  0x9d, 0xf9, 0x9e, 0x3a, 0x95, 0xd9, 0x85, 0x98, 0xde, 0x56, 0xf7, 0x7b,
  0xff, 0x5a, 0xff, 0x3a, 0xff, 0x3a, 0xff, 0x5b, 0xff, 0x3a, 0xff, 0x5b,
  0xff, 0x3a, 0xff, 0x5b, 0xff, 0x5a, 0xff, 0x5a, 0xff, 0x3a, 0xf7, 0x3a,
  0xff, 0x3a, 0xff, 0x5b, 0xff, 0x5a, 0xff, 0x5b, 0xff, 0x5a, 0xff, 0x5b,
  0xff, 0x3a, 0xff, 0x5b, 0xff, 0x5a, 0xff, 0x3a, 0xff, 0x3a, 0xff, 0x5a,
  0xff, 0x3a, 0xff, 0x5a, 0xff, 0x3a, 0xff, 0x5a, 0xff, 0x5a, 0xff, 0x3a,
  0xff, 0x5a, 0xff, 0x5a, 0xff, 0x5a, 0xff, 0x5b, 0xff, 0x5a, 0xff, 0x3a,
  0xff, 0x3a, 0xff, 0x5b, 0xff, 0x3a, 0xff, 0x5b, 0xff, 0x1a, 0xff, 0x3b,
  0xff, 0x3a, 0xff, 0x3b, 0xff, 0x3a, 0xff, 0x7b, 0xff, 0x3a, 0xff, 0x7b,
  0xff, 0x5a, 0xff, 0x3a, 0xff, 0x5a, 0xff, 0x7b, 0xff, 0x1a, 0xff, 0x5b,
  0xff, 0x3a, 0xff, 0x5b, 0xff, 0x5a, 0xff, 0x5b, 0xff, 0x5a, 0xff, 0x7b,
  0xff, 0x3a, 0xff, 0x3a, 0xff, 0x1a, 0xf7, 0x3a, 0xff, 0x3a, 0xff, 0x5b,
  0xff, 0x5a, 0xff, 0x5b, 0xff, 0x5a, 0xff, 0x5a, 0xff, 0x5a, 0xff, 0x7b,
  0xff, 0x3a, 0xff, 0x5b, 0xff, 0x3a, 0xff, 0x5a, 0xff, 0x3a, 0xf7, 0x3a,
  0xff, 0x3a, 0xff, 0x5b, 0xff, 0x3a, 0xff, 0x5b, 0xff, 0x3a, 0xff, 0x5b,
  0xff, 0x5a, 0xff, 0x5b, 0xff, 0x3a, 0xff, 0x3a, 0xff, 0x3a, 0xff, 0x3a,
  0xff, 0x5a, 0xff, 0x3a, 0xff, 0x3a, 0xff, 0x5b, 0xff, 0x3a, 0xff, 0x5a,
  0xff, 0x5b, 0xff, 0x3a, 0xff, 0x5b, 0xff, 0x3a, 0xff, 0x5b, 0xff, 0x1a,
  0xff, 0x3b, 0xff, 0x5b, 0xff, 0x3b, 0xff, 0x3a, 0xff, 0x5b, 0xff, 0x3a,
  0xff, 0x3b, 0xff, 0x3b, 0xff, 0x3b, 0xff, 0x1a, 0xf7, 0x3a, 0xff, 0x1a,
  0xff, 0x5b, 0xff, 0x3a, 0xff, 0x3b, 0xff, 0x5b, 0xff, 0x5b, 0xff, 0x3a,
  0xf7, 0x3a, 0xff, 0x3a, 0xff, 0x5b, 0xff, 0x3a, 0xff, 0x3b, 0xff, 0x3a,
  0xff, 0x5b, 0xff, 0x3a, 0xff, 0x3b, 0xff, 0x3a, 0xff, 0x5b, 0xff, 0x3a,
  0xf7, 0x1a, 0xff, 0x5b, 0xf7, 0x3b, 0xff, 0x3a, 0xf7, 0x3b, 0xff, 0x3a,
  0xff, 0x5b, 0xff, 0x3a, 0xf7, 0x3b, 0xff, 0x3a, 0xff, 0x5b, 0xff, 0x3a,
  0xff, 0x5b, 0xff, 0x3a, 0xff, 0x5b, 0xff, 0x3a, 0xf7, 0x3b, 0xff, 0x5b,
  0xf7, 0x3a, 0xff, 0x5b, 0xf7, 0x3a, 0xff, 0x1a, 0xff, 0x5b, 0xff, 0x3a,
  0xff, 0x3b, 0xff, 0x3a, 0xff, 0x3b, 0xff, 0x1a, 0xff, 0x5b, 0xff, 0x3a,
  0xf7, 0x3a, 0xff, 0x1a, 0xf7, 0x1a, 0xff, 0x3a, 0xff, 0x3b, 0xff, 0x1a,
  0xff, 0x5b, 0xff, 0x3a, 0xff, 0x5b, 0xff, 0x1a, 0xff, 0x3b, 0xff, 0x5b,
  0xff, 0x5b, 0xff, 0x3a, 0xff, 0x3b, 0xff, 0x5b, 0xff, 0x3b, 0xff, 0x1a,
  0xff, 0x3b, 0xff, 0x3a, 0xff, 0x3b, 0xff, 0x1a, 0xff, 0x5b, 0xff, 0x3a,
  0xf7, 0x3b, 0xff, 0x3a, 0xf7, 0x3b, 0xff, 0x3a, 0xff, 0x5b, 0xff, 0x3a,
  0xff, 0x3b, 0xff, 0x3a, 0xff, 0x5b, 0xff, 0x3a, 0xff, 0x5b, 0xff, 0x3a,
  0xff, 0x5b, 0xff, 0x3a, 0xff, 0x5b, 0xff, 0x3a, 0xff, 0x5b, 0xff, 0x1a,
  0xf7, 0x3b, 0xff, 0x5b, 0xf7, 0x3b, 0xff, 0x3b, 0xff, 0x5b, 0xff, 0x3a,
  0xf7, 0x3b, 0xff, 0x3b, 0xff, 0x39, 0xf6, 0xf8, 0xce, 0x98, 0xad, 0x94,
  0x95, 0xd7, 0x8d, 0x76, 0x8d, 0x98, 0x95, 0x77, 0x95, 0xb8, 0x9d, 0xf8,
  0x8d, 0xb8, 0x85, 0x56, 0x85, 0x97, 0x9d, 0xf9, 0x96, 0x3a, 0x85, 0x77,
  0x7d, 0x37, 0x8d, 0x78, 0x8d, 0x98, 0x85, 0x56, 0x8d, 0x98, 0x95, 0xb8,
  0x9e, 0x3a, 0x8d, 0x77, 0x95, 0xfa, 0x85, 0x57, 0xa5, 0x54, 0xef, 0x3b,
  0xff, 0x3a, 0xff, 0x3a, 0xf7, 0x5b, 0xff, 0x3b, 0xff, 0x5b, 0xff, 0x3a,
  0xff, 0x5b, 0xff, 0x5b, 0xf7, 0x3b, 0xff, 0x3a, 0xff, 0x5b, 0xff, 0x5b,
  0xf7, 0x3b, 0xff, 0x5b, 0xff, 0x5b, 0xff, 0x3a, 0xff, 0x5b, 0xff, 0x3a,
  0xff, 0x5b, 0xff, 0x5b, 0xff, 0x5b, 0xff, 0x3a, 0xff, 0x5b, 0xff, 0x5b,
  0xf7, 0x3b, 0xff, 0x3a, 0xf7, 0x3a, 0xff, 0x5b, 0xf7, 0x3b, 0xff, 0x3a,
  0xff, 0x5b, 0xff, 0x5b, 0xff, 0x5b, 0xff, 0x3a, 0xff, 0x3b, 0xff, 0x5b,
  0xff, 0x5b, 0xff, 0x3a, 0xf7, 0x3b, 0xff, 0x5b, 0xff, 0x5b, 0xff, 0x3a,
  0xf7, 0x3b, 0xff, 0x3b, 0xff, 0x5b, 0xf7, 0x1a, 0xff, 0x5b, 0xff, 0x3a,
  0xf7, 0x3b, 0xff, 0x3a, 0xff, 0x3b, 0xff, 0x3a, 0xff, 0x5b, 0xff, 0x3a,
  0xff, 0x5b, 0xff, 0x3a, 0xff, 0x5b, 0xff, 0x3a, 0xff, 0x5b, 0xff, 0x3a,
  0xff, 0x5b, 0xff, 0x3a, 0xff, 0x5b, 0xff, 0x3a, 0xff, 0x5b, 0xff, 0x3a,
  0xf7, 0x3a, 0xff, 0x5b, 0xff, 0x5b, 0xff, 0x3a, 0xff, 0x5b, 0xff, 0x3a,
  0xff, 0x3b, 0xff, 0x3a, 0xff, 0x5b, 0xff, 0x1a, 0xff, 0x5b, 0xf7, 0x1a,
  0xff, 0x5b, 0xff, 0x3a, 0xff, 0x3b, 0xff, 0x3a, 0xff, 0x5b, 0xff, 0x5b,
  0xff, 0x5b, 0xff, 0x3a, 0xff, 0x5b, 0xff, 0x5b, 0xff, 0x5b, 0xff, 0x3a,
  0xff, 0x5b, 0xff, 0x3a, 0xff, 0x3b, 0xff, 0x3a, 0xff, 0x5b, 0xff, 0x3a,
  0xff, 0x5a, 0xff, 0x5b, 0xff, 0x5a, 0xff, 0x5b, 0xff, 0x3a, 0xff, 0x5a,
  0xff, 0x3a, 0xff, 0x5b, 0xff, 0x5a, 0xff, 0x5b, 0xff, 0x1a, 0xf7, 0x3a,
  0xff, 0x3a, 0xff, 0x3a, 0xff, 0x3a, 0xff, 0x3a, 0xff, 0x3a, 0xff, 0x5a,
  0xff, 0x5a, 0xff, 0x5a, 0xff, 0x3a, 0xff, 0x5b, 0xff, 0x5a, 0xff, 0x3a,
  0xff, 0x3a, 0xff, 0x5b, 0xff, 0x3a, 0xff, 0x5a, 0xff, 0x5b, 0xff, 0x5b,
  0xff, 0x3a, 0xff, 0x5b, 0xff, 0x3a, 0xf7, 0x3a, 0xff, 0x5a, 0xff, 0x5a,
  0xff, 0x5a, 0xff, 0x7b, 0xff, 0x3a, 0xff, 0x5b, 0xff, 0x3a, 0xff, 0x3a,
  0xff, 0x3a, 0xff, 0x5b, 0xff, 0x3a, 0xff, 0x3a, 0xff, 0x3a, 0xff, 0x5b,
  0xff, 0x3a, 0xff, 0x5b, 0xff, 0x5a, 0xff, 0x5b, 0xff, 0x5a, 0xff, 0x5b,
  0xff, 0x3a, 0xff, 0x5a, 0xff, 0x3a, 0xff, 0x3a, 0xff, 0x5a, 0xff, 0x5a,
  0xff, 0x5a, 0xf7, 0x3a, 0xff, 0x19, 0xff, 0x5a, 0xff, 0x3a, 0xff, 0x5a,
  0xff, 0x3a, 0xff, 0x5a, 0xff, 0x3a, 0xff, 0x5b, 0xff, 0x3a, 0xff, 0x3a,
  0xff, 0x3a, 0xff, 0x5b, 0xff, 0x3a, 0xff, 0x5a, 0xff, 0x3a, 0xff, 0x5b,
  0xff, 0x3a, 0xff, 0x7b, 0xff, 0x5a, 0xff, 0x5a, 0xff, 0x3a, 0xff, 0x5b,
  0xff, 0x1a, 0xff, 0x5b, 0xff, 0x3a, 0xff, 0x5b, 0xff, 0x7b, 0xff, 0x5b,
  0xff, 0x5a, 0xff, 0x5a, 0xff, 0x3a, 0xff, 0x5a, 0xff, 0x5a, 0xff, 0x5a,
  0xff, 0x3a, 0xff, 0x5a, 0xff, 0x3a, 0xff, 0x3a, 0xff, 0x3a, 0xff, 0x5b,
  0xff, 0x5a, 0xff, 0x5b, 0xff, 0x5a, 0xff, 0x5b, 0xff, 0x3a, 0xff, 0x3b,
  0xff, 0x3a, 0xff, 0x5b, 0xff, 0x5a, 0xff, 0x7b, 0xff, 0x3a, 0xf7, 0x1a,
  0xff, 0x3b, 0xff, 0x5b, 0xff, 0x39, 0xff, 0x39, 0xff, 0x59, 0xe6, 0xb7,
  0xa5, 0xd5, 0x95, 0x94, 0x95, 0xb8, 0x8d, 0x97, 0x95, 0x97, 0x8d, 0x97,
  0x9d, 0xd7, 0x95, 0xf7, 0x8d, 0x96, 0x85, 0x76, 0x95, 0xb8, 0x9e, 0x3a,
  0x9d, 0xf9, 0x95, 0xf9, 0x95, 0xb8, 0x95, 0xf9, 0xa6, 0x3a, 0x9e, 0x1a,
  0x95, 0xb8, 0x85, 0x57, 0x8d, 0x78, 0x95, 0xfa, 0x84, 0xb2, 0xbe, 0x99,
  0xff, 0x39, 0xff, 0x5a, 0xff, 0x3a, 0xff, 0x3b, 0xff, 0x3a, 0xff, 0x5b,
  0xff, 0x3a, 0xff, 0x5b, 0xff, 0x5a, 0xff, 0x5b, 0xff, 0x5a, 0xff, 0x5b,
  0xff, 0x5a, 0xff, 0x5b, 0xff, 0x3a, 0xff, 0x3a, 0xff, 0x5a, 0xff, 0x5b,
  0xff, 0x5a, 0xff, 0x3a, 0xff, 0x1a, 0xff, 0x5b, 0xff, 0x3a, 0xff, 0x5b,
  0xff, 0x3a, 0xff, 0x5b, 0xff, 0x5a, 0xff, 0x5b, 0xff, 0x3a, 0xff, 0x5a,
  0xff, 0x3a, 0xff, 0x7b, 0xff, 0x3a, 0xff, 0x5b, 0xff, 0x5a, 0xff, 0x5b,
  0xff, 0x3a, 0xff, 0x7b, 0xff, 0x5b, 0xff, 0x5b, 0xff, 0x3a, 0xff, 0x5b,
  0xff, 0x3a, 0xff, 0x5b, 0xff, 0x5a, 0xff, 0x5b, 0xff, 0x7b, 0xff, 0x5b,
  0xff, 0x5a, 0xff, 0x5a, 0xff, 0x3a, 0xff, 0x3b, 0xff, 0x5b, 0xff, 0x3b,
  0xff, 0x3a, 0xff, 0x3b, 0xff, 0x3a, 0xff, 0x5b, 0xff, 0x3a, 0xff, 0x5b,
  0xff, 0x5a, 0xff, 0x5b, 0xff, 0x5a, 0xff, 0x5b, 0xff, 0x3a, 0xff, 0x5a,
  0xff, 0x3a, 0xff, 0x5b, 0xff, 0x5a, 0xff, 0x5b, 0xff, 0x3a, 0xf7, 0x1a,
  0xff, 0x3a, 0xff, 0x5a, 0xff, 0x3a, 0xff, 0x5a, 0xff, 0x3a, 0xff, 0x5b,
  0xff, 0x5a, 0xff, 0x5b, 0xff, 0x3a, 0xff, 0x5a, 0xff, 0x5a, 0xff, 0x5b,
  0xff, 0x3a, 0xff, 0x5b, 0xff, 0x3a, 0xff, 0x5b, 0xff, 0x5a, 0xff, 0x7b,
  0xff, 0x5a, 0xff, 0x5b, 0xff, 0x5a, 0xff, 0x3a, 0xff, 0x3a, 0xff, 0x5b,
  0xff, 0x5b, 0xff, 0x3a, 0xff, 0x5b, 0xff, 0x5b, 0xff, 0x5b, 0xff, 0x5b,
  0xff, 0x5b, 0xff, 0x3a, 0xff, 0x5b, 0xff, 0x5b, 0xf7, 0x3b, 0xff, 0x3a,
  0xff, 0x5b, 0xff, 0x1a, 0xff, 0x5b, 0xff, 0x5b, 0xff, 0x5b, 0xff, 0x3a,
  0xff, 0x5b, 0xff, 0x1a, 0xff, 0x5b, 0xff, 0x3a, 0xff, 0x5b, 0xff, 0x3a,
  0xff, 0x3b, 0xff, 0x3a, 0xf7, 0x3a, 0xff, 0x3a, 0xf7, 0x3b, 0xff, 0x3a,
  0xf7, 0x3a, 0xff, 0x1a, 0xff, 0x5b, 0xff, 0x5b, 0xf7, 0x3b, 0xff, 0x3a,
  0xf7, 0x3b, 0xff, 0x3a, 0xf7, 0x3b, 0xff, 0x3a, 0xf7, 0x3b, 0xff, 0x5b,
  0xf7, 0x3a, 0xff, 0x3a, 0xf7, 0x3a, 0xff, 0x1a, 0xf7, 0x3b, 0xff, 0x3a,
  0xf7, 0x1a, 0xff, 0x3a, 0xff, 0x7b, 0xff, 0x5b, 0xf7, 0x3b, 0xff, 0x5b,
  0xff, 0x5b, 0xff, 0x3a, 0xff, 0x5b, 0xff, 0x5b, 0xf7, 0x3a, 0xff, 0x3a,
  0xff, 0x5b, 0xff, 0x3a, 0xf7, 0x3a, 0xff, 0x3a, 0xf7, 0x3a, 0xff, 0x3a,
  0xff, 0x5b, 0xff, 0x3a, 0xff, 0x3b, 0xff, 0x5b, 0xf7, 0x3a, 0xff, 0x1a,
  0xff, 0x3b, 0xff, 0x3a, 0xf7, 0x3a, 0xff, 0x3a, 0xff, 0x5b, 0xff, 0x1a,
  0xff, 0x5b, 0xff, 0x3a, 0xff, 0x3b, 0xff, 0x3a, 0xf7, 0x3a, 0xff, 0x3a,
  0xff, 0x5b, 0xff, 0x3a, 0xf7, 0x3a, 0xff, 0x3a, 0xff, 0x5b, 0xff, 0x3a,
  0xf7, 0x3b, 0xff, 0x3a, 0xff, 0x5b, 0xff, 0x1a, 0xff, 0x5b, 0xff, 0x1a,
  0xf7, 0x3a, 0xff, 0x3a, 0xff, 0x3b, 0xff, 0x1a, 0xff, 0x3b, 0xff, 0x5b,
  0xff, 0x5b, 0xff, 0x3a, 0xff, 0x5b, 0xff, 0x5b, 0xff, 0x3b, 0xff, 0x5b,
  0xff, 0x7c, 0xff, 0x3a, 0xff, 0x5b, 0xff, 0x5b, 0xf7, 0x5b, 0xff, 0x3a,
  0xff, 0x5b, 0xff, 0x1a, 0xff, 0x3b, 0xff, 0x5b, 0xff, 0x3a, 0xff, 0x1a,
  0xe7, 0x3a, 0xce, 0x36, 0x95, 0xd7, 0x95, 0x75, 0x85, 0x97, 0x8d, 0x97,
  0x85, 0x77, 0x8d, 0x77, 0x95, 0xd8, 0x9d, 0xf8, 0x95, 0xd8, 0x85, 0x56,
  0x85, 0x58, 0x8d, 0x78, 0x8d, 0xb9, 0x9d, 0xd9, 0x95, 0xd9, 0x8d, 0x57,
  0x85, 0x57, 0x8d, 0x57, 0x85, 0x98, 0x95, 0xfa, 0x8d, 0x76, 0x95, 0x76,
  0xf7, 0x1a, 0xff, 0x3a, 0xff, 0x3b, 0xff, 0x1a, 0xf7, 0x3b, 0xff, 0x3a,
  0xf7, 0x3a, 0xff, 0x3a, 0xff, 0x7b, 0xff, 0x5b, 0xff, 0x5b, 0xff, 0x5b,
  0xff, 0x7b, 0xff, 0x3a, 0xff, 0x5b, 0xff, 0x5b, 0xf7, 0x3b, 0xff, 0x3a,
  0xff, 0x7b, 0xff, 0x3a, 0xf7, 0x3b, 0xff, 0x3b, 0xff, 0x3b, 0xff, 0x3a,
  0xff, 0x5b, 0xff, 0x3b, 0xf7, 0x3b, 0xff, 0x5b, 0xf7, 0x3b, 0xff, 0x3a,
  0xf7, 0x3b, 0xff, 0x3a, 0xf7, 0x3b, 0xff, 0x3a, 0xff, 0x5b, 0xff, 0x3a,
  0xf7, 0x3b, 0xff, 0x5b, 0xff, 0x5b, 0xff, 0x3a, 0xf7, 0x3b, 0xff, 0x3b,
  0xff, 0x7c, 0xff, 0x3b, 0xf7, 0x3b, 0xff, 0x3a, 0xff, 0x5b, 0xff, 0x3a,
  0xf7, 0x3b, 0xff, 0x3a, 0xff, 0x5b, 0xff, 0x1a, 0xff, 0x3b, 0xff, 0x3a,
  0xf7, 0x3b, 0xff, 0x3a, 0xf7, 0x3b, 0xff, 0x1a, 0xf7, 0x3a, 0xff, 0x5b,
  0xff, 0x5b, 0xff, 0x3a, 0xff, 0x5b, 0xff, 0x5b, 0xf7, 0x3b, 0xff, 0x5b,
  0xff, 0x7b, 0xff, 0x3a, 0xf7, 0x3b, 0xff, 0x5b, 0xff, 0x5b, 0xff, 0x3a,
  0xff, 0x5b, 0xff, 0x3a, 0xf7, 0x3b, 0xff, 0x5b, 0xff, 0x5b, 0xff, 0x3a,
  0xff, 0x7b, 0xff, 0x3a, 0xf7, 0x3b, 0xff, 0x3a, 0xff, 0x5b, 0xff, 0x3a,
  0xff, 0x3b, 0xff, 0x5b, 0xff, 0x3b, 0xff, 0x3a, 0xff, 0x5b, 0xff, 0x3a,
  0xff, 0x3b, 0xff, 0x1a, 0xff, 0x5b, 0xff, 0x5b, 0xff, 0x5b, 0xff, 0x1a,
  0xff, 0x3a, 0xff, 0x5b, 0xff, 0x5b, 0xff, 0x5b, 0xff, 0x5a, 0xff, 0x5b,
  0xff, 0x3a, 0xff, 0x3a, 0xff, 0x3a, 0xff, 0x5b, 0xff, 0x5a, 0xff, 0x5b,
  0xff, 0x3a, 0xff, 0x3a, 0xff, 0x3a, 0xff, 0x7b, 0xff, 0x1a, 0xff, 0x3a,
  0xff, 0x1a, 0xff, 0x3a, 0xff, 0x3a, 0xf7, 0x3a, 0xff, 0x3a, 0xff, 0x5b,
  0xff, 0x3a, 0xff, 0x3a, 0xff, 0x3a, 0xff, 0x5b, 0xff, 0x3a, 0xff, 0x5a,
  0xff, 0x3a, 0xff, 0x7b, 0xff, 0x3a, 0xff, 0x5b, 0xff, 0x5a, 0xff, 0x3a,
  0xff, 0x3a, 0xff, 0x5b, 0xff, 0x3a, 0xff, 0x5b, 0xff, 0x7b, 0xff, 0x5a,
  0xff, 0x3a, 0xff, 0x5b, 0xff, 0x5a, 0xff, 0x5a, 0xff, 0x5a, 0xff, 0x5b,
  0xff, 0x19, 0xf7, 0x3a, 0xff, 0x5a, 0xff, 0x5a, 0xff, 0x5a, 0xff, 0x7b,
  0xff, 0x5a, 0xff, 0x5b, 0xff, 0x5a, 0xff, 0x5b, 0xff, 0x19, 0xff, 0x5a,
  0xff, 0x3a, 0xff, 0x5b, 0xff, 0x5a, 0xff, 0x3a, 0xff, 0x3a, 0xf7, 0x3a,
  0xff, 0x5a, 0xff, 0x3a, 0xff, 0x19, 0xff, 0x3a, 0xff, 0x19, 0xff, 0x5a,
  0xff, 0x19, 0xff, 0x5a, 0xff, 0x3a, 0xff, 0x5b, 0xff, 0x3a, 0xff, 0x3a,
  0xff, 0x5a, 0xff, 0x3a, 0xff, 0x3a, 0xff, 0x5b, 0xff, 0x5a, 0xff, 0x5b,
  0xff, 0x3a, 0xff, 0x5b, 0xff, 0x3a, 0xff, 0x3a, 0xff, 0x5a, 0xff, 0x5b,
  0xff, 0x3a, 0xff, 0x7b, 0xff, 0x3a, 0xff, 0x3a, 0xff, 0x5a, 0xff, 0x5b,
  0xff, 0x3a, 0xff, 0x5b, 0xff, 0x5b, 0xff, 0x3a, 0xff, 0x1a, 0xff, 0x5b,
  0xff, 0x3a, 0xff, 0x5a, 0xff, 0x5b, 0xff, 0x5b, 0xff, 0x5a, 0xff, 0x7b,
  0xff, 0x5a, 0xff, 0x3a, 0xff, 0x3a, 0xff, 0x5b, 0xff, 0x5a, 0xff, 0x5b,
  0xff, 0x3a, 0xff, 0x5a, 0xff, 0x1a, 0xff, 0x5b, 0xff, 0x3a, 0xf7, 0x1a,
  0xff, 0x18, 0xf7, 0x19, 0xde, 0xf8, 0xbe, 0x36, 0xa5, 0xf7, 0x9d, 0xf7,
  0x8d, 0x56, 0x85, 0x77, 0x8d, 0x96, 0x8d, 0xd7, 0x9e, 0x18, 0x8d, 0xb7,
  0x8d, 0x96, 0x8d, 0xb7, 0x8d, 0x77, 0x85, 0x77, 0x8d, 0x57, 0x85, 0x57,
  0x8d, 0x97, 0x85, 0x77, 0x95, 0x97, 0x8d, 0x77, 0x9e, 0x19, 0x85, 0x36,
  0xce, 0x35, 0xf7, 0x9b, 0xff, 0x5a, 0xff, 0x5a, 0xff, 0x5a, 0xff, 0x7b,
  0xff, 0x1a, 0xf7, 0x3a, 0xff, 0x3a, 0xff, 0x5b, 0xff, 0x3a, 0xff, 0x7b,
  0xff, 0x5a, 0xff, 0x5b, 0xff, 0x5a, 0xff, 0x5b, 0xff, 0x1a, 0xff, 0x5a,
  0xff, 0x3a, 0xff, 0x5b, 0xff, 0x5a, 0xff, 0x5a, 0xff, 0x3a, 0xf7, 0x3a,
  0xff, 0x5a, 0xff, 0x5a, 0xff, 0x3a, 0xff, 0x5a, 0xff, 0x19, 0xff, 0x5b,
  0xff, 0x1a, 0xff, 0x5a, 0xff, 0x5a, 0xff, 0x5b, 0xff, 0x3a, 0xff, 0x3a,
  0xff, 0x5a, 0xff, 0x5b, 0xff, 0x3a, 0xff, 0x5b, 0xff, 0x5b, 0xff, 0x5b,
  0xff, 0x3a, 0xff, 0x5b, 0xff, 0x3a, 0xff, 0x5b, 0xff, 0x3a, 0xff, 0x5b,
  0xff, 0x3a, 0xff, 0x7b, 0xff, 0x5a, 0xf7, 0x3a, 0xff, 0x3a, 0xff, 0x7b,
  0xff, 0x5a, 0xff, 0x5b, 0xff, 0x5b, 0xf7, 0x3a, 0xff, 0x1a, 0xff, 0x5b,
  0xff, 0x5a, 0xff, 0x5b, 0xff, 0x5b, 0xff, 0x7b, 0xff, 0x5a, 0xff, 0x7b,
  0xff, 0x5a, 0xff, 0x3a, 0xff, 0x3a, 0xff, 0x5b, 0xff, 0x5a, 0xff, 0x5b,
  0xff, 0x3a, 0xff, 0x5b, 0xff, 0x3a, 0xff, 0x5b, 0xff, 0x3a, 0xf7, 0x3a,
  0xff, 0x3a, 0xf7, 0x3a, 0xff, 0x3a, 0xf7, 0x3a, 0xff, 0x3a, 0xff, 0x5b,
  0xff, 0x5a, 0xff, 0x5b, 0xff, 0x3a, 0xff, 0x5b, 0xff, 0x5a, 0xf7, 0x3a,
  0xff, 0x3a, 0xff, 0x5b, 0xff, 0x5a, 0xff, 0x3a, 0xff, 0x5a, 0xff, 0x3a,
  0xf7, 0x3b, 0xff, 0x3a, 0xff, 0x5b, 0xff, 0x3a, 0xff, 0x5b, 0xff, 0x3a,
  0xff, 0x5b, 0xff, 0x3a, 0xff, 0x3b, 0xff, 0x3a, 0xf7, 0x3b, 0xff, 0x3a,
  0xff, 0x3b, 0xff, 0x3a, 0xf7, 0x3b, 0xff, 0x3a, 0xff, 0x3b, 0xff, 0x3a,
  0xff, 0x3b, 0xff, 0x3a, 0xf7, 0x3b, 0xff, 0x5b, 0xff, 0x5b, 0xff, 0x3a,
  0xff, 0x5b, 0xff, 0x1a, 0xf7, 0x3b, 0xff, 0x5b, 0xff, 0x5b, 0xff, 0x5b,
  0xff, 0x5b, 0xff, 0x3a, 0xf7, 0x3b, 0xf7, 0x1a, 0xf7, 0x3a, 0xff, 0x3a,
  0xff, 0x5b, 0xff, 0x5b, 0xf7, 0x3b, 0xff, 0x3a, 0xff, 0x5b, 0xff, 0x5b,
  0xff, 0x5b, 0xff, 0x3a, 0xff, 0x5b, 0xff, 0x3a, 0xff, 0x7b, 0xff, 0x5b,
  0xff, 0x5b, 0xff, 0x1a, 0xf7, 0x3b, 0xff, 0x3a, 0xf7, 0x3b, 0xff, 0x3a,
  0xff, 0x5b, 0xff, 0x3a, 0xff, 0x3b, 0xff, 0x3a, 0xf7, 0x3a, 0xff, 0x1a,
  0xff, 0x5b, 0xff, 0x3a, 0xff, 0x5b, 0xff, 0x1a, 0xf7, 0x3a, 0xff, 0x3a,
  0xff, 0x3a, 0xff, 0x3a, 0xff, 0x3a, 0xff, 0x1a, 0xff, 0x3a, 0xff, 0x1a,
  0xff, 0x5b, 0xff, 0x3a, 0xff, 0x3b, 0xff, 0x3a, 0xf7, 0x3a, 0xff, 0x3a,
  0xff, 0x5b, 0xff, 0x3a, 0xff, 0x7b, 0xff, 0x5b, 0xf7, 0x3a, 0xff, 0x3a,
  0xf7, 0x1a, 0xff, 0x1a, 0xff, 0x3b, 0xff, 0x5b, 0xff, 0x5b, 0xff, 0x3a,
  0xff, 0x5b, 0xff, 0x3a, 0xff, 0x7b, 0xff, 0x5b, 0xf7, 0x3a, 0xff, 0x5a,
  0xff, 0x5b, 0xff, 0x5b, 0xff, 0x5b, 0xff, 0x5b, 0xf7, 0x3a, 0xff, 0x3a,
  0xff, 0x5b, 0xff, 0x5a, 0xff, 0x5b, 0xff, 0x5a, 0xff, 0x5b, 0xff, 0x3b,
  0xff, 0x5b, 0xff, 0x1a, 0xf7, 0x3b, 0xff, 0x5b, 0xf7, 0x3b, 0xff, 0x3a,
  0xff, 0x5b, 0xff, 0x3a, 0xf7, 0x3b, 0xff, 0x3a, 0xf7, 0x5b, 0xff, 0x5a,
  0xf7, 0x3a, 0xf7, 0x19, 0xf7, 0x19, 0xff, 0x39, 0xef, 0x19, 0xde, 0x76,
  0xad, 0xf6, 0xad, 0xb5, 0x8d, 0x96, 0x8d, 0x76, 0x8d, 0x76, 0x95, 0xb7,
  0x95, 0xd7, 0x9d, 0xd6, 0x96, 0x19, 0x9d, 0xf8, 0x95, 0xf9, 0x95, 0xb7,
  0x85, 0x98, 0x85, 0x78, 0x8d, 0x78, 0x8d, 0x57, 0x8d, 0x98, 0x95, 0xb8,
  0x9d, 0x53, 0xe7, 0x3a, 0xff, 0x5b, 0xff, 0x3a, 0xff, 0x5c, 0xff, 0x5b,
  0xff, 0x5b, 0xff, 0x1a, 0xf7, 0x3a, 0xff, 0x3a, 0xff, 0x5b, 0xff, 0x3a,
  0xff, 0x5b, 0xff, 0x5b, 0xff, 0x5b, 0xff, 0x5b, 0xff, 0x3b, 0xff, 0x3a,
  0xff, 0x5b, 0xff, 0x3a, 0xff, 0x5b, 0xff, 0x3a, 0xff, 0x5b, 0xff, 0x3a,
  0xff, 0x5b, 0xff, 0x3a, 0xf7, 0x3b, 0xff, 0x3a, 0xf7, 0x3b, 0xff, 0x1a,
  0xff, 0x5b, 0xff, 0x5b, 0xff, 0x5b, 0xff, 0x3a, 0xff, 0x3b, 0xff, 0x1a,
  0xff, 0x5b, 0xff, 0x5b, 0xff, 0x7b, 0xff, 0x7b, 0xf7, 0x3b, 0xff, 0x3b,
  0xf7, 0x1a, 0xff, 0x1a, 0xf7, 0x3b, 0xff, 0x5b, 0xff, 0x7b, 0xff, 0x3a,
  0xff, 0x5b, 0xff, 0x3a, 0xff, 0x7b, 0xff, 0x5b, 0xf7, 0x3b, 0xff, 0x5b,
  0xff, 0x5b, 0xff, 0x5b, 0xff, 0x5b, 0xff, 0x5b, 0xf7, 0x3b, 0xff, 0x1a,
  0xff, 0x5b, 0xff, 0x3a, 0xff, 0x5b, 0xff, 0x3a, 0xff, 0x5b, 0xff, 0x3a,
  0xff, 0x5b, 0xff, 0x3a, 0xf7, 0x3b, 0xff, 0x3a, 0xf7, 0x3b, 0xff, 0x3a,
  0xff, 0x5b, 0xff, 0x3a, 0xff, 0x5b, 0xff, 0x3a, 0xff, 0x5b, 0xff, 0x3a,
  0xff, 0x5b, 0xff, 0x3a, 0xf7, 0x3a, 0xff, 0x3a, 0xff, 0x5b, 0xff, 0x3a,
  0xff, 0x5b, 0xff, 0x3a, 0xf7, 0x3a, 0xff, 0x5b, 0xff, 0x5b, 0xff, 0x5b,
  0xff, 0x7b, 0xff, 0x3a, 0xf7, 0x3b, 0xf7, 0x1a, 0xf7, 0x3a, 0xff, 0x3a,
  0xff, 0x5a, 0xff, 0x3a, 0xff, 0x3a, 0xff, 0x5b, 0xff, 0x5b, 0xff, 0x3a,
  0xff, 0x5a, 0xff, 0x5b, 0xff, 0x3a, 0xff, 0x5b, 0xff, 0x5b, 0xff, 0x5b,
  0xff, 0x5a, 0xff, 0x7b, 0xff, 0x5a, 0xff, 0x5a, 0xff, 0x3a, 0xff, 0x7b,
  0xff, 0x5a, 0xff, 0x5b, 0xff, 0x5a, 0xff, 0x5b, 0xff, 0x5a, 0xff, 0x5b,
  0xff, 0x3a, 0xff, 0x3a, 0xff, 0x3a, 0xff, 0x5b, 0xff, 0x3a, 0xff, 0x5b,
  0xff, 0x3a, 0xff, 0x3a, 0xff, 0x3a, 0xff, 0x5a, 0xff, 0x3a, 0xff, 0x5b,
  0xff, 0x3a, 0xff, 0x5a, 0xff, 0x3a, 0xff, 0x5b, 0xff, 0x3a, 0xff, 0x5a,
  0xff, 0x19, 0xf7, 0x3a, 0xff, 0x5a, 0xff, 0x3a, 0xff, 0x5a, 0xff, 0x7b,
  0xff, 0x3a, 0xff, 0x5b, 0xff, 0x3a, 0xff, 0x5a, 0xff, 0x3a, 0xf7, 0x3a,
  0xff, 0x5a, 0xff, 0x7b, 0xff, 0x3a, 0xff, 0x5b, 0xff, 0x5a, 0xf7, 0x3a,
  0xff, 0x3a, 0xff, 0x5b, 0xff, 0x5a, 0xff, 0x5b, 0xff, 0x5a, 0xff, 0x5a,
  0xff, 0x3a, 0xff, 0x3a, 0xff, 0x3a, 0xff, 0x5b, 0xff, 0x3a, 0xff, 0x5a,
  0xff, 0x5a, 0xff, 0x5a, 0xff, 0x5a, 0xff, 0x3a, 0xff, 0x3a, 0xff, 0x5a,
  0xff, 0x5a, 0xff, 0x5a, 0xff, 0x3a, 0xff, 0x5b, 0xff, 0x3a, 0xff, 0x3a,
  0xff, 0x3a, 0xff, 0x3a, 0xff, 0x5a, 0xff, 0x5a, 0xff, 0x3a, 0xff, 0x3a,
  0xff, 0x5a, 0xff, 0x5b, 0xff, 0x5a, 0xf7, 0x3a, 0xff, 0x3a, 0xff, 0x5b,
  0xff, 0x3a, 0xff, 0x7b, 0xff, 0x5b, 0xff, 0x5b, 0xff, 0x5a, 0xff, 0x5a,
  0xff, 0x3a, 0xff, 0x5b, 0xff, 0x3a, 0xff, 0x5b, 0xff, 0x5b, 0xff, 0x3b,
  0xff, 0x5b, 0xff, 0x7b, 0xff, 0x3a, 0xff, 0x5b, 0xff, 0x5a, 0xff, 0x7b,
  0xff, 0x5a, 0xff, 0x7b, 0xff, 0x5a, 0xff, 0x5a, 0xff, 0x5a, 0xff, 0x7b,
  0xff, 0x5b, 0xff, 0x5b, 0xff, 0x3a, 0xff, 0x5a, 0xff, 0x39, 0xff, 0x79,
  0xff, 0x39, 0xf7, 0x19, 0xe6, 0xb7, 0xde, 0x97, 0xd6, 0xb7, 0xc6, 0x35,
  0xb5, 0xd5, 0xa5, 0xb5, 0x8d, 0x75, 0x8d, 0x96, 0x95, 0x96, 0x9e, 0x18,
  0x9d, 0xf7, 0x8d, 0x96, 0x85, 0x36, 0x85, 0x36, 0x8d, 0x77, 0x95, 0xb9,
  0xa5, 0xb6, 0xae, 0x58, 0xff, 0x39, 0xff, 0x39, 0xff, 0x5b, 0xff, 0x7b,
  0xff, 0x3a, 0xff, 0x5b, 0xff, 0x3a, 0xff, 0x5a, 0xff, 0x5a, 0xf7, 0x3a,
  0xff, 0x5a, 0xff, 0x7b, 0xff, 0x3a, 0xff, 0x5b, 0xff, 0x5b, 0xff, 0x3a,
  0xff, 0x5a, 0xff, 0x7b, 0xff, 0x5b, 0xff, 0x5b, 0xff, 0x5b, 0xff, 0x7b,
  0xff, 0x3a, 0xff, 0x5b, 0xff, 0x5a, 0xff, 0x7b, 0xff, 0x5a, 0xff, 0x5b,
  0xff, 0x5b, 0xff, 0x5b, 0xff, 0x5a, 0xff, 0x5a, 0xff, 0x3a, 0xff, 0x5a,
  0xff, 0x5a, 0xff, 0x5b, 0xff, 0x3a, 0xff, 0x7b, 0xff, 0x3a, 0xff, 0x5b,
  0xff, 0x5a, 0xff, 0x5b, 0xff, 0x5a, 0xff, 0x5a, 0xff, 0x3a, 0xff, 0x3a,
  0xff, 0x5a, 0xff, 0x5b, 0xff, 0x5a, 0xf7, 0x3a, 0xff, 0x19, 0xff, 0x5b,
  0xff, 0x3a, 0xff, 0x5b, 0xff, 0x5b, 0xff, 0x5b, 0xff, 0x3a, 0xff, 0x3b,
  0xff, 0x3a, 0xff, 0x5a, 0xff, 0x3a, 0xff, 0x5b, 0xff, 0x5b, 0xff, 0x5b,
  0xff, 0x3a, 0xff, 0x7b, 0xff, 0x3a, 0xff, 0x5b, 0xff, 0x5a, 0xff, 0x7b,
  0xff, 0x5a, 0xff, 0x7b, 0xff, 0x5a, 0xff, 0x5a, 0xff, 0x3a, 0xff, 0x5b,
  0xff, 0x5a, 0xff, 0x5b, 0xff, 0x5a, 0xff, 0x7b, 0xff, 0x5a, 0xff, 0x7b,
  0xff, 0x3a, 0xff, 0x5a, 0xff, 0x3a, 0xff, 0x5b, 0xff, 0x5a, 0xff, 0x5a,
  0xff, 0x5a, 0xff, 0x3a, 0xff, 0x3a, 0xff, 0x5a, 0xff, 0x3a, 0xff, 0x5b,
  0xff, 0x5b, 0xff, 0x3a, 0xff, 0x5b, 0xff, 0x5b, 0xff, 0x5b, 0xff, 0x3a,
  0xff, 0x5b, 0xff, 0x3a, 0xff, 0x5b, 0xff, 0x5b, 0xff, 0x5b, 0xff, 0x3a,
  0xff, 0x5b, 0xff, 0x5b, 0xf7, 0x1a, 0xff, 0x1a, 0xff, 0x5b, 0xff, 0x3a,
  0xff, 0x5b, 0xff, 0x3a, 0xff, 0x5b, 0xff, 0x5b, 0xff, 0x5b, 0xff, 0x5b,
  0xff, 0x3b, 0xff, 0x3a, 0xff, 0x5b, 0xff, 0x5b, 0xf7, 0x3b, 0xff, 0x3a,
  0xff, 0x5b, 0xff, 0x3a, 0xff, 0x5b, 0xff, 0x3a, 0xff, 0x5b, 0xff, 0x3a,
  0xff, 0x5b, 0xff, 0x3a, 0xff, 0x5b, 0xff, 0x3a, 0xff, 0x5b, 0xff, 0x3a,
  0xf7, 0x3b, 0xff, 0x3a, 0xff, 0x5b, 0xff, 0x3a, 0xff, 0x5b, 0xff, 0x3a,
  0xf7, 0x3b, 0xff, 0x1a, 0xff, 0x3b, 0xff, 0x3a, 0xff, 0x3b, 0xff, 0x3b,
  0xff, 0x5b, 0xff, 0x3b, 0xff, 0x5b, 0xff, 0x3a, 0xff, 0x5b, 0xff, 0x3a,
  0xff, 0x5b, 0xff, 0x5b, 0xff, 0x5b, 0xff, 0x3a, 0xff, 0x5b, 0xf7, 0x19,
  0xf7, 0x3a, 0xff, 0x3a, 0xff, 0x3a, 0xff, 0x3a, 0xff, 0x3a, 0xff, 0x3a,
  0xff, 0x5b, 0xff, 0x5a, 0xff, 0x5b, 0xff, 0x3a, 0xff, 0x5b, 0xff, 0x3a,
  0xff, 0x5b, 0xff, 0x3a, 0xff, 0x3b, 0xff, 0x5b, 0xff, 0x3b, 0xff, 0x3a,
  0xff, 0x3b, 0xff, 0x5b, 0xff, 0x5b, 0xff, 0x5b, 0xff, 0x5b, 0xff, 0x3a,
  0xff, 0x5b, 0xff, 0x5b, 0xff, 0x5b, 0xff, 0x3a, 0xf7, 0x3b, 0xff, 0x5b,
  0xff, 0x5b, 0xff, 0x3b, 0xff, 0x3b, 0xff, 0x1a, 0xff, 0x1b, 0xff, 0x1a,
  0xff, 0x3b, 0xff, 0x3b, 0xff, 0x5b, 0xff, 0x5b, 0xff, 0x5b, 0xff, 0x5b,
  0xff, 0x5b, 0xff, 0x3b, 0xff, 0x5b, 0xff, 0x5b, 0xff, 0x5b, 0xff, 0x5b,
  0xff, 0x5b, 0xff, 0x5b, 0xf7, 0x3a, 0xff, 0x1a, 0xff, 0x5b, 0xff, 0x3b,
  0xff, 0x5b, 0xff, 0x3b, 0xf7, 0x5c, 0xff, 0x5b, 0xff, 0x5c, 0xff, 0x5b,
  0xff, 0x3a, 0xff, 0x1a, 0xff, 0x39, 0xff, 0x39, 0xff, 0x5a, 0xf7, 0x19,
  0xf7, 0x39, 0xee, 0xd7, 0xc6, 0x97, 0xb5, 0xd4, 0x85, 0x57, 0x85, 0x36,
  0x8d, 0x97, 0x9d, 0xd8, 0x95, 0xd7, 0x85, 0x35, 0x85, 0x58, 0x8d, 0x78,
  0x95, 0xb8, 0x8d, 0x56, 0xde, 0xb7, 0xff, 0x7a, 0xff, 0x5b, 0xff, 0x3a,
  0xff, 0x3b, 0xff, 0x1a, 0xff, 0x3b, 0xff, 0x3a, 0xff, 0x5b, 0xff, 0x3a,
  0xff, 0x5b, 0xff, 0x3a, 0xff, 0x5b, 0xff, 0x3a, 0xff, 0x5b, 0xff, 0x3a,
  0xff, 0x5b, 0xff, 0x5b, 0xff, 0x5b, 0xff, 0x5b, 0xff, 0x5b, 0xff, 0x1a,
  0xf7, 0x1a, 0xff, 0x5b, 0xff, 0x5b, 0xff, 0x5b, 0xff, 0x5b, 0xff, 0x3a,
  0xff, 0x5b, 0xff, 0x5b, 0xff, 0x5b, 0xff, 0x3a, 0xff, 0x3b, 0xff, 0x3a,
  0xff, 0x5b, 0xff, 0x5b, 0xf7, 0x5b, 0xff, 0x5b, 0xff, 0x3b, 0xff, 0x3b,
  0xff, 0x3b, 0xff, 0x3b, 0xff, 0x5b, 0xff, 0x5b, 0xff, 0x5b, 0xff, 0x5b,
  0xff, 0x5b, 0xff, 0x5b, 0xff, 0x5b, 0xff, 0x3a, 0xf7, 0x3b, 0xff, 0x5b,
  0xff, 0x5b, 0xff, 0x5b, 0xff, 0x5b, 0xff, 0x3a, 0xf7, 0x3b, 0xff, 0x1a,
  0xf7, 0x3b, 0xff, 0x3a, 0xff, 0x5b, 0xff, 0x5b, 0xff, 0x5b, 0xff, 0x3a,
  0xff, 0x5b, 0xff, 0x3a, 0xff, 0x5b, 0xff, 0x5b, 0xff, 0x5b, 0xff, 0x3b,
  0xff, 0x5b, 0xff, 0x5b, 0xff, 0x5b, 0xff, 0x1a, 0xff, 0x7b, 0xff, 0x3a,
  0xff, 0x5b, 0xff, 0x3a, 0xff, 0x5b, 0xff, 0x5b, 0xff, 0x5b, 0xff, 0x5b,
  0xff, 0x5b, 0xff, 0x3a, 0xff, 0x5b, 0xff, 0x3a, 0xff, 0x5b, 0xff, 0x3a,
  0xff, 0x5b, 0xff, 0x3a, 0xff, 0x5b, 0xff, 0x3a, 0xff, 0x5b, 0xff, 0x3a,
  0xff, 0x3a, 0xff, 0x5b, 0xff, 0x3a, 0xff, 0x7b, 0xff, 0x3a, 0xff, 0x3a,
  0xff, 0x3a, 0xff, 0x7b, 0xff, 0x3a, 0xff, 0x3a, 0xff, 0x5a, 0xff, 0x5b,
  0xff, 0x5b, 0xff, 0x5b, 0xff, 0x3a, 0xf7, 0x3a, 0xff, 0x5b, 0xff, 0x5b,
  0xff, 0x3a, 0xff, 0x5b, 0xff, 0x3a, 0xff, 0x5a, 0xff, 0x3a, 0xff, 0x5b,
  0xff, 0x3a, 0xff, 0x5b, 0xff, 0x5a, 0xf7, 0x3a, 0xff, 0x3a, 0xf7, 0x3a,
  0xff, 0x5a, 0xff, 0x5b, 0xff, 0x3a, 0xf7, 0x3a, 0xff, 0x1a, 0xff, 0x5b,
  0xff, 0x3a, 0xff, 0x5b, 0xff, 0x3a, 0xff, 0x5b, 0xff, 0x3a, 0xff, 0x5b,
  0xff, 0x5a, 0xff, 0x5b, 0xff, 0x3a, 0xff, 0x5a, 0xff, 0x5a, 0xf7, 0x3a,
  0xff, 0x3a, 0xff, 0x5a, 0xff, 0x1a, 0xf7, 0x3a, 0xff, 0x5b, 0xff, 0x5b,
  0xff, 0x5b, 0xff, 0x5b, 0xff, 0x3a, 0xff, 0x3a, 0xff, 0x5a, 0xff, 0x3a,
  0xff, 0x3a, 0xff, 0x5b, 0xff, 0x3a, 0xff, 0x5b, 0xff, 0x5a, 0xf7, 0x3a,
  0xff, 0x19, 0xff, 0x5b, 0xff, 0x5a, 0xff, 0x3a, 0xff, 0x3a, 0xff, 0x3a,
  0xff, 0x3a, 0xff, 0x5a, 0xff, 0x5a, 0xff, 0x5a, 0xff, 0x3a, 0xff, 0x5b,
  0xff, 0x1a, 0xff, 0x3a, 0xff, 0x3a, 0xff, 0x5b, 0xff, 0x3a, 0xff, 0x3a,
  0xff, 0x3a, 0xf7, 0x3a, 0xff, 0x3a, 0xff, 0x5a, 0xff, 0x3a, 0xff, 0x5b,
  0xff, 0x5a, 0xff, 0x5b, 0xff, 0x5a, 0xff, 0x5b, 0xff, 0x3a, 0xff, 0x3b,
  0xff, 0x3a, 0xff, 0x7b, 0xff, 0x3a, 0xff, 0x3a, 0xff, 0x3a, 0xff, 0x3b,
  0xff, 0x3a, 0xff, 0x7b, 0xff, 0x3a, 0xff, 0x7b, 0xff, 0x3a, 0xff, 0x3a,
  0xff, 0x3a, 0xff, 0x7b, 0xff, 0x3a, 0xff, 0x3a, 0xff, 0x5a, 0xff, 0x5b,
  0xff, 0x5a, 0xff, 0x7b, 0xff, 0x3a, 0xf7, 0x1a, 0xff, 0x5b, 0xff, 0x7b,
  0xff, 0x3a, 0xff, 0x5a, 0xff, 0x3a, 0xff, 0x5a, 0xff, 0x5a, 0xff, 0x7b,
  0xff, 0x5a, 0xf7, 0x5b, 0xff, 0x5b, 0xf7, 0x1a, 0xff, 0x19, 0xff, 0x3a,
  0xff, 0x19, 0xff, 0x39, 0xff, 0x18, 0xff, 0x18, 0xc6, 0x57, 0xa5, 0x74,
  0x8d, 0x77, 0x85, 0x97, 0x95, 0xb6, 0x9e, 0x18, 0x95, 0xb8, 0x85, 0x56,
  0x8d, 0x77, 0x85, 0x56, 0xad, 0x94, 0xdf, 0x3a, 0xff, 0x5a, 0xff, 0x5a,
  0xff, 0x3a, 0xff, 0x5b, 0xff, 0x3a, 0xff, 0x3a, 0xff, 0x5a, 0xff, 0x5b,
  0xff, 0x5b, 0xff, 0x5b, 0xff, 0x3a, 0xff, 0x3a, 0xff, 0x5a, 0xff, 0x5b,
  0xff, 0x3a, 0xff, 0x5b, 0xff, 0x3a, 0xff, 0x5b, 0xff, 0x5a, 0xff, 0x5b,
  0xff, 0x19, 0xff, 0x5b, 0xff, 0x5b, 0xff, 0x5a, 0xff, 0x3a, 0xff, 0x5b,
  0xff, 0x3a, 0xff, 0x5a, 0xff, 0x5a, 0xff, 0x5b, 0xff, 0x3a, 0xff, 0x7b,
  0xff, 0x3a, 0xf7, 0x3a, 0xff, 0x3a, 0xff, 0x5b, 0xff, 0x5b, 0xff, 0x3b,
  0xff, 0x3a, 0xff, 0x3a, 0xff, 0x3a, 0xff, 0x5b, 0xff, 0x3a, 0xff, 0x5b,
  0xff, 0x3a, 0xff, 0x5b, 0xff, 0x5a, 0xff, 0x5b, 0xff, 0x5a, 0xff, 0x5a,
  0xff, 0x3a, 0xff, 0x7b, 0xff, 0x3a, 0xff, 0x3b, 0xff, 0x3a, 0xf7, 0x3a,
  0xff, 0x3a, 0xff, 0x5b, 0xff, 0x3a, 0xff, 0x7b, 0xff, 0x5a, 0xff, 0x5a,
  0xff, 0x19, 0xff, 0x5b, 0xff, 0x3a, 0xf7, 0x3a, 0xff, 0x5b, 0xff, 0x7b,
  0xff, 0x7b, 0xff, 0x7b, 0xff, 0x3a, 0xf7, 0x1a, 0xff, 0x3a, 0xff, 0x5b,
  0xff, 0x3a, 0xff, 0x5b, 0xff, 0x5a, 0xff, 0x5b, 0xff, 0x3a, 0xff, 0x5b,
  0xff, 0x5a, 0xff, 0x5b, 0xff, 0x5b, 0xff, 0x3a, 0xff, 0x1a, 0xff, 0x3a,
  0xff, 0x3a, 0xff, 0x5b, 0xff, 0x3a, 0xff, 0x5a, 0xff, 0x3a, 0xff, 0x3a,
  0xf7, 0x5b, 0xff, 0x5a, 0xff, 0x5b, 0xff, 0x3a, 0xff, 0x3b, 0xff, 0x3a,
  0xff, 0x5b, 0xff, 0x3a, 0xf7, 0x3b, 0xff, 0x1a, 0xf7, 0x1a, 0xff, 0x3a,
  0xff, 0x5b, 0xff, 0x5b, 0xf7, 0x3b, 0xff, 0x3a, 0xff, 0x5b, 0xff, 0x3a,
  0xff, 0x3b, 0xff, 0x3a, 0xff, 0x5b, 0xff, 0x3a, 0xff, 0x3b, 0xff, 0x3a,
  0xff, 0x7b, 0xff, 0x3a, 0xff, 0x5b, 0xff, 0x3a, 0xff, 0x5b, 0xff, 0x3a,
  0xf7, 0x3b, 0xff, 0x5b, 0xf7, 0x3b, 0xff, 0x3a, 0xf7, 0x3b, 0xff, 0x3a,
  0xf7, 0x3b, 0xff, 0x3a, 0xf7, 0x3b, 0xff, 0x1a, 0xf7, 0x3b, 0xff, 0x3a,
  0xf7, 0x3b, 0xff, 0x3a, 0xf7, 0x3b, 0xff, 0x3a, 0xff, 0x5b, 0xff, 0x3a,
  0xff, 0x5b, 0xff, 0x3a, 0xff, 0x3b, 0xff, 0x3b, 0xf7, 0x3b, 0xff, 0x5b,
  0xf7, 0x3b, 0xff, 0x1a, 0xff, 0x5b, 0xff, 0x5b, 0xff, 0x5b, 0xff, 0x3a,
  0xf7, 0x3a, 0xf7, 0x1a, 0xf7, 0x3b, 0xff, 0x3a, 0xff, 0x5b, 0xff, 0x1a,
  0xff, 0x3a, 0xff, 0x5a, 0xff, 0x3a, 0xff, 0x1a, 0xff, 0x5b, 0xff, 0x3a,
  0xff, 0x3b, 0xff, 0x3a, 0xff, 0x3b, 0xff, 0x5b, 0xff, 0x3b, 0xff, 0x3a,
  0xff, 0x5b, 0xff, 0x3a, 0xff, 0x3b, 0xff, 0x3a, 0xff, 0x5b, 0xff, 0x3a,
  0xff, 0x5b, 0xff, 0x3a, 0xff, 0x5b, 0xff, 0x3a, 0xff, 0x5b, 0xff, 0x3a,
  0xf7, 0x3a, 0xff, 0x3a, 0xff, 0x5b, 0xff, 0x3a, 0xff, 0x3b, 0xff, 0x5b,
  0xff, 0x3a, 0xff, 0x3a, 0xff, 0x5a, 0xff, 0x39, 0xef, 0x3a, 0xef, 0x19,
  0xe6, 0xf9, 0xe6, 0xb7, 0xee, 0xd8, 0xf6, 0xf8, 0xff, 0x19, 0xff, 0x39,
  0xff, 0x5b, 0xff, 0x3a, 0xf7, 0x5b, 0xff, 0x3a, 0xf7, 0x3a, 0xff, 0x3a,
  0xff, 0x5b, 0xff, 0x5b, 0xf7, 0x3b, 0xff, 0x3a, 0xff, 0x5b, 0xff, 0x3b,
  0xf7, 0x3b, 0xff, 0x3a, 0xff, 0x5b, 0xff, 0x3a, 0xff, 0x3b, 0xff, 0x1a,
  0xff, 0x7b, 0xff, 0x3a, 0xf7, 0x5b, 0xff, 0x5b, 0xff, 0x5b, 0xff, 0x3a,
  0xff, 0x5b, 0xff, 0x5b, 0xff, 0x1a, 0xff, 0x1a, 0xff, 0x59, 0xee, 0xd7,
  0xae, 0x38, 0x95, 0x55, 0x7d, 0x36, 0x8d, 0x98, 0x9d, 0xf8, 0x95, 0xb7,
  0x85, 0x57, 0x85, 0x57, 0x84, 0xf4, 0xa5, 0xf8, 0xf7, 0x5a, 0xff, 0x5a,
  0xff, 0x5b, 0xff, 0x5b, 0xff, 0x3b, 0xff, 0x3b, 0xff, 0x5b, 0xff, 0x5b,
  0xff, 0x5b, 0xff, 0x3a, 0xff, 0x5b, 0xff, 0x5b, 0xff, 0x5b, 0xff, 0x3a,
  0xf7, 0x3b, 0xff, 0x1a, 0xf7, 0x3b, 0xff, 0x3a, 0xff, 0x5b, 0xff, 0x3a,
  0xff, 0x5b, 0xff, 0x5b, 0xff, 0x5b, 0xff, 0x3a, 0xff, 0x5b, 0xff, 0x5b,
  0xff, 0x5b, 0xff, 0x3a, 0xff, 0x3b, 0xff, 0x5b, 0xff, 0x5b, 0xff, 0x3a,
  0xff, 0x5b, 0xff, 0x3a, 0xff, 0x5b, 0xff, 0x3a, 0xff, 0x7c, 0xff, 0x5b,
  0xff, 0x5b, 0xff, 0x3b, 0xff, 0x3b, 0xff, 0x3a, 0xf7, 0x5b, 0xff, 0x5b,
  0xf7, 0x3a, 0xff, 0x1a, 0xff, 0x5b, 0xff, 0x3a, 0xff, 0x3b, 0xff, 0x5b,
  0xff, 0x5b, 0xff, 0x3a, 0xff, 0x5b, 0xff, 0x3a, 0xff, 0x5b, 0xff, 0x3b,
  0xff, 0x5b, 0xff, 0x3a, 0xff, 0x5b, 0xff, 0x3a, 0xff, 0x3b, 0xff, 0x3a,
  0xff, 0x5b, 0xff, 0x5b, 0xff, 0x3b, 0xff, 0x1a, 0xee, 0xfa, 0xee, 0xb9,
  0xde, 0x98, 0xee, 0x98, 0xee, 0xd9, 0xee, 0xb8, 0xee, 0xd9, 0xee, 0xb9,
  0xde, 0x78, 0xee, 0xd9, 0xee, 0xfa, 0xff, 0x3a, 0xff, 0x7b, 0xff, 0x3a,
  0xff, 0x5b, 0xff, 0x5b, 0xf7, 0x3b, 0xff, 0x5b, 0xff, 0x5b, 0xff, 0x3a,
  0xf7, 0x3b, 0xff, 0x3a, 0xff, 0x5b, 0xff, 0x3a, 0xff, 0x5b, 0xff, 0x3a,
  0xff, 0x3a, 0xff, 0x5a, 0xff, 0x5a, 0xf7, 0x3a, 0xff, 0x3a, 0xff, 0x5b,
  0xff, 0x3a, 0xff, 0x5b, 0xff, 0x5a, 0xff, 0x5a, 0xff, 0x3a, 0xff, 0x5b,
  0xff, 0x5a, 0xff, 0x5b, 0xff, 0x5a, 0xff, 0x7b, 0xff, 0x1a, 0xff, 0x5a,
  0xff, 0x5a, 0xff, 0x5a, 0xff, 0x5a, 0xff, 0x5a, 0xff, 0x5a, 0xff, 0x5a,
  0xff, 0x5a, 0xff, 0x5b, 0xff, 0x3a, 0xff, 0x3a, 0xff, 0x3a, 0xff, 0x3b,
  0xff, 0x3a, 0xff, 0x5b, 0xff, 0x3a, 0xff, 0x3a, 0xff, 0x3a, 0xff, 0x3a,
  0xff, 0x3a, 0xff, 0x3a, 0xff, 0x3a, 0xff, 0x3a, 0xff, 0x3a, 0xff, 0x5a,
  0xff, 0x3a, 0xf7, 0x1a, 0xff, 0x5b, 0xff, 0x3a, 0xff, 0x3a, 0xff, 0x3a,
  0xff, 0x3a, 0xff, 0x3b, 0xff, 0x3a, 0xff, 0x5b, 0xff, 0x3a, 0xff, 0x5b,
  0xff, 0x1a, 0xff, 0x3a, 0xff, 0x3a, 0xf7, 0x3a, 0xff, 0x5a, 0xff, 0x5b,
  0xff, 0x3a, 0xf7, 0x3a, 0xff, 0x3a, 0xff, 0x5b, 0xff, 0x5a, 0xff, 0x5a,
  0xff, 0x5a, 0xff, 0x3a, 0xff, 0x39, 0xff, 0x5a, 0xff, 0x3a, 0xff, 0x5a,
  0xff, 0x3a, 0xff, 0x5b, 0xff, 0x3a, 0xff, 0x5b, 0xff, 0x3a, 0xff, 0x3a,
  0xff, 0x1a, 0xff, 0x3a, 0xff, 0x3a, 0xff, 0x5a, 0xff, 0x5a, 0xff, 0x5b,
  0xff, 0x39, 0xff, 0x5a, 0xff, 0x3a, 0xf7, 0x3a, 0xff, 0x3a, 0xff, 0x5b,
  0xff, 0x3a, 0xff, 0x5a, 0xff, 0x3a, 0xff, 0x5a, 0xf6, 0xf8, 0xef, 0x19,
  0xee, 0xf7, 0xde, 0xd7, 0xde, 0xd6, 0xd6, 0xb6, 0xc6, 0x34, 0xbe, 0x35,
  0xae, 0x75, 0xa6, 0x35, 0xae, 0x34, 0xa6, 0x34, 0xce, 0x55, 0xe7, 0x39,
  0xfe, 0xf9, 0xff, 0x3a, 0xff, 0x5a, 0xff, 0x5a, 0xff, 0x3a, 0xff, 0x5b,
  0xff, 0x5a, 0xff, 0x7b, 0xff, 0x5a, 0xff, 0x7b, 0xff, 0x3a, 0xf7, 0x3a,
  0xff, 0x5b, 0xf7, 0x5b, 0xff, 0x5b, 0xff, 0x5b, 0xff, 0x5b, 0xff, 0x5b,
  0xff, 0x3a, 0xff, 0x5b, 0xff, 0x3a, 0xff, 0x3a, 0xff, 0x3a, 0xff, 0x5b,
  0xff, 0x5a, 0xff, 0x7b, 0xff, 0x5b, 0xf7, 0x5b, 0xff, 0x5a, 0xff, 0x5a,
  0xf7, 0x3a, 0xd6, 0x57, 0x95, 0x56, 0x84, 0xf5, 0x8d, 0x75, 0x95, 0xd7,
  0x9d, 0xd8, 0x85, 0x56, 0x85, 0x36, 0x7d, 0x16, 0xc5, 0xd4, 0xef, 0x5a,
  0xff, 0x19, 0xff, 0x5a, 0xff, 0x5b, 0xff, 0x5b, 0xff, 0x3a, 0xff, 0x5b,
  0xff, 0x3a, 0xff, 0x3a, 0xff, 0x3a, 0xff, 0x3a, 0xff, 0x5a, 0xff, 0x5b,
  0xff, 0x5a, 0xf7, 0x3a, 0xff, 0x5a, 0xff, 0x5b, 0xff, 0x5a, 0xff, 0x5b,
  0xff, 0x5a, 0xff, 0x5b, 0xff, 0x1a, 0xff, 0x5b, 0xff, 0x3a, 0xff, 0x5b,
  0xff, 0x3a, 0xff, 0x5a, 0xff, 0x5a, 0xff, 0x5a, 0xff, 0x5a, 0xff, 0x3a,
  0xff, 0x3a, 0xff, 0x5a, 0xff, 0x3a, 0xff, 0x5a, 0xfe, 0x79, 0xee, 0x17,
  0xe5, 0xd6, 0xff, 0x1b, 0xff, 0x5b, 0xf7, 0x5b, 0xff, 0x3a, 0xff, 0x5b,
  0xff, 0x7b, 0xff, 0x7b, 0xff, 0x1a, 0xf7, 0x1a, 0xee, 0xf9, 0xef, 0x1a,
  0xff, 0x1a, 0xf7, 0x3a, 0xff, 0x3a, 0xff, 0x3b, 0xff, 0x5a, 0xff, 0x5a,
  0xff, 0x3a, 0xf7, 0x3a, 0xff, 0x5b, 0xf7, 0x5b, 0xff, 0x3a, 0xff, 0x5b,
  0xff, 0x19, 0xf7, 0x1a, 0xf6, 0xd8, 0xee, 0xd9, 0xe6, 0x78, 0xe6, 0x98,
  0xee, 0x98, 0xee, 0xd9, 0xf6, 0xd9, 0xee, 0xd9, 0xe6, 0x78, 0xe6, 0xb9,
  0xff, 0x3a, 0xf7, 0x3b, 0xee, 0xb8, 0xde, 0x57, 0xf6, 0xf9, 0xff, 0x7b,
  0xff, 0x5b, 0xff, 0x5b, 0xff, 0x3a, 0xf7, 0x3a, 0xff, 0x3a, 0xff, 0x5a,
  0xff, 0x3a, 0xff, 0x5b, 0xff, 0x5a, 0xf7, 0x3a, 0xff, 0x3a, 0xff, 0x5b,
  0xff, 0x5b, 0xff, 0x3b, 0xff, 0x3b, 0xff, 0x3a, 0xf7, 0x3b, 0xff, 0x3a,
  0xf7, 0x3b, 0xff, 0x3a, 0xff, 0x5b, 0xff, 0x3a, 0xff, 0x5b, 0xff, 0x3a,
  0xff, 0x5b, 0xff, 0x5b, 0xff, 0x5b, 0xff, 0x3a, 0xf7, 0x3a, 0xff, 0x5b,
  0xff, 0x5b, 0xf7, 0x1a, 0xff, 0x5b, 0xff, 0x3a, 0xff, 0x5b, 0xff, 0x3a,
  0xff, 0x5b, 0xff, 0x5a, 0xff, 0x5b, 0xff, 0x1a, 0xff, 0x3b, 0xff, 0x3a,
  0xff, 0x3b, 0xff, 0x1a, 0xff, 0x5b, 0xff, 0x3a, 0xff, 0x3a, 0xff, 0x3a,
  0xff, 0x3b, 0xff, 0x3a, 0xf7, 0x3a, 0xff, 0x1a, 0xf7, 0x3a, 0xff, 0x3a,
  0xff, 0x5b, 0xff, 0x3a, 0xf7, 0x3b, 0xf7, 0x1a, 0xf7, 0x3b, 0xff, 0x3b,
  0xff, 0x5b, 0xff, 0x3a, 0xff, 0x3b, 0xff, 0x5b, 0xff, 0x3b, 0xff, 0x3a,
  0xf7, 0x3b, 0xff, 0x3a, 0xf7, 0x3b, 0xff, 0x3a, 0xff, 0x3b, 0xff, 0x3b,
  0xf7, 0x3b, 0xff, 0x5b, 0xff, 0x3b, 0xff, 0x3a, 0xff, 0x5b, 0xff, 0x3a,
  0xff, 0x5b, 0xff, 0x1a, 0xf7, 0x5b, 0xff, 0x3a, 0xf7, 0x1a, 0xff, 0x3a,
  0xff, 0x5b, 0xff, 0x3a, 0xff, 0x5b, 0xff, 0x3a, 0xff, 0x5b, 0xff, 0x3a,
  0xf7, 0x3a, 0xff, 0x3a, 0xf7, 0x3a, 0xff, 0x3a, 0xf7, 0x3a, 0xff, 0x3a,
  0xff, 0x5b, 0xff, 0x3b, 0xff, 0x5c, 0xff, 0x3b, 0xf7, 0x3a, 0xff, 0x1a,
  0xef, 0x19, 0xee, 0xd8, 0xe6, 0xd7, 0xe6, 0xb7, 0xce, 0xb6, 0xc6, 0x13,
  0xb6, 0x54, 0xce, 0xd5, 0xce, 0xf8, 0xd6, 0xf8, 0xbe, 0x97, 0xbe, 0x56,
  0xc6, 0xb8, 0xce, 0xb8, 0xbe, 0x97, 0xbe, 0x56, 0x9e, 0x15, 0xae, 0x56,
  0xce, 0x77, 0xe6, 0xf9, 0xff, 0x3b, 0xff, 0x1a, 0xff, 0x7b, 0xff, 0x3a,
  0xff, 0x5b, 0xff, 0x5b, 0xff, 0x5b, 0xff, 0x5b, 0xf7, 0x3b, 0xff, 0x5b,
  0xff, 0x5b, 0xff, 0x1a, 0xf7, 0x3b, 0xff, 0x5b, 0xff, 0x5b, 0xff, 0x5b,
  0xff, 0x5b, 0xff, 0x5b, 0xff, 0x5b, 0xff, 0x3a, 0xf7, 0x3b, 0xff, 0x3a,
  0xff, 0x5b, 0xff, 0x1a, 0xff, 0x5b, 0xff, 0x3b, 0xff, 0x3b, 0xff, 0x3b,
  0xff, 0x3a, 0xff, 0x3a, 0xdf, 0x1a, 0xad, 0x74, 0x7d, 0x16, 0x85, 0x56,
  0x95, 0xf9, 0x8d, 0x77, 0x7d, 0x57, 0x85, 0x57, 0x95, 0x34, 0xc6, 0x99,
  0xff, 0x5a, 0xff, 0x39, 0xf7, 0x3b, 0xff, 0x3b, 0xff, 0x5b, 0xff, 0x3b,
  0xff, 0x3b, 0xff, 0x3b, 0xff, 0x3b, 0xff, 0x3a, 0xff, 0x5b, 0xff, 0x3a,
  0xff, 0x5b, 0xff, 0x5b, 0xff, 0x5b, 0xff, 0x3a, 0xff, 0x5b, 0xff, 0x5b,
  0xff, 0x5b, 0xff, 0x3a, 0xff, 0x5b, 0xff, 0x5b, 0xf7, 0x3a, 0xff, 0x3a,
  0xff, 0x5b, 0xff, 0x3a, 0xff, 0x5b, 0xff, 0x3a, 0xff, 0x5b, 0xff, 0x3a,
  0xff, 0x3b, 0xff, 0x1b, 0xff, 0x3a, 0xff, 0x3a, 0xdd, 0x57, 0xfe, 0x3a,
  0xfe, 0x5a, 0xf5, 0xd8, 0xff, 0x7b, 0xff, 0x3a, 0xff, 0x7b, 0xff, 0x1a,
  0xde, 0x78, 0xd6, 0x37, 0xd6, 0x37, 0xee, 0x99, 0xee, 0xf9, 0xe6, 0xb8,
  0xe6, 0x99, 0xde, 0x37, 0xe6, 0x99, 0xf6, 0xfa, 0xee, 0xfa, 0xff, 0x1b,
  0xff, 0x7b, 0xff, 0x3a, 0xff, 0x5b, 0xff, 0x1a, 0xf6, 0xfa, 0xf6, 0xf9,
  0xe6, 0x98, 0xf6, 0xd9, 0xf7, 0x3b, 0xff, 0x3a, 0xff, 0x7b, 0xff, 0x5b,
  0xff, 0x7c, 0xff, 0x5b, 0xff, 0x5b, 0xff, 0x3b, 0xee, 0xfa, 0xe6, 0x98,
  0xde, 0x78, 0xe6, 0x98, 0xf7, 0x5b, 0xff, 0x7c, 0xe6, 0xd9, 0xde, 0x36,
  0xf7, 0x3b, 0xff, 0x7b, 0xff, 0x5b, 0xff, 0x3a, 0xf7, 0x3b, 0xff, 0x3a,
  0xf7, 0x3b, 0xff, 0x1a, 0xff, 0x3b, 0xff, 0x3a, 0xff, 0x3b, 0xff, 0x3a,
  0xff, 0x3a, 0xff, 0x5b, 0xff, 0x3a, 0xff, 0x5b, 0xff, 0x3a, 0xff, 0x5b,
  0xff, 0x5a, 0xff, 0x5b, 0xff, 0x3a, 0xff, 0x5b, 0xff, 0x5a, 0xff, 0x5b,
  0xff, 0x3a, 0xff, 0x3a, 0xff, 0x3a, 0xff, 0x5b, 0xff, 0x5a, 0xff, 0x5b,
  0xff, 0x3a, 0xff, 0x5a, 0xff, 0x3a, 0xff, 0x7b, 0xff, 0x3a, 0xff, 0x5b,
  0xff, 0x3a, 0xff, 0x3b, 0xff, 0x3a, 0xff, 0x5b, 0xff, 0x5a, 0xff, 0x5b,
  0xff, 0x3a, 0xff, 0x5a, 0xff, 0x3a, 0xf7, 0x3a, 0xff, 0x3a, 0xff, 0x5a,
  0xff, 0x1a, 0xff, 0x3b, 0xff, 0x1a, 0xff, 0x5b, 0xff, 0x3a, 0xff, 0x5b,
  0xff, 0x3a, 0xff, 0x5a, 0xff, 0x3a, 0xf7, 0x3a, 0xff, 0x5a, 0xff, 0x7b,
  0xff, 0x3a, 0xf7, 0x3a, 0xff, 0x5a, 0xff, 0x5b, 0xff, 0x3a, 0xff, 0x3b,
  0xff, 0x3a, 0xff, 0x3b, 0xff, 0x5a, 0xff, 0x7b, 0xff, 0x3a, 0xff, 0x5a,
  0xff, 0x3a, 0xff, 0x5b, 0xff, 0x3a, 0xff, 0x5b, 0xff, 0x3a, 0xff, 0x3a,
  0xff, 0x3a, 0xff, 0x5a, 0xff, 0x3a, 0xff, 0x5a, 0xff, 0x3a, 0xff, 0x3a,
  0xff, 0x3b, 0xff, 0x3b, 0xff, 0x5b, 0xff, 0x5b, 0xff, 0x3a, 0xff, 0x5b,
  0xff, 0x5a, 0xff, 0x7b, 0xff, 0x5b, 0xff, 0x5b, 0xff, 0x3a, 0xff, 0x3a,
  0xff, 0x18, 0xf7, 0x19, 0xee, 0xf7, 0xe6, 0xd7, 0xe6, 0xd7, 0xde, 0xb7,
  0xe6, 0xb6, 0xde, 0xf7, 0xe6, 0xf8, 0xe6, 0xf8, 0xe7, 0x18, 0xe7, 0x39,
  0xce, 0xb6, 0xc6, 0xb6, 0xe6, 0xf8, 0xd6, 0xd8, 0xd6, 0xb8, 0xdf, 0x19,
  0xd6, 0x97, 0xce, 0xb8, 0xce, 0x96, 0xc6, 0x76, 0xbe, 0x77, 0xb6, 0x37,
  0xad, 0xf5, 0xb6, 0x77, 0xde, 0xb8, 0xef, 0x7b, 0xff, 0x3a, 0xff, 0x5b,
  0xff, 0x5a, 0xff, 0x5a, 0xff, 0x3a, 0xff, 0x5b, 0xff, 0x3a, 0xff, 0x5b,
  0xff, 0x3a, 0xff, 0x5b, 0xff, 0x3a, 0xff, 0x7b, 0xff, 0x3a, 0xff, 0x5b,
  0xff, 0x5a, 0xff, 0x5a, 0xff, 0x3a, 0xff, 0x5b, 0xff, 0x5b, 0xff, 0x5b,
  0xff, 0x3a, 0xff, 0x5b, 0xff, 0x5a, 0xff, 0x5a, 0xff, 0x3a, 0xff, 0x5b,
  0xff, 0x3a, 0xff, 0x5b, 0xff, 0x3a, 0xf7, 0x3a, 0xb6, 0x17, 0x95, 0x34,
  0x85, 0x57, 0x7d, 0x16, 0x85, 0x56, 0x8d, 0x98, 0x8d, 0x56, 0x7d, 0x36,
  0xd6, 0x35, 0xef, 0x3a, 0xff, 0x5a, 0xff, 0x5a, 0xff, 0x3a, 0xff, 0x3a,
  0xff, 0x3a, 0xff, 0x5b, 0xff, 0x5a, 0xff, 0x7b, 0xff, 0x5a, 0xff, 0x5b,
  0xff, 0x3a, 0xff, 0x5b, 0xff, 0x5a, 0xff, 0x5a, 0xff, 0x3a, 0xff, 0x5b,
  0xff, 0x5a, 0xff, 0x5b, 0xff, 0x5a, 0xff, 0x5a, 0xff, 0x3a, 0xf7, 0x3a,
  0xff, 0x5b, 0xff, 0x5b, 0xff, 0x5b, 0xff, 0x3b, 0xff, 0x3a, 0xff, 0x5a,
  0xff, 0x5a, 0xff, 0x7b, 0xff, 0x5a, 0xff, 0x7b, 0xfe, 0xdb, 0xf6, 0x9b,
  0xff, 0x5e, 0xf6, 0xbc, 0xed, 0x96, 0xfe, 0x9a, 0xe6, 0x77, 0xde, 0x57,
  0xf6, 0x98, 0xee, 0x99, 0xe6, 0x58, 0xc5, 0xb6, 0xc5, 0x55, 0xbd, 0x35,
  0xc5, 0x95, 0xc5, 0xd6, 0xde, 0x56, 0xee, 0xf9, 0xde, 0x16, 0xd6, 0x37,
  0xf6, 0xfa, 0xff, 0x9c, 0xff, 0x5a, 0xff, 0x1a, 0xff, 0x1a, 0xee, 0xfa,
  0xff, 0x3a, 0xff, 0x5b, 0xff, 0x3a, 0xff, 0x5b, 0xff, 0x5a, 0xff, 0x7b,
  0xff, 0x3a, 0xff, 0x5b, 0xff, 0x3a, 0xff, 0x5b, 0xff, 0x5b, 0xff, 0x9c,
  0xff, 0x3a, 0xee, 0xf9, 0xe6, 0x57, 0xee, 0xd9, 0xff, 0x7b, 0xee, 0xfa,
  0xde, 0x37, 0xf7, 0x3b, 0xff, 0x3a, 0xff, 0x3b, 0xff, 0x3a, 0xff, 0x5b,
  0xff, 0x3a, 0xff, 0x5a, 0xff, 0x5a, 0xff, 0x3a, 0xff, 0x3a, 0xff, 0x5a,
  0xf7, 0x3a, 0xff, 0x1a, 0xf7, 0x3a, 0xff, 0x5b, 0xf7, 0x3a, 0xff, 0x3a,
  0xff, 0x5b, 0xff, 0x3a, 0xff, 0x5b, 0xff, 0x3a, 0xf7, 0x3b, 0xff, 0x5b,
  0xf7, 0x3b, 0xff, 0x3a, 0xff, 0x5b, 0xff, 0x3a, 0xff, 0x5b, 0xff, 0x1a,
  0xf7, 0x1a, 0xff, 0x3a, 0xff, 0x5b, 0xff, 0x3a, 0xf7, 0x1a, 0xff, 0x3b,
  0xff, 0x5b, 0xff, 0x1a, 0xff, 0x5b, 0xff, 0x3b, 0xff, 0x5b, 0xff, 0x3a,
  0xff, 0x3b, 0xff, 0x1a, 0xff, 0x3a, 0xff, 0x1a, 0xf7, 0x3a, 0xff, 0x3a,
  0xff, 0x3b, 0xff, 0x3a, 0xff, 0x5b, 0xff, 0x5b, 0xff, 0x5b, 0xff, 0x5b,
  0xff, 0x5b, 0xff, 0x1a, 0xff, 0x3b, 0xff, 0x1b, 0xff, 0x3b, 0xff, 0x3b,
  0xff, 0x3b, 0xff, 0x1a, 0xff, 0x3a, 0xff, 0x1a, 0xf7, 0x1a, 0xff, 0x1a,
  0xff, 0x5b, 0xff, 0x1a, 0xf7, 0x3a, 0xff, 0x5a, 0xff, 0x5b, 0xff, 0x5b,
  0xff, 0x1b, 0xff, 0x1a, 0xff, 0x5c, 0xff, 0x3b, 0xff, 0x5b, 0xff, 0x5b,
  0xff, 0x5b, 0xff, 0x3a, 0xff, 0x3b, 0xff, 0x1a, 0xff, 0x1a, 0xff, 0x19,
  0xf7, 0x3a, 0xf6, 0xf8, 0xf7, 0x1a, 0xff, 0x19, 0xf6, 0xf9, 0xf6, 0xf8,
  0xf7, 0x19, 0xf6, 0xf8, 0xde, 0xb6, 0xd6, 0x95, 0xce, 0xb7, 0xce, 0xb6,
  0xbe, 0xd7, 0xc6, 0xb7, 0xb6, 0x76, 0xbe, 0x96, 0xce, 0xb8, 0xde, 0xf9,
  0xe7, 0x1a, 0xef, 0x19, 0xee, 0xfa, 0xef, 0x1a, 0xef, 0x1a, 0xf6, 0xfa,
  0xc6, 0x97, 0xce, 0x96, 0xd7, 0x19, 0xd6, 0xb8, 0xd6, 0xd8, 0xce, 0x97,
  0xc6, 0x97, 0xce, 0xb8, 0xc6, 0xb8, 0xc6, 0x77, 0xc6, 0x57, 0xce, 0x57,
  0xb6, 0x97, 0xae, 0x36, 0xad, 0xf5, 0xc6, 0xb8, 0xf7, 0x1a, 0xff, 0x3a,
  0xf7, 0x3b, 0xff, 0x5a, 0xff, 0x5b, 0xff, 0x3b, 0xff, 0x3b, 0xff, 0x3b,
  0xf7, 0x3b, 0xff, 0x3a, 0xff, 0x5b, 0xff, 0x3a, 0xf7, 0x1a, 0xff, 0x3a,
  0xff, 0x5b, 0xff, 0x3a, 0xff, 0x5b, 0xff, 0x3a, 0xff, 0x5b, 0xff, 0x3a,
  0xff, 0x5b, 0xff, 0x1a, 0xf7, 0x3b, 0xff, 0x3a, 0xf7, 0x3b, 0xff, 0x3b,
  0xf7, 0x5b, 0xff, 0x3b, 0xff, 0x3b, 0xff, 0x5b, 0xf7, 0x7b, 0xce, 0x35,
  0x8d, 0x97, 0x85, 0x14, 0x85, 0x37, 0x85, 0x57, 0x85, 0x78, 0x85, 0x37,
  0x84, 0xd2, 0xad, 0xf7, 0xf7, 0x39, 0xff, 0x39, 0xf7, 0x1b, 0xff, 0x3b,
  0xff, 0x5b, 0xff, 0x3b, 0xf7, 0x3a, 0xff, 0x3a, 0xff, 0x5b, 0xff, 0x5b,
  0xff, 0x5b, 0xff, 0x3a, 0xff, 0x5b, 0xff, 0x3a, 0xff, 0x5b, 0xff, 0x3a,
  0xff, 0x5b, 0xff, 0x3a, 0xff, 0x5b, 0xff, 0x1a, 0xf7, 0x3b, 0xff, 0x3a,
  0xf7, 0x3b, 0xf7, 0x1a, 0xff, 0x5b, 0xff, 0x7b, 0xff, 0x5b, 0xff, 0x1a,
  0xf7, 0x1a, 0xf6, 0xd9, 0xee, 0xd9, 0xf6, 0xf9, 0xfe, 0xfa, 0xf6, 0x99,
  0xed, 0x98, 0xe5, 0x36, 0xfe, 0x1b, 0xe4, 0xd6, 0xc5, 0x14, 0xf6, 0x7a,
  0x9c, 0xb3, 0x6a, 0xcc, 0x5a, 0xcd, 0x6b, 0x0e, 0x6b, 0x2f, 0x73, 0x0f,
  0x6a, 0xef, 0x72, 0xce, 0x7b, 0x4f, 0x9c, 0x33, 0xac, 0xd4, 0xb4, 0xf4,
  0xb5, 0x34, 0xb5, 0x34, 0xe6, 0x99, 0xff, 0x3b, 0xff, 0x7b, 0xff, 0x1a,
  0xff, 0x5c, 0xff, 0x3a, 0xff, 0x5b, 0xff, 0x3a, 0xf7, 0x3b, 0xff, 0x3a,
  0xf7, 0x3b, 0xff, 0x3a, 0xff, 0x5b, 0xff, 0x5b, 0xf7, 0x3b, 0xff, 0x3b,
  0xf7, 0x1b, 0xff, 0x5b, 0xff, 0x5b, 0xd5, 0xf6, 0xde, 0x78, 0xff, 0x9c,
  0xf7, 0x1b, 0xd5, 0xf6, 0xf7, 0x3b, 0xff, 0x3b, 0xff, 0x5b, 0xff, 0x3a,
  0xf7, 0x3b, 0xf7, 0x1a, 0xff, 0x3b, 0xff, 0x3a, 0xf7, 0x3a, 0xff, 0x3a,
  0xff, 0x5a, 0xff, 0x5b, 0xff, 0x5a, 0xff, 0x5b, 0xff, 0x3a, 0xf7, 0x3a,
  0xff, 0x3a, 0xff, 0x5b, 0xff, 0x3a, 0xff, 0x5b, 0xff, 0x7b, 0xff, 0x5b,
  0xff, 0x3a, 0xff, 0x5b, 0xff, 0x5a, 0xff, 0x5b, 0xff, 0x3a, 0xff, 0x5b,
  0xff, 0x5a, 0xff, 0x5b, 0xff, 0x3a, 0xff, 0x3b, 0xff, 0x3a, 0xff, 0x5b,
  0xff, 0x5b, 0xf7, 0x1a, 0xff, 0x3a, 0xff, 0x5a, 0xff, 0x3a, 0xff, 0x3a,
  0xff, 0x1a, 0xff, 0x3b, 0xff, 0x3b, 0xff, 0x3b, 0xff, 0x5b, 0xff, 0x5b,
  0xff, 0x3a, 0xff, 0x7b, 0xff, 0x5b, 0xff, 0x5b, 0xff, 0x3a, 0xff, 0x5b,
  0xff, 0x7b, 0xff, 0x5b, 0xff, 0x5a, 0xff, 0x5a, 0xff, 0x3a, 0xff, 0x5a,
  0xff, 0x5b, 0xff, 0x3b, 0xff, 0x5b, 0xff, 0x5b, 0xff, 0x3a, 0xff, 0x5b,
  0xff, 0x5b, 0xff, 0x3b, 0xff, 0x1a, 0xff, 0x3b, 0xff, 0x5b, 0xff, 0x5b,
  0xff, 0x5a, 0xff, 0x9b, 0xff, 0x5a, 0xff, 0x3a, 0xff, 0x39, 0xee, 0xf8,
  0xee, 0xf7, 0xe6, 0xd7, 0xe6, 0xb6, 0xe6, 0xd7, 0xe6, 0xd6, 0xde, 0xd6,
  0xde, 0xb7, 0xd6, 0xb7, 0xde, 0xd7, 0xd6, 0xb7, 0xd6, 0xb6, 0xce, 0xb6,
  0xc6, 0x76, 0xc6, 0xb7, 0xce, 0x97, 0xce, 0xf9, 0xde, 0xf9, 0xd6, 0xd9,
  0xd6, 0xb9, 0xce, 0xda, 0xce, 0xb8, 0xbe, 0x78, 0xce, 0x97, 0xdf, 0x3a,
  0xf6, 0xfa, 0xef, 0x1a, 0xf6, 0xf9, 0xef, 0x1a, 0xee, 0xf8, 0xe6, 0xb8,
  0xce, 0x76, 0xce, 0x96, 0xde, 0xf8, 0xd6, 0xf8, 0xce, 0xb6, 0xc6, 0x96,
  0xce, 0x97, 0xc6, 0x97, 0xc6, 0x55, 0xc6, 0x97, 0xc6, 0x77, 0xc6, 0x77,
  0xc6, 0x77, 0xbe, 0x56, 0xad, 0xf5, 0xa6, 0x15, 0xd6, 0x56, 0xf7, 0x7b,
  0xff, 0x3a, 0xff, 0x5b, 0xff, 0x5b, 0xff, 0x5b, 0xff, 0x3a, 0xff, 0x5b,
  0xff, 0x5b, 0xff, 0x5b, 0xff, 0x5a, 0xff, 0x5b, 0xff, 0x3a, 0xff, 0x5b,
  0xff, 0x5b, 0xff, 0x3a, 0xff, 0x3a, 0xff, 0x5b, 0xff, 0x5b, 0xff, 0x5b,
  0xff, 0x3a, 0xff, 0x5a, 0xff, 0x5a, 0xff, 0x5b, 0xff, 0x5a, 0xff, 0x7b,
  0xff, 0x3a, 0xff, 0x5b, 0xff, 0x5b, 0xff, 0x5b, 0xff, 0x39, 0xff, 0x5a,
  0xde, 0xf9, 0xad, 0x94, 0x8d, 0x56, 0x7d, 0x36, 0x8d, 0x56, 0x85, 0x36,
  0x85, 0x36, 0x7d, 0x15, 0xbd, 0xb4, 0xe7, 0x3a, 0xff, 0x5a, 0xff, 0x5b,
  0xff, 0x5b, 0xff, 0x5b, 0xff, 0x3a, 0xff, 0x3b, 0xff, 0x5b, 0xff, 0x5b,
  0xff, 0x3a, 0xff, 0x7b, 0xff, 0x5a, 0xff, 0x5a, 0xff, 0x5a, 0xff, 0x5b,
  0xff, 0x5a, 0xff, 0x5b, 0xff, 0x3a, 0xff, 0x5b, 0xff, 0x3a, 0xff, 0x7b,
  0xff, 0x5a, 0xf7, 0x3a, 0xf6, 0xf9, 0xe6, 0x97, 0xde, 0x57, 0xd6, 0x16,
  0xde, 0x17, 0xcd, 0xf6, 0xc5, 0x74, 0xac, 0xd2, 0xa4, 0x52, 0xa4, 0x72,
  0x93, 0xd0, 0x6a, 0xcc, 0xcc, 0x93, 0xf6, 0x1a, 0xfe, 0x7b, 0xf6, 0x5b,
  0xbc, 0x53, 0xb4, 0x33, 0xbc, 0x74, 0x9b, 0x70, 0x73, 0x0f, 0x5a, 0xae,
  0x5a, 0xcd, 0x52, 0xcd, 0x6b, 0x0e, 0x5a, 0xce, 0x6a, 0xee, 0x5a, 0xad,
  0x6a, 0xce, 0x6b, 0x0e, 0x93, 0xf0, 0xac, 0xd4, 0xe5, 0xf6, 0xf6, 0xb9,
  0xff, 0x1a, 0xff, 0x5b, 0xff, 0x5a, 0xf7, 0x5a, 0xff, 0x5b, 0xff, 0x7b,
  0xff, 0x3a, 0xff, 0x5b, 0xff, 0x5a, 0xff, 0x5b, 0xff, 0x5a, 0xff, 0x5a,
  0xff, 0x5b, 0xff, 0x5b, 0xff, 0x5b, 0xff, 0x7c, 0xee, 0x98, 0xe6, 0xb8,
  0xff, 0xbc, 0xe6, 0xb9, 0xde, 0x57, 0xff, 0x7c, 0xff, 0x3a, 0xff, 0x5b,
  0xff, 0x3a, 0xf7, 0x3a, 0xff, 0x5a, 0xff, 0x5b, 0xff, 0x3a, 0xff, 0x7b,
  0xff, 0x7b, 0xff, 0x3a, 0xff, 0x5b, 0xff, 0x5b, 0xff, 0x5b, 0xff, 0x3a,
  0xf7, 0x1a, 0xff, 0x3a, 0xff, 0x5b, 0xff, 0x3a, 0xff, 0x5b, 0xff, 0x3a,
  0xff, 0x5b, 0xff, 0x3a, 0xf7, 0x3b, 0xff, 0x5b, 0xf7, 0x3b, 0xff, 0x3a,
  0xff, 0x5b, 0xff, 0x1a, 0xff, 0x3b, 0xff, 0x5b, 0xff, 0x5b, 0xff, 0x3a,
  0xff, 0x3a, 0xff, 0x3a, 0xff, 0x3b, 0xff, 0x3b, 0xff, 0x7c, 0xff, 0x5b,
  0xf7, 0x3a, 0xff, 0x3a, 0xf7, 0x39, 0xf7, 0x39, 0xf7, 0x5a, 0xf7, 0x39,
  0xef, 0x19, 0xf6, 0xf8, 0xef, 0x39, 0xf7, 0x19, 0xef, 0x19, 0xf7, 0x3a,
  0xf7, 0x1a, 0xf7, 0x19, 0xf7, 0x3a, 0xf7, 0x19, 0xf7, 0x3a, 0xff, 0x3a,
  0xff, 0x5a, 0xff, 0x5a, 0xff, 0x5b, 0xff, 0x5a, 0xff, 0x3a, 0xff, 0x1a,
  0xff, 0x5a, 0xff, 0x5a, 0xff, 0x5b, 0xff, 0x19, 0xff, 0x3a, 0xfe, 0xf9,
  0xee, 0xf8, 0xee, 0xb7, 0xce, 0x95, 0xce, 0x75, 0xc6, 0x75, 0xce, 0x95,
  0xd6, 0xd8, 0xd6, 0xb7, 0xce, 0xd9, 0xd6, 0xb9, 0xd6, 0xfb, 0xd6, 0xda,
  0xc6, 0xb9, 0xc6, 0xb8, 0xce, 0xfa, 0xce, 0xb9, 0xc6, 0xb9, 0xc6, 0x98,
  0xce, 0xda, 0xdf, 0x1a, 0xdf, 0x3c, 0xde, 0xba, 0xc6, 0x99, 0xc6, 0x79,
  0xc6, 0xb9, 0xce, 0xb9, 0xce, 0xb9, 0xce, 0x98, 0xde, 0xd9, 0xe7, 0x1a,
  0xee, 0xfa, 0xee, 0xd9, 0xe6, 0xf8, 0xde, 0xb7, 0xde, 0xf8, 0xde, 0xd8,
  0xdf, 0x18, 0xd6, 0x96, 0xce, 0xd7, 0xc6, 0x75, 0xd6, 0xb7, 0xef, 0x39,
  0xff, 0x1a, 0xfe, 0xd8, 0xde, 0xf8, 0xce, 0x76, 0xae, 0x35, 0xb6, 0x76,
  0xbe, 0x99, 0xb6, 0x16, 0xb6, 0x78, 0xb6, 0x37, 0xa5, 0xf5, 0xbe, 0x77,
  0xff, 0x5b, 0xff, 0x1a, 0xf7, 0x3b, 0xff, 0x5a, 0xf7, 0x3b, 0xff, 0x3b,
  0xff, 0x5b, 0xff, 0x1a, 0xf7, 0x3a, 0xff, 0x5b, 0xff, 0x5b, 0xff, 0x3a,
  0xf7, 0x3b, 0xff, 0x3a, 0xf7, 0x3b, 0xff, 0x3b, 0xff, 0x5c, 0xff, 0x5b,
  0xf7, 0x3b, 0xff, 0x3a, 0xf7, 0x3b, 0xff, 0x1a, 0xff, 0x7b, 0xff, 0x5b,
  0xff, 0x3b, 0xff, 0x1a, 0xff, 0x7b, 0xff, 0x5a, 0xf7, 0x3b, 0xff, 0x3b,
  0xff, 0x5b, 0xee, 0xb8, 0xa5, 0xd6, 0x95, 0x54, 0x8d, 0x98, 0x85, 0x36,
  0x85, 0x78, 0x85, 0x57, 0x84, 0xf3, 0xa5, 0xd6, 0xff, 0x19, 0xff, 0x39,
  0xff, 0x5b, 0xff, 0x5b, 0xff, 0x5b, 0xf7, 0x1a, 0xf7, 0x3b, 0xff, 0x3b,
  0xff, 0x5b, 0xff, 0x5b, 0xff, 0x5b, 0xff, 0x3a, 0xf7, 0x3b, 0xff, 0x1a,
  0xff, 0x5b, 0xff, 0x1a, 0xf7, 0x3b, 0xff, 0x5b, 0xf7, 0x3b, 0xf6, 0xf9,
  0xe6, 0x99, 0xee, 0xb9, 0xde, 0x99, 0xcd, 0xd5, 0xc5, 0x96, 0xbd, 0x14,
  0x9c, 0x33, 0x83, 0x6f, 0x6b, 0x2f, 0x62, 0xce, 0x52, 0xae, 0x52, 0x8d,
  0x5a, 0xee, 0x6b, 0x2f, 0x72, 0x4e, 0x9b, 0x51, 0xfe, 0x7c, 0xfe, 0x3a,
  0xff, 0x1e, 0xff, 0x1d, 0xee, 0x3b, 0x82, 0xce, 0x42, 0x4b, 0x52, 0x6c,
  0x52, 0xae, 0x5a, 0xce, 0x5a, 0xee, 0x63, 0x0e, 0x62, 0xef, 0x62, 0xce,
  0x52, 0xad, 0x5a, 0xad, 0x63, 0x0f, 0x5a, 0xad, 0x62, 0xce, 0x94, 0x13,
  0xc5, 0x95, 0xe6, 0x79, 0xff, 0x1a, 0xff, 0x3a, 0xff, 0x5c, 0xff, 0x3b,
  0xff, 0x5b, 0xff, 0x3a, 0xf7, 0x3a, 0xff, 0x3a, 0xff, 0x3b, 0xff, 0x3a,
  0xff, 0x5b, 0xff, 0x1a, 0xf7, 0x1b, 0xff, 0x3b, 0xff, 0x5c, 0xe6, 0x57,
  0xee, 0xfa, 0xff, 0x5c, 0xde, 0x78, 0xf7, 0x1a, 0xff, 0x5c, 0xff, 0x5b,
  0xf7, 0x3b, 0xff, 0x3a, 0xf7, 0x3a, 0xff, 0x1a, 0xff, 0x5b, 0xff, 0x5b,
  0xff, 0x5a, 0xff, 0x7b, 0xff, 0x3a, 0xff, 0x7b, 0xff, 0x5a, 0xff, 0x5b,
  0xff, 0x5a, 0xff, 0x7b, 0xff, 0x5a, 0xff, 0x5b, 0xff, 0x5a, 0xff, 0x5b,
  0xff, 0x3a, 0xff, 0x5b, 0xff, 0x3a, 0xff, 0x5b, 0xff, 0x5a, 0xff, 0x5b,
  0xff, 0x5a, 0xf7, 0x1a, 0xff, 0x3a, 0xff, 0x3a, 0xff, 0x19, 0xff, 0x5b,
  0xff, 0x3a, 0xff, 0x3a, 0xff, 0x39, 0xf7, 0x39, 0xf6, 0xf7, 0xef, 0x18,
  0xee, 0xf8, 0xe6, 0xd8, 0xe6, 0xb7, 0xe6, 0xf8, 0xe6, 0xd8, 0xe6, 0xf9,
  0xee, 0xf8, 0xde, 0xd8, 0xe6, 0xf8, 0xde, 0xf8, 0xe6, 0xf8, 0xe7, 0x39,
  0xe6, 0xf9, 0xde, 0xf9, 0xe6, 0xf9, 0xe7, 0x1a, 0xe6, 0xf9, 0xd6, 0xd9,
  0xde, 0xf9, 0xdf, 0x19, 0xe6, 0xd8, 0xe6, 0xf8, 0xe6, 0xf8, 0xde, 0xd7,
  0xe6, 0xf7, 0xe7, 0x18, 0xe6, 0xd7, 0xce, 0x75, 0xb6, 0x33, 0xb6, 0x54,
  0xb6, 0x55, 0xae, 0x55, 0xbe, 0x76, 0xbe, 0xb8, 0xce, 0xb8, 0xc6, 0xd9,
  0xc6, 0x97, 0xc6, 0xd8, 0xc6, 0x97, 0xbe, 0x97, 0xce, 0xb7, 0xc6, 0x97,
  0xbe, 0x76, 0xc6, 0xb8, 0xd6, 0xd9, 0xce, 0xd9, 0xe6, 0xda, 0xe7, 0x3b,
  0xef, 0x3b, 0xde, 0xfa, 0xc6, 0x98, 0xc6, 0xb8, 0xd6, 0xd9, 0xd6, 0xfa,
  0xe6, 0xfa, 0xde, 0xfa, 0xe6, 0xfa, 0xe7, 0x1a, 0xee, 0xf9, 0xe7, 0x1a,
  0xe6, 0xd9, 0xde, 0xd9, 0xe6, 0xb8, 0xe6, 0xf9, 0xf6, 0xf9, 0xf7, 0x1a,
  0xe7, 0x38, 0xc6, 0x75, 0xce, 0x54, 0xdf, 0x17, 0xff, 0x3a, 0xff, 0x5a,
  0xff, 0x3a, 0xff, 0x7b, 0xff, 0x3a, 0xff, 0x3a, 0xe7, 0x39, 0xbe, 0x36,
  0xb5, 0xf5, 0xbe, 0x57, 0xb6, 0x16, 0xb6, 0x37, 0xa5, 0xf4, 0x95, 0xd4,
  0xde, 0x57, 0xff, 0x7b, 0xff, 0x3a, 0xff, 0x3a, 0xff, 0x5b, 0xff, 0x5b,
  0xff, 0x5b, 0xf7, 0x3a, 0xff, 0x3a, 0xff, 0x5a, 0xff, 0x19, 0xff, 0x5a,
  0xff, 0x3a, 0xff, 0x5b, 0xff, 0x5a, 0xff, 0x7b, 0xff, 0x5b, 0xff, 0x7b,
  0xff, 0x5b, 0xff, 0x5b, 0xff, 0x3a, 0xff, 0x3b, 0xff, 0x3a, 0xff, 0x5b,
  0xff, 0x3a, 0xff, 0x5b, 0xff, 0x3a, 0xff, 0x3b, 0xff, 0x3a, 0xff, 0x5b,
  0xff, 0x3a, 0xff, 0x5a, 0xef, 0x39, 0xbd, 0xf4, 0x8d, 0x55, 0x8d, 0x76,
  0x85, 0x36, 0x85, 0x57, 0x85, 0x15, 0x7d, 0x15, 0xd6, 0x35, 0xf7, 0x7b,
  0xff, 0x5a, 0xff, 0x7b, 0xff, 0x5b, 0xff, 0x5b, 0xff, 0x5b, 0xff, 0x5b,
  0xff, 0x3a, 0xff, 0x5b, 0xff, 0x3a, 0xff, 0x5b, 0xff, 0x5a, 0xff, 0x5b,
  0xff, 0x3a, 0xff, 0x9b, 0xff, 0x5b, 0xee, 0xf9, 0xde, 0x57, 0xde, 0x57,
  0xe6, 0x57, 0xc5, 0xb5, 0xb4, 0xf4, 0x8b, 0xf0, 0x6b, 0x2e, 0x5a, 0xcd,
  0x5a, 0xac, 0x5a, 0xcd, 0x5a, 0x6d, 0x5a, 0xae, 0x62, 0xce, 0x63, 0x0f,
  0x62, 0xed, 0x5a, 0xed, 0x52, 0xcd, 0x3a, 0x0b, 0xb3, 0xf2, 0xfe, 0x5c,
  0x8a, 0xce, 0x6a, 0x0b, 0x4a, 0x4b, 0x52, 0x8d, 0x62, 0xcd, 0x5a, 0xad,
  0x62, 0xed, 0x5a, 0xee, 0x6a, 0xce, 0x6a, 0xee, 0x62, 0xee, 0x62, 0xee,
  0x52, 0x8d, 0x52, 0xae, 0x5a, 0xad, 0x52, 0x8d, 0x52, 0x8d, 0x42, 0x2b,
  0x52, 0x6b, 0x73, 0x4f, 0xb4, 0xd2, 0xe6, 0x59, 0xff, 0x7b, 0xff, 0x5b,
  0xff, 0x3a, 0xff, 0x5a, 0xff, 0x3a, 0xff, 0x5b, 0xff, 0x5b, 0xff, 0x5b,
  0xff, 0x5a, 0xff, 0x5b, 0xff, 0x1a, 0xff, 0x5b, 0xff, 0x3a, 0xf7, 0x1a,
  0xde, 0x16, 0xff, 0x9c, 0xee, 0xb8, 0xe6, 0xb9, 0xff, 0x7b, 0xff, 0x5b,
  0xff, 0x5a, 0xff, 0x5a, 0xff, 0x3a, 0xff, 0x5a, 0xff, 0x3a, 0xff, 0x5b,
  0xf7, 0x3a, 0xff, 0x5a, 0xff, 0x7b, 0xff, 0x3a, 0xff, 0x5b, 0xff, 0x3a,
  0xff, 0x5b, 0xff, 0x3a, 0xff, 0x3b, 0xff, 0x1a, 0xff, 0x5b, 0xff, 0x5b,
  0xf7, 0x5b, 0xff, 0x3b, 0xff, 0x5b, 0xff, 0x3a, 0xff, 0x3b, 0xff, 0x3a,
  0xff, 0x3b, 0xff, 0x3b, 0xff, 0x7b, 0xff, 0x3a, 0xf7, 0x5a, 0xf6, 0xf8,
  0xe6, 0xd8, 0xe6, 0x96, 0xe6, 0xd8, 0xee, 0xf8, 0xe7, 0x39, 0xef, 0x39,
  0xf7, 0x5c, 0xf7, 0x3b, 0xf7, 0x5c, 0xff, 0x7d, 0xef, 0x7d, 0xf7, 0x7d,
  0xf7, 0x9e, 0xff, 0x9d, 0xf7, 0xbe, 0xff, 0xbd, 0xf7, 0x9e, 0xf7, 0x7d,
  0xf7, 0x9d, 0xff, 0x7c, 0xf7, 0x9d, 0xff, 0x7c, 0xf7, 0x7d, 0xff, 0x7d,
  0xef, 0x5d, 0xf7, 0x7d, 0xef, 0x7c, 0xef, 0x5c, 0xe7, 0x5c, 0xe7, 0x3b,
  0xe7, 0x3b, 0xe7, 0x1a, 0xdf, 0x1b, 0xde, 0xfa, 0xd7, 0x1a, 0xd6, 0xf9,
  0xd7, 0x1a, 0xd6, 0xd9, 0xd6, 0xfa, 0xd6, 0xd9, 0xd6, 0xfa, 0xd6, 0xd9,
  0xd6, 0xd9, 0xde, 0xfa, 0xd6, 0xfa, 0xde, 0xfa, 0xdf, 0x1b, 0xe7, 0x1b,
  0xe7, 0x3b, 0xe7, 0x1b, 0xde, 0xda, 0xef, 0x1b, 0xef, 0x5c, 0xef, 0x1b,
  0xce, 0xda, 0xc6, 0x78, 0xce, 0xda, 0xde, 0xfa, 0xde, 0xfb, 0xe6, 0xfb,
  0xe6, 0xfb, 0xe6, 0xda, 0xee, 0xfb, 0xee, 0xfb, 0xde, 0xfa, 0xde, 0xb9,
  0xde, 0xb9, 0xe6, 0xd9, 0xee, 0xfa, 0xee, 0xfa, 0xef, 0x1a, 0xee, 0xf9,
  0xbe, 0x75, 0xb6, 0x13, 0xe6, 0xb7, 0xff, 0x39, 0xff, 0x3b, 0xff, 0x3b,
  0xf7, 0x3b, 0xff, 0x5b, 0xff, 0x7c, 0xff, 0x3a, 0xff, 0x3a, 0xff, 0x19,
  0xbe, 0x77, 0xb6, 0x15, 0xb6, 0x78, 0xbe, 0x78, 0xae, 0x57, 0xae, 0x16,
  0xad, 0xd5, 0xde, 0xf9, 0xff, 0x5b, 0xff, 0x3a, 0xff, 0x3b, 0xff, 0x3b,
  0xff, 0x5b, 0xff, 0x3a, 0xff, 0x5c, 0xff, 0x3b, 0xff, 0x5b, 0xff, 0x5b,
  0xff, 0x5b, 0xff, 0x1a, 0xf7, 0x3b, 0xff, 0x5b, 0xff, 0x5b, 0xff, 0x3b,
  0xf7, 0x1b, 0xff, 0x3b, 0xff, 0x5b, 0xff, 0x3a, 0xf7, 0x3b, 0xff, 0x3b,
  0xf7, 0x3b, 0xff, 0x3b, 0xff, 0x3b, 0xff, 0x3b, 0xff, 0x5b, 0xff, 0x5b,
  0xff, 0x7b, 0xff, 0x5b, 0xff, 0x5b, 0xee, 0xd8, 0xb6, 0x17, 0xad, 0x95,
  0x85, 0x57, 0x8d, 0x77, 0x85, 0x77, 0x7d, 0x15, 0xb5, 0xd5, 0xef, 0x7b,
  0xff, 0x5b, 0xff, 0x3a, 0xff, 0x5b, 0xff, 0x3b, 0xff, 0x5b, 0xff, 0x1a,
  0xff, 0x3b, 0xff, 0x3a, 0xff, 0x7b, 0xff, 0x3a, 0xef, 0x1a, 0xff, 0x3a,
  0xff, 0x5c, 0xde, 0x57, 0xc5, 0xb6, 0xd5, 0xf6, 0xd6, 0x38, 0xc5, 0x75,
  0x8c, 0x32, 0x6b, 0x0d, 0x5a, 0xad, 0x5a, 0x8c, 0x63, 0x2f, 0x5a, 0xad,
  0x4a, 0x8c, 0x5a, 0xad, 0x63, 0x0f, 0x62, 0xee, 0x5a, 0xee, 0x52, 0x8c,
  0x42, 0x4c, 0x4a, 0x6c, 0x4a, 0xad, 0x4a, 0x8c, 0x51, 0xaa, 0xb4, 0xb5,
  0x83, 0xb2, 0x41, 0x89, 0x3a, 0x6c, 0x4a, 0x8d, 0x4a, 0x6d, 0x4a, 0x6c,
  0x4a, 0x8d, 0x4a, 0x4c, 0x42, 0x6d, 0x4a, 0x4c, 0x4a, 0x8d, 0x4a, 0x8d,
  0x52, 0xce, 0x5a, 0xad, 0x52, 0x8d, 0x5a, 0xad, 0x5a, 0xee, 0x52, 0xac,
  0x5a, 0xce, 0x4a, 0x0b, 0x3a, 0x0b, 0x52, 0x8d, 0xa4, 0x91, 0xee, 0xda,
  0xff, 0x7b, 0xff, 0x3a, 0xff, 0x5b, 0xff, 0x5a, 0xff, 0x5b, 0xff, 0x3b,
  0xff, 0x5b, 0xff, 0x3b, 0xff, 0x7b, 0xff, 0x5a, 0xf7, 0x3b, 0xff, 0x7b,
  0xde, 0x78, 0xee, 0xb9, 0xf7, 0x3b, 0xe6, 0x78, 0xff, 0x7c, 0xff, 0x3b,
  0xf7, 0x3a, 0xff, 0x1a, 0xff, 0x5b, 0xff, 0x3a, 0xf7, 0x1b, 0xff, 0x3b,
  0xff, 0x5a, 0xff, 0x5b, 0xff, 0x5a, 0xff, 0x5b, 0xff, 0x5a, 0xff, 0x5b,
  0xff, 0x5b, 0xff, 0x5a, 0xff, 0x5a, 0xff, 0x5b, 0xff, 0x3a, 0xff, 0x5b,
  0xff, 0x5a, 0xff, 0x7b, 0xff, 0x5b, 0xff, 0x3a, 0xff, 0x3a, 0xff, 0x5b,
  0xff, 0x39, 0xff, 0x5a, 0xf7, 0x17, 0xee, 0xf7, 0xee, 0xd8, 0xe6, 0xf8,
  0xef, 0x19, 0xf7, 0x5b, 0xff, 0x7c, 0xff, 0x9d, 0xff, 0x9d, 0xff, 0xbd,
  0xff, 0x7d, 0xff, 0x9d, 0xff, 0x9d, 0xff, 0x9d, 0xff, 0x9d, 0xff, 0x9d,
  0xff, 0x7c, 0xf7, 0x7d, 0xff, 0x9d, 0xff, 0x9d, 0xff, 0x5c, 0xff, 0x9d,
  0xff, 0x9d, 0xf7, 0x7d, 0xff, 0x9c, 0xf7, 0x9d, 0xff, 0x7c, 0xff, 0x9d,
  0xff, 0x7c, 0xf7, 0x7c, 0xff, 0x7c, 0xf7, 0x5c, 0xf7, 0x5c, 0xf7, 0x7c,
  0xff, 0x7c, 0xf7, 0x7c, 0xf7, 0x5c, 0xf7, 0x7c, 0xff, 0x7c, 0xf7, 0x5c,
  0xff, 0x5c, 0xf7, 0x7c, 0xff, 0x7c, 0xf7, 0x7c, 0xf7, 0x5c, 0xf7, 0x7c,
  0xf7, 0x5c, 0xf7, 0x7c, 0xf7, 0x5c, 0xef, 0x3c, 0xf7, 0x5c, 0xf7, 0x5c,
  0xee, 0xfa, 0xe7, 0x1b, 0xf7, 0x3b, 0xef, 0x3c, 0xe7, 0x3a, 0xd6, 0xd9,
  0xce, 0xb8, 0xd7, 0x1a, 0xe6, 0xfa, 0xdf, 0x1b, 0xe6, 0xfa, 0xe7, 0x1b,
  0xe6, 0xfa, 0xe7, 0x1b, 0xe7, 0x1a, 0xde, 0xda, 0xde, 0xb9, 0xde, 0xda,
  0xee, 0xf9, 0xe7, 0x1a, 0xf6, 0xfa, 0xef, 0x1a, 0xe7, 0x38, 0xc6, 0x75,
  0xc5, 0xf2, 0xe7, 0x37, 0xff, 0x7a, 0xff, 0x5a, 0xff, 0x3a, 0xff, 0x5b,
  0xff, 0x5b, 0xff, 0x5b, 0xff, 0x5a, 0xff, 0x5b, 0xff, 0x3a, 0xff, 0x3a,
  0xf7, 0x9b, 0xce, 0x76, 0xa5, 0xb4, 0xb6, 0x77, 0xbe, 0x98, 0xb6, 0x57,
  0xa5, 0x93, 0xae, 0x15, 0xf7, 0x19, 0xf7, 0x7a, 0xff, 0x1a, 0xff, 0x5b,
  0xff, 0x3a, 0xff, 0x5b, 0xff, 0x5b, 0xff, 0x5b, 0xff, 0x5b, 0xff, 0x5b,
  0xff, 0x3a, 0xff, 0x3b, 0xff, 0x1a, 0xff, 0x5b, 0xff, 0x3a, 0xff, 0x5b,
  0xff, 0x3a, 0xff, 0x5b, 0xff, 0x3a, 0xf7, 0x1a, 0xff, 0x3a, 0xff, 0x5b,
  0xff, 0x3a, 0xff, 0x5b, 0xff, 0x5b, 0xff, 0x3b, 0xff, 0x3a, 0xff, 0x5b,
  0xff, 0x3a, 0xff, 0x3b, 0xff, 0x5a, 0xff, 0x5a, 0xf7, 0x7b, 0xc6, 0x36,
  0x74, 0xb3, 0x7d, 0x56, 0x8d, 0x77, 0x7d, 0x57, 0xa5, 0x32, 0xe7, 0x5b,
  0xff, 0x5a, 0xff, 0x5a, 0xff, 0x3a, 0xff, 0x5b, 0xff, 0x3a, 0xff, 0x5b,
  0xff, 0x5b, 0xf7, 0x3a, 0xf7, 0x1a, 0xee, 0xfa, 0xe6, 0x78, 0xde, 0x98,
  0xcd, 0xf6, 0xbd, 0x95, 0xee, 0x98, 0xc5, 0x94, 0x8b, 0xf0, 0x6a, 0xed,
  0x5a, 0x8c, 0x5a, 0xcd, 0x5a, 0xcd, 0x52, 0xcd, 0x52, 0x6c, 0x5a, 0xcd,
  0x6b, 0x2f, 0x6b, 0x4f, 0x52, 0x6c, 0x4a, 0x6d, 0x4a, 0x6c, 0x4a, 0x6d,
  0x4a, 0x6c, 0x4a, 0x8d, 0x52, 0x6c, 0x52, 0xad, 0x5a, 0xad, 0x42, 0x0b,
  0x5a, 0x8c, 0x41, 0xea, 0x3a, 0x0a, 0x31, 0xea, 0x3a, 0x0a, 0x31, 0xea,
  0x31, 0xea, 0x29, 0xea, 0x31, 0xea, 0x31, 0xea, 0x39, 0xea, 0x3a, 0x0b,
  0x39, 0xea, 0x3a, 0x4c, 0x4a, 0x4c, 0x52, 0x8d, 0x5a, 0x8d, 0x4a, 0x6d,
  0x52, 0x4c, 0x5a, 0xae, 0x52, 0xad, 0x42, 0x4c, 0x4a, 0x0a, 0x63, 0x2f,
  0xc5, 0x54, 0xff, 0x5c, 0xff, 0x7a, 0xff, 0x5a, 0xff, 0x3a, 0xff, 0x5b,
  0xff, 0x3a, 0xff, 0x5b, 0xff, 0x5a, 0xff, 0x5a, 0xff, 0x5b, 0xff, 0x9c,
  0xee, 0xb9, 0xd6, 0x16, 0xff, 0x5b, 0xde, 0x78, 0xff, 0x5a, 0xff, 0x5b,
  0xff, 0x3a, 0xff, 0x5a, 0xff, 0x3a, 0xf7, 0x1a, 0xff, 0x19, 0xff, 0x5b,
  0xf7, 0x3b, 0xff, 0x3a, 0xff, 0x5c, 0xff, 0x3b, 0xf7, 0x5b, 0xff, 0x3a,
  0xff, 0x5b, 0xff, 0x3a, 0xf7, 0x3b, 0xff, 0x3a, 0xff, 0x5b, 0xff, 0x3a,
  0xff, 0x5b, 0xff, 0x3a, 0xff, 0x5c, 0xff, 0x3b, 0xff, 0x5a, 0xf7, 0x19,
  0xe6, 0xf8, 0xe6, 0xb7, 0xe6, 0xd8, 0xf7, 0x39, 0xf7, 0x7c, 0xff, 0x9c,
  0xf7, 0x9e, 0xff, 0x7d, 0xff, 0xbe, 0xff, 0x7d, 0xf7, 0x9d, 0xff, 0x7c,
  0xf7, 0x9d, 0xff, 0x9d, 0xf7, 0x7d, 0xff, 0x7d, 0xf7, 0x9d, 0xff, 0x9d,
  0xf7, 0x9d, 0xff, 0x7d, 0xf7, 0x7d, 0xff, 0x7d, 0xf7, 0x7d, 0xff, 0x7d,
  0xff, 0x9e, 0xff, 0x7d, 0xf7, 0x7d, 0xf7, 0x5c, 0xf7, 0x7d, 0xff, 0x7c,
  0xf7, 0x7d, 0xf7, 0x3c, 0xf7, 0x7d, 0xf7, 0x5c, 0xf7, 0x5c, 0xf7, 0x5c,
  0xf7, 0x7d, 0xf7, 0x5c, 0xef, 0x5c, 0xf7, 0x5c, 0xf7, 0x7d, 0xf7, 0x5c,
  0xf7, 0x7d, 0xf7, 0x5c, 0xef, 0x3c, 0xf7, 0x3c, 0xf7, 0x5c, 0xf7, 0x3c,
  0xef, 0x3c, 0xef, 0x3b, 0xef, 0x5c, 0xf7, 0x5c, 0xef, 0x5c, 0xee, 0xfa,
  0xe7, 0x1b, 0xf7, 0x3b, 0xef, 0x3c, 0xef, 0x1b, 0xc6, 0xb9, 0xce, 0x98,
  0xde, 0xfa, 0xe6, 0xfa, 0xe6, 0xfb, 0xe6, 0xfa, 0xe6, 0xfb, 0xe6, 0xfa,
  0xde, 0xfa, 0xde, 0xda, 0xd6, 0xd9, 0xd6, 0xd9, 0xde, 0xfa, 0xe6, 0xfa,
  0xe7, 0x1b, 0xee, 0xfa, 0xe7, 0x1a, 0xee, 0xf9, 0xce, 0xb7, 0xce, 0x97,
  0xf7, 0x19, 0xff, 0x5a, 0xff, 0x5b, 0xff, 0x3a, 0xf7, 0x3a, 0xff, 0x1a,
  0xff, 0x1a, 0xff, 0x1a, 0xff, 0x7b, 0xff, 0x3a, 0xff, 0x5b, 0xff, 0x3a,
  0xff, 0x5b, 0xff, 0x19, 0xb6, 0x16, 0xad, 0xb4, 0xae, 0x17, 0xb6, 0x37,
  0xa6, 0x37, 0xa5, 0xf6, 0xce, 0x36, 0xef, 0x3a, 0xff, 0x3b, 0xff, 0x3a,
  0xff, 0x5b, 0xff, 0x5b, 0xff, 0x5b, 0xff, 0x3b, 0xff, 0x5b, 0xff, 0x5b,
  0xff, 0x3b, 0xff, 0x3b, 0xff, 0x3b, 0xff, 0x1a, 0xf7, 0x1b, 0xff, 0x3b,
  0xff, 0x5b, 0xff, 0x3b, 0xff, 0x3b, 0xff, 0x1a, 0xff, 0x3b, 0xff, 0x3b,
  0xff, 0x5b, 0xff, 0x5b, 0xff, 0x5b, 0xff, 0x3b, 0xf7, 0x3b, 0xff, 0x5b,
  0xff, 0x3b, 0xff, 0x3b, 0xff, 0x5b, 0xff, 0x3a, 0xff, 0x7b, 0xe6, 0xb8,
  0x7c, 0xf5, 0x7c, 0xd4, 0x7d, 0x58, 0x7d, 0x16, 0x94, 0xf3, 0xe7, 0x5c,
  0xff, 0x5b, 0xff, 0x3a, 0xf7, 0x5a, 0xff, 0x5a, 0xff, 0x5c, 0xf6, 0xd9,
  0xe6, 0xb9, 0xee, 0xfa, 0xe6, 0xda, 0xc5, 0xb5, 0xc5, 0xd7, 0xee, 0xda,
  0xee, 0xba, 0xcd, 0x74, 0x7b, 0xb1, 0x52, 0x6b, 0x4a, 0x8d, 0x52, 0x6c,
  0x5a, 0xce, 0x52, 0x8d, 0x4a, 0x4c, 0x5a, 0x8d, 0x5b, 0x0f, 0x5a, 0xee,
  0x42, 0x6d, 0x42, 0x4c, 0x3a, 0x2c, 0x4a, 0x4c, 0x42, 0x4c, 0x42, 0x2b,
  0x42, 0x6c, 0x4a, 0x6c, 0x3a, 0x2c, 0x42, 0x4c, 0x3a, 0x4c, 0x31, 0xca,
  0x29, 0xca, 0x31, 0xea, 0x29, 0xeb, 0x3a, 0x0b, 0x32, 0x0b, 0x31, 0xca,
  0x32, 0x0b, 0x39, 0xeb, 0x31, 0xeb, 0x39, 0xea, 0x32, 0x0b, 0x31, 0xeb,
  0x3a, 0x0b, 0x31, 0xca, 0x21, 0x68, 0x29, 0x68, 0x39, 0x88, 0x5a, 0x6c,
  0x82, 0xac, 0x7a, 0x4a, 0x6a, 0x8c, 0x62, 0x0a, 0x31, 0xcb, 0x42, 0x0b,
  0x42, 0x2a, 0x83, 0xf1, 0xf6, 0xda, 0xff, 0x5b, 0xf7, 0x3b, 0xff, 0x3b,
  0xff, 0x5b, 0xff, 0x5a, 0xff, 0x7b, 0xff, 0x5a, 0xff, 0x5b, 0xff, 0x5b,
  0xf7, 0x1b, 0xd5, 0xf6, 0xff, 0x7c, 0xe6, 0x78, 0xef, 0x1a, 0xff, 0x5b,
  0xff, 0x5b, 0xff, 0x3a, 0xff, 0x5b, 0xff, 0x1a, 0xff, 0x3b, 0xff, 0x3a,
  0xff, 0x5b, 0xff, 0x5b, 0xff, 0x5a, 0xf7, 0x3a, 0xff, 0x5a, 0xff, 0x7b,
  0xff, 0x5b, 0xff, 0x7b, 0xff, 0x3a, 0xf7, 0x3b, 0xff, 0x5b, 0xff, 0x5b,
  0xff, 0x3a, 0xff, 0x5b, 0xff, 0x59, 0xef, 0x18, 0xee, 0xd7, 0xe6, 0xb6,
  0xef, 0x19, 0xff, 0x9b, 0xff, 0xbd, 0xff, 0xbe, 0xff, 0xbd, 0xff, 0xbd,
  0xff, 0x9c, 0xff, 0x9d, 0xff, 0x9c, 0xff, 0x9d, 0xff, 0x9d, 0xf7, 0x9d,
  0xff, 0x9d, 0xff, 0x9d, 0xff, 0x7c, 0xff, 0x9d, 0xff, 0x9d, 0xff, 0xbd,
  0xff, 0x9d, 0xf7, 0x9d, 0xff, 0x7c, 0xf7, 0x7d, 0xff, 0x9d, 0xff, 0x9d,
  0xff, 0x7d, 0xf7, 0x7d, 0xf7, 0x5c, 0xf7, 0x7d, 0xff, 0x7c, 0xf7, 0x9d,
  0xf7, 0x5c, 0xf7, 0x7d, 0xff, 0x7c, 0xf7, 0x7c, 0xff, 0x5c, 0xf7, 0x9d,
  0xff, 0x7c, 0xf7, 0x7c, 0xff, 0x9c, 0xf7, 0x7d, 0xff, 0x7c, 0xf7, 0x7c,
  0xff, 0x5c, 0xf7, 0x5c, 0xff, 0x5c, 0xf7, 0x5c, 0xff, 0x5c, 0xf7, 0x7d,
  0xf7, 0x5c, 0xef, 0x5c, 0xf7, 0x3b, 0xf7, 0x5c, 0xef, 0x1a, 0xef, 0x5b,
  0xf7, 0x5c, 0xef, 0x3c, 0xe7, 0x3b, 0xd6, 0xd9, 0xce, 0xb8, 0xd7, 0x1a,
  0xe6, 0xda, 0xe7, 0x1b, 0xee, 0xfa, 0xe6, 0xfb, 0xe6, 0xfa, 0xe6, 0xfa,
  0xde, 0xb9, 0xd6, 0xd9, 0xde, 0xda, 0xdf, 0x1b, 0xef, 0x1a, 0xe7, 0x1a,
  0xe6, 0xfa, 0xe7, 0x1a, 0xe6, 0xf9, 0xd6, 0xb8, 0xf6, 0xf8, 0xff, 0x5a,
  0xff, 0x5a, 0xff, 0x7b, 0xff, 0x3a, 0xff, 0x5b, 0xff, 0x5a, 0xff, 0x3a,
  0xff, 0x3a, 0xff, 0x7b, 0xff, 0x5b, 0xff, 0x3a, 0xff, 0x5a, 0xff, 0x5b,
  0xff, 0x3a, 0xff, 0x5a, 0xef, 0x39, 0xbd, 0xf5, 0xa5, 0xf5, 0xae, 0x57,
  0xae, 0x58, 0xae, 0x78, 0xb5, 0xd4, 0xce, 0xb8, 0xff, 0x5a, 0xff, 0x5a,
  0xff, 0x5a, 0xff, 0x5a, 0xff, 0x3a, 0xff, 0x5b, 0xff, 0x3a, 0xff, 0x5b,
  0xff, 0x3a, 0xff, 0x5b, 0xff, 0x3a, 0xff, 0x5b, 0xff, 0x5b, 0xff, 0x5b,
  0xff, 0x3a, 0xff, 0x5b, 0xff, 0x3a, 0xff, 0x5b, 0xff, 0x1a, 0xff, 0x5b,
  0xff, 0x3a, 0xff, 0x5b, 0xff, 0x1a, 0xff, 0x5b, 0xff, 0x1a, 0xff, 0x5b,
  0xff, 0x5b, 0xff, 0x5b, 0xff, 0x3a, 0xff, 0x5b, 0xff, 0x7a, 0xf7, 0x19,
  0x9d, 0x96, 0x84, 0xf4, 0x85, 0x57, 0x74, 0xf6, 0x8c, 0xb2, 0xd7, 0x1c,
  0xff, 0x3a, 0xff, 0x5a, 0xff, 0x7b, 0xf7, 0x3a, 0xe6, 0x98, 0xde, 0x98,
  0xe6, 0x78, 0xd6, 0x37, 0xc5, 0x94, 0xcd, 0xf6, 0xf6, 0xb9, 0xc5, 0x95,
  0x73, 0x6f, 0x42, 0x0a, 0x4a, 0x6c, 0x4a, 0xae, 0x52, 0x8d, 0x5a, 0xef,
  0x42, 0x0b, 0x42, 0x4c, 0x6b, 0x2f, 0x5a, 0xce, 0x4a, 0x6c, 0x3a, 0x0b,
  0x39, 0xea, 0x3a, 0x2b, 0x42, 0x2b, 0x42, 0x6c, 0x4a, 0x4c, 0x42, 0x4c,
  0x4a, 0x6c, 0x3a, 0x2b, 0x4a, 0x6c, 0x42, 0x4c, 0x39, 0xca, 0x31, 0xca,
  0x31, 0xca, 0x29, 0xca, 0x29, 0xca, 0x29, 0xca, 0x31, 0xc9, 0x31, 0xea,
  0x31, 0xea, 0x32, 0x0b, 0x31, 0xca, 0x31, 0xea, 0x31, 0xeb, 0x32, 0x0b,
  0x39, 0x46, 0x4a, 0x09, 0xb3, 0x8e, 0xd4, 0xb3, 0xed, 0x13, 0xfd, 0x95,
  0xfd, 0xb5, 0xfd, 0xd5, 0xfd, 0x94, 0xec, 0xd2, 0xa3, 0x6f, 0x69, 0xc8,
  0x4a, 0x8d, 0x3a, 0x0b, 0x83, 0x6d, 0xe6, 0xbb, 0xff, 0x7b, 0xff, 0x5a,
  0xff, 0x5a, 0xff, 0x5b, 0xff, 0x3a, 0xff, 0x5b, 0xff, 0x3a, 0xff, 0x5b,
  0xff, 0x3b, 0xcd, 0xf6, 0xff, 0x3a, 0xde, 0x78, 0xff, 0x3a, 0xff, 0x7b,
  0xff, 0x5a, 0xff, 0x5b, 0xff, 0x3a, 0xff, 0x5a, 0xff, 0x1a, 0xff, 0x5b,
  0xf7, 0x3a, 0xff, 0x3a, 0xf7, 0x5b, 0xff, 0x3b, 0xff, 0x5b, 0xff, 0x5a,
  0xff, 0x5b, 0xff, 0x3b, 0xff, 0x3b, 0xff, 0x1a, 0xff, 0x5b, 0xff, 0x3b,
  0xf7, 0x5a, 0xee, 0xd8, 0xd6, 0x95, 0xde, 0xb6, 0xef, 0x5b, 0xff, 0x9c,
  0xff, 0xbe, 0xff, 0x9d, 0xf7, 0x9d, 0xff, 0x9d, 0xff, 0x9e, 0xff, 0x7d,
  0xf7, 0x9d, 0xff, 0x9d, 0xf7, 0x7d, 0xff, 0x7d, 0xff, 0x9e, 0xff, 0x7d,
  0xff, 0x9e, 0xff, 0x9d, 0xf7, 0x9d, 0xff, 0x7d, 0xff, 0xbe, 0xf7, 0x7d,
  0xf7, 0x9d, 0xf7, 0x7d, 0xf7, 0x9d, 0xf7, 0x7d, 0xf7, 0x7d, 0xf7, 0x7d,
  0xf7, 0x9d, 0xf7, 0x5c, 0xf7, 0x7d, 0xff, 0x9d, 0xf7, 0x9d, 0xff, 0x7d,
  0xf7, 0x9d, 0xff, 0x7c, 0xf7, 0x7d, 0xff, 0x7c, 0xf7, 0x7d, 0xf7, 0x5c,
  0xf7, 0x5c, 0xf7, 0x5c, 0xf7, 0x7d, 0xff, 0x7d, 0xf7, 0x7d, 0xf7, 0x5c,
  0xf7, 0x5c, 0xf7, 0x5c, 0xf7, 0x7d, 0xf7, 0x5c, 0xf7, 0x5d, 0xff, 0x5c,
  0xf7, 0x7d, 0xf7, 0x5c, 0xef, 0x5c, 0xe6, 0xda, 0xef, 0x3b, 0xf7, 0x5c,
  0xef, 0x3c, 0xef, 0x1b, 0xce, 0xda, 0xce, 0x98, 0xde, 0xfa, 0xde, 0xfa,
  0xe6, 0xfb, 0xe6, 0xfb, 0xe7, 0x1b, 0xe6, 0xfb, 0xe7, 0x1b, 0xe6, 0xda,
  0xde, 0xda, 0xe6, 0xda, 0xe7, 0x1c, 0xe6, 0xfb, 0xe6, 0xfb, 0xe6, 0xda,
  0xde, 0xfa, 0xde, 0xb9, 0xd6, 0xb7, 0xe7, 0x19, 0xff, 0x3a, 0xff, 0x39,
  0xf7, 0x5b, 0xff, 0x5a, 0xff, 0x3b, 0xff, 0x3b, 0xff, 0x5b, 0xff, 0x5a,
  0xf7, 0x3a, 0xff, 0x3a, 0xff, 0x3b, 0xff, 0x1a, 0xff, 0x5b, 0xff, 0x5b,
  0xff, 0x5a, 0xff, 0x3a, 0xff, 0x7b, 0xee, 0xb8, 0xa5, 0xf5, 0xb6, 0x56,
  0x9d, 0xf7, 0xae, 0x58, 0xae, 0x16, 0xb6, 0x16, 0xf7, 0x3a, 0xff, 0x5a,
  0xff, 0x3b, 0xfe, 0xfa, 0xff, 0x3b, 0xff, 0x3b, 0xf7, 0x3b, 0xff, 0x1a,
  0xff, 0x5b, 0xff, 0x1a, 0xff, 0x5b, 0xff, 0x5b, 0xff, 0x5b, 0xff, 0x3a,
  0xf7, 0x3b, 0xff, 0x3b, 0xf7, 0x3b, 0xff, 0x3a, 0xff, 0x5b, 0xff, 0x3b,
  0xf7, 0x3b, 0xff, 0x3b, 0xff, 0x3b, 0xff, 0x1a, 0xff, 0x5b, 0xff, 0x5b,
  0xff, 0x5b, 0xff, 0x3a, 0xff, 0x5b, 0xff, 0x3b, 0xff, 0x7b, 0xf7, 0x19,
  0x95, 0xb7, 0x7c, 0x93, 0x7d, 0x58, 0x7d, 0x17, 0x84, 0xb2, 0xd6, 0xfa,
  0xff, 0x7b, 0xff, 0x19, 0xe6, 0xba, 0xde, 0x58, 0xde, 0x78, 0xe6, 0x78,
  0xcd, 0xf6, 0xd6, 0x16, 0xee, 0xfa, 0xcd, 0xb5, 0x7b, 0xd1, 0x4a, 0x0a,
  0x42, 0x4c, 0x52, 0xad, 0x52, 0xad, 0x52, 0x8c, 0x42, 0x6d, 0x42, 0x4c,
  0x52, 0xad, 0x62, 0xce, 0x42, 0x4c, 0x3a, 0x0b, 0x42, 0x4c, 0x3a, 0x0b,
  0x42, 0x4c, 0x4a, 0x4c, 0x42, 0x6d, 0x42, 0x2b, 0x42, 0x6d, 0x42, 0x2b,
  0x42, 0x4c, 0x42, 0x2b, 0x42, 0x6d, 0x3a, 0x0b, 0x29, 0xca, 0x31, 0xaa,
  0x29, 0xca, 0x29, 0xca, 0x21, 0xca, 0x29, 0xaa, 0x29, 0xca, 0x29, 0xaa,
  0x29, 0xca, 0x29, 0xaa, 0x29, 0xca, 0x29, 0xca, 0x21, 0xcb, 0x29, 0xcb,
  0x30, 0xe6, 0x7a, 0xcd, 0xfd, 0xd5, 0xfe, 0x77, 0xfe, 0xd8, 0xfe, 0xf8,
  0xfe, 0x18, 0xdc, 0xf3, 0xfd, 0x76, 0xf4, 0xf4, 0xfd, 0x74, 0xe4, 0x50,
  0x5a, 0x8d, 0x5a, 0x4c, 0x3a, 0x0a, 0x73, 0x90, 0xee, 0xb9, 0xff, 0x5b,
  0xff, 0x5b, 0xff, 0x1a, 0xf7, 0x3b, 0xff, 0x3b, 0xff, 0x3b, 0xff, 0x1a,
  0xff, 0x5c, 0xc5, 0x74, 0xef, 0x1a, 0xe6, 0x98, 0xff, 0x5b, 0xff, 0x5b,
  0xff, 0x3b, 0xff, 0x3a, 0xf7, 0x3a, 0xff, 0x1a, 0xff, 0x5b, 0xff, 0x3a,
  0xff, 0x39, 0xff, 0x5a, 0xff, 0x5a, 0xff, 0x5a, 0xff, 0x3a, 0xff, 0x3a,
  0xff, 0x3a, 0xff, 0x3b, 0xff, 0x3a, 0xff, 0x5b, 0xff, 0x79, 0xf7, 0x39,
  0xe6, 0xb6, 0xde, 0x96, 0xef, 0x3a, 0xff, 0x9d, 0xff, 0x9e, 0xff, 0x9e,
  0xff, 0x9d, 0xff, 0x9e, 0xff, 0x9d, 0xff, 0xbd, 0xff, 0x9d, 0xff, 0x9d,
  0xff, 0x9d, 0xf7, 0x9d, 0xff, 0x7d, 0xff, 0x9d, 0xff, 0x9d, 0xff, 0xbe,
  0xff, 0x9d, 0xff, 0x9d, 0xff, 0x7c, 0xf7, 0x9d, 0xff, 0x9d, 0xf7, 0x7d,
  0xff, 0x9d, 0xff, 0x9d, 0xff, 0x9d, 0xf7, 0x9d, 0xff, 0x7c, 0xf7, 0x9d,
  0xff, 0x9d, 0xff, 0x9d, 0xf7, 0x5c, 0xf7, 0x7c, 0xff, 0x5c, 0xff, 0xbd,
  0xff, 0x7c, 0xff, 0x9d, 0xff, 0x7c, 0xf7, 0x7c, 0xff, 0x5c, 0xf7, 0x7c,
  0xff, 0x5c, 0xf7, 0x7c, 0xff, 0x5c, 0xf7, 0x5c, 0xf7, 0x5c, 0xf7, 0x5c,
  0xf7, 0x5c, 0xf7, 0x7c, 0xf7, 0x5c, 0xf7, 0x7c, 0xf7, 0x5c, 0xf7, 0x5c,
  0xf7, 0x5b, 0xf7, 0x7c, 0xee, 0xfa, 0xe7, 0x1b, 0xf7, 0x5c, 0xef, 0x3c,
  0xef, 0x5b, 0xdf, 0x1a, 0xc6, 0x77, 0xd7, 0x1a, 0xe6, 0xda, 0xe6, 0xfa,
  0xe6, 0xfa, 0xe7, 0x1b, 0xe6, 0xfa, 0xe7, 0x1b, 0xe6, 0xfa, 0xde, 0xda,
  0xe6, 0xfa, 0xe7, 0x1b, 0xee, 0xfa, 0xe6, 0xfb, 0xe6, 0xfa, 0xde, 0xfa,
  0xd6, 0x97, 0xd6, 0xb7, 0xff, 0x39, 0xff, 0x5a, 0xff, 0x5a, 0xff, 0x5a,
  0xff, 0x3a, 0xff, 0x5b, 0xff, 0x3a, 0xff, 0x5b, 0xff, 0x5a, 0xff, 0x5a,
  0xff, 0x5a, 0xf7, 0x3a, 0xff, 0x5a, 0xff, 0x5b, 0xff, 0x3a, 0xff, 0x3a,
  0xff, 0x5a, 0xff, 0x5b, 0xff, 0x3a, 0xff, 0x5a, 0xc6, 0x77, 0xad, 0xf5,
  0xae, 0x37, 0xae, 0x37, 0xae, 0x17, 0x9d, 0xb5, 0xe6, 0xb7, 0xf7, 0x7a,
  0xff, 0x3a, 0xff, 0x5a, 0xff, 0x5b, 0xff, 0x5b, 0xff, 0x5a, 0xff, 0x5b,
  0xff, 0x3a, 0xff, 0x5a, 0xff, 0x5b, 0xff, 0x3a, 0xff, 0x3a, 0xff, 0x5b,
  0xff, 0x3a, 0xff, 0x5b, 0xff, 0x5b, 0xff, 0x5b, 0xff, 0x5b, 0xff, 0x5b,
  0xff, 0x3a, 0xff, 0x3b, 0xff, 0x3a, 0xff, 0x3b, 0xff, 0x5b, 0xff, 0x7b,
  0xff, 0x5a, 0xff, 0x7b, 0xff, 0x5b, 0xff, 0x5b, 0xff, 0x5a, 0xf7, 0x5a,
  0xa5, 0xd7, 0x74, 0x92, 0x85, 0x57, 0x7d, 0x57, 0x84, 0x91, 0xcf, 0x1b,
  0xff, 0x19, 0xde, 0x36, 0xd5, 0xf6, 0xd6, 0x38, 0xde, 0x57, 0xd6, 0x37,
  0xe6, 0x78, 0xde, 0x58, 0x83, 0xf1, 0x4a, 0x6b, 0x42, 0x0a, 0x52, 0xee,
  0x5a, 0x8c, 0x52, 0x8c, 0x52, 0xad, 0x42, 0x2b, 0x4a, 0x4b, 0x63, 0x0e,
  0x4a, 0x8c, 0x31, 0xea, 0x39, 0xea, 0x3a, 0x2b, 0x42, 0x0b, 0x42, 0x4c,
  0x42, 0x2b, 0x3a, 0x2b, 0x42, 0x2b, 0x42, 0x4c, 0x42, 0x0b, 0x42, 0x4c,
  0x4a, 0x4c, 0x42, 0x4c, 0x42, 0x4b, 0x29, 0xca, 0x29, 0xca, 0x29, 0xca,
  0x29, 0xc9, 0x29, 0xea, 0x31, 0xea, 0x31, 0xea, 0x39, 0xea, 0x3a, 0x2b,
  0x39, 0xea, 0x3a, 0x2b, 0x3a, 0x0a, 0x32, 0x0b, 0x3a, 0x2b, 0x32, 0x0b,
  0x39, 0x68, 0x39, 0xc9, 0xd4, 0x0f, 0xec, 0xf2, 0xf5, 0x95, 0xed, 0x95,
  0xf5, 0x54, 0xf5, 0x95, 0xfe, 0x38, 0xed, 0x96, 0xdc, 0x10, 0xfd, 0x35,
  0x8a, 0xed, 0x7a, 0x6c, 0x5a, 0xee, 0x42, 0x6c, 0x94, 0x0f, 0xf7, 0x3c,
  0xff, 0x5a, 0xff, 0x5a, 0xff, 0x5b, 0xff, 0x5b, 0xff, 0x5a, 0xff, 0x5b,
  0xff, 0x5b, 0xd6, 0x16, 0xf7, 0x1a, 0xde, 0x98, 0xff, 0x3a, 0xff, 0x5b,
  0xff, 0x3a, 0xff, 0x3b, 0xff, 0x5a, 0xff, 0x5b, 0xff, 0x5a, 0xff, 0x5b,
  0xee, 0xf8, 0xff, 0x39, 0xff, 0x3b, 0xff, 0x3a, 0xf7, 0x1b, 0xff, 0x1a,
  0xff, 0x3b, 0xff, 0x3b, 0xff, 0x5a, 0xff, 0x39, 0xee, 0xd8, 0xe6, 0x96,
  0xe7, 0x1a, 0xff, 0x9c, 0xff, 0xbf, 0xff, 0x9e, 0xff, 0xbe, 0xff, 0x9d,
  0xff, 0x9d, 0xff, 0x9d, 0xff, 0x9e, 0xff, 0x9d, 0xff, 0xbe, 0xff, 0x9d,
  0xff, 0x9d, 0xff, 0x7d, 0xf7, 0x9d, 0xff, 0x9d, 0xf7, 0x7d, 0xff, 0x9d,
  0xf7, 0x9d, 0xff, 0x7d, 0xf7, 0x9d, 0xff, 0x7d, 0xff, 0xbe, 0xff, 0x7d,
  0xf7, 0x7d, 0xff, 0x7d, 0xf7, 0x9e, 0xff, 0x7d, 0xf7, 0x7d, 0xff, 0x9d,
  0xf7, 0x9e, 0xff, 0x7d, 0xef, 0x5c, 0xf7, 0x5c, 0xf7, 0x5c, 0xf7, 0x7c,
  0xf7, 0x7d, 0xf7, 0x7c, 0xf7, 0x7d, 0xff, 0x7c, 0xf7, 0x7d, 0xf7, 0x5c,
  0xf7, 0x7d, 0xff, 0x7c, 0xf7, 0x7d, 0xf7, 0x5c, 0xf7, 0x7d, 0xf7, 0x5c,
  0xf7, 0x5c, 0xf7, 0x3c, 0xf7, 0x5c, 0xf7, 0x3c, 0xf7, 0x5c, 0xf7, 0x5c,
  0xf7, 0x7d, 0xef, 0x1b, 0xe7, 0x1b, 0xf7, 0x3c, 0xf7, 0x5d, 0xf7, 0x3c,
  0xdf, 0x5b, 0xce, 0x78, 0xd6, 0xfa, 0xde, 0xfa, 0xe7, 0x1b, 0xe6, 0xfa,
  0xde, 0xfb, 0xe6, 0xfb, 0xe7, 0x1b, 0xde, 0xba, 0xd6, 0xda, 0xe6, 0xfb,
  0xe7, 0x1b, 0xe6, 0xfb, 0xdf, 0x1b, 0xe6, 0xfa, 0xce, 0xd8, 0xce, 0x97,
  0xe6, 0xd8, 0xff, 0x39, 0xff, 0x3b, 0xff, 0x5b, 0xff, 0x5b, 0xff, 0x1a,
  0xff, 0x5b, 0xff, 0x3b, 0xf7, 0x3a, 0xff, 0x5b, 0xff, 0x5b, 0xff, 0x3a,
  0xff, 0x5b, 0xff, 0x3b, 0xf7, 0x3b, 0xff, 0x5a, 0xf7, 0x3a, 0xff, 0x1a,
  0xff, 0x3b, 0xff, 0x3b, 0xff, 0x3b, 0xff, 0x3a, 0xdf, 0x5b, 0xb5, 0xb4,
  0x9e, 0x17, 0xae, 0x37, 0xa6, 0x38, 0x95, 0x95, 0xb5, 0xd4, 0xef, 0x3a,
  0xff, 0x5b, 0xff, 0x3a, 0xff, 0x5b, 0xff, 0x3b, 0xf7, 0x3b, 0xff, 0x5b,
  0xff, 0x5b, 0xff, 0x5b, 0xf7, 0x3a, 0xff, 0x3a, 0xf7, 0x3b, 0xff, 0x5b,
  0xff, 0x5b, 0xff, 0x3b, 0xff, 0x5b, 0xff, 0x3b, 0xff, 0x3b, 0xff, 0x3b,
  0xff, 0x5b, 0xff, 0x3b, 0xff, 0x5b, 0xff, 0x3b, 0xff, 0x3b, 0xff, 0x1a,
  0xff, 0x7b, 0xff, 0x5b, 0xff, 0x3b, 0xff, 0x3b, 0xff, 0x7b, 0xff, 0x3a,
  0xae, 0x38, 0x8c, 0xf3, 0x85, 0x99, 0x85, 0x37, 0x7c, 0x92, 0xb6, 0x38,
  0xe6, 0x98, 0xd6, 0x16, 0xd6, 0x58, 0xee, 0xda, 0xde, 0x98, 0xde, 0x57,
  0x94, 0x94, 0x62, 0xac, 0x39, 0xea, 0x42, 0x2b, 0x5a, 0xee, 0x52, 0x6c,
  0x4a, 0xae, 0x4a, 0x6c, 0x31, 0xca, 0x52, 0xad, 0x52, 0xce, 0x41, 0xeb,
  0x32, 0x0b, 0x31, 0xca, 0x29, 0xeb, 0x31, 0xea, 0x3a, 0x0b, 0x42, 0x2b,
  0x31, 0xeb, 0x3a, 0x0b, 0x32, 0x0b, 0x3a, 0x0b, 0x32, 0x0b, 0x3a, 0x0b,
  0x3a, 0x2c, 0x42, 0x2b, 0x29, 0xca, 0x31, 0xca, 0x29, 0xca, 0x31, 0xea,
  0x42, 0x2c, 0x42, 0x0b, 0x42, 0x4c, 0x4a, 0x6c, 0x52, 0x8d, 0x5a, 0xae,
  0x5a, 0xad, 0x62, 0xcd, 0x62, 0xef, 0x62, 0xae, 0x5a, 0xee, 0x62, 0xee,
  0x5a, 0xad, 0x4a, 0x0b, 0x9a, 0x8b, 0xcb, 0xd0, 0xe4, 0xb2, 0xdc, 0x30,
  0xd4, 0x51, 0xec, 0xf3, 0xee, 0x16, 0xfe, 0xd9, 0xfd, 0x77, 0xcb, 0xd0,
  0xab, 0x0f, 0x68, 0xe6, 0x63, 0x30, 0x52, 0x8d, 0x5a, 0x8c, 0xbd, 0x56,
  0xff, 0x5b, 0xff, 0x3a, 0xff, 0x5b, 0xff, 0x5b, 0xf7, 0x3a, 0xff, 0x5b,
  0xf7, 0x3b, 0xde, 0x17, 0xe6, 0xd9, 0xde, 0x78, 0xff, 0x5b, 0xff, 0x3b,
  0xff, 0x5b, 0xff, 0x3b, 0xff, 0x5b, 0xff, 0x3a, 0xff, 0x3b, 0xff, 0x3a,
  0xe6, 0x96, 0xf7, 0x59, 0xff, 0x1a, 0xff, 0x5b, 0xff, 0x1a, 0xff, 0x5b,
  0xff, 0x3a, 0xff, 0x5a, 0xf6, 0xf8, 0xe6, 0xb7, 0xee, 0xfa, 0xf7, 0x9c,
  0xff, 0xde, 0xff, 0xbe, 0xff, 0x9d, 0xff, 0xbd, 0xff, 0xbd, 0xff, 0xbd,
  0xff, 0x7c, 0xff, 0xbe, 0xff, 0xbd, 0xff, 0xbe, 0xff, 0x9d, 0xf7, 0x9d,
  0xff, 0x9d, 0xff, 0x9d, 0xff, 0xbd, 0xff, 0x9d, 0xff, 0x5c, 0xf7, 0x9d,
  0xff, 0x9d, 0xf7, 0x9d, 0xff, 0x9d, 0xff, 0x9d, 0xff, 0x9d, 0xff, 0xbe,
  0xff, 0x9d, 0xf7, 0x9d, 0xff, 0x9d, 0xff, 0xbd, 0xff, 0x9d, 0xf7, 0x9d,
  0xff, 0x7c, 0xff, 0x9d, 0xff, 0x9d, 0xff, 0x9d, 0xf7, 0x5c, 0xf7, 0x7c,
  0xf7, 0x5c, 0xf7, 0x7d, 0xff, 0x7c, 0xf7, 0x7d, 0xff, 0x7c, 0xf7, 0x7c,
  0xff, 0x7c, 0xff, 0x9d, 0xff, 0x7c, 0xf7, 0x7d, 0xff, 0x5c, 0xf7, 0x7c,
  0xf7, 0x5c, 0xf7, 0x5c, 0xf7, 0x5c, 0xf7, 0x7c, 0xff, 0x7c, 0xef, 0x5c,
  0xee, 0xfa, 0xef, 0x5c, 0xff, 0x5c, 0xef, 0x5c, 0xf7, 0x3b, 0xef, 0x5c,
  0xce, 0xb8, 0xce, 0xd9, 0xe6, 0xfa, 0xe7, 0x1a, 0xe6, 0xfa, 0xe7, 0x1a,
  0xe7, 0x1a, 0xde, 0xfa, 0xde, 0xd9, 0xde, 0xfa, 0xee, 0xfa, 0xe6, 0xfa,
  0xe6, 0xfa, 0xe7, 0x1b, 0xe6, 0xf9, 0xce, 0x98, 0xde, 0x96, 0xef, 0x59,
  0xff, 0x7b, 0xff, 0x5a, 0xff, 0x3a, 0xff, 0x3a, 0xff, 0x3a, 0xff, 0x5a,
  0xff, 0x5a, 0xff, 0x5b, 0xff, 0x5a, 0xf7, 0x3a, 0xff, 0x3a, 0xff, 0x5a,
  0xff, 0x3a, 0xff, 0x5b, 0xff, 0x19, 0xff, 0x5b, 0xff, 0x3a, 0xff, 0x5a,
  0xff, 0x3a, 0xff, 0x5a, 0xff, 0x3a, 0xff, 0x3a, 0xff, 0x7a, 0xce, 0x56,
  0x9d, 0xd5, 0xa6, 0x37, 0xae, 0x58, 0xa6, 0x17, 0xa5, 0x31, 0xd6, 0xf9,
  0xff, 0x5a, 0xff, 0x3a, 0xff, 0x3a, 0xff, 0x5b, 0xff, 0x5a, 0xff, 0x7b,
  0xff, 0x3a, 0xff, 0x3b, 0xff, 0x1a, 0xff, 0x5b, 0xff, 0x3a, 0xff, 0x3a,
  0xff, 0x5b, 0xff, 0x5b, 0xff, 0x3a, 0xff, 0x5b, 0xff, 0x3a, 0xff, 0x5b,
  0xff, 0x3a, 0xff, 0x5b, 0xff, 0x5b, 0xff, 0x7b, 0xff, 0x5b, 0xff, 0x3b,
  0xff, 0x1a, 0xff, 0x5b, 0xff, 0x3a, 0xff, 0x7b, 0xff, 0x5a, 0xff, 0x7b,
  0xbe, 0x59, 0x84, 0xd3, 0x8d, 0x78, 0x75, 0x17, 0x74, 0x10, 0xa5, 0xd7,
  0xde, 0x57, 0xf7, 0x1a, 0xff, 0x3a, 0xde, 0x77, 0xcd, 0xf7, 0x83, 0xaf,
  0x4a, 0x6c, 0x31, 0xca, 0x4a, 0x2b, 0x5a, 0xee, 0x4a, 0x2b, 0x5a, 0xae,
  0x42, 0x2b, 0x31, 0xea, 0x5a, 0xce, 0x4a, 0x8d, 0x39, 0xea, 0x32, 0x0b,
  0x42, 0x0b, 0x3a, 0x2b, 0x3a, 0x0a, 0x3a, 0x0b, 0x39, 0xea, 0x3a, 0x2b,
  0x39, 0xea, 0x3a, 0x0b, 0x42, 0x2b, 0x3a, 0x2b, 0x3a, 0x2b, 0x3a, 0x2b,
  0x31, 0xea, 0x29, 0xea, 0x42, 0x0b, 0x42, 0x6c, 0x39, 0xea, 0x4a, 0x8d,
  0x62, 0xce, 0x5a, 0xad, 0x6b, 0x2f, 0x62, 0xee, 0x6a, 0xee, 0x6b, 0x50,
  0x5a, 0xcd, 0x4a, 0x6c, 0x4a, 0x2b, 0x4a, 0x6c, 0x52, 0x4c, 0x4a, 0x4c,
  0x52, 0x6d, 0x42, 0x0c, 0x79, 0xa8, 0xbb, 0xf1, 0xe4, 0x51, 0xe4, 0x71,
  0xe4, 0x11, 0xc3, 0x4e, 0xd4, 0x71, 0xfe, 0x59, 0xfd, 0x35, 0xcb, 0xd0,
  0xec, 0x93, 0xa2, 0x8b, 0x49, 0xca, 0x73, 0x2f, 0x5a, 0x6b, 0x7b, 0x90,
  0xee, 0x78, 0xff, 0x3b, 0xff, 0x3a, 0xff, 0x5b, 0xff, 0x5b, 0xff, 0x7b,
  0xff, 0x1a, 0xde, 0x77, 0xde, 0x37, 0xe6, 0xd9, 0xff, 0x5b, 0xf7, 0x1a,
  0xff, 0x5b, 0xff, 0x5b, 0xff, 0x1a, 0xff, 0x5b, 0xff, 0x3a, 0xff, 0x5b,
  0xde, 0xd8, 0xde, 0xb7, 0xff, 0x5b, 0xff, 0x3a, 0xf7, 0x1a, 0xff, 0x3a,
  0xf7, 0x5a, 0xee, 0xd8, 0xe6, 0xf9, 0xf7, 0x7b, 0xff, 0x9e, 0xff, 0xbe,
  0xff, 0xde, 0xff, 0x9d, 0xff, 0xbe, 0xff, 0x9d, 0xff, 0xbe, 0xff, 0x9d,
  0xff, 0xbe, 0xff, 0xbe, 0xff, 0xbe, 0xff, 0x9d, 0xf7, 0x9d, 0xff, 0xbe,
  0xff, 0xbe, 0xff, 0x9d, 0xff, 0xbe, 0xff, 0x7d, 0xff, 0x9e, 0xff, 0x9d,
  0xf7, 0x7d, 0xff, 0x7d, 0xf7, 0x7d, 0xf7, 0x5c, 0xf7, 0x7d, 0xff, 0x9d,
  0xff, 0xbe, 0xff, 0x7d, 0xf7, 0x7d, 0xf7, 0x7d, 0xf7, 0x9e, 0xf7, 0x7d,
  0xff, 0x9d, 0xff, 0x7c, 0xf7, 0x7d, 0xf7, 0x5c, 0xf7, 0x7d, 0xf7, 0x5c,
  0xf7, 0x5d, 0xff, 0x7d, 0xf7, 0x9d, 0xf7, 0x5c, 0xf7, 0x7d, 0xff, 0x7d,
  0xf7, 0x7d, 0xf7, 0x5c, 0xf7, 0x7d, 0xf7, 0x5c, 0xf7, 0x7d, 0xf7, 0x5c,
  0xf7, 0x7d, 0xf7, 0x3c, 0xf7, 0x7d, 0xff, 0x7c, 0xef, 0x3c, 0xee, 0xfb,
  0xe7, 0x3c, 0xf7, 0x5c, 0xf7, 0x5c, 0xf7, 0x3c, 0xef, 0x7d, 0xef, 0x1b,
  0xce, 0xb9, 0xd6, 0xd9, 0xe7, 0x3b, 0xe6, 0xfa, 0xd6, 0xda, 0xe7, 0x1a,
  0xde, 0xda, 0xde, 0xda, 0xe7, 0x1b, 0xe6, 0xfa, 0xdf, 0x1b, 0xe6, 0xfa,
  0xdf, 0x1b, 0xd6, 0xba, 0xce, 0x97, 0xde, 0xd8, 0xff, 0x5b, 0xff, 0x3a,
  0xff, 0x5b, 0xff, 0x3a, 0xff, 0x5b, 0xff, 0x3a, 0xff, 0x5b, 0xff, 0x5b,
  0xff, 0x5b, 0xff, 0x3a, 0xf7, 0x3b, 0xf7, 0x1a, 0xf7, 0x3a, 0xff, 0x3a,
  0xff, 0x5b, 0xff, 0x1a, 0xff, 0x5b, 0xff, 0x3a, 0xf7, 0x1a, 0xff, 0x1a,
  0xff, 0x5b, 0xff, 0x3a, 0xff, 0x5b, 0xff, 0x5b, 0xff, 0x7b, 0xf7, 0x19,
  0x9e, 0x16, 0x95, 0xb4, 0xa6, 0x38, 0xa6, 0x38, 0xa5, 0xd5, 0xc6, 0x98,
  0xff, 0x5a, 0xff, 0x3a, 0xff, 0x3b, 0xff, 0x1a, 0xff, 0x5b, 0xff, 0x5b,
  0xff, 0x3b, 0xff, 0x5b, 0xff, 0x7c, 0xff, 0x3b, 0xff, 0x5b, 0xff, 0x3a,
  0xff, 0x3b, 0xff, 0x3b, 0xff, 0x3b, 0xff, 0x3b, 0xf7, 0x3b, 0xff, 0x5b,
  0xff, 0x3b, 0xff, 0x3b, 0xff, 0x5b, 0xff, 0x5b, 0xff, 0x5b, 0xff, 0x3b,
  0xf7, 0x3b, 0xff, 0x3b, 0xff, 0x5b, 0xff, 0x5b, 0xff, 0x5b, 0xff, 0x3a,
  0xa6, 0x17, 0x7c, 0xb2, 0x74, 0xf7, 0x74, 0xb5, 0x6c, 0x0f, 0xbe, 0x78,
  0xff, 0x7b, 0xf6, 0xf9, 0xcd, 0xf8, 0xc5, 0x76, 0x63, 0x2f, 0x52, 0x6b,
  0x31, 0xeb, 0x42, 0x4c, 0x52, 0xce, 0x4a, 0x4c, 0x52, 0xee, 0x39, 0xeb,
  0x42, 0x4c, 0x5a, 0xee, 0x42, 0x4c, 0x39, 0xea, 0x32, 0x0b, 0x3a, 0x0b,
  0x32, 0x0b, 0x42, 0x2c, 0x3a, 0x2b, 0x3a, 0x0b, 0x32, 0x0b, 0x3a, 0x0b,
  0x32, 0x0b, 0x42, 0x2c, 0x3a, 0x2c, 0x39, 0xeb, 0x32, 0x0b, 0x31, 0xeb,
  0x29, 0xca, 0x3a, 0x0b, 0x4a, 0x2c, 0x5a, 0xae, 0x5a, 0xee, 0x52, 0x8d,
  0x52, 0xae, 0x62, 0xce, 0x6a, 0xef, 0x62, 0x6d, 0x4a, 0x8d, 0x52, 0x6c,
  0x42, 0x4c, 0x52, 0x8d, 0x4a, 0x6d, 0x5a, 0x8d, 0x62, 0xce, 0x5a, 0x6c,
  0x4a, 0x8d, 0x4a, 0x6c, 0x69, 0xc9, 0x93, 0x0d, 0xcb, 0xef, 0xdc, 0x50,
  0xdc, 0x52, 0xd3, 0xf0, 0xcb, 0xf1, 0xf4, 0xf4, 0xcb, 0xaf, 0xd3, 0xd0,
  0xe4, 0x73, 0xd3, 0xaf, 0x51, 0x89, 0x72, 0x8d, 0x6b, 0x70, 0x5a, 0xcd,
  0xb4, 0xf3, 0xff, 0x1b, 0xff, 0x3b, 0xff, 0x1a, 0xff, 0x3b, 0xff, 0x7b,
  0xe6, 0xd9, 0xde, 0x78, 0xd6, 0x37, 0xff, 0x5b, 0xff, 0x5b, 0xff, 0x1a,
  0xf7, 0x3b, 0xff, 0x3b, 0xf7, 0x3b, 0xff, 0x3a, 0xf7, 0x3a, 0xff, 0x5b,
  0xff, 0x9c, 0xde, 0x98, 0xf6, 0xf7, 0xff, 0x59, 0xff, 0x39, 0xff, 0x3a,
  0xde, 0xd8, 0xe7, 0x19, 0xff, 0xbd, 0xff, 0xde, 0xff, 0xbd, 0xff, 0xbe,
  0xff, 0xbd, 0xff, 0xde, 0xff, 0x9d, 0xff, 0xbe, 0xff, 0xbd, 0xff, 0xbe,
  0xff, 0xbd, 0xff, 0xbe, 0xff, 0x9d, 0xff, 0x9d, 0xff, 0x9d, 0xff, 0xbe,
  0xff, 0x9d, 0xff, 0xde, 0xff, 0x9d, 0xff, 0x9d, 0xff, 0x9d, 0xff, 0xbe,
  0xff, 0x7d, 0xf7, 0x9d, 0xff, 0x9d, 0xff, 0xbd, 0xff, 0x9d, 0xff, 0x9d,
  0xff, 0x7c, 0xf7, 0x9d, 0xff, 0x7c, 0xf7, 0x7d, 0xff, 0x9d, 0xff, 0xbd,
  0xff, 0x9c, 0xf7, 0x7d, 0xff, 0x7c, 0xf7, 0x9d, 0xff, 0x7c, 0xf7, 0x7d,
  0xff, 0x7c, 0xf7, 0x7d, 0xff, 0x7c, 0xff, 0x9d, 0xff, 0x7c, 0xf7, 0x7d,
  0xff, 0x7c, 0xf7, 0x5c, 0xf7, 0x5c, 0xf7, 0x5c, 0xff, 0x7c, 0xf7, 0x7c,
  0xf7, 0x5c, 0xf7, 0x9d, 0xf7, 0x3b, 0xef, 0x1b, 0xf7, 0x3b, 0xf7, 0x5c,
  0xf7, 0x5c, 0xf7, 0x7c, 0xf7, 0x5c, 0xf7, 0x5c, 0xef, 0x5b, 0xd6, 0xd9,
  0xe6, 0xf9, 0xdf, 0x1a, 0xef, 0x1a, 0xe6, 0xfa, 0xe7, 0x1a, 0xde, 0xfa,
  0xe6, 0xf9, 0xe7, 0x1b, 0xef, 0x1a, 0xe6, 0xfa, 0xe7, 0x1a, 0xdf, 0x1b,
  0xde, 0xd8, 0xd6, 0xd8, 0xff, 0x19, 0xff, 0x5a, 0xff, 0x3a, 0xff, 0x5b,
  0xff, 0x3a, 0xff, 0x5b, 0xff, 0x3a, 0xff, 0x5b, 0xff, 0x3a, 0xff, 0x5b,
  0xff, 0x3a, 0xff, 0x5b, 0xff, 0x3a, 0xff, 0x5b, 0xff, 0x5a, 0xff, 0x5b,
  0xff, 0x5a, 0xff, 0x5a, 0xff, 0x5a, 0xff, 0x5a, 0xff, 0x3a, 0xff, 0x5b,
  0xff, 0x3a, 0xff, 0x5a, 0xff, 0x3a, 0xff, 0x5b, 0xff, 0x5a, 0xff, 0x5a,
  0xb6, 0x36, 0x9d, 0x94, 0xa6, 0x38, 0x9e, 0x18, 0x9d, 0xb5, 0x9d, 0xd6,
  0xff, 0x19, 0xff, 0x5a, 0xff, 0x5a, 0xff, 0x5b, 0xff, 0x5a, 0xff, 0x5b,
  0xff, 0x5a, 0xff, 0x3a, 0xff, 0x5a, 0xff, 0x5b, 0xff, 0x3a, 0xff, 0x5b,
  0xff, 0x3a, 0xff, 0x3b, 0xff, 0x3a, 0xff, 0x5b, 0xff, 0x3a, 0xff, 0x5b,
  0xff, 0x3a, 0xff, 0x5b, 0xff, 0x5b, 0xff, 0x3b, 0xff, 0x3a, 0xff, 0x3b,
  0xff, 0x3a, 0xff, 0x3b, 0xff, 0x3b, 0xff, 0x3b, 0xff, 0x5a, 0xff, 0x5a,
  0xae, 0x17, 0x6c, 0x50, 0x64, 0x73, 0x6c, 0xb5, 0x84, 0x30, 0xc6, 0x79,
  0xde, 0x57, 0xa4, 0xb1, 0x94, 0x12, 0x62, 0xce, 0x42, 0x4b, 0x31, 0xea,
  0x4a, 0x6c, 0x52, 0xee, 0x4a, 0x4c, 0x52, 0xce, 0x39, 0xea, 0x42, 0x4c,
  0x62, 0xee, 0x3a, 0x0b, 0x3a, 0x0b, 0x3a, 0x2b, 0x42, 0x0b, 0x3a, 0x0b,
  0x39, 0xea, 0x3a, 0x0b, 0x3a, 0x0a, 0x31, 0xea, 0x39, 0xea, 0x31, 0xeb,
  0x42, 0x2b, 0x3a, 0x2b, 0x39, 0xea, 0x42, 0x4c, 0x42, 0x2b, 0x3a, 0x0b,
  0x4a, 0x4c, 0x52, 0xad, 0x5a, 0xcd, 0x52, 0xad, 0x4a, 0x6c, 0x52, 0xad,
  0x62, 0xad, 0x5a, 0xce, 0x5a, 0xac, 0x5a, 0xcd, 0x5a, 0x8d, 0x5a, 0x8d,
  0x6a, 0xee, 0x62, 0xef, 0x5a, 0xad, 0x52, 0xad, 0x5a, 0xcd, 0x5a, 0xee,
  0x5a, 0xad, 0x5a, 0xef, 0x62, 0x0a, 0x72, 0x8c, 0xcb, 0x4e, 0xe4, 0x52,
  0xe4, 0x51, 0xdc, 0x31, 0xdb, 0xf1, 0xdc, 0x53, 0xfd, 0x75, 0xd4, 0x92,
  0xe4, 0x10, 0xd3, 0xaf, 0x9b, 0x2e, 0x69, 0xc9, 0x73, 0x70, 0x52, 0xce,
  0x83, 0x8d, 0xe6, 0xba, 0xff, 0x5a, 0xff, 0x5a, 0xff, 0x3b, 0xff, 0x7c,
  0xde, 0x58, 0xd6, 0x37, 0xee, 0xb8, 0xff, 0x7b, 0xff, 0x1a, 0xff, 0x3b,
  0xff, 0x3a, 0xf7, 0x3a, 0xff, 0x5a, 0xff, 0x5b, 0xff, 0x5a, 0xff, 0x5b,
  0xff, 0xde, 0xef, 0x1b, 0xde, 0x96, 0xf7, 0x18, 0xef, 0x3a, 0xee, 0xf9,
  0xe7, 0x3b, 0xff, 0xde, 0xff, 0xbe, 0xff, 0x9d, 0xff, 0x9e, 0xff, 0x9d,
  0xff, 0x9e, 0xff, 0x7d, 0xff, 0xbe, 0xff, 0x9d, 0xff, 0x9e, 0xff, 0x9d,
  0xff, 0x9e, 0xff, 0x9d, 0xff, 0xbe, 0xff, 0x7d, 0xff, 0x9e, 0xff, 0x7d,
  0xff, 0xbe, 0xff, 0x9d, 0xff, 0x9d, 0xff, 0x9d, 0xff, 0x9e, 0xff, 0x7d,
  0xf7, 0x9e, 0xff, 0x7d, 0xf7, 0x7d, 0xff, 0x9d, 0xf7, 0x9e, 0xff, 0x7d,
  0xf7, 0x9e, 0xff, 0x9d, 0xf7, 0x9e, 0xff, 0x7d, 0xf7, 0x9d, 0xff, 0x7d,
  0xf7, 0x7d, 0xff, 0x7c, 0xf7, 0x7d, 0xf7, 0x7d, 0xf7, 0x7d, 0xf7, 0x5c,
  0xf7, 0x7d, 0xff, 0x9d, 0xf7, 0x7d, 0xf7, 0x5c, 0xff, 0x9e, 0xf7, 0x5c,
  0xf7, 0x5c, 0xf7, 0x5c, 0xf7, 0x7d, 0xf7, 0x5c, 0xf7, 0x9d, 0xff, 0x7c,
  0xef, 0x3c, 0xee, 0xfb, 0xe7, 0x1b, 0xef, 0x3c, 0xef, 0x5c, 0xf7, 0x5c,
  0xf7, 0x5c, 0xf7, 0x3c, 0xef, 0x3c, 0xef, 0x3b, 0xd6, 0xfa, 0xd6, 0xb9,
  0xde, 0xfa, 0xde, 0xfa, 0xdf, 0x1b, 0xe6, 0xfa, 0xde, 0xfa, 0xde, 0xda,
  0xe7, 0x1b, 0xe6, 0xfa, 0xe7, 0x1b, 0xe6, 0xfb, 0xd7, 0x1a, 0xce, 0x98,
  0xe6, 0xd7, 0xf7, 0x59, 0xff, 0x3a, 0xff, 0x1a, 0xff, 0x3b, 0xff, 0x3b,
  0xf7, 0x1a, 0xff, 0x3b, 0xff, 0x5b, 0xff, 0x3b, 0xff, 0x5b, 0xff, 0x3a,
  0xff, 0x5b, 0xff, 0x5b, 0xf7, 0x3b, 0xff, 0x1a, 0xf7, 0x3a, 0xff, 0x3a,
  0xff, 0x5b, 0xff, 0x3a, 0xff, 0x5b, 0xff, 0x1a, 0xf7, 0x3a, 0xff, 0x3a,
  0xff, 0x3b, 0xff, 0x3a, 0xf7, 0x3a, 0xff, 0x3a, 0xff, 0x1a, 0xff, 0x3a,
  0xce, 0xf9, 0xad, 0x94, 0x9e, 0x38, 0xa6, 0x18, 0x95, 0xd6, 0x95, 0x95,
  0xde, 0xb8, 0xf7, 0x5a, 0xff, 0x5b, 0xff, 0x1a, 0xf7, 0x3b, 0xff, 0x3a,
  0xff, 0x5b, 0xff, 0x3a, 0xf7, 0x3b, 0xff, 0x3a, 0xff, 0x5b, 0xff, 0x1a,
  0xf7, 0x3a, 0xff, 0x3a, 0xff, 0x5b, 0xff, 0x5b, 0xff, 0x5b, 0xff, 0x3b,
  0xff, 0x3b, 0xff, 0x3b, 0xff, 0x5b, 0xff, 0x1a, 0xff, 0x3b, 0xff, 0x3b,
  0xff, 0x5b, 0xff, 0x3b, 0xff, 0x3b, 0xff, 0x3b, 0xff, 0x5b, 0xff, 0x3a,
  0x95, 0x56, 0x63, 0xaf, 0x74, 0xb5, 0x84, 0xf6, 0x7b, 0xf3, 0x73, 0x91,
  0x62, 0xee, 0x52, 0x4b, 0x52, 0xce, 0x42, 0x2b, 0x31, 0xea, 0x42, 0x4b,
  0x52, 0xae, 0x52, 0x6d, 0x52, 0xce, 0x31, 0xa9, 0x4a, 0x6d, 0x52, 0xad,
  0x31, 0xea, 0x3a, 0x0b, 0x3a, 0x0b, 0x39, 0xea, 0x31, 0xeb, 0x3a, 0x0b,
  0x32, 0x0b, 0x31, 0xea, 0x32, 0x0b, 0x31, 0xea, 0x32, 0x0b, 0x39, 0xea,
  0x3a, 0x0b, 0x39, 0xea, 0x3a, 0x0b, 0x42, 0x4c, 0x42, 0x2c, 0x52, 0x8d,
  0x5a, 0xce, 0x5a, 0x6d, 0x5a, 0xee, 0x52, 0x8d, 0x52, 0xad, 0x52, 0x8d,
  0x5a, 0xae, 0x6a, 0xef, 0x62, 0xef, 0x5a, 0x8d, 0x5a, 0xce, 0x5a, 0xad,
  0x5a, 0xce, 0x62, 0xce, 0x5a, 0xce, 0x6b, 0x0f, 0x6b, 0x2f, 0x6b, 0x0e,
  0x73, 0x2f, 0x73, 0x0f, 0x6a, 0xee, 0x62, 0x8c, 0x9b, 0x0e, 0xa3, 0x2e,
  0xd3, 0xf1, 0xe4, 0x31, 0xe4, 0x73, 0xd3, 0xd0, 0xed, 0xb6, 0xfe, 0x38,
  0xdc, 0x71, 0xf5, 0x14, 0xe5, 0x77, 0x79, 0xe8, 0x62, 0xcf, 0x73, 0x50,
  0x6a, 0xed, 0xcd, 0xb8, 0xff, 0x3a, 0xff, 0x3a, 0xf7, 0x5b, 0xf7, 0x1a,
  0xbd, 0x96, 0xc5, 0x75, 0xf7, 0x5b, 0xff, 0x5a, 0xff, 0x5b, 0xff, 0x1a,
  0xf7, 0x3b, 0xff, 0x3a, 0xff, 0x5b, 0xff, 0x5b, 0xff, 0x7b, 0xff, 0x3a,
  0xff, 0xbe, 0xff, 0xde, 0xde, 0xb6, 0xde, 0xb7, 0xe6, 0xf9, 0xef, 0x5b,
  0xff, 0xbe, 0xff, 0xbe, 0xff, 0xbd, 0xff, 0xbd, 0xff, 0x9d, 0xff, 0x9d,
  0xff, 0x7c, 0xf7, 0x7d, 0xff, 0xbd, 0xff, 0x9d, 0xff, 0x9d, 0xff, 0xbe,
  0xff, 0xbd, 0xff, 0xbe, 0xff, 0x9d, 0xff, 0x9d, 0xff, 0x7d, 0xff, 0x9d,
  0xff, 0x9d, 0xff, 0xbe, 0xff, 0x9d, 0xff, 0xbd, 0xff, 0x9d, 0xff, 0xbd,
  0xff, 0xbd, 0xf7, 0x9d, 0xff, 0x9d, 0xff, 0xbe, 0xff, 0x9d, 0xff, 0xbe,
  0xff, 0x9d, 0xff, 0x9d, 0xff, 0x7c, 0xf7, 0x9d, 0xff, 0x7c, 0xff, 0x9d,
  0xff, 0x9c, 0xff, 0xbd, 0xff, 0x7c, 0xf7, 0x9d, 0xff, 0x9d, 0xff, 0x9d,
  0xff, 0x7c, 0xf7, 0x9d, 0xff, 0x7c, 0xf7, 0x7d, 0xff, 0x7c, 0xf7, 0x7d,
  0xf7, 0x5c, 0xf7, 0x7c, 0xff, 0x7c, 0xf7, 0x7c, 0xf7, 0x5b, 0xef, 0x3b,
  0xef, 0x1b, 0xef, 0x3c, 0xf7, 0x5c, 0xef, 0x5c, 0xef, 0x1b, 0xf7, 0x5c,
  0xf7, 0x3c, 0xf7, 0x5c, 0xf7, 0x5b, 0xef, 0x7c, 0xd6, 0xb8, 0xd6, 0xfa,
  0xe7, 0x1a, 0xde, 0xfa, 0xe6, 0xfa, 0xde, 0xfa, 0xe6, 0xfa, 0xe7, 0x3b,
  0xee, 0xfa, 0xe7, 0x1b, 0xe7, 0x1a, 0xce, 0x99, 0xd6, 0x76, 0xde, 0xf8,
  0xff, 0x39, 0xff, 0x39, 0xff, 0x5a, 0xf7, 0x5a, 0xff, 0x3a, 0xff, 0x7b,
  0xff, 0x3a, 0xf7, 0x3a, 0xff, 0x3a, 0xff, 0x5b, 0xff, 0x3a, 0xff, 0x3a,
  0xff, 0x5a, 0xff, 0x5b, 0xff, 0x3a, 0xf7, 0x1a, 0xff, 0x19, 0xf7, 0x3a,
  0xff, 0x3a, 0xff, 0x5b, 0xff, 0x5a, 0xff, 0x5b, 0xff, 0x5a, 0xff, 0x3a,
  0xff, 0x3a, 0xff, 0x5b, 0xff, 0x3a, 0xff, 0x3a, 0xff, 0x1a, 0xff, 0x5b,
  0xef, 0x5a, 0xb5, 0xb4, 0x9d, 0xf7, 0xa6, 0x58, 0x9d, 0xf6, 0x8d, 0xd5,
  0xc6, 0x14, 0xf7, 0x9b, 0xff, 0x3a, 0xff, 0x3a, 0xff, 0x3a, 0xff, 0x5b,
  0xff, 0x5a, 0xff, 0x5b, 0xff, 0x5a, 0xff, 0x7b, 0xff, 0x3a, 0xf7, 0x3a,
  0xff, 0x3a, 0xff, 0x5b, 0xff, 0x3a, 0xff, 0x5b, 0xff, 0x3a, 0xff, 0x5b,
  0xff, 0x3a, 0xff, 0x5b, 0xff, 0x5b, 0xff, 0x5b, 0xff, 0x3a, 0xff, 0x5b,
  0xff, 0x5b, 0xff, 0x5b, 0xff, 0x3a, 0xff, 0x5b, 0xff, 0x5a, 0xde, 0x36,
  0x94, 0xd3, 0x7c, 0x51, 0x7c, 0x12, 0x5b, 0x2f, 0x52, 0x6c, 0x42, 0x4c,
  0x4a, 0x2c, 0x52, 0x8d, 0x42, 0x2b, 0x31, 0xea, 0x42, 0x2b, 0x52, 0xcd,
  0x4a, 0x4c, 0x5a, 0xce, 0x39, 0xa9, 0x4a, 0x6d, 0x5a, 0xee, 0x31, 0xea,
  0x3a, 0x2b, 0x32, 0x2b, 0x39, 0xea, 0x3a, 0x2b, 0x3a, 0x0b, 0x32, 0x0b,
  0x31, 0xea, 0x3a, 0x2b, 0x39, 0xea, 0x32, 0x0b, 0x42, 0x2b, 0x3a, 0x0b,
  0x39, 0xea, 0x42, 0x4c, 0x41, 0xea, 0x4a, 0x6c, 0x5a, 0x8d, 0x52, 0xae,
  0x52, 0xad, 0x52, 0xce, 0x5a, 0x8c, 0x5a, 0xad, 0x62, 0xce, 0x52, 0x6d,
  0x62, 0xee, 0x52, 0xcd, 0x52, 0x6c, 0x52, 0xad, 0x6a, 0xee, 0x62, 0xee,
  0x62, 0xcd, 0x5a, 0xce, 0x5a, 0xad, 0x4a, 0x4c, 0x42, 0x0a, 0x4a, 0x6c,
  0x3a, 0x0a, 0x3a, 0x4c, 0x3a, 0x2b, 0x3a, 0x4c, 0x39, 0xea, 0x42, 0x4c,
  0xab, 0x2e, 0xc4, 0x32, 0xe4, 0x10, 0xdc, 0x31, 0xd4, 0x71, 0xfe, 0x38,
  0xfd, 0xf7, 0xdc, 0xb2, 0xfd, 0x76, 0xab, 0x0c, 0x5a, 0x4c, 0x83, 0xb2,
  0x6a, 0xcc, 0xb5, 0x36, 0xff, 0x19, 0xff, 0x3a, 0xff, 0x7b, 0xde, 0x98,
  0xb5, 0x13, 0xe6, 0xda, 0xff, 0x7a, 0xff, 0x7b, 0xff, 0x3a, 0xf7, 0x3a,
  0xff, 0x3a, 0xff, 0x5b, 0xff, 0x3a, 0xff, 0x5b, 0xff, 0x3a, 0xff, 0x5a,
  0xff, 0xbe, 0xff, 0xbe, 0xf7, 0xbc, 0xd6, 0x97, 0xef, 0x5c, 0xff, 0xde,
  0xff, 0x9e, 0xff, 0x9e, 0xff, 0xbe, 0xff, 0xbd, 0xff, 0xbe, 0xff, 0x9d,
  0xff, 0xbe, 0xff, 0x9d, 0xff, 0xbe, 0xff, 0x9d, 0xff, 0x9e, 0xff, 0x9d,
  0xff, 0xbe, 0xff, 0x9d, 0xff, 0x9d, 0xff, 0xbd, 0xff, 0xbe, 0xff, 0x9d,
  0xff, 0x9d, 0xff, 0x9d, 0xff, 0xbe, 0xff, 0x9d, 0xf7, 0x9d, 0xff, 0x9d,
  0xff, 0x9e, 0xff, 0x7d, 0xf7, 0x7d, 0xff, 0x9d, 0xff, 0x9e, 0xff, 0x9d,
  0xf7, 0x9d, 0xff, 0x7d, 0xf7, 0x7d, 0xff, 0x7d, 0xf7, 0x7d, 0xf7, 0x7d,
  0xf7, 0x7d, 0xff, 0x9d, 0xf7, 0x7d, 0xff, 0x7d, 0xf7, 0x7d, 0xf7, 0x7d,
  0xf7, 0x7d, 0xf7, 0x5c, 0xf7, 0x7d, 0xf7, 0x7d, 0xf7, 0x7d, 0xff, 0x7d,
  0xf7, 0x7d, 0xf7, 0x5c, 0xf7, 0x5c, 0xee, 0xfa, 0xe7, 0x1b, 0xf7, 0x3c,
  0xf7, 0x7d, 0xff, 0x7c, 0xf7, 0x7d, 0xf7, 0x5c, 0xf7, 0x7d, 0xf7, 0x5c,
  0xf7, 0x7d, 0xf7, 0x3c, 0xef, 0x7c, 0xde, 0xda, 0xc6, 0x98, 0xde, 0xf9,
  0xe7, 0x3b, 0xe6, 0xfa, 0xde, 0xfa, 0xe6, 0xfa, 0xe7, 0x1b, 0xe6, 0xfa,
  0xe7, 0x1b, 0xe6, 0xfa, 0xc6, 0xb8, 0xc6, 0x77, 0xee, 0xf8, 0xf7, 0x18,
  0xff, 0x1a, 0xff, 0x1a, 0xff, 0x3b, 0xff, 0x3a, 0xff, 0x5b, 0xff, 0x3a,
  0xff, 0x5b, 0xff, 0x5b, 0xff, 0x3b, 0xff, 0x5b, 0xff, 0x5b, 0xff, 0x5b,
  0xff, 0x5b, 0xff, 0x5b, 0xff, 0x5b, 0xff, 0x5b, 0xff, 0x5b, 0xf7, 0x1a,
  0xf7, 0x3a, 0xff, 0x3a, 0xff, 0x3b, 0xff, 0x3a, 0xff, 0x5b, 0xff, 0x3a,
  0xf7, 0x3a, 0xff, 0x3a, 0xff, 0x5b, 0xff, 0x3a, 0xff, 0x5b, 0xff, 0x3a,
  0xf7, 0x9b, 0xc5, 0xf4, 0x95, 0xd6, 0x9d, 0xf7, 0x8d, 0xb6, 0x8d, 0x95,
  0xa5, 0x73, 0xe7, 0x3a, 0xff, 0x5b, 0xff, 0x3a, 0xf7, 0x1a, 0xff, 0x3b,
  0xff, 0x5b, 0xff, 0x3a, 0xff, 0x5b, 0xff, 0x1a, 0xf7, 0x3a, 0xff, 0x5b,
  0xff, 0x5b, 0xff, 0x3a, 0xf7, 0x1a, 0xff, 0x1a, 0xf7, 0x3b, 0xff, 0x3a,
  0xff, 0x5b, 0xff, 0x3a, 0xff, 0x5b, 0xff, 0x5b, 0xff, 0x5b, 0xff, 0x3a,
  0xff, 0x5b, 0xff, 0x5b, 0xff, 0x7c, 0xff, 0x5b, 0xde, 0x78, 0xc5, 0x74,
  0x9c, 0xf4, 0x6b, 0x0d, 0x4a, 0x6d, 0x52, 0x8d, 0x52, 0xad, 0x63, 0x0e,
  0x5b, 0x0f, 0x42, 0x0b, 0x29, 0xcb, 0x42, 0x2c, 0x4a, 0x8e, 0x42, 0x2c,
  0x52, 0xce, 0x39, 0xea, 0x52, 0x8d, 0x5a, 0x8d, 0x29, 0xea, 0x31, 0xea,
  0x32, 0x0b, 0x39, 0xeb, 0x31, 0xeb, 0x3a, 0x0b, 0x3a, 0x2c, 0x39, 0xeb,
  0x32, 0x0b, 0x31, 0xea, 0x31, 0xeb, 0x3a, 0x0b, 0x3a, 0x0b, 0x3a, 0x0b,
  0x4a, 0x8d, 0x42, 0x4c, 0x3a, 0x0b, 0x52, 0xad, 0x5a, 0xce, 0x62, 0xce,
  0x4a, 0x6d, 0x39, 0xeb, 0x42, 0x4c, 0x4a, 0x6d, 0x3a, 0x0b, 0x52, 0x6c,
  0x52, 0x6d, 0x62, 0xef, 0x5a, 0xee, 0x5a, 0x8d, 0x4a, 0x8d, 0x52, 0x8d,
  0x52, 0x8d, 0x41, 0xeb, 0x3a, 0x0b, 0x52, 0x6d, 0x42, 0x4c, 0x4a, 0x2c,
  0x32, 0x0b, 0x3a, 0x0b, 0x52, 0x6d, 0x52, 0x6d, 0x42, 0x6d, 0x42, 0x4c,
  0x59, 0xea, 0x8b, 0x4f, 0xe4, 0xb2, 0xec, 0xb2, 0xdc, 0xd3, 0xfd, 0x96,
  0xfe, 0x59, 0xcb, 0xef, 0xd3, 0xf0, 0x9a, 0x08, 0x49, 0xeb, 0x73, 0x0f,
  0x62, 0xed, 0xac, 0xd5, 0xf6, 0xfa, 0xff, 0x5b, 0xef, 0x1b, 0xac, 0xd1,
  0xcd, 0xf6, 0xff, 0x9c, 0xff, 0x5b, 0xff, 0x3a, 0xf7, 0x1a, 0xff, 0x3b,
  0xff, 0x5b, 0xff, 0x3b, 0xf7, 0x1a, 0xf7, 0x1a, 0xf7, 0x3b, 0xff, 0x3a,
  0xff, 0xbd, 0xff, 0xbd, 0xe7, 0x1a, 0xe7, 0x5c, 0xff, 0xbd, 0xff, 0xbe,
  0xff, 0x9d, 0xff, 0xbe, 0xff, 0xbe, 0xff, 0xbe, 0xff, 0xbe, 0xff, 0xbe,
  0xff, 0x9d, 0xff, 0x9d, 0xff, 0xbd, 0xff, 0xbe, 0xff, 0x9d, 0xff, 0xbd,
  0xff, 0xbd, 0xff, 0xbd, 0xff, 0x7c, 0xff, 0xbd, 0xff, 0xbd, 0xff, 0x9d,
  0xff, 0x9d, 0xff, 0xbd, 0xff, 0x9d, 0xff, 0x9d, 0xff, 0x9d, 0xff, 0x9d,
  0xff, 0x9d, 0xff, 0xbd, 0xff, 0x7c, 0xff, 0xbd, 0xff, 0x9d, 0xff, 0xbd,
  0xff, 0x7d, 0xff, 0x9d, 0xff, 0x9d, 0xf7, 0x9d, 0xff, 0x9d, 0xff, 0x9d,
  0xff, 0x9c, 0xff, 0x9d, 0xff, 0x7c, 0xf7, 0x9d, 0xff, 0x9d, 0xf7, 0x7d,
  0xf7, 0x5c, 0xf7, 0x7d, 0xff, 0x7c, 0xff, 0xbd, 0xff, 0x7c, 0xef, 0x3c,
  0xf7, 0x5c, 0xef, 0x1b, 0xef, 0x1b, 0xef, 0x5c, 0xff, 0x7c, 0xf7, 0x9d,
  0xff, 0x5c, 0xf7, 0x7d, 0xff, 0x7c, 0xf7, 0x5c, 0xf7, 0x3b, 0xf7, 0x7d,
  0xff, 0x5c, 0xf7, 0x5c, 0xef, 0x5b, 0xce, 0xb9, 0xde, 0xf9, 0xdf, 0x1a,
  0xe6, 0xd9, 0xe7, 0x1b, 0xef, 0x1a, 0xe7, 0x1b, 0xee, 0xfa, 0xe7, 0x1b,
  0xd6, 0xf9, 0xce, 0xb8, 0xde, 0x76, 0xef, 0x39, 0xff, 0x39, 0xff, 0x3a,
  0xff, 0x5a, 0xf7, 0x3a, 0xff, 0x3a, 0xff, 0x3a, 0xff, 0x1a, 0xff, 0x3a,
  0xff, 0x5a, 0xff, 0x7b, 0xff, 0x5a, 0xff, 0x3a, 0xff, 0x3a, 0xff, 0x5b,
  0xff, 0x3a, 0xff, 0x5b, 0xff, 0x5a, 0xff, 0x3a, 0xff, 0x19, 0xf7, 0x3a,
  0xff, 0x3a, 0xff, 0x3a, 0xff, 0x5a, 0xff, 0x5b, 0xff, 0x3a, 0xff, 0x5b,
  0xff, 0x5a, 0xff, 0x5a, 0xff, 0x3a, 0xff, 0x3a, 0xff, 0x3a, 0xff, 0x5a,
  0xf7, 0x7a, 0xde, 0xd7, 0x95, 0xb5, 0xa6, 0x37, 0x9d, 0xf8, 0x8d, 0xd8,
  0xa5, 0x53, 0xc6, 0xb8, 0xff, 0x3a, 0xff, 0x3a, 0xff, 0x5a, 0xff, 0x9b,
  0xff, 0x5a, 0xff, 0x5b, 0xff, 0x3a, 0xff, 0x7b, 0xff, 0x5a, 0xff, 0x5a,
  0xff, 0x5a, 0xff, 0x5a, 0xff, 0x3a, 0xff, 0x5b, 0xff, 0x3a, 0xff, 0x3a,
  0xff, 0x3a, 0xff, 0x3a, 0xff, 0x3a, 0xff, 0x7b, 0xff, 0x5b, 0xff, 0x5b,
  0xff, 0x3a, 0xff, 0x5b, 0xff, 0x3a, 0xcd, 0xd5, 0xb5, 0x14, 0x83, 0xf0,
  0x5a, 0x8c, 0x5a, 0xad, 0x73, 0x4f, 0x62, 0xee, 0x52, 0x6c, 0x52, 0x8d,
  0x4a, 0x8c, 0x31, 0xea, 0x3a, 0x0a, 0x52, 0xee, 0x4a, 0x0a, 0x5a, 0xce,
  0x31, 0xa9, 0x42, 0x6c, 0x5a, 0xee, 0x31, 0xca, 0x31, 0xc9, 0x31, 0xea,
  0x39, 0xea, 0x32, 0x0b, 0x31, 0xea, 0x32, 0x0b, 0x3a, 0x2b, 0x32, 0x0b,
  0x3a, 0x0a, 0x31, 0xea, 0x3a, 0x0a, 0x32, 0x0b, 0x39, 0xea, 0x42, 0x4c,
  0x4a, 0x4c, 0x3a, 0x0b, 0x42, 0x2b, 0x5a, 0xee, 0x62, 0xcd, 0x4a, 0x2b,
  0x31, 0xea, 0x3a, 0x2b, 0x42, 0x0b, 0x42, 0x4c, 0x62, 0xee, 0x5a, 0xce,
  0x52, 0x8c, 0x4a, 0x6c, 0x52, 0x6c, 0x52, 0x8d, 0x5a, 0xce, 0x5a, 0xce,
  0x4a, 0x6c, 0x42, 0x2c, 0x42, 0x4b, 0x42, 0x6c, 0x4a, 0x4c, 0x3a, 0x2b,
  0x41, 0xea, 0x4a, 0x6c, 0x52, 0xad, 0x42, 0x6c, 0x42, 0x0b, 0x4a, 0x8d,
  0x52, 0x0a, 0x73, 0x2f, 0xdc, 0x10, 0xec, 0x92, 0xdc, 0x71, 0xe4, 0xd3,
  0xfe, 0x17, 0xcc, 0x50, 0xec, 0x92, 0xd4, 0x10, 0x62, 0x0b, 0x72, 0xad,
  0x7b, 0x4e, 0xa4, 0xd4, 0xfe, 0xd9, 0xff, 0x5b, 0xd6, 0x16, 0xcd, 0xf6,
  0xff, 0x9b, 0xff, 0x5b, 0xff, 0x1a, 0xff, 0x5b, 0xff, 0x5b, 0xff, 0x3b,
  0xff, 0x3a, 0xff, 0x5b, 0xff, 0x3a, 0xff, 0x5b, 0xff, 0x3a, 0xf7, 0x3a,
  0xff, 0xfe, 0xf7, 0x7c, 0xde, 0xfb, 0xff, 0xbd, 0xff, 0xbe, 0xff, 0x9d,
  0xff, 0xbe, 0xff, 0x9e, 0xf7, 0x7e, 0xff, 0x9e, 0xff, 0xbe, 0xff, 0x9d,
  0xf7, 0x9e, 0xff, 0x9d, 0xf7, 0x9e, 0xff, 0x9d, 0xff, 0xbe, 0xff, 0x9d,
  0xff, 0xbe, 0xff, 0x9d, 0xff, 0x9e, 0xff, 0x9d, 0xff, 0x9e, 0xff, 0x9d,
  0xff, 0x9e, 0xff, 0x9d, 0xf7, 0x9d, 0xff, 0x9d, 0xf7, 0x9d, 0xff, 0x9d,
  0xff, 0xbe, 0xff, 0x7d, 0xf7, 0x9d, 0xff, 0x7d, 0xf7, 0x7e, 0xff, 0x9e,
  0xff, 0x9e, 0xff, 0x7d, 0xf7, 0x9d, 0xf7, 0x7d, 0xf7, 0x9d, 0xff, 0x9d,
  0xf7, 0x7d, 0xf7, 0x7d, 0xf7, 0x9e, 0xf7, 0x7d, 0xff, 0x9d, 0xff, 0x9d,
  0xff, 0x9d, 0xff, 0x7d, 0xe7, 0x5c, 0xef, 0x3b, 0xef, 0x3c, 0xef, 0x1b,
  0xf7, 0x5c, 0xf7, 0x5c, 0xf7, 0x5c, 0xff, 0x7c, 0xf7, 0x7d, 0xf7, 0x3c,
  0xf7, 0x7d, 0xf7, 0x5c, 0xf7, 0x5d, 0xf7, 0x5c, 0xf7, 0x5d, 0xf7, 0x3c,
  0xef, 0x5c, 0xf7, 0x5c, 0xd7, 0x1a, 0xd6, 0xb9, 0xd6, 0xfa, 0xde, 0xd9,
  0xde, 0xfa, 0xde, 0xd9, 0xde, 0xfb, 0xe6, 0xfa, 0xdf, 0x1b, 0xd6, 0xb9,
  0xce, 0x98, 0xce, 0x97, 0xf7, 0x19, 0xff, 0x3a, 0xf7, 0x3a, 0xff, 0x3a,
  0xff, 0x5b, 0xff, 0x1a, 0xf7, 0x3b, 0xff, 0x3a, 0xff, 0x5b, 0xff, 0x5b,
  0xf7, 0x3b, 0xff, 0x1a, 0xff, 0x5b, 0xff, 0x1a, 0xf7, 0x3a, 0xff, 0x5b,
  0xff, 0x5b, 0xff, 0x3a, 0xff, 0x3b, 0xff, 0x3a, 0xff, 0x5b, 0xff, 0x3a,
  0xff, 0x5b, 0xff, 0x3a, 0xff, 0x3b, 0xff, 0x3a, 0xff, 0x5b, 0xff, 0x3a,
  0xf7, 0x5b, 0xff, 0x5a, 0xf7, 0x1a, 0xff, 0x1a, 0xf7, 0x1a, 0xff, 0x5b,
  0xff, 0x5b, 0xff, 0x19, 0x9d, 0xb6, 0xa5, 0xd6, 0x96, 0x3a, 0x8d, 0xd8,
  0x95, 0x54, 0xb6, 0x37, 0xff, 0x7b, 0xff, 0x3a, 0xff, 0x5b, 0xff, 0x5a,
  0xff, 0x5b, 0xff, 0x3a, 0xf7, 0x3b, 0xff, 0x5b, 0xf7, 0x3a, 0xff, 0x5b,
  0xff, 0x5b, 0xff, 0x3a, 0xff, 0x5b, 0xff, 0x5b, 0xf7, 0x3b, 0xff, 0x3a,
  0xff, 0x5b, 0xff, 0x5b, 0xff, 0x5b, 0xff, 0x3b, 0xf7, 0x3b, 0xff, 0x3b,
  0xff, 0x3a, 0xfe, 0xf9, 0xc5, 0x96, 0x9c, 0x71, 0x6b, 0x2f, 0x5a, 0x6c,
  0x7b, 0x71, 0x7b, 0x50, 0x5a, 0xee, 0x5a, 0xad, 0x5a, 0xef, 0x52, 0x8d,
  0x32, 0x0b, 0x31, 0xca, 0x52, 0xae, 0x4a, 0x4c, 0x4a, 0xad, 0x39, 0xea,
  0x3a, 0x2c, 0x52, 0xae, 0x31, 0xeb, 0x39, 0xeb, 0x31, 0xeb, 0x3a, 0x0b,
  0x31, 0xeb, 0x31, 0xca, 0x32, 0x0b, 0x31, 0xeb, 0x29, 0xea, 0x31, 0xea,
  0x3a, 0x0b, 0x3a, 0x0b, 0x3a, 0x4c, 0x3a, 0x0b, 0x42, 0x4c, 0x3a, 0x0b,
  0x3a, 0x0b, 0x52, 0x8d, 0x5a, 0xce, 0x4a, 0x2b, 0x32, 0x0b, 0x42, 0x4b,
  0x3a, 0x2b, 0x52, 0xad, 0x63, 0x0f, 0x5a, 0x8d, 0x42, 0x4c, 0x4a, 0x4b,
  0x5a, 0xee, 0x5a, 0xae, 0x4a, 0x6d, 0x42, 0x0b, 0x3a, 0x2b, 0x42, 0x2b,
  0x31, 0xeb, 0x42, 0x4c, 0x3a, 0x4c, 0x42, 0x4c, 0x42, 0x6c, 0x42, 0x4c,
  0x3a, 0x2c, 0x42, 0x4c, 0x42, 0x6d, 0x42, 0x0b, 0x3a, 0x0c, 0x42, 0x2b,
  0x42, 0x0b, 0x4a, 0x4b, 0xc3, 0xb0, 0xcb, 0xf1, 0xd3, 0xb1, 0xd3, 0x90,
  0xcb, 0xb1, 0xcb, 0x4f, 0xd4, 0x11, 0xfd, 0x15, 0x6a, 0x0b, 0x7a, 0x4c,
  0x73, 0x6f, 0xac, 0xd4, 0xff, 0x5c, 0xe6, 0x98, 0xc5, 0x95, 0xff, 0x5c,
  0xff, 0x5b, 0xff, 0x3a, 0xf7, 0x1b, 0xff, 0x5b, 0xff, 0x3b, 0xff, 0x5b,
  0xff, 0x5b, 0xff, 0x1a, 0xff, 0x3b, 0xff, 0x5b, 0xf7, 0x3a, 0xff, 0x1a,
  0xe6, 0xf9, 0xde, 0xf9, 0xff, 0x9d, 0xff, 0xde, 0xff, 0xbe, 0xff, 0x9e,
  0xff, 0xbe, 0xff, 0x9e, 0xff, 0x9d, 0xff, 0xbe, 0xff, 0xbd, 0xff, 0xbe,
  0xff, 0x9d, 0xff, 0xbe, 0xff, 0xbd, 0xff, 0xbe, 0xff, 0x9d, 0xff, 0xbe,
  0xff, 0x9d, 0xff, 0x9d, 0xff, 0x9d, 0xff, 0x9d, 0xff, 0x9d, 0xff, 0xbe,
  0xff, 0x9d, 0xff, 0x9d, 0xff, 0x9d, 0xff, 0xbd, 0xff, 0x9d, 0xff, 0x9d,
  0xff, 0xbd, 0xff, 0xbe, 0xff, 0x9d, 0xf7, 0x9d, 0xff, 0x9d, 0xff, 0xbd,
  0xff, 0x9d, 0xf7, 0x7d, 0xff, 0x7d, 0xff, 0x9d, 0xff, 0x9d, 0xff, 0xbd,
  0xff, 0x7c, 0xff, 0x9d, 0xff, 0x9d, 0xff, 0x9d, 0xf7, 0x7c, 0xef, 0x5c,
  0xe7, 0x1a, 0xdf, 0x1a, 0xe7, 0x1a, 0xef, 0x5b, 0xf7, 0x7c, 0xf7, 0x9d,
  0xff, 0x5c, 0xff, 0x7d, 0xf7, 0x5c, 0xff, 0x9d, 0xf7, 0x5c, 0xf7, 0x5c,
  0xff, 0x7c, 0xf7, 0x7d, 0xff, 0x5c, 0xf7, 0x7c, 0xff, 0x5c, 0xf7, 0x7d,
  0xf7, 0x7c, 0xef, 0x5c, 0xce, 0x77, 0xce, 0xd9, 0xde, 0xf9, 0xdf, 0x1a,
  0xe7, 0x1a, 0xe7, 0x1a, 0xe7, 0x1a, 0xde, 0xfa, 0xd6, 0xd9, 0xd6, 0xd9,
  0xde, 0x76, 0xef, 0x3a, 0xff, 0x7a, 0xff, 0x5a, 0xff, 0x5a, 0xff, 0x5b,
  0xff, 0x3a, 0xff, 0x5b, 0xff, 0x3a, 0xff, 0x3a, 0xff, 0x5a, 0xff, 0x5b,
  0xff, 0x3a, 0xff, 0x5a, 0xff, 0x5a, 0xff, 0x5b, 0xff, 0x3a, 0xff, 0x5b,
  0xff, 0x3a, 0xff, 0x3a, 0xff, 0x3a, 0xff, 0x3a, 0xff, 0x3a, 0xff, 0x3a,
  0xff, 0x3a, 0xff, 0x5b, 0xff, 0x5a, 0xff, 0x3a, 0xff, 0x3a, 0xff, 0x5b,
  0xff, 0x3a, 0xf7, 0x3a, 0xff, 0x3a, 0xff, 0x5b, 0xff, 0x3a, 0xff, 0x7b,
  0xff, 0x3a, 0xf7, 0x19, 0xb6, 0x57, 0x9d, 0xb5, 0x95, 0xd7, 0x95, 0xf8,
  0x95, 0x94, 0x85, 0x74, 0xee, 0xd8, 0xff, 0x5a, 0xff, 0x3a, 0xff, 0x5b,
  0xff, 0x3a, 0xf7, 0x3a, 0xff, 0x3a, 0xff, 0x3a, 0xff, 0x5a, 0xff, 0x5b,
  0xff, 0x3a, 0xff, 0x5b, 0xff, 0x5a, 0xff, 0x5a, 0xff, 0x5a, 0xff, 0x3a,
  0xff, 0x1a, 0xff, 0x5b, 0xff, 0x5a, 0xff, 0x3a, 0xff, 0x3a, 0xff, 0x5b,
  0xff, 0x3b, 0xde, 0x37, 0x8b, 0xf0, 0x63, 0x0d, 0x6a, 0xee, 0x6b, 0x2f,
  0x6b, 0x0e, 0x73, 0x4f, 0x62, 0xcd, 0x52, 0x8c, 0x5a, 0xad, 0x3a, 0x0b,
  0x31, 0xca, 0x3a, 0x4c, 0x52, 0x6c, 0x4a, 0x6c, 0x42, 0x2b, 0x39, 0xea,
  0x52, 0xad, 0x3a, 0x0b, 0x31, 0xca, 0x31, 0xeb, 0x3a, 0x0b, 0x32, 0x0b,
  0x39, 0xea, 0x31, 0xea, 0x39, 0xea, 0x3a, 0x2b, 0x32, 0x0a, 0x32, 0x2b,
  0x42, 0x0b, 0x4a, 0x6c, 0x4a, 0x6c, 0x3a, 0x0b, 0x39, 0xea, 0x4a, 0xad,
  0x6a, 0xef, 0x5a, 0x8d, 0x3a, 0x0a, 0x3a, 0x0b, 0x52, 0x4c, 0x62, 0xee,
  0x6a, 0xee, 0x62, 0xef, 0x4a, 0x4b, 0x4a, 0x6c, 0x5a, 0x8d, 0x6b, 0x0f,
  0x52, 0x8c, 0x42, 0x4c, 0x42, 0x0a, 0x3a, 0x2b, 0x4a, 0x4b, 0x4a, 0x8d,
  0x3a, 0x0a, 0x42, 0x6c, 0x4a, 0x4c, 0x42, 0x0b, 0x42, 0x0b, 0x42, 0x4c,
  0x42, 0x2b, 0x3a, 0x0a, 0x39, 0xea, 0x32, 0x0b, 0x32, 0x0a, 0x2a, 0x0a,
  0x39, 0xa9, 0x39, 0xea, 0xb3, 0x0e, 0xd4, 0x12, 0xe4, 0x31, 0xdc, 0x31,
  0xdc, 0x72, 0xec, 0xf4, 0xe4, 0x10, 0xe4, 0x31, 0x92, 0xad, 0x71, 0xc9,
  0x7b, 0x2e, 0xb5, 0x56, 0xde, 0x37, 0xc5, 0x95, 0xff, 0x3a, 0xff, 0x7b,
  0xff, 0x3a, 0xff, 0x3a, 0xff, 0x3b, 0xff, 0x3b, 0xff, 0x5a, 0xff, 0x5b,
  0xff, 0x5a, 0xff, 0x5b, 0xff, 0x3a, 0xff, 0x5b, 0xff, 0x5a, 0xff, 0x5a,
  0xd6, 0xd9, 0xe7, 0x3a, 0xff, 0xdf, 0xff, 0xbe, 0xff, 0xbe, 0xff, 0x9e,
  0xff, 0xbe, 0xff, 0x9e, 0xff, 0xbe, 0xff, 0x7d, 0xff, 0xbe, 0xff, 0xbe,
  0xf7, 0x7d, 0xff, 0xbe, 0xff, 0xbe, 0xff, 0x9d, 0xf7, 0x9e, 0xff, 0x7d,
  0xf7, 0x9d, 0xff, 0x9d, 0xff, 0x9e, 0xff, 0x9d, 0xf7, 0x9d, 0xff, 0x7d,
  0xff, 0xbe, 0xff, 0x9d, 0xf7, 0x9d, 0xff, 0x9d, 0xff, 0xbe, 0xff, 0x9d,
  0xff, 0xbe, 0xff, 0x9d, 0xff, 0x9e, 0xff, 0x7d, 0xf7, 0x9d, 0xf7, 0x5c,
  0xff, 0x9d, 0xff, 0x7d, 0xff, 0x9e, 0xff, 0x7d, 0xf7, 0x9d, 0xff, 0x7d,
  0xf7, 0x9d, 0xf7, 0x7c, 0xe7, 0x5c, 0xde, 0xfa, 0xdf, 0x1a, 0xe7, 0x5b,
  0xef, 0x5c, 0xf7, 0x7c, 0xf7, 0x9d, 0xf7, 0x7c, 0xf7, 0x7d, 0xff, 0x7c,
  0xf7, 0x7d, 0xff, 0x7c, 0xf7, 0x7d, 0xf7, 0x5c, 0xf7, 0x7d, 0xf7, 0x5c,
  0xef, 0x5c, 0xf7, 0x5c, 0xff, 0x9e, 0xf7, 0x3c, 0xf7, 0x7d, 0xff, 0x7d,
  0xef, 0x9c, 0xde, 0xfa, 0xc6, 0x98, 0xd6, 0xf9, 0xdf, 0x1b, 0xde, 0xfa,
  0xde, 0xfa, 0xe7, 0x1a, 0xd6, 0xd9, 0xd6, 0x98, 0xd6, 0xf9, 0xce, 0x77,
  0xee, 0xf9, 0xff, 0x3a, 0xff, 0x5b, 0xff, 0x5a, 0xff, 0x5b, 0xff, 0x3b,
  0xff, 0x5b, 0xff, 0x3b, 0xf7, 0x3a, 0xff, 0x3a, 0xff, 0x5b, 0xff, 0x5b,
  0xff, 0x5b, 0xff, 0x5b, 0xff, 0x5b, 0xff, 0x3a, 0xff, 0x3b, 0xff, 0x3a,
  0xff, 0x5b, 0xff, 0x3a, 0xff, 0x5b, 0xff, 0x1a, 0xff, 0x5b, 0xff, 0x5b,
  0xff, 0x5b, 0xff, 0x3a, 0xff, 0x5b, 0xff, 0x3a, 0xff, 0x3b, 0xff, 0x3a,
  0xff, 0x5b, 0xff, 0x1a, 0xff, 0x3b, 0xff, 0x3a, 0xf7, 0x3b, 0xff, 0x3b,
  0xff, 0x5a, 0xff, 0x3a, 0xce, 0xd9, 0xa5, 0x73, 0x95, 0xf7, 0x9d, 0xf7,
  0x8d, 0xf7, 0x85, 0x95, 0xd6, 0x57, 0xff, 0x7b, 0xff, 0x5b, 0xff, 0x3b,
  0xf7, 0x5b, 0xff, 0x3a, 0xf7, 0x3a, 0xff, 0x1a, 0xff, 0x3b, 0xff, 0x3a,
  0xff, 0x5b, 0xff, 0x5b, 0xf7, 0x3b, 0xff, 0x3a, 0xff, 0x5b, 0xff, 0x3a,
  0xff, 0x3b, 0xff, 0x5b, 0xff, 0x5b, 0xff, 0x5b, 0xff, 0x5b, 0xff, 0x3a,
  0xd6, 0x59, 0x94, 0x30, 0x4a, 0x6c, 0x6b, 0x2f, 0x73, 0x50, 0x62, 0xad,
  0x63, 0x0f, 0x52, 0x8d, 0x4a, 0x6d, 0x5a, 0xad, 0x42, 0x6d, 0x31, 0xca,
  0x31, 0xeb, 0x52, 0xad, 0x3a, 0x2c, 0x4a, 0x6c, 0x29, 0xaa, 0x52, 0xad,
  0x32, 0x2b, 0x31, 0xca, 0x31, 0xeb, 0x31, 0xea, 0x31, 0xeb, 0x42, 0x2b,
  0x32, 0x0b, 0x31, 0xca, 0x2a, 0x0b, 0x32, 0x0b, 0x31, 0xeb, 0x42, 0x4c,
  0x3a, 0x0b, 0x42, 0x4c, 0x3a, 0x2b, 0x39, 0xca, 0x52, 0x8e, 0x63, 0x0f,
  0x42, 0x6c, 0x31, 0xca, 0x3a, 0x0b, 0x52, 0x8d, 0x6a, 0xef, 0x73, 0x0f,
  0x5a, 0xae, 0x5a, 0x6d, 0x62, 0xef, 0x62, 0xee, 0x4a, 0xad, 0x39, 0xea,
  0x3a, 0x0b, 0x52, 0xad, 0x4a, 0x8d, 0x4a, 0x4c, 0x42, 0x4c, 0x42, 0x2b,
  0x3a, 0x0b, 0x3a, 0x0b, 0x31, 0xeb, 0x31, 0xea, 0x31, 0xeb, 0x3a, 0x0b,
  0x3a, 0x0b, 0x39, 0xca, 0x31, 0xeb, 0x31, 0xca, 0x31, 0xeb, 0x31, 0xcb,
  0x31, 0xeb, 0x31, 0xeb, 0x9b, 0x0d, 0xc4, 0x31, 0xdc, 0x31, 0xd3, 0xaf,
  0xd4, 0x92, 0xfe, 0x79, 0xf5, 0x34, 0xd4, 0x0f, 0xed, 0xd9, 0x71, 0xe8,
  0x52, 0x8c, 0xa4, 0xd5, 0xb5, 0x13, 0xf7, 0x1a, 0xff, 0xbd, 0xff, 0x5b,
  0xff, 0x7c, 0xff, 0x3b, 0xf7, 0x1b, 0xff, 0x1a, 0xff, 0x3b, 0xff, 0x3a,
  0xff, 0x5b, 0xff, 0x5b, 0xf7, 0x3b, 0xff, 0x3a, 0xff, 0x5b, 0xff, 0x3a,
  0xe6, 0xf9, 0xf7, 0xdd, 0xff, 0xbe, 0xff, 0xbe, 0xff, 0x9d, 0xff, 0xde,
  0xff, 0xbe, 0xff, 0xbe, 0xff, 0x9d, 0xff, 0x9e, 0xff, 0xbd, 0xff, 0xbe,
  0xff, 0x9d, 0xf7, 0x9d, 0xff, 0x9d, 0xff, 0x9d, 0xff, 0xbd, 0xff, 0x9d,
  0xff, 0x9d, 0xff, 0xbe, 0xff, 0xbd, 0xff, 0x9d, 0xff, 0x9d, 0xff, 0xbe,
  0xff, 0xbd, 0xff, 0xbe, 0xff, 0x9c, 0xf7, 0x9d, 0xff, 0x9d, 0xff, 0xbe,
  0xff, 0x9d, 0xff, 0x9d, 0xff, 0x9d, 0xff, 0x9e, 0xff, 0x9d, 0xf7, 0x7d,
  0xff, 0x9d, 0xff, 0xbd, 0xff, 0x9c, 0xf7, 0xbd, 0xf7, 0x9c, 0xef, 0x7c,
  0xe7, 0x3a, 0xdf, 0x3a, 0xe6, 0xfa, 0xe7, 0x3b, 0xf7, 0x5c, 0xff, 0xbd,
  0xff, 0x9c, 0xff, 0x9d, 0xff, 0x5c, 0xf7, 0x7d, 0xff, 0x7c, 0xf7, 0x7c,
  0xff, 0x7c, 0xf7, 0x7c, 0xff, 0x7c, 0xf7, 0x9d, 0xff, 0x7c, 0xf7, 0x7c,
  0xff, 0x5c, 0xf7, 0x7d, 0xf7, 0x5c, 0xf7, 0x5c, 0xf7, 0x3b, 0xf7, 0x5c,
  0xef, 0x5b, 0xd6, 0xf9, 0xd6, 0xd9, 0xd6, 0xf9, 0xe6, 0xfa, 0xd6, 0xd9,
  0xe7, 0x1a, 0xde, 0xd9, 0xce, 0x98, 0xd6, 0xfa, 0xd6, 0x76, 0xe7, 0x19,
  0xff, 0x3a, 0xff, 0x3a, 0xff, 0x3a, 0xff, 0x5b, 0xff, 0x3a, 0xff, 0x3a,
  0xff, 0x5a, 0xff, 0x5b, 0xff, 0x3a, 0xff, 0x3a, 0xff, 0x5a, 0xff, 0x5b,
  0xff, 0x5a, 0xff, 0x5b, 0xff, 0x5a, 0xff, 0x3a, 0xff, 0x3a, 0xff, 0x3a,
  0xff, 0x3a, 0xff, 0x5b, 0xff, 0x5a, 0xff, 0x5a, 0xff, 0x3a, 0xff, 0x5b,
  0xff, 0x3a, 0xff, 0x3a, 0xff, 0x3a, 0xff, 0x5b, 0xff, 0x5a, 0xff, 0x5b,
  0xff, 0x5a, 0xff, 0x5b, 0xff, 0x5a, 0xff, 0x7b, 0xff, 0x1a, 0xf7, 0x3a,
  0xff, 0x39, 0xff, 0x5a, 0xef, 0x5a, 0xb5, 0xd4, 0x95, 0xb5, 0x9e, 0x38,
  0x95, 0xf7, 0x7d, 0x75, 0xbd, 0xb4, 0xef, 0x7c, 0xff, 0x5a, 0xff, 0x3a,
  0xff, 0x3a, 0xff, 0x7b, 0xff, 0x3a, 0xff, 0x5b, 0xff, 0x3a, 0xff, 0x5b,
  0xff, 0x5a, 0xff, 0x5b, 0xff, 0x3a, 0xff, 0x5b, 0xff, 0x3a, 0xff, 0x5b,
  0xff, 0x19, 0xff, 0x5b, 0xff, 0x5a, 0xff, 0x5b, 0xff, 0x3a, 0xf6, 0xf9,
  0x8c, 0x10, 0x52, 0x6a, 0x73, 0x2f, 0x7b, 0x91, 0x73, 0x2f, 0x6b, 0x2f,
  0x52, 0xad, 0x4a, 0x6c, 0x5a, 0xce, 0x4a, 0x6d, 0x3a, 0x2b, 0x29, 0xca,
  0x4a, 0x6c, 0x4a, 0x8d, 0x4a, 0x8c, 0x31, 0xca, 0x4a, 0x4c, 0x42, 0x6c,
  0x31, 0xca, 0x32, 0x0b, 0x31, 0xea, 0x32, 0x0b, 0x31, 0xca, 0x3a, 0x0b,
  0x3a, 0x0a, 0x31, 0xea, 0x31, 0xea, 0x2a, 0x0a, 0x39, 0xea, 0x3a, 0x2b,
  0x42, 0x4b, 0x42, 0x4c, 0x4a, 0x4c, 0x5b, 0x0f, 0x52, 0x8c, 0x3a, 0x2b,
  0x3a, 0x0a, 0x3a, 0x4b, 0x5a, 0xad, 0x63, 0x2f, 0x5a, 0xad, 0x5a, 0xcd,
  0x5a, 0xad, 0x52, 0x8d, 0x52, 0x4c, 0x42, 0x0a, 0x3a, 0x0a, 0x3a, 0x2b,
  0x42, 0x2b, 0x42, 0x6c, 0x39, 0xea, 0x42, 0x4c, 0x3a, 0x0b, 0x3a, 0x0b,
  0x3a, 0x0a, 0x32, 0x0a, 0x31, 0xca, 0x32, 0x0b, 0x31, 0xea, 0x3a, 0x4c,
  0x3a, 0x2b, 0x32, 0x0b, 0x31, 0xea, 0x32, 0x2b, 0x3a, 0x0a, 0x32, 0x0b,
  0x31, 0xea, 0x29, 0xca, 0x7a, 0x09, 0xbc, 0x52, 0xec, 0x30, 0xec, 0x71,
  0xdc, 0x91, 0xfd, 0xd6, 0xfe, 0x98, 0xd4, 0xf2, 0xfe, 0x39, 0xa3, 0x6e,
  0x21, 0x05, 0x63, 0x0e, 0xd5, 0xf6, 0xde, 0x78, 0xe6, 0x57, 0xee, 0xd9,
  0xee, 0xb8, 0xff, 0x5b, 0xff, 0x5a, 0xff, 0x5a, 0xff, 0x3a, 0xff, 0x5a,
  0xff, 0x5a, 0xff, 0x5b, 0xff, 0x3a, 0xff, 0x5b, 0xff, 0x3a, 0xff, 0x5b,
  0xef, 0x5c, 0xff, 0xde, 0xff, 0xbe, 0xff, 0x9d, 0xff, 0xbe, 0xff, 0x9e,
  0xff, 0xbe, 0xff, 0x9e, 0xff, 0xbf, 0xff, 0xbe, 0xff, 0xbe, 0xff, 0x9d,
  0xff, 0x9e, 0xff, 0x9d, 0xff, 0xbe, 0xff, 0xbe, 0xff, 0xbe, 0xff, 0xbe,
  0xff, 0xbe, 0xff, 0x9d, 0xf7, 0x9e, 0xff, 0x9d, 0xf7, 0x9e, 0xff, 0x9d,
  0xff, 0x9e, 0xff, 0x9d, 0xff, 0xbe, 0xff, 0x7d, 0xff, 0x9e, 0xff, 0x9d,
  0xf7, 0x7d, 0xff, 0x7c, 0xff, 0x9d, 0xff, 0x9d, 0xf7, 0x9d, 0xff, 0x7d,
  0xf7, 0x9d, 0xff, 0x9d, 0xe7, 0x3b, 0xe6, 0xf9, 0xdf, 0x1a, 0xdf, 0x19,
  0xde, 0xfa, 0xf7, 0x7c, 0xf7, 0x9d, 0xff, 0x7c, 0xf7, 0x9d, 0xff, 0x7d,
  0xf7, 0x9d, 0xff, 0x7d, 0xf7, 0x7d, 0xff, 0x7c, 0xf7, 0x7d, 0xff, 0x7c,
  0xf7, 0x7d, 0xff, 0x7c, 0xf7, 0x7d, 0xff, 0x7c, 0xf7, 0x7d, 0xff, 0x7c,
  0xf7, 0x9d, 0xff, 0x7d, 0xf7, 0x5d, 0xf7, 0x5c, 0xf7, 0x7d, 0xf7, 0x5c,
  0xe7, 0x5b, 0xce, 0x98, 0xd7, 0x1a, 0xde, 0xf9, 0xdf, 0x1a, 0xe6, 0xfa,
  0xd6, 0xb9, 0xde, 0xd9, 0xce, 0xfa, 0xc6, 0x57, 0xe6, 0xd8, 0xff, 0x7a,
  0xff, 0x3a, 0xff, 0x3a, 0xff, 0x5b, 0xff, 0x3a, 0xff, 0x5b, 0xff, 0x3a,
  0xff, 0x3b, 0xff, 0x3a, 0xff, 0x5b, 0xff, 0x3a, 0xff, 0x5b, 0xff, 0x5b,
  0xff, 0x5b, 0xff, 0x3a, 0xff, 0x5b, 0xff, 0x3a, 0xff, 0x5b, 0xff, 0x5b,
  0xff, 0x3b, 0xff, 0x3a, 0xff, 0x5b, 0xff, 0x3a, 0xff, 0x5b, 0xff, 0x3a,
  0xff, 0x3b, 0xff, 0x1a, 0xff, 0x3b, 0xff, 0x3a, 0xff, 0x5b, 0xff, 0x3a,
  0xf7, 0x1a, 0xff, 0x5b, 0xff, 0x3b, 0xff, 0x1a, 0xf7, 0x1a, 0xff, 0x3a,
  0xff, 0x3b, 0xff, 0x3a, 0xf7, 0x9b, 0xce, 0x15, 0x85, 0x55, 0x9d, 0xf7,
  0x95, 0xd8, 0x8d, 0x96, 0xa5, 0x74, 0xdf, 0x1a, 0xff, 0x7b, 0xff, 0x3a,
  0xf7, 0x1a, 0xff, 0x1a, 0xff, 0x5b, 0xff, 0x3a, 0xff, 0x5b, 0xff, 0x3a,
  0xff, 0x5b, 0xff, 0x3a, 0xff, 0x5b, 0xff, 0x3a, 0xff, 0x5b, 0xff, 0x5b,
  0xf7, 0x3a, 0xff, 0x3a, 0xff, 0x5b, 0xff, 0x3a, 0xf7, 0x1b, 0xcd, 0x95,
  0x5a, 0xcd, 0x6a, 0xed, 0x7b, 0x70, 0x7b, 0x50, 0x73, 0x50, 0x62, 0xad,
  0x52, 0xae, 0x5a, 0xce, 0x42, 0x8d, 0x31, 0xaa, 0x29, 0xeb, 0x32, 0x0b,
  0x4a, 0x8d, 0x4a, 0x4c, 0x3a, 0x2c, 0x31, 0xca, 0x4a, 0xae, 0x31, 0xa9,
  0x31, 0xeb, 0x31, 0xea, 0x32, 0x0b, 0x31, 0xca, 0x31, 0xca, 0x31, 0xca,
  0x32, 0x2b, 0x31, 0xca, 0x31, 0xeb, 0x3a, 0x0b, 0x32, 0x2b, 0x3a, 0x2b,
  0x42, 0x2c, 0x52, 0x8d, 0x63, 0x30, 0x41, 0xeb, 0x32, 0x0b, 0x42, 0x6c,
  0x5a, 0x8d, 0x62, 0xce, 0x52, 0xad, 0x5a, 0x8d, 0x5a, 0xce, 0x5a, 0xae,
  0x3a, 0x2c, 0x3a, 0x0b, 0x42, 0x6d, 0x42, 0x4b, 0x42, 0x4c, 0x39, 0xea,
  0x3a, 0x2c, 0x3a, 0x0b, 0x29, 0xea, 0x3a, 0x0b, 0x32, 0x0b, 0x3a, 0x2b,
  0x32, 0x0b, 0x31, 0xea, 0x32, 0x0b, 0x31, 0xeb, 0x3a, 0x0b, 0x39, 0xeb,
  0x29, 0xea, 0x29, 0xaa, 0x29, 0xea, 0x32, 0x0b, 0x3a, 0x2b, 0x31, 0xc9,
  0x21, 0xca, 0x29, 0xca, 0x51, 0xc9, 0xac, 0x53, 0xe4, 0x92, 0xf4, 0xd3,
  0xcc, 0x51, 0xec, 0xf4, 0xfe, 0x79, 0xdc, 0x91, 0xd4, 0x12, 0xbb, 0x4e,
  0x29, 0x68, 0x31, 0x68, 0x7b, 0xaf, 0xd6, 0x38, 0xde, 0x77, 0xe6, 0x57,
  0xde, 0x98, 0xe6, 0x78, 0xe6, 0xb9, 0xff, 0x3b, 0xff, 0x5b, 0xff, 0x3a,
  0xf7, 0x3b, 0xff, 0x3a, 0xff, 0x5b, 0xff, 0x3a, 0xff, 0x5b, 0xff, 0x5b,
  0xff, 0x9d, 0xff, 0xde, 0xff, 0x9d, 0xf7, 0x7d, 0xff, 0x9d, 0xff, 0xbe,
  0xff, 0x9d, 0xff, 0xbe, 0xff, 0xbe, 0xff, 0xde, 0xff, 0x9d, 0xff, 0xbe,
  0xff, 0xbd, 0xff, 0x9d, 0xff, 0x9d, 0xff, 0xbd, 0xff, 0x9d, 0xff, 0xbd,
  0xff, 0x9d, 0xff, 0x9d, 0xff, 0x9d, 0xff, 0xde, 0xff, 0x7c, 0xf7, 0x9d,
  0xff, 0x7d, 0xff, 0xbd, 0xff, 0xde, 0xff, 0xbe, 0xff, 0x9d, 0xf7, 0x9d,
  0xff, 0x9d, 0xff, 0xbe, 0xf7, 0x7c, 0xf7, 0x9c, 0xf7, 0x7b, 0xef, 0x5b,
  0xef, 0x5a, 0xdf, 0x19, 0xde, 0xf9, 0xe7, 0x3a, 0xef, 0x3b, 0xf7, 0x9d,
  0xff, 0x7c, 0xff, 0x9d, 0xff, 0x9d, 0xf7, 0x9d, 0xff, 0xbd, 0xf7, 0x9d,
  0xff, 0x7c, 0xff, 0x9d, 0xff, 0x9c, 0xff, 0x9d, 0xff, 0x7c, 0xf7, 0x7c,
  0xf7, 0x3b, 0xf7, 0x7c, 0xff, 0x7c, 0xf7, 0x7c, 0xff, 0x7c, 0xff, 0x9d,
  0xff, 0x9d, 0xf7, 0x7d, 0xff, 0x7c, 0xf7, 0x7d, 0xf7, 0x5b, 0xef, 0x5c,
  0xde, 0xf9, 0xce, 0xd9, 0xe6, 0xf9, 0xe7, 0x3b, 0xe6, 0xfa, 0xd6, 0x98,
  0xde, 0xf9, 0xdf, 0x1a, 0xc6, 0x35, 0xde, 0xf8, 0xff, 0x3a, 0xff, 0x3a,
  0xff, 0x5a, 0xff, 0x5a, 0xff, 0x3a, 0xff, 0x3a, 0xff, 0x3a, 0xff, 0x3a,
  0xff, 0x5a, 0xff, 0x7b, 0xff, 0x3a, 0xff, 0x3a, 0xff, 0x3a, 0xff, 0x5a,
  0xff, 0x5a, 0xff, 0x5b, 0xff, 0x3a, 0xff, 0x5b, 0xff, 0x3a, 0xff, 0x5b,
  0xff, 0x5a, 0xff, 0x5a, 0xff, 0x3a, 0xff, 0x5b, 0xff, 0x3a, 0xff, 0x5b,
  0xff, 0x5b, 0xff, 0x5b, 0xff, 0x5a, 0xff, 0x5b, 0xff, 0x5a, 0xff, 0x7b,
  0xff, 0x3a, 0xff, 0x5b, 0xff, 0x3a, 0xff, 0x3a, 0xff, 0x3a, 0xff, 0x5a,
  0xff, 0x1a, 0xff, 0x3b, 0xff, 0x5a, 0xde, 0x97, 0x9d, 0xb5, 0x9d, 0xf7,
  0xa6, 0x18, 0x9e, 0x18, 0x9d, 0x73, 0xc6, 0xb9, 0xff, 0x5a, 0xff, 0x5a,
  0xff, 0x3a, 0xff, 0x3a, 0xff, 0x3a, 0xff, 0x5b, 0xff, 0x3a, 0xff, 0x5b,
  0xff, 0x3a, 0xff, 0x5b, 0xff, 0x3a, 0xff, 0x5b, 0xff, 0x5a, 0xff, 0x3a,
  0xff, 0x3a, 0xff, 0x5a, 0xff, 0x3a, 0xff, 0x7b, 0xe6, 0x99, 0x94, 0x0f,
  0x62, 0xad, 0x7b, 0xb1, 0x7b, 0x6f, 0x83, 0xb1, 0x6a, 0xee, 0x63, 0x0e,
  0x62, 0xce, 0x5a, 0xce, 0x3a, 0x0b, 0x32, 0x0b, 0x31, 0xa9, 0x42, 0x6d,
  0x4a, 0x4c, 0x4a, 0x8d, 0x31, 0xa9, 0x52, 0xad, 0x3a, 0x0b, 0x29, 0xca,
  0x3a, 0x0a, 0x31, 0xea, 0x39, 0xea, 0x29, 0xca, 0x31, 0xea, 0x32, 0x0b,
  0x31, 0xca, 0x31, 0xea, 0x42, 0x0b, 0x4a, 0x8d, 0x3a, 0x2b, 0x32, 0x0b,
  0x62, 0xce, 0x63, 0x0f, 0x42, 0x0b, 0x31, 0xea, 0x42, 0x2b, 0x52, 0xce,
  0x73, 0x0f, 0x6a, 0xef, 0x62, 0xad, 0x6b, 0x0f, 0x5a, 0xad, 0x42, 0x0b,
  0x39, 0xca, 0x3a, 0x2b, 0x4a, 0x8c, 0x4a, 0xad, 0x42, 0x0b, 0x31, 0xea,
  0x39, 0xea, 0x32, 0x0b, 0x31, 0xea, 0x32, 0x0b, 0x3a, 0x0b, 0x32, 0x0b,
  0x3a, 0x0a, 0x32, 0x0b, 0x31, 0xca, 0x31, 0xea, 0x39, 0xea, 0x3a, 0x2b,
  0x4a, 0x6c, 0x4a, 0x8d, 0x52, 0x6c, 0x52, 0x8d, 0x62, 0x8c, 0x73, 0x2f,
  0x8b, 0xb1, 0x7b, 0x91, 0x8a, 0xed, 0x93, 0x70, 0xd3, 0xcf, 0xdc, 0x31,
  0xd3, 0xf0, 0xdc, 0x72, 0xfe, 0x38, 0xe4, 0xb2, 0xe3, 0xb0, 0xd3, 0x6f,
  0x49, 0xc9, 0x39, 0x68, 0x41, 0xe9, 0xa5, 0x36, 0xf6, 0xd8, 0xf6, 0xf9,
  0xde, 0x57, 0xf7, 0x3a, 0xee, 0xb9, 0xde, 0x58, 0xff, 0x5b, 0xff, 0x5b,
  0xff, 0x39, 0xff, 0x5a, 0xff, 0x3a, 0xff, 0x5b, 0xff, 0x5b, 0xff, 0x5a,
  0xff, 0xbf, 0xff, 0xbe, 0xff, 0xbe, 0xff, 0x7d, 0xff, 0xbe, 0xff, 0x9e,
  0xff, 0xbe, 0xff, 0x9e, 0xff, 0xbe, 0xff, 0x9e, 0xff, 0x9e, 0xff, 0x9d,
  0xff, 0xbe, 0xff, 0x7d, 0xff, 0xbe, 0xff, 0x9d, 0xff, 0xbe, 0xff, 0xbe,
  0xf7, 0x9d, 0xff, 0x9d, 0xff, 0x9e, 0xff, 0x9d, 0xff, 0xbe, 0xff, 0x9d,
  0xff, 0xbe, 0xff, 0x7d, 0xff, 0xbe, 0xff, 0xbe, 0xff, 0xde, 0xff, 0x9d,
  0xf7, 0x9d, 0xff, 0x7c, 0xe7, 0x5b, 0xef, 0x5b, 0xe7, 0x3a, 0xe7, 0x19,
  0xdf, 0x1a, 0xe7, 0x19, 0xef, 0x7c, 0xf7, 0x9c, 0xff, 0x9e, 0xff, 0x7d,
  0xf7, 0x9d, 0xff, 0x9d, 0xf7, 0x7d, 0xf7, 0x5c, 0xf7, 0x9d, 0xff, 0x9d,
  0xff, 0x9d, 0xff, 0x7c, 0xf7, 0x9d, 0xff, 0x7d, 0xf7, 0x9d, 0xff, 0x7c,
  0xef, 0x5c, 0xff, 0x7d, 0xf7, 0x7d, 0xf7, 0x5c, 0xf7, 0x7d, 0xff, 0x7c,
  0xf7, 0x7d, 0xf7, 0x5c, 0xf7, 0x7d, 0xf7, 0x5c, 0xe7, 0x5c, 0xef, 0x5b,
  0xce, 0xb9, 0xd6, 0xd9, 0xe7, 0x3b, 0xe6, 0xd9, 0xce, 0x99, 0xde, 0xfa,
  0xd7, 0x1a, 0xc6, 0x56, 0xde, 0xb7, 0xf7, 0x59, 0xf7, 0x1a, 0xff, 0x3b,
  0xff, 0x5b, 0xff, 0x3a, 0xff, 0x3a, 0xff, 0x3a, 0xff, 0x5b, 0xff, 0x3a,
  0xff, 0x5b, 0xff, 0x5b, 0xff, 0x5b, 0xff, 0x3a, 0xff, 0x3b, 0xff, 0x3a,
  0xff, 0x5b, 0xff, 0x3a, 0xff, 0x3b, 0xff, 0x3a, 0xff, 0x5b, 0xff, 0x3a,
  0xff, 0x7b, 0xff, 0x3a, 0xff, 0x5b, 0xff, 0x5b, 0xff, 0x5b, 0xff, 0x3a,
  0xff, 0x3b, 0xff, 0x3a, 0xff, 0x5b, 0xff, 0x3a, 0xff, 0x5b, 0xff, 0x3a,
  0xff, 0x3b, 0xff, 0x3a, 0xff, 0x3b, 0xff, 0x3a, 0xff, 0x5b, 0xff, 0x19,
  0xf7, 0x1b, 0xff, 0x3b, 0xff, 0x5b, 0xf6, 0xf9, 0x9d, 0xd6, 0x9d, 0x95,
  0x96, 0x18, 0x9d, 0xf7, 0x8d, 0x75, 0xa6, 0x17, 0xff, 0x3b, 0xff, 0x1a,
  0xff, 0x5b, 0xff, 0x1a, 0xff, 0x3b, 0xff, 0x3a, 0xff, 0x5b, 0xff, 0x3a,
  0xff, 0x3b, 0xff, 0x3a, 0xff, 0x5b, 0xff, 0x3a, 0xff, 0x5b, 0xff, 0x5b,
  0xf7, 0x5b, 0xff, 0x3a, 0xff, 0x3a, 0xff, 0x3a, 0xcd, 0xf8, 0x6a, 0xcb,
  0x5a, 0xcf, 0x73, 0x71, 0x73, 0x50, 0x6a, 0xce, 0x73, 0x70, 0x62, 0xee,
  0x52, 0xae, 0x5a, 0x8d, 0x29, 0xeb, 0x31, 0xea, 0x3a, 0x0b, 0x4a, 0x8d,
  0x42, 0x6d, 0x42, 0x0b, 0x3a, 0x0b, 0x4a, 0x6c, 0x29, 0xca, 0x31, 0xea,
  0x29, 0xca, 0x31, 0xca, 0x31, 0xeb, 0x39, 0xeb, 0x32, 0x0b, 0x31, 0xea,
  0x31, 0xeb, 0x3a, 0x0b, 0x42, 0x6c, 0x42, 0x2b, 0x42, 0x0b, 0x52, 0x8d,
  0x52, 0xce, 0x39, 0xea, 0x42, 0x6c, 0x42, 0x4c, 0x4a, 0x4c, 0x5a, 0xad,
  0x52, 0x8d, 0x62, 0xee, 0x52, 0xad, 0x41, 0xea, 0x3a, 0x2c, 0x3a, 0x0b,
  0x3a, 0x0c, 0x4a, 0x4c, 0x31, 0xca, 0x39, 0xeb, 0x32, 0x2b, 0x3a, 0x2b,
  0x3a, 0x2c, 0x39, 0xea, 0x31, 0xeb, 0x31, 0xea, 0x31, 0xeb, 0x39, 0xea,
  0x32, 0x0b, 0x42, 0x0b, 0x42, 0x6d, 0x4a, 0x6c, 0x4a, 0x8d, 0x52, 0x6c,
  0x42, 0x6c, 0x3a, 0x0b, 0x4a, 0x2c, 0x73, 0x50, 0x9c, 0x13, 0xac, 0x54,
  0x8b, 0xf2, 0x72, 0xee, 0x62, 0x8d, 0x6a, 0xce, 0xcb, 0xf0, 0xe4, 0x72,
  0xdc, 0x71, 0xdc, 0x51, 0xed, 0x35, 0xc3, 0xef, 0xd3, 0xd0, 0xfc, 0xf4,
  0x62, 0x6d, 0x30, 0xc6, 0x39, 0xe9, 0x8c, 0x73, 0xd5, 0xd6, 0xfe, 0xfa,
  0xf7, 0x3c, 0xd5, 0xf6, 0xf7, 0x3b, 0xee, 0xb9, 0xde, 0x98, 0xff, 0x5b,
  0xf7, 0x3a, 0xff, 0x3a, 0xff, 0x5b, 0xff, 0x3a, 0xff, 0x5b, 0xff, 0x5b,
  0xff, 0xbe, 0xff, 0xdf, 0xff, 0xbd, 0xff, 0xbe, 0xff, 0xbe, 0xff, 0xbe,
  0xff, 0x9d, 0xff, 0xbe, 0xff, 0xbd, 0xff, 0xde, 0xff, 0xbd, 0xff, 0xbe,
  0xff, 0x9d, 0xff, 0x9d, 0xff, 0xbd, 0xff, 0xbe, 0xff, 0xbd, 0xff, 0xbe,
  0xff, 0xbd, 0xff, 0x9d, 0xff, 0x9d, 0xff, 0xbd, 0xff, 0xbd, 0xf7, 0x9d,
  0xff, 0x9d, 0xff, 0x9e, 0xff, 0x7c, 0xff, 0x9d, 0xff, 0x7b, 0xef, 0x5b,
  0xef, 0x5b, 0xef, 0x5b, 0xef, 0x39, 0xe7, 0x39, 0xe7, 0x3a, 0xe7, 0x3a,
  0xf7, 0x5b, 0xff, 0xbd, 0xff, 0x9c, 0xff, 0x9d, 0xff, 0x9c, 0xff, 0xbd,
  0xff, 0x7c, 0xff, 0x9d, 0xff, 0x7c, 0xff, 0x9d, 0xff, 0x7c, 0xff, 0x9d,
  0xff, 0x9c, 0xff, 0x9d, 0xff, 0x7c, 0xf7, 0x9d, 0xff, 0x7c, 0xf7, 0x7d,
  0xff, 0x5c, 0xf7, 0x7c, 0xff, 0x7c, 0xf7, 0x7d, 0xff, 0x7c, 0xf7, 0x7d,
  0xff, 0x7d, 0xf7, 0x7d, 0xf7, 0x5c, 0xf7, 0x7c, 0xef, 0x5b, 0xe7, 0x3b,
  0xce, 0x98, 0xdf, 0x3a, 0xe7, 0x19, 0xce, 0xb8, 0xde, 0xf9, 0xd6, 0xf9,
  0xc6, 0x35, 0xd6, 0xf8, 0xff, 0x3a, 0xf7, 0x1a, 0xff, 0x3a, 0xff, 0x3a,
  0xff, 0x1a, 0xff, 0x5b, 0xff, 0x5a, 0xf7, 0x3a, 0xff, 0x5a, 0xff, 0x7b,
  0xff, 0x5a, 0xff, 0x5b, 0xff, 0x3a, 0xff, 0x5b, 0xff, 0x3a, 0xff, 0x5b,
  0xff, 0x19, 0xff, 0x5b, 0xff, 0x3a, 0xff, 0x5b, 0xff, 0x5a, 0xff, 0x5b,
  0xff, 0x3a, 0xff, 0x5b, 0xff, 0x3a, 0xff, 0x5b, 0xff, 0x19, 0xff, 0x5a,
  0xff, 0x5a, 0xff, 0x5a, 0xff, 0x3a, 0xff, 0x5b, 0xff, 0x3a, 0xff, 0x5a,
  0xff, 0x3a, 0xff, 0x5b, 0xff, 0x5a, 0xf7, 0x3a, 0xff, 0x3a, 0xff, 0x3b,
  0xff, 0x3a, 0xf7, 0x1a, 0xff, 0x3a, 0xff, 0x5b, 0xb6, 0x36, 0x95, 0x74,
  0x9d, 0xf7, 0x95, 0xf7, 0x8d, 0x96, 0x85, 0x75, 0xee, 0xd8, 0xff, 0x7b,
  0xff, 0x1a, 0xff, 0x3b, 0xff, 0x3a, 0xff, 0x3a, 0xff, 0x5a, 0xff, 0x5b,
  0xff, 0x3a, 0xff, 0x5b, 0xff, 0x5a, 0xff, 0x7b, 0xff, 0x5a, 0xff, 0x5a,
  0xff, 0x5a, 0xff, 0x5b, 0xff, 0x3a, 0xf7, 0x1a, 0xac, 0xf4, 0x62, 0xcc,
  0x62, 0xcd, 0x73, 0x90, 0x73, 0x2f, 0x7b, 0x91, 0x62, 0xce, 0x4a, 0x4c,
  0x5a, 0xcd, 0x4a, 0x8c, 0x31, 0xca, 0x31, 0xeb, 0x39, 0xea, 0x3a, 0x4c,
  0x52, 0x8c, 0x31, 0xca, 0x52, 0xad, 0x31, 0xea, 0x31, 0xc9, 0x31, 0xea,
  0x31, 0xca, 0x31, 0xeb, 0x3a, 0x0a, 0x31, 0xea, 0x31, 0xca, 0x31, 0xea,
  0x39, 0xea, 0x3a, 0x2b, 0x4a, 0x4c, 0x31, 0xea, 0x5a, 0xad, 0x63, 0x0e,
  0x39, 0xe9, 0x42, 0x8c, 0x4a, 0x2b, 0x4a, 0x8d, 0x5a, 0xad, 0x52, 0x6c,
  0x62, 0xee, 0x52, 0x8d, 0x39, 0xea, 0x3a, 0x0b, 0x42, 0x0b, 0x3a, 0x0b,
  0x39, 0xea, 0x31, 0xea, 0x31, 0xea, 0x3a, 0x4b, 0x3a, 0x2b, 0x3a, 0x2b,
  0x3a, 0x0b, 0x3a, 0x0b, 0x3a, 0x0b, 0x31, 0xea, 0x31, 0xea, 0x29, 0xea,
  0x4a, 0x0a, 0x52, 0x8d, 0x52, 0x6c, 0x4a, 0x8c, 0x4a, 0x8c, 0x42, 0x6c,
  0x6a, 0xad, 0x94, 0x13, 0x9c, 0x13, 0x83, 0x70, 0x4a, 0x6c, 0x42, 0x2b,
  0x3a, 0x0a, 0x32, 0x0b, 0x41, 0xea, 0x42, 0x2c, 0xb3, 0x4d, 0xcc, 0x31,
  0xe4, 0x51, 0xe4, 0x52, 0xed, 0x13, 0xe4, 0xf3, 0xe3, 0xf1, 0xe3, 0xf1,
  0x7a, 0x4b, 0x49, 0x07, 0x41, 0xe8, 0xad, 0x97, 0xcd, 0x94, 0xe6, 0x98,
  0xff, 0x7b, 0xf6, 0xf9, 0xde, 0x36, 0xff, 0x5b, 0xe6, 0x77, 0xff, 0x3b,
  0xff, 0x3a, 0xff, 0x5a, 0xff, 0x5a, 0xff, 0x5b, 0xff, 0x5a, 0xff, 0x5b,
  0xff, 0xdf, 0xff, 0xbe, 0xff, 0xbe, 0xff, 0x9e, 0xff, 0xbe, 0xff, 0x9e,
  0xff, 0x9e, 0xff, 0x9e, 0xff, 0xbe, 0xff, 0x9d, 0xff, 0xbe, 0xff, 0xbe,
  0xff, 0xbe, 0xff, 0x9d, 0xf7, 0x9d, 0xff, 0x9d, 0xff, 0xbe, 0xff, 0x9d,
  0xf7, 0x9e, 0xff, 0x9d, 0xff, 0xbe, 0xff, 0x9d, 0xf7, 0x9e, 0xff, 0x9e,
  0xff, 0xbe, 0xff, 0xbe, 0xf7, 0x9c, 0xf7, 0x3a, 0xef, 0x5c, 0xf7, 0x5b,
  0xe7, 0x3a, 0xde, 0xf8, 0xe7, 0x3b, 0xef, 0x5b, 0xf7, 0x9d, 0xf7, 0x7c,
  0xff, 0x9d, 0xff, 0x9d, 0xff, 0x9e, 0xff, 0x7d, 0xff, 0x9e, 0xff, 0x7d,
  0xf7, 0x9d, 0xff, 0x9d, 0xff, 0x9d, 0xf7, 0x5c, 0xf7, 0x7d, 0xff, 0x7d,
  0xf7, 0x9d, 0xff, 0x7c, 0xf7, 0x7d, 0xff, 0x7d, 0xf7, 0x9d, 0xff, 0x7c,
  0xf7, 0x7d, 0xff, 0x7c, 0xf7, 0x7d, 0xf7, 0x5c, 0xf7, 0x7d, 0xff, 0x7d,
  0xf7, 0x7d, 0xff, 0x7d, 0xf7, 0x9d, 0xf7, 0x5c, 0xef, 0x7c, 0xde, 0xd9,
  0xd7, 0x1a, 0xde, 0xf9, 0xce, 0x99, 0xde, 0xda, 0xdf, 0x3a, 0xbe, 0x36,
  0xde, 0xb8, 0xf7, 0x5a, 0xff, 0x3a, 0xff, 0x3a, 0xf7, 0x3b, 0xff, 0x3a,
  0xff, 0x5b, 0xff, 0x3b, 0xff, 0x5b, 0xff, 0x3a, 0xf7, 0x3b, 0xff, 0x3a,
  0xff, 0x5b, 0xff, 0x3a, 0xf7, 0x3b, 0xff, 0x5b, 0xff, 0x5b, 0xff, 0x3a,
  0xf7, 0x1a, 0xff, 0x5b, 0xff, 0x5b, 0xff, 0x5b, 0xff, 0x5b, 0xff, 0x3a,
  0xff, 0x5b, 0xff, 0x3a, 0xff, 0x5b, 0xff, 0x1a, 0xf7, 0x3b, 0xff, 0x3a,
  0xff, 0x5b, 0xff, 0x3a, 0xff, 0x5b, 0xff, 0x1a, 0xff, 0x5b, 0xff, 0x3a,
  0xf7, 0x3a, 0xff, 0x3a, 0xf7, 0x3a, 0xff, 0x5b, 0xff, 0x5b, 0xff, 0x3a,
  0xf7, 0x3b, 0xff, 0x1a, 0xff, 0x3a, 0xff, 0x3a, 0xbe, 0x78, 0x9d, 0x53,
  0x8d, 0xf7, 0x95, 0xd7, 0x95, 0xb7, 0x85, 0x14, 0xce, 0x57, 0xf7, 0x7b,
  0xff, 0x5b, 0xff, 0x3a, 0xf7, 0x5b, 0xff, 0x5b, 0xff, 0x5b, 0xff, 0x7b,
  0xff, 0x5b, 0xff, 0x3a, 0xf7, 0x3b, 0xff, 0x3a, 0xf7, 0x3b, 0xff, 0x3a,
  0xff, 0x5b, 0xff, 0x3a, 0xff, 0x3b, 0xee, 0xb8, 0x94, 0x73, 0x5a, 0x8b,
  0x6b, 0x50, 0x73, 0x2f, 0x73, 0x50, 0x73, 0x0f, 0x52, 0xae, 0x52, 0x8d,
  0x63, 0x70, 0x4a, 0x6c, 0x29, 0xca, 0x31, 0xea, 0x29, 0xca, 0x42, 0x2b,
  0x42, 0x4c, 0x3a, 0x0b, 0x42, 0x8d, 0x31, 0xa9, 0x29, 0xeb, 0x31, 0xea,
  0x31, 0xeb, 0x31, 0xea, 0x31, 0xeb, 0x31, 0xea, 0x31, 0xeb, 0x31, 0xca,
  0x31, 0xeb, 0x3a, 0x0b, 0x39, 0xca, 0x5a, 0xad, 0x4a, 0x8d, 0x39, 0xea,
  0x3a, 0x2b, 0x42, 0x4c, 0x52, 0x8d, 0x5a, 0xad, 0x62, 0xef, 0x5a, 0x8d,
  0x3a, 0x0b, 0x39, 0xea, 0x3a, 0x2c, 0x3a, 0x0b, 0x3a, 0x2b, 0x39, 0xeb,
  0x32, 0x0b, 0x32, 0x0b, 0x32, 0x2b, 0x3a, 0x0b, 0x31, 0xeb, 0x39, 0xca,
  0x32, 0x0b, 0x39, 0xea, 0x2a, 0x0a, 0x31, 0xea, 0x39, 0xeb, 0x4a, 0x4c,
  0x4a, 0x8d, 0x5a, 0xad, 0x52, 0xae, 0x4a, 0x2c, 0x52, 0x4c, 0x83, 0x71,
  0x9c, 0x34, 0x7b, 0x30, 0x32, 0x4b, 0x21, 0xa8, 0x29, 0xea, 0x31, 0xca,
  0x29, 0xea, 0x29, 0xc9, 0x29, 0xca, 0x29, 0x68, 0xa2, 0xcd, 0xd4, 0x32,
  0xdb, 0xf2, 0xd3, 0x90, 0xdd, 0x33, 0xfe, 0xd9, 0xfd, 0xd6, 0xd4, 0x70,
  0xbc, 0x13, 0x79, 0xca, 0x73, 0x2f, 0xbd, 0x57, 0xde, 0x58, 0xcd, 0x95,
  0xe6, 0xda, 0xff, 0x9c, 0xd6, 0x58, 0xee, 0xfa, 0xf7, 0x1a, 0xf7, 0x1a,
  0xff, 0x5b, 0xff, 0x3a, 0xf7, 0x3b, 0xff, 0x3a, 0xf7, 0x3b, 0xff, 0x1a,
  0xff, 0xbe, 0xff, 0xdf, 0xff, 0xbe, 0xff, 0xbe, 0xff, 0x9d, 0xff, 0xbe,
  0xff, 0x9d, 0xff, 0xbe, 0xff, 0xbd, 0xff, 0xbe, 0xff, 0xbd, 0xff, 0xbe,
  0xff, 0x9d, 0xff, 0x9d, 0xff, 0x9d, 0xff, 0xde, 0xff, 0x9d, 0xff, 0xbe,
  0xff, 0x9d, 0xff, 0xde, 0xff, 0x9d, 0xf7, 0x9d, 0xff, 0x7d, 0xff, 0x9e,
  0xff, 0xbc, 0xef, 0x5b, 0xf7, 0x7b, 0xef, 0x7b, 0xef, 0x3a, 0xe7, 0x3a,
  0xef, 0x3a, 0xe7, 0x19, 0xf7, 0x5c, 0xff, 0xbd, 0xff, 0xbd, 0xff, 0x9d,
  0xff, 0x7c, 0xff, 0x9d, 0xff, 0x9d, 0xff, 0xbe, 0xff, 0xbd, 0xf7, 0x7d,
  0xff, 0x9d, 0xff, 0x9d, 0xff, 0x9c, 0xff, 0xbd, 0xff, 0x9d, 0xff, 0x9d,
  0xff, 0x7c, 0xf7, 0x7d, 0xff, 0x7c, 0xff, 0x9d, 0xff, 0x7c, 0xf7, 0x9d,
  0xff, 0x7c, 0xf7, 0x7d, 0xff, 0x7c, 0xf7, 0x7d, 0xff, 0x7c, 0xf7, 0x7d,
  0xff, 0x5c, 0xf7, 0x7d, 0xff, 0x7c, 0xf7, 0x7c, 0xe7, 0x5b, 0xce, 0x98,
  0xd6, 0xb8, 0xd6, 0xd9, 0xe6, 0xfa, 0xd6, 0xd9, 0xce, 0x96, 0xdf, 0x39,
  0xff, 0x5a, 0xff, 0x3a, 0xff, 0x3a, 0xff, 0x3a, 0xff, 0x5a, 0xf7, 0x5a,
  0xff, 0x3a, 0xff, 0x5b, 0xff, 0x3a, 0xff, 0x5b, 0xff, 0x3a, 0xff, 0x5b,
  0xff, 0x5a, 0xf7, 0x3a, 0xff, 0x1a, 0xff, 0x5b, 0xff, 0x5a, 0xff, 0x5b,
  0xff, 0x5a, 0xff, 0x5b, 0xff, 0x5a, 0xf7, 0x3a, 0xff, 0x1a, 0xff, 0x5b,
  0xff, 0x3a, 0xff, 0x3a, 0xff, 0x7b, 0xff, 0x5b, 0xff, 0x3a, 0xff, 0x5a,
  0xff, 0x5a, 0xff, 0x5b, 0xff, 0x5a, 0xff, 0x5a, 0xff, 0x3a, 0xff, 0x3a,
  0xff, 0x3a, 0xf7, 0x3a, 0xff, 0x3a, 0xff, 0x5a, 0xff, 0x3a, 0xff, 0x5a,
  0xff, 0x5a, 0xff, 0x5b, 0xff, 0x3a, 0xff, 0x3a, 0xde, 0xf9, 0xad, 0xb4,
  0x95, 0xd7, 0x9e, 0x38, 0x95, 0xd6, 0x7d, 0x55, 0xb5, 0xb4, 0xef, 0x9c,
  0xff, 0x39, 0xff, 0x5a, 0xff, 0x3a, 0xff, 0x5b, 0xff, 0x3a, 0xff, 0x5b,
  0xff, 0x5a, 0xf7, 0x5a, 0xff, 0x3a, 0xff, 0x5b, 0xff, 0x1a, 0xf7, 0x3a,
  0xff, 0x3a, 0xff, 0x5b, 0xff, 0x3a, 0xf6, 0xd9, 0x94, 0x11, 0x6b, 0x0d,
  0x83, 0x90, 0x73, 0x2f, 0x73, 0x4f, 0x6b, 0x0f, 0x6b, 0x2f, 0x52, 0x8d,
  0x5a, 0xcd, 0x3a, 0x0b, 0x31, 0xea, 0x32, 0x0b, 0x39, 0xca, 0x4a, 0x8d,
  0x42, 0x0b, 0x4a, 0x6d, 0x3a, 0x0b, 0x32, 0x0a, 0x31, 0xea, 0x31, 0xea,
  0x31, 0xea, 0x31, 0xea, 0x31, 0xca, 0x32, 0x0b, 0x3a, 0x0b, 0x32, 0x2b,
  0x42, 0x0b, 0x3a, 0x2b, 0x5a, 0xad, 0x5a, 0xce, 0x42, 0x2b, 0x3a, 0x2b,
  0x42, 0x0b, 0x63, 0x30, 0x5a, 0x8c, 0x5a, 0xcd, 0x5a, 0xcd, 0x42, 0x2b,
  0x42, 0x2b, 0x4a, 0x8d, 0x39, 0xca, 0x3a, 0x2b, 0x3a, 0x2b, 0x42, 0x6c,
  0x42, 0x2b, 0x42, 0x4c, 0x42, 0x0a, 0x31, 0xca, 0x3a, 0x0a, 0x3a, 0x0b,
  0x31, 0xc9, 0x3a, 0x2b, 0x52, 0x4b, 0x52, 0xad, 0x62, 0xae, 0x52, 0x8d,
  0x42, 0x4b, 0x31, 0xea, 0x31, 0xa8, 0x5b, 0x0e, 0x9c, 0x12, 0x7b, 0x2f,
  0x3a, 0x2b, 0x29, 0xa9, 0x31, 0xea, 0x32, 0x0b, 0x39, 0xeb, 0x31, 0xeb,
  0x31, 0xea, 0x29, 0xea, 0x39, 0x47, 0x5a, 0x6c, 0xcb, 0x6f, 0xdc, 0x32,
  0xdb, 0xd0, 0xcb, 0xb0, 0xdd, 0x12, 0xfe, 0xb9, 0xfe, 0x57, 0xdc, 0xd1,
  0xed, 0x96, 0x7a, 0x29, 0x73, 0x0e, 0x94, 0x32, 0xe6, 0x98, 0xcd, 0xf6,
  0xcd, 0xd5, 0xf7, 0x5b, 0xf6, 0xfa, 0xe6, 0x98, 0xf7, 0x19, 0xe6, 0xb9,
  0xff, 0x5b, 0xff, 0x3a, 0xff, 0x3a, 0xff, 0x5b, 0xff, 0x3a, 0xf7, 0x1a,
  0xff, 0xdf, 0xff, 0xde, 0xff, 0xbf, 0xff, 0x9e, 0xff, 0xbe, 0xff, 0x9e,
  0xff, 0xbf, 0xff, 0x9e, 0xff, 0x9e, 0xff, 0xbe, 0xff, 0xbe, 0xff, 0x9d,
  0xff, 0xbe, 0xff, 0x9d, 0xff, 0xbe, 0xff, 0x9d, 0xff, 0xbe, 0xff, 0x9d,
  0xf7, 0x9e, 0xff, 0x9e, 0xff, 0xbe, 0xff, 0xbe, 0xff, 0x9d, 0xf7, 0x5c,
  0xe7, 0x3a, 0xf7, 0x5b, 0xe7, 0x5b, 0xde, 0xf9, 0xe7, 0x3a, 0xe7, 0x19,
  0xe7, 0x3b, 0xff, 0x9d, 0xff, 0xbe, 0xff, 0x7d, 0xff, 0xbe, 0xff, 0x7d,
  0xf7, 0x9d, 0xff, 0x9d, 0xff, 0x9e, 0xff, 0x7d, 0xf7, 0x9d, 0xff, 0x7c,
  0xf7, 0x9d, 0xff, 0x7d, 0xf7, 0x9d, 0xff, 0x9d, 0xff, 0x9d, 0xff, 0x7c,
  0xf7, 0x7d, 0xf7, 0x5c, 0xf7, 0x7d, 0xff, 0x7d, 0xf7, 0x9d, 0xff, 0x7d,
  0xf7, 0x7d, 0xff, 0x7c, 0xf7, 0x7d, 0xff, 0x7d, 0xf7, 0x7d, 0xf7, 0x5c,
  0xf7, 0x7d, 0xf7, 0x3c, 0xf7, 0x5c, 0xf7, 0x5c, 0xd7, 0x3a, 0xb6, 0x15,
  0xce, 0xd9, 0xdf, 0x1a, 0xce, 0xf9, 0xbe, 0x36, 0xe6, 0xd8, 0xf7, 0x3a,
  0xf7, 0x3a, 0xff, 0x3a, 0xf7, 0x3a, 0xff, 0x1a, 0xff, 0x7b, 0xf7, 0x1a,
  0xf7, 0x1a, 0xff, 0x1a, 0xff, 0x5b, 0xff, 0x5b, 0xff, 0x5b, 0xff, 0x3a,
  0xf7, 0x3a, 0xff, 0x3a, 0xff, 0x5b, 0xff, 0x3a, 0xff, 0x5b, 0xff, 0x5b,
  0xff, 0x5b, 0xff, 0x5b, 0xf7, 0x3b, 0xff, 0x3a, 0xf7, 0x3b, 0xff, 0x3a,
  0xff, 0x7b, 0xff, 0x5b, 0xff, 0x7b, 0xff, 0x5b, 0xff, 0x5b, 0xff, 0x5b,
  0xf7, 0x3b, 0xff, 0x5b, 0xff, 0x5b, 0xff, 0x5b, 0xff, 0x5b, 0xff, 0x3a,
  0xf7, 0x3a, 0xf6, 0xf9, 0xf7, 0x3a, 0xff, 0x3a, 0xf7, 0x3a, 0xff, 0x3a,
  0xff, 0x5b, 0xff, 0x5b, 0xff, 0x3a, 0xff, 0x3a, 0xef, 0x7b, 0xbd, 0xd5,
  0x95, 0xd7, 0x9e, 0x18, 0x8d, 0xf8, 0x85, 0x75, 0x9d, 0x54, 0xd6, 0xfa,
  0xff, 0x3a, 0xff, 0x5a, 0xf7, 0x3b, 0xff, 0x1a, 0xff, 0x1b, 0xff, 0x1a,
  0xff, 0x7c, 0xff, 0x5b, 0xff, 0x5b, 0xff, 0x1a, 0xf7, 0x3b, 0xff, 0x5b,
  0xff, 0x3b, 0xff, 0x5b, 0xff, 0x5b, 0xf6, 0xd9, 0xa4, 0xb4, 0x83, 0x8f,
  0x7b, 0x91, 0x7b, 0x70, 0x6b, 0x50, 0x6b, 0x2f, 0x63, 0x0f, 0x52, 0x8c,
  0x5b, 0x0f, 0x39, 0xca, 0x2a, 0x0b, 0x32, 0x0b, 0x31, 0xeb, 0x52, 0xad,
  0x3a, 0x2b, 0x52, 0x8d, 0x29, 0xca, 0x31, 0xca, 0x29, 0xeb, 0x31, 0xca,
  0x29, 0xeb, 0x3a, 0x0b, 0x29, 0xca, 0x31, 0xca, 0x29, 0xca, 0x42, 0x6c,
  0x39, 0xeb, 0x52, 0x6c, 0x52, 0xcf, 0x42, 0x0b, 0x32, 0x0b, 0x4a, 0x4c,
  0x5a, 0xee, 0x5a, 0x6c, 0x5a, 0xef, 0x4a, 0x2b, 0x3a, 0x2b, 0x42, 0x2b,
  0x3a, 0x2c, 0x42, 0x2b, 0x3a, 0x2c, 0x3a, 0x0b, 0x3a, 0x0b, 0x3a, 0x0b,
  0x29, 0xca, 0x31, 0xea, 0x42, 0x2c, 0x52, 0x8d, 0x42, 0x4c, 0x42, 0x0b,
  0x52, 0xae, 0x52, 0xae, 0x4a, 0x6d, 0x42, 0x0b, 0x2a, 0x0b, 0x31, 0xea,
  0x29, 0x89, 0x42, 0x4c, 0x93, 0xf3, 0x8b, 0x91, 0x42, 0x4c, 0x31, 0xca,
  0x31, 0xeb, 0x3a, 0x0b, 0x31, 0xeb, 0x31, 0xca, 0x29, 0xaa, 0x29, 0xaa,
  0x29, 0xca, 0x42, 0x4c, 0x49, 0x48, 0x82, 0xce, 0xe4, 0x92, 0xe4, 0x72,
  0xe4, 0xb3, 0xdc, 0x31, 0xed, 0x76, 0xfe, 0x59, 0xed, 0x13, 0xf5, 0x13,
  0xdd, 0xb7, 0x48, 0xe3, 0x42, 0x2b, 0x7b, 0xd1, 0xc5, 0xb6, 0xde, 0x78,
  0xee, 0xb9, 0xe6, 0x77, 0xf7, 0x3b, 0xde, 0x37, 0xee, 0xd9, 0xe6, 0x98,
  0xff, 0x7c, 0xff, 0x5b, 0xf7, 0x3b, 0xff, 0x1a, 0xf7, 0x1a, 0xff, 0x5b,
  0xff, 0xbd, 0xff, 0xde, 0xff, 0x9e, 0xff, 0xdf, 0xff, 0xbe, 0xff, 0xbe,
  0xff, 0xbe, 0xff, 0xbe, 0xff, 0x9d, 0xff, 0xde, 0xff, 0xbd, 0xff, 0xbd,
  0xff, 0x9d, 0xff, 0x9d, 0xff, 0xbd, 0xff, 0xbe, 0xff, 0x9d, 0xff, 0xbe,
  0xff, 0xbe, 0xff, 0xbe, 0xff, 0x9d, 0xff, 0xbd, 0xff, 0x7a, 0xef, 0x5a,
  0xf7, 0x7c, 0xe7, 0x1b, 0xef, 0x39, 0xef, 0x7a, 0xef, 0x3a, 0xef, 0x7c,
  0xff, 0xbd, 0xff, 0xbd, 0xff, 0x7c, 0xff, 0xbd, 0xff, 0x9d, 0xff, 0x9d,
  0xff, 0x9c, 0xff, 0x9d, 0xff, 0x9c, 0xff, 0xbd, 0xff, 0x9c, 0xff, 0x9d,
  0xff, 0x9d, 0xff, 0x9d, 0xff, 0x7c, 0xff, 0x9d, 0xff, 0x7c, 0xff, 0x9d,
  0xff, 0x7c, 0xff, 0x9d, 0xff, 0x7c, 0xff, 0x9d, 0xff, 0x7c, 0xf7, 0x7c,
  0xff, 0x9d, 0xf7, 0x7c, 0xff, 0x5c, 0xf7, 0x9d, 0xff, 0x7c, 0xf7, 0x7d,
  0xff, 0x7c, 0xff, 0x7d, 0xf7, 0x5b, 0xf7, 0x9d, 0xce, 0xb7, 0xc6, 0xb7,
  0xe7, 0x7b, 0xc6, 0xb8, 0xce, 0x55, 0xe7, 0x5a, 0xff, 0x19, 0xff, 0x3a,
  0xff, 0x5a, 0xf7, 0x3a, 0xff, 0x3a, 0xff, 0x5a, 0xff, 0x5a, 0xff, 0x5b,
  0xff, 0x3a, 0xff, 0x5b, 0xff, 0x3a, 0xff, 0x5b, 0xff, 0x5a, 0xff, 0x7b,
  0xff, 0x5a, 0xff, 0x5b, 0xff, 0x5a, 0xff, 0x5a, 0xff, 0x5b, 0xff, 0x7b,
  0xff, 0x5a, 0xff, 0x5b, 0xff, 0x3a, 0xff, 0x5b, 0xff, 0x5a, 0xff, 0x5b,
  0xff, 0x5a, 0xff, 0x5b, 0xff, 0x5a, 0xf7, 0x3a, 0xff, 0x3a, 0xff, 0x5b,
  0xff, 0x5a, 0xff, 0x7b, 0xff, 0x3a, 0xff, 0x5b, 0xff, 0x5a, 0xff, 0x5b,
  0xff, 0x3a, 0xf7, 0x1a, 0xff, 0x3a, 0xff, 0x5b, 0xff, 0x5a, 0xff, 0x5b,
  0xff, 0x5a, 0xff, 0x5b, 0xff, 0x1a, 0xff, 0x3a, 0xf7, 0x5a, 0xce, 0x56,
  0x8d, 0x75, 0x95, 0xf7, 0x96, 0x18, 0x85, 0x97, 0x8c, 0xf3, 0xb6, 0x99,
  0xff, 0x5a, 0xff, 0x3a, 0xff, 0x3a, 0xff, 0x3b, 0xff, 0x3b, 0xff, 0x3b,
  0xff, 0x5a, 0xff, 0x7b, 0xff, 0x5b, 0xff, 0x5b, 0xff, 0x5a, 0xff, 0x7b,
  0xff, 0x3a, 0xff, 0x7b, 0xff, 0x5a, 0xf6, 0xf9, 0xc5, 0x35, 0x8b, 0x8f,
  0x6a, 0xee, 0x73, 0x4f, 0x73, 0x2f, 0x5a, 0xce, 0x52, 0x4b, 0x5a, 0xee,
  0x6b, 0x4f, 0x39, 0xea, 0x31, 0xea, 0x29, 0xea, 0x39, 0xea, 0x52, 0xad,
  0x52, 0x6c, 0x42, 0x4c, 0x31, 0xc9, 0x32, 0x0b, 0x31, 0xca, 0x32, 0x0b,
  0x31, 0xea, 0x31, 0xea, 0x31, 0xea, 0x29, 0xea, 0x3a, 0x0a, 0x3a, 0x0b,
  0x4a, 0x4c, 0x5a, 0xee, 0x3a, 0x0b, 0x3a, 0x0b, 0x4a, 0x6c, 0x5b, 0x0e,
  0x6a, 0xed, 0x62, 0xed, 0x42, 0x0b, 0x31, 0xea, 0x31, 0xca, 0x3a, 0x0b,
  0x42, 0x2b, 0x42, 0x4c, 0x42, 0x2b, 0x42, 0x6c, 0x39, 0xea, 0x31, 0xea,
  0x42, 0x0b, 0x52, 0x8d, 0x52, 0x8d, 0x52, 0x8d, 0x52, 0x6c, 0x52, 0x8d,
  0x42, 0x2b, 0x31, 0xea, 0x31, 0xea, 0x31, 0xea, 0x29, 0xa9, 0x29, 0xca,
  0x73, 0x0e, 0x94, 0x33, 0x5a, 0xce, 0x29, 0x89, 0x31, 0xe9, 0x2a, 0x0a,
  0x31, 0xc9, 0x31, 0xea, 0x39, 0xea, 0x3a, 0x4b, 0x4a, 0x6b, 0x4a, 0x8c,
  0x5a, 0xac, 0x5a, 0xee, 0x61, 0xea, 0x6a, 0x8c, 0xdc, 0x11, 0xec, 0x93,
  0xe4, 0x31, 0xdc, 0x51, 0xfd, 0x95, 0xdc, 0xd2, 0xfd, 0xf5, 0xfe, 0xb8,
  0x8b, 0x2e, 0x49, 0x47, 0x5a, 0xad, 0x84, 0x33, 0xbd, 0x13, 0xf6, 0xfb,
  0xff, 0x7a, 0xe6, 0x97, 0xee, 0xd9, 0xde, 0xb8, 0xee, 0xb8, 0xe6, 0x98,
  0xff, 0x7b, 0xff, 0x5b, 0xff, 0x7b, 0xff, 0x5b, 0xff, 0x3a, 0xff, 0x7b,
  0xe7, 0x1b, 0xff, 0xde, 0xff, 0xbe, 0xff, 0xbe, 0xff, 0xbf, 0xff, 0xbe,
  0xff, 0x9e, 0xff, 0x7d, 0xff, 0xbe, 0xff, 0x9d, 0xff, 0xbe, 0xff, 0x9d,
  0xff, 0xbe, 0xff, 0x9d, 0xff, 0xbe, 0xff, 0x9d, 0xf7, 0x9d, 0xff, 0x9d,
  0xff, 0xbe, 0xff, 0x9d, 0xf7, 0x9c, 0xf7, 0x3a, 0xef, 0x5b, 0xf7, 0x7b,
  0xe7, 0x3a, 0xef, 0x3a, 0xe7, 0x3a, 0xef, 0x5a, 0xff, 0xbe, 0xff, 0x7d,
  0xff, 0x9d, 0xff, 0x9d, 0xff, 0xbe, 0xff, 0xbd, 0xff, 0x9d, 0xff, 0x9d,
  0xf7, 0x9d, 0xff, 0x9d, 0xf7, 0x9d, 0xff, 0x9d, 0xf7, 0x9d, 0xff, 0x7c,
  0xf7, 0x7d, 0xff, 0x7d, 0xf7, 0x7d, 0xff, 0x7c, 0xff, 0x9d, 0xff, 0x9d,
  0xf7, 0x7d, 0xff, 0x9d, 0xf7, 0x9d, 0xff, 0x7c, 0xf7, 0x7d, 0xff, 0x7c,
  0xf7, 0x9d, 0xff, 0x7d, 0xf7, 0x9d, 0xf7, 0x5c, 0xef, 0x5c, 0xff, 0x7d,
  0xf7, 0x5d, 0xf7, 0x5c, 0xef, 0x7c, 0xef, 0x5b, 0xce, 0xd9, 0xdf, 0x1a,
  0xc6, 0x76, 0xc6, 0x76, 0xf7, 0x1a, 0xff, 0x5a, 0xff, 0x5b, 0xff, 0x3a,
  0xff, 0x5b, 0xff, 0x3a, 0xf7, 0x3b, 0xff, 0x3a, 0xff, 0x5b, 0xff, 0x3a,
  0xf7, 0x3b, 0xff, 0x3a, 0xf7, 0x3b, 0xf7, 0x1a, 0xff, 0x5b, 0xff, 0x5b,
  0xff, 0x5b, 0xff, 0x3a, 0xff, 0x5b, 0xff, 0x5b, 0xff, 0x5b, 0xff, 0x3a,
  0xff, 0x5b, 0xff, 0x3a, 0xff, 0x5b, 0xff, 0x3a, 0xff, 0x5b, 0xff, 0x3a,
  0xff, 0x5b, 0xff, 0x3a, 0xff, 0x5b, 0xff, 0x3a, 0xff, 0x5b, 0xff, 0x3a,
  0xff, 0x5b, 0xff, 0x5b, 0xff, 0x5b, 0xff, 0x3a, 0xff, 0x5b, 0xff, 0x3a,
  0xf7, 0x3a, 0xff, 0x1a, 0xf7, 0x3b, 0xff, 0x3b, 0xf7, 0x3a, 0xff, 0x3a,
  0xff, 0x3b, 0xff, 0x5b, 0xff, 0x3b, 0xff, 0x3a, 0xf7, 0x5a, 0xe6, 0xb7,
  0x8d, 0x96, 0x9d, 0xb6, 0x8d, 0xf9, 0x8d, 0x97, 0x7d, 0x13, 0x9e, 0x17,
  0xff, 0x3b, 0xff, 0x3b, 0xff, 0x5b, 0xff, 0x3a, 0xff, 0x3b, 0xff, 0x3a,
  0xf7, 0x3a, 0xff, 0x3a, 0xff, 0x7b, 0xff, 0x5b, 0xff, 0x5b, 0xff, 0x5b,
  0xff, 0x7b, 0xff, 0x5b, 0xff, 0x3a, 0xf6, 0xb8, 0xd5, 0xf8, 0x93, 0xcf,
  0x4a, 0x4c, 0x73, 0x2f, 0x5a, 0xce, 0x5a, 0x8d, 0x4a, 0x6c, 0x5a, 0xad,
  0x6b, 0x70, 0x39, 0xca, 0x29, 0xeb, 0x31, 0xea, 0x31, 0xca, 0x52, 0x8d,
  0x4a, 0xae, 0x39, 0xca, 0x29, 0xeb, 0x31, 0xea, 0x29, 0xcb, 0x29, 0xca,
  0x29, 0xea, 0x31, 0xea, 0x31, 0xeb, 0x31, 0xca, 0x42, 0x4c, 0x42, 0x0b,
  0x52, 0xce, 0x39, 0xeb, 0x39, 0xeb, 0x4a, 0x6c, 0x5a, 0xad, 0x62, 0xee,
  0x63, 0x0f, 0x41, 0xea, 0x3a, 0x2c, 0x3a, 0x0b, 0x3a, 0x4c, 0x42, 0x4c,
  0x3a, 0x4c, 0x3a, 0x0b, 0x3a, 0x2c, 0x3a, 0x0b, 0x42, 0x2c, 0x52, 0x6d,
  0x52, 0xae, 0x5a, 0xad, 0x52, 0xce, 0x4a, 0x6c, 0x32, 0x0b, 0x31, 0xca,
  0x29, 0xeb, 0x31, 0xea, 0x32, 0x0b, 0x29, 0x89, 0x52, 0x6d, 0x8b, 0xd2,
  0x73, 0x71, 0x41, 0xca, 0x21, 0xca, 0x32, 0x0b, 0x42, 0x2c, 0x4a, 0x4c,
  0x52, 0x8d, 0x5a, 0xad, 0x6b, 0x0f, 0x6a, 0xef, 0x52, 0x8d, 0x52, 0x4c,
  0x52, 0xad, 0x4a, 0x6c, 0x49, 0xeb, 0x41, 0xa9, 0xb3, 0x0e, 0xdc, 0x32,
  0xe5, 0x95, 0xfe, 0x78, 0xfe, 0x57, 0xf5, 0xd5, 0xfe, 0x39, 0xd3, 0xf0,
  0x39, 0x69, 0x41, 0xa9, 0x6a, 0xee, 0x8b, 0xd1, 0xbd, 0x34, 0xff, 0x3c,
  0xf7, 0x3b, 0xff, 0x1a, 0xc5, 0xd6, 0xde, 0x57, 0xe6, 0xb9, 0xee, 0xb9,
  0xf7, 0x3b, 0xff, 0x1a, 0xff, 0x5b, 0xff, 0x5b, 0xff, 0x5b, 0xff, 0x3a,
  0xe7, 0x19, 0xef, 0x9b, 0xff, 0xdf, 0xff, 0xbe, 0xff, 0xbe, 0xff, 0xde,
  0xff, 0xbe, 0xff, 0xbe, 0xff, 0xbe, 0xff, 0xbe, 0xff, 0xbd, 0xff, 0xde,
  0xff, 0xbd, 0xff, 0xbe, 0xff, 0xbd, 0xff, 0xbd, 0xff, 0x9d, 0xff, 0x9d,
  0xff, 0xbd, 0xf7, 0x7c, 0xf7, 0x3a, 0xf7, 0x7b, 0xef, 0x5b, 0xe7, 0x3a,
  0xef, 0x18, 0xe7, 0x39, 0xf7, 0x3c, 0xf7, 0x9d, 0xff, 0xbd, 0xff, 0xde,
  0xff, 0x9d, 0xff, 0x9d, 0xff, 0x9d, 0xff, 0xbe, 0xff, 0x9d, 0xff, 0x9d,
  0xff, 0x9d, 0xff, 0xbd, 0xff, 0x7c, 0xff, 0x9d, 0xff, 0x9c, 0xf7, 0x7d,
  0xff, 0x9c, 0xff, 0x9d, 0xff, 0x5c, 0xf7, 0x7d, 0xff, 0xbd, 0xff, 0xbd,
  0xff, 0x7c, 0xff, 0x9d, 0xff, 0x9d, 0xf7, 0x7d, 0xff, 0x9d, 0xff, 0x9d,
  0xff, 0x7c, 0xf7, 0x7d, 0xff, 0x9c, 0xf7, 0x9d, 0xff, 0x7c, 0xf7, 0x9d,
  0xff, 0x7c, 0xf7, 0x7d, 0xf7, 0x9c, 0xe7, 0x3b, 0xd6, 0xd8, 0xce, 0xd8,
  0xe6, 0xb7, 0xf7, 0x5a, 0xff, 0x1a, 0xff, 0x1a, 0xff, 0x3a, 0xff, 0x5b,
  0xff, 0x3a, 0xff, 0x3a, 0xff, 0x5a, 0xff, 0x5b, 0xff, 0x3a, 0xff, 0x3a,
  0xff, 0x3a, 0xff, 0x5b, 0xff, 0x5a, 0xff, 0x5b, 0xff, 0x5a, 0xff, 0x5b,
  0xff, 0x3a, 0xff, 0x5b, 0xff, 0x3a, 0xf7, 0x3a, 0xff, 0x5b, 0xff, 0x7b,
  0xff, 0x3a, 0xff, 0x5a, 0xff, 0x3a, 0xff, 0x5b, 0xff, 0x3a, 0xff, 0x5b,
  0xff, 0x3a, 0xff, 0x5b, 0xff, 0x5a, 0xff, 0x5b, 0xff, 0x3a, 0xff, 0x5b,
  0xff, 0x5a, 0xff, 0x7b, 0xff, 0x3a, 0xff, 0x5b, 0xff, 0x3a, 0xff, 0x5b,
  0xff, 0x3a, 0xff, 0x5b, 0xff, 0x3a, 0xff, 0x5b, 0xff, 0x39, 0xff, 0x5a,
  0xff, 0x5a, 0xff, 0x5b, 0xff, 0x3a, 0xff, 0x7b, 0xff, 0x3a, 0xf7, 0x3a,
  0xa5, 0xf6, 0x95, 0x95, 0x8d, 0xb7, 0x8d, 0xd8, 0x85, 0x34, 0x7d, 0x35,
  0xee, 0xf9, 0xff, 0x7c, 0xff, 0x3a, 0xff, 0x5a, 0xff, 0x5a, 0xff, 0x5b,
  0xff, 0x5a, 0xff, 0x5b, 0xff, 0x3a, 0xff, 0x5b, 0xff, 0x5a, 0xf7, 0x3a,
  0xff, 0x1a, 0xff, 0x5b, 0xff, 0x5a, 0xf6, 0xf9, 0xde, 0x18, 0xac, 0x92,
  0x4a, 0x0b, 0x6b, 0x50, 0x73, 0x6f, 0x5a, 0xcd, 0x5a, 0x8c, 0x5a, 0xee,
  0x73, 0x90, 0x3a, 0x0a, 0x31, 0xea, 0x29, 0xea, 0x39, 0xa9, 0x52, 0xce,
  0x52, 0xad, 0x31, 0xca, 0x31, 0xca, 0x31, 0xeb, 0x31, 0xea, 0x31, 0xea,
  0x31, 0xea, 0x32, 0x0a, 0x39, 0xca, 0x3a, 0x0b, 0x4a, 0x0b, 0x63, 0x0f,
  0x42, 0x2b, 0x31, 0xca, 0x5a, 0xad, 0x5a, 0xee, 0x62, 0xce, 0x62, 0xee,
  0x4a, 0x4c, 0x3a, 0x2b, 0x4a, 0x6c, 0x4a, 0x6c, 0x4a, 0x4b, 0x3a, 0x2b,
  0x4a, 0x6c, 0x3a, 0x2b, 0x4a, 0x2b, 0x5a, 0xee, 0x5a, 0xcd, 0x52, 0xad,
  0x52, 0x8c, 0x4a, 0x8c, 0x42, 0x4b, 0x3a, 0x0b, 0x42, 0x0b, 0x3a, 0x2b,
  0x3a, 0x0b, 0x3a, 0x0b, 0x49, 0xea, 0x73, 0x70, 0x8b, 0xd1, 0x5a, 0x8d,
  0x29, 0xa9, 0x3a, 0x6c, 0x42, 0x2b, 0x42, 0x2c, 0x52, 0x8d, 0x4a, 0x8d,
  0x4a, 0x4b, 0x42, 0x4b, 0x42, 0x2b, 0x4a, 0x6c, 0x4a, 0x2b, 0x42, 0x2b,
  0x4a, 0x4c, 0x4a, 0x8d, 0x52, 0x6c, 0x41, 0xeb, 0xb3, 0x8d, 0xfe, 0x18,
  0xfe, 0xd7, 0xfe, 0xf7, 0xfe, 0x36, 0xed, 0x33, 0x93, 0x2e, 0x6a, 0x0a,
  0x6a, 0xcd, 0x5a, 0xad, 0x6a, 0xac, 0x83, 0xb1, 0xcd, 0xd5, 0xff, 0x9c,
  0xff, 0x1a, 0xff, 0x7b, 0xde, 0x37, 0xd6, 0x37, 0xee, 0xd9, 0xf7, 0x3a,
  0xff, 0x5b, 0xff, 0x5b, 0xff, 0x5a, 0xff, 0x5a, 0xff, 0x5a, 0xff, 0x3a,
  0xef, 0x7a, 0xef, 0x59, 0xf7, 0x7d, 0xff, 0x9d, 0xff, 0xbe, 0xff, 0x9d,
  0xff, 0xbf, 0xff, 0xbe, 0xff, 0xbe, 0xff, 0x9e, 0xf7, 0x9e, 0xff, 0xbe,
  0xff, 0x9e, 0xff, 0x9d, 0xff, 0x9d, 0xff, 0x9d, 0xff, 0xbe, 0xff, 0x7d,
  0xf7, 0x9c, 0xef, 0x3a, 0xef, 0x7d, 0xef, 0x3c, 0xde, 0xfa, 0xef, 0x3a,
  0xe7, 0x1a, 0xf7, 0x7b, 0xff, 0x9e, 0xff, 0x9e, 0xff, 0x9e, 0xff, 0x7d,
  0xff, 0xbe, 0xff, 0x7d, 0xff, 0x9e, 0xff, 0x9d, 0xff, 0x9d, 0xff, 0x7d,
  0xff, 0xbe, 0xff, 0x9d, 0xf7, 0x7d, 0xff, 0x9d, 0xff, 0x9d, 0xff, 0x9d,
  0xff, 0x9e, 0xff, 0x9d, 0xf7, 0x7d, 0xff, 0x7c, 0xf7, 0x9d, 0xff, 0x7c,
  0xf7, 0x9d, 0xff, 0x9d, 0xff, 0x9d, 0xff, 0x7c, 0xf7, 0x9d, 0xff, 0x7c,
  0xf7, 0x5c, 0xf7, 0x5c, 0xf7, 0x7d, 0xf7, 0x7d, 0xf7, 0x9d, 0xf7, 0x5c,
  0xf7, 0x7d, 0xef, 0x3c, 0xef, 0x9c, 0xd6, 0xb9, 0xc6, 0x35, 0xde, 0xd7,
  0xff, 0x5b, 0xff, 0x1a, 0xf7, 0x3a, 0xff, 0x3a, 0xff, 0x7b, 0xff, 0x3a,
  0xff, 0x3b, 0xff, 0x3a, 0xff, 0x5b, 0xff, 0x3a, 0xf7, 0x3a, 0xff, 0x3a,
  0xff, 0x5b, 0xff, 0x5b, 0xff, 0x5b, 0xff, 0x5b, 0xff, 0x5b, 0xff, 0x3a,
  0xff, 0x5b, 0xff, 0x5b, 0xf7, 0x3a, 0xff, 0x3a, 0xff, 0x5b, 0xff, 0x5b,
  0xff, 0x5b, 0xff, 0x1a, 0xff, 0x5b, 0xff, 0x5b, 0xff, 0x5b, 0xff, 0x5b,
  0xf7, 0x1a, 0xff, 0x5b, 0xff, 0x5b, 0xff, 0x5b, 0xff, 0x5b, 0xff, 0x5b,
  0xf7, 0x3b, 0xff, 0x3a, 0xf7, 0x3b, 0xff, 0x1a, 0xff, 0x5b, 0xff, 0x3a,
  0xff, 0x5b, 0xff, 0x3a, 0xff, 0x3b, 0xff, 0x3a, 0xff, 0x5b, 0xff, 0x3a,
  0xff, 0x5b, 0xff, 0x3a, 0xff, 0x3b, 0xff, 0x3b, 0xff, 0x3a, 0xff, 0x19,
  0xb6, 0x79, 0x9d, 0x54, 0x8d, 0xd8, 0x95, 0xd8, 0x7d, 0x76, 0x75, 0x14,
  0xce, 0x78, 0xf7, 0x5b, 0xff, 0x3b, 0xff, 0x3a, 0xff, 0x5b, 0xff, 0x3a,
  0xff, 0x7c, 0xff, 0x3b, 0xff, 0x5b, 0xff, 0x5b, 0xff, 0x5b, 0xff, 0x3a,
  0xf7, 0x3b, 0xff, 0x3b, 0xff, 0x5b, 0xff, 0x3a, 0xe6, 0x58, 0xc5, 0x34,
  0x52, 0x8d, 0x6a, 0xee, 0x6b, 0x90, 0x4a, 0x2b, 0x52, 0x8d, 0x52, 0x8d,
  0x63, 0x50, 0x4a, 0x6c, 0x29, 0xeb, 0x31, 0xea, 0x31, 0xaa, 0x5a, 0xae,
  0x52, 0xae, 0x31, 0x89, 0x31, 0xeb, 0x31, 0xeb, 0x29, 0xeb, 0x31, 0xca,
  0x31, 0xeb, 0x31, 0xca, 0x31, 0xcb, 0x31, 0xcb, 0x52, 0xad, 0x52, 0x8c,
  0x31, 0xca, 0x4a, 0x8c, 0x5a, 0xce, 0x62, 0xee, 0x4a, 0x8d, 0x39, 0xca,
  0x42, 0x2c, 0x4a, 0x4c, 0x42, 0x6d, 0x42, 0x2b, 0x42, 0x6d, 0x42, 0x4c,
  0x42, 0x0b, 0x5a, 0x8d, 0x62, 0xef, 0x5a, 0xad, 0x4a, 0x8d, 0x52, 0x8d,
  0x3a, 0x4c, 0x39, 0xea, 0x3a, 0x2c, 0x39, 0xeb, 0x32, 0x2b, 0x31, 0xea,
  0x31, 0xea, 0x52, 0x8c, 0x73, 0x91, 0x62, 0xee, 0x42, 0x6c, 0x39, 0xeb,
  0x3a, 0x0b, 0x4a, 0x4c, 0x42, 0x4c, 0x42, 0x4b, 0x4a, 0x6d, 0x52, 0x8d,
  0x5a, 0xce, 0x52, 0x6c, 0x5a, 0xae, 0x62, 0xce, 0x62, 0xee, 0x62, 0xcd,
  0x62, 0xce, 0x73, 0x0f, 0x6a, 0xef, 0x5a, 0x2c, 0x8a, 0x8b, 0xfe, 0x19,
  0xfd, 0xd7, 0xec, 0xb2, 0x8b, 0x0e, 0x69, 0xc9, 0x62, 0x8d, 0xa4, 0x74,
  0x73, 0x2f, 0x6a, 0xcd, 0x62, 0x8c, 0x8b, 0xb1, 0xbd, 0x75, 0xff, 0x7c,
  0xff, 0x3b, 0xff, 0x3a, 0xe6, 0xba, 0xbd, 0x54, 0xe6, 0xb9, 0xff, 0x3b,
  0xff, 0x5b, 0xff, 0x5b, 0xf7, 0x3b, 0xff, 0x5b, 0xff, 0x5b, 0xff, 0x3a,
  0xde, 0xd7, 0xdf, 0x39, 0xef, 0x19, 0xf7, 0x7b, 0xff, 0xbe, 0xff, 0xbe,
  0xff, 0xbe, 0xff, 0xbe, 0xff, 0xbd, 0xff, 0xbe, 0xff, 0xbe, 0xff, 0xbe,
  0xff, 0x9d, 0xff, 0xbe, 0xff, 0x9d, 0xff, 0x9e, 0xff, 0x9d, 0xff, 0x9d,
  0xf7, 0x3a, 0xf7, 0x7b, 0xf7, 0x7b, 0xde, 0xf9, 0xe7, 0x19, 0xef, 0x5a,
  0xff, 0x9d, 0xff, 0xde, 0xff, 0xbd, 0xf7, 0x9d, 0xff, 0x9d, 0xf7, 0x9d,
  0xff, 0x7c, 0xff, 0x9d, 0xff, 0xbd, 0xff, 0xbe, 0xff, 0x9c, 0xff, 0xbd,
  0xff, 0x9d, 0xff, 0xbe, 0xff, 0x9d, 0xf7, 0x9d, 0xff, 0x9d, 0xff, 0xbd,
  0xff, 0x9d, 0xff, 0xbd, 0xff, 0x9d, 0xf7, 0x7d, 0xff, 0x7c, 0xff, 0x9d,
  0xff, 0x7c, 0xff, 0x9d, 0xff, 0x7c, 0xff, 0x9d, 0xff, 0x7c, 0xf7, 0x9d,
  0xff, 0x7c, 0xf7, 0x7c, 0xff, 0x7d, 0xf7, 0x9d, 0xff, 0x7c, 0xf7, 0x7d,
  0xff, 0x5c, 0xf7, 0x7d, 0xef, 0x5a, 0xd6, 0x98, 0xf6, 0xf8, 0xf7, 0x5a,
  0xff, 0x3a, 0xff, 0x3a, 0xff, 0x3a, 0xff, 0x5b, 0xff, 0x3a, 0xff, 0x3a,
  0xff, 0x5a, 0xff, 0x3a, 0xff, 0x5a, 0xff, 0x5a, 0xff, 0x5a, 0xff, 0x3a,
  0xff, 0x3a, 0xff, 0x5b, 0xff, 0x3a, 0xff, 0x5b, 0xff, 0x1a, 0xff, 0x5a,
  0xff, 0x3a, 0xf7, 0x3a, 0xff, 0x5a, 0xff, 0x5b, 0xff, 0x3a, 0xff, 0x7b,
  0xff, 0x3a, 0xff, 0x3a, 0xff, 0x3a, 0xff, 0x7b, 0xff, 0x1a, 0xff, 0x5b,
  0xff, 0x3a, 0xff, 0x5b, 0xff, 0x5a, 0xff, 0x5a, 0xff, 0x5a, 0xff, 0x5b,
  0xff, 0x3a, 0xf7, 0x3a, 0xff, 0x1a, 0xf7, 0x3a, 0xff, 0x5a, 0xff, 0x5b,
  0xff, 0x5a, 0xff, 0x3a, 0xff, 0x5a, 0xff, 0x5a, 0xff, 0x5a, 0xff, 0x5b,
  0xff, 0x3a, 0xff, 0x5b, 0xff, 0x3a, 0xff, 0x3b, 0xff, 0x19, 0xff, 0x3a,
  0xd6, 0xfa, 0xa5, 0x94, 0x8d, 0xb7, 0x8d, 0xd8, 0x8d, 0xb7, 0x75, 0x35,
  0xb5, 0xb4, 0xef, 0x9c, 0xff, 0x19, 0xff, 0x5a, 0xff, 0x3a, 0xff, 0x3b,
  0xff, 0x3a, 0xf7, 0x3a, 0xff, 0x3a, 0xff, 0x5b, 0xff, 0x3a, 0xff, 0x5b,
  0xff, 0x5b, 0xf7, 0x3a, 0xff, 0x5a, 0xff, 0x5b, 0xfe, 0xd9, 0xde, 0x37,
  0x8b, 0xd1, 0x41, 0xea, 0x83, 0xf2, 0x52, 0x8d, 0x4a, 0x8c, 0x4a, 0x8c,
  0x62, 0xee, 0x5a, 0xce, 0x29, 0xc9, 0x32, 0x0b, 0x31, 0x89, 0x52, 0xad,
  0x52, 0x8d, 0x31, 0xca, 0x31, 0xea, 0x31, 0xeb, 0x31, 0xea, 0x31, 0xea,
  0x31, 0xea, 0x31, 0xeb, 0x31, 0xca, 0x3a, 0x4c, 0x5a, 0xcd, 0x29, 0xa9,
  0x52, 0x6c, 0x63, 0x0f, 0x6b, 0x0f, 0x52, 0x8d, 0x31, 0xc9, 0x3a, 0x2b,
  0x4a, 0x2b, 0x52, 0xae, 0x52, 0x6c, 0x4a, 0x6c, 0x52, 0x6c, 0x5a, 0xee,
  0x6b, 0x0f, 0x52, 0x8d, 0x42, 0x2b, 0x3a, 0x2b, 0x42, 0x4b, 0x3a, 0x2b,
  0x42, 0x2b, 0x42, 0x2b, 0x39, 0xea, 0x31, 0xea, 0x39, 0xea, 0x42, 0x8d,
  0x62, 0xce, 0x62, 0xce, 0x4a, 0x2b, 0x39, 0xeb, 0x42, 0x2b, 0x3a, 0x2b,
  0x41, 0xea, 0x52, 0x8d, 0x62, 0xee, 0x52, 0xad, 0x62, 0xcd, 0x5a, 0xce,
  0x6a, 0xee, 0x5a, 0xad, 0x62, 0xcd, 0x5a, 0xcd, 0x5a, 0xcd, 0x63, 0x2f,
  0x6b, 0x0e, 0x6b, 0x2f, 0x52, 0xad, 0x4a, 0xad, 0x59, 0x68, 0x82, 0xee,
  0x8a, 0xad, 0x72, 0x2b, 0x6a, 0x8d, 0x83, 0xb1, 0xbc, 0xd4, 0xc5, 0x56,
  0x7b, 0x70, 0x6a, 0xee, 0x62, 0x4b, 0x94, 0x12, 0xd5, 0xf6, 0xff, 0x7c,
  0xff, 0x3a, 0xff, 0x7b, 0xde, 0x78, 0xb5, 0x53, 0xee, 0x98, 0xff, 0x5b,
  0xff, 0x3a, 0xf7, 0x3a, 0xff, 0x3a, 0xff, 0x5b, 0xff, 0x1a, 0xff, 0x3a,
  0xe7, 0x5b, 0xde, 0xd8, 0xdf, 0x39, 0xe7, 0x18, 0xe7, 0x5c, 0xff, 0xde,
  0xff, 0xdf, 0xff, 0xbe, 0xff, 0xbe, 0xff, 0xbe, 0xff, 0xbf, 0xff, 0x9e,
  0xff, 0xbe, 0xff, 0xbe, 0xff, 0xbf, 0xff, 0x9e, 0xf7, 0xbc, 0xef, 0x3a,
  0xef, 0x7c, 0xf7, 0x7c, 0xe7, 0x39, 0xe7, 0x19, 0xe7, 0x3b, 0xff, 0xdd,
  0xff, 0x9e, 0xff, 0x7d, 0xff, 0xbe, 0xff, 0x7d, 0xff, 0x9e, 0xff, 0x9d,
  0xff, 0x9e, 0xff, 0x9d, 0xff, 0x9e, 0xff, 0x9d, 0xff, 0x9d, 0xff, 0x9d,
  0xff, 0x9d, 0xff, 0x9d, 0xf7, 0x7d, 0xf7, 0x5c, 0xff, 0x9d, 0xff, 0x7d,
  0xff, 0x9e, 0xff, 0x9d, 0xf7, 0x9d, 0xff, 0x7d, 0xf7, 0x9d, 0xff, 0x7c,
  0xf7, 0x7d, 0xff, 0x7c, 0xf7, 0x9d, 0xff, 0x9d, 0xf7, 0x7d, 0xff, 0x7d,
  0xff, 0x9d, 0xf7, 0x5c, 0xf7, 0x7d, 0xff, 0x9d, 0xff, 0x9e, 0xff, 0x5d,
  0xf7, 0x9e, 0xf7, 0x7d, 0xe7, 0x1a, 0xef, 0x1a, 0xff, 0x5b, 0xff, 0x3a,
  0xf7, 0x1a, 0xff, 0x3a, 0xf7, 0x3a, 0xff, 0x3a, 0xff, 0x3b, 0xff, 0x1a,
  0xff, 0x5b, 0xff, 0x5b, 0xff, 0x5b, 0xff, 0x3a, 0xf7, 0x3b, 0xff, 0x5b,
  0xff, 0x5b, 0xff, 0x3a, 0xff, 0x5b, 0xff, 0x5b, 0xff, 0x5b, 0xff, 0x3a,
  0xf7, 0x3b, 0xff, 0x5b, 0xff, 0x5b, 0xf7, 0x1a, 0xff, 0x5b, 0xff, 0x3a,
  0xf7, 0x3b, 0xff, 0x3a, 0xf7, 0x3b, 0xff, 0x3a, 0xff, 0x3b, 0xff, 0x3a,
  0xf7, 0x3b, 0xff, 0x5b, 0xff, 0x5b, 0xff, 0x3a, 0xff, 0x5b, 0xff, 0x3a,
  0xff, 0x5b, 0xff, 0x3a, 0xff, 0x5b, 0xff, 0x3a, 0xff, 0x5b, 0xff, 0x3a,
  0xf7, 0x3a, 0xff, 0x5b, 0xff, 0x5b, 0xff, 0x3a, 0xff, 0x5b, 0xff, 0x3a,
  0xff, 0x3b, 0xff, 0x5b, 0xff, 0x5b, 0xff, 0x1a, 0xff, 0x3a, 0xfe, 0xf9,
  0xef, 0x7b, 0xbd, 0xd4, 0x7d, 0x76, 0x85, 0x76, 0x85, 0xd8, 0x85, 0x96,
  0x9d, 0x74, 0xdf, 0x3b, 0xff, 0x5b, 0xff, 0x3a, 0xff, 0x5b, 0xff, 0x3b,
  0xff, 0x5b, 0xff, 0x3a, 0xf7, 0x3b, 0xff, 0x3a, 0xff, 0x5b, 0xff, 0x3b,
  0xf7, 0x1a, 0xff, 0x5b, 0xff, 0x5b, 0xff, 0x3a, 0xff, 0x3b, 0xee, 0x98,
  0xbd, 0x56, 0x62, 0x8b, 0x52, 0x8d, 0x7b, 0xd2, 0x4a, 0x6c, 0x62, 0xee,
  0x52, 0xae, 0x6b, 0x2f, 0x31, 0xeb, 0x31, 0xea, 0x29, 0xca, 0x42, 0x4c,
  0x42, 0x6c, 0x31, 0xa9, 0x29, 0xeb, 0x31, 0xeb, 0x29, 0xeb, 0x31, 0xca,
  0x31, 0xeb, 0x31, 0xca, 0x31, 0xea, 0x5a, 0xee, 0x3a, 0x0b, 0x4a, 0x4c,
  0x62, 0xee, 0x62, 0xce, 0x52, 0xae, 0x41, 0xeb, 0x32, 0x0b, 0x4a, 0x6c,
  0x52, 0xce, 0x4a, 0x6c, 0x4a, 0x6c, 0x4a, 0x2b, 0x62, 0xee, 0x62, 0xad,
  0x42, 0x4c, 0x39, 0xca, 0x3a, 0x4c, 0x42, 0x2b, 0x3a, 0x0b, 0x52, 0x8d,
  0x52, 0xce, 0x42, 0x0b, 0x31, 0xca, 0x4a, 0x4c, 0x62, 0xef, 0x62, 0xae,
  0x3a, 0x2c, 0x42, 0x2b, 0x3a, 0x2c, 0x3a, 0x0b, 0x42, 0x4c, 0x42, 0x2b,
  0x3a, 0x0b, 0x5a, 0xce, 0x5a, 0x8d, 0x5a, 0x8d, 0x5a, 0xef, 0x5a, 0xce,
  0x4a, 0xae, 0x4a, 0x6d, 0x4a, 0x6d, 0x4a, 0x2c, 0x4a, 0x2c, 0x4a, 0x0c,
  0x42, 0x4c, 0x4a, 0x4c, 0x3a, 0x2b, 0x4a, 0x6d, 0x4a, 0x2c, 0x52, 0x4c,
  0x62, 0xee, 0x83, 0xd1, 0xc5, 0x16, 0xe5, 0xf9, 0xee, 0x9b, 0xd5, 0x97,
  0x73, 0x70, 0x62, 0xcd, 0x5a, 0x6c, 0x9c, 0x12, 0xe6, 0x99, 0xff, 0x5c,
  0xf7, 0x3b, 0xff, 0x3a, 0xde, 0x99, 0xce, 0x16, 0xe6, 0xb9, 0xff, 0x5b,
  0xff, 0x5b, 0xff, 0x3a, 0xf7, 0x3b, 0xff, 0x1a, 0xff, 0x5b, 0xff, 0x3a,
  0xef, 0x39, 0xef, 0x5a, 0xe7, 0x38, 0xe7, 0x39, 0xde, 0xf8, 0xe7, 0x7a,
  0xff, 0xde, 0xff, 0xde, 0xff, 0xbd, 0xff, 0xde, 0xff, 0x9d, 0xff, 0x9e,
  0xff, 0xbe, 0xff, 0xbe, 0xff, 0xbd, 0xf7, 0x9d, 0xf7, 0x5a, 0xef, 0x5b,
  0xff, 0x9b, 0xe7, 0x5a, 0xe7, 0x18, 0xe7, 0x3a, 0xff, 0x9d, 0xff, 0x9e,
  0xff, 0x9d, 0xff, 0xbd, 0xff, 0xbd, 0xff, 0xbd, 0xff, 0x9d, 0xff, 0x9d,
  0xff, 0x9d, 0xff, 0x9d, 0xff, 0xbd, 0xff, 0xbd, 0xff, 0x9d, 0xff, 0xbd,
  0xff, 0x9d, 0xff, 0xbd, 0xff, 0x9d, 0xff, 0x9d, 0xff, 0x9d, 0xff, 0xbd,
  0xff, 0x9d, 0xf7, 0x9d, 0xff, 0x7c, 0xf7, 0x9d, 0xff, 0x7c, 0xf7, 0x9d,
  0xff, 0x7c, 0xff, 0x9d, 0xff, 0x9c, 0xf7, 0x9d, 0xff, 0x7c, 0xff, 0x9d,
  0xff, 0x7c, 0xf7, 0x7d, 0xff, 0x9c, 0xff, 0x9d, 0xff, 0x7d, 0xf7, 0x9d,
  0xf7, 0x9c, 0xef, 0x5c, 0xe6, 0xd8, 0xf7, 0x5a, 0xff, 0x1a, 0xff, 0x3a,
  0xff, 0x3a, 0xff, 0x5b, 0xff, 0x3a, 0xff, 0x5b, 0xff, 0x3a, 0xf7, 0x3a,
  0xff, 0x3a, 0xff, 0x5b, 0xff, 0x3a, 0xff, 0x5b, 0xff, 0x5a, 0xff, 0x5b,
  0xff, 0x3a, 0xff, 0x7b, 0xff, 0x5a, 0xff, 0x5b, 0xff, 0x5a, 0xff, 0x5b,
  0xff, 0x3a, 0xff, 0x5b, 0xff, 0x5a, 0xff, 0x7b, 0xff, 0x7b, 0xff, 0x5b,
  0xff, 0x5a, 0xff, 0x3a, 0xff, 0x5a, 0xff, 0x5b, 0xff, 0x5b, 0xff, 0x3b,
  0xff, 0x3a, 0xff, 0x5a, 0xff, 0x5a, 0xff, 0x3a, 0xff, 0x5a, 0xff, 0x5b,
  0xff, 0x5a, 0xff, 0x5b, 0xff, 0x5a, 0xff, 0x5a, 0xff, 0x3a, 0xff, 0x5a,
  0xff, 0x3a, 0xff, 0x5b, 0xff, 0x5a, 0xff, 0x5b, 0xff, 0x3a, 0xf7, 0x1a,
  0xff, 0x3a, 0xff, 0x5a, 0xff, 0x3a, 0xf7, 0x3b, 0xff, 0x3a, 0xff, 0x3a,
  0xf7, 0x7a, 0xce, 0x56, 0x85, 0x56, 0x85, 0x76, 0x8d, 0xb7, 0x7d, 0x97,
  0x8d, 0x13, 0xc6, 0xfa, 0xff, 0x5a, 0xff, 0x3a, 0xff, 0x5b, 0xff, 0x7c,
  0xff, 0x5a, 0xff, 0x5b, 0xff, 0x5a, 0xff, 0x3a, 0xff, 0x3a, 0xff, 0x5b,
  0xff, 0x5a, 0xff, 0x7b, 0xff, 0x3a, 0xff, 0x5b, 0xff, 0x3a, 0xff, 0x3a,
  0xde, 0x38, 0x9c, 0x71, 0x5a, 0x6c, 0x6b, 0x2f, 0x83, 0xb1, 0x62, 0xce,
  0x4a, 0x6c, 0x5b, 0x0e, 0x52, 0xad, 0x29, 0xaa, 0x31, 0xca, 0x3a, 0x4c,
  0x42, 0x2b, 0x31, 0xea, 0x39, 0xeb, 0x31, 0xeb, 0x31, 0xca, 0x29, 0xea,
  0x31, 0xea, 0x29, 0xea, 0x5a, 0x8d, 0x52, 0xad, 0x52, 0x4c, 0x5a, 0xce,
  0x62, 0xed, 0x4a, 0x8c, 0x39, 0xea, 0x3a, 0x4c, 0x52, 0x6c, 0x4a, 0x8d,
  0x52, 0x6c, 0x4a, 0x4c, 0x6a, 0xee, 0x6b, 0x50, 0x5a, 0xcd, 0x42, 0x2b,
  0x3a, 0x2b, 0x3a, 0x4b, 0x4a, 0x0b, 0x4a, 0x4c, 0x5a, 0xad, 0x52, 0x8d,
  0x42, 0x2b, 0x52, 0xee, 0x73, 0x0f, 0x6a, 0xef, 0x42, 0x2b, 0x31, 0xca,
  0x42, 0x2b, 0x42, 0x4c, 0x4a, 0x4c, 0x3a, 0x2b, 0x4a, 0x4c, 0x4a, 0x8d,
  0x5a, 0xcd, 0x5a, 0xee, 0x5a, 0xad, 0x4a, 0x8d, 0x42, 0x2b, 0x4a, 0x6c,
  0x4a, 0x2b, 0x42, 0x0b, 0x4a, 0x4c, 0x4a, 0x4c, 0x42, 0x2b, 0x42, 0x6c,
  0x52, 0x8c, 0x5a, 0xce, 0x73, 0x30, 0x6b, 0x30, 0x73, 0x4f, 0x7b, 0xb1,
  0x94, 0x11, 0xbd, 0x77, 0xee, 0x39, 0xe6, 0x39, 0xf6, 0x7b, 0xc5, 0x57,
  0x7b, 0x2f, 0x6a, 0xae, 0x6a, 0x8b, 0x94, 0x11, 0xf6, 0xf9, 0xff, 0x5b,
  0xff, 0x3a, 0xff, 0x3a, 0xe6, 0x98, 0xd6, 0x37, 0xe6, 0x77, 0xff, 0x9c,
  0xff, 0x3a, 0xff, 0x5a, 0xff, 0x5a, 0xff, 0x3a, 0xff, 0x3a, 0xff, 0x5b,
  0xe7, 0x19, 0xe6, 0xd8, 0xd6, 0xd8, 0xde, 0xd8, 0xce, 0xd7, 0xce, 0x96,
  0xe7, 0x3b, 0xff, 0xdd, 0xff, 0xbe, 0xff, 0xbe, 0xff, 0xbe, 0xff, 0x7d,
  0xff, 0xbf, 0xff, 0xbe, 0xf7, 0x9c, 0xf7, 0x5a, 0xe7, 0x1b, 0xf7, 0x7c,
  0xe7, 0x3a, 0xe7, 0x19, 0xef, 0x3c, 0xff, 0x9d, 0xff, 0xbe, 0xff, 0x7d,
  0xf7, 0x9d, 0xff, 0x7d, 0xff, 0x9d, 0xff, 0x9d, 0xf7, 0x9d, 0xff, 0x7d,
  0xf7, 0x7d, 0xff, 0x7d, 0xf7, 0x9e, 0xff, 0x9d, 0xff, 0x9d, 0xff, 0x9d,
  0xff, 0x9d, 0xff, 0x9d, 0xff, 0x9d, 0xff, 0x9d, 0xf7, 0x9d, 0xff, 0x7d,
  0xff, 0xbe, 0xff, 0x7d, 0xf7, 0x7d, 0xff, 0x7d, 0xf7, 0x7d, 0xf7, 0x5c,
  0xff, 0x9d, 0xff, 0x7c, 0xff, 0x9d, 0xff, 0x7d, 0xf7, 0x7d, 0xf7, 0x5c,
  0xff, 0x9d, 0xff, 0x7c, 0xf7, 0x5c, 0xff, 0x7c, 0xf7, 0x7d, 0xff, 0x9d,
  0xf7, 0x9d, 0xef, 0x3b, 0xef, 0x1a, 0xff, 0x5b, 0xff, 0x3a, 0xff, 0x3a,
  0xff, 0x5b, 0xff, 0x3b, 0xf7, 0x3b, 0xff, 0x5b, 0xf7, 0x3a, 0xff, 0x3a,
  0xff, 0x3b, 0xff, 0x3a, 0xff, 0x3b, 0xff, 0x3a, 0xff, 0x5b, 0xff, 0x1a,
  0xff, 0x5b, 0xff, 0x3a, 0xf7, 0x3b, 0xff, 0x3a, 0xf7, 0x3b, 0xff, 0x5b,
  0xff, 0x7b, 0xff, 0x3a, 0xf7, 0x3b, 0xff, 0x3a, 0xff, 0x5b, 0xff, 0x3a,
  0xf7, 0x3b, 0xff, 0x3a, 0xff, 0x5b, 0xff, 0x1a, 0xff, 0x3b, 0xff, 0x1a,
  0xf7, 0x3b, 0xff, 0x3a, 0xff, 0x5b, 0xff, 0x1a, 0xf7, 0x3b, 0xff, 0x5b,
  0xff, 0x5b, 0xff, 0x3a, 0xff, 0x5b, 0xff, 0x5b, 0xf7, 0x3b, 0xff, 0x5b,
  0xff, 0x7b, 0xff, 0x3a, 0xff, 0x5b, 0xff, 0x5b, 0xff, 0x5b, 0xff, 0x3a,
  0xff, 0x5b, 0xff, 0x3a, 0xff, 0x3b, 0xff, 0x5b, 0xff, 0x5b, 0xff, 0x3a,
  0xff, 0x7b, 0xe6, 0x97, 0x8d, 0xb7, 0x9d, 0xd7, 0x85, 0xd9, 0x85, 0xb8,
  0x7d, 0x14, 0xae, 0x59, 0xff, 0x3b, 0xff, 0x3a, 0xff, 0x5b, 0xff, 0x3a,
  0xff, 0x5b, 0xff, 0x3a, 0xff, 0x7b, 0xff, 0x7b, 0xff, 0x5b, 0xff, 0x5b,
  0xff, 0x5b, 0xff, 0x5b, 0xff, 0x7b, 0xff, 0x5b, 0xff, 0x5b, 0xff, 0x5b,
  0xee, 0xda, 0x9c, 0x2f, 0x73, 0x50, 0x73, 0x2f, 0x7b, 0x70, 0x93, 0xf2,
  0x5a, 0xee, 0x52, 0x4b, 0x52, 0xef, 0x39, 0xeb, 0x31, 0xeb, 0x31, 0xca,
  0x29, 0xca, 0x31, 0xea, 0x29, 0xca, 0x31, 0xca, 0x29, 0xeb, 0x31, 0xea,
  0x29, 0xca, 0x39, 0xeb, 0x62, 0xef, 0x41, 0xeb, 0x6b, 0x10, 0x62, 0xce,
  0x42, 0x8d, 0x39, 0xea, 0x3a, 0x2c, 0x42, 0x4c, 0x4a, 0x6c, 0x4a, 0x4c,
  0x5a, 0xae, 0x7b, 0x71, 0x6b, 0x30, 0x52, 0x2c, 0x3a, 0x4c, 0x42, 0x4c,
  0x42, 0x2c, 0x4a, 0x6c, 0x52, 0xad, 0x62, 0xee, 0x5a, 0x8d, 0x62, 0xad,
  0x6b, 0x30, 0x62, 0xae, 0x42, 0x6d, 0x42, 0x2c, 0x3a, 0x0b, 0x42, 0x4c,
  0x4a, 0x6d, 0x42, 0x0b, 0x31, 0xca, 0x4a, 0x4c, 0x5a, 0xef, 0x52, 0x8d,
  0x3a, 0x0b, 0x42, 0x0b, 0x39, 0xea, 0x4a, 0x6c, 0x4a, 0x6c, 0x5a, 0xad,
  0x5a, 0xee, 0x62, 0xee, 0x6b, 0x2f, 0x6a, 0xee, 0x5a, 0xad, 0x62, 0xee,
  0x5a, 0xae, 0x62, 0xae, 0x52, 0xad, 0x4a, 0x4b, 0x7b, 0xb0, 0xa4, 0xb4,
  0xde, 0x1a, 0xd5, 0xb9, 0xd5, 0xd9, 0xdd, 0xd9, 0xe6, 0xdc, 0xa4, 0x73,
  0x6b, 0x0f, 0x5a, 0x6d, 0x6a, 0xac, 0xa4, 0x52, 0xff, 0x7b, 0xff, 0x3a,
  0xff, 0x3b, 0xee, 0xb9, 0xde, 0x78, 0xf6, 0xfa, 0xd6, 0x37, 0xff, 0x1a,
  0xff, 0x3b, 0xff, 0x1a, 0xff, 0x5b, 0xff, 0x5b, 0xff, 0x5b, 0xff, 0x1a,
  0xbc, 0xf2, 0xe6, 0x99, 0xdf, 0x18, 0xdf, 0x5a, 0xf7, 0x59, 0xef, 0x39,
  0xde, 0xd7, 0xe7, 0x39, 0xff, 0xbe, 0xff, 0xbe, 0xff, 0x9d, 0xff, 0xbe,
  0xff, 0xbd, 0xff, 0xbd, 0xf7, 0x7b, 0xef, 0x3a, 0xff, 0x9c, 0xef, 0x5b,
  0xef, 0x39, 0xe7, 0x3a, 0xff, 0xbd, 0xf7, 0xbd, 0xff, 0x9d, 0xff, 0xbe,
  0xff, 0xbd, 0xff, 0xbd, 0xff, 0x9d, 0xff, 0xbe, 0xff, 0x9d, 0xff, 0xbd,
  0xff, 0x9d, 0xff, 0x9d, 0xff, 0x9d, 0xff, 0xbd, 0xff, 0x9d, 0xf7, 0x7d,
  0xff, 0x7c, 0xff, 0x9d, 0xff, 0x9d, 0xf7, 0x9d, 0xff, 0x9c, 0xff, 0x9d,
  0xff, 0x9d, 0xff, 0x9d, 0xff, 0x7c, 0xff, 0x9d, 0xff, 0x9d, 0xff, 0x9d,
  0xff, 0x7c, 0xff, 0xbd, 0xff, 0x7c, 0xf7, 0x7c, 0xff, 0x7c, 0xff, 0x9d,
  0xff, 0x7c, 0xf7, 0x9d, 0xff, 0x7c, 0xf7, 0x5c, 0xf7, 0x7c, 0xf7, 0x7c,
  0xf7, 0x7b, 0xe7, 0x1a, 0xff, 0x3a, 0xff, 0x5b, 0xff, 0x3a, 0xf7, 0x3a,
  0xff, 0x5a, 0xf7, 0x3a, 0xff, 0x1a, 0xff, 0x3a, 0xff, 0x19, 0xff, 0x5b,
  0xff, 0x1a, 0xff, 0x5b, 0xff, 0x5a, 0xff, 0x5b, 0xff, 0x3a, 0xff, 0x3a,
  0xff, 0x5a, 0xff, 0x5a, 0xff, 0x3a, 0xff, 0x5b, 0xff, 0x5b, 0xff, 0x5b,
  0xff, 0x3a, 0xff, 0x5b, 0xff, 0x3a, 0xff, 0x5b, 0xff, 0x5a, 0xff, 0x5b,
  0xff, 0x3a, 0xff, 0x7b, 0xff, 0x3a, 0xff, 0x3a, 0xff, 0x5b, 0xff, 0x5b,
  0xff, 0x3a, 0xff, 0x5b, 0xff, 0x5a, 0xf7, 0x3a, 0xff, 0x3a, 0xff, 0x5b,
  0xff, 0x3a, 0xff, 0x5b, 0xff, 0x5b, 0xff, 0x5b, 0xff, 0x5a, 0xff, 0x5b,
  0xff, 0x3a, 0xf7, 0x3a, 0xff, 0x3a, 0xff, 0x5b, 0xff, 0x5a, 0xff, 0x5b,
  0xff, 0x3a, 0xff, 0x5b, 0xff, 0x1a, 0xff, 0x5b, 0xff, 0x3a, 0xf7, 0x3a,
  0xff, 0x3a, 0xee, 0xf9, 0xa6, 0x17, 0x9d, 0xd6, 0x85, 0x97, 0x85, 0xd8,
  0x85, 0x34, 0x7d, 0x55, 0xf6, 0xf9, 0xff, 0x7c, 0xff, 0x5a, 0xff, 0x5a,
  0xff, 0x3a, 0xff, 0x5b, 0xf7, 0x1a, 0xee, 0xfa, 0xf6, 0xf9, 0xe6, 0xb9,
  0xee, 0xb8, 0xee, 0xd9, 0xf6, 0xf9, 0xee, 0xf9, 0xff, 0x1a, 0xf7, 0x3a,
  0xee, 0xda, 0xbd, 0x54, 0x4a, 0x2b, 0x63, 0x2f, 0x8b, 0xb1, 0x94, 0x12,
  0xac, 0x74, 0x9c, 0x33, 0x52, 0xad, 0x31, 0xea, 0x32, 0x0a, 0x29, 0xea,
  0x31, 0xca, 0x31, 0xea, 0x31, 0xca, 0x31, 0xea, 0x32, 0x0a, 0x2a, 0x0a,
  0x31, 0xa9, 0x4a, 0x8d, 0x4a, 0x2b, 0x4a, 0x6c, 0x62, 0xee, 0x5a, 0xee,
  0x39, 0xca, 0x42, 0x4c, 0x52, 0xad, 0x52, 0xad, 0x52, 0x6c, 0x6b, 0x50,
  0x6b, 0x0e, 0x52, 0x8c, 0x52, 0x6c, 0x4a, 0x6c, 0x4a, 0x2b, 0x4a, 0x6c,
  0x62, 0xad, 0x63, 0x0f, 0x6a, 0xcd, 0x7b, 0x70, 0x73, 0x70, 0x4a, 0x6d,
  0x42, 0x2a, 0x3a, 0x2b, 0x42, 0x4b, 0x3a, 0x2b, 0x31, 0xea, 0x31, 0xeb,
  0x31, 0xea, 0x32, 0x2b, 0x42, 0x4b, 0x3a, 0x2b, 0x41, 0xea, 0x39, 0xea,
  0x52, 0x8c, 0x52, 0xce, 0x5a, 0x8d, 0x62, 0xee, 0x62, 0xcd, 0x52, 0x8d,
  0x4a, 0x4c, 0x3a, 0x2b, 0x42, 0x4c, 0x3a, 0x4c, 0x39, 0xea, 0x32, 0x0b,
  0x31, 0xc9, 0x3a, 0x0b, 0x52, 0x4b, 0x6b, 0x4f, 0xa4, 0x32, 0x93, 0xd1,
  0x83, 0xb0, 0x7b, 0xb0, 0xc5, 0x35, 0xee, 0x7b, 0xee, 0x7b, 0x93, 0xb0,
  0x73, 0x2e, 0x62, 0xcd, 0x7a, 0xcc, 0xb4, 0xb4, 0xff, 0x7b, 0xff, 0x5a,
  0xf6, 0xfa, 0xde, 0x57, 0xe6, 0x77, 0xff, 0x7c, 0xd6, 0x16, 0xf7, 0x1a,
  0xff, 0x5a, 0xff, 0x5b, 0xff, 0x5a, 0xff, 0x5a, 0xff, 0x5a, 0xf7, 0x3a,
  0xb3, 0xf1, 0xfe, 0x5b, 0xf7, 0x3b, 0xf7, 0x1a, 0xef, 0x1a, 0xee, 0xf9,
  0xe7, 0x18, 0xe6, 0xd7, 0xe7, 0x3b, 0xff, 0xde, 0xff, 0xbe, 0xff, 0xbe,
  0xf7, 0x9c, 0xf7, 0x7b, 0xef, 0x3b, 0xf7, 0x3b, 0xef, 0x7b, 0xef, 0x3a,
  0xe7, 0x3b, 0xff, 0x9c, 0xff, 0x9e, 0xff, 0x9d, 0xff, 0x9e, 0xff, 0x7d,
  0xf7, 0x9e, 0xff, 0x9d, 0xf7, 0x9e, 0xff, 0x9e, 0xff, 0x9e, 0xff, 0x9d,
  0xff, 0xbe, 0xff, 0x9d, 0xf7, 0x9d, 0xff, 0x7d, 0xff, 0x9e, 0xff, 0x7d,
  0xf7, 0x9d, 0xff, 0x7d, 0xf7, 0x9d, 0xf7, 0x5c, 0xff, 0x9d, 0xff, 0x7d,
  0xf7, 0x7d, 0xff, 0x7c, 0xf7, 0x9d, 0xff, 0x7c, 0xff, 0x9d, 0xff, 0x9d,
  0xf7, 0x9d, 0xff, 0x9d, 0xf7, 0x7d, 0xf7, 0x5c, 0xf7, 0x7d, 0xf7, 0x5c,
  0xf7, 0x7d, 0xff, 0x9d, 0xf7, 0x7d, 0xf7, 0x5c, 0xf7, 0x9d, 0xff, 0x7c,
  0xef, 0x5b, 0xee, 0xf9, 0xff, 0x5b, 0xff, 0x3a, 0xf7, 0x5b, 0xff, 0x3a,
  0xff, 0x5b, 0xff, 0x3a, 0xff, 0x3b, 0xff, 0x1a, 0xff, 0x3b, 0xff, 0x3a,
  0xff, 0x5b, 0xff, 0x5b, 0xff, 0x5b, 0xff, 0x3a, 0xff, 0x3b, 0xff, 0x3a,
  0xff, 0x5b, 0xff, 0x3a, 0xff, 0x7b, 0xff, 0x5b, 0xf7, 0x3b, 0xff, 0x3a,
  0xf7, 0x3a, 0xff, 0x1a, 0xf7, 0x3b, 0xff, 0x5b, 0xff, 0x5b, 0xff, 0x3a,
  0xff, 0x5b, 0xff, 0x3a, 0xff, 0x7b, 0xff, 0x5b, 0xf7, 0x3b, 0xff, 0x5b,
  0xff, 0x5b, 0xff, 0x5b, 0xff, 0x5b, 0xff, 0x5b, 0xf7, 0x3b, 0xff, 0x1a,
  0xff, 0x5b, 0xff, 0x3b, 0xff, 0x5b, 0xff, 0x3b, 0xff, 0x5b, 0xff, 0x3a,
  0xff, 0x5b, 0xff, 0x3a, 0xf7, 0x3a, 0xff, 0x3a, 0xf7, 0x3a, 0xff, 0x3a,
  0xf7, 0x5b, 0xff, 0x3a, 0xff, 0x3b, 0xff, 0x3b, 0xff, 0x5b, 0xff, 0x3a,
  0xff, 0x3a, 0xff, 0x19, 0xae, 0x37, 0x9d, 0x95, 0x7d, 0x77, 0x85, 0x78,
  0x7d, 0x97, 0x7d, 0x56, 0xde, 0x99, 0xf7, 0x3b, 0xee, 0xf9, 0xf6, 0xd9,
  0xe6, 0xd9, 0xe6, 0x98, 0xe6, 0x99, 0xee, 0x98, 0xe6, 0xb9, 0xe6, 0x78,
  0xe6, 0x98, 0xee, 0xb8, 0xde, 0x99, 0xde, 0x58, 0xd6, 0x37, 0xde, 0x37,
  0xce, 0x17, 0xb5, 0x33, 0x5a, 0xee, 0x41, 0xca, 0x42, 0x4b, 0x5a, 0xad,
  0x6b, 0x0f, 0x6a, 0xce, 0x32, 0x0b, 0x39, 0xea, 0x29, 0xea, 0x29, 0xc9,
  0x21, 0xca, 0x29, 0xca, 0x31, 0xca, 0x39, 0xea, 0x29, 0xea, 0x29, 0xca,
  0x29, 0xca, 0x63, 0x2f, 0x52, 0xad, 0x5a, 0xad, 0x5b, 0x0f, 0x41, 0xea,
  0x42, 0x4c, 0x4a, 0x4c, 0x5a, 0xae, 0x6a, 0xee, 0x6b, 0x50, 0x5a, 0x8d,
  0x3a, 0x2b, 0x4a, 0x4c, 0x4a, 0x8d, 0x4a, 0x6c, 0x62, 0xef, 0x73, 0x50,
  0x73, 0x4f, 0x7b, 0x4f, 0x63, 0x0f, 0x5a, 0x8d, 0x31, 0xeb, 0x42, 0x0b,
  0x4a, 0x8d, 0x42, 0x4c, 0x4a, 0x2c, 0x4a, 0x2b, 0x4a, 0x4c, 0x52, 0x4c,
  0x52, 0x6d, 0x5a, 0x6d, 0x4a, 0x2c, 0x52, 0x6d, 0x5a, 0xae, 0x5a, 0xae,
  0x52, 0xae, 0x42, 0x0b, 0x32, 0x0b, 0x31, 0xea, 0x31, 0xeb, 0x31, 0xca,
  0x31, 0xeb, 0x39, 0xca, 0x3a, 0x0b, 0x4a, 0x4c, 0x52, 0xae, 0x6a, 0xef,
  0x6b, 0x2f, 0x83, 0x91, 0x8b, 0xd1, 0x94, 0x12, 0x9c, 0x33, 0xa4, 0x74,
  0xa4, 0x94, 0xb4, 0xf5, 0xd5, 0xb7, 0xf6, 0xbb, 0xcd, 0x99, 0x8b, 0x4f,
  0x7b, 0x71, 0x62, 0xad, 0x93, 0x4f, 0xed, 0xf9, 0xff, 0x7b, 0xff, 0x5a,
  0xe6, 0x99, 0xcd, 0xd5, 0xef, 0x1a, 0xff, 0x7c, 0xde, 0x78, 0xf6, 0xfa,
  0xff, 0x7c, 0xff, 0x1a, 0xff, 0x5b, 0xf7, 0x1a, 0xf7, 0x3a, 0xff, 0x3a,
  0xe6, 0x57, 0xf7, 0x1a, 0xef, 0x39, 0xef, 0x39, 0xef, 0x18, 0xef, 0x19,
  0xe7, 0x18, 0xde, 0xf7, 0xde, 0xd7, 0xef, 0x7a, 0xff, 0xde, 0xff, 0xbe,
  0xff, 0x9c, 0xff, 0x7c, 0xf7, 0x5b, 0xef, 0x5b, 0xe7, 0x19, 0xe7, 0x3a,
  0xff, 0x7c, 0xff, 0xbe, 0xff, 0x9d, 0xff, 0xbe, 0xff, 0xbd, 0xff, 0xbd,
  0xff, 0x9d, 0xff, 0xbd, 0xff, 0x9d, 0xf7, 0x9d, 0xff, 0x9d, 0xff, 0xbd,
  0xff, 0x9d, 0xff, 0xbe, 0xff, 0x9d, 0xff, 0x9d, 0xff, 0x7d, 0xff, 0x9d,
  0xff, 0x9d, 0xff, 0xbd, 0xff, 0x9d, 0xff, 0xbd, 0xff, 0x9d, 0xf7, 0x7c,
  0xff, 0x7c, 0xff, 0xbd, 0xff, 0x7c, 0xf7, 0x9d, 0xff, 0x7c, 0xff, 0xbd,
  0xff, 0x7c, 0xff, 0x9d, 0xff, 0x7c, 0xf7, 0x9d, 0xff, 0x7c, 0xf7, 0x9d,
  0xff, 0x7c, 0xff, 0x9d, 0xff, 0x7c, 0xff, 0x9d, 0xff, 0x7c, 0xf7, 0x9d,
  0xee, 0xf9, 0xf7, 0x7b, 0xff, 0x5a, 0xff, 0x5a, 0xff, 0x7b, 0xff, 0x5b,
  0xff, 0x3a, 0xff, 0x5b, 0xff, 0x5a, 0xff, 0x7b, 0xff, 0x5a, 0xff, 0x7b,
  0xff, 0x5a, 0xff, 0x5b, 0xff, 0x5a, 0xff, 0x5a, 0xff, 0x3a, 0xff, 0x5a,
  0xff, 0x5a, 0xff, 0x5b, 0xff, 0x3a, 0xff, 0x5b, 0xff, 0x3a, 0xff, 0x5a,
  0xff, 0x3a, 0xff, 0x3a, 0xff, 0x5a, 0xff, 0x5a, 0xff, 0x3a, 0xff, 0x5a,
  0xff, 0x5a, 0xff, 0x5b, 0xff, 0x5a, 0xf7, 0x3a, 0xff, 0x1a, 0xff, 0x5b,
  0xff, 0x3a, 0xff, 0x5b, 0xff, 0x5b, 0xff, 0x5b, 0xff, 0x3a, 0xff, 0x5b,
  0xff, 0x5a, 0xff, 0x5b, 0xff, 0x3a, 0xff, 0x5b, 0xff, 0x5b, 0xff, 0x3b,
  0xff, 0x3b, 0xff, 0x5b, 0xff, 0x1a, 0xff, 0x5b, 0xff, 0x5b, 0xff, 0x7b,
  0xff, 0x3a, 0xff, 0x7b, 0xff, 0x3a, 0xff, 0x3b, 0xff, 0x3a, 0xff, 0x5b,
  0xff, 0x5a, 0xff, 0x5b, 0xce, 0xb9, 0x9d, 0x94, 0x8d, 0xb8, 0x85, 0xb8,
  0x7d, 0x56, 0x6c, 0xf4, 0xbd, 0x94, 0xef, 0x5c, 0xf7, 0x19, 0xf7, 0x3a,
  0xff, 0x5a, 0xff, 0x5b, 0xff, 0x5b, 0xff, 0x7b, 0xff, 0x5a, 0xff, 0x9b,
  0xff, 0x5b, 0xff, 0x7b, 0xff, 0x5a, 0xff, 0x7b, 0xff, 0x5b, 0xff, 0x5b,
  0xff, 0x1a, 0xe6, 0xb8, 0xbd, 0x96, 0x73, 0x6e, 0x4a, 0x4c, 0x42, 0x2b,
  0x3a, 0x0b, 0x29, 0xca, 0x42, 0x2b, 0x52, 0xce, 0x5a, 0xad, 0x4a, 0x6c,
  0x42, 0x2b, 0x3a, 0x0b, 0x29, 0xc9, 0x29, 0xca, 0x31, 0xca, 0x3a, 0x0b,
  0x39, 0xa9, 0x52, 0x8d, 0x9b, 0xf2, 0x73, 0x0f, 0x42, 0x2a, 0x42, 0x4b,
  0x52, 0x6c, 0x63, 0x0f, 0x73, 0x4f, 0x6b, 0x0f, 0x4a, 0x4b, 0x4a, 0x8c,
  0x62, 0xac, 0x73, 0x6f, 0x93, 0xb1, 0x8b, 0x91, 0x93, 0xd1, 0x8b, 0x91,
  0x62, 0xee, 0x42, 0x0b, 0x31, 0xc9, 0x3a, 0x6c, 0x6a, 0xee, 0x62, 0xce,
  0x62, 0xad, 0x73, 0x4f, 0x7b, 0x50, 0x7b, 0x70, 0x83, 0x70, 0x7b, 0x70,
  0x83, 0x90, 0x7b, 0x90, 0x83, 0x50, 0x8b, 0xb1, 0x83, 0x2f, 0x7b, 0x30,
  0x73, 0x0f, 0x6b, 0x0f, 0x6a, 0xee, 0x6a, 0xee, 0x73, 0x0f, 0x73, 0x50,
  0x7b, 0x50, 0x73, 0x50, 0x83, 0x90, 0x83, 0xb1, 0x83, 0x70, 0x6b, 0x0e,
  0x72, 0xee, 0x83, 0x90, 0x8b, 0xb1, 0x8b, 0xd2, 0xb4, 0xf5, 0xc5, 0x77,
  0xcd, 0x76, 0xe6, 0x5a, 0xe6, 0x19, 0xfe, 0xdc, 0xac, 0xb4, 0x7b, 0x4f,
  0x6a, 0xce, 0x73, 0x50, 0xb3, 0xb0, 0xf5, 0xf9, 0xff, 0x7b, 0xf7, 0x19,
  0xd6, 0x16, 0xe6, 0xd9, 0xff, 0x3a, 0xff, 0x7c, 0xe6, 0x77, 0xee, 0xd9,
  0xff, 0x7b, 0xff, 0x3b, 0xff, 0x3a, 0xff, 0x5b, 0xff, 0x3a, 0xff, 0x5b,
  0xe7, 0x3a, 0xe6, 0xf9, 0xe7, 0x3a, 0xef, 0x39, 0xef, 0x5a, 0xef, 0x18,
  0xdf, 0x39, 0xef, 0x59, 0xe7, 0x5a, 0xbd, 0xf4, 0xd6, 0x99, 0xff, 0xde,
  0xf7, 0x5c, 0xf7, 0x3b, 0xef, 0x7c, 0xef, 0x3a, 0xe7, 0x1a, 0xf7, 0x5b,
  0xff, 0xbe, 0xff, 0x9d, 0xff, 0xbe, 0xff, 0x9d, 0xff, 0x9e, 0xff, 0x9d,
  0xff, 0xbe, 0xff, 0xbe, 0xff, 0x9e, 0xff, 0x9d, 0xff, 0x9e, 0xff, 0x7d,
  0xff, 0xbe, 0xff, 0x7d, 0xff, 0x9e, 0xff, 0x9d, 0xf7, 0x9d, 0xff, 0x9d,
  0xff, 0x9e, 0xff, 0x9d, 0xf7, 0x9d, 0xff, 0x7d, 0xff, 0x9d, 0xff, 0x7c,
  0xf7, 0x9d, 0xff, 0x9d, 0xff, 0xbe, 0xff, 0x7c, 0xff, 0x9d, 0xff, 0x9d,
  0xf7, 0x9d, 0xff, 0x7c, 0xf7, 0x9d, 0xff, 0x7c, 0xf7, 0x9d, 0xff, 0x9d,
  0xf7, 0x7d, 0xff, 0x7c, 0xf7, 0x9d, 0xff, 0x7c, 0xf7, 0x9d, 0xef, 0x3b,
  0xee, 0xfa, 0xff, 0x5b, 0xff, 0x5b, 0xff, 0x5a, 0xff, 0x5b, 0xf7, 0x1a,
  0xf7, 0x3a, 0xff, 0x5b, 0xff, 0x5b, 0xff, 0x5b, 0xff, 0x5b, 0xff, 0x3a,
  0xff, 0x7b, 0xff, 0x5b, 0xff, 0x5b, 0xff, 0x3a, 0xff, 0x5b, 0xff, 0x3a,
  0xff, 0x5b, 0xff, 0x3a, 0xff, 0x5b, 0xff, 0x5b, 0xff, 0x5b, 0xff, 0x3a,
  0xf7, 0x3b, 0xff, 0x5b, 0xff, 0x5b, 0xff, 0x3a, 0xff, 0x5b, 0xff, 0x5b,
  0xff, 0x5b, 0xff, 0x5b, 0xff, 0x5b, 0xff, 0x3a, 0xf7, 0x3b, 0xff, 0x5b,
  0xff, 0x5b, 0xff, 0x5b, 0xff, 0x5b, 0xff, 0x3a, 0xf7, 0x3a, 0xff, 0x3a,
  0xff, 0x5a, 0xff, 0x3a, 0xff, 0x5b, 0xff, 0x5a, 0xff, 0x3a, 0xff, 0x5b,
  0xff, 0x7b, 0xff, 0x5b, 0xff, 0x5c, 0xff, 0x3b, 0xff, 0x5b, 0xff, 0x3b,
  0xff, 0x5b, 0xff, 0x5b, 0xff, 0x3b, 0xff, 0x3b, 0xff, 0x9c, 0xff, 0x5b,
  0xff, 0x5b, 0xff, 0x1a, 0xdf, 0x3a, 0xad, 0x53, 0x7d, 0x37, 0x85, 0x57,
  0x7d, 0x77, 0x6c, 0xf4, 0x9d, 0x33, 0xef, 0x7c, 0xff, 0x7b, 0xff, 0x3a,
  0xff, 0x7b, 0xff, 0x3a, 0xff, 0x5b, 0xff, 0x3a, 0xff, 0x3b, 0xff, 0x3b,
  0xff, 0x5b, 0xff, 0x5b, 0xff, 0x7b, 0xff, 0x5a, 0xff, 0x5c, 0xff, 0x3b,
  0xff, 0x5b, 0xff, 0x5b, 0xff, 0x5b, 0xde, 0x36, 0x7b, 0xb1, 0x5a, 0x6c,
  0x5a, 0xef, 0x52, 0x6d, 0x63, 0x0f, 0x63, 0x0f, 0x5a, 0xae, 0x5a, 0x8d,
  0x52, 0xce, 0x5a, 0xce, 0x52, 0xae, 0x4a, 0x4c, 0x31, 0xeb, 0x31, 0xca,
  0x29, 0xea, 0x29, 0xca, 0x62, 0xce, 0x8b, 0xf2, 0x7b, 0x50, 0x73, 0x0e,
  0x83, 0xd2, 0x83, 0x70, 0x6a, 0xee, 0x72, 0xee, 0x7b, 0x50, 0x93, 0xd2,
  0xa4, 0x34, 0xa4, 0x13, 0x94, 0x12, 0x7b, 0x0e, 0x4a, 0x8c, 0x42, 0x0a,
  0x42, 0x4c, 0x4a, 0x2c, 0x7b, 0x50, 0x8b, 0x91, 0x73, 0x50, 0x6a, 0xce,
  0x52, 0x8c, 0x4a, 0x2b, 0x42, 0x2c, 0x42, 0x0b, 0x3a, 0x2b, 0x31, 0xca,
  0x3a, 0x0b, 0x4a, 0x4b, 0x5a, 0x8c, 0x62, 0xcd, 0x6b, 0x0f, 0x73, 0x0f,
  0x73, 0x2f, 0x7b, 0x0f, 0x6a, 0xcf, 0x6a, 0x8d, 0x52, 0x6c, 0x5a, 0x8d,
  0x52, 0x8d, 0x62, 0xce, 0x62, 0xee, 0x5a, 0x8d, 0x52, 0x6d, 0x5a, 0xad,
  0x73, 0x70, 0x94, 0x12, 0x94, 0x13, 0x9c, 0x13, 0xac, 0xb5, 0xcd, 0x57,
  0xd5, 0xb8, 0xf6, 0x9b, 0xf6, 0xbc, 0xfe, 0xbc, 0x8b, 0xf2, 0x7b, 0x2f,
  0x62, 0xae, 0x83, 0x71, 0xc4, 0x12, 0xfd, 0xfa, 0xf7, 0x3b, 0xe6, 0x57,
  0xe6, 0x99, 0xff, 0x5b, 0xff, 0x3b, 0xff, 0x5b, 0xe6, 0x98, 0xee, 0xd9,
  0xff, 0x7c, 0xff, 0x3a, 0xff, 0x5b, 0xff, 0x3a, 0xff, 0x5b, 0xff, 0x3a,
  0xf7, 0x39, 0xef, 0x5a, 0xef, 0x59, 0xe7, 0x39, 0xe7, 0x18, 0xe7, 0x39,
  0xff, 0x5a, 0xee, 0xb8, 0xec, 0x74, 0xc3, 0x4f, 0xab, 0xaf, 0xfe, 0xdc,
  0xf7, 0x9b, 0xef, 0x7b, 0xe7, 0x19, 0xe7, 0x3a, 0xf7, 0x3a, 0xff, 0x9c,
  0xf7, 0x7c, 0xff, 0xbe, 0xff, 0xbd, 0xff, 0x9d, 0xff, 0x9d, 0xff, 0xbe,
  0xff, 0x9d, 0xff, 0x9d, 0xff, 0x9d, 0xf7, 0x7d, 0xff, 0x9d, 0xff, 0x9d,
  0xff, 0x9d, 0xff, 0xbd, 0xff, 0x9d, 0xff, 0xbe, 0xff, 0xbd, 0xff, 0xbe,
  0xff, 0x9d, 0xff, 0xbe, 0xff, 0xbd, 0xff, 0x9d, 0xff, 0x9c, 0xff, 0x9d,
  0xff, 0x7d, 0xff, 0x9d, 0xff, 0x9c, 0xf7, 0x7d, 0xff, 0x7c, 0xf7, 0x7d,
  0xff, 0x5c, 0xf7, 0x7c, 0xff, 0x9d, 0xf7, 0x9d, 0xff, 0x7c, 0xff, 0x9d,
  0xff, 0x7c, 0xff, 0x9d, 0xff, 0x7c, 0xf7, 0x7c, 0xff, 0x9c, 0xe6, 0xfa,
  0xff, 0x19, 0xff, 0x5b, 0xff, 0x3a, 0xff, 0x5b, 0xff, 0x5a, 0xff, 0x5a,
  0xff, 0x1a, 0xff, 0x7b, 0xff, 0x5a, 0xff, 0x3a, 0xff, 0x5a, 0xff, 0x5b,
  0xff, 0x3a, 0xff, 0x5b, 0xff, 0x5a, 0xff, 0x5b, 0xff, 0x5a, 0xff, 0x7b,
  0xff, 0x1a, 0xff, 0x5a, 0xff, 0x3a, 0xff, 0x5b, 0xff, 0x5a, 0xff, 0x3a,
  0xff, 0x3a, 0xf7, 0x3a, 0xff, 0x3a, 0xff, 0x5b, 0xff, 0x3a, 0xff, 0x5b,
  0xff, 0x5a, 0xff, 0x5b, 0xff, 0x5a, 0xff, 0x5b, 0xff, 0x5a, 0xff, 0x5a,
  0xff, 0x3a, 0xff, 0x7b, 0xff, 0x3a, 0xf7, 0x3b, 0xff, 0x3b, 0xff, 0x3b,
  0xff, 0x1a, 0xff, 0x5b, 0xff, 0x3a, 0xff, 0x7b, 0xff, 0x7b, 0xef, 0x1a,
  0xe6, 0xb8, 0xde, 0xb9, 0xe6, 0x78, 0xde, 0x98, 0xde, 0x78, 0xd6, 0x58,
  0xde, 0x77, 0xde, 0x98, 0xd6, 0x16, 0xd6, 0x57, 0xee, 0x78, 0xee, 0xb9,
  0xfe, 0xd8, 0xff, 0x3a, 0xf7, 0x9a, 0xc6, 0x35, 0x7d, 0x56, 0x7d, 0x77,
  0x7d, 0xb8, 0x75, 0x97, 0x8c, 0xd1, 0xcf, 0x1a, 0xff, 0x3a, 0xff, 0x3a,
  0xff, 0x3b, 0xff, 0x3b, 0xff, 0x19, 0xff, 0x3a, 0xff, 0x3a, 0xff, 0x3b,
  0xff, 0x1a, 0xf6, 0xfa, 0xee, 0xd9, 0xe6, 0xb9, 0xe6, 0x98, 0xde, 0x78,
  0xde, 0x57, 0xd6, 0x57, 0xd6, 0x17, 0xc5, 0x96, 0x7b, 0x70, 0x5a, 0xad,
  0x5a, 0x8d, 0x52, 0xad, 0x5a, 0x8c, 0x5a, 0xce, 0x62, 0xcd, 0x52, 0xad,
  0x4a, 0x4b, 0x4a, 0x8d, 0x5a, 0x6c, 0x5a, 0xad, 0x52, 0x8d, 0x4a, 0x6c,
  0x32, 0x0a, 0x32, 0x0b, 0x31, 0x88, 0x4a, 0x6c, 0x93, 0xd1, 0x93, 0xf2,
  0xa3, 0xf2, 0x93, 0x91, 0x83, 0x90, 0x8b, 0xf2, 0x8b, 0x90, 0x83, 0x70,
  0x62, 0xcd, 0x52, 0x6c, 0x3a, 0x4b, 0x32, 0x0a, 0x42, 0x2b, 0x4a, 0xce,
  0x7a, 0xee, 0x93, 0xf2, 0x8b, 0xb1, 0x5a, 0x8d, 0x31, 0xc9, 0x31, 0xea,
  0x42, 0x2b, 0x3a, 0x0b, 0x32, 0x0a, 0x32, 0x0b, 0x42, 0x0b, 0x5a, 0xef,
  0x83, 0x2f, 0x7b, 0x2f, 0x6a, 0xef, 0x62, 0xce, 0x52, 0x6c, 0x4a, 0x2c,
  0x42, 0x2b, 0x42, 0x6c, 0x4a, 0x6c, 0x52, 0xce, 0x4a, 0x6c, 0x4a, 0x8d,
  0x52, 0x8c, 0x5b, 0x0e, 0x5a, 0x6c, 0x5a, 0xad, 0x62, 0xad, 0x5a, 0xad,
  0x73, 0x2e, 0x73, 0x70, 0x7b, 0x2e, 0x94, 0x32, 0xc4, 0xf5, 0xdd, 0xf9,
  0xf6, 0x7a, 0xf6, 0xbb, 0xff, 0x3d, 0xdd, 0xf9, 0x83, 0x90, 0x7b, 0x90,
  0x7a, 0xee, 0xa4, 0x54, 0xed, 0x36, 0xfd, 0xd9, 0xe6, 0x77, 0xd6, 0x57,
  0xff, 0x3a, 0xff, 0x3b, 0xff, 0x5b, 0xff, 0x5b, 0xee, 0x98, 0xee, 0xfa,
  0xff, 0x5a, 0xff, 0x5b, 0xff, 0x3a, 0xf7, 0x3a, 0xff, 0x1a, 0xff, 0x3a,
  0xef, 0x39, 0xef, 0x18, 0xef, 0x1a, 0xf7, 0x3a, 0xff, 0x5b, 0xf6, 0xd9,
  0xec, 0xd6, 0xcb, 0x91, 0xd3, 0x32, 0xf4, 0x15, 0xd4, 0x55, 0xd4, 0x34,
  0xe7, 0x3b, 0xef, 0x5b, 0xef, 0x5a, 0xef, 0x3a, 0xf7, 0x7d, 0xff, 0x9d,
  0xf7, 0xbe, 0xff, 0xbe, 0xff, 0xbe, 0xff, 0x7d, 0xff, 0x9e, 0xff, 0x9d,
  0xff, 0xbe, 0xff, 0x9d, 0xf7, 0x9d, 0xff, 0x9d, 0xff, 0xbe, 0xff, 0x9d,
  0xff, 0xbe, 0xff, 0xbe, 0xf7, 0x9d, 0xff, 0x9d, 0xff, 0xbe, 0xff, 0x9d,
  0xf7, 0x9d, 0xff, 0x7d, 0xff, 0xbe, 0xff, 0x9d, 0xff, 0x9e, 0xff, 0x9d,
  0xf7, 0x7d, 0xff, 0x7d, 0xff, 0x9e, 0xff, 0x7d, 0xff, 0x9d, 0xff, 0x9d,
  0xf7, 0x7d, 0xff, 0x9d, 0xf7, 0x9d, 0xff, 0x7c, 0xf7, 0x7d, 0xff, 0x7c,
  0xff, 0x9d, 0xff, 0x7c, 0xf7, 0x7d, 0xff, 0x9d, 0xef, 0x3b, 0xe6, 0xf9,
  0xff, 0x3b, 0xff, 0x1a, 0xff, 0x3b, 0xff, 0x3a, 0xff, 0x5b, 0xff, 0x3a,
  0xff, 0x5b, 0xff, 0x5b, 0xff, 0x5b, 0xff, 0x3a, 0xff, 0x5b, 0xff, 0x5b,
  0xff, 0x5b, 0xff, 0x3a, 0xf7, 0x3b, 0xff, 0x5b, 0xff, 0x5b, 0xff, 0x3a,
  0xff, 0x5b, 0xff, 0x5b, 0xff, 0x5b, 0xff, 0x3a, 0xff, 0x5b, 0xff, 0x3a,
  0xff, 0x5b, 0xff, 0x5b, 0xff, 0x5b, 0xff, 0x3a, 0xff, 0x5b, 0xff, 0x3a,
  0xf7, 0x3a, 0xff, 0x3a, 0xff, 0x5b, 0xff, 0x3a, 0xff, 0x3b, 0xff, 0x3a,
  0xff, 0x3b, 0xff, 0x5b, 0xff, 0x5b, 0xff, 0x3b, 0xff, 0x3b, 0xff, 0x3a,
  0xff, 0x7b, 0xff, 0x5b, 0xff, 0xbd, 0xff, 0x1a, 0xd6, 0x37, 0xd5, 0xf6,
  0xde, 0x78, 0xde, 0x57, 0xd6, 0x17, 0xd6, 0x16, 0xd6, 0x17, 0xde, 0x58,
  0xd6, 0x38, 0xe6, 0x58, 0xe6, 0x99, 0xe6, 0x78, 0xe6, 0xb9, 0xde, 0x78,
  0xde, 0x99, 0xde, 0x58, 0xd6, 0x77, 0xce, 0x16, 0x85, 0x76, 0x8d, 0x76,
  0x75, 0x78, 0x7d, 0x98, 0x7c, 0xb3, 0xb6, 0x79, 0xff, 0x7c, 0xff, 0x1a,
  0xff, 0x5c, 0xff, 0x7c, 0xff, 0x7c, 0xff, 0x3b, 0xee, 0xda, 0xee, 0xb9,
  0xde, 0x98, 0xee, 0xd9, 0xf7, 0x1a, 0xf6, 0xf9, 0xf6, 0xd9, 0xf6, 0x98,
  0xd6, 0x17, 0xcd, 0x95, 0xa4, 0xb4, 0x93, 0xf1, 0x4a, 0x8c, 0x4a, 0x6b,
  0x4a, 0x8d, 0x5a, 0xee, 0x52, 0xee, 0x4a, 0x6c, 0x42, 0x4c, 0x42, 0x0b,
  0x42, 0x2b, 0x5a, 0xad, 0x5a, 0xee, 0x4a, 0x6c, 0x4a, 0x8d, 0x52, 0x8d,
  0x52, 0xae, 0x4a, 0x0c, 0x29, 0xca, 0x31, 0xea, 0x42, 0x6c, 0x52, 0x8c,
  0x5a, 0xce, 0x52, 0x8c, 0x52, 0xae, 0x5a, 0x8d, 0x42, 0x4c, 0x42, 0x2c,
  0x3a, 0x4c, 0x4a, 0x8d, 0x5a, 0xae, 0x62, 0xae, 0x52, 0x8d, 0x62, 0xce,
  0x73, 0x50, 0x5a, 0x6d, 0x29, 0xa9, 0x3a, 0x0b, 0x52, 0x8d, 0x62, 0xce,
  0x42, 0x6d, 0x31, 0xaa, 0x41, 0xeb, 0x73, 0x30, 0x83, 0x91, 0x72, 0xee,
  0x42, 0x6c, 0x42, 0x2b, 0x42, 0x0c, 0x41, 0xeb, 0x3a, 0x2c, 0x4a, 0x6d,
  0x42, 0x4c, 0x4a, 0x6d, 0x4a, 0x4d, 0x4a, 0x4c, 0x52, 0x6d, 0x5a, 0x8d,
  0x4a, 0x4c, 0x52, 0x6d, 0x52, 0x8d, 0x52, 0x4c, 0x5a, 0xae, 0x6b, 0x2f,
  0x7b, 0x4f, 0x83, 0x70, 0xa4, 0x74, 0xcd, 0x77, 0xe6, 0x9b, 0xff, 0x1d,
  0xff, 0x1d, 0xff, 0x3d, 0xff, 0x5f, 0xa4, 0x52, 0x73, 0x70, 0x73, 0x0f,
  0x83, 0x30, 0xc5, 0x37, 0xed, 0x78, 0xe4, 0xf6, 0xde, 0x98, 0xf6, 0xfa,
  0xff, 0x5b, 0xff, 0x5b, 0xf7, 0x3b, 0xff, 0x7b, 0xde, 0x98, 0xf6, 0xfa,
  0xff, 0x5b, 0xff, 0x3a, 0xff, 0x5b, 0xff, 0x3a, 0xff, 0x5b, 0xff, 0x3a,
  0xf7, 0x3a, 0xef, 0x3a, 0xf7, 0x3a, 0xef, 0x3a, 0xf5, 0x77, 0xbb, 0xb0,
  0xca, 0xf0, 0xec, 0x15, 0xf4, 0x76, 0xdc, 0x14, 0xcb, 0x70, 0xbb, 0x30,
  0xe6, 0x77, 0xf7, 0x5a, 0xef, 0x5a, 0xe7, 0x3a, 0xff, 0x7d, 0xff, 0xbe,
  0xff, 0xbd, 0xff, 0xbd, 0xff, 0x9d, 0xff, 0xbe, 0xff, 0x9d, 0xff, 0xbd,
  0xff, 0xbe, 0xff, 0xbe, 0xff, 0x9d, 0xff, 0x9d, 0xff, 0x7c, 0xf7, 0x9d,
  0xff, 0xbd, 0xff, 0xbe, 0xff, 0x9d, 0xf7, 0x7d, 0xff, 0x9d, 0xff, 0x9d,
  0xff, 0x7d, 0xff, 0xbe, 0xff, 0x9d, 0xf7, 0x9d, 0xff, 0x9d, 0xff, 0x9d,
  0xff, 0x9d, 0xf7, 0x9d, 0xff, 0x9d, 0xff, 0xbe, 0xff, 0x9d, 0xff, 0xbd,
  0xff, 0x7c, 0xf7, 0x7d, 0xff, 0x9d, 0xff, 0x9d, 0xff, 0x7c, 0xf7, 0x7c,
  0xff, 0x7c, 0xff, 0x9d, 0xf7, 0x7c, 0xf7, 0x7c, 0xe6, 0xb8, 0xf7, 0x7b,
  0xff, 0x3a, 0xff, 0x3a, 0xff, 0x5a, 0xff, 0x5b, 0xff, 0x5a, 0xff, 0x5b,
  0xff, 0x5a, 0xff, 0x3a, 0xff, 0x3a, 0xff, 0x7b, 0xff, 0x3a, 0xff, 0x7b,
  0xff, 0x3a, 0xff, 0x5b, 0xff, 0x5a, 0xff, 0x5b, 0xff, 0x5a, 0xff, 0x5a,
  0xff, 0x3a, 0xff, 0x5a, 0xff, 0x3a, 0xff, 0x5a, 0xff, 0x5a, 0xff, 0x5b,
  0xff, 0x3a, 0xff, 0x5b, 0xff, 0x3a, 0xff, 0x3a, 0xff, 0x3a, 0xff, 0x5b,
  0xff, 0x3a, 0xff, 0x5a, 0xff, 0x3a, 0xff, 0x5b, 0xff, 0x1a, 0xff, 0x5b,
  0xff, 0x3a, 0xff, 0x3a, 0xff, 0x39, 0xff, 0x7b, 0xff, 0x9b, 0xff, 0x9b,
  0xf7, 0x1a, 0xde, 0x78, 0xc5, 0xb5, 0x7b, 0xae, 0x7b, 0x6e, 0x83, 0xd0,
  0x73, 0x4f, 0x62, 0xed, 0x4a, 0x6c, 0x42, 0x4c, 0x4a, 0x6c, 0x4a, 0x6c,
  0x4a, 0x4c, 0x4a, 0xad, 0x62, 0xee, 0x5b, 0x0f, 0x7b, 0x8f, 0x7b, 0xf1,
  0xa4, 0x91, 0xad, 0x34, 0xcd, 0xb4, 0xc5, 0xb5, 0x8c, 0xf4, 0x7c, 0x93,
  0x74, 0xf6, 0x85, 0xb9, 0x8d, 0x35, 0x7d, 0x15, 0xbc, 0xf2, 0xb5, 0x33,
  0xb4, 0xd2, 0xcd, 0xd6, 0xf6, 0xf9, 0xef, 0x19, 0xff, 0x39, 0xff, 0x7a,
  0xff, 0x5b, 0xff, 0x5b, 0xff, 0x5b, 0xff, 0x5b, 0xe6, 0x79, 0xa4, 0x72,
  0x7b, 0x2f, 0x6a, 0xee, 0x62, 0xce, 0x5a, 0xce, 0x6b, 0x0e, 0x6b, 0x0f,
  0x7b, 0x50, 0x6b, 0x2f, 0x73, 0x2f, 0x62, 0xee, 0x63, 0x0e, 0x52, 0x8d,
  0x52, 0xad, 0x4a, 0x8c, 0x62, 0xad, 0x5a, 0xce, 0x5a, 0xad, 0x52, 0x8d,
  0x52, 0x4c, 0x5a, 0xae, 0x4a, 0x8c, 0x29, 0xca, 0x52, 0x2c, 0x73, 0x50,
  0x62, 0xae, 0x62, 0xce, 0x62, 0xee, 0x5a, 0xce, 0x6a, 0xcd, 0x5a, 0xad,
  0x62, 0xcd, 0x6b, 0x0f, 0x62, 0xce, 0x5a, 0xce, 0x5a, 0x8d, 0x52, 0x6c,
  0x3a, 0x2a, 0x3a, 0x4b, 0x62, 0xac, 0x63, 0x0e, 0x62, 0xee, 0x39, 0xeb,
  0x41, 0xc9, 0x6b, 0x2f, 0x8b, 0xb1, 0x6a, 0xad, 0x42, 0x0a, 0x3a, 0x0b,
  0x39, 0xeb, 0x42, 0x2c, 0x42, 0x4b, 0x3a, 0x2a, 0x42, 0x2a, 0x42, 0x2b,
  0x4a, 0x2a, 0x4a, 0x6c, 0x52, 0x8c, 0x52, 0xad, 0x5a, 0xad, 0x52, 0x8d,
  0x52, 0x8d, 0x5a, 0xee, 0x52, 0x6b, 0x6b, 0x70, 0x93, 0xf2, 0x94, 0x12,
  0xac, 0x52, 0xd5, 0xd8, 0xff, 0x1d, 0xff, 0x7f, 0xff, 0x5d, 0xff, 0x5e,
  0xff, 0x5d, 0xff, 0x5d, 0xe6, 0x7b, 0x83, 0x6f, 0x8b, 0xd1, 0x73, 0x2f,
  0xa3, 0xf1, 0xfe, 0xdd, 0xcc, 0x93, 0xc4, 0xb4, 0xee, 0xd9, 0xff, 0x7b,
  0xff, 0x3a, 0xff, 0x5a, 0xff, 0x3a, 0xff, 0x5b, 0xcd, 0xb5, 0xee, 0xd9,
  0xff, 0x5a, 0xff, 0x5b, 0xff, 0x5a, 0xf7, 0x3a, 0xff, 0x3a, 0xff, 0x5b,
  0xef, 0x5b, 0xef, 0x5b, 0xfe, 0xba, 0xcc, 0xf3, 0xcb, 0x11, 0xe3, 0xb3,
  0xec, 0x77, 0xe3, 0xf5, 0xd3, 0x72, 0xcb, 0x11, 0xbc, 0xd2, 0xe5, 0xb6,
  0xc6, 0x97, 0xdf, 0x19, 0xef, 0x5b, 0xf7, 0x3b, 0xff, 0x9d, 0xff, 0x9d,
  0xf7, 0x9d, 0xff, 0x9d, 0xf7, 0x9e, 0xff, 0x9d, 0xff, 0xbe, 0xff, 0xbe,
  0xff, 0xbe, 0xff, 0xbe, 0xff, 0xbe, 0xff, 0x9d, 0xf7, 0x9e, 0xff, 0x9d,
  0xf7, 0x9d, 0xff, 0x9d, 0xf7, 0x9e, 0xff, 0x9d, 0xf7, 0x9e, 0xff, 0x7d,
  0xf7, 0x9d, 0xff, 0x7d, 0xf7, 0x9d, 0xff, 0x7d, 0xf7, 0x9e, 0xff, 0x9d,
  0xff, 0xbe, 0xf7, 0x5c, 0xf7, 0x9d, 0xff, 0x9d, 0xf7, 0x9d, 0xff, 0x7d,
  0xff, 0xbe, 0xff, 0x7c, 0xf7, 0x9d, 0xff, 0x9d, 0xff, 0xbe, 0xff, 0x9d,
  0xff, 0x9d, 0xff, 0x7d, 0xf7, 0x7d, 0xef, 0x1b, 0xee, 0xfa, 0xff, 0x5b,
  0xff, 0x3a, 0xff, 0x5a, 0xff, 0x3b, 0xff, 0x3b, 0xff, 0x7b, 0xff, 0x5b,
  0xff, 0x5b, 0xff, 0x3a, 0xff, 0x5b, 0xff, 0x3a, 0xf7, 0x3a, 0xff, 0x3a,
  0xff, 0x5b, 0xff, 0x3a, 0xff, 0x5b, 0xff, 0x5b, 0xff, 0x5b, 0xff, 0x3a,
  0xf7, 0x3b, 0xff, 0x3a, 0xf7, 0x3b, 0xff, 0x3a, 0xf7, 0x3a, 0xff, 0x5b,
  0xff, 0x5b, 0xff, 0x3a, 0xff, 0x5b, 0xff, 0x3a, 0xf7, 0x3b, 0xff, 0x3a,
  0xf7, 0x3b, 0xff, 0x3a, 0xff, 0x5b, 0xff, 0x5b, 0xff, 0x5b, 0xff, 0x1a,
  0xf7, 0x3a, 0xff, 0x5a, 0xff, 0x9c, 0xee, 0xb9, 0xbd, 0x76, 0x94, 0x11,
  0x6b, 0x50, 0x5a, 0xad, 0x4a, 0x4c, 0x52, 0x6c, 0x52, 0xae, 0x5a, 0x8d,
  0x62, 0xef, 0x6b, 0x0f, 0x6b, 0x2f, 0x73, 0x2f, 0x73, 0x50, 0x6b, 0x0e,
  0x73, 0x50, 0x73, 0x2f, 0x62, 0xee, 0x73, 0x0f, 0x6b, 0x0f, 0x5a, 0x8d,
  0x4a, 0x8d, 0x42, 0x4c, 0x42, 0x4b, 0x5a, 0xed, 0x63, 0x8f, 0x6b, 0xd0,
  0x64, 0x33, 0x74, 0x74, 0x74, 0xd5, 0x6c, 0x53, 0xde, 0x99, 0xff, 0x5c,
  0xde, 0x39, 0x9c, 0x10, 0x8b, 0xf0, 0xbd, 0x35, 0x9c, 0x72, 0xac, 0xd3,
  0xd5, 0xf7, 0xf6, 0xda, 0xff, 0x3a, 0xfe, 0xf9, 0xbd, 0x76, 0x7b, 0x4e,
  0x7b, 0xb2, 0x7b, 0x51, 0x73, 0x70, 0x83, 0xb1, 0x73, 0x70, 0x7b, 0x70,
  0x73, 0x50, 0x73, 0x0f, 0x6b, 0x50, 0x6a, 0xee, 0x52, 0xae, 0x52, 0x6c,
  0x5a, 0xce, 0x62, 0xee, 0x52, 0xae, 0x4a, 0x4c, 0x42, 0x4c, 0x4a, 0x6c,
  0x4a, 0x8d, 0x52, 0x4c, 0x52, 0xce, 0x4a, 0x6c, 0x31, 0xca, 0x4a, 0x6c,
  0x52, 0xae, 0x5a, 0xce, 0x52, 0xce, 0x5a, 0xad, 0x5a, 0xef, 0x52, 0x6d,
  0x42, 0x4c, 0x4a, 0x8c, 0x3a, 0x2b, 0x3a, 0x0b, 0x42, 0x4c, 0x52, 0xad,
  0x62, 0xee, 0x62, 0xce, 0x4a, 0x6d, 0x42, 0x2b, 0x31, 0x89, 0x5a, 0x8d,
  0x8b, 0xd2, 0x72, 0xce, 0x31, 0xeb, 0x31, 0xca, 0x3a, 0x2c, 0x42, 0x4c,
  0x39, 0xeb, 0x39, 0xa9, 0x39, 0xea, 0x39, 0xca, 0x39, 0xca, 0x4a, 0x0b,
  0x4a, 0x0b, 0x41, 0xca, 0x42, 0x4c, 0x52, 0x6c, 0x5a, 0x8e, 0x6a, 0xef,
  0x6b, 0x0f, 0x6a, 0xee, 0x62, 0xcd, 0x8b, 0xf2, 0xa4, 0x53, 0xac, 0x94,
  0xee, 0x9b, 0xff, 0x7e, 0xff, 0x3d, 0xff, 0x1d, 0xff, 0x1d, 0xff, 0x1c,
  0xff, 0x3d, 0xff, 0x3d, 0xa4, 0x94, 0x83, 0x4f, 0x8b, 0xd2, 0x83, 0x71,
  0xcd, 0x77, 0xf6, 0x7b, 0x8b, 0x2e, 0xbc, 0xb3, 0xff, 0x9c, 0xff, 0x5b,
  0xff, 0x5b, 0xff, 0x5a, 0xf7, 0x5b, 0xff, 0x3b, 0xd6, 0x37, 0xff, 0x3b,
  0xff, 0x5b, 0xff, 0x3a, 0xff, 0x5b, 0xff, 0x3a, 0xf7, 0x3b, 0xff, 0x3a,
  0xff, 0x5b, 0xee, 0xf9, 0xe4, 0x13, 0xc3, 0x70, 0xf4, 0x76, 0xec, 0x36,
  0xd3, 0x51, 0xd3, 0x92, 0xd4, 0xf3, 0xe5, 0xb7, 0xe7, 0x57, 0xd7, 0x17,
  0xc6, 0x34, 0xe7, 0x58, 0xf7, 0x3b, 0xff, 0xbc, 0xff, 0xbd, 0xff, 0xbe,
  0xff, 0xbd, 0xff, 0xde, 0xff, 0x9d, 0xf7, 0x7d, 0xff, 0x9d, 0xff, 0xbe,
  0xff, 0xbe, 0xff, 0xbe, 0xff, 0x7c, 0xff, 0xbd, 0xff, 0xbd, 0xff, 0x9d,
  0xff, 0x9d, 0xff, 0xbd, 0xff, 0x9d, 0xff, 0xbd, 0xff, 0x9d, 0xff, 0xbe,
  0xff, 0x9d, 0xff, 0xbe, 0xff, 0x9d, 0xff, 0xbe, 0xff, 0x9d, 0xff, 0xbd,
  0xff, 0x9d, 0xf7, 0x7d, 0xff, 0x7d, 0xf7, 0x9d, 0xff, 0x9d, 0xf7, 0x7d,
  0xff, 0x9d, 0xff, 0xbe, 0xff, 0x7c, 0xff, 0x9d, 0xff, 0x9c, 0xf7, 0x9d,
  0xff, 0x7c, 0xf7, 0x7c, 0xef, 0x3b, 0xe6, 0xfa, 0xff, 0x3a, 0xff, 0x5b,
  0xff, 0x5a, 0xff, 0x5b, 0xff, 0x5a, 0xff, 0x5b, 0xff, 0x3a, 0xff, 0x5b,
  0xff, 0x3a, 0xff, 0x5b, 0xff, 0x5a, 0xff, 0x5a, 0xff, 0x5a, 0xf7, 0x3a,
  0xff, 0x5a, 0xff, 0x5b, 0xff, 0x5a, 0xff, 0x5b, 0xff, 0x3a, 0xff, 0x5a,
  0xff, 0x3a, 0xff, 0x5b, 0xff, 0x5a, 0xff, 0x5b, 0xff, 0x5a, 0xff, 0x5b,
  0xff, 0x3a, 0xff, 0x5b, 0xff, 0x3a, 0xff, 0x3a, 0xff, 0x3a, 0xff, 0x3b,
  0xff, 0x3a, 0xff, 0x5b, 0xff, 0x5a, 0xff, 0x5a, 0xff, 0x5a, 0xff, 0x9b,
  0xff, 0x1b, 0xe6, 0x78, 0xb4, 0xf5, 0x6a, 0xed, 0x52, 0x2b, 0x62, 0xce,
  0x73, 0x2e, 0x73, 0x4f, 0x7b, 0x4f, 0x83, 0xb1, 0x7b, 0x6f, 0x73, 0x70,
  0x7b, 0x6f, 0x73, 0x70, 0x73, 0x4f, 0x6b, 0x0f, 0x62, 0xcd, 0x5a, 0xad,
  0x5a, 0xcd, 0x5a, 0xee, 0x5a, 0xcd, 0x5b, 0x0e, 0x73, 0x4f, 0x6b, 0x0e,
  0x73, 0x2e, 0x73, 0x6f, 0x6b, 0x2f, 0x63, 0x0f, 0x5a, 0xad, 0x52, 0xad,
  0x4a, 0x6c, 0x63, 0x50, 0x6c, 0x31, 0x63, 0xf1, 0xcd, 0xf6, 0xf7, 0x7c,
  0xac, 0x92, 0x83, 0x6e, 0x8b, 0xb1, 0x83, 0xb1, 0x6a, 0xce, 0x5a, 0x4d,
  0x62, 0xcc, 0x83, 0xf1, 0xbd, 0x14, 0xa4, 0x93, 0x83, 0x6f, 0x7b, 0x4f,
  0x8b, 0xb1, 0x83, 0xb1, 0x83, 0x70, 0x83, 0xb1, 0x83, 0x90, 0x83, 0x90,
  0x73, 0x2e, 0x7b, 0x70, 0x83, 0xb0, 0x83, 0xf2, 0x73, 0x4f, 0x73, 0x50,
  0x62, 0xad, 0x6b, 0x2f, 0x62, 0xee, 0x4a, 0x2c, 0x4a, 0x4c, 0x4a, 0x8d,
  0x4a, 0x4b, 0x52, 0xad, 0x52, 0x6c, 0x5a, 0xee, 0x4a, 0x4c, 0x42, 0x4c,
  0x42, 0x2a, 0x42, 0x6c, 0x4a, 0x2b, 0x3a, 0x0b, 0x4a, 0x2c, 0x52, 0x8d,
  0x52, 0x4c, 0x52, 0x8d, 0x52, 0x8c, 0x52, 0xad, 0x5a, 0xad, 0x4a, 0x6c,
  0x42, 0x0b, 0x42, 0x4c, 0x42, 0x0b, 0x39, 0xca, 0x83, 0x50, 0x8b, 0xd2,
  0x42, 0x2b, 0x31, 0xaa, 0x39, 0xea, 0x3a, 0x2b, 0x42, 0x2b, 0x39, 0xea,
  0x31, 0xc9, 0x3a, 0x2b, 0x41, 0xca, 0x42, 0x0b, 0x62, 0x4c, 0x6a, 0x8d,
  0x7a, 0xcd, 0x7a, 0xee, 0x5a, 0x2b, 0x62, 0xcd, 0x73, 0x2f, 0x6b, 0x0f,
  0x8b, 0xb1, 0x7b, 0x70, 0x93, 0xd1, 0xac, 0xb5, 0xb4, 0x93, 0xee, 0x9b,
  0xff, 0x7e, 0xff, 0x1d, 0xff, 0x1c, 0xff, 0x1d, 0xff, 0x3c, 0xff, 0x3d,
  0xff, 0x7e, 0xde, 0x39, 0x93, 0x90, 0x9c, 0x13, 0x83, 0x90, 0x8b, 0xd1,
  0xf6, 0x7b, 0xbd, 0x15, 0x93, 0x4d, 0xf6, 0x9a, 0xff, 0x5b, 0xff, 0x5b,
  0xff, 0x5a, 0xff, 0x5a, 0xff, 0x3a, 0xf7, 0x1a, 0xe6, 0x77, 0xff, 0x7c,
  0xff, 0x3a, 0xff, 0x3b, 0xff, 0x5a, 0xff, 0x5a, 0xff, 0x3a, 0xff, 0x5a,
  0xfe, 0xbb, 0xc4, 0x92, 0xc2, 0xf1, 0xec, 0x15, 0xd3, 0x52, 0xca, 0xd0,
  0xbc, 0x72, 0xed, 0xd7, 0xd7, 0x18, 0xe7, 0x38, 0xdf, 0x18, 0xde, 0xd6,
  0xd6, 0xf6, 0xce, 0x74, 0xdf, 0x3b, 0xff, 0xdd, 0xff, 0xbe, 0xff, 0x9e,
  0xff, 0xde, 0xff, 0x9d, 0xff, 0xbe, 0xff, 0x9d, 0xff, 0x9e, 0xff, 0x9d,
  0xff, 0x9e, 0xff, 0x9d, 0xff, 0xbe, 0xff, 0x9d, 0xf7, 0x9d, 0xf7, 0x5c,
  0xf7, 0x9d, 0xff, 0x9d, 0xf7, 0x7d, 0xff, 0x9d, 0xff, 0xbe, 0xff, 0x7d,
  0xf7, 0x9e, 0xff, 0x9d, 0xf7, 0x7d, 0xff, 0x9d, 0xff, 0xbe, 0xff, 0x7d,
  0xff, 0x9e, 0xff, 0xbe, 0xf7, 0x9e, 0xff, 0x7d, 0xf7, 0x9e, 0xff, 0x9d,
  0xf7, 0x9e, 0xff, 0x7d, 0xf7, 0x9d, 0xff, 0x7d, 0xf7, 0x7d, 0xff, 0x9d,
  0xf7, 0x9d, 0xf7, 0x7c, 0xe7, 0x1a, 0xef, 0x3a, 0xff, 0x5b, 0xff, 0x5a,
  0xff, 0x3b, 0xff, 0x3a, 0xff, 0x5b, 0xff, 0x3a, 0xff, 0x5b, 0xff, 0x3a,
  0xff, 0x5b, 0xff, 0x3a, 0xf7, 0x3b, 0xf7, 0x1a, 0xf7, 0x3b, 0xff, 0x3a,
  0xf7, 0x3b, 0xff, 0x1a, 0xff, 0x5b, 0xff, 0x5b, 0xf7, 0x3a, 0xff, 0x3a,
  0xff, 0x5b, 0xff, 0x3a, 0xf7, 0x3b, 0xff, 0x3a, 0xf7, 0x1a, 0xff, 0x3a,
  0xf7, 0x3a, 0xff, 0x3a, 0xff, 0x5b, 0xff, 0x3a, 0xff, 0x5b, 0xff, 0x3a,
  0xff, 0x5b, 0xff, 0x3a, 0xff, 0x5b, 0xff, 0x5b, 0xff, 0x5b, 0xe6, 0x57,
  0x9c, 0x53, 0x7b, 0x4e, 0x62, 0xed, 0x7b, 0x6f, 0xa4, 0xb4, 0x8b, 0xb0,
  0x83, 0x70, 0x83, 0x70, 0x7b, 0x70, 0x7b, 0x4f, 0x6b, 0x0f, 0x72, 0xee,
  0x5a, 0xee, 0x5a, 0xad, 0x4a, 0x8d, 0x5a, 0xcd, 0x52, 0xad, 0x5a, 0xee,
  0x5a, 0xce, 0x62, 0xee, 0x62, 0xef, 0x5a, 0xad, 0x5a, 0xae, 0x5a, 0xad,
  0x63, 0x0f, 0x6b, 0x2f, 0x62, 0xee, 0x6a, 0xee, 0x63, 0x0f, 0x62, 0xee,
  0x4a, 0x8d, 0x42, 0x2b, 0x4a, 0x8d, 0x5a, 0xce, 0x7b, 0xb1, 0x83, 0xd1,
  0x62, 0xee, 0x7b, 0x4f, 0x7b, 0x91, 0x7b, 0x70, 0x83, 0xd2, 0x83, 0x90,
  0x5a, 0xef, 0x4a, 0x2c, 0x62, 0xee, 0x62, 0xce, 0x6b, 0x0f, 0x7b, 0x70,
  0x7b, 0x91, 0x7b, 0x2f, 0x73, 0x50, 0x7b, 0x70, 0x83, 0xb1, 0x7b, 0x90,
  0x73, 0x70, 0x7b, 0x70, 0x7b, 0x70, 0x73, 0x2f, 0x6b, 0x2f, 0x7b, 0x4f,
  0x83, 0xb2, 0x7b, 0x70, 0x5a, 0x8d, 0x6b, 0x0f, 0x62, 0xef, 0x6b, 0x0f,
  0x4a, 0x6d, 0x42, 0x0b, 0x4a, 0x8d, 0x4a, 0x2b, 0x52, 0xae, 0x4a, 0x2c,
  0x52, 0xae, 0x52, 0x6c, 0x52, 0xce, 0x52, 0x8d, 0x42, 0x8d, 0x4a, 0x6c,
  0x4a, 0x6c, 0x4a, 0x4c, 0x42, 0x2c, 0x42, 0x2b, 0x42, 0x2b, 0x4a, 0x6c,
  0x42, 0x8d, 0x4a, 0x6c, 0x49, 0xeb, 0x8b, 0xd2, 0x7b, 0x71, 0x41, 0xa9,
  0x29, 0xeb, 0x32, 0x0b, 0x3a, 0x2b, 0x42, 0x2b, 0x39, 0xea, 0x31, 0xa9,
  0x42, 0x2b, 0x41, 0xca, 0x62, 0x6d, 0x6a, 0x8d, 0x7a, 0x8d, 0x93, 0x30,
  0xc3, 0x31, 0xfd, 0x39, 0xd4, 0xd7, 0xa3, 0x0f, 0x83, 0x91, 0x9c, 0x13,
  0xa4, 0x95, 0x8b, 0xb1, 0xa4, 0x74, 0xb4, 0xb5, 0xc5, 0x77, 0xff, 0x3e,
  0xff, 0x1d, 0xff, 0x3d, 0xff, 0x1d, 0xfe, 0xfd, 0xff, 0x1d, 0xff, 0x1d,
  0xfe, 0xdd, 0xac, 0x53, 0x93, 0xf3, 0x8b, 0xb1, 0x73, 0x2f, 0xb5, 0x16,
  0xee, 0x5b, 0xbc, 0x73, 0xdd, 0xb7, 0xff, 0x5c, 0xf7, 0x1a, 0xff, 0x3b,
  0xff, 0x5b, 0xff, 0x3a, 0xff, 0x5b, 0xf6, 0xd9, 0xde, 0x78, 0xff, 0x5b,
  0xf7, 0x3b, 0xff, 0x1a, 0xf7, 0x3a, 0xff, 0x3a, 0xf7, 0x3a, 0xff, 0x3a,
  0xfd, 0x57, 0xb3, 0x2f, 0xd3, 0x11, 0xcb, 0x11, 0xc4, 0xb2, 0xdd, 0xb6,
  0xe6, 0xf8, 0xef, 0x59, 0xef, 0x18, 0xef, 0x39, 0xde, 0x75, 0xe6, 0xf7,
  0xce, 0xb4, 0xad, 0xf2, 0xdf, 0x1a, 0xf7, 0xfd, 0xff, 0x9e, 0xff, 0xbe,
  0xff, 0xbd, 0xff, 0xbe, 0xff, 0x9d, 0xff, 0xbe, 0xff, 0x9d, 0xff, 0x9d,
  0xff, 0x9d, 0xff, 0xbe, 0xff, 0x9d, 0xff, 0xbe, 0xff, 0x9d, 0xff, 0x9d,
  0xff, 0x9d, 0xff, 0x9d, 0xff, 0x9d, 0xff, 0xbd, 0xff, 0x9d, 0xff, 0xbe,
  0xff, 0x7d, 0xff, 0xbe, 0xff, 0x9d, 0xff, 0xbd, 0xff, 0x9d, 0xff, 0xbd,
  0xff, 0x9d, 0xff, 0xbe, 0xff, 0x7c, 0xf7, 0x7d, 0xff, 0x7c, 0xf7, 0x7d,
  0xff, 0x7c, 0xff, 0xbe, 0xff, 0x9c, 0xff, 0x9d, 0xff, 0x7c, 0xff, 0x9d,
  0xf7, 0x9c, 0xe7, 0x3b, 0xe6, 0xb8, 0xf7, 0x7b, 0xff, 0x5a, 0xff, 0x5a,
  0xff, 0x3a, 0xff, 0x7b, 0xff, 0x5a, 0xff, 0x5a, 0xff, 0x3a, 0xff, 0x5b,
  0xff, 0x5a, 0xff, 0x5a, 0xff, 0x3a, 0xff, 0x5b, 0xff, 0x5a, 0xff, 0x5b,
  0xff, 0x3a, 0xff, 0x5a, 0xff, 0x5a, 0xff, 0x7b, 0xff, 0x3a, 0xff, 0x5a,
  0xff, 0x5a, 0xff, 0x5b, 0xff, 0x3a, 0xf7, 0x3a, 0xff, 0x3a, 0xff, 0x7b,
  0xff, 0x3a, 0xff, 0x7b, 0xff, 0x5b, 0xff, 0x3b, 0xff, 0x5a, 0xff, 0x5b,
  0xff, 0x5a, 0xff, 0x3a, 0xff, 0x5a, 0xff, 0x5a, 0xbd, 0x35, 0x83, 0x8f,
  0x73, 0x0d, 0x8b, 0xf1, 0xcd, 0x74, 0xe6, 0x78, 0xac, 0x92, 0x7b, 0x4e,
  0x83, 0x90, 0x6b, 0x0f, 0x6b, 0x0e, 0x5a, 0xce, 0x52, 0x8c, 0x4a, 0x8c,
  0x52, 0x6c, 0x5a, 0xce, 0x62, 0xce, 0x63, 0x0f, 0x62, 0xee, 0x5a, 0xee,
  0x62, 0xee, 0x42, 0x2b, 0x52, 0x4c, 0x4a, 0x4c, 0x4a, 0x4c, 0x42, 0x2c,
  0x4a, 0x4c, 0x42, 0x4c, 0x42, 0x2b, 0x3a, 0x2b, 0x42, 0x4b, 0x3a, 0x4b,
  0x4a, 0x6b, 0x5b, 0x0e, 0x6a, 0xef, 0x52, 0x8d, 0x4a, 0x4c, 0x4a, 0x4c,
  0x52, 0x6c, 0x63, 0x0f, 0x83, 0x70, 0x6b, 0x0f, 0x72, 0xee, 0x7b, 0x70,
  0x83, 0xb1, 0x6b, 0x0f, 0x4a, 0x4b, 0x63, 0x0f, 0x72, 0xee, 0x73, 0x50,
  0x6b, 0x2f, 0x39, 0xca, 0x39, 0xca, 0x5a, 0xee, 0x7b, 0x6f, 0x6b, 0x0e,
  0x73, 0x2e, 0x7b, 0x90, 0x83, 0x70, 0x73, 0x2f, 0x7b, 0x4f, 0x73, 0x4f,
  0x6a, 0xee, 0x7b, 0x90, 0x7b, 0x70, 0x6b, 0x0e, 0x62, 0xcd, 0x62, 0xee,
  0x63, 0x0e, 0x42, 0x0b, 0x4a, 0x4c, 0x39, 0xeb, 0x5a, 0xce, 0x52, 0x8d,
  0x4a, 0x4c, 0x42, 0x2b, 0x52, 0x2c, 0x52, 0x8d, 0x41, 0xea, 0x42, 0x2b,
  0x4a, 0x4b, 0x52, 0xce, 0x62, 0xad, 0x5a, 0xcd, 0x62, 0xad, 0x62, 0xee,
  0x52, 0x8c, 0x42, 0x2b, 0x8b, 0xf2, 0x73, 0x2f, 0x31, 0xa9, 0x3a, 0x0b,
  0x4a, 0x4c, 0x32, 0x0b, 0x39, 0xea, 0x3a, 0x2b, 0x39, 0xa9, 0x4a, 0x6c,
  0x5a, 0x2b, 0x6a, 0xce, 0x83, 0x0e, 0x8b, 0x70, 0xe5, 0x17, 0xfd, 0xfa,
  0xfc, 0xb7, 0xeb, 0xf4, 0xfc, 0xf7, 0xf4, 0xb6, 0xbc, 0x94, 0xb4, 0x94,
  0x9c, 0x32, 0xa4, 0x73, 0xcd, 0x15, 0xcd, 0x36, 0xf6, 0xbb, 0xff, 0x5e,
  0xff, 0x1c, 0xff, 0x1d, 0xff, 0x1c, 0xff, 0x1d, 0xfe, 0xfc, 0xff, 0x3d,
  0xcd, 0x57, 0x93, 0xd1, 0x8b, 0xd1, 0x7b, 0x70, 0x9c, 0x11, 0xe6, 0x9c,
  0xfd, 0x98, 0xed, 0x16, 0xfe, 0xfa, 0xff, 0x3b, 0xff, 0x3a, 0xff, 0x5a,
  0xff, 0x7a, 0xff, 0x3a, 0xff, 0x5a, 0xe6, 0xb8, 0xf6, 0xd9, 0xff, 0x7c,
  0xff, 0x1a, 0xff, 0x3a, 0xff, 0x5a, 0xff, 0x5b, 0xff, 0x5a, 0xff, 0x7b,
  0xee, 0x99, 0xd5, 0xb6, 0xde, 0x17, 0xee, 0x58, 0xef, 0x3a, 0xef, 0x39,
  0xe7, 0x19, 0xe7, 0x19, 0xdf, 0x58, 0xce, 0xd6, 0xd6, 0x96, 0xf7, 0x38,
  0xd6, 0xb6, 0xd6, 0x75, 0xde, 0xfa, 0xf7, 0x9c, 0xf7, 0x9e, 0xff, 0x9e,
  0xff, 0xbe, 0xff, 0x9d, 0xff, 0xbe, 0xff, 0x9d, 0xff, 0xbe, 0xff, 0xbe,
  0xff, 0xbe, 0xff, 0x9d, 0xff, 0xbe, 0xff, 0x9d, 0xf7, 0x9e, 0xff, 0x9d,
  0xf7, 0x9d, 0xff, 0x9d, 0xff, 0x9e, 0xff, 0x9d, 0xf7, 0x7d, 0xff, 0x7d,
  0xf7, 0x7d, 0xff, 0x9d, 0xff, 0x9e, 0xff, 0x9d, 0xf7, 0x7d, 0xff, 0x9d,
  0xff, 0xbe, 0xff, 0x7d, 0xf7, 0x9e, 0xff, 0x9d, 0xf7, 0x7d, 0xff, 0x7d,
  0xff, 0xbe, 0xff, 0x9d, 0xf7, 0x7d, 0xff, 0x7d, 0xf7, 0x9d, 0xff, 0x9d,
  0xef, 0x9c, 0xde, 0xd9, 0xf7, 0x3a, 0xf7, 0x1a, 0xf7, 0x3a, 0xff, 0x3a,
  0xff, 0x3b, 0xff, 0x3a, 0xff, 0x5b, 0xff, 0x3a, 0xff, 0x3b, 0xff, 0x1a,
  0xff, 0x5b, 0xff, 0x3a, 0xff, 0x5b, 0xff, 0x3a, 0xf7, 0x3a, 0xff, 0x1a,
  0xff, 0x5b, 0xff, 0x5b, 0xf7, 0x3b, 0xff, 0x3a, 0xff, 0x5b, 0xff, 0x3a,
  0xff, 0x5b, 0xff, 0x5b, 0xff, 0x5b, 0xff, 0x3a, 0xf7, 0x3b, 0xff, 0x1a,
  0xff, 0x3b, 0xff, 0x5b, 0xff, 0x5b, 0xff, 0x3a, 0xf7, 0x3b, 0xff, 0x3b,
  0xff, 0x5b, 0xff, 0x3a, 0xee, 0xfa, 0xa4, 0x90, 0x73, 0x2f, 0x83, 0x70,
  0xbd, 0x34, 0xee, 0x99, 0xff, 0x1b, 0xdd, 0xd6, 0x7b, 0x91, 0x73, 0x2f,
  0x63, 0x0f, 0x52, 0x6c, 0x4a, 0xad, 0x4a, 0x6c, 0x4a, 0x8d, 0x62, 0xef,
  0x5a, 0xcf, 0x5a, 0x8e, 0x42, 0x4c, 0x39, 0xea, 0x32, 0x0b, 0x31, 0xea,
  0x29, 0xca, 0x29, 0xa9, 0x29, 0xca, 0x29, 0xc9, 0x29, 0xcb, 0x29, 0xaa,
  0x21, 0xaa, 0x29, 0xa9, 0x29, 0xca, 0x29, 0xca, 0x29, 0xca, 0x29, 0xa9,
  0x29, 0xea, 0x3a, 0x0b, 0x29, 0xc9, 0x3a, 0x2b, 0x32, 0x2b, 0x31, 0xea,
  0x42, 0x4c, 0x4a, 0x6c, 0x52, 0x8d, 0x6b, 0x50, 0x63, 0x0f, 0x6a, 0xee,
  0x7b, 0xb1, 0x73, 0x2f, 0x5b, 0x0f, 0x42, 0x2b, 0x5a, 0xcf, 0x62, 0xef,
  0x63, 0x50, 0x4a, 0x2b, 0x29, 0xca, 0x31, 0xca, 0x52, 0x6d, 0x73, 0x50,
  0x4a, 0x8c, 0x4a, 0x4b, 0x63, 0x0f, 0x73, 0x70, 0x7b, 0x71, 0x7b, 0x50,
  0x73, 0x50, 0x73, 0x0e, 0x73, 0x2f, 0x7b, 0x50, 0x7b, 0x71, 0x62, 0xad,
  0x62, 0xef, 0x5a, 0x8d, 0x3a, 0x2c, 0x4a, 0x6c, 0x52, 0x8d, 0x5a, 0xae,
  0x52, 0xae, 0x5a, 0xae, 0x5a, 0xae, 0x5a, 0xad, 0x5a, 0xce, 0x52, 0x8d,
  0x5a, 0xce, 0x6b, 0x0f, 0x62, 0xce, 0x6a, 0xee, 0x52, 0xce, 0x52, 0x8d,
  0x31, 0xa9, 0x6b, 0x4f, 0x63, 0x30, 0x39, 0x89, 0x32, 0x0c, 0x3a, 0x0b,
  0x42, 0x2c, 0x42, 0x0b, 0x31, 0xeb, 0x31, 0xaa, 0x62, 0x8e, 0x7b, 0x0f,
  0x72, 0x6c, 0x93, 0x2f, 0xd4, 0x34, 0xfd, 0xda, 0xfd, 0x19, 0xf4, 0x76,
  0xfc, 0xf8, 0xfc, 0x96, 0xdb, 0xd3, 0xfc, 0x96, 0xe6, 0x3a, 0xcd, 0x36,
  0x9c, 0x12, 0xc5, 0x57, 0xdd, 0xd8, 0xee, 0x19, 0xff, 0x3d, 0xff, 0x1d,
  0xff, 0x1d, 0xfe, 0xfc, 0xfe, 0xfc, 0xfe, 0xfc, 0xff, 0x3e, 0xf6, 0x7b,
  0x94, 0x13, 0x8b, 0xb1, 0x7b, 0x91, 0x73, 0x4f, 0xd5, 0x58, 0xfe, 0x5b,
  0xbb, 0xf1, 0xed, 0x56, 0xff, 0x5b, 0xff, 0x3a, 0xff, 0x5b, 0xff, 0x3a,
  0xff, 0x3b, 0xff, 0x3a, 0xf7, 0x5b, 0xd6, 0x36, 0xf7, 0x3b, 0xff, 0x7c,
  0xf7, 0x3b, 0xff, 0x3a, 0xf7, 0x3b, 0xff, 0x3a, 0xff, 0x5b, 0xff, 0x5b,
  0xf7, 0x59, 0xf7, 0x7a, 0xef, 0x39, 0xef, 0x7a, 0xf7, 0x59, 0xef, 0x39,
  0xe7, 0x58, 0xd6, 0xf7, 0xc6, 0x54, 0xce, 0xb5, 0xef, 0x37, 0xe6, 0xf7,
  0xde, 0xb5, 0xd6, 0xb5, 0xde, 0x98, 0xf7, 0xbc, 0xff, 0x9d, 0xff, 0xbe,
  0xff, 0x9d, 0xff, 0xbe, 0xff, 0x9d, 0xf7, 0x9d, 0xff, 0x9d, 0xff, 0xde,
  0xff, 0xbd, 0xff, 0xbd, 0xff, 0x9d, 0xff, 0xbd, 0xff, 0x9d, 0xff, 0xbe,
  0xff, 0x9d, 0xff, 0xbd, 0xff, 0x9d, 0xff, 0xbd, 0xff, 0x9d, 0xff, 0x9d,
  0xff, 0x9d, 0xff, 0xbe, 0xff, 0x9d, 0xff, 0x9d, 0xff, 0x9d, 0xff, 0x9d,
  0xff, 0x9d, 0xf7, 0x9d, 0xff, 0x9d, 0xff, 0xbe, 0xff, 0x9d, 0xf7, 0x9d,
  0xff, 0x7c, 0xff, 0x9d, 0xff, 0x7c, 0xff, 0x9d, 0xff, 0x9c, 0xf7, 0x7c,
  0xe6, 0xf9, 0xef, 0x5a, 0xff, 0x5a, 0xff, 0x5a, 0xff, 0x5a, 0xff, 0x5b,
  0xff, 0x3a, 0xff, 0x5b, 0xff, 0x3a, 0xff, 0x5b, 0xff, 0x3a, 0xff, 0x5b,
  0xff, 0x3a, 0xff, 0x7b, 0xff, 0x5a, 0xff, 0x5b, 0xff, 0x1a, 0xff, 0x5a,
  0xff, 0x3a, 0xf7, 0x3a, 0xff, 0x3a, 0xff, 0x5a, 0xff, 0x3a, 0xff, 0x5b,
  0xff, 0x5b, 0xff, 0x5b, 0xff, 0x7b, 0xff, 0x5b, 0xff, 0x3a, 0xff, 0x5a,
  0xff, 0x3a, 0xff, 0x3a, 0xff, 0x5a, 0xff, 0x5a, 0xff, 0x3a, 0xff, 0x3b,
  0xff, 0x3a, 0xf6, 0xf9, 0xa4, 0x72, 0x7b, 0x6e, 0xa4, 0x30, 0xe6, 0x59,
  0xff, 0x3a, 0xff, 0x7b, 0xe6, 0x7a, 0x94, 0x10, 0x7b, 0x6f, 0x6b, 0x0e,
  0x52, 0x8c, 0x42, 0x2b, 0x62, 0xcd, 0x6b, 0x50, 0x62, 0xae, 0x4a, 0x2c,
  0x31, 0xea, 0x29, 0xea, 0x31, 0xca, 0x29, 0xea, 0x31, 0xca, 0x29, 0xca,
  0x31, 0xca, 0x29, 0xea, 0x31, 0xea, 0x29, 0xea, 0x3a, 0x0a, 0x42, 0x4c,
  0x42, 0x4b, 0x42, 0x6c, 0x4a, 0x6c, 0x52, 0xad, 0x52, 0x8d, 0x4a, 0x6c,
  0x4a, 0x6d, 0x4a, 0x8d, 0x42, 0x6c, 0x42, 0x8c, 0x42, 0x2b, 0x3a, 0x2b,
  0x42, 0x0a, 0x42, 0x6c, 0x4a, 0x2b, 0x42, 0x0b, 0x6a, 0xee, 0x6b, 0x2f,
  0x62, 0xcd, 0x73, 0x70, 0x6b, 0x0f, 0x52, 0x6c, 0x42, 0x2b, 0x52, 0xad,
  0x62, 0xad, 0x63, 0x0f, 0x3a, 0x0a, 0x32, 0x0a, 0x31, 0xa9, 0x52, 0xce,
  0x63, 0x0e, 0x39, 0xea, 0x31, 0xe9, 0x3a, 0x2b, 0x5a, 0xad, 0x63, 0x2f,
  0x7b, 0x70, 0x7b, 0x91, 0x6a, 0xed, 0x62, 0xee, 0x7b, 0x4f, 0x7b, 0x70,
  0x6a, 0xce, 0x5a, 0xae, 0x3a, 0x0a, 0x42, 0x6c, 0x6b, 0x2f, 0x52, 0x6d,
  0x62, 0xee, 0x5a, 0xce, 0x62, 0xad, 0x62, 0xee, 0x5a, 0xad, 0x52, 0xad,
  0x52, 0x8c, 0x5a, 0xee, 0x5a, 0xad, 0x52, 0x8d, 0x42, 0x4c, 0x29, 0xaa,
  0x52, 0x6c, 0x5a, 0xce, 0x31, 0x89, 0x3a, 0x0b, 0x3a, 0x0b, 0x32, 0x0b,
  0x42, 0x0b, 0x3a, 0x2b, 0x52, 0x0b, 0x62, 0xae, 0x83, 0x2f, 0x72, 0xce,
  0xdc, 0x14, 0xe4, 0x96, 0xfd, 0x9a, 0xfc, 0xd7, 0xf4, 0xb5, 0xfd, 0xba,
  0xfe, 0x3a, 0xfe, 0x7c, 0xf5, 0x16, 0xfd, 0x58, 0xff, 0x1d, 0xe6, 0x3a,
  0xb4, 0x73, 0xe6, 0x1a, 0xf6, 0x5a, 0xfe, 0xbc, 0xfe, 0xfc, 0xfe, 0xfc,
  0xfe, 0xfc, 0xfe, 0xfc, 0xfe, 0xdc, 0xfe, 0xfc, 0xfe, 0xfd, 0xac, 0x93,
  0x8b, 0x91, 0x8b, 0xb1, 0x83, 0x4f, 0xac, 0xb5, 0xe5, 0xd8, 0x8b, 0x6f,
  0xac, 0x91, 0xff, 0x3b, 0xff, 0x19, 0xff, 0x5a, 0xff, 0x1a, 0xff, 0x3b,
  0xff, 0x3a, 0xff, 0x5b, 0xf7, 0x1a, 0xe6, 0xb9, 0xff, 0x7b, 0xff, 0x7c,
  0xff, 0x5a, 0xff, 0x5b, 0xff, 0x3a, 0xff, 0x3b, 0xff, 0x1a, 0xff, 0x5b,
  0xe7, 0x5a, 0xe7, 0x18, 0xdf, 0x39, 0xe7, 0x39, 0xde, 0xf9, 0xe6, 0xf9,
  0xde, 0xd6, 0xde, 0xb6, 0xe6, 0xf7, 0xee, 0xf7, 0xce, 0xf7, 0xb5, 0xd2,
  0xce, 0xf6, 0xce, 0xb5, 0xc6, 0x77, 0xff, 0xfd, 0xff, 0xbe, 0xff, 0xbe,
  0xff, 0xbe, 0xff, 0x9d, 0xff, 0x9e, 0xff, 0x9d, 0xff, 0xde, 0xff, 0x7d,
  0xff, 0x9e, 0xff, 0x9d, 0xff, 0xbe, 0xff, 0x9d, 0xff, 0xbe, 0xff, 0x9d,
  0xff, 0xbe, 0xff, 0x9d, 0xf7, 0x9d, 0xff, 0x9d, 0xf7, 0x9d, 0xff, 0x7d,
  0xff, 0xbe, 0xff, 0xbe, 0xff, 0xbe, 0xff, 0xbe, 0xff, 0x9e, 0xff, 0x9d,
  0xff, 0x9e, 0xff, 0x7d, 0xff, 0x9e, 0xff, 0x9d, 0xff, 0x9d, 0xff, 0x9d,
  0xf7, 0x7d, 0xff, 0x9d, 0xf7, 0x9d, 0xff, 0x7c, 0xf7, 0x9c, 0xe6, 0xfa,
  0xe6, 0xf9, 0xff, 0x5a, 0xff, 0x5b, 0xff, 0x3a, 0xff, 0x3b, 0xff, 0x1a,
  0xff, 0x3b, 0xff, 0x3a, 0xff, 0x5b, 0xff, 0x3a, 0xff, 0x5b, 0xff, 0x3a,
  0xff, 0x5b, 0xff, 0x3a, 0xff, 0x5b, 0xff, 0x3a, 0xff, 0x5b, 0xff, 0x5b,
  0xff, 0x5b, 0xff, 0x3a, 0xff, 0x5b, 0xff, 0x3a, 0xf7, 0x1a, 0xff, 0x3a,
  0xff, 0x5b, 0xff, 0x5b, 0xff, 0x5b, 0xff, 0x1a, 0xff, 0x5b, 0xff, 0x5b,
  0xff, 0x3b, 0xff, 0x3a, 0xff, 0x5b, 0xff, 0x1a, 0xff, 0x5a, 0xff, 0x3a,
  0xff, 0x5c, 0xbd, 0x13, 0x7b, 0x6f, 0x9c, 0x12, 0xe6, 0x99, 0xff, 0x5b,
  0xff, 0x3b, 0xff, 0x7c, 0xb5, 0x35, 0x83, 0x6e, 0x73, 0xb1, 0x52, 0x4b,
  0x52, 0x6d, 0x73, 0x70, 0x6b, 0x50, 0x4a, 0x2c, 0x29, 0xca, 0x31, 0xca,
  0x29, 0xea, 0x31, 0xea, 0x29, 0xca, 0x31, 0xea, 0x31, 0xcb, 0x39, 0xea,
  0x4a, 0x6d, 0x52, 0x8d, 0x52, 0xae, 0x5a, 0xae, 0x5a, 0xee, 0x62, 0xce,
  0x5a, 0xce, 0x62, 0xce, 0x63, 0x0f, 0x62, 0xce, 0x63, 0x0f, 0x6b, 0x0f,
  0x62, 0xee, 0x6a, 0xee, 0x6b, 0x0f, 0x73, 0x0f, 0x62, 0xef, 0x6a, 0xef,
  0x5a, 0xef, 0x62, 0xce, 0x5a, 0xef, 0x52, 0xad, 0x4a, 0x6c, 0x63, 0x0f,
  0x5a, 0xce, 0x62, 0xad, 0x6b, 0x50, 0x62, 0xce, 0x3a, 0x2c, 0x42, 0x2b,
  0x52, 0x8d, 0x6b, 0x2f, 0x4a, 0x8d, 0x31, 0xca, 0x29, 0xeb, 0x31, 0xea,
  0x62, 0xef, 0x5a, 0x8d, 0x4a, 0x8d, 0x42, 0x0b, 0x31, 0xea, 0x3a, 0x0b,
  0x5a, 0xae, 0x73, 0x50, 0x73, 0x91, 0x6b, 0x0e, 0x62, 0xce, 0x8b, 0xb1,
  0x6b, 0x50, 0x5a, 0x6c, 0x31, 0xeb, 0x31, 0xca, 0x6b, 0x50, 0x62, 0xce,
  0x52, 0xad, 0x62, 0xad, 0x5a, 0xce, 0x62, 0xee, 0x5a, 0x8d, 0x6a, 0xee,
  0x62, 0xae, 0x6a, 0xce, 0x52, 0xce, 0x39, 0xea, 0x29, 0xa9, 0x4a, 0x8d,
  0x73, 0x51, 0x5a, 0x6d, 0x2a, 0x0b, 0x32, 0x0b, 0x3a, 0x0b, 0x39, 0xeb,
  0x3a, 0x0b, 0x4a, 0x6c, 0x62, 0xad, 0x6a, 0x8d, 0xb3, 0x92, 0xe4, 0xd6,
  0xfd, 0x39, 0xfc, 0xb7, 0xf4, 0xf8, 0xf4, 0xb7, 0xfe, 0x5b, 0xfe, 0x1a,
  0xfe, 0x7c, 0xfe, 0x9c, 0xf5, 0xb9, 0xfd, 0xb9, 0xff, 0x7f, 0xe6, 0x19,
  0xc5, 0x57, 0xf6, 0x7b, 0xf6, 0xbc, 0xfe, 0xdc, 0xfe, 0xfd, 0xfe, 0xdc,
  0xfe, 0xdd, 0xfe, 0xfc, 0xfe, 0xdd, 0xff, 0x1d, 0xcd, 0xb9, 0x7a, 0xee,
  0x8c, 0x13, 0x8b, 0xb1, 0x9b, 0xf2, 0xe5, 0xfa, 0x7b, 0x0d, 0x93, 0x6f,
  0xff, 0x9c, 0xff, 0x5b, 0xff, 0x5b, 0xff, 0x5b, 0xff, 0x5b, 0xff, 0x3b,
  0xff, 0x5b, 0xff, 0x3b, 0xd6, 0x57, 0xf6, 0xfa, 0xff, 0x7c, 0xff, 0x3b,
  0xf7, 0x3b, 0xff, 0x1a, 0xff, 0x5b, 0xff, 0x3a, 0xf7, 0x3b, 0xff, 0x3b,
  0xde, 0xf7, 0xd6, 0xf7, 0xde, 0xf7, 0xdf, 0x18, 0xee, 0xf7, 0xf7, 0x79,
  0xf7, 0x18, 0xef, 0x58, 0xd6, 0xb5, 0xc6, 0x74, 0xd6, 0xd5, 0xc6, 0xb5,
  0xef, 0x78, 0xbe, 0x12, 0xd6, 0xb8, 0xf7, 0xfd, 0xff, 0xbe, 0xff, 0xbe,
  0xff, 0x9d, 0xff, 0xde, 0xff, 0xbd, 0xff, 0xbe, 0xff, 0x7d, 0xff, 0xbe,
  0xff, 0x9d, 0xff, 0xbe, 0xff, 0x9d, 0xff, 0xbd, 0xff, 0x9d, 0xff, 0xbe,
  0xff, 0x9d, 0xff, 0x9d, 0xff, 0x9d, 0xff, 0xbe, 0xff, 0x9d, 0xff, 0xbe,
  0xff, 0x9d, 0xf7, 0x9d, 0xff, 0xbd, 0xff, 0xbe, 0xff, 0x7c, 0xff, 0xbe,
  0xff, 0xbd, 0xff, 0x9d, 0xff, 0xbd, 0xff, 0x9d, 0xff, 0x9d, 0xff, 0x9d,
  0xff, 0x9d, 0xf7, 0x9d, 0xff, 0x9c, 0xf7, 0x7c, 0xe6, 0xf9, 0xde, 0xf9,
  0xff, 0x5a, 0xff, 0x5b, 0xff, 0x3a, 0xff, 0x5b, 0xff, 0x3a, 0xff, 0x5b,
  0xff, 0x3a, 0xff, 0x3a, 0xff, 0x5a, 0xff, 0x5b, 0xff, 0x3a, 0xff, 0x7b,
  0xff, 0x3a, 0xff, 0x3a, 0xff, 0x3a, 0xff, 0x3a, 0xff, 0x5a, 0xff, 0x7b,
  0xff, 0x5a, 0xff, 0x7b, 0xff, 0x5a, 0xff, 0x5b, 0xff, 0x3a, 0xff, 0x3a,
  0xff, 0x3a, 0xff, 0x5b, 0xff, 0x3a, 0xff, 0x5b, 0xff, 0x3a, 0xff, 0x5a,
  0xff, 0x19, 0xff, 0x5a, 0xff, 0x5b, 0xff, 0x3b, 0xff, 0x5a, 0xff, 0x7b,
  0xee, 0x7a, 0x93, 0xf0, 0x93, 0xef, 0xde, 0x59, 0xff, 0x7a, 0xff, 0x5a,
  0xff, 0x3a, 0xff, 0x7b, 0x94, 0x52, 0x63, 0x0d, 0x4a, 0x0b, 0x5a, 0xce,
  0x7b, 0x70, 0x52, 0x8d, 0x31, 0xc9, 0x29, 0xca, 0x31, 0xca, 0x29, 0xeb,
  0x39, 0xca, 0x3a, 0x0b, 0x3a, 0x0b, 0x3a, 0x2b, 0x42, 0x2b, 0x5a, 0xee,
  0x62, 0xee, 0x62, 0xee, 0x62, 0xed, 0x5a, 0xce, 0x62, 0xcd, 0x62, 0xee,
  0x6b, 0x0e, 0x5a, 0xee, 0x5a, 0xcd, 0x52, 0xad, 0x5a, 0xcd, 0x52, 0xce,
  0x52, 0x8d, 0x52, 0xad, 0x52, 0xad, 0x52, 0xce, 0x5a, 0xad, 0x5a, 0xee,
  0x62, 0xcd, 0x63, 0x0e, 0x73, 0x2f, 0x73, 0x50, 0x62, 0xee, 0x52, 0x6c,
  0x73, 0x2f, 0x5a, 0xcd, 0x6a, 0xee, 0x63, 0x0f, 0x62, 0xef, 0x42, 0x0b,
  0x5a, 0xad, 0x5b, 0x0e, 0x6b, 0x0f, 0x42, 0x0b, 0x4a, 0x6c, 0x29, 0xc9,
  0x4a, 0x6c, 0x5b, 0x0f, 0x5a, 0x6c, 0x63, 0x0f, 0x52, 0xad, 0x3a, 0x2b,
  0x39, 0xea, 0x4a, 0x8d, 0x62, 0xad, 0x6b, 0x0e, 0x7b, 0x4f, 0x62, 0xad,
  0x7b, 0x70, 0x6b, 0x0f, 0x3a, 0x0a, 0x29, 0xca, 0x5a, 0x6d, 0x62, 0xef,
  0x62, 0xce, 0x5a, 0xad, 0x62, 0xcd, 0x5a, 0xad, 0x62, 0xee, 0x6b, 0x2f,
  0x52, 0x8d, 0x42, 0x4c, 0x31, 0xca, 0x29, 0xea, 0x62, 0xcd, 0x5a, 0xcd,
  0x73, 0x2f, 0x5a, 0xcd, 0x3a, 0x0b, 0x3a, 0x0b, 0x39, 0xea, 0x3a, 0x4b,
  0x4a, 0x2b, 0x52, 0xad, 0x82, 0x4c, 0xd4, 0xf7, 0xfd, 0x99, 0xfd, 0x58,
  0xfd, 0x18, 0xfd, 0x59, 0xec, 0x54, 0xfd, 0xba, 0xfd, 0x58, 0xec, 0x95,
  0xfd, 0x98, 0xfe, 0xbc, 0xed, 0x16, 0xf5, 0x98, 0xff, 0x7e, 0xee, 0xbb,
  0xe5, 0xf8, 0xf6, 0xbb, 0xfe, 0xdc, 0xfe, 0xfd, 0xfe, 0xdc, 0xfe, 0xdc,
  0xfe, 0xbc, 0xfe, 0xbc, 0xfe, 0xfc, 0xe6, 0x3a, 0x83, 0x4f, 0x8b, 0xd2,
  0x9c, 0x12, 0x7b, 0x50, 0xd5, 0x57, 0xff, 0x7f, 0xbc, 0x52, 0xbc, 0x94,
  0xff, 0x9b, 0xff, 0x3a, 0xff, 0x5b, 0xff, 0x5b, 0xff, 0x5b, 0xff, 0x5b,
  0xff, 0x5b, 0xf7, 0x1a, 0xe6, 0x57, 0xff, 0x5b, 0xff, 0x3a, 0xff, 0x5b,
  0xff, 0x3a, 0xff, 0x5b, 0xff, 0x3a, 0xf7, 0x1a, 0xff, 0x1a, 0xff, 0x5b,
  0xde, 0xf8, 0xe6, 0xf8, 0xe7, 0x38, 0xef, 0x18, 0xdf, 0x18, 0xd6, 0x95,
  0xd6, 0xb7, 0xe7, 0x18, 0xc6, 0x95, 0xce, 0xd6, 0xc6, 0x95, 0xe7, 0x57,
  0xd6, 0x95, 0xd6, 0x75, 0xd6, 0xb8, 0xef, 0x5a, 0xf7, 0xbe, 0xff, 0xbe,
  0xff, 0xbe, 0xff, 0xbe, 0xff, 0xbe, 0xff, 0x9d, 0xff, 0x9e, 0xff, 0xbe,
  0xff, 0x9e, 0xff, 0x7d, 0xff, 0xbe, 0xff, 0x9d, 0xf7, 0x9d, 0xff, 0x9d,
  0xf7, 0x9e, 0xff, 0x9d, 0xf7, 0x9d, 0xff, 0x9d, 0xf7, 0x9e, 0xff, 0xbe,
  0xff, 0x9e, 0xff, 0x9d, 0xf7, 0x7d, 0xff, 0x9d, 0xff, 0x9e, 0xff, 0x9d,
  0xff, 0xbe, 0xff, 0x9d, 0xf7, 0x7d, 0xff, 0x7d, 0xff, 0x9d, 0xff, 0x7d,
  0xf7, 0x9d, 0xf7, 0x5c, 0xf7, 0x9d, 0xe7, 0x1b, 0xde, 0xd9, 0xf7, 0x5b,
  0xff, 0x3b, 0xff, 0x1a, 0xf7, 0x3a, 0xff, 0x5b, 0xff, 0x3b, 0xff, 0x1a,
  0xff, 0x3b, 0xff, 0x5b, 0xff, 0x3b, 0xff, 0x3a, 0xff, 0x5b, 0xff, 0x3a,
  0xf7, 0x3b, 0xff, 0x3a, 0xff, 0x5b, 0xff, 0x3a, 0xff, 0x5b, 0xff, 0x5b,
  0xff, 0x5b, 0xff, 0x5a, 0xff, 0x5b, 0xff, 0x3a, 0xff, 0x5b, 0xff, 0x3a,
  0xf7, 0x1a, 0xff, 0x1a, 0xff, 0x5b, 0xff, 0x3a, 0xff, 0x5b, 0xff, 0x3a,
  0xf7, 0x3a, 0xff, 0x3a, 0xf7, 0x3b, 0xff, 0x3b, 0xff, 0x5b, 0xff, 0x7b,
  0xc5, 0xb7, 0x8b, 0x8f, 0xac, 0xd2, 0xf6, 0xfb, 0xff, 0x5b, 0xff, 0x3a,
  0xff, 0x5c, 0xff, 0x5b, 0x8c, 0x73, 0x41, 0xc9, 0x62, 0xcf, 0x7b, 0x71,
  0x42, 0x4c, 0x31, 0xa9, 0x29, 0xea, 0x31, 0xea, 0x29, 0xca, 0x29, 0xca,
  0x3a, 0x0b, 0x4a, 0x6d, 0x42, 0x4c, 0x4a, 0x4c, 0x5a, 0xce, 0x62, 0xee,
  0x63, 0x0f, 0x62, 0xef, 0x5b, 0x0f, 0x52, 0xad, 0x42, 0x6d, 0x42, 0x2c,
  0x3a, 0x0b, 0x39, 0xca, 0x3a, 0x0b, 0x31, 0xca, 0x29, 0xca, 0x29, 0xa9,
  0x29, 0xca, 0x29, 0xaa, 0x21, 0xca, 0x29, 0xca, 0x32, 0x0b, 0x29, 0xc9,
  0x31, 0xea, 0x3a, 0x0b, 0x39, 0xeb, 0x42, 0x4c, 0x52, 0xae, 0x4a, 0x6c,
  0x4a, 0x6d, 0x62, 0xef, 0x5a, 0xae, 0x62, 0xee, 0x63, 0x50, 0x52, 0x6c,
  0x3a, 0x0b, 0x62, 0xef, 0x7b, 0x91, 0x52, 0x2b, 0x4a, 0xae, 0x31, 0xca,
  0x39, 0xeb, 0x5a, 0xee, 0x52, 0x8d, 0x5a, 0xce, 0x73, 0x70, 0x5a, 0xad,
  0x32, 0x0b, 0x3a, 0x0b, 0x42, 0x6d, 0x52, 0xad, 0x6b, 0x0f, 0x62, 0xad,
  0x6b, 0x30, 0x62, 0xee, 0x32, 0x2b, 0x31, 0xea, 0x4a, 0x4c, 0x6b, 0x0f,
  0x42, 0x2b, 0x5a, 0xad, 0x5a, 0xae, 0x6b, 0x0f, 0x52, 0xae, 0x42, 0x0b,
  0x29, 0xea, 0x29, 0xa9, 0x4a, 0x6d, 0x6b, 0x2f, 0x5a, 0x8d, 0x62, 0x8d,
  0x63, 0x50, 0x31, 0xa9, 0x3a, 0x0b, 0x3a, 0x0b, 0x3a, 0x2c, 0x42, 0x4c,
  0x41, 0xca, 0x6a, 0xee, 0xdc, 0x55, 0xfd, 0xba, 0xf5, 0x18, 0xfd, 0x58,
  0xfd, 0x59, 0xec, 0x96, 0xfd, 0xba, 0xfd, 0xba, 0xec, 0x96, 0xfd, 0x18,
  0xf5, 0x59, 0xfd, 0xba, 0xed, 0x38, 0xfd, 0xd9, 0xff, 0x7e, 0xe6, 0x19,
  0xdd, 0xf9, 0xf6, 0x7b, 0xfe, 0xfd, 0xfe, 0xdc, 0xfe, 0xfd, 0xfe, 0xdc,
  0xfe, 0x9b, 0xfe, 0x7b, 0xee, 0x5c, 0x9b, 0x90, 0x83, 0x91, 0x9c, 0x13,
  0x83, 0x90, 0xa4, 0x53, 0xfe, 0xdd, 0xfe, 0xdd, 0xe5, 0x36, 0xed, 0x36,
  0xff, 0x9c, 0xff, 0x3a, 0xff, 0x7c, 0xff, 0x3b, 0xff, 0x5b, 0xff, 0x5b,
  0xff, 0x5b, 0xee, 0xb9, 0xf7, 0x1a, 0xff, 0x3a, 0xf7, 0x1a, 0xff, 0x3b,
  0xff, 0x5b, 0xff, 0x3b, 0xff, 0x5b, 0xff, 0x1a, 0xf7, 0x3b, 0xff, 0x3b,
  0xff, 0x59, 0xf7, 0x39, 0xdf, 0x17, 0xce, 0xd6, 0xce, 0x95, 0xdf, 0x58,
  0xe7, 0x17, 0xd6, 0xb5, 0xde, 0xd7, 0xd6, 0xb6, 0xde, 0x95, 0xef, 0x38,
  0xd6, 0x54, 0xef, 0x58, 0xb6, 0x34, 0xdf, 0x9a, 0xff, 0x9d, 0xf7, 0x9d,
  0xff, 0xbe, 0xff, 0xbe, 0xff, 0xbd, 0xff, 0xbe, 0xff, 0xbd, 0xff, 0xbe,
  0xff, 0x9d, 0xff, 0xbd, 0xff, 0x9d, 0xff, 0xbd, 0xff, 0x9d, 0xff, 0x9d,
  0xff, 0x9d, 0xff, 0xbe, 0xff, 0x7d, 0xff, 0xbe, 0xff, 0x9d, 0xff, 0xbe,
  0xff, 0x9d, 0xff, 0xbd, 0xff, 0x7d, 0xff, 0x9d, 0xff, 0x9d, 0xff, 0xbe,
  0xff, 0x9d, 0xf7, 0x9d, 0xff, 0x7c, 0xff, 0x9d, 0xff, 0x9d, 0xff, 0x9d,
  0xff, 0x7c, 0xff, 0xbd, 0xef, 0x5b, 0xde, 0xd9, 0xff, 0x3a, 0xff, 0x7b,
  0xff, 0x1a, 0xff, 0x5b, 0xff, 0x3a, 0xff, 0x5b, 0xff, 0x5a, 0xff, 0x3a,
  0xff, 0x1a, 0xff, 0x5b, 0xff, 0x5a, 0xff, 0x3a, 0xff, 0x5a, 0xff, 0x5b,
  0xff, 0x5a, 0xff, 0x5b, 0xff, 0x3a, 0xff, 0x5b, 0xff, 0x3a, 0xff, 0x3a,
  0xff, 0x3a, 0xff, 0x5a, 0xff, 0x5a, 0xff, 0x5a, 0xff, 0x3a, 0xff, 0x5a,
  0xff, 0x5a, 0xff, 0x7b, 0xff, 0x5a, 0xff, 0x5b, 0xff, 0x3a, 0xff, 0x3a,
  0xff, 0x3a, 0xff, 0x5a, 0xff, 0x3a, 0xff, 0x5b, 0xff, 0x5a, 0xff, 0x5a,
  0xc5, 0x76, 0x8b, 0xd0, 0xd5, 0xb5, 0xff, 0x5c, 0xff, 0x5a, 0xff, 0x5a,
  0xff, 0x5b, 0xff, 0xbd, 0x73, 0x4e, 0x52, 0x6b, 0x8c, 0x12, 0x52, 0x8c,
  0x31, 0xca, 0x3a, 0x2b, 0x31, 0xea, 0x31, 0xea, 0x39, 0xea, 0x42, 0x6c,
  0x4a, 0x6c, 0x4a, 0x8d, 0x5a, 0xad, 0x5a, 0xee, 0x62, 0xee, 0x62, 0xee,
  0x4a, 0x6c, 0x3a, 0x2b, 0x3a, 0x0a, 0x31, 0xea, 0x3a, 0x0b, 0x3a, 0x2b,
  0x3a, 0x2b, 0x3a, 0x2b, 0x39, 0xea, 0x3a, 0x2b, 0x42, 0x2b, 0x42, 0x4c,
  0x4a, 0x4b, 0x42, 0x6c, 0x52, 0x6c, 0x4a, 0x8d, 0x52, 0x8d, 0x52, 0x8d,
  0x52, 0x6c, 0x52, 0x8d, 0x4a, 0x4c, 0x4a, 0x6c, 0x4a, 0x4b, 0x42, 0x4c,
  0x42, 0x2b, 0x52, 0xce, 0x5a, 0x8c, 0x5a, 0xce, 0x5a, 0xcd, 0x52, 0xcd,
  0x39, 0xca, 0x5a, 0xce, 0x73, 0x4f, 0x62, 0xee, 0x4a, 0x4c, 0x4a, 0xad,
  0x41, 0xea, 0x4a, 0x8d, 0x5a, 0xcd, 0x42, 0x0b, 0x62, 0xee, 0x6b, 0x2f,
  0x5a, 0xee, 0x3a, 0x0b, 0x3a, 0x0a, 0x42, 0x6c, 0x62, 0xcd, 0x5a, 0xce,
  0x5a, 0xad, 0x41, 0xea, 0x3a, 0x2b, 0x3a, 0x2b, 0x39, 0xa8, 0x7b, 0xf2,
  0x73, 0x4f, 0x42, 0x0b, 0x31, 0xe9, 0x29, 0xe9, 0x31, 0xa9, 0x3a, 0x0b,
  0x52, 0x8d, 0x6b, 0x71, 0x73, 0x2f, 0x4a, 0x2b, 0x62, 0xee, 0x6b, 0x4f,
  0x39, 0xca, 0x3a, 0x0b, 0x42, 0x0b, 0x42, 0x6c, 0x42, 0x4c, 0x42, 0x4c,
  0x5a, 0x0a, 0xbd, 0x37, 0xec, 0x54, 0xfd, 0x59, 0xfd, 0x98, 0xf5, 0x99,
  0xfe, 0x7b, 0xed, 0xb9, 0xfe, 0x5b, 0xf5, 0x98, 0xfd, 0x58, 0xfd, 0x99,
  0xfd, 0x38, 0xfd, 0x79, 0xed, 0x77, 0xfe, 0xdd, 0xff, 0x5d, 0xe6, 0x7a,
  0xee, 0x5a, 0xee, 0x7a, 0xff, 0x1d, 0xfe, 0xfc, 0xfe, 0xdb, 0xfe, 0xbc,
  0xfe, 0xbb, 0xfe, 0xbc, 0xb4, 0x74, 0x93, 0x90, 0xa4, 0x53, 0x93, 0xf2,
  0x83, 0x0e, 0xdd, 0xf9, 0xfe, 0xdc, 0xfe, 0xdd, 0xfd, 0x57, 0xe4, 0x94,
  0xff, 0x5a, 0xff, 0x5b, 0xff, 0x1a, 0xff, 0x5b, 0xff, 0x3a, 0xff, 0x5b,
  0xf6, 0xf9, 0xee, 0xd9, 0xff, 0x5b, 0xff, 0x5b, 0xff, 0x5b, 0xff, 0x5b,
  0xff, 0x5b, 0xff, 0x5b, 0xff, 0x3a, 0xff, 0x3b, 0xff, 0x3a, 0xff, 0x5b,
  0xe7, 0x5a, 0xd6, 0x96, 0xd7, 0x18, 0xe7, 0x38, 0xef, 0x39, 0xee, 0xf8,
  0xd6, 0xb6, 0xde, 0xd7, 0xde, 0xf7, 0xd6, 0xb6, 0xef, 0x19, 0xde, 0x76,
  0xe7, 0x38, 0xe6, 0xf7, 0xc6, 0x76, 0xdf, 0x18, 0xff, 0xdf, 0xff, 0x7e,
  0xff, 0xbe, 0xff, 0x9e, 0xff, 0x9e, 0xff, 0x7d, 0xff, 0xbe, 0xff, 0x9d,
  0xff, 0x9e, 0xff, 0x9d, 0xf7, 0x9e, 0xff, 0x9d, 0xff, 0xbe, 0xff, 0x9d,
  0xff, 0xbe, 0xff, 0x9d, 0xf7, 0x9e, 0xff, 0x9d, 0xff, 0xbe, 0xff, 0x7d,
  0xf7, 0x9e, 0xff, 0x7d, 0xf7, 0x9e, 0xff, 0x7d, 0xf7, 0x9d, 0xff, 0x7d,
  0xf7, 0x9e, 0xf7, 0x7d, 0xff, 0x9e, 0xff, 0x9d, 0xff, 0x9e, 0xff, 0x9d,
  0xf7, 0xbd, 0xef, 0x5c, 0xde, 0xd9, 0xef, 0x19, 0xff, 0x3a, 0xff, 0x3a,
  0xff, 0x3b, 0xff, 0x3a, 0xff, 0x5b, 0xff, 0x3a, 0xff, 0x5b, 0xff, 0x3a,
  0xff, 0x3b, 0xff, 0x5b, 0xff, 0x5b, 0xff, 0x3a, 0xff, 0x3b, 0xff, 0x1a,
  0xff, 0x5b, 0xff, 0x3a, 0xff, 0x5b, 0xff, 0x1a, 0xf7, 0x1a, 0xff, 0x3a,
  0xff, 0x5b, 0xff, 0x1a, 0xff, 0x3b, 0xff, 0x3a, 0xf7, 0x1a, 0xff, 0x3a,
  0xff, 0x7b, 0xff, 0x3a, 0xff, 0x5b, 0xff, 0x3a, 0xff, 0x3b, 0xff, 0x3a,
  0xf7, 0x3b, 0xff, 0x5b, 0xff, 0x5b, 0xff, 0x3a, 0xff, 0x5b, 0xff, 0x5a,
  0xcd, 0xf8, 0x9c, 0x11, 0xb5, 0x34, 0xff, 0x1b, 0xff, 0x5b, 0xff, 0x3a,
  0xff, 0x9d, 0xde, 0x98, 0x4a, 0x0a, 0x83, 0x90, 0x6b, 0x90, 0x42, 0x0a,
  0x32, 0x0b, 0x31, 0xea, 0x31, 0xca, 0x42, 0x2b, 0x42, 0x4c, 0x42, 0x0b,
  0x52, 0x8d, 0x6b, 0x2f, 0x5a, 0xef, 0x5a, 0xcd, 0x42, 0x4c, 0x42, 0x2b,
  0x4a, 0x6c, 0x5a, 0xce, 0x5b, 0x0f, 0x52, 0x6c, 0x52, 0xae, 0x5a, 0xad,
  0x52, 0xce, 0x5a, 0xcd, 0x52, 0x8d, 0x5a, 0xad, 0x5a, 0xce, 0x62, 0xce,
  0x5a, 0xee, 0x5a, 0xee, 0x5a, 0xef, 0x62, 0xee, 0x62, 0xef, 0x62, 0xce,
  0x5a, 0xef, 0x62, 0xee, 0x63, 0x0f, 0x6b, 0x2f, 0x63, 0x2f, 0x6b, 0x2f,
  0x52, 0xce, 0x4a, 0x4b, 0x5a, 0xee, 0x5a, 0x8d, 0x5a, 0xee, 0x52, 0xad,
  0x3a, 0x2c, 0x4a, 0x4c, 0x62, 0xee, 0x6b, 0x0f, 0x4a, 0x6d, 0x62, 0xce,
  0x42, 0x4c, 0x4a, 0x4c, 0x5b, 0x0f, 0x41, 0xea, 0x42, 0x4c, 0x63, 0x2f,
  0x6b, 0x30, 0x62, 0xae, 0x42, 0x2c, 0x4a, 0x6c, 0x52, 0xce, 0x42, 0x2b,
  0x31, 0xeb, 0x3a, 0x0b, 0x31, 0xeb, 0x31, 0xea, 0x39, 0xea, 0x39, 0xea,
  0x73, 0x30, 0x8b, 0xd2, 0x83, 0x92, 0x83, 0x50, 0x73, 0x50, 0x7b, 0x70,
  0x63, 0x0f, 0x4a, 0x2b, 0x4a, 0x2c, 0x73, 0x30, 0x63, 0x0f, 0x39, 0xa9,
  0x3a, 0x2b, 0x3a, 0x0b, 0x32, 0x0b, 0x42, 0x0b, 0x42, 0x4c, 0x5a, 0xce,
  0x8b, 0x91, 0xdd, 0xfa, 0xed, 0x17, 0xfd, 0x99, 0xfe, 0x1b, 0xf5, 0x17,
  0xff, 0x3e, 0xff, 0x1d, 0xfe, 0x9d, 0xe5, 0x57, 0xfd, 0xdb, 0xfd, 0xdb,
  0xdc, 0xf6, 0xfd, 0xfa, 0xff, 0x5e, 0xff, 0x3d, 0xff, 0x5e, 0xe6, 0x19,
  0xee, 0x9b, 0xdd, 0xf9, 0xff, 0x1d, 0xfe, 0xfc, 0xfe, 0xbc, 0xfe, 0xdc,
  0xfe, 0xdd, 0xbc, 0xd4, 0x9c, 0x13, 0xa4, 0x13, 0xa4, 0x54, 0x7a, 0xef,
  0xbc, 0xb5, 0xfe, 0xdd, 0xfe, 0x7b, 0xfe, 0x9c, 0xfd, 0x38, 0xd3, 0xd2,
  0xf6, 0xb9, 0xfe, 0xfa, 0xf7, 0x3b, 0xff, 0x3b, 0xff, 0x3b, 0xff, 0x1a,
  0xee, 0xb9, 0xff, 0x1a, 0xf7, 0x3b, 0xff, 0x5b, 0xff, 0x5b, 0xff, 0x3b,
  0xf7, 0x3b, 0xff, 0x3a, 0xf7, 0x3b, 0xff, 0x3a, 0xff, 0x5b, 0xff, 0x3b,
  0xd6, 0xd7, 0xd6, 0xf7, 0xf7, 0x38, 0xef, 0x39, 0xe6, 0xb6, 0xde, 0xf7,
  0xe6, 0xf8, 0xe7, 0x39, 0xde, 0xd6, 0xde, 0xf7, 0xef, 0x17, 0xe6, 0xf7,
  0xe7, 0x17, 0xd6, 0xb6, 0xc6, 0xb6, 0xbe, 0x95, 0xff, 0x9d, 0xf7, 0xbd,
  0xff, 0xbe, 0xff, 0xbe, 0xff, 0xbe, 0xff, 0xbe, 0xff, 0x9d, 0xff, 0xbe,
  0xff, 0x9d, 0xf7, 0x9d, 0xff, 0x9d, 0xff, 0xbd, 0xff, 0x9d, 0xff, 0xde,
  0xff, 0xbd, 0xff, 0xbe, 0xff, 0x9d, 0xff, 0xbd, 0xff, 0xbd, 0xf7, 0x9d,
  0xff, 0x9d, 0xff, 0xbd, 0xff, 0x9d, 0xff, 0xbd, 0xff, 0x9d, 0xff, 0xbd,
  0xff, 0x9d, 0xff, 0x9d, 0xff, 0x7c, 0xff, 0x7d, 0xf7, 0x7c, 0xff, 0xde,
  0xef, 0x5a, 0xde, 0xd9, 0xf7, 0x19, 0xff, 0x7a, 0xff, 0x1a, 0xff, 0x5b,
  0xff, 0x3a, 0xff, 0x3a, 0xff, 0x3a, 0xff, 0x5b, 0xff, 0x3a, 0xff, 0x3a,
  0xff, 0x5a, 0xff, 0x5b, 0xff, 0x5a, 0xff, 0x5a, 0xff, 0x3a, 0xff, 0x3a,
  0xff, 0x3a, 0xff, 0x5b, 0xff, 0x5a, 0xff, 0x5a, 0xff, 0x5a, 0xff, 0x5b,
  0xff, 0x5a, 0xff, 0x5a, 0xff, 0x5a, 0xff, 0x3a, 0xff, 0x3a, 0xff, 0x7b,
  0xff, 0x1a, 0xff, 0x5a, 0xff, 0x3a, 0xff, 0x5a, 0xff, 0x5a, 0xff, 0x5b,
  0xff, 0x5a, 0xff, 0x7b, 0xff, 0x3a, 0xff, 0x5a, 0xff, 0x3a, 0xff, 0x7b,
  0xe6, 0x79, 0x94, 0x10, 0xac, 0xb1, 0xf7, 0x3b, 0xff, 0x7b, 0xff, 0x3a,
  0xff, 0xdd, 0x9c, 0xd1, 0x83, 0x6f, 0x94, 0x32, 0x6b, 0x2f, 0x42, 0x0b,
  0x3a, 0x2b, 0x32, 0x0b, 0x42, 0x2b, 0x4a, 0x8d, 0x52, 0x8c, 0x5a, 0xee,
  0x6b, 0x0e, 0x63, 0x0e, 0x4a, 0x6c, 0x3a, 0x2b, 0x5a, 0x8d, 0x6b, 0x50,
  0x6b, 0x2f, 0x5a, 0xae, 0x5a, 0xcd, 0x52, 0xad, 0x5a, 0xad, 0x5a, 0xcd,
  0x62, 0xad, 0x62, 0xee, 0x5a, 0xee, 0x5a, 0xee, 0x5a, 0xee, 0x4a, 0x8c,
  0x52, 0x6c, 0x4a, 0x6c, 0x3a, 0x0a, 0x3a, 0x2b, 0x32, 0x0a, 0x2a, 0x0a,
  0x32, 0x0a, 0x32, 0x2b, 0x3a, 0x0b, 0x3a, 0x2b, 0x42, 0x0b, 0x42, 0x6c,
  0x52, 0x8d, 0x42, 0x4c, 0x5a, 0xad, 0x52, 0xad, 0x5a, 0xad, 0x42, 0x2b,
  0x4a, 0x8c, 0x31, 0xea, 0x6b, 0x0f, 0x6b, 0x50, 0x5a, 0x8c, 0x5a, 0xce,
  0x5a, 0x8c, 0x52, 0xad, 0x62, 0xee, 0x4a, 0x6c, 0x39, 0xc9, 0x63, 0x2f,
  0x62, 0xcd, 0x6b, 0x2f, 0x4a, 0x2b, 0x4a, 0x6c, 0x52, 0xad, 0x3a, 0x0b,
  0x42, 0x4b, 0x3a, 0x2b, 0x3a, 0x0b, 0x3a, 0x2c, 0x62, 0xad, 0x83, 0xb2,
  0x52, 0x6c, 0x4a, 0x4c, 0x52, 0x6b, 0x4a, 0x8c, 0x5a, 0x8c, 0x4a, 0x6c,
  0x5a, 0xad, 0x6b, 0x30, 0x73, 0x50, 0x4a, 0x4c, 0x31, 0xca, 0x3a, 0x0b,
  0x42, 0x4b, 0x42, 0x4c, 0x42, 0x0a, 0x4a, 0x8d, 0x62, 0xcd, 0x6b, 0x50,
  0xac, 0x32, 0xee, 0x7c, 0xfd, 0xb9, 0xe5, 0x57, 0xfe, 0xdd, 0xed, 0x57,
  0xf6, 0x19, 0xff, 0x1d, 0xff, 0x3d, 0xe5, 0xf9, 0xf4, 0xf7, 0xfd, 0xdb,
  0xec, 0x95, 0xfd, 0x58, 0xff, 0x5d, 0xff, 0x3c, 0xff, 0x5d, 0xde, 0x19,
  0xfe, 0xbb, 0xee, 0x7a, 0xfe, 0xbb, 0xff, 0x1d, 0xfe, 0xdc, 0xfe, 0x9b,
  0xbc, 0xb4, 0xa4, 0x32, 0xac, 0x33, 0xac, 0x34, 0x93, 0x90, 0x93, 0xb1,
  0xfe, 0x5a, 0xfe, 0x9b, 0xfe, 0x5b, 0xfe, 0xbc, 0xfd, 0x79, 0xe4, 0x75,
  0xf5, 0xf6, 0xff, 0x1c, 0xff, 0x5b, 0xff, 0x7b, 0xff, 0x5b, 0xee, 0xb9,
  0xf6, 0xf9, 0xff, 0x3b, 0xff, 0x5b, 0xff, 0x5b, 0xff, 0x3a, 0xff, 0x5b,
  0xff, 0x3a, 0xff, 0x5b, 0xff, 0x3a, 0xff, 0x5b, 0xff, 0x5b, 0xff, 0x5b,
  0xef, 0x18, 0xf7, 0x38, 0xe7, 0x38, 0xde, 0xb6, 0xdf, 0x18, 0xde, 0xf8,
  0xde, 0xf9, 0xe7, 0x3a, 0xde, 0xf7, 0xef, 0x38, 0xe6, 0xf7, 0xee, 0xf7,
  0xd6, 0xd7, 0xde, 0xf8, 0xcf, 0x38, 0xbe, 0x95, 0xe7, 0x1b, 0xff, 0xbd,
  0xf7, 0x9e, 0xff, 0xbe, 0xff, 0xbe, 0xff, 0x9e, 0xff, 0xbe, 0xff, 0x9e,
  0xff, 0xbe, 0xff, 0x9d, 0xff, 0xbe, 0xff, 0x9d, 0xf7, 0x9d, 0xff, 0x9d,
  0xf7, 0x9e, 0xff, 0x9d, 0xf7, 0x9e, 0xff, 0x9d, 0xff, 0xbe, 0xff, 0x9d,
  0xf7, 0x9d, 0xff, 0x9d, 0xff, 0xbe, 0xff, 0x9d, 0xf7, 0x9d, 0xff, 0x9d,
  0xff, 0x9e, 0xff, 0x7d, 0xf7, 0x5d, 0xff, 0x7d, 0xef, 0x9d, 0xef, 0x3b,
  0xde, 0xd9, 0xee, 0xf9, 0xff, 0x5a, 0xff, 0x3a, 0xff, 0x5b, 0xff, 0x3a,
  0xff, 0x5b, 0xf7, 0x1a, 0xff, 0x1a, 0xff, 0x1a, 0xff, 0x3b, 0xff, 0x3a,
  0xff, 0x3b, 0xff, 0x3a, 0xff, 0x5b, 0xff, 0x3a, 0xff, 0x5b, 0xff, 0x3b,
  0xff, 0x5b, 0xff, 0x3a, 0xf7, 0x3b, 0xff, 0x3a, 0xff, 0x3b, 0xff, 0x5b,
  0xf7, 0x3a, 0xff, 0x3a, 0xff, 0x5b, 0xff, 0x3a, 0xff, 0x5b, 0xf7, 0x1a,
  0xf7, 0x3b, 0xff, 0x3a, 0xff, 0x5b, 0xff, 0x3a, 0xff, 0x3b, 0xff, 0x3a,
  0xff, 0x5b, 0xff, 0x3a, 0xf7, 0x3b, 0xff, 0x5b, 0xff, 0x5b, 0xff, 0x3b,
  0xf7, 0x3c, 0xc5, 0x75, 0xbd, 0x74, 0xe6, 0x78, 0xff, 0x9c, 0xf7, 0x19,
  0xff, 0xde, 0x8c, 0x0f, 0xcd, 0xf9, 0xc5, 0x56, 0x63, 0x0f, 0x41, 0xeb,
  0x29, 0xeb, 0x3a, 0x2b, 0x52, 0xce, 0x42, 0x2c, 0x5a, 0xee, 0x73, 0x50,
  0x5a, 0xce, 0x42, 0x0a, 0x5a, 0x8d, 0x6b, 0x0f, 0x6b, 0x30, 0x62, 0xce,
  0x4a, 0xad, 0x4a, 0x6c, 0x52, 0xad, 0x5a, 0xad, 0x5a, 0xef, 0x63, 0x0f,
  0x52, 0xae, 0x52, 0x4c, 0x42, 0x4c, 0x39, 0xca, 0x29, 0xea, 0x31, 0xea,
  0x29, 0xca, 0x31, 0xca, 0x3a, 0x0b, 0x39, 0xeb, 0x29, 0xeb, 0x31, 0xca,
  0x29, 0xeb, 0x31, 0xea, 0x29, 0xeb, 0x31, 0xca, 0x29, 0xeb, 0x31, 0xeb,
  0x29, 0xca, 0x29, 0xaa, 0x42, 0x2c, 0x5a, 0xae, 0x52, 0xce, 0x42, 0x2b,
  0x42, 0xad, 0x31, 0xca, 0x42, 0x0b, 0x63, 0x0f, 0x62, 0xef, 0x5a, 0x8d,
  0x5a, 0xce, 0x5a, 0xcd, 0x52, 0xce, 0x52, 0x8d, 0x31, 0xea, 0x4a, 0x6c,
  0x62, 0xee, 0x5a, 0xad, 0x5a, 0xce, 0x5a, 0xad, 0x42, 0x2c, 0x42, 0x2c,
  0x42, 0x4c, 0x42, 0x0b, 0x32, 0x2b, 0x3a, 0x2b, 0x3a, 0x0b, 0x4a, 0x6c,
  0x73, 0x30, 0x7b, 0x50, 0x6b, 0x30, 0x7b, 0x70, 0x7b, 0x71, 0x73, 0x30,
  0x5a, 0xef, 0x4a, 0x2b, 0x31, 0xea, 0x31, 0xea, 0x3a, 0x2c, 0x42, 0x2b,
  0x3a, 0x2b, 0x3a, 0x0b, 0x5a, 0xce, 0x62, 0xee, 0x73, 0x30, 0x83, 0x91,
  0x9c, 0x94, 0xee, 0xbc, 0xfe, 0x9d, 0xdc, 0xd5, 0xfe, 0xbd, 0xfe, 0xbd,
  0xed, 0x37, 0xed, 0x37, 0xfe, 0xfd, 0xff, 0x1d, 0xfd, 0xfb, 0xf5, 0x78,
  0xed, 0x78, 0xfd, 0xb9, 0xff, 0x7e, 0xff, 0x3d, 0xff, 0x5e, 0xf6, 0x9b,
  0xf6, 0xbc, 0xfe, 0xfd, 0xdd, 0xd9, 0xfe, 0xfd, 0xf6, 0x7b, 0xbc, 0x94,
  0xc4, 0xf6, 0xbc, 0x74, 0xb4, 0x95, 0xb4, 0x74, 0x83, 0x2f, 0xd5, 0x98,
  0xfe, 0x9c, 0xfe, 0x5b, 0xfe, 0x9c, 0xfe, 0x9c, 0xfd, 0x59, 0xec, 0xb6,
  0xe5, 0x76, 0xfe, 0xbb, 0xf7, 0x7b, 0xff, 0x5b, 0xe6, 0x98, 0xf7, 0x1a,
  0xff, 0x7c, 0xff, 0x5b, 0xf7, 0x1a, 0xff, 0x3a, 0xf7, 0x3b, 0xff, 0x5b,
  0xff, 0x3b, 0xff, 0x3b, 0xff, 0x3b, 0xff, 0x3b, 0xff, 0x5b, 0xff, 0x1a,
  0xc5, 0x12, 0xee, 0x78, 0xde, 0xf7, 0xe7, 0x38, 0xee, 0xf8, 0xef, 0x39,
  0xf7, 0x5a, 0xe6, 0xf8, 0xef, 0x38, 0xef, 0x38, 0xfd, 0xd7, 0xab, 0x8e,
  0xd5, 0x74, 0xfe, 0xda, 0xe7, 0x59, 0xce, 0xd7, 0xd6, 0xd9, 0xe7, 0x9c,
  0xff, 0x7d, 0xff, 0xbe, 0xff, 0xbe, 0xff, 0xbe, 0xff, 0x9d, 0xff, 0x9d,
  0xff, 0x9d, 0xff, 0xbe, 0xff, 0xbd, 0xff, 0xbe, 0xff, 0x7c, 0xf7, 0x9d,
  0xff, 0x9d, 0xff, 0x9d, 0xff, 0x9d, 0xff, 0xbd, 0xff, 0x9d, 0xff, 0xde,
  0xff, 0x9d, 0xff, 0x9d, 0xff, 0xbd, 0xff, 0xbe, 0xff, 0xbd, 0xff, 0xbd,
  0xff, 0x9d, 0xff, 0x9d, 0xff, 0xdd, 0xf7, 0xbd, 0xe7, 0x19, 0xd6, 0xd8,
  0xf7, 0x19, 0xf7, 0x3a, 0xff, 0x3a, 0xff, 0x3a, 0xff, 0x3a, 0xf7, 0x3a,
  0xff, 0x3a, 0xf7, 0x3a, 0xff, 0x3a, 0xff, 0x5a, 0xff, 0x3a, 0xff, 0x3a,
  0xff, 0x1a, 0xff, 0x5a, 0xff, 0x3a, 0xff, 0x3a, 0xff, 0x5a, 0xff, 0x5b,
  0xff, 0x1a, 0xff, 0x3a, 0xff, 0x3a, 0xff, 0x5b, 0xff, 0x3a, 0xff, 0x3a,
  0xff, 0x5a, 0xff, 0x5a, 0xff, 0x5a, 0xff, 0x5a, 0xff, 0x3a, 0xf7, 0x3a,
  0xff, 0x5a, 0xff, 0x3a, 0xff, 0x1a, 0xff, 0x5b, 0xff, 0x3a, 0xff, 0x3a,
  0xff, 0x3a, 0xff, 0x5a, 0xff, 0x3a, 0xff, 0x5b, 0xff, 0x3a, 0xff, 0x5b,
  0xff, 0x7b, 0xf7, 0x1a, 0xee, 0xb9, 0xd6, 0x37, 0xe6, 0x77, 0xff, 0x7b,
  0xff, 0xbd, 0x9c, 0x91, 0xd5, 0xf7, 0xff, 0x7d, 0x9c, 0x72, 0x4a, 0x2a,
  0x39, 0xea, 0x4a, 0xad, 0x52, 0x8d, 0x42, 0x0b, 0x62, 0xee, 0x52, 0xad,
  0x4a, 0x2b, 0x63, 0x2f, 0x6b, 0x2f, 0x5a, 0xad, 0x4a, 0x6b, 0x52, 0xad,
  0x6a, 0xee, 0x63, 0x0e, 0x62, 0xee, 0x5a, 0xce, 0x42, 0x4b, 0x3a, 0x0b,
  0x29, 0xc9, 0x2a, 0x0a, 0x32, 0x0a, 0x3a, 0x6c, 0x4a, 0x4b, 0x3a, 0x0b,
  0x42, 0x2b, 0x42, 0x6c, 0x4a, 0x6c, 0x4a, 0x6c, 0x4a, 0x4c, 0x4a, 0x6d,
  0x52, 0x6c, 0x52, 0x8d, 0x42, 0x0b, 0x3a, 0x0b, 0x39, 0xea, 0x31, 0xeb,
  0x31, 0xea, 0x29, 0xea, 0x39, 0xea, 0x52, 0xee, 0x62, 0xcd, 0x4a, 0x6c,
  0x4a, 0x8c, 0x32, 0x0b, 0x31, 0x89, 0x52, 0xce, 0x62, 0xce, 0x5a, 0xce,
  0x62, 0xee, 0x5a, 0xce, 0x62, 0xee, 0x52, 0x8d, 0x3a, 0x0a, 0x42, 0x6c,
  0x6b, 0x0e, 0x6b, 0x2f, 0x52, 0xad, 0x3a, 0x0b, 0x39, 0xea, 0x32, 0x0b,
  0x42, 0x2b, 0x42, 0x4c, 0x3a, 0x0b, 0x3a, 0x2b, 0x39, 0xea, 0x31, 0xea,
  0x31, 0xc9, 0x31, 0xea, 0x41, 0xca, 0x42, 0x0b, 0x39, 0xea, 0x3a, 0x2b,
  0x31, 0xc9, 0x32, 0x0a, 0x3a, 0x0a, 0x3a, 0x2b, 0x3a, 0x0a, 0x3a, 0x2b,
  0x4a, 0x2b, 0x5a, 0xce, 0x73, 0x0e, 0x73, 0x70, 0x8b, 0x90, 0x9c, 0x33,
  0xb5, 0x14, 0xee, 0xfc, 0xff, 0x3e, 0xe5, 0xb8, 0xed, 0x77, 0xff, 0x3e,
  0xff, 0x1d, 0xee, 0x19, 0xfe, 0x7a, 0xff, 0x1d, 0xff, 0x5e, 0xfe, 0xfc,
  0xec, 0xd6, 0xfd, 0x58, 0xff, 0x3d, 0xff, 0x3d, 0xff, 0x5d, 0xf6, 0xdc,
  0xf6, 0x5a, 0xff, 0x5e, 0xfe, 0xfc, 0xd5, 0x97, 0xb4, 0x73, 0xee, 0x3a,
  0xcc, 0xf6, 0xb4, 0x53, 0xbc, 0xd5, 0x93, 0xd1, 0xa3, 0xd1, 0xf6, 0x7b,
  0xfe, 0x7b, 0xfe, 0x9b, 0xfe, 0x9b, 0xfe, 0x9c, 0xfd, 0x58, 0xfd, 0x79,
  0xf5, 0x97, 0xfe, 0x19, 0xff, 0x5b, 0xf7, 0x1a, 0xff, 0x1a, 0xff, 0x7c,
  0xff, 0x3a, 0xff, 0x5b, 0xff, 0x1a, 0xff, 0x5b, 0xff, 0x3a, 0xf7, 0x1a,
  0xff, 0x3a, 0xff, 0x5b, 0xff, 0x1a, 0xff, 0x5b, 0xff, 0x3a, 0xff, 0x5b,
  0xbc, 0xd2, 0xf6, 0x99, 0xe7, 0x3a, 0xe6, 0xf9, 0xef, 0x3a, 0xf7, 0x5a,
  0xe6, 0xf7, 0xe6, 0xf7, 0xf7, 0x3a, 0xde, 0x56, 0xc2, 0xb0, 0xd2, 0xf0,
  0xbc, 0x52, 0xfe, 0x39, 0xd7, 0x7a, 0xc6, 0x96, 0xd7, 0x1a, 0xd6, 0xf9,
  0xff, 0x9e, 0xff, 0xbe, 0xff, 0xbe, 0xff, 0x9e, 0xff, 0x9e, 0xff, 0xbe,
  0xff, 0xbe, 0xff, 0x9e, 0xff, 0xbe, 0xff, 0x9d, 0xff, 0xbe, 0xff, 0xbe,
  0xf7, 0x9d, 0xff, 0x9d, 0xf7, 0x7d, 0xff, 0x7d, 0xf7, 0x9d, 0xff, 0x9d,
  0xff, 0xbe, 0xff, 0x9d, 0xf7, 0x9d, 0xff, 0x7d, 0xff, 0xbe, 0xff, 0x9d,
  0xf7, 0xbe, 0xff, 0x9d, 0xef, 0x7c, 0xde, 0xd9, 0xde, 0xd9, 0xef, 0x1a,
  0xf7, 0x1a, 0xff, 0x1a, 0xff, 0x5b, 0xff, 0x3a, 0xff, 0x1b, 0xff, 0x1a,
  0xff, 0x3b, 0xff, 0x1a, 0xf7, 0x3a, 0xff, 0x3a, 0xff, 0x5b, 0xff, 0x3a,
  0xff, 0x7b, 0xff, 0x5b, 0xff, 0x5b, 0xff, 0x3a, 0xff, 0x5b, 0xff, 0x3a,
  0xf7, 0x3a, 0xff, 0x3a, 0xff, 0x5b, 0xff, 0x3a, 0xff, 0x3b, 0xff, 0x1a,
  0xf7, 0x3a, 0xff, 0x3a, 0xff, 0x5b, 0xff, 0x3a, 0xff, 0x5b, 0xff, 0x5b,
  0xff, 0x3b, 0xff, 0x3a, 0xf7, 0x3a, 0xff, 0x3a, 0xff, 0x3b, 0xff, 0x3a,
  0xf7, 0x3b, 0xff, 0x3a, 0xff, 0x5b, 0xff, 0x3a, 0xff, 0x5b, 0xff, 0x5b,
  0xff, 0x5b, 0xff, 0x5a, 0xe6, 0xda, 0xee, 0xb9, 0xd6, 0x16, 0xf6, 0xd9,
  0xff, 0xde, 0xc5, 0x95, 0xac, 0xf2, 0xff, 0x9d, 0xf7, 0x3c, 0xb5, 0x13,
  0x52, 0x8e, 0x5a, 0xce, 0x42, 0x2c, 0x63, 0x0f, 0x52, 0xae, 0x4a, 0x2b,
  0x63, 0x0f, 0x6b, 0x0f, 0x52, 0xce, 0x4a, 0x6c, 0x5a, 0xce, 0x6b, 0x0f,
  0x5b, 0x0f, 0x52, 0x8c, 0x32, 0x0b, 0x29, 0xc9, 0x31, 0xea, 0x39, 0xea,
  0x52, 0xae, 0x5a, 0xae, 0x5a, 0xee, 0x5a, 0xce, 0x52, 0xad, 0x52, 0x8d,
  0x52, 0xee, 0x52, 0xad, 0x52, 0xce, 0x5a, 0xad, 0x52, 0xce, 0x5a, 0xad,
  0x52, 0xad, 0x5a, 0xad, 0x4a, 0x8d, 0x4a, 0x4c, 0x4a, 0x6c, 0x52, 0x8c,
  0x4a, 0x8d, 0x42, 0x2b, 0x29, 0xaa, 0x4a, 0x6d, 0x42, 0x2c, 0x4a, 0x4c,
  0x4a, 0x8d, 0x3a, 0x0b, 0x29, 0xca, 0x52, 0xce, 0x52, 0x8d, 0x5a, 0xce,
  0x5a, 0xee, 0x5a, 0xad, 0x5b, 0x0f, 0x52, 0xad, 0x31, 0xeb, 0x4a, 0x6d,
  0x63, 0x2f, 0x62, 0xee, 0x3a, 0x2b, 0x29, 0xa9, 0x29, 0xea, 0x32, 0x0b,
  0x3a, 0x0b, 0x3a, 0x0b, 0x3a, 0x0c, 0x3a, 0x0b, 0x32, 0x0b, 0x3a, 0x0b,
  0x3a, 0x0b, 0x39, 0xea, 0x2a, 0x0b, 0x31, 0xea, 0x3a, 0x2c, 0x3a, 0x2b,
  0x3a, 0x4c, 0x3a, 0x0b, 0x3a, 0x0c, 0x42, 0x0b, 0x42, 0x2c, 0x52, 0xad,
  0x5a, 0xce, 0x62, 0xee, 0x7b, 0x70, 0x93, 0xf2, 0xa4, 0x74, 0xac, 0x94,
  0xcd, 0xb8, 0xff, 0x5e, 0xff, 0x1d, 0xfe, 0xfc, 0xe4, 0xd6, 0xfd, 0xb9,
  0xff, 0x7e, 0xfe, 0x9a, 0xee, 0x1a, 0xff, 0x1d, 0xff, 0x3d, 0xfe, 0xbb,
  0xdc, 0xf6, 0xfe, 0x7c, 0xff, 0x5e, 0xff, 0x3d, 0xff, 0x1d, 0xfe, 0xfc,
  0xf6, 0xbc, 0xfe, 0xdc, 0xcd, 0x77, 0xbc, 0xd5, 0xf6, 0xdd, 0xdd, 0xd9,
  0xbc, 0x95, 0xc4, 0x95, 0xa4, 0x54, 0x8b, 0x70, 0xee, 0x1a, 0xfe, 0x9c,
  0xfe, 0x9c, 0xfe, 0x9b, 0xfe, 0x9c, 0xfe, 0x9c, 0xf5, 0x38, 0xfd, 0xba,
  0xfe, 0x3a, 0xed, 0x36, 0xff, 0x5b, 0xff, 0x1a, 0xff, 0x5b, 0xff, 0x3b,
  0xff, 0x5b, 0xff, 0x3b, 0xff, 0x5c, 0xff, 0x3b, 0xf7, 0x3b, 0xff, 0x3a,
  0xff, 0x3b, 0xff, 0x3b, 0xf7, 0x5b, 0xff, 0x3a, 0xf7, 0x3b, 0xff, 0x5b,
  0xe6, 0xb7, 0xef, 0x3a, 0xe6, 0xf8, 0xef, 0x5a, 0xef, 0x59, 0xde, 0xf8,
  0xde, 0xb6, 0xf7, 0x79, 0xed, 0x56, 0xa3, 0x2e, 0xeb, 0x73, 0xf3, 0xf5,
  0xc4, 0xd3, 0xfe, 0xdb, 0xdf, 0x39, 0xce, 0xd8, 0xff, 0xbc, 0xe7, 0x5b,
  0xef, 0x1a, 0xff, 0xdd, 0xff, 0x9d, 0xff, 0x9d, 0xff, 0x9d, 0xff, 0xde,
  0xff, 0x9d, 0xff, 0xde, 0xff, 0x9d, 0xff, 0x9e, 0xff, 0x9d, 0xff, 0xbe,
  0xff, 0x9d, 0xff, 0x9d, 0xff, 0x9d, 0xff, 0xbe, 0xff, 0xbd, 0xff, 0xbd,
  0xff, 0x7c, 0xff, 0x9d, 0xff, 0x9d, 0xf7, 0x9d, 0xff, 0x9d, 0xff, 0xbe,
  0xff, 0xbd, 0xe7, 0x5c, 0xde, 0xd8, 0xdf, 0x19, 0xf7, 0x39, 0xf7, 0x3a,
  0xff, 0x5a, 0xff, 0x5b, 0xff, 0x5a, 0xff, 0x5b, 0xff, 0x5a, 0xff, 0x5b,
  0xff, 0x3a, 0xff, 0x5a, 0xff, 0x3a, 0xf7, 0x3a, 0xff, 0x3a, 0xff, 0x3a,
  0xff, 0x3a, 0xff, 0x7b, 0xff, 0x5a, 0xff, 0x5b, 0xff, 0x3a, 0xff, 0x5a,
  0xff, 0x5a, 0xff, 0x5b, 0xff, 0x3a, 0xff, 0x5b, 0xff, 0x3a, 0xff, 0x5b,
  0xff, 0x3a, 0xff, 0x5a, 0xff, 0x3a, 0xff, 0x5b, 0xff, 0x3a, 0xff, 0x5a,
  0xff, 0x3a, 0xff, 0x3a, 0xff, 0x3a, 0xff, 0x3a, 0xff, 0x1a, 0xff, 0x5b,
  0xff, 0x3a, 0xff, 0x5a, 0xff, 0x3a, 0xff, 0x5b, 0xff, 0x5a, 0xff, 0x7b,
  0xff, 0x3a, 0xff, 0x3a, 0xff, 0x3b, 0xee, 0xb9, 0xee, 0x98, 0xe6, 0x98,
  0xff, 0x1a, 0xff, 0x7c, 0x94, 0x0f, 0xe6, 0xba, 0xff, 0xdd, 0xee, 0xf9,
  0x5a, 0xad, 0x5a, 0xcd, 0x6a, 0xee, 0x63, 0x0f, 0x5a, 0x6c, 0x6b, 0x4f,
  0x6b, 0x2f, 0x4a, 0x4c, 0x4a, 0x4b, 0x63, 0x4f, 0x6b, 0x0f, 0x52, 0x8d,
  0x4a, 0x4c, 0x3a, 0x0b, 0x4a, 0x4b, 0x5b, 0x0e, 0x62, 0xcd, 0x5a, 0xee,
  0x6b, 0x0f, 0x6b, 0x0f, 0x62, 0xce, 0x62, 0xee, 0x5a, 0xee, 0x5a, 0xee,
  0x5a, 0x8d, 0x52, 0xad, 0x52, 0x8d, 0x4a, 0x6c, 0x3a, 0x4b, 0x32, 0x0a,
  0x31, 0xea, 0x31, 0xeb, 0x31, 0xa9, 0x31, 0xea, 0x4a, 0x8d, 0x31, 0xca,
  0x31, 0xea, 0x32, 0x0b, 0x31, 0xa9, 0x42, 0x6c, 0x4a, 0x4c, 0x42, 0x4c,
  0x52, 0x8d, 0x42, 0x0b, 0x31, 0xa9, 0x5b, 0x0f, 0x5a, 0xad, 0x52, 0x8d,
  0x62, 0xed, 0x52, 0xcd, 0x62, 0xce, 0x52, 0xad, 0x42, 0x0b, 0x4a, 0x6d,
  0x73, 0x4f, 0x62, 0xee, 0x39, 0xea, 0x31, 0xea, 0x31, 0xea, 0x29, 0xea,
  0x3a, 0x2b, 0x3a, 0x2c, 0x31, 0xea, 0x32, 0x0b, 0x39, 0xea, 0x3a, 0x4b,
  0x4a, 0x2b, 0x3a, 0x0b, 0x3a, 0x0b, 0x3a, 0x4c, 0x42, 0x4b, 0x42, 0x4c,
  0x42, 0x0b, 0x42, 0x4c, 0x42, 0x2b, 0x42, 0x6c, 0x6a, 0xee, 0x6b, 0x4f,
  0x7b, 0x4f, 0x83, 0xb1, 0x9c, 0x32, 0x9c, 0x53, 0xc5, 0x16, 0xcd, 0x57,
  0xf6, 0x9a, 0xff, 0x5e, 0xff, 0x3c, 0xff, 0x5e, 0xfe, 0x7c, 0xdc, 0xd6,
  0xf6, 0x3a, 0xff, 0x5e, 0xff, 0x3c, 0xff, 0x7e, 0xff, 0x3d, 0xff, 0x3d,
  0xff, 0x5d, 0xff, 0x5d, 0xff, 0x3d, 0xff, 0x3d, 0xff, 0x7e, 0xff, 0x3d,
  0xd5, 0xd8, 0xac, 0xd4, 0xdd, 0xd8, 0xff, 0x5e, 0xfe, 0xbc, 0xbc, 0xd4,
  0xc4, 0x94, 0xc4, 0xf6, 0x9b, 0xb0, 0xd5, 0xb9, 0xfe, 0x9b, 0xfe, 0x9b,
  0xfe, 0xbc, 0xfe, 0xbc, 0xfe, 0x9c, 0xfe, 0x9c, 0xec, 0xd6, 0xfe, 0x1c,
  0xfd, 0xb8, 0xed, 0x37, 0xff, 0x7b, 0xff, 0x3b, 0xff, 0x3a, 0xff, 0x5b,
  0xff, 0x5b, 0xff, 0x3b, 0xff, 0x3a, 0xff, 0x5b, 0xff, 0x1a, 0xff, 0x3b,
  0xff, 0x3a, 0xf7, 0x3a, 0xff, 0x5b, 0xff, 0x5b, 0xff, 0x3a, 0xff, 0x5b,
  0xe7, 0x1a, 0xef, 0x1a, 0xef, 0x3a, 0xff, 0x5b, 0xe7, 0x39, 0xde, 0xd7,
  0xff, 0x1a, 0xd5, 0x53, 0xba, 0x6e, 0xeb, 0xb3, 0xe4, 0x55, 0xc3, 0x30,
  0xde, 0xb8, 0xef, 0x1a, 0xdf, 0x39, 0xd6, 0xb7, 0xf7, 0xbd, 0xff, 0xbd,
  0xdf, 0x1b, 0xef, 0x3b, 0xff, 0xbe, 0xff, 0x9d, 0xf7, 0x9e, 0xff, 0x9d,
  0xff, 0x9e, 0xff, 0x9e, 0xff, 0xbe, 0xff, 0x9e, 0xf7, 0xbe, 0xff, 0x9d,
  0xf7, 0xbe, 0xff, 0x9d, 0xf7, 0x9e, 0xff, 0xbd, 0xff, 0xbe, 0xff, 0x7d,
  0xf7, 0xbe, 0xff, 0x9d, 0xff, 0x9e, 0xff, 0x9d, 0xff, 0xbe, 0xff, 0x7d,
  0xdf, 0x1a, 0xde, 0xd9, 0xee, 0xfa, 0xff, 0x3a, 0xff, 0x5b, 0xff, 0x1a,
  0xf7, 0x3a, 0xff, 0x3a, 0xf7, 0x3b, 0xff, 0x5b, 0xff, 0x5b, 0xff, 0x5b,
  0xf7, 0x3a, 0xff, 0x1a, 0xff, 0x3a, 0xff, 0x1a, 0xff, 0x3b, 0xff, 0x1a,
  0xff, 0x5b, 0xff, 0x1a, 0xff, 0x3b, 0xff, 0x1a, 0xff, 0x5b, 0xff, 0x5b,
  0xff, 0x5b, 0xff, 0x3a, 0xff, 0x3b, 0xff, 0x3a, 0xff, 0x3b, 0xff, 0x3a,
  0xf7, 0x3a, 0xff, 0x3a, 0xff, 0x3b, 0xff, 0x3a, 0xf7, 0x3a, 0xff, 0x3a,
  0xf7, 0x3b, 0xff, 0x3a, 0xf7, 0x1b, 0xff, 0x1b, 0xf7, 0x5b, 0xff, 0x3b,
  0xff, 0x7b, 0xff, 0x5b, 0xf7, 0x3b, 0xff, 0x3a, 0xff, 0x5b, 0xff, 0x5b,
  0xf7, 0x3a, 0xff, 0x3a, 0xf7, 0x3b, 0xff, 0x5b, 0xf7, 0x3a, 0xff, 0x5b,
  0xff, 0x3b, 0xff, 0x7c, 0xde, 0x79, 0x83, 0xae, 0xe6, 0xfb, 0xd6, 0x17,
  0x4a, 0x6c, 0x5a, 0xad, 0x6b, 0x50, 0x52, 0x6c, 0x63, 0x0f, 0x7b, 0x91,
  0x5a, 0xee, 0x4a, 0x2b, 0x63, 0x0f, 0x62, 0xee, 0x42, 0x6d, 0x3a, 0x0b,
  0x42, 0x2c, 0x4a, 0x6c, 0x6b, 0x50, 0x7b, 0x70, 0x73, 0x70, 0x73, 0x0f,
  0x63, 0x0e, 0x6b, 0x0e, 0x5b, 0x0f, 0x63, 0x2f, 0x5a, 0xce, 0x52, 0x6c,
  0x32, 0x0b, 0x39, 0xea, 0x29, 0xca, 0x29, 0xa9, 0x29, 0xca, 0x29, 0xca,
  0x29, 0xca, 0x21, 0x89, 0x31, 0xea, 0x52, 0xcd, 0x32, 0x0c, 0x29, 0xaa,
  0x29, 0xca, 0x29, 0xaa, 0x21, 0xa9, 0x32, 0x0b, 0x42, 0x8d, 0x42, 0x4b,
  0x42, 0xad, 0x3a, 0x0a, 0x31, 0xca, 0x63, 0x50, 0x52, 0x8d, 0x52, 0x6c,
  0x5a, 0xee, 0x5a, 0xad, 0x5a, 0xef, 0x52, 0xad, 0x42, 0x2b, 0x52, 0x8d,
  0x63, 0x0f, 0x4a, 0x2b, 0x29, 0xcb, 0x3a, 0x0b, 0x29, 0xeb, 0x29, 0xaa,
  0x31, 0xca, 0x42, 0x0b, 0x3a, 0x2c, 0x3a, 0x0b, 0x3a, 0x0c, 0x42, 0x2c,
  0x3a, 0x4c, 0x42, 0x4c, 0x42, 0x4c, 0x42, 0x4c, 0x3a, 0x0b, 0x42, 0x4c,
  0x42, 0x4c, 0x42, 0x4c, 0x52, 0x8d, 0x62, 0xce, 0x73, 0x30, 0x93, 0xd2,
  0x7b, 0x70, 0x8b, 0xb1, 0xbc, 0xd6, 0xdd, 0x78, 0xbc, 0xf5, 0xd5, 0x57,
  0xff, 0x5e, 0xff, 0x1d, 0xff, 0x5d, 0xff, 0x3d, 0xff, 0x3e, 0xfe, 0xbc,
  0xf5, 0x38, 0xfd, 0x79, 0xfe, 0xbc, 0xfe, 0xdd, 0xff, 0x1d, 0xfe, 0xfc,
  0xff, 0x5e, 0xff, 0x5d, 0xff, 0x5e, 0xff, 0x1c, 0xe6, 0x7b, 0xcd, 0x97,
  0xcd, 0x77, 0xee, 0x7b, 0xff, 0x3e, 0xff, 0x1d, 0xdd, 0xd9, 0xbc, 0xd5,
  0xbc, 0xb5, 0xb4, 0x74, 0xa4, 0x33, 0xfe, 0xbc, 0xfe, 0xbc, 0xfe, 0x9b,
  0xfe, 0xbc, 0xfe, 0x7b, 0xfe, 0xbc, 0xfe, 0x5b, 0xec, 0xb5, 0xfc, 0xf6,
  0xe5, 0xb7, 0xfe, 0xba, 0xff, 0x7b, 0xf7, 0x3a, 0xf7, 0x3b, 0xff, 0x3a,
  0xff, 0x3b, 0xff, 0x3b, 0xff, 0x3b, 0xff, 0x3b, 0xff, 0x5b, 0xff, 0x1a,
  0xf7, 0x1b, 0xff, 0x3a, 0xff, 0x3b, 0xff, 0x5b, 0xff, 0x5c, 0xff, 0x3a,
  0xf7, 0x5a, 0xf7, 0x7b, 0xf7, 0x5a, 0xef, 0x5a, 0xe6, 0xd7, 0xe7, 0x18,
  0xe4, 0x33, 0xc3, 0x70, 0xf4, 0x35, 0xec, 0x15, 0xb3, 0x6f, 0xf5, 0xb8,
  0xef, 0x59, 0xdf, 0x39, 0xe7, 0x18, 0xd6, 0xf8, 0xff, 0xbe, 0xff, 0xbe,
  0xff, 0xde, 0xe7, 0x3b, 0xde, 0xd9, 0xef, 0x7c, 0xff, 0x9d, 0xff, 0xbd,
  0xff, 0x9d, 0xff, 0xbe, 0xff, 0xbd, 0xff, 0xbe, 0xff, 0x9d, 0xff, 0xbe,
  0xff, 0xbd, 0xf7, 0x9d, 0xff, 0x9d, 0xff, 0xbe, 0xff, 0xbe, 0xff, 0xbe,
  0xff, 0x9d, 0xff, 0x9e, 0xff, 0x9d, 0xf7, 0x9d, 0xe7, 0x3a, 0xce, 0xf9,
  0xde, 0xb7, 0xef, 0x5a, 0xff, 0x19, 0xff, 0x5a, 0xff, 0x5a, 0xff, 0x5a,
  0xfe, 0xf9, 0xf7, 0x3a, 0xff, 0x3a, 0xff, 0x5a, 0xff, 0x3a, 0xff, 0x5b,
  0xff, 0x3a, 0xff, 0x5a, 0xff, 0x39, 0xff, 0x3a, 0xff, 0x5a, 0xff, 0x5b,
  0xff, 0x3a, 0xff, 0x5a, 0xff, 0x5a, 0xff, 0x5b, 0xff, 0x3a, 0xff, 0x5a,
  0xff, 0x3a, 0xff, 0x5a, 0xff, 0x3a, 0xff, 0x5b, 0xff, 0x3a, 0xff, 0x3a,
  0xff, 0x3a, 0xff, 0x3a, 0xff, 0x5a, 0xff, 0x5a, 0xff, 0x3a, 0xff, 0x7b,
  0xff, 0x9c, 0xff, 0x7b, 0xff, 0x5a, 0xff, 0x3a, 0xff, 0x3a, 0xff, 0x3a,
  0xff, 0x3a, 0xff, 0x3a, 0xff, 0x5a, 0xff, 0x5a, 0xff, 0x3a, 0xff, 0x7b,
  0xff, 0x3a, 0xf7, 0x3a, 0xff, 0x5a, 0xff, 0x7b, 0xf7, 0x39, 0xee, 0xf9,
  0xff, 0x5a, 0xff, 0x5b, 0xff, 0x9d, 0xd6, 0x37, 0xb5, 0x33, 0xde, 0x79,
  0x52, 0x4b, 0x52, 0x8d, 0x6b, 0x0e, 0x5a, 0xee, 0x73, 0x2f, 0x5a, 0xcd,
  0x52, 0x4b, 0x73, 0x70, 0x62, 0xee, 0x42, 0x0b, 0x42, 0x2b, 0x42, 0x6c,
  0x62, 0xad, 0x7b, 0xb1, 0x7b, 0x4f, 0x73, 0x2f, 0x7b, 0x6f, 0x73, 0x2f,
  0x73, 0x4f, 0x63, 0x0e, 0x4a, 0x8c, 0x3a, 0x0a, 0x29, 0xc9, 0x29, 0xca,
  0x31, 0xca, 0x29, 0xca, 0x31, 0xca, 0x29, 0xca, 0x31, 0xca, 0x29, 0xca,
  0x29, 0xa9, 0x3a, 0x6c, 0x5a, 0xed, 0x31, 0xea, 0x29, 0x89, 0x29, 0xca,
  0x31, 0xa9, 0x3a, 0x2b, 0x4a, 0x4c, 0x3a, 0x0b, 0x4a, 0x6c, 0x42, 0x4c,
  0x52, 0x8d, 0x32, 0x0b, 0x39, 0xcb, 0x63, 0x10, 0x5a, 0x8c, 0x52, 0x8d,
  0x62, 0xee, 0x5a, 0xad, 0x5a, 0xee, 0x5a, 0xee, 0x41, 0xc9, 0x83, 0xf1,
  0xbd, 0x35, 0x73, 0x0d, 0x21, 0x68, 0x29, 0xea, 0x29, 0xea, 0x2a, 0x0b,
  0x39, 0xea, 0x31, 0xea, 0x39, 0xca, 0x3a, 0x0b, 0x39, 0xeb, 0x3a, 0x2c,
  0x42, 0x4c, 0x32, 0x0b, 0x3a, 0x0a, 0x3a, 0x2b, 0x4a, 0x2b, 0x52, 0xce,
  0x6a, 0xce, 0x6b, 0x0f, 0x7b, 0x2f, 0x7b, 0x70, 0x83, 0x8f, 0x7b, 0x6f,
  0xa4, 0x32, 0xb4, 0xd5, 0xed, 0xf9, 0xcd, 0x36, 0xb4, 0xd3, 0xf6, 0xdb,
  0xff, 0x5d, 0xff, 0x5d, 0xff, 0x3c, 0xff, 0x5d, 0xff, 0x7d, 0xff, 0xbe,
  0xfe, 0xfd, 0xf6, 0x3a, 0xfd, 0x78, 0xfd, 0x99, 0xfe, 0x3a, 0xfe, 0xfd,
  0xff, 0x3d, 0xff, 0x1d, 0xee, 0x9a, 0xc5, 0x97, 0xc5, 0x35, 0xe6, 0x9b,
  0xff, 0x3d, 0xfe, 0xfd, 0xff, 0x1d, 0xf6, 0xbc, 0xcd, 0x16, 0xbc, 0xd5,
  0xbc, 0xb4, 0x9c, 0x12, 0xee, 0x19, 0xfe, 0xfd, 0xfe, 0x9b, 0xfe, 0xbb,
  0xfe, 0xdb, 0xfe, 0xdc, 0xfe, 0xdc, 0xf6, 0x3a, 0xe5, 0x75, 0xfe, 0xba,
  0xff, 0x5b, 0xff, 0x7b, 0xff, 0x3a, 0xff, 0x3b, 0xff, 0x3a, 0xff, 0x5b,
  0xff, 0x3a, 0xff, 0x5b, 0xff, 0x3a, 0xff, 0x5b, 0xff, 0x5b, 0xf7, 0x3a,
  0xff, 0x3a, 0xff, 0x5b, 0xff, 0x3a, 0xff, 0x5b, 0xff, 0x3a, 0xff, 0x5b,
  0xf7, 0x7b, 0xf7, 0x5b, 0xef, 0x9b, 0xe7, 0x19, 0xf5, 0xf8, 0xbc, 0x30,
  0xd3, 0x12, 0xfc, 0x56, 0xdb, 0xd5, 0xcb, 0x32, 0xdc, 0xf5, 0xed, 0x56,
  0xde, 0x37, 0xff, 0x1b, 0xd6, 0xf9, 0xe7, 0x5a, 0xff, 0xbf, 0xff, 0x9e,
  0xff, 0xde, 0xff, 0x9d, 0xe7, 0x3b, 0xde, 0xda, 0xd7, 0x1a, 0xef, 0xbc,
  0xf7, 0xbe, 0xff, 0x9d, 0xff, 0xbe, 0xff, 0x9d, 0xf7, 0x9d, 0xff, 0x9d,
  0xff, 0x9d, 0xff, 0x9d, 0xf7, 0x7d, 0xff, 0x9d, 0xff, 0xbe, 0xff, 0xbd,
  0xf7, 0xbd, 0xf7, 0x9c, 0xdf, 0x1b, 0xd6, 0xb9, 0xd7, 0x1a, 0xdf, 0x3a,
  0xde, 0x97, 0xf7, 0x39, 0xff, 0x5b, 0xff, 0x3a, 0xff, 0x3b, 0xff, 0x3b,
  0xff, 0x5b, 0xff, 0x3a, 0xf7, 0x1a, 0xff, 0x1a, 0xf7, 0x3a, 0xff, 0x1a,
  0xff, 0x5b, 0xff, 0x3a, 0xff, 0x3a, 0xff, 0x1a, 0xff, 0x5b, 0xff, 0x3a,
  0xff, 0x3b, 0xff, 0x5b, 0xff, 0x5b, 0xff, 0x3a, 0xff, 0x3b, 0xff, 0x3a,
  0xff, 0x3b, 0xff, 0x5b, 0xff, 0x5b, 0xff, 0x1a, 0xff, 0x5b, 0xff, 0x3a,
  0xff, 0x5b, 0xf7, 0x1a, 0xff, 0x5b, 0xff, 0x3a, 0xff, 0x5c, 0xf7, 0x1a,
  0xad, 0x13, 0xb5, 0x13, 0xe6, 0x99, 0xff, 0x7c, 0xff, 0x5b, 0xff, 0x1a,
  0xf7, 0x3b, 0xff, 0x3b, 0xff, 0x5a, 0xff, 0x5a, 0xff, 0x5b, 0xff, 0x3a,
  0xff, 0x5b, 0xff, 0x5b, 0xff, 0x3a, 0xff, 0x5b, 0xe6, 0xf9, 0xd6, 0x57,
  0xef, 0x3a, 0xff, 0x7b, 0xff, 0x3b, 0xff, 0x7c, 0xff, 0x9d, 0xee, 0xb9,
  0x63, 0x0e, 0x62, 0xcd, 0x63, 0x0f, 0x6b, 0x30, 0x63, 0x0f, 0x52, 0x2b,
  0x6b, 0x70, 0x63, 0x0f, 0x42, 0x4c, 0x42, 0x0b, 0x52, 0xae, 0x73, 0x50,
  0x7b, 0x71, 0x73, 0x0f, 0x6b, 0x2f, 0x83, 0x90, 0x7b, 0xb2, 0x62, 0xce,
  0x42, 0x6d, 0x31, 0xca, 0x29, 0xaa, 0x31, 0xca, 0x29, 0xca, 0x29, 0xaa,
  0x29, 0xcb, 0x29, 0xaa, 0x29, 0xcb, 0x29, 0xaa, 0x21, 0xaa, 0x31, 0xea,
  0x52, 0xae, 0x52, 0x6d, 0x21, 0xaa, 0x21, 0x89, 0x31, 0xeb, 0x4a, 0x6c,
  0x5a, 0xce, 0x5a, 0xce, 0x42, 0x2c, 0x41, 0xeb, 0x42, 0x8d, 0x39, 0xeb,
  0x52, 0xce, 0x31, 0xc9, 0x4a, 0x8d, 0x6b, 0x4f, 0x4a, 0x6c, 0x5a, 0x8d,
  0x63, 0x0f, 0x6b, 0x0f, 0x52, 0xcf, 0x42, 0x0b, 0x39, 0xe9, 0x9c, 0xb4,
  0xff, 0x9c, 0xf6, 0xb8, 0x7c, 0x11, 0x41, 0xe9, 0x29, 0xcb, 0x29, 0x8a,
  0x21, 0xab, 0x29, 0xaa, 0x39, 0xca, 0x62, 0xef, 0x52, 0x6c, 0x4a, 0x2b,
  0x3a, 0x0c, 0x4a, 0x4c, 0x5a, 0xae, 0x5a, 0x6c, 0x52, 0xae, 0x6b, 0x30,
  0x63, 0x0f, 0x6b, 0x2f, 0x7b, 0x90, 0x8b, 0xd1, 0x8b, 0xf2, 0xa4, 0x74,
  0xbc, 0xd6, 0xdd, 0x98, 0xcd, 0x57, 0xb4, 0x93, 0xee, 0x7a, 0xff, 0x1d,
  0xff, 0x5e, 0xff, 0x3d, 0xff, 0x1d, 0xff, 0x3d, 0xfe, 0xfd, 0xfe, 0x7a,
  0xff, 0x3e, 0xff, 0x5e, 0xff, 0x7f, 0xff, 0x1d, 0xee, 0x9b, 0xf6, 0x9c,
  0xde, 0x3a, 0xd5, 0xb8, 0xd6, 0x19, 0xee, 0xbb, 0xff, 0x3e, 0xff, 0x7e,
  0xff, 0x3d, 0xfe, 0xfc, 0xff, 0x3e, 0xee, 0x5a, 0xcd, 0x17, 0xc4, 0xd6,
  0x9c, 0x33, 0xac, 0x74, 0xff, 0x1e, 0xfe, 0xdc, 0xfe, 0xdc, 0xfe, 0xbc,
  0xfe, 0xdc, 0xfe, 0xdc, 0xfe, 0xbd, 0xed, 0x57, 0xf6, 0x98, 0xff, 0x5b,
  0xf7, 0x3b, 0xff, 0x3a, 0xff, 0x5b, 0xff, 0x3b, 0xf7, 0x1a, 0xff, 0x3b,
  0xff, 0x5b, 0xff, 0x3b, 0xff, 0x5b, 0xff, 0x3a, 0xf7, 0x1a, 0xff, 0x3b,
  0xff, 0x5b, 0xff, 0x3b, 0xf7, 0x1a, 0xff, 0x1a, 0xf7, 0x3b, 0xff, 0x3b,
  0xf7, 0x7b, 0xf7, 0xbc, 0xf6, 0xb9, 0xc5, 0x34, 0xd3, 0x51, 0xe4, 0x14,
  0xf4, 0x55, 0xd3, 0x72, 0xd3, 0x10, 0xe3, 0xd3, 0xe3, 0x72, 0xca, 0xd0,
  0xb3, 0xd0, 0xfe, 0x3a, 0xce, 0xb8, 0xef, 0xbc, 0xff, 0xbe, 0xff, 0xbe,
  0xff, 0xbd, 0xff, 0xbe, 0xff, 0xbd, 0xff, 0xbd, 0xef, 0x3a, 0xde, 0xfa,
  0xe7, 0x1a, 0xef, 0x7b, 0xf7, 0x7c, 0xf7, 0x9d, 0xff, 0x9d, 0xff, 0xbd,
  0xff, 0x9d, 0xff, 0xbd, 0xff, 0x7c, 0xff, 0x9d, 0xf7, 0x7c, 0xe7, 0x3b,
  0xd6, 0xf9, 0xd6, 0xf9, 0xe7, 0x1a, 0xef, 0x7b, 0xff, 0xbc, 0xff, 0x9c,
  0xe6, 0xd7, 0xde, 0xd8, 0xff, 0x5a, 0xff, 0x3a, 0xff, 0x5b, 0xff, 0x5b,
  0xff, 0x3a, 0xf7, 0x3a, 0xff, 0x3a, 0xff, 0x3a, 0xff, 0x3a, 0xff, 0x5b,
  0xff, 0x3a, 0xf7, 0x3a, 0xff, 0x3a, 0xff, 0x5a, 0xff, 0x3a, 0xff, 0x5b,
  0xff, 0x3a, 0xff, 0x5b, 0xff, 0x3a, 0xff, 0x5a, 0xff, 0x3a, 0xf7, 0x3a,
  0xff, 0x5a, 0xff, 0x5b, 0xff, 0x5a, 0xff, 0x5b, 0xff, 0x3a, 0xff, 0x3a,
  0xff, 0x1a, 0xff, 0x5b, 0xff, 0x7a, 0xff, 0x5a, 0xff, 0x5b, 0xb5, 0x13,
  0xce, 0x16, 0xde, 0xb9, 0xa4, 0x90, 0xf7, 0x3b, 0xfe, 0x16, 0xf6, 0x17,
  0xfe, 0xda, 0xfe, 0xda, 0xff, 0x19, 0xff, 0x3a, 0xff, 0x3a, 0xf7, 0x3a,
  0xff, 0x7b, 0xff, 0x7b, 0xff, 0x5a, 0xff, 0x5a, 0xe7, 0x39, 0xd6, 0xb8,
  0xe6, 0xf8, 0xf7, 0x9b, 0xff, 0x3a, 0xff, 0x3a, 0xff, 0x19, 0xff, 0x7b,
  0x9c, 0x52, 0x62, 0xcc, 0x6a, 0xee, 0x7b, 0xb1, 0x6b, 0x0e, 0x62, 0xce,
  0x63, 0x0f, 0x4a, 0x6d, 0x52, 0x6c, 0x5a, 0xce, 0x7b, 0x70, 0x73, 0x70,
  0x62, 0xed, 0x6b, 0x4f, 0x7b, 0x90, 0x73, 0x50, 0x42, 0x4b, 0x31, 0xca,
  0x31, 0xa9, 0x31, 0xca, 0x31, 0xca, 0x29, 0xea, 0x31, 0xca, 0x29, 0xea,
  0x31, 0xca, 0x29, 0xca, 0x29, 0xa9, 0x2a, 0x0a, 0x4a, 0x6c, 0x52, 0xce,
  0x39, 0xea, 0x21, 0x69, 0x3a, 0x0b, 0x52, 0xce, 0x62, 0xcd, 0x52, 0x8c,
  0x52, 0x4a, 0x62, 0xee, 0x7b, 0xd0, 0x52, 0xcc, 0x39, 0xca, 0x31, 0xca,
  0x42, 0x0b, 0x31, 0xea, 0x7b, 0x6f, 0x73, 0x4f, 0x52, 0x6c, 0x52, 0xce,
  0x6a, 0xee, 0x6b, 0x50, 0x5a, 0xcd, 0x3a, 0x0b, 0x39, 0xc8, 0xad, 0x56,
  0xff, 0x9b, 0xde, 0x57, 0xd6, 0x17, 0xc5, 0x95, 0x94, 0x51, 0x73, 0x6e,
  0x73, 0xb0, 0x52, 0xed, 0x39, 0x68, 0x63, 0x0e, 0xb4, 0xb4, 0xde, 0x19,
  0x93, 0xf2, 0x6a, 0xce, 0x73, 0x0f, 0x73, 0x50, 0x7b, 0x4f, 0x62, 0xad,
  0x7b, 0x2f, 0x8b, 0xf2, 0xa4, 0x12, 0xa4, 0x73, 0xac, 0x13, 0xc4, 0xf6,
  0xc5, 0x16, 0xb4, 0xd5, 0xb4, 0xb3, 0xee, 0x9b, 0xfe, 0x9b, 0xfe, 0xfd,
  0xff, 0x3c, 0xff, 0x3d, 0xff, 0x3c, 0xff, 0x5d, 0xfe, 0xbc, 0xed, 0x98,
  0xfd, 0xfa, 0xfe, 0xfe, 0xf6, 0xbb, 0xe6, 0x7a, 0xcd, 0x96, 0xde, 0x7a,
  0xd5, 0xd8, 0xde, 0x5a, 0xff, 0x1d, 0xff, 0x7e, 0xff, 0x5d, 0xff, 0x5e,
  0xff, 0x5d, 0xff, 0x5d, 0xfe, 0xdc, 0xdd, 0xf8, 0xd5, 0x57, 0x9b, 0xd1,
  0x9b, 0xf1, 0xee, 0x9c, 0xff, 0x1d, 0xfe, 0xfc, 0xfe, 0xdb, 0xfe, 0xfc,
  0xfe, 0xbc, 0xff, 0x1d, 0xfe, 0x7b, 0xe5, 0x56, 0xff, 0x1a, 0xff, 0x3b,
  0xff, 0x5a, 0xf7, 0x5a, 0xff, 0x3a, 0xff, 0x3b, 0xff, 0x3a, 0xff, 0x7b,
  0xff, 0x5b, 0xff, 0x5b, 0xff, 0x3a, 0xff, 0x5b, 0xff, 0x5b, 0xff, 0x3b,
  0xff, 0x5b, 0xff, 0x5b, 0xff, 0x1a, 0xff, 0x5b, 0xff, 0x3a, 0xf7, 0x3a,
  0xff, 0x9d, 0xee, 0xda, 0xdc, 0x75, 0xd4, 0x13, 0xec, 0x36, 0xeb, 0xf4,
  0xdb, 0x52, 0xca, 0xcf, 0xdb, 0x93, 0xdb, 0x93, 0xdb, 0x73, 0xd3, 0x12,
  0xb4, 0x31, 0xed, 0xf8, 0xce, 0xd9, 0xf7, 0xdc, 0xff, 0xbe, 0xff, 0x9e,
  0xf7, 0xbf, 0xff, 0xbe, 0xff, 0x9e, 0xff, 0x9e, 0xff, 0xbd, 0xf7, 0x3b,
  0xd7, 0x1a, 0xd6, 0xd8, 0xd7, 0x1a, 0xdf, 0x1a, 0xd7, 0x1a, 0xdf, 0x1a,
  0xdf, 0x3b, 0xd6, 0xfa, 0xce, 0xfa, 0xd6, 0xd9, 0xd6, 0xfa, 0xdf, 0x1a,
  0xe7, 0x5c, 0xf7, 0x7c, 0xf7, 0x9d, 0xff, 0x7d, 0xff, 0x9d, 0xff, 0x9d,
  0xe7, 0x7b, 0xce, 0x77, 0xf7, 0x19, 0xff, 0x5a, 0xff, 0x5b, 0xff, 0x3a,
  0xf7, 0x5b, 0xff, 0x3a, 0xff, 0x3b, 0xff, 0x3a, 0xff, 0x3b, 0xff, 0x3a,
  0xff, 0x3a, 0xff, 0x5a, 0xff, 0x3b, 0xff, 0x3a, 0xff, 0x5b, 0xff, 0x1a,
  0xf7, 0x1a, 0xff, 0x1a, 0xff, 0x5b, 0xff, 0x3a, 0xff, 0x5b, 0xff, 0x3a,
  0xff, 0x3b, 0xff, 0x3a, 0xff, 0x7b, 0xff, 0x3a, 0xff, 0x5b, 0xff, 0x5b,
  0xff, 0x3b, 0xff, 0x3a, 0xf7, 0x5b, 0xff, 0x5b, 0xde, 0x58, 0xb4, 0xf2,
  0xff, 0xbd, 0xff, 0x5b, 0xed, 0xb6, 0xd4, 0xd2, 0xf4, 0x52, 0xf4, 0x31,
  0xe4, 0xf3, 0xf5, 0x55, 0xee, 0x18, 0xfe, 0x79, 0xfe, 0xda, 0xff, 0x1a,
  0xf7, 0x1a, 0xff, 0x1a, 0xff, 0x5b, 0xff, 0x1a, 0xe7, 0x3a, 0xd6, 0xb8,
  0xe6, 0xf9, 0xf7, 0x7b, 0xff, 0x5b, 0xff, 0x3a, 0xff, 0x3b, 0xff, 0x7b,
  0xc5, 0xb7, 0x8b, 0xcf, 0x6b, 0x2f, 0x73, 0x2f, 0x5a, 0xce, 0x6b, 0x2f,
  0x5a, 0xce, 0x52, 0x6d, 0x52, 0x6c, 0x7b, 0x90, 0x83, 0xd2, 0x6a, 0xee,
  0x73, 0x70, 0x73, 0x70, 0x63, 0x30, 0x42, 0x0b, 0x29, 0xca, 0x31, 0xca,
  0x29, 0xeb, 0x29, 0xca, 0x29, 0xeb, 0x29, 0xca, 0x29, 0xca, 0x29, 0xa9,
  0x29, 0xca, 0x32, 0x0a, 0x4a, 0x6d, 0x52, 0xad, 0x3a, 0x2c, 0x29, 0x69,
  0x3a, 0x0b, 0x52, 0xcd, 0x5a, 0xce, 0x52, 0x4c, 0x4a, 0x8c, 0x73, 0xb0,
  0xc5, 0x74, 0xf6, 0xfa, 0xf6, 0xfa, 0xcd, 0x74, 0xbd, 0x55, 0xbd, 0x34,
  0x5b, 0x90, 0x73, 0xf1, 0x84, 0x75, 0x52, 0xad, 0x52, 0x8d, 0x5a, 0xad,
  0x5a, 0xad, 0x4a, 0x0a, 0x4a, 0x6b, 0x6b, 0x6f, 0x39, 0xc9, 0xad, 0x15,
  0xbd, 0x96, 0xcd, 0xd7, 0xde, 0x78, 0xee, 0xb9, 0xef, 0x19, 0xf6, 0xf9,
  0xf7, 0x5c, 0xde, 0x57, 0x5a, 0x2b, 0x83, 0x50, 0xf6, 0x5b, 0xfe, 0xfd,
  0xfe, 0xfd, 0xbc, 0xb5, 0x73, 0x2f, 0x7b, 0x2f, 0x83, 0x91, 0x83, 0x70,
  0x8b, 0xd1, 0x8b, 0x70, 0x8b, 0xd1, 0x9c, 0x32, 0xa4, 0x94, 0xa4, 0x32,
  0xb4, 0xb4, 0xcd, 0x36, 0xf6, 0x9c, 0xee, 0x3a, 0xee, 0xdb, 0xff, 0x5d,
  0xff, 0x3d, 0xff, 0x3d, 0xff, 0x1d, 0xff, 0x1d, 0xff, 0x5e, 0xfe, 0xfd,
  0xbc, 0x94, 0xd5, 0x16, 0xd5, 0xd9, 0xd5, 0xb8, 0xcd, 0xd8, 0xf6, 0xbc,
  0xff, 0x5e, 0xff, 0x3d, 0xff, 0x3e, 0xff, 0x3d, 0xff, 0x3e, 0xff, 0x3d,
  0xff, 0x5e, 0xff, 0x5e, 0xee, 0x7b, 0xdd, 0xd8, 0xc5, 0x58, 0x9b, 0xd1,
  0xb4, 0xb4, 0xff, 0x3e, 0xfe, 0xfc, 0xfe, 0xdc, 0xff, 0x1d, 0xfe, 0xdc,
  0xfe, 0xdd, 0xfe, 0xfd, 0xed, 0x97, 0xf5, 0xd8, 0xff, 0x5b, 0xff, 0x5b,
  0xff, 0x5b, 0xff, 0x5b, 0xff, 0x5b, 0xff, 0x3b, 0xff, 0x5b, 0xff, 0x3b,
  0xff, 0x3b, 0xff, 0x3a, 0xf7, 0x3b, 0xff, 0x5b, 0xf7, 0x3b, 0xff, 0x5b,
  0xff, 0x5b, 0xff, 0x1a, 0xf7, 0x3b, 0xff, 0x5b, 0xff, 0x3b, 0xff, 0x1a,
  0xfd, 0x16, 0xd3, 0xf2, 0xf4, 0x15, 0xeb, 0xf4, 0xe3, 0x51, 0xdb, 0x72,
  0xe3, 0xb3, 0xdb, 0xd4, 0xe3, 0x93, 0xeb, 0xf5, 0xcb, 0x30, 0xd3, 0xb3,
  0xde, 0x98, 0xde, 0xb9, 0xe7, 0x39, 0xf7, 0xfd, 0xff, 0xbe, 0xff, 0xbe,
  0xff, 0x9e, 0xff, 0xbe, 0xff, 0xbe, 0xff, 0x9e, 0xff, 0xbc, 0xf7, 0x9c,
  0xef, 0x3a, 0xe7, 0x1a, 0xff, 0x9c, 0xf7, 0xbd, 0xf7, 0x7c, 0xef, 0x5b,
  0xf7, 0x5b, 0xf7, 0x7c, 0xf7, 0x7b, 0xf7, 0x9c, 0xff, 0x9d, 0xff, 0xbe,
  0xff, 0x9d, 0xf7, 0x9d, 0xff, 0x7d, 0xff, 0xbd, 0xff, 0x9e, 0xff, 0xbe,
  0xff, 0xbc, 0xde, 0xf9, 0xe6, 0x96, 0xf7, 0x7a, 0xff, 0x19, 0xff, 0x3a,
  0xff, 0x19, 0xff, 0x3a, 0xff, 0x3a, 0xff, 0x5a, 0xff, 0x5a, 0xff, 0x5b,
  0xff, 0x39, 0xff, 0x5a, 0xff, 0x5a, 0xff, 0x5a, 0xff, 0x1a, 0xff, 0x3a,
  0xff, 0x5a, 0xff, 0x5b, 0xff, 0x5a, 0xff, 0x5b, 0xff, 0x1a, 0xff, 0x3a,
  0xff, 0x3a, 0xff, 0x3a, 0xff, 0x1a, 0xff, 0x5b, 0xff, 0x3a, 0xff, 0x5a,
  0xff, 0x39, 0xff, 0x5a, 0xff, 0x5a, 0xff, 0xbc, 0xd5, 0xf6, 0xb5, 0x34,
  0xff, 0xbc, 0xff, 0x7b, 0x9b, 0x8f, 0x82, 0xec, 0xb3, 0x0c, 0xed, 0x15,
  0xfd, 0x73, 0xfd, 0x53, 0xec, 0xf3, 0xed, 0x14, 0xf5, 0x95, 0xfd, 0xf7,
  0xf6, 0x57, 0xfe, 0x99, 0xfe, 0xf9, 0xff, 0x5b, 0xf7, 0x5a, 0xde, 0xd8,
  0xe6, 0xb8, 0xef, 0x3a, 0xff, 0x3a, 0xff, 0x3b, 0xff, 0x3a, 0xff, 0x3b,
  0xf7, 0x1b, 0xa4, 0xd2, 0xcd, 0xf8, 0x8c, 0x31, 0x52, 0x2b, 0x6b, 0x50,
  0x5a, 0xee, 0x52, 0xad, 0x6a, 0xed, 0x84, 0x12, 0x7b, 0x4f, 0x8b, 0xd2,
  0x83, 0x91, 0x73, 0x2f, 0x42, 0x4b, 0x29, 0xea, 0x32, 0x0b, 0x29, 0xeb,
  0x31, 0xea, 0x31, 0xea, 0x29, 0xa9, 0x29, 0xc9, 0x31, 0xea, 0x3a, 0x4c,
  0x52, 0xad, 0x52, 0xae, 0x3a, 0x2b, 0x29, 0xa9, 0x39, 0xc9, 0x52, 0xee,
  0x62, 0xee, 0x4a, 0x6c, 0x4a, 0x8c, 0x6b, 0x90, 0xde, 0x56, 0xff, 0x5b,
  0xff, 0x5a, 0xff, 0x9b, 0xff, 0x3a, 0xff, 0x5b, 0xff, 0x7a, 0xf7, 0x19,
  0x8d, 0x56, 0x85, 0x35, 0x73, 0xd2, 0x63, 0x71, 0x73, 0x70, 0x5a, 0xee,
  0x94, 0x31, 0x9c, 0x93, 0xa4, 0xd4, 0x6b, 0x4e, 0x41, 0xc8, 0xce, 0x19,
  0xff, 0x39, 0xff, 0x7a, 0xff, 0x7b, 0xff, 0x7b, 0xff, 0x3a, 0xff, 0x3a,
  0xff, 0x3a, 0xfe, 0xfa, 0x82, 0xcd, 0xbc, 0xd5, 0xff, 0x1d, 0xfe, 0xdc,
  0xfe, 0xbc, 0xfe, 0xfd, 0xbc, 0xd5, 0x93, 0xd1, 0x8b, 0x70, 0xa4, 0x74,
  0xac, 0x53, 0xac, 0xb4, 0xcc, 0xf5, 0xd5, 0x57, 0xcd, 0x16, 0xdd, 0xb8,
  0xdd, 0x97, 0xee, 0x5b, 0xdd, 0xd7, 0xee, 0x9b, 0xff, 0x3d, 0xfe, 0xfc,
  0xff, 0x1c, 0xff, 0x3d, 0xff, 0x3d, 0xff, 0x5d, 0xee, 0x7a, 0xde, 0x19,
  0xcc, 0xd5, 0xd5, 0x16, 0xe6, 0x7a, 0xf7, 0x1c, 0xff, 0x5d, 0xff, 0x7e,
  0xff, 0x5d, 0xff, 0x5d, 0xff, 0x3d, 0xff, 0x5d, 0xff, 0x3d, 0xff, 0x3d,
  0xff, 0x3d, 0xff, 0x7e, 0xe6, 0x39, 0xde, 0x39, 0xac, 0xb4, 0x93, 0xf1,
  0xee, 0x3a, 0xff, 0x3e, 0xff, 0x1c, 0xff, 0x1c, 0xff, 0x1c, 0xff, 0x3d,
  0xfe, 0xfd, 0xfe, 0x9c, 0xed, 0xb5, 0xfe, 0xda, 0xff, 0x5a, 0xf7, 0x3a,
  0xff, 0x3a, 0xff, 0x3b, 0xff, 0x3a, 0xff, 0x3b, 0xff, 0x3a, 0xff, 0x5b,
  0xff, 0x3a, 0xf7, 0x3a, 0xff, 0x3a, 0xf7, 0x3a, 0xff, 0x3a, 0xff, 0x5b,
  0xff, 0x3a, 0xff, 0x5b, 0xff, 0x3a, 0xff, 0x5b, 0xff, 0x3a, 0xff, 0x3b,
  0xdb, 0x52, 0xe3, 0x52, 0xdb, 0xb4, 0xe3, 0xb3, 0xe3, 0xb4, 0xeb, 0xb4,
  0xdb, 0xb4, 0xdb, 0xb4, 0xd4, 0x14, 0xe4, 0x75, 0xd5, 0xb7, 0xfe, 0xdb,
  0xd7, 0x18, 0xd6, 0xf7, 0xde, 0xfa, 0xff, 0xfe, 0xff, 0x9e, 0xff, 0x9e,
  0xff, 0xbe, 0xff, 0xbe, 0xff, 0xbe, 0xff, 0x9e, 0xff, 0xbe, 0xff, 0x7d,
  0xef, 0x7b, 0xe7, 0x19, 0xe7, 0x3b, 0xff, 0xbd, 0xff, 0xbe, 0xff, 0xbe,
  0xff, 0xbf, 0xff, 0x9e, 0xff, 0xde, 0xff, 0xbd, 0xff, 0xbe, 0xf7, 0x7d,
  0xff, 0x9e, 0xff, 0x9d, 0xff, 0xbe, 0xff, 0x9d, 0xff, 0x9e, 0xff, 0x7d,
  0xf7, 0xbd, 0xf7, 0x7c, 0xde, 0xb8, 0xe6, 0xd8, 0xff, 0x7a, 0xff, 0x5a,
  0xff, 0x3b, 0xff, 0x3b, 0xff, 0x5b, 0xff, 0x3a, 0xff, 0x3b, 0xff, 0x3a,
  0xf7, 0x5b, 0xff, 0x3a, 0xff, 0x5b, 0xff, 0x3a, 0xf7, 0x3a, 0xff, 0x1a,
  0xff, 0x3b, 0xff, 0x3a, 0xff, 0x5b, 0xff, 0x3a, 0xff, 0x3a, 0xff, 0x3a,
  0xff, 0x3b, 0xff, 0x1a, 0xf7, 0x1a, 0xff, 0x3a, 0xff, 0x1a, 0xff, 0x1a,
  0xf7, 0x3b, 0xff, 0x5b, 0xff, 0x5b, 0xff, 0x3a, 0x94, 0x93, 0x62, 0xec,
  0xad, 0x34, 0xb5, 0x34, 0xbb, 0xce, 0xdc, 0x71, 0xcb, 0xf0, 0xf5, 0x34,
  0xfe, 0x78, 0xfe, 0x78, 0xfe, 0x37, 0xfd, 0xb5, 0xfd, 0x74, 0xfd, 0x53,
  0xf5, 0x13, 0xec, 0xd2, 0xe4, 0xd3, 0xf5, 0x55, 0xd6, 0x37, 0xe6, 0x57,
  0xde, 0xd9, 0xef, 0x3a, 0xff, 0x7b, 0xff, 0x1a, 0xf7, 0x5b, 0xff, 0x3a,
  0xff, 0x9c, 0xe6, 0x57, 0xa4, 0xf3, 0xe6, 0xba, 0xa4, 0xf4, 0x6b, 0x0d,
  0x52, 0xae, 0x4a, 0x4c, 0x6b, 0x2f, 0x83, 0xd1, 0x8b, 0xb2, 0x83, 0x50,
  0x6b, 0x90, 0x5a, 0xad, 0x29, 0xea, 0x3a, 0x0a, 0x31, 0xeb, 0x39, 0xea,
  0x31, 0xeb, 0x42, 0x0c, 0x42, 0x2c, 0x4a, 0x6c, 0x4a, 0x8d, 0x42, 0x4c,
  0x32, 0x0c, 0x29, 0xaa, 0x29, 0xaa, 0x31, 0xca, 0x4a, 0x8d, 0x52, 0x6c,
  0x42, 0xce, 0x6b, 0xf3, 0x75, 0x16, 0x7d, 0x15, 0xe6, 0xd9, 0xf7, 0x5a,
  0xf7, 0x1a, 0xf6, 0xd9, 0xff, 0x5b, 0xff, 0x5b, 0xf7, 0x7b, 0xe6, 0xb8,
  0x74, 0x73, 0x6c, 0x11, 0x53, 0x30, 0x74, 0x13, 0x7c, 0xf5, 0x95, 0x97,
  0xde, 0x76, 0xe6, 0x76, 0xc5, 0xf9, 0x49, 0xe9, 0x73, 0x6d, 0xf7, 0x5d,
  0xff, 0x5b, 0xff, 0x3a, 0xff, 0x3b, 0xff, 0x3b, 0xf7, 0x3a, 0xff, 0x19,
  0xff, 0x7c, 0xe5, 0xf7, 0x9b, 0x90, 0xfe, 0xbc, 0xfe, 0xdc, 0xfe, 0xbc,
  0xfe, 0x9b, 0xfe, 0xdc, 0xf6, 0x9c, 0xbc, 0xb4, 0x8b, 0xb1, 0xbc, 0xd5,
  0xcd, 0x37, 0xd5, 0x37, 0xdd, 0xb8, 0xd5, 0x16, 0xa4, 0x53, 0xd5, 0x77,
  0xde, 0x19, 0xee, 0x3a, 0xfe, 0xfc, 0xff, 0x1d, 0xff, 0x1c, 0xfe, 0xfc,
  0xff, 0x3d, 0xff, 0x3d, 0xf6, 0xfd, 0xe6, 0x5a, 0xcd, 0xb8, 0xd5, 0xb8,
  0xed, 0xf9, 0xf5, 0xf9, 0xff, 0x7e, 0xff, 0x3d, 0xff, 0x3e, 0xff, 0x1d,
  0xff, 0x5e, 0xff, 0x5d, 0xff, 0x3e, 0xff, 0x1d, 0xff, 0x3d, 0xff, 0x3d,
  0xff, 0x5e, 0xfe, 0xfc, 0xd6, 0x1a, 0xd5, 0xd8, 0x9c, 0x53, 0xbc, 0xf5,
  0xff, 0x7e, 0xff, 0x3d, 0xff, 0x3d, 0xff, 0x3c, 0xff, 0x3d, 0xff, 0x3d,
  0xff, 0x1e, 0xed, 0xd8, 0xee, 0x38, 0xff, 0x1b, 0xf7, 0x1a, 0xf6, 0xf9,
  0xf7, 0x3b, 0xff, 0x3a, 0xf7, 0x3b, 0xff, 0x3b, 0xff, 0x5c, 0xff, 0x5b,
  0xff, 0x3b, 0xff, 0x3b, 0xf7, 0x1b, 0xff, 0x1a, 0xf7, 0x3b, 0xff, 0x3b,
  0xff, 0x5b, 0xff, 0x5b, 0xff, 0x3b, 0xff, 0x3b, 0xff, 0x5c, 0xff, 0x3a,
  0xe3, 0xb2, 0xe3, 0xd3, 0xe3, 0x72, 0xeb, 0xd4, 0xdc, 0x13, 0xe4, 0x95,
  0xe5, 0x36, 0xf5, 0xd9, 0xee, 0xda, 0xf7, 0x3c, 0xf7, 0x9c, 0xe7, 0x5b,
  0xde, 0xd7, 0xdf, 0x18, 0xe6, 0xfa, 0xf7, 0xdd, 0xff, 0xbe, 0xff, 0xbe,
  0xff, 0xbe, 0xff, 0xbe, 0xff, 0xbe, 0xff, 0xbe, 0xff, 0xbd, 0xff, 0xde,
  0xff, 0x9c, 0xef, 0x5b, 0xef, 0x1a, 0xf7, 0x7c, 0xff, 0x9d, 0xff, 0xbe,
  0xff, 0x9d, 0xff, 0x9e, 0xff, 0xbd, 0xff, 0xbd, 0xff, 0x9d, 0xf7, 0x9d,
  0xff, 0xbd, 0xff, 0xbe, 0xff, 0x9d, 0xff, 0xbe, 0xff, 0x9d, 0xff, 0x9d,
  0xff, 0x9d, 0xff, 0xbd, 0xef, 0x7a, 0xd6, 0xd8, 0xf6, 0xf8, 0xff, 0x5a,
  0xff, 0x19, 0xff, 0x3a, 0xff, 0x5a, 0xff, 0x5a, 0xff, 0x3a, 0xff, 0x3a,
  0xff, 0x5a, 0xff, 0x5b, 0xff, 0x3a, 0xff, 0x5b, 0xff, 0x3a, 0xff, 0x7b,
  0xff, 0x7b, 0xff, 0x7b, 0xff, 0x5a, 0xff, 0x5b, 0xff, 0x3a, 0xf7, 0x3a,
  0xf7, 0x1a, 0xf7, 0x3a, 0xff, 0x1a, 0xff, 0x3b, 0xff, 0x5b, 0xff, 0x7c,
  0xff, 0x9b, 0xff, 0x9b, 0xff, 0x7c, 0xac, 0xb2, 0xbd, 0x94, 0xce, 0x17,
  0x6b, 0x2d, 0x6b, 0x4e, 0xec, 0x92, 0xe4, 0x72, 0xec, 0xb1, 0xfd, 0xb5,
  0xfe, 0x77, 0xfe, 0x77, 0xfe, 0x98, 0xfe, 0x78, 0xfe, 0x58, 0xfe, 0x38,
  0xfd, 0xf5, 0xfd, 0x94, 0xf4, 0x30, 0xfc, 0x71, 0xdc, 0xb2, 0xcc, 0x51,
  0xcd, 0x95, 0xcd, 0xb5, 0xf6, 0xf9, 0xff, 0x3a, 0xff, 0x3a, 0xff, 0x5b,
  0xff, 0x1a, 0xff, 0x5b, 0xc5, 0x75, 0xa4, 0x92, 0xe6, 0x98, 0xde, 0x78,
  0xac, 0xf4, 0x52, 0x6b, 0x5a, 0x6c, 0x7b, 0x91, 0x8b, 0x90, 0x7b, 0x4f,
  0x73, 0x4f, 0x5a, 0xad, 0x31, 0xea, 0x31, 0xeb, 0x4a, 0x4c, 0x52, 0xce,
  0x4a, 0x6b, 0x4a, 0x8c, 0x4a, 0x8c, 0x42, 0x6c, 0x31, 0xe9, 0x29, 0xe9,
  0x31, 0xaa, 0x31, 0xca, 0x39, 0xea, 0x42, 0x6c, 0x4a, 0xed, 0x63, 0xd1,
  0x7d, 0x37, 0x85, 0x78, 0x7d, 0x57, 0x64, 0xd5, 0xc5, 0xf5, 0xf7, 0x9c,
  0xee, 0x77, 0xd5, 0xf6, 0xe6, 0x57, 0xff, 0x5b, 0xff, 0x5a, 0xf7, 0x19,
  0x73, 0x90, 0x63, 0x0e, 0x5b, 0x70, 0x8d, 0x38, 0x6c, 0x51, 0x8d, 0x76,
  0xee, 0x77, 0xff, 0x3a, 0x9c, 0xb4, 0x4a, 0x2a, 0xb4, 0xf3, 0xff, 0x7d,
  0xff, 0x3a, 0xff, 0x5a, 0xff, 0x3a, 0xff, 0x5a, 0xff, 0x7a, 0xff, 0x9b,
  0xfe, 0xbb, 0xb4, 0x72, 0xed, 0x97, 0xfe, 0xbc, 0xfe, 0x9b, 0xfe, 0xbc,
  0xfe, 0xbb, 0xfe, 0x9b, 0xfe, 0xfd, 0xd5, 0x97, 0xac, 0x32, 0xcd, 0x57,
  0xed, 0x98, 0xe5, 0xb8, 0xf5, 0xf9, 0xed, 0xf9, 0xd5, 0x77, 0xbc, 0xf5,
  0xf6, 0x9b, 0xff, 0x3d, 0xfe, 0xfc, 0xfe, 0xfc, 0xff, 0x1c, 0xff, 0x3d,
  0xff, 0x3d, 0xee, 0x7a, 0xd5, 0xd7, 0xbd, 0x55, 0xee, 0x7a, 0xff, 0x5e,
  0xfe, 0xbc, 0xf6, 0x7b, 0xff, 0x3d, 0xff, 0x3d, 0xff, 0x3d, 0xff, 0x5e,
  0xff, 0x5d, 0xff, 0x5d, 0xff, 0x3d, 0xff, 0x5d, 0xff, 0x3c, 0xff, 0x3d,
  0xff, 0x7d, 0xee, 0xbb, 0xe6, 0x3a, 0xb4, 0xf5, 0x83, 0x6f, 0xde, 0x5b,
  0xff, 0x7e, 0xff, 0x3d, 0xff, 0x1c, 0xff, 0x5d, 0xff, 0x3d, 0xff, 0x5d,
  0xfe, 0x7b, 0xe5, 0x36, 0xff, 0x1a, 0xff, 0x5b, 0xff, 0x3a, 0xff, 0x5b,
  0xff, 0x3a, 0xff, 0x5b, 0xff, 0x3a, 0xff, 0x5b, 0xff, 0x5b, 0xff, 0x5b,
  0xff, 0x1a, 0xff, 0x7b, 0xff, 0x3a, 0xff, 0x5b, 0xff, 0x3a, 0xff, 0x5b,
  0xff, 0x5b, 0xff, 0x5b, 0xff, 0x1a, 0xff, 0x5b, 0xff, 0x3a, 0xff, 0x5b,
  0xe4, 0x14, 0xec, 0x14, 0xdd, 0x17, 0xf5, 0x78, 0xee, 0xbb, 0xfe, 0xfc,
  0xf7, 0x9d, 0xff, 0x9c, 0xf7, 0x9c, 0xff, 0x5c, 0xe7, 0x5b, 0xde, 0xd8,
  0xdf, 0x59, 0xe7, 0x38, 0xe7, 0x1b, 0xff, 0xdd, 0xff, 0xbf, 0xff, 0xbe,
  0xff, 0xbf, 0xff, 0x9e, 0xff, 0xbe, 0xff, 0x9e, 0xff, 0xbe, 0xff, 0x9d,
  0xff, 0x9d, 0xf7, 0x5b, 0xe7, 0x3a, 0xef, 0x1a, 0xff, 0xbe, 0xff, 0x9e,
  0xf7, 0x9e, 0xff, 0x7d, 0xff, 0xbe, 0xff, 0x9d, 0xff, 0xbe, 0xff, 0x9d,
  0xff, 0xbe, 0xff, 0x9d, 0xf7, 0x9d, 0xff, 0x7d, 0xff, 0xbe, 0xff, 0x7d,
  0xf7, 0x7d, 0xff, 0xbe, 0xf7, 0xde, 0xe7, 0x1b, 0xde, 0xb7, 0xf7, 0x39,
  0xff, 0x3a, 0xff, 0x3a, 0xf7, 0x5b, 0xff, 0x3b, 0xf7, 0x3b, 0xff, 0x1a,
  0xff, 0x3a, 0xff, 0x3a, 0xf7, 0x3a, 0xff, 0x5a, 0xff, 0x9c, 0xf6, 0xd9,
  0xde, 0x78, 0xc5, 0x95, 0xbd, 0x96, 0xb5, 0x34, 0xb5, 0x54, 0xb5, 0x33,
  0xad, 0x33, 0xad, 0x12, 0xa4, 0xf2, 0xb5, 0x53, 0xb5, 0x54, 0xb5, 0x33,
  0xb5, 0x54, 0xd6, 0x37, 0xde, 0xda, 0x8c, 0x2f, 0xf7, 0x3a, 0xff, 0xfd,
  0xf7, 0x1b, 0xa4, 0x90, 0xec, 0x92, 0xdc, 0x10, 0xfc, 0x72, 0xfc, 0xf4,
  0xfd, 0xf6, 0xfe, 0x37, 0xfe, 0xb8, 0xfe, 0x77, 0xfe, 0x38, 0xfe, 0x38,
  0xfe, 0xb7, 0xfe, 0xd8, 0xfd, 0xb5, 0xfd, 0xb5, 0xfe, 0x78, 0xfe, 0x16,
  0xed, 0x94, 0xd4, 0xb0, 0xdc, 0xd3, 0xf5, 0x54, 0xf5, 0xf8, 0xfe, 0x59,
  0xf7, 0x1a, 0xf6, 0xd9, 0xc5, 0xd6, 0xe6, 0xba, 0xbd, 0x74, 0xd6, 0x17,
  0xee, 0xfb, 0xde, 0x78, 0xa4, 0xd4, 0x83, 0xaf, 0x7b, 0x70, 0x83, 0x90,
  0x7b, 0xd2, 0x62, 0xce, 0x52, 0xad, 0x52, 0x8c, 0x4a, 0x8d, 0x52, 0x8c,
  0x4a, 0x8d, 0x52, 0x8d, 0x4a, 0xae, 0x4a, 0x6d, 0x4a, 0x8d, 0x4a, 0x4c,
  0x21, 0xaa, 0x21, 0x89, 0x6b, 0x0c, 0xad, 0x14, 0xb6, 0x39, 0x8c, 0xf3,
  0x65, 0x38, 0x75, 0x79, 0x75, 0x78, 0x64, 0xb5, 0x9d, 0x33, 0xef, 0x7c,
  0xff, 0x3b, 0xee, 0x98, 0xd6, 0x17, 0xd5, 0xf6, 0xd5, 0xf7, 0xb4, 0xb2,
  0x5b, 0x0f, 0x6b, 0x70, 0x5c, 0x75, 0x5c, 0x54, 0x6c, 0x50, 0xc6, 0xba,
  0xff, 0xdd, 0xbd, 0x12, 0x52, 0x8d, 0x63, 0x0e, 0xe6, 0x98, 0xff, 0x5b,
  0xff, 0x3b, 0xff, 0x3b, 0xff, 0x5c, 0xff, 0x1a, 0xef, 0x5b, 0xd6, 0x57,
  0xf5, 0xb8, 0xdc, 0xd4, 0xfd, 0xda, 0xfe, 0x9d, 0xfe, 0xbc, 0xfe, 0xbc,
  0xfe, 0xbc, 0xfe, 0xbc, 0xfe, 0xfd, 0xf6, 0x3a, 0xd5, 0x57, 0xe5, 0xb8,
  0xf6, 0x1a, 0xf5, 0xd9, 0xfe, 0x5b, 0xfe, 0x7b, 0xfe, 0xfd, 0xfe, 0xbb,
  0xd5, 0xd8, 0xdd, 0xd8, 0xde, 0x5a, 0xf6, 0xbb, 0xff, 0x5e, 0xfe, 0xbc,
  0xd5, 0xd8, 0xcd, 0x56, 0xe6, 0x7a, 0xff, 0x3d, 0xff, 0x5e, 0xff, 0x3d,
  0xfe, 0xdd, 0xed, 0xf9, 0xff, 0x3e, 0xff, 0x1d, 0xff, 0x3e, 0xff, 0x3d,
  0xff, 0x5e, 0xff, 0x3d, 0xff, 0x5e, 0xff, 0x3d, 0xff, 0x5d, 0xff, 0x3d,
  0xff, 0x7f, 0xd5, 0xd8, 0xd6, 0x1a, 0x9c, 0x32, 0x94, 0x32, 0xff, 0x3e,
  0xff, 0x5e, 0xff, 0x3d, 0xff, 0x3d, 0xff, 0x3d, 0xff, 0x3e, 0xff, 0x3e,
  0xed, 0x97, 0xfd, 0xd8, 0xff, 0x9c, 0xff, 0x3a, 0xf7, 0x3b, 0xf7, 0x1a,
  0xff, 0x5b, 0xff, 0x3b, 0xff, 0x5b, 0xff, 0x3b, 0xff, 0x5b, 0xff, 0x3b,
  0xf7, 0x1a, 0xff, 0x3a, 0xff, 0x5b, 0xff, 0x3b, 0xff, 0x3b, 0xff, 0x3b,
  0xff, 0x5b, 0xff, 0x3b, 0xff, 0x5b, 0xff, 0x3a, 0xff, 0x5b, 0xff, 0x3b,
  0xee, 0x59, 0xfe, 0xfc, 0xff, 0x7c, 0xf7, 0x9d, 0xff, 0x9d, 0xff, 0x9d,
  0xff, 0x7c, 0xf7, 0x7c, 0xf7, 0x7b, 0xf7, 0x7c, 0xd6, 0xb7, 0xde, 0xf8,
  0xef, 0x59, 0xdf, 0x38, 0xe6, 0xf9, 0xf7, 0xbc, 0xff, 0xbe, 0xff, 0xbf,
  0xff, 0x9d, 0xff, 0xbe, 0xff, 0x9d, 0xff, 0xdf, 0xff, 0x9d, 0xff, 0xbd,
  0xff, 0x9c, 0xff, 0x9d, 0xf7, 0x5a, 0xef, 0x3a, 0xf7, 0x5c, 0xff, 0xbd,
  0xff, 0x9d, 0xff, 0xde, 0xff, 0x9d, 0xff, 0xbe, 0xff, 0xbe, 0xff, 0xbe,
  0xff, 0xbd, 0xff, 0x9d, 0xff, 0x9d, 0xff, 0xbe, 0xff, 0x9d, 0xff, 0xde,
  0xff, 0x9d, 0xff, 0xbe, 0xff, 0x9d, 0xff, 0x9e, 0xef, 0x7b, 0xd6, 0xd8,
  0xf7, 0x18, 0xff, 0x5a, 0xff, 0x3a, 0xff, 0x5b, 0xff, 0x3a, 0xff, 0x3b,
  0xff, 0x5a, 0xff, 0xbc, 0xf7, 0x5b, 0xce, 0x16, 0xbd, 0x74, 0xa4, 0xf3,
  0xb5, 0x33, 0xcd, 0xf6, 0xe6, 0x78, 0xe6, 0xb9, 0xf6, 0xfa, 0xff, 0x3b,
  0xff, 0x1a, 0xf7, 0x3a, 0xf6, 0xf9, 0xf7, 0x1a, 0xf6, 0xd9, 0xe6, 0xb8,
  0xcd, 0xd5, 0xc5, 0xb5, 0xb5, 0x54, 0x8c, 0x30, 0xac, 0xf3, 0xde, 0x59,
  0xcd, 0xb5, 0xc5, 0xb5, 0xfe, 0xd9, 0xdd, 0x94, 0xf4, 0xf3, 0xec, 0xd3,
  0xf4, 0xb3, 0xf4, 0xf4, 0xfd, 0x93, 0xfe, 0x15, 0xfe, 0x57, 0xfe, 0x78,
  0xfe, 0x57, 0xfe, 0x37, 0xfd, 0xb4, 0xfe, 0x36, 0xfe, 0x96, 0xfe, 0xb7,
  0xfe, 0xb8, 0xfe, 0xb8, 0xfe, 0x56, 0xf5, 0xd5, 0xf5, 0x53, 0xe5, 0x12,
  0xed, 0x33, 0xed, 0x54, 0xb4, 0x90, 0xee, 0x78, 0xff, 0x9c, 0xff, 0x3a,
  0xee, 0xd9, 0xf7, 0x3b, 0xff, 0x9b, 0xe6, 0xb8, 0xc5, 0x35, 0x8b, 0x90,
  0x93, 0xb1, 0x83, 0x50, 0x63, 0x0e, 0x5a, 0xed, 0x62, 0xcd, 0x5a, 0xee,
  0x5a, 0xce, 0x52, 0xae, 0x62, 0xac, 0x6b, 0x2f, 0x5a, 0xee, 0x39, 0xeb,
  0x52, 0x8a, 0xa5, 0x35, 0xfe, 0x98, 0xff, 0x1a, 0xdf, 0x3c, 0x8c, 0xd2,
  0x6d, 0x36, 0x75, 0x98, 0x75, 0x58, 0x6d, 0x37, 0x8c, 0xb1, 0xd7, 0x3b,
  0xff, 0x3a, 0xff, 0x3a, 0xee, 0x98, 0xd5, 0xf6, 0xb5, 0x54, 0x94, 0x70,
  0x74, 0x94, 0x5b, 0xd2, 0x5c, 0x13, 0x5c, 0x74, 0x7c, 0x52, 0xad, 0xf9,
  0xac, 0xb4, 0x7b, 0x4f, 0x72, 0xec, 0xb5, 0x15, 0xff, 0x9b, 0xff, 0x3a,
  0xff, 0x3a, 0xff, 0x3b, 0xf6, 0xda, 0xe6, 0x78, 0xde, 0x76, 0xee, 0xf9,
  0xfe, 0x7a, 0xdc, 0xb4, 0xfe, 0x5b, 0xfe, 0xbc, 0xfe, 0xbb, 0xfe, 0xdc,
  0xfe, 0xbb, 0xfe, 0xdc, 0xfe, 0xbb, 0xfe, 0xdc, 0xcd, 0x15, 0xdd, 0xb8,
  0xfe, 0x7a, 0xfe, 0x5b, 0xfe, 0x9a, 0xfe, 0x9b, 0xfe, 0xbb, 0xfe, 0xfc,
  0xff, 0x1d, 0xfe, 0xfd, 0xff, 0x1d, 0xff, 0x7e, 0xee, 0x7a, 0xc5, 0x76,
  0xe6, 0x39, 0xff, 0x1d, 0xff, 0x3d, 0xff, 0x3d, 0xff, 0x3c, 0xff, 0x3d,
  0xff, 0x1d, 0xee, 0x19, 0xfe, 0xfc, 0xff, 0x5e, 0xff, 0x3d, 0xff, 0x5d,
  0xff, 0x3d, 0xff, 0x3d, 0xff, 0x3d, 0xff, 0x5d, 0xff, 0x5d, 0xff, 0x5d,
  0xff, 0x1d, 0xd5, 0xf8, 0xd5, 0xb8, 0x8b, 0xd1, 0xcd, 0x97, 0xff, 0x7e,
  0xff, 0x3c, 0xff, 0x3d, 0xff, 0x5d, 0xff, 0x7e, 0xff, 0x3e, 0xfe, 0x7b,
  0xd5, 0x13, 0xfe, 0xdb, 0xff, 0x7a, 0xf7, 0x5a, 0xff, 0x3a, 0xf7, 0x3a,
  0xff, 0x3a, 0xff, 0x3b, 0xff, 0x5b, 0xff, 0x5b, 0xff, 0x3a, 0xff, 0x5b,
  0xff, 0x3a, 0xff, 0x3b, 0xff, 0x3a, 0xff, 0x5b, 0xff, 0x3a, 0xff, 0x5b,
  0xff, 0x3a, 0xff, 0x5b, 0xff, 0x3a, 0xff, 0x5b, 0xff, 0x5b, 0xff, 0x3b,
  0xff, 0xdf, 0xff, 0xbe, 0xff, 0x7d, 0xff, 0x5c, 0xf7, 0x9d, 0xff, 0x9d,
  0xff, 0x9e, 0xff, 0x7d, 0xf7, 0xbd, 0xde, 0xf9, 0xd6, 0xd8, 0xdf, 0x18,
  0xe7, 0x5a, 0xe6, 0xf8, 0xd6, 0xd9, 0xf7, 0x9c, 0xff, 0xbf, 0xff, 0xbf,
  0xff, 0xbe, 0xff, 0xbe, 0xff, 0xbf, 0xff, 0x9e, 0xff, 0xbe, 0xff, 0x9e,
  0xff, 0xbe, 0xff, 0x7d, 0xf7, 0x9c, 0xef, 0x3a, 0xe7, 0x3b, 0xff, 0x9c,
  0xff, 0xbe, 0xff, 0xbe, 0xff, 0x9e, 0xff, 0xbe, 0xff, 0xbe, 0xff, 0x9d,
  0xf7, 0x9e, 0xff, 0x7d, 0xff, 0x9e, 0xff, 0x9d, 0xff, 0xbe, 0xff, 0x9d,
  0xf7, 0xbe, 0xff, 0x9d, 0xf7, 0x7d, 0xff, 0x5d, 0xf7, 0xbe, 0xef, 0x5c,
  0xd6, 0xb7, 0xe6, 0xf8, 0xff, 0x39, 0xff, 0x39, 0xff, 0x3b, 0xff, 0x7c,
  0xff, 0x5c, 0xcd, 0x95, 0xa4, 0xd2, 0xb5, 0x13, 0xde, 0x78, 0xff, 0x1a,
  0xff, 0x5c, 0xff, 0x9c, 0xff, 0x5b, 0xff, 0x3a, 0xff, 0x5b, 0xff, 0x3a,
  0xff, 0x5b, 0xff, 0x3a, 0xff, 0x5b, 0xff, 0x5a, 0xff, 0x7b, 0xff, 0x5b,
  0xff, 0x9c, 0xff, 0x5b, 0xff, 0x5b, 0xff, 0x1a, 0xce, 0x37, 0xb5, 0x53,
  0x83, 0xcf, 0xcd, 0xf7, 0xf7, 0x1b, 0xff, 0x9c, 0xff, 0x7b, 0xfe, 0xf9,
  0xfe, 0x78, 0xf6, 0x16, 0xf5, 0x55, 0xed, 0x14, 0xed, 0x33, 0xfd, 0x74,
  0xfd, 0xd6, 0xfd, 0x13, 0xed, 0x95, 0xfe, 0x37, 0xfe, 0x78, 0xfe, 0x57,
  0xfe, 0x78, 0xfe, 0x98, 0xfe, 0x98, 0xfe, 0x97, 0xfe, 0x78, 0xfe, 0x57,
  0xfe, 0x16, 0xf5, 0x74, 0xb3, 0x4f, 0xcb, 0xd1, 0xe4, 0xf4, 0xfd, 0x75,
  0xee, 0x57, 0xfe, 0xb8, 0xff, 0x3a, 0xff, 0x5a, 0xff, 0xdd, 0xde, 0x78,
  0x8c, 0x32, 0x7b, 0x8f, 0x7b, 0x50, 0x7b, 0x4f, 0x6b, 0x2f, 0x73, 0x0e,
  0x7b, 0x4f, 0x93, 0xf1, 0x83, 0xf2, 0x5a, 0x4b, 0x3a, 0x09, 0x94, 0x73,
  0xf6, 0xd9, 0xff, 0x5b, 0xff, 0x3a, 0xff, 0x3a, 0xe7, 0x7d, 0xa5, 0x34,
  0x64, 0xb6, 0x75, 0x17, 0x75, 0x38, 0x75, 0x38, 0x74, 0x92, 0xbe, 0x99,
  0xff, 0x7b, 0xff, 0x3a, 0xff, 0x5b, 0xff, 0x5a, 0xef, 0x9d, 0xad, 0x54,
  0x54, 0x53, 0x64, 0x94, 0x5b, 0xd2, 0x6c, 0x13, 0x7c, 0x51, 0xb5, 0xd6,
  0xa4, 0x92, 0x7b, 0x2d, 0x9c, 0x92, 0xff, 0x3c, 0xff, 0x5b, 0xf6, 0xd9,
  0xde, 0x78, 0xde, 0x37, 0xde, 0x78, 0xee, 0xd9, 0xff, 0x9c, 0xff, 0x7c,
  0xdc, 0x95, 0xe4, 0xd6, 0xfe, 0xdd, 0xfe, 0x7b, 0xfe, 0xdc, 0xfe, 0xdc,
  0xfe, 0xbc, 0xfe, 0xbc, 0xfe, 0xdc, 0xff, 0x1d, 0xdd, 0xd9, 0xcd, 0x36,
  0xfe, 0xfd, 0xfe, 0xbc, 0xfe, 0xdc, 0xfe, 0xbc, 0xfe, 0xfc, 0xfe, 0xdc,
  0xfe, 0xfd, 0xfe, 0xfd, 0xff, 0x3e, 0xe6, 0x19, 0xcd, 0xb8, 0xf6, 0xbc,
  0xff, 0x7e, 0xff, 0x3d, 0xff, 0x3d, 0xff, 0x3d, 0xff, 0x3d, 0xff, 0x1c,
  0xff, 0x3e, 0xfe, 0x5b, 0xf6, 0x9b, 0xff, 0x5e, 0xff, 0x3d, 0xff, 0x3d,
  0xff, 0x3e, 0xff, 0x1d, 0xff, 0x5e, 0xff, 0x3d, 0xff, 0x5d, 0xff, 0x7d,
  0xf6, 0xdc, 0xd5, 0xb8, 0xc5, 0x98, 0xa4, 0x53, 0xee, 0xbc, 0xff, 0x5e,
  0xff, 0x3d, 0xff, 0x3d, 0xff, 0x5e, 0xff, 0x5d, 0xfe, 0xdd, 0xe5, 0x56,
  0xee, 0x79, 0xff, 0x3b, 0xff, 0x5b, 0xff, 0x3b, 0xf7, 0x3b, 0xff, 0x3a,
  0xff, 0x5b, 0xff, 0x3b, 0xff, 0x3b, 0xff, 0x3b, 0xf7, 0x3b, 0xff, 0x1a,
  0xff, 0x5b, 0xff, 0x1a, 0xf7, 0x3b, 0xff, 0x5b, 0xff, 0x3b, 0xff, 0x1a,
  0xff, 0x3b, 0xff, 0x3b, 0xff, 0x3b, 0xff, 0x3b, 0xff, 0x5b, 0xff, 0x5b,
  0xff, 0xbd, 0xff, 0xde, 0xff, 0xbd, 0xff, 0xbd, 0xff, 0xbd, 0xff, 0x9d,
  0xff, 0x9c, 0xff, 0xbd, 0xe7, 0x39, 0xd6, 0xd8, 0xe7, 0x59, 0xdf, 0x59,
  0xef, 0x39, 0xe7, 0x39, 0xde, 0xd7, 0xef, 0x7a, 0xff, 0xde, 0xff, 0xdf,
  0xff, 0xde, 0xff, 0xbe, 0xff, 0xbe, 0xff, 0xbe, 0xff, 0xbe, 0xff, 0xbe,
  0xff, 0xbd, 0xff, 0xbd, 0xff, 0x7c, 0xf7, 0x7c, 0xf7, 0x3a, 0xef, 0x3a,
  0xff, 0xbd, 0xff, 0xbe, 0xff, 0xbd, 0xff, 0xbe, 0xff, 0x9d, 0xff, 0x9d,
  0xff, 0x9d, 0xff, 0xde, 0xff, 0x9d, 0xff, 0x9d, 0xff, 0x9d, 0xff, 0xbd,
  0xff, 0x9d, 0xff, 0xbe, 0xff, 0x9d, 0xff, 0x9d, 0xff, 0x7d, 0xff, 0x9e,
  0xef, 0x7a, 0xd6, 0xd8, 0xee, 0xd7, 0xf7, 0x59, 0xff, 0x7b, 0xde, 0x57,
  0xac, 0xd2, 0xb5, 0x75, 0xf6, 0xd8, 0xff, 0x7b, 0xff, 0x7b, 0xff, 0x5b,
  0xff, 0x19, 0xff, 0x3a, 0xff, 0x3a, 0xff, 0x3a, 0xff, 0x1a, 0xff, 0x5b,
  0xff, 0x5b, 0xf7, 0x1a, 0xff, 0x5a, 0xff, 0x5b, 0xff, 0x5b, 0xf7, 0x3b,
  0xff, 0x1a, 0xf7, 0x3a, 0xff, 0x3a, 0xff, 0x3a, 0xff, 0x7b, 0xff, 0x7c,
  0xf7, 0x1a, 0xde, 0x57, 0xb5, 0x13, 0xb5, 0x54, 0xee, 0xd8, 0xff, 0xbd,
  0xff, 0x5b, 0xff, 0x5b, 0xfe, 0xfa, 0xf6, 0xd9, 0xfd, 0xb6, 0xed, 0x34,
  0xec, 0x2f, 0xec, 0x50, 0xfd, 0x33, 0xfd, 0x74, 0xfd, 0x95, 0xfd, 0xd6,
  0xfd, 0xf6, 0xfe, 0x57, 0xfe, 0x97, 0xfe, 0xb8, 0xfe, 0x58, 0xfe, 0x58,
  0xfe, 0x77, 0xfe, 0xb9, 0xd5, 0x33, 0xc4, 0xd2, 0xf4, 0xf2, 0xf5, 0x54,
  0xf4, 0xd2, 0xf5, 0x13, 0xf5, 0x74, 0xed, 0x95, 0xf6, 0x57, 0xfe, 0xfa,
  0xff, 0x7b, 0xd6, 0x57, 0xc5, 0x96, 0xbd, 0x76, 0xb4, 0xf4, 0xb5, 0x15,
  0xac, 0xf4, 0x8b, 0xf0, 0x52, 0x6b, 0x6b, 0x8f, 0xe6, 0x36, 0xff, 0x9c,
  0xff, 0x3a, 0xff, 0x3a, 0xff, 0x1a, 0xff, 0x1a, 0xff, 0x9c, 0xbd, 0xd5,
  0x5c, 0x94, 0x6d, 0x37, 0x7d, 0x58, 0x75, 0x58, 0x6c, 0x51, 0x9d, 0xf8,
  0xff, 0x7b, 0xff, 0x3a, 0xff, 0x39, 0xf7, 0x19, 0xdf, 0x1b, 0x84, 0x71,
  0x64, 0xb5, 0x6d, 0x37, 0x7c, 0xd5, 0x5b, 0xf2, 0x73, 0x4f, 0x8c, 0x53,
  0x7b, 0x4e, 0xb5, 0x35, 0xff, 0x5a, 0xff, 0x7b, 0xff, 0x3a, 0xff, 0x5b,
  0xff, 0x5a, 0xff, 0x5b, 0xff, 0x9c, 0xff, 0x9c, 0xcd, 0xd8, 0x8c, 0x11,
  0xb3, 0x90, 0xfd, 0xfa, 0xfe, 0x9b, 0xfe, 0xbc, 0xfe, 0xdb, 0xfe, 0xfc,
  0xfe, 0xdc, 0xfe, 0xfc, 0xfe, 0xfc, 0xfe, 0xfc, 0xee, 0x5a, 0xd5, 0xd8,
  0xe5, 0xf8, 0xfe, 0xdc, 0xfe, 0xfc, 0xfe, 0xfd, 0xfe, 0xbb, 0xfe, 0xfc,
  0xfe, 0xfc, 0xff, 0x1d, 0xe6, 0x39, 0xd5, 0xf8, 0xff, 0x1c, 0xff, 0x5e,
  0xff, 0x1c, 0xff, 0x5d, 0xff, 0x3c, 0xff, 0x5d, 0xff, 0x3d, 0xff, 0x5e,
  0xff, 0x1d, 0xfe, 0xdc, 0xed, 0xd8, 0xff, 0x1d, 0xff, 0x3c, 0xff, 0x5d,
  0xff, 0x5d, 0xff, 0x5d, 0xff, 0x3d, 0xff, 0x3d, 0xff, 0x3c, 0xff, 0x7d,
  0xf6, 0xbb, 0xd5, 0xf8, 0xcd, 0x56, 0xbc, 0xf5, 0xff, 0x1c, 0xff, 0x3d,
  0xff, 0x3d, 0xff, 0x3d, 0xff, 0x1c, 0xff, 0x3d, 0xfe, 0x18, 0xf5, 0xd8,
  0xff, 0x5b, 0xf7, 0x1a, 0xff, 0x3a, 0xff, 0x7c, 0xff, 0x1a, 0xff, 0x3b,
  0xff, 0x5b, 0xff, 0x5b, 0xff, 0x3a, 0xff, 0x3a, 0xff, 0x3a, 0xff, 0x5b,
  0xff, 0x3a, 0xff, 0x3b, 0xff, 0x3a, 0xff, 0x3a, 0xff, 0x3a, 0xff, 0x5b,
  0xff, 0x3a, 0xff, 0x3b, 0xff, 0x5b, 0xff, 0x5b, 0xff, 0x5b, 0xff, 0x5b,
  0xff, 0xbf, 0xff, 0xbe, 0xff, 0xbf, 0xff, 0x9e, 0xff, 0x9e, 0xff, 0x7d,
  0xf7, 0xdd, 0xe7, 0x3a, 0xce, 0xb8, 0xe7, 0x39, 0xef, 0x3a, 0xf7, 0x3a,
  0xe7, 0x3a, 0xef, 0x39, 0xde, 0xf8, 0xe7, 0x19, 0xff, 0xbf, 0xff, 0xbe,
  0xff, 0xbe, 0xff, 0xbe, 0xff, 0xbe, 0xff, 0x9e, 0xff, 0xbe, 0xff, 0xbe,
  0xff, 0xbf, 0xff, 0x9e, 0xff, 0xbe, 0xff, 0x9d, 0xef, 0x5a, 0xe6, 0xf9,
  0xef, 0x3c, 0xf7, 0x9c, 0xf7, 0x7d, 0xff, 0xbe, 0xff, 0xde, 0xff, 0x9d,
  0xff, 0x9e, 0xff, 0x9d, 0xff, 0xbe, 0xff, 0x9d, 0xff, 0x9e, 0xff, 0x7d,
  0xff, 0x9e, 0xff, 0x9d, 0xff, 0xbe, 0xff, 0x7d, 0xff, 0x9d, 0xff, 0x7d,
  0xff, 0xbe, 0xf7, 0x5c, 0xd6, 0xb8, 0xe7, 0x19, 0xbd, 0x94, 0xac, 0xf1,
  0xde, 0x98, 0xff, 0x9c, 0xff, 0x5b, 0xff, 0x19, 0xf7, 0x3b, 0xff, 0x1a,
  0xff, 0x5b, 0xff, 0x3b, 0xff, 0x3b, 0xff, 0x1a, 0xf7, 0x3a, 0xff, 0x3a,
  0xff, 0x5b, 0xff, 0x1a, 0xf7, 0x3a, 0xff, 0x3a, 0xff, 0x3b, 0xff, 0x3b,
  0xff, 0x3a, 0xff, 0x3a, 0xff, 0x5b, 0xff, 0x3a, 0xf7, 0x3b, 0xff, 0x1b,
  0xff, 0x7b, 0xff, 0x7b, 0xff, 0x7d, 0xde, 0x37, 0x94, 0x71, 0xb5, 0x54,
  0xff, 0x5b, 0xff, 0x5b, 0xff, 0x3a, 0xff, 0x5a, 0xff, 0x3b, 0xfe, 0xd9,
  0xee, 0x37, 0xfe, 0x58, 0xdd, 0x94, 0xdd, 0x53, 0xe5, 0x96, 0xdd, 0x13,
  0xec, 0xd3, 0xf4, 0xd3, 0xf5, 0x94, 0xfd, 0xd4, 0xfe, 0x57, 0xfe, 0x57,
  0xfe, 0x98, 0xfe, 0x98, 0xdd, 0xb6, 0xdd, 0x95, 0xcc, 0xf3, 0xdd, 0x34,
  0xfe, 0x97, 0xfe, 0x77, 0xfd, 0xf5, 0xfd, 0x73, 0xfc, 0xd3, 0xfc, 0x92,
  0xf5, 0x75, 0xfd, 0xd6, 0xf6, 0xb9, 0xee, 0x57, 0xbd, 0x96, 0x9c, 0x51,
  0x63, 0x2f, 0x5a, 0xee, 0xa4, 0xb1, 0xff, 0x5b, 0xff, 0x5c, 0xff, 0x1a,
  0xf7, 0x3c, 0xff, 0x3b, 0xf7, 0x3a, 0xff, 0x5a, 0xff, 0x7c, 0xe6, 0x98,
  0x64, 0xd6, 0x6c, 0xf6, 0x6d, 0x58, 0x6d, 0x17, 0x6c, 0xb4, 0x85, 0x36,
  0xff, 0x5b, 0xff, 0x3a, 0xff, 0x3a, 0xfe, 0xd9, 0xae, 0x39, 0x74, 0x30,
  0x75, 0x59, 0x6c, 0xf7, 0x64, 0xf6, 0x64, 0x94, 0xbd, 0xf7, 0xde, 0x99,
  0xd6, 0x16, 0xff, 0x9c, 0xf7, 0x3b, 0xff, 0x5b, 0xff, 0x5b, 0xff, 0x3b,
  0xf7, 0x5a, 0xff, 0x5a, 0xde, 0xbb, 0xa4, 0xd2, 0x8c, 0x33, 0x8b, 0xf2,
  0xb3, 0xd2, 0xfe, 0x7c, 0xfe, 0xbc, 0xfe, 0xdc, 0xfe, 0xdc, 0xfe, 0xdc,
  0xfe, 0xdc, 0xfe, 0xdc, 0xfe, 0xdc, 0xee, 0x19, 0xee, 0x7b, 0xfe, 0xfd,
  0xf6, 0x9b, 0xe5, 0xf9, 0xee, 0x3a, 0xee, 0x3a, 0xee, 0x7b, 0xff, 0x1d,
  0xfe, 0xfd, 0xe5, 0xf9, 0xe6, 0x5a, 0xff, 0x3e, 0xff, 0x3d, 0xff, 0x3d,
  0xff, 0x3d, 0xff, 0x3d, 0xff, 0x3d, 0xff, 0x3d, 0xff, 0x3d, 0xff, 0x3d,
  0xff, 0x3e, 0xff, 0x5e, 0xf5, 0xfa, 0xfe, 0x3b, 0xff, 0x7e, 0xff, 0x3d,
  0xff, 0x5d, 0xff, 0x3d, 0xff, 0x1d, 0xfe, 0xfd, 0xff, 0x3d, 0xff, 0x5d,
  0xe6, 0xbc, 0xd5, 0xf9, 0xac, 0x74, 0xbc, 0xd5, 0xff, 0x5e, 0xff, 0x3d,
  0xff, 0x3d, 0xff, 0x3d, 0xff, 0x3e, 0xfe, 0xbc, 0xe5, 0xb7, 0xfe, 0xbb,
  0xf7, 0x5b, 0xf7, 0x1a, 0xff, 0x5b, 0xff, 0x3b, 0xff, 0x3b, 0xff, 0x1a,
  0xf7, 0x3b, 0xff, 0x1a, 0xff, 0x5b, 0xff, 0x3b, 0xff, 0x3b, 0xff, 0x3b,
  0xff, 0x5b, 0xff, 0x3b, 0xf7, 0x3b, 0xff, 0x5b, 0xff, 0x5b, 0xff, 0x5b,
  0xff, 0x5b, 0xff, 0x1a, 0xf7, 0x3b, 0xff, 0x3b, 0xff, 0x3b, 0xff, 0x1a,
  0xff, 0xbe, 0xff, 0xde, 0xff, 0xbe, 0xff, 0xbe, 0xff, 0x9d, 0xff, 0xde,
  0xef, 0x5a, 0xd6, 0xd8, 0xef, 0x39, 0xef, 0x7a, 0xf7, 0x5a, 0xef, 0x5a,
  0xf7, 0x5a, 0xef, 0x5a, 0xde, 0xd7, 0xdf, 0x18, 0xff, 0xbd, 0xff, 0xde,
  0xff, 0xbe, 0xff, 0xdf, 0xff, 0x9d, 0xff, 0xbe, 0xff, 0x9d, 0xff, 0xbe,
  0xff, 0xbe, 0xff, 0xbe, 0xff, 0xbd, 0xff, 0x9d, 0xff, 0x9c, 0xef, 0x3a,
  0xe7, 0x39, 0xef, 0x5b, 0xff, 0xbe, 0xff, 0xbe, 0xff, 0xbe, 0xff, 0xbe,
  0xff, 0x9d, 0xff, 0xbe, 0xff, 0xbd, 0xff, 0xbe, 0xff, 0xbd, 0xf7, 0x7d,
  0xff, 0x9d, 0xff, 0xbe, 0xff, 0x9d, 0xff, 0xbe, 0xff, 0xbd, 0xff, 0x9d,
  0xff, 0x7c, 0xff, 0x9c, 0xf7, 0xde, 0xad, 0x95, 0x9c, 0xd1, 0xe7, 0x3a,
  0xff, 0x59, 0xff, 0x39, 0xff, 0x3a, 0xff, 0x5a, 0xff, 0x1a, 0xff, 0x5b,
  0xff, 0x3a, 0xff, 0x5b, 0xff, 0x3a, 0xff, 0x7b, 0xff, 0x5a, 0xff, 0x5b,
  0xff, 0x3a, 0xf7, 0x3a, 0xff, 0x3a, 0xff, 0x3b, 0xff, 0x5b, 0xff, 0x5b,
  0xff, 0x5a, 0xff, 0x5b, 0xff, 0x3a, 0xff, 0x3a, 0xff, 0x5a, 0xff, 0x3a,
  0xff, 0x3a, 0xff, 0x5b, 0xff, 0x3a, 0xff, 0x9c, 0xff, 0x3b, 0xad, 0x13,
  0xa4, 0xb1, 0xe6, 0xda, 0xff, 0x5b, 0xff, 0x3b, 0xff, 0x5a, 0xff, 0x5b,
  0xff, 0x7a, 0xf7, 0x19, 0xd6, 0x97, 0xe7, 0x3a, 0xef, 0x3c, 0xde, 0xda,
  0xdd, 0xb5, 0xd5, 0xb5, 0xfd, 0x74, 0xed, 0x12, 0xf4, 0xd2, 0xf4, 0xd3,
  0xfd, 0x53, 0xfd, 0xf6, 0xfe, 0x37, 0xed, 0xd6, 0xdd, 0x95, 0xbc, 0xb2,
  0xb4, 0x50, 0xcd, 0x33, 0xdd, 0x74, 0xe5, 0xf6, 0xf5, 0x55, 0xdc, 0xf4,
  0xbb, 0xd1, 0x9a, 0xee, 0x7a, 0xcc, 0x6a, 0x4a, 0x51, 0xe9, 0x72, 0xee,
  0xac, 0x71, 0xde, 0x59, 0xff, 0x7a, 0xff, 0x9b, 0xff, 0x5a, 0xff, 0x7b,
  0xff, 0x3a, 0xff, 0x5b, 0xff, 0x39, 0xff, 0x3a, 0xff, 0x5a, 0xf7, 0x19,
  0x7d, 0x15, 0x6c, 0xd4, 0x75, 0x37, 0x6d, 0x37, 0x74, 0xb5, 0x6c, 0xb5,
  0xee, 0xd8, 0xff, 0x9b, 0xff, 0x19, 0xee, 0xb8, 0xa5, 0xd7, 0x74, 0xb3,
  0x75, 0x17, 0x6d, 0x37, 0x6c, 0xd5, 0x5c, 0x94, 0xde, 0xb8, 0xef, 0x5b,
  0xee, 0x97, 0xff, 0x5b, 0xff, 0x3a, 0xff, 0x5b, 0xff, 0x3a, 0xff, 0x7b,
  0xf7, 0x3b, 0xce, 0x17, 0x94, 0x32, 0x94, 0x53, 0xb3, 0x71, 0x92, 0x8e,
  0xe5, 0x77, 0xfe, 0xdd, 0xfe, 0xdc, 0xfe, 0xdc, 0xfe, 0xbb, 0xfe, 0xdc,
  0xfe, 0xdc, 0xff, 0x1d, 0xfe, 0xdb, 0xf6, 0xdc, 0xfe, 0xfc, 0xfe, 0xdc,
  0xfe, 0xfc, 0xfe, 0xfd, 0xfe, 0xdc, 0xfe, 0xbc, 0xfe, 0xfc, 0xfe, 0xfd,
  0xe5, 0xf8, 0xf6, 0x9b, 0xff, 0x3d, 0xff, 0x1d, 0xff, 0x1c, 0xff, 0x3d,
  0xff, 0x1c, 0xff, 0x3d, 0xff, 0x3c, 0xff, 0x5d, 0xff, 0x5d, 0xff, 0x5d,
  0xff, 0x3d, 0xff, 0x3d, 0xfe, 0xfd, 0xf6, 0x1a, 0xfe, 0x9b, 0xff, 0x3e,
  0xff, 0x3d, 0xff, 0x3d, 0xff, 0x1c, 0xff, 0x3d, 0xff, 0x3d, 0xff, 0x9e,
  0xd5, 0xf8, 0xc5, 0xb7, 0xac, 0xb4, 0xcd, 0xb8, 0xff, 0x7d, 0xff, 0x3d,
  0xff, 0x3d, 0xff, 0x5d, 0xff, 0x1e, 0xed, 0xd9, 0xed, 0xf7, 0xff, 0x1c,
  0xff, 0x5a, 0xff, 0x7b, 0xff, 0x5b, 0xff, 0x3b, 0xff, 0x3a, 0xff, 0x3b,
  0xff, 0x3a, 0xff, 0x5b, 0xff, 0x5b, 0xff, 0x5b, 0xff, 0x3a, 0xff, 0x5b,
  0xff, 0x3a, 0xff, 0x5b, 0xff, 0x3a, 0xf7, 0x3b, 0xff, 0x5b, 0xff, 0x5b,
  0xff, 0x5b, 0xff, 0x5b, 0xff, 0x3a, 0xff, 0x5b, 0xff, 0x3a, 0xf7, 0x3a,
  0xff, 0xdf, 0xff, 0xbe, 0xff, 0xdf, 0xff, 0x9e, 0xff, 0xde, 0xf7, 0x3b,
  0xde, 0xf8, 0xef, 0x3a, 0xe7, 0x5a, 0xef, 0x5a, 0xef, 0x5a, 0xef, 0x19,
  0xef, 0x5a, 0xef, 0x39, 0xd6, 0xf8, 0xce, 0x96, 0xef, 0x7d, 0xff, 0xde,
  0xff, 0x9e, 0xff, 0xbe, 0xff, 0xbe, 0xff, 0xbe, 0xff, 0xbe, 0xff, 0x9e,
  0xff, 0xbe, 0xff, 0x9d, 0xff, 0xbe, 0xff, 0x7d, 0xf7, 0x9d, 0xff, 0x7c,
  0xe7, 0x3a, 0xef, 0x1a, 0xef, 0x7c, 0xff, 0x9d, 0xff, 0xbe, 0xff, 0x9d,
  0xf7, 0x9e, 0xff, 0x9e, 0xff, 0xbe, 0xff, 0x7d, 0xff, 0xbe, 0xff, 0x9d,
  0xff, 0x9e, 0xff, 0x9d, 0xf7, 0x9e, 0xff, 0x9d, 0xff, 0xbe, 0xff, 0x7d,
  0xf7, 0x7d, 0xff, 0xbe, 0xbd, 0xf8, 0xa5, 0x14, 0xff, 0xbd, 0xef, 0x1a,
  0xe6, 0xb8, 0xee, 0xf8, 0xf7, 0x3a, 0xff, 0x1a, 0xee, 0xfa, 0xff, 0x1a,
  0xf7, 0x5b, 0xff, 0x3a, 0xff, 0x3a, 0xff, 0x3a, 0xff, 0x3b, 0xfe, 0xfa,
  0xff, 0x3b, 0xff, 0x3b, 0xf7, 0x3a, 0xff, 0x3a, 0xf7, 0x3a, 0xff, 0x3a,
  0xf7, 0x3a, 0xff, 0x1a, 0xf7, 0x3a, 0xff, 0x3a, 0xff, 0x7b, 0xff, 0x1a,
  0xf7, 0x3a, 0xff, 0x1a, 0xf7, 0x5b, 0xff, 0x7b, 0xff, 0x5b, 0xff, 0x9c,
  0xd6, 0x79, 0x94, 0x50, 0xce, 0x17, 0xff, 0x7c, 0xff, 0x3a, 0xff, 0x5b,
  0xe7, 0x39, 0xce, 0x56, 0xde, 0xfa, 0xef, 0x5b, 0xde, 0xf9, 0xde, 0xd9,
  0xef, 0x3a, 0xff, 0x9b, 0xff, 0x7c, 0xff, 0x3a, 0xfe, 0x99, 0xed, 0xf6,
  0xed, 0x13, 0xed, 0x13, 0xf5, 0x34, 0xf5, 0x14, 0xbc, 0xd2, 0xcd, 0x13,
  0xc5, 0x34, 0xb4, 0xb1, 0xac, 0x51, 0xac, 0x10, 0x9c, 0x31, 0x93, 0xae,
  0x83, 0x8f, 0x8b, 0xaf, 0x93, 0xf1, 0x93, 0x90, 0xa3, 0x8d, 0xed, 0x75,
  0xfd, 0x74, 0xec, 0xd1, 0xe5, 0x15, 0xf5, 0x76, 0xe5, 0xf7, 0xfe, 0x78,
  0xff, 0x3a, 0xff, 0x7b, 0xf7, 0x3b, 0xf7, 0x1a, 0xf7, 0x19, 0xff, 0x5a,
  0x9d, 0xd8, 0x74, 0x72, 0x75, 0x38, 0x75, 0x17, 0x75, 0x58, 0x5c, 0x74,
  0xce, 0x57, 0xf7, 0x5b, 0xee, 0xd9, 0xff, 0x3a, 0x85, 0x76, 0x74, 0xd4,
  0x6d, 0x58, 0x75, 0x58, 0x6c, 0xf6, 0x6c, 0xd5, 0xf7, 0x5b, 0xe6, 0xb8,
  0xe6, 0x78, 0xff, 0x5c, 0xff, 0x5b, 0xff, 0x3a, 0xff, 0x7c, 0xee, 0xd9,
  0xad, 0x36, 0x94, 0x73, 0xbb, 0x93, 0xab, 0x10, 0xb2, 0x4e, 0xeb, 0xb4,
  0xfe, 0xbc, 0xfe, 0x7b, 0xfe, 0xbc, 0xfe, 0xbc, 0xfe, 0xfc, 0xfe, 0xdc,
  0xfe, 0xfd, 0xfe, 0xdc, 0xfe, 0xfd, 0xfe, 0xdc, 0xfe, 0xfd, 0xfe, 0xdc,
  0xfe, 0xfd, 0xfe, 0xdc, 0xfe, 0xfd, 0xfe, 0xfd, 0xff, 0x1d, 0xe6, 0x19,
  0xee, 0x9b, 0xff, 0x1d, 0xfe, 0xfc, 0xfe, 0xfc, 0xff, 0x3d, 0xff, 0x3d,
  0xff, 0x5d, 0xff, 0x3d, 0xff, 0x1d, 0xfe, 0xfc, 0xff, 0x3e, 0xfe, 0xfd,
  0xff, 0x3e, 0xff, 0x1d, 0xff, 0x3d, 0xfe, 0xdb, 0xe5, 0xb9, 0xfe, 0xdc,
  0xff, 0x5e, 0xff, 0x3d, 0xff, 0x3d, 0xff, 0x3d, 0xff, 0x3d, 0xff, 0x7e,
  0xde, 0x3a, 0xd5, 0xd8, 0xa4, 0x94, 0xe6, 0x5a, 0xff, 0x7e, 0xff, 0x1c,
  0xff, 0x3d, 0xff, 0x3d, 0xfe, 0x9d, 0xe5, 0x57, 0xfe, 0xfb, 0xff, 0x1b,
  0xff, 0x5b, 0xff, 0x7b, 0xff, 0x3b, 0xff, 0x3b, 0xff, 0x5b, 0xff, 0x1a,
  0xf7, 0x3b, 0xff, 0x1a, 0xf7, 0x3b, 0xff, 0x3b, 0xf7, 0x3b, 0xff, 0x3a,
  0xf7, 0x1b, 0xff, 0x5b, 0xf7, 0x3b, 0xf7, 0x1a, 0xf7, 0x3b, 0xff, 0x3a,
  0xff, 0x7c, 0xff, 0x5b, 0xf7, 0x3b, 0xff, 0x3a, 0xf7, 0x1a, 0xff, 0x5b,
  0xff, 0xde, 0xff, 0xdf, 0xff, 0xbd, 0xff, 0xfe, 0xf7, 0x7b, 0xe7, 0x19,
  0xf7, 0x5a, 0xef, 0x5a, 0xf7, 0x5a, 0xef, 0x5a, 0xf7, 0x3a, 0xef, 0x3a,
  0xf7, 0x59, 0xe7, 0x19, 0xdf, 0x17, 0xd6, 0xf6, 0xde, 0xd9, 0xff, 0xfe,
  0xff, 0xbe, 0xff, 0xdf, 0xff, 0x9d, 0xff, 0xbe, 0xff, 0xbe, 0xff, 0xde,
  0xff, 0xbe, 0xff, 0xbe, 0xff, 0xbe, 0xff, 0xdf, 0xff, 0x9d, 0xff, 0x9d,
  0xff, 0x7b, 0xef, 0x5b, 0xe6, 0xf9, 0xf7, 0x9c, 0xff, 0xbe, 0xff, 0x9e,
  0xff, 0x9d, 0xff, 0x9e, 0xff, 0x9d, 0xff, 0xbe, 0xff, 0x9d, 0xff, 0xbd,
  0xff, 0xbd, 0xff, 0xbe, 0xff, 0x9d, 0xff, 0xbe, 0xff, 0x9c, 0xff, 0xbd,
  0xff, 0xbe, 0xe6, 0xfc, 0xa4, 0xf3, 0xff, 0xbe, 0xff, 0x9c, 0xf7, 0x7c,
  0xf7, 0x5b, 0xe6, 0xf9, 0xe6, 0xb7, 0xe6, 0xf8, 0xf6, 0xf8, 0xff, 0x5a,
  0xff, 0x59, 0xff, 0x5a, 0xff, 0x3a, 0xff, 0x5b, 0xff, 0x3a, 0xf7, 0x3a,
  0xff, 0x3a, 0xff, 0x5a, 0xff, 0x19, 0xff, 0x5a, 0xff, 0x3a, 0xff, 0x5b,
  0xff, 0x5a, 0xf7, 0x3a, 0xff, 0x3a, 0xff, 0x5a, 0xff, 0x5a, 0xff, 0x5b,
  0xff, 0x3a, 0xff, 0x5a, 0xff, 0x3a, 0xff, 0x7b, 0xff, 0x5a, 0xff, 0x5b,
  0xff, 0x9b, 0xee, 0xf9, 0xa4, 0x50, 0xd6, 0x17, 0xff, 0xbb, 0xe7, 0x19,
  0xd6, 0xd8, 0xdf, 0x5a, 0xf7, 0x5b, 0xde, 0xda, 0xe6, 0xd8, 0xef, 0x5a,
  0xff, 0x3a, 0xff, 0x3a, 0xff, 0x3b, 0xf7, 0x3b, 0xff, 0x3a, 0xff, 0x9b,
  0xff, 0x7b, 0xff, 0x3a, 0xfe, 0x77, 0xee, 0x16, 0xf5, 0x13, 0xe4, 0x92,
  0xdc, 0x31, 0xd4, 0x52, 0xdd, 0x13, 0xd5, 0x33, 0xdd, 0x95, 0xd5, 0x74,
  0xd5, 0x32, 0xd5, 0x53, 0xd5, 0x73, 0xdd, 0xd5, 0xfe, 0x56, 0xfe, 0x77,
  0xfd, 0xd4, 0xfd, 0xb4, 0xfd, 0x13, 0xec, 0x72, 0xe3, 0xcf, 0xdb, 0xf0,
  0xdd, 0x13, 0xfe, 0x17, 0xfe, 0xda, 0xff, 0x3b, 0xff, 0x5a, 0xff, 0x7b,
  0xae, 0x59, 0x74, 0x92, 0x75, 0x37, 0x6d, 0x37, 0x75, 0x36, 0x5c, 0xd5,
  0xad, 0x32, 0xde, 0xd9, 0xff, 0x7a, 0xee, 0xd8, 0x6c, 0xb3, 0x6c, 0xf5,
  0x6c, 0xf6, 0x6d, 0x17, 0x6c, 0x73, 0x85, 0x57, 0xff, 0x5a, 0xee, 0xd8,
  0xee, 0xb8, 0xff, 0x3a, 0xff, 0x7a, 0xff, 0x9b, 0xd6, 0x39, 0xad, 0x35,
  0xac, 0x13, 0x93, 0x71, 0xd2, 0x90, 0xca, 0x70, 0xcb, 0xf2, 0xfe, 0x1b,
  0xfe, 0x9b, 0xfe, 0x9b, 0xfe, 0x9b, 0xfe, 0xbc, 0xfe, 0xdb, 0xfe, 0xfc,
  0xfe, 0xdc, 0xfe, 0xdc, 0xfe, 0xdb, 0xfe, 0xdc, 0xfe, 0xdb, 0xfe, 0xdc,
  0xfe, 0xdc, 0xff, 0x1d, 0xfe, 0xfc, 0xff, 0x1d, 0xf6, 0x7a, 0xee, 0x5a,
  0xfe, 0xfc, 0xfe, 0xfc, 0xff, 0x1c, 0xff, 0x3d, 0xff, 0x3d, 0xff, 0x5e,
  0xff, 0x3c, 0xff, 0x5d, 0xff, 0x1c, 0xff, 0x3d, 0xff, 0x5d, 0xff, 0x3d,
  0xff, 0x3d, 0xff, 0x5e, 0xff, 0x9e, 0xff, 0x9e, 0xff, 0x1d, 0xff, 0x3d,
  0xff, 0x3d, 0xff, 0x3d, 0xfe, 0xfc, 0xff, 0x1d, 0xff, 0x1c, 0xff, 0x5d,
  0xee, 0x9b, 0xcd, 0xb8, 0xb4, 0xb3, 0xf6, 0xfc, 0xff, 0x5d, 0xff, 0x5d,
  0xff, 0x3d, 0xff, 0x5e, 0xfd, 0xd9, 0xf5, 0xb9, 0xff, 0x7b, 0xff, 0x3b,
  0xff, 0x3a, 0xff, 0x5b, 0xff, 0x3a, 0xff, 0x3b, 0xff, 0x3a, 0xf7, 0x1a,
  0xff, 0x1a, 0xff, 0x5b, 0xff, 0x3a, 0xff, 0x5b, 0xff, 0x1a, 0xf7, 0x3a,
  0xff, 0x3a, 0xff, 0x5b, 0xff, 0x5b, 0xff, 0x3b, 0xff, 0x5b, 0xff, 0x3b,
  0xff, 0x3a, 0xff, 0x7b, 0xff, 0x7b, 0xff, 0x5b, 0xff, 0x5a, 0xff, 0x7b,
  0xff, 0xdf, 0xff, 0xde, 0xff, 0xde, 0xef, 0x3b, 0xe7, 0x3b, 0xf7, 0x7b,
  0xef, 0x7b, 0xf7, 0x5a, 0xef, 0x5a, 0xf7, 0x3a, 0xef, 0x5b, 0xef, 0x3a,
  0xef, 0x7a, 0xe6, 0xd7, 0xd7, 0x17, 0xd6, 0xd6, 0xce, 0x98, 0xf7, 0xbc,
  0xff, 0xdf, 0xff, 0x9e, 0xff, 0xbf, 0xff, 0xbe, 0xff, 0xbe, 0xff, 0xbe,
  0xff, 0xdf, 0xff, 0xbe, 0xff, 0xbf, 0xff, 0xbe, 0xff, 0xbe, 0xff, 0x7d,
  0xff, 0xbd, 0xf7, 0x5b, 0xef, 0x5b, 0xef, 0x1a, 0xef, 0x5c, 0xff, 0xbd,
  0xf7, 0x9e, 0xff, 0x9e, 0xff, 0x9e, 0xff, 0x9e, 0xff, 0x9e, 0xff, 0x7d,
  0xff, 0x9e, 0xff, 0x9d, 0xf7, 0x9d, 0xff, 0x7d, 0xff, 0xbe, 0xff, 0x9d,
  0xff, 0xdf, 0xad, 0x14, 0xd6, 0x7a, 0xff, 0xbe, 0xf7, 0x7d, 0xff, 0x7d,
  0xf7, 0xbd, 0xf7, 0x9d, 0xef, 0x7b, 0xde, 0xb8, 0xd6, 0x97, 0xef, 0x19,
  0xf7, 0x19, 0xff, 0x19, 0xf7, 0x3a, 0xff, 0x3a, 0xff, 0x7b, 0xff, 0x3a,
  0xff, 0x3a, 0xff, 0x1a, 0xff, 0x3b, 0xff, 0x5b, 0xff, 0x5b, 0xff, 0x3b,
  0xff, 0x5b, 0xff, 0x3b, 0xff, 0x3b, 0xff, 0x1a, 0xff, 0x3b, 0xff, 0x3b,
  0xf7, 0x3b, 0xff, 0x3b, 0xf7, 0x5a, 0xf7, 0x19, 0xff, 0x3b, 0xff, 0x5b,
  0xff, 0x3b, 0xff, 0x7b, 0xf7, 0x5a, 0xa4, 0x8f, 0xb5, 0xf6, 0xe7, 0x1b,
  0xef, 0x5b, 0xef, 0x3b, 0xde, 0xd9, 0xef, 0x19, 0xff, 0x3a, 0xff, 0x3a,
  0xff, 0x3b, 0xff, 0x3a, 0xff, 0x5b, 0xff, 0x5a, 0xf7, 0x5b, 0xff, 0x3a,
  0xff, 0x5b, 0xff, 0x5b, 0xff, 0x7b, 0xff, 0x5b, 0xff, 0x3b, 0xfe, 0xd9,
  0xf6, 0x37, 0xed, 0xd6, 0xed, 0x54, 0xe4, 0xf2, 0xec, 0xf2, 0xf5, 0x33,
  0xf6, 0x16, 0xfe, 0x57, 0xfe, 0x97, 0xfe, 0xb8, 0xfe, 0x98, 0xfe, 0x36,
  0xfe, 0x58, 0xfe, 0x57, 0xfe, 0x56, 0xfe, 0x15, 0xfd, 0x34, 0xf4, 0xd2,
  0xfc, 0xf3, 0xec, 0x50, 0xdc, 0x91, 0xec, 0xd2, 0xed, 0xb5, 0xfe, 0x58,
  0xbe, 0x99, 0x7c, 0x70, 0x64, 0xf6, 0x6d, 0x16, 0x75, 0x58, 0x64, 0xb5,
  0x84, 0x51, 0xef, 0x5c, 0xff, 0x9b, 0xce, 0x15, 0x5c, 0x94, 0x75, 0x16,
  0x6d, 0x18, 0x74, 0xf7, 0x6c, 0x52, 0xae, 0x19, 0xff, 0x7b, 0xf6, 0xf8,
  0xde, 0x78, 0xff, 0x9c, 0xe6, 0xda, 0xbd, 0x95, 0xb5, 0x17, 0x8b, 0xb1,
  0xba, 0xb0, 0xca, 0xf1, 0xca, 0xd1, 0xd2, 0xb0, 0xf5, 0xd9, 0xfe, 0x7c,
  0xfe, 0x9c, 0xfe, 0x9b, 0xfe, 0xbc, 0xfe, 0xbc, 0xfe, 0xdc, 0xfe, 0xbb,
  0xfe, 0xdd, 0xfe, 0xdc, 0xfe, 0xdc, 0xfe, 0xfc, 0xfe, 0xfd, 0xfe, 0xdc,
  0xfe, 0xdc, 0xfe, 0xfc, 0xff, 0x1d, 0xee, 0x3a, 0xf6, 0xbc, 0xf6, 0x7b,
  0xff, 0x1d, 0xff, 0x1d, 0xff, 0x3d, 0xff, 0x1d, 0xfe, 0xfd, 0xff, 0x1d,
  0xff, 0x3d, 0xff, 0x1d, 0xff, 0x5d, 0xff, 0x3d, 0xff, 0x7e, 0xff, 0x5d,
  0xff, 0x1e, 0xfe, 0x9b, 0xf5, 0xfa, 0xfe, 0x5c, 0xff, 0x3e, 0xff, 0x5e,
  0xff, 0x7e, 0xff, 0x5d, 0xff, 0x1d, 0xff, 0x1d, 0xff, 0x1d, 0xff, 0x3d,
  0xde, 0x3a, 0xbc, 0xf5, 0xb4, 0xf5, 0xff, 0x3d, 0xff, 0x5d, 0xff, 0x3d,
  0xff, 0x3e, 0xff, 0x1d, 0xe5, 0x57, 0xfe, 0x1a, 0xff, 0x7b, 0xff, 0x5a,
  0xf7, 0x3b, 0xff, 0x3b, 0xff, 0x5b, 0xff, 0x3a, 0xff, 0x3b, 0xff, 0x1a,
  0xff, 0x5b, 0xff, 0x3b, 0xff, 0x5b, 0xff, 0x5b, 0xff, 0x5b, 0xff, 0x3a,
  0xf7, 0x3b, 0xff, 0x3b, 0xff, 0x5b, 0xff, 0x1a, 0xff, 0x3b, 0xff, 0x3b,
  0xf7, 0x3a, 0xff, 0x3a, 0xff, 0x7b, 0xff, 0x5b, 0xff, 0x5b, 0xff, 0x3a,
  0xff, 0xde, 0xff, 0xbe, 0xf7, 0x5b, 0xef, 0x3b, 0xff, 0x7b, 0xf7, 0x9c,
  0xff, 0x5a, 0xf7, 0x7b, 0xff, 0x5a, 0xf7, 0x5a, 0xf7, 0x5a, 0xf7, 0x5b,
  0xef, 0x38, 0xe7, 0x18, 0xe7, 0x17, 0xd6, 0xd6, 0xde, 0xf8, 0xe7, 0x5a,
  0xff, 0xde, 0xff, 0xbe, 0xff, 0xbe, 0xff, 0xde, 0xff, 0x9d, 0xff, 0xde,
  0xff, 0xbe, 0xff, 0xbe, 0xff, 0x9d, 0xff, 0x9e, 0xff, 0xbe, 0xff, 0xde,
  0xff, 0x9d, 0xff, 0xbd, 0xf7, 0x7b, 0xf7, 0x7c, 0xef, 0x1a, 0xef, 0x5b,
  0xff, 0xbd, 0xff, 0xbd, 0xff, 0x9d, 0xff, 0xbe, 0xff, 0x9d, 0xff, 0x9d,
  0xff, 0x9d, 0xff, 0x9e, 0xff, 0x7c, 0xff, 0x9d, 0xff, 0xbd, 0xff, 0xfe,
  0xd6, 0x59, 0x7b, 0xcf, 0xff, 0xbe, 0xf7, 0x9d, 0xff, 0x9d, 0xff, 0xbd,
  0xff, 0x7d, 0xf7, 0x9d, 0xff, 0xbd, 0xf7, 0xbd, 0xef, 0x5b, 0xe7, 0x3b,
  0xde, 0xd8, 0xde, 0xf8, 0xee, 0xf8, 0xf7, 0x39, 0xff, 0x19, 0xff, 0x5a,
  0xff, 0x5a, 0xff, 0x3a, 0xff, 0x3a, 0xff, 0x3a, 0xff, 0x3a, 0xff, 0x5b,
  0xff, 0x5a, 0xff, 0x3a, 0xff, 0x5a, 0xff, 0x5b, 0xff, 0x3a, 0xff, 0x3a,
  0xff, 0x3a, 0xff, 0x5b, 0xff, 0x3b, 0xff, 0x5c, 0xff, 0x59, 0xff, 0x5a,
  0xff, 0x39, 0xef, 0x19, 0xde, 0xf8, 0xce, 0xb8, 0x94, 0x71, 0xd6, 0xba,
  0xff, 0x9c, 0xde, 0xd9, 0xe6, 0x97, 0xff, 0x7b, 0xff, 0x3a, 0xff, 0x3b,
  0xff, 0x3a, 0xff, 0x5b, 0xff, 0x5a, 0xff, 0x5a, 0xff, 0x3a, 0xff, 0x5a,
  0xff, 0x5a, 0xff, 0x5b, 0xff, 0x1a, 0xff, 0x3b, 0xff, 0x3a, 0xff, 0x7b,
  0xff, 0x5a, 0xff, 0x5a, 0xff, 0x19, 0xf6, 0xd9, 0xfe, 0x17, 0xed, 0x95,
  0xf4, 0xd2, 0xf4, 0xf2, 0xf4, 0xd2, 0xf5, 0x13, 0xfd, 0x75, 0xfd, 0xb6,
  0xfe, 0x16, 0xfe, 0x37, 0xfe, 0x37, 0xfe, 0x37, 0xf5, 0x94, 0xfd, 0xd5,
  0xfd, 0xf5, 0xfe, 0x16, 0xfd, 0x74, 0xf5, 0x12, 0xf4, 0x51, 0xec, 0x72,
  0xc4, 0xf4, 0x8b, 0x4d, 0x5b, 0xf4, 0x5c, 0x55, 0x6c, 0xb5, 0x5c, 0x95,
  0x8c, 0x71, 0xdf, 0x1c, 0xff, 0xbc, 0xb5, 0x94, 0x64, 0xb5, 0x75, 0x57,
  0x75, 0x37, 0x6d, 0x37, 0x7c, 0x91, 0xbe, 0xba, 0xff, 0x5a, 0xff, 0x3a,
  0xde, 0x79, 0xd6, 0x79, 0xa5, 0x15, 0x94, 0xd4, 0x92, 0x6d, 0xa3, 0x10,
  0xe2, 0xf1, 0xd2, 0xd0, 0xc2, 0x6e, 0xfc, 0x56, 0xfe, 0x7b, 0xfe, 0x9c,
  0xfe, 0x9b, 0xfe, 0x9b, 0xfe, 0x9b, 0xfe, 0xbc, 0xfe, 0xbb, 0xfe, 0xfc,
  0xfe, 0xfc, 0xfe, 0xfd, 0xfe, 0xdc, 0xfe, 0xfc, 0xfe, 0xdc, 0xfe, 0xfc,
  0xfe, 0xfc, 0xff, 0x3d, 0xfe, 0xdb, 0xfe, 0xdc, 0xfe, 0xbb, 0xee, 0x7b,
  0xff, 0x3d, 0xff, 0x3d, 0xff, 0x3d, 0xff, 0x3d, 0xff, 0x1c, 0xff, 0x3d,
  0xff, 0x3c, 0xff, 0x3d, 0xff, 0x1c, 0xff, 0x3d, 0xff, 0x1d, 0xff, 0x5e,
  0xfd, 0x76, 0xd4, 0x73, 0xf4, 0xd4, 0xf5, 0x36, 0xfd, 0x77, 0xfd, 0x98,
  0xf6, 0x5a, 0xfe, 0xfd, 0xff, 0x7e, 0xff, 0x5e, 0xff, 0x3c, 0xff, 0x5d,
  0xe6, 0x5a, 0xbd, 0x77, 0xc5, 0x35, 0xff, 0x3d, 0xff, 0x3c, 0xff, 0x3d,
  0xfe, 0xfd, 0xfe, 0xbc, 0xe5, 0x35, 0xfe, 0x9b, 0xff, 0x5a, 0xff, 0x5a,
  0xff, 0x3a, 0xff, 0x5b, 0xff, 0x3a, 0xff, 0x7b, 0xff, 0x5b, 0xff, 0x3b,
  0xff, 0x1a, 0xff, 0x5b, 0xff, 0x3a, 0xff, 0x5b, 0xff, 0x3a, 0xff, 0x5b,
  0xff, 0x3a, 0xff, 0x5b, 0xff, 0x3a, 0xff, 0x3b, 0xff, 0x5b, 0xff, 0x5b,
  0xff, 0x5a, 0xff, 0x5b, 0xff, 0x3a, 0xff, 0x5b, 0xff, 0x5a, 0xff, 0x5a,
  0xef, 0x7d, 0xef, 0x3b, 0xef, 0x5b, 0xf7, 0x5b, 0xf7, 0x7c, 0xff, 0x7c,
  0xf7, 0x7c, 0xff, 0x7b, 0xf7, 0x5b, 0xf7, 0x5b, 0xef, 0x5b, 0xf7, 0x3a,
  0xdf, 0x18, 0xe7, 0x18, 0xde, 0xf8, 0xe7, 0x18, 0xe7, 0x7a, 0xde, 0xf8,
  0xff, 0xbe, 0xff, 0xbe, 0xff, 0xdf, 0xff, 0x9e, 0xff, 0x9e, 0xff, 0xbe,
  0xff, 0xbe, 0xff, 0x9e, 0xff, 0xde, 0xff, 0xbe, 0xff, 0xbe, 0xff, 0x7d,
  0xff, 0xbe, 0xff, 0x7d, 0xff, 0x9d, 0xff, 0x7c, 0xef, 0x5b, 0xef, 0x1a,
  0xf7, 0x5c, 0xff, 0xbd, 0xff, 0x9e, 0xff, 0x9d, 0xff, 0xbe, 0xff, 0x9d,
  0xff, 0xbe, 0xff, 0x9e, 0xf7, 0x9d, 0xff, 0x7d, 0xf7, 0x9d, 0xff, 0xfe,
  0xbd, 0xd8, 0xa4, 0xd4, 0xff, 0xff, 0xff, 0x7d, 0xff, 0x9d, 0xff, 0x9d,
  0xf7, 0x7d, 0xff, 0x7d, 0xf7, 0x9d, 0xff, 0x7d, 0xff, 0x9e, 0xff, 0x7d,
  0xf7, 0x7d, 0xee, 0xfb, 0xdf, 0x3a, 0xd6, 0xd8, 0xd6, 0xd8, 0xde, 0xd8,
  0xe7, 0x19, 0xef, 0x19, 0xef, 0x19, 0xf7, 0x19, 0xff, 0x5a, 0xff, 0x39,
  0xff, 0x3a, 0xff, 0x3a, 0xff, 0x5b, 0xff, 0x3a, 0xf7, 0x3a, 0xff, 0x39,
  0xff, 0x3a, 0xff, 0x3a, 0xf7, 0x19, 0xff, 0x19, 0xe7, 0x19, 0xe6, 0xf8,
  0xe7, 0x19, 0xe6, 0xf9, 0xdf, 0x1b, 0xff, 0xbe, 0xd6, 0x7a, 0x9c, 0x92,
  0xef, 0x9d, 0xde, 0xda, 0xef, 0x19, 0xff, 0x5a, 0xff, 0x5b, 0xff, 0x5b,
  0xf7, 0x1a, 0xff, 0x3a, 0xff, 0x5b, 0xff, 0x3b, 0xff, 0x5b, 0xff, 0x5b,
  0xf7, 0x3b, 0xff, 0x1a, 0xff, 0x3b, 0xff, 0x1a, 0xff, 0x5b, 0xff, 0x3a,
  0xf7, 0x3b, 0xff, 0x3a, 0xff, 0x3a, 0xff, 0x3a, 0xff, 0x5b, 0xff, 0x1a,
  0xfe, 0xda, 0xf6, 0x98, 0xf5, 0xd7, 0xed, 0x54, 0xed, 0x14, 0xf4, 0xf3,
  0xec, 0xb2, 0xfd, 0x34, 0xfd, 0xd4, 0xfd, 0x73, 0xf5, 0x73, 0xfd, 0xd4,
  0xfe, 0x37, 0xfe, 0x16, 0xfe, 0x37, 0xfe, 0x36, 0xfd, 0xf7, 0xfd, 0x95,
  0xfd, 0x33, 0xf4, 0xd2, 0xb4, 0x92, 0x9b, 0xaf, 0x5b, 0x51, 0x6b, 0x91,
  0x6b, 0x4d, 0xbd, 0xb7, 0xe7, 0x1b, 0x94, 0x91, 0x64, 0xd6, 0x6d, 0x17,
  0x6d, 0x17, 0x6c, 0xd5, 0x8c, 0xf2, 0xdf, 0x1a, 0xff, 0x9d, 0xff, 0x7c,
  0xb5, 0xb8, 0x9c, 0xd4, 0xbd, 0x38, 0x72, 0x8d, 0xca, 0xd1, 0xd2, 0xf1,
  0xca, 0xf1, 0xd2, 0xd0, 0xdc, 0x34, 0xfd, 0xfb, 0xfe, 0x9c, 0xfe, 0x7b,
  0xfe, 0xbc, 0xfe, 0xbc, 0xfe, 0x9c, 0xfe, 0xbc, 0xfe, 0xbc, 0xfe, 0xdc,
  0xfe, 0xdd, 0xfe, 0xbc, 0xfe, 0xdc, 0xfe, 0xdc, 0xfe, 0xfd, 0xfe, 0xfc,
  0xff, 0x1d, 0xfe, 0xfc, 0xe6, 0x3a, 0xff, 0x1d, 0xf6, 0xbc, 0xf6, 0x9b,
  0xff, 0x3e, 0xff, 0x1d, 0xff, 0x3d, 0xff, 0x1c, 0xff, 0x3e, 0xff, 0x3d,
  0xff, 0x3d, 0xff, 0x3c, 0xff, 0x3d, 0xff, 0x1d, 0xfe, 0xfe, 0xfe, 0x1a,
  0xd4, 0xd3, 0xfe, 0x59, 0xf7, 0x9c, 0xf7, 0x7b, 0xfe, 0xbb, 0xfe, 0x59,
  0xed, 0x57, 0xf5, 0x77, 0xed, 0x98, 0xfd, 0xf9, 0xfe, 0x9c, 0xfe, 0xfd,
  0xe6, 0x5b, 0xac, 0x74, 0xc5, 0x77, 0xff, 0x5e, 0xff, 0x5d, 0xff, 0x5d,
  0xfe, 0xfe, 0xe5, 0x17, 0xdd, 0x35, 0xfe, 0xdb, 0xff, 0x5b, 0xff, 0x3a,
  0xff, 0x3b, 0xff, 0x3b, 0xf7, 0x3b, 0xff, 0x3b, 0xff, 0x5b, 0xff, 0x1a,
  0xf7, 0x3b, 0xff, 0x5b, 0xff, 0x5b, 0xff, 0x3a, 0xff, 0x3b, 0xff, 0x3b,
  0xff, 0x5b, 0xff, 0x1a, 0xf7, 0x3b, 0xff, 0x1a, 0xff, 0x5b, 0xff, 0x3a,
  0xff, 0x5b, 0xff, 0x5b, 0xff, 0x5b, 0xff, 0x5b, 0xff, 0x5b, 0xff, 0x3a,
  0xf7, 0x5b, 0xf7, 0x9d, 0xff, 0x9c, 0xf7, 0x9c, 0xff, 0x7b, 0xff, 0x9c,
  0xff, 0x5b, 0xf7, 0x7b, 0xff, 0x7b, 0xf7, 0x5b, 0xf7, 0x7a, 0xef, 0x5a,
  0xe7, 0x18, 0xe7, 0x18, 0xe6, 0xf8, 0xef, 0x5a, 0xf7, 0x7a, 0xdf, 0x18,
  0xef, 0x5b, 0xff, 0xfe, 0xff, 0xbe, 0xff, 0xbe, 0xff, 0x9d, 0xff, 0xde,
  0xff, 0xbe, 0xff, 0xde, 0xff, 0xde, 0xff, 0xbe, 0xff, 0xbd, 0xff, 0x9d,
  0xff, 0x9d, 0xff, 0xbe, 0xff, 0xbd, 0xff, 0xbe, 0xff, 0x7b, 0xef, 0x5b,
  0xef, 0x3a, 0xef, 0x3a, 0xff, 0x9d, 0xff, 0xbe, 0xff, 0xbd, 0xff, 0xbe,
  0xff, 0xbe, 0xff, 0xbe, 0xff, 0x9d, 0xff, 0x9d, 0xff, 0x7c, 0xff, 0xde,
  0xc5, 0xf7, 0xc6, 0x39, 0xff, 0xde, 0xff, 0x9e, 0xff, 0x9d, 0xff, 0x9d,
  0xff, 0x7c, 0xf7, 0x9d, 0xff, 0x7d, 0xff, 0x9d, 0xff, 0x7c, 0xf7, 0x9d,
  0xff, 0x9d, 0xff, 0x9d, 0xff, 0x7d, 0xf7, 0x7d, 0xef, 0x7b, 0xe7, 0x3b,
  0xdf, 0x19, 0xde, 0xf9, 0xe6, 0xd8, 0xde, 0xf9, 0xe6, 0xd8, 0xe7, 0x19,
  0xe6, 0xb7, 0xde, 0xd8, 0xee, 0xf8, 0xe6, 0xf9, 0xee, 0xf8, 0xde, 0xd8,
  0xe6, 0xb7, 0xe6, 0xd8, 0xde, 0xd7, 0xde, 0xf8, 0xe6, 0xf9, 0xe7, 0x5b,
  0xf7, 0x5c, 0xf7, 0x5c, 0xff, 0x5b, 0xf7, 0x5c, 0xff, 0xbf, 0xad, 0x14,
  0xb5, 0x74, 0xe7, 0x3b, 0xf7, 0x18, 0xff, 0x7a, 0xff, 0x3a, 0xff, 0x5b,
  0xff, 0x3a, 0xff, 0x5b, 0xff, 0x3a, 0xff, 0x3b, 0xff, 0x5a, 0xff, 0x5b,
  0xff, 0x3a, 0xf7, 0x3a, 0xff, 0x19, 0xf7, 0x3a, 0xff, 0x3a, 0xff, 0x5a,
  0xff, 0x5a, 0xff, 0x3a, 0xff, 0x5a, 0xf7, 0x3b, 0xff, 0x5a, 0xff, 0x5b,
  0xff, 0x3a, 0xff, 0x5b, 0xff, 0x3a, 0xff, 0x5a, 0xfe, 0xd9, 0xee, 0x98,
  0xf5, 0xb5, 0xe5, 0x74, 0xf4, 0xb1, 0xec, 0x91, 0xf4, 0x50, 0xfc, 0xf2,
  0xfc, 0xf1, 0xfd, 0x12, 0xfd, 0xb4, 0xfd, 0xf5, 0xfe, 0x36, 0xfe, 0x15,
  0xfe, 0x35, 0xfe, 0x56, 0xfe, 0x14, 0xfd, 0xb3, 0xf5, 0x34, 0xe4, 0xd3,
  0xc4, 0x4f, 0xbc, 0x2f, 0xcd, 0x13, 0x93, 0x8d, 0x53, 0xb2, 0x64, 0x75,
  0x6c, 0xd5, 0x5c, 0x74, 0xad, 0x53, 0xf7, 0xdd, 0xde, 0x79, 0xb5, 0x55,
  0xa5, 0x35, 0xc6, 0x5a, 0x89, 0xec, 0xb3, 0x51, 0xda, 0xd1, 0xd2, 0xd1,
  0xca, 0x8f, 0xd3, 0x11, 0xfe, 0x3a, 0xfe, 0x7c, 0xfe, 0x7b, 0xfe, 0xbc,
  0xfe, 0x7b, 0xfe, 0xbc, 0xfe, 0xbb, 0xfe, 0xbc, 0xfe, 0xbb, 0xfe, 0xdc,
  0xfe, 0xdc, 0xfe, 0xdc, 0xfe, 0xdc, 0xfe, 0xfc, 0xfe, 0xfc, 0xfe, 0xfd,
  0xff, 0x1d, 0xf6, 0x9b, 0xfe, 0x9b, 0xff, 0x3d, 0xfe, 0xfc, 0xfe, 0xfc,
  0xff, 0x1c, 0xff, 0x5d, 0xff, 0x3c, 0xff, 0x3d, 0xff, 0x3d, 0xff, 0x3d,
  0xff, 0x3c, 0xff, 0x3d, 0xff, 0x3d, 0xff, 0x5d, 0xfe, 0xfd, 0xed, 0x78,
  0xed, 0xd6, 0xff, 0x3b, 0xff, 0x3a, 0xff, 0x7b, 0xff, 0x3a, 0xff, 0x7b,
  0xff, 0x5a, 0xff, 0x3a, 0xfe, 0x58, 0xf6, 0x18, 0xf5, 0xb7, 0xf5, 0xd8,
  0xd4, 0xf5, 0x93, 0x2f, 0xc4, 0xd4, 0xfe, 0xbc, 0xfe, 0x7b, 0xfe, 0x7b,
  0xfd, 0x78, 0xd4, 0x33, 0xf6, 0x78, 0xff, 0x3b, 0xff, 0x5a, 0xff, 0x7b,
  0xff, 0x1a, 0xff, 0x5b, 0xff, 0x3a, 0xff, 0x3b, 0xff, 0x3a, 0xff, 0x3b,
  0xff, 0x3a, 0xff, 0x5b, 0xff, 0x3a, 0xff, 0x5b, 0xff, 0x3a, 0xff, 0x5b,
  0xff, 0x3a, 0xff, 0x5b, 0xff, 0x3a, 0xff, 0x3b, 0xff, 0x5a, 0xf7, 0x3a,
  0xff, 0x5a, 0xf7, 0x3a, 0xff, 0x3a, 0xff, 0x5b, 0xff, 0x3a, 0xff, 0x5a,
  0xff, 0xde, 0xff, 0x9d, 0xff, 0x9d, 0xff, 0x7c, 0xf7, 0x7c, 0xff, 0x7c,
  0xf7, 0x9c, 0xff, 0x7b, 0xf7, 0x5b, 0xff, 0x7b, 0xf7, 0x7b, 0xef, 0x19,
  0xef, 0x59, 0xe6, 0xf7, 0xe6, 0xf8, 0xf7, 0x5a, 0xef, 0x7a, 0xf7, 0x5a,
  0xdf, 0x1a, 0xff, 0xbd, 0xff, 0xbe, 0xff, 0xbe, 0xff, 0xbe, 0xff, 0xbe,
  0xff, 0xdf, 0xff, 0xbe, 0xff, 0xbe, 0xff, 0x9e, 0xff, 0xbe, 0xff, 0x9e,
  0xff, 0xbe, 0xff, 0xbe, 0xff, 0xbe, 0xff, 0x9e, 0xff, 0x9d, 0xff, 0x7d,
  0xef, 0x5b, 0xef, 0x3a, 0xde, 0xda, 0xef, 0x5c, 0xff, 0xbe, 0xff, 0x9d,
  0xff, 0x9e, 0xff, 0xbe, 0xff, 0x9e, 0xff, 0x7d, 0xf7, 0x9e, 0xff, 0xdf,
  0x9c, 0xd4, 0xc6, 0x18, 0xff, 0xff, 0xff, 0x9d, 0xf7, 0x9d, 0xff, 0x9d,
  0xff, 0xbe, 0xf7, 0x7d, 0xff, 0x9e, 0xff, 0x9e, 0xff, 0xbe, 0xff, 0x7d,
  0xff, 0xbe, 0xff, 0x9d, 0xf7, 0x7d, 0xff, 0x7d, 0xff, 0x9d, 0xff, 0x9d,
  0xf7, 0x9d, 0xff, 0x9d, 0xef, 0x9d, 0xef, 0x5c, 0xe7, 0x5c, 0xe7, 0x3b,
  0xdf, 0x3b, 0xdf, 0x1a, 0xe7, 0x5b, 0xe7, 0x3a, 0xdf, 0x3b, 0xe7, 0x3b,
  0xe7, 0x5b, 0xe7, 0x5b, 0xef, 0x5c, 0xef, 0x5c, 0xf7, 0x7d, 0xf7, 0x5c,
  0xf7, 0x5d, 0xf7, 0x3c, 0xf7, 0x7c, 0xf7, 0x5c, 0xf7, 0x9e, 0xde, 0xba,
  0x7c, 0x0f, 0xd6, 0x99, 0xf7, 0x3a, 0xff, 0x3a, 0xff, 0x3b, 0xff, 0x1a,
  0xff, 0x3b, 0xff, 0x5b, 0xff, 0x5b, 0xff, 0x3a, 0xff, 0x5b, 0xff, 0x3a,
  0xff, 0x5b, 0xff, 0x3a, 0xff, 0x5b, 0xff, 0x3a, 0xff, 0x5b, 0xff, 0x3a,
  0xf7, 0x3a, 0xff, 0x5b, 0xf7, 0x3b, 0xff, 0x3a, 0xff, 0x5b, 0xff, 0x3a,
  0xf7, 0x3b, 0xff, 0x5b, 0xff, 0x5b, 0xff, 0x1a, 0xf7, 0x5b, 0xf7, 0x1a,
  0xff, 0x5c, 0xff, 0x1a, 0xfe, 0x78, 0xf6, 0x37, 0xfd, 0xf6, 0xed, 0x54,
  0xe4, 0x92, 0xe4, 0x51, 0xec, 0x30, 0xf4, 0x50, 0xf4, 0xd2, 0xfc, 0xf2,
  0xf5, 0xb4, 0xfd, 0xb4, 0xfd, 0xf6, 0xfd, 0xf5, 0xf5, 0xd5, 0xfd, 0xb5,
  0xfd, 0xd6, 0xfd, 0x54, 0xed, 0x14, 0xe4, 0xb2, 0xbc, 0x51, 0xc4, 0x50,
  0xcc, 0x52, 0xcc, 0x10, 0xb5, 0x36, 0xbd, 0x36, 0xb5, 0x97, 0xc5, 0xd8,
  0xde, 0xbd, 0x73, 0x2e, 0xc2, 0xb0, 0xca, 0xf0, 0xd2, 0xd1, 0xd2, 0xd1,
  0xba, 0xf0, 0xfc, 0xb7, 0xfe, 0x9c, 0xfe, 0x7b, 0xfe, 0xbc, 0xfe, 0xbc,
  0xfe, 0xbc, 0xfe, 0xbc, 0xfe, 0xbc, 0xfe, 0x9b, 0xfe, 0xbc, 0xfe, 0xbb,
  0xfe, 0xbc, 0xfe, 0x9b, 0xfe, 0xfc, 0xfe, 0xdc, 0xfe, 0xfd, 0xfe, 0xdc,
  0xff, 0x1d, 0xf6, 0x7b, 0xfe, 0xfd, 0xfe, 0xfc, 0xff, 0x1d, 0xfe, 0xfc,
  0xff, 0x3d, 0xff, 0x3d, 0xff, 0x5d, 0xff, 0x3d, 0xff, 0x3d, 0xff, 0x3d,
  0xff, 0x5d, 0xff, 0x3c, 0xff, 0x1e, 0xff, 0x3e, 0xfe, 0xdc, 0xe5, 0x76,
  0xf6, 0xda, 0xff, 0x1b, 0xf7, 0x3b, 0xff, 0x3a, 0xff, 0x3b, 0xff, 0x3a,
  0xf7, 0x3b, 0xff, 0x3b, 0xff, 0x7b, 0xff, 0x7b, 0xff, 0x3b, 0xfe, 0xf9,
  0xd5, 0xd7, 0x8b, 0x6e, 0xb3, 0xf1, 0xdd, 0x16, 0xe4, 0x95, 0xf4, 0xf6,
  0xdd, 0x56, 0xfe, 0x7a, 0xff, 0x5b, 0xff, 0x3a, 0xff, 0x5b, 0xff, 0x3a,
  0xff, 0x3b, 0xff, 0x3b, 0xff, 0x5b, 0xff, 0x1a, 0xff, 0x3b, 0xf6, 0xfa,
  0xff, 0x5b, 0xff, 0x3b, 0xf7, 0x3b, 0xff, 0x3b, 0xff, 0x5c, 0xff, 0x3b,
  0xff, 0x3b, 0xff, 0x1a, 0xff, 0x5b, 0xff, 0x5b, 0xff, 0x5b, 0xff, 0x3a,
  0xff, 0x5b, 0xff, 0x3a, 0xff, 0x3b, 0xff, 0x1a, 0xff, 0x5b, 0xff, 0x3a,
  0xff, 0x9d, 0xff, 0xbe, 0xff, 0x9c, 0xff, 0x9d, 0xff, 0x9c, 0xff, 0x9c,
  0xff, 0x7b, 0xff, 0x9c, 0xff, 0x7b, 0xff, 0x9c, 0xf7, 0x7a, 0xef, 0x3a,
  0xf7, 0x79, 0xde, 0xf7, 0xef, 0x39, 0xf7, 0x9a, 0xf7, 0x5a, 0xf7, 0x9b,
  0xef, 0x1a, 0xef, 0x7b, 0xff, 0xbd, 0xff, 0xbe, 0xff, 0xbe, 0xff, 0xde,
  0xff, 0xbe, 0xff, 0xbe, 0xff, 0xde, 0xff, 0xde, 0xff, 0xbe, 0xff, 0xbe,
  0xff, 0xbe, 0xff, 0xbe, 0xff, 0xbe, 0xff, 0xbe, 0xff, 0xbe, 0xff, 0xdf,
  0xff, 0x9c, 0xf7, 0x5b, 0xf7, 0x5a, 0xe7, 0x3a, 0xf7, 0x5c, 0xff, 0xbd,
  0xff, 0xbd, 0xff, 0x9d, 0xff, 0x7d, 0xff, 0x7d, 0xff, 0x7c, 0xff, 0xde,
  0x9c, 0xb2, 0xd6, 0x9a, 0xff, 0xde, 0xff, 0x9d, 0xff, 0x9d, 0xff, 0xbd,
  0xff, 0x9d, 0xff, 0x9d, 0xff, 0x9d, 0xff, 0xbd, 0xff, 0x9d, 0xff, 0x9e,
  0xff, 0x9d, 0xf7, 0x7d, 0xf7, 0x5c, 0xff, 0xbd, 0xff, 0x9d, 0xff, 0x9d,
  0xff, 0x7c, 0xff, 0x9d, 0xff, 0x9c, 0xff, 0x9d, 0xff, 0x9d, 0xf7, 0x7d,
  0xff, 0x7c, 0xf7, 0x9d, 0xff, 0x7c, 0xff, 0x9d, 0xff, 0x7c, 0xff, 0xbd,
  0xff, 0x7c, 0xf7, 0x7c, 0xff, 0x5c, 0xf7, 0x7c, 0xf7, 0x5c, 0xf7, 0x7c,
  0xf7, 0x5c, 0xf7, 0x5c, 0xff, 0x5c, 0xf7, 0x7c, 0xf7, 0x5b, 0xf7, 0x9d,
  0x94, 0xb0, 0xc6, 0x37, 0xff, 0x7b, 0xff, 0x3a, 0xff, 0x5a, 0xff, 0x3a,
  0xff, 0x3a, 0xff, 0x3a, 0xff, 0x3a, 0xff, 0x3a, 0xff, 0x3a, 0xff, 0x5b,
  0xff, 0x5a, 0xff, 0x5b, 0xff, 0x5a, 0xff, 0x5a, 0xff, 0x3a, 0xff, 0x3a,
  0xff, 0x3a, 0xff, 0x5b, 0xff, 0x3a, 0xff, 0x5b, 0xff, 0x3a, 0xf7, 0x1a,
  0xff, 0x3a, 0xff, 0x5a, 0xff, 0x3a, 0xff, 0x3a, 0xff, 0x3a, 0xff, 0x3a,
  0xff, 0x5a, 0xff, 0x5b, 0xff, 0x3a, 0xff, 0x5b, 0xff, 0x5a, 0xff, 0x3a,
  0xfe, 0xfa, 0xf6, 0xfa, 0xfe, 0x16, 0xe5, 0xd5, 0xfc, 0xd2, 0xe4, 0x50,
  0xf3, 0xf0, 0xeb, 0xf0, 0xf4, 0xd1, 0xfd, 0x53, 0xfd, 0x53, 0xfd, 0xf6,
  0xfd, 0xd5, 0xf5, 0x94, 0xfd, 0x75, 0xfd, 0xd6, 0xfd, 0xb6, 0xfd, 0x75,
  0xd4, 0x71, 0xab, 0x2d, 0x7b, 0xb0, 0xde, 0xdd, 0xd6, 0x9a, 0xdf, 0x1c,
  0xa3, 0x50, 0x9a, 0xef, 0xe3, 0x11, 0xd2, 0x90, 0xda, 0xd0, 0xca, 0x8f,
  0xdc, 0x54, 0xfe, 0x9d, 0xfe, 0xdb, 0xfe, 0xdc, 0xfe, 0xbb, 0xfe, 0xdc,
  0xfe, 0xbb, 0xfe, 0xbc, 0xfe, 0xbb, 0xfe, 0xdc, 0xfe, 0xbb, 0xfe, 0xdc,
  0xfe, 0xdb, 0xfe, 0xdc, 0xfe, 0xdc, 0xfe, 0xfc, 0xfe, 0xfc, 0xff, 0x1d,
  0xff, 0x1d, 0xf6, 0xbb, 0xfe, 0xfc, 0xff, 0x3d, 0xff, 0x1c, 0xff, 0x3d,
  0xff, 0x1c, 0xff, 0x3d, 0xff, 0x5d, 0xff, 0x5d, 0xff, 0x1c, 0xff, 0x5d,
  0xff, 0x5c, 0xff, 0x3c, 0xff, 0x1d, 0xff, 0x7e, 0xfe, 0x7a, 0xdd, 0x76,
  0xff, 0x3a, 0xff, 0x3a, 0xff, 0x5a, 0xff, 0x7b, 0xff, 0x7b, 0xff, 0x9c,
  0xff, 0x5b, 0xff, 0x3b, 0xff, 0x3a, 0xff, 0x3a, 0xff, 0x3a, 0xff, 0x9b,
  0xf7, 0x3b, 0xad, 0x33, 0xe6, 0x57, 0xff, 0x5b, 0xfe, 0xd9, 0xfe, 0xfa,
  0xf7, 0x5a, 0xf7, 0x7b, 0xff, 0x3a, 0xff, 0x5b, 0xff, 0x1a, 0xf7, 0x1a,
  0xff, 0x3a, 0xff, 0x5b, 0xff, 0x3a, 0xff, 0x3b, 0xff, 0x3a, 0xff, 0x5b,
  0xff, 0x3a, 0xff, 0x5b, 0xff, 0x3a, 0xff, 0x5b, 0xff, 0x5b, 0xff, 0x5b,
  0xff, 0x3a, 0xff, 0x5b, 0xff, 0x3a, 0xff, 0x5b, 0xff, 0x5a, 0xff, 0x7b,
  0xff, 0x5a, 0xff, 0x5b, 0xff, 0x5a, 0xff, 0x3a, 0xff, 0x3a, 0xff, 0x5b,
  0xff, 0xbe, 0xff, 0x9d, 0xff, 0x9d, 0xff, 0x9d, 0xff, 0x9d, 0xf7, 0x5c,
  0xf7, 0x7c, 0xff, 0x7c, 0xf7, 0x7c, 0xf7, 0x5b, 0xef, 0x3b, 0xf7, 0x3a,
  0xf7, 0x7a, 0xef, 0x18, 0xef, 0x7b, 0xf7, 0x7a, 0xef, 0x5a, 0xf7, 0x7b,
  0xf7, 0x7b, 0xef, 0x1a, 0xf7, 0x9d, 0xff, 0xbd, 0xff, 0xdf, 0xff, 0x9e,
  0xff, 0xbe, 0xff, 0x9e, 0xff, 0xbf, 0xff, 0xbe, 0xff, 0xbe, 0xff, 0xbe,
  0xf7, 0x9e, 0xff, 0x9e, 0xff, 0xbe, 0xff, 0x9e, 0xff, 0xbe, 0xff, 0x9e,
  0xff, 0x9f, 0xff, 0x9e, 0xf7, 0x7c, 0xf7, 0x5b, 0xef, 0x7b, 0xf7, 0x7b,
  0xff, 0xdf, 0xff, 0xbe, 0xff, 0xbe, 0xff, 0xde, 0xff, 0xff, 0xe6, 0xda,
  0xa5, 0x14, 0xff, 0xdf, 0xff, 0xde, 0xff, 0x9d, 0xf7, 0x7d, 0xf7, 0x5c,
  0xff, 0x9e, 0xff, 0x7d, 0xf7, 0x7d, 0xff, 0x7d, 0xf7, 0x9d, 0xff, 0x9d,
  0xf7, 0x9e, 0xff, 0x7d, 0xf7, 0x7d, 0xff, 0x9d, 0xff, 0x9e, 0xf7, 0x5c,
  0xf7, 0x7d, 0xff, 0x7d, 0xf7, 0x7d, 0xff, 0x5c, 0xf7, 0x7d, 0xff, 0x5c,
  0xf7, 0x7d, 0xff, 0x7d, 0xf7, 0x5d, 0xf7, 0x3c, 0xf7, 0x5d, 0xff, 0x5c,
  0xf7, 0x7d, 0xf7, 0x3c, 0xf7, 0x5d, 0xf7, 0x3c, 0xf7, 0x5c, 0xf7, 0x5c,
  0xf7, 0x7d, 0xf7, 0x5c, 0xf7, 0x7d, 0xf7, 0x5c, 0xef, 0x5b, 0xef, 0x3b,
  0xad, 0x53, 0xad, 0x53, 0xff, 0x9c, 0xfe, 0xfa, 0xff, 0x5b, 0xff, 0x3a,
  0xf7, 0x3a, 0xff, 0x3a, 0xff, 0x3b, 0xff, 0x1a, 0xff, 0x3b, 0xff, 0x5b,
  0xff, 0x5b, 0xff, 0x3a, 0xff, 0x5b, 0xff, 0x5b, 0xf7, 0x3b, 0xff, 0x3a,
  0xff, 0x7b, 0xff, 0x1a, 0xf7, 0x3b, 0xff, 0x5b, 0xff, 0x5b, 0xff, 0x3a,
  0xff, 0x5b, 0xff, 0x1a, 0xf7, 0x3a, 0xff, 0x5a, 0xff, 0x3b, 0xff, 0x1a,
  0xff, 0x5c, 0xfe, 0xfa, 0xff, 0x3b, 0xff, 0x1a, 0xff, 0x3b, 0xff, 0x1a,
  0xff, 0x3b, 0xff, 0x3b, 0xff, 0x3b, 0xff, 0x3b, 0xff, 0x3b, 0xfe, 0xda,
  0xfe, 0x18, 0xd4, 0x92, 0xc3, 0x4e, 0xcb, 0x6e, 0xc3, 0xee, 0xd4, 0x2f,
  0xed, 0x74, 0xfd, 0xb5, 0xed, 0x95, 0xd4, 0xd2, 0x9c, 0x52, 0x9c, 0x11,
  0x8c, 0x95, 0x9c, 0xd6, 0xde, 0xfe, 0xd6, 0x5b, 0xd6, 0xbc, 0xa4, 0xd4,
  0x99, 0xed, 0xcb, 0x11, 0xca, 0x70, 0xda, 0xb1, 0xca, 0xd0, 0xdb, 0x31,
  0xf6, 0x3a, 0xfe, 0xbc, 0xf6, 0xbc, 0xfe, 0xbb, 0xfe, 0xbc, 0xfe, 0xbc,
  0xfe, 0xbc, 0xfe, 0x9b, 0xfe, 0xbc, 0xfe, 0xbc, 0xfe, 0xdc, 0xfe, 0xdc,
  0xfe, 0xdc, 0xfe, 0xdc, 0xff, 0x1d, 0xfe, 0xfc, 0xfe, 0xfd, 0xfe, 0xfc,
  0xff, 0x1d, 0xee, 0x7a, 0xfe, 0xfd, 0xff, 0x3d, 0xff, 0x3d, 0xff, 0x1d,
  0xff, 0x3d, 0xff, 0x1d, 0xff, 0x3d, 0xff, 0x3d, 0xff, 0x3d, 0xff, 0x3d,
  0xff, 0x3e, 0xff, 0x3d, 0xff, 0x1d, 0xff, 0x3d, 0xf5, 0x97, 0xf5, 0x77,
  0xff, 0x9b, 0xff, 0x7b, 0xf7, 0x3b, 0xe6, 0x78, 0xcd, 0xf7, 0xcd, 0xd6,
  0xd6, 0x17, 0xff, 0x3b, 0xff, 0x5b, 0xf7, 0x19, 0xf7, 0x3a, 0xff, 0x7b,
  0xff, 0x5c, 0xbd, 0x54, 0xce, 0x16, 0xff, 0x9c, 0xff, 0x5a, 0xff, 0x5a,
  0xff, 0x7b, 0xff, 0x3a, 0xff, 0x3b, 0xff, 0x5b, 0xff, 0x5b, 0xff, 0x1a,
  0xff, 0x5b, 0xff, 0x3a, 0xf7, 0x3b, 0xff, 0x3b, 0xff, 0x5b, 0xff, 0x3a,
  0xff, 0x5c, 0xff, 0x1a, 0xf7, 0x3b, 0xff, 0x3a, 0xff, 0x5b, 0xff, 0x3b,
  0xf7, 0x3b, 0xff, 0x3b, 0xf7, 0x3b, 0xff, 0x3a, 0xff, 0x5b, 0xff, 0x3a,
  0xf7, 0x3b, 0xff, 0x1a, 0xff, 0x5b, 0xff, 0x5b, 0xff, 0x5b, 0xff, 0x1a,
  0xff, 0xbd, 0xff, 0xde, 0xff, 0x9d, 0xff, 0xbd, 0xff, 0x9c, 0xff, 0x9d,
  0xff, 0x7b, 0xff, 0x9c, 0xff, 0x7b, 0xf7, 0x7c, 0xf7, 0x3a, 0xef, 0x5a,
  0xef, 0x38, 0xe7, 0x39, 0xf7, 0x7a, 0xf7, 0x7b, 0xff, 0x5b, 0xf7, 0x7b,
  0xff, 0x7b, 0xef, 0x5a, 0xef, 0x3b, 0xff, 0xfd, 0xff, 0x9e, 0xff, 0xdf,
  0xff, 0xbe, 0xff, 0xbe, 0xff, 0xbe, 0xff, 0xde, 0xff, 0xbe, 0xff, 0xbe,
  0xff, 0xbe, 0xff, 0xbe, 0xff, 0x9d, 0xff, 0xbe, 0xff, 0xbd, 0xff, 0x9d,
  0xff, 0x9e, 0xff, 0x9e, 0xff, 0xde, 0xf7, 0x9d, 0xd6, 0x99, 0xb5, 0x96,
  0x8c, 0x52, 0x84, 0x52, 0x8c, 0x31, 0x8c, 0x52, 0x9c, 0xb3, 0x6b, 0x6e,
  0x84, 0x10, 0xd6, 0xdc, 0xef, 0x1c, 0xf7, 0x7e, 0xff, 0xde, 0xff, 0xff,
  0xff, 0xbd, 0xff, 0x9d, 0xff, 0x7c, 0xf7, 0x7c, 0xff, 0x7c, 0xf7, 0x9d,
  0xff, 0x9d, 0xf7, 0x9d, 0xff, 0x9c, 0xff, 0x9d, 0xff, 0x7c, 0xf7, 0x7d,
  0xff, 0x7d, 0xff, 0x9d, 0xff, 0x7c, 0xf7, 0x7d, 0xf7, 0x5c, 0xff, 0x9d,
  0xff, 0x7c, 0xf7, 0x7d, 0xff, 0x7c, 0xf7, 0x7d, 0xff, 0x5c, 0xf7, 0x7c,
  0xff, 0x7c, 0xf7, 0x7d, 0xff, 0x5c, 0xf7, 0x7d, 0xff, 0x5c, 0xf7, 0x7c,
  0xff, 0x3c, 0xff, 0x7c, 0xef, 0x3b, 0xef, 0x5c, 0xe6, 0xd8, 0xde, 0xf9,
  0xde, 0x57, 0x9c, 0x90, 0xff, 0x7b, 0xf7, 0x3b, 0xff, 0x5a, 0xff, 0x7b,
  0xff, 0x3a, 0xff, 0x5b, 0xff, 0x5a, 0xf7, 0x3a, 0xff, 0x1a, 0xff, 0x5b,
  0xff, 0x3a, 0xff, 0x5b, 0xff, 0x5a, 0xff, 0x5b, 0xff, 0x5a, 0xff, 0x5b,
  0xff, 0x5a, 0xf7, 0x3a, 0xff, 0x3a, 0xff, 0x5b, 0xff, 0x3a, 0xff, 0x5b,
  0xff, 0x3a, 0xff, 0x5a, 0xff, 0x3a, 0xff, 0x7b, 0xff, 0x3a, 0xf7, 0x3a,
  0xff, 0x1a, 0xf7, 0x1a, 0xff, 0x3a, 0xf7, 0x3a, 0xff, 0x3a, 0xff, 0x5a,
  0xff, 0x3b, 0xf7, 0x3b, 0xff, 0x1a, 0xff, 0x7c, 0xff, 0x7b, 0xff, 0x7b,
  0xd6, 0x17, 0xb5, 0x95, 0x8c, 0x53, 0x7c, 0x12, 0x83, 0x92, 0x7b, 0x92,
  0x83, 0x0e, 0x93, 0xb1, 0x94, 0x53, 0x94, 0x74, 0xad, 0x38, 0xb5, 0xba,
  0xc5, 0x9a, 0xd6, 0x3d, 0xde, 0xbb, 0xbd, 0xd8, 0xe6, 0x3b, 0x62, 0x2b,
  0xd2, 0xf1, 0xca, 0xb0, 0xd2, 0xd1, 0xd2, 0xf1, 0xc3, 0x71, 0xf4, 0xf7,
  0xfe, 0xfc, 0xfe, 0xdc, 0xfe, 0xbb, 0xfe, 0xdc, 0xfe, 0xdb, 0xfe, 0xbc,
  0xfe, 0xbb, 0xfe, 0xdc, 0xfe, 0xdb, 0xfe, 0xfc, 0xfe, 0xdc, 0xfe, 0xdc,
  0xfe, 0xdb, 0xfe, 0xdc, 0xfe, 0xfc, 0xff, 0x1d, 0xff, 0x1c, 0xff, 0x1d,
  0xff, 0x1c, 0xff, 0x1c, 0xfe, 0xbb, 0xff, 0x3d, 0xff, 0x3c, 0xff, 0x3d,
  0xff, 0x1c, 0xff, 0x3d, 0xff, 0x1c, 0xff, 0x3d, 0xff, 0x3c, 0xff, 0x5d,
  0xff, 0x3d, 0xff, 0x3d, 0xfe, 0xfc, 0xff, 0x5d, 0xfd, 0xf8, 0xf5, 0xf8,
  0xcd, 0xb6, 0xa4, 0x92, 0xb5, 0x14, 0xb5, 0x75, 0xce, 0x18, 0xde, 0x9b,
  0xc5, 0xb6, 0xad, 0x35, 0xff, 0x1a, 0xff, 0x3b, 0xff, 0x1a, 0xff, 0x5b,
  0xff, 0x5b, 0xac, 0xf2, 0xcd, 0x95, 0xff, 0x9d, 0xff, 0x3a, 0xff, 0x5b,
  0xff, 0x3a, 0xff, 0x1a, 0xff, 0x3a, 0xff, 0x5b, 0xff, 0x5a, 0xff, 0x7b,
  0xff, 0x3a, 0xff, 0x3b, 0xff, 0x3a, 0xff, 0x5b, 0xff, 0x3a, 0xf7, 0x3a,
  0xff, 0x3a, 0xf7, 0x1a, 0xff, 0x3a, 0xf7, 0x3a, 0xff, 0x3a, 0xff, 0x5b,
  0xff, 0x3a, 0xff, 0x5b, 0xff, 0x1a, 0xff, 0x5b, 0xff, 0x5a, 0xf7, 0x3a,
  0xff, 0x3a, 0xff, 0x5b, 0xff, 0x5a, 0xff, 0x3a, 0xff, 0x5a, 0xf7, 0x3a,
  0xff, 0xbe, 0xff, 0x9e, 0xff, 0xbe, 0xff, 0xbe, 0xff, 0x9d, 0xff, 0x7d,
  0xff, 0x9d, 0xff, 0x7c, 0xff, 0x9d, 0xff, 0x7c, 0xef, 0x3a, 0xf7, 0x7b,
  0xe7, 0x19, 0xef, 0x19, 0xf7, 0x9c, 0xf7, 0x5b, 0xf7, 0x7c, 0xff, 0x5b,
  0xf7, 0x9c, 0xf7, 0x7b, 0xe7, 0x3b, 0xef, 0x3b, 0xff, 0xbe, 0xff, 0x9e,
  0xff, 0xbf, 0xff, 0xbe, 0xff, 0xbe, 0xff, 0xbe, 0xff, 0xbe, 0xff, 0x9e,
  0xff, 0xbe, 0xff, 0x9e, 0xff, 0x9e, 0xff, 0x9e, 0xff, 0xbe, 0xff, 0x9e,
  0xf7, 0x9d, 0xff, 0xbd, 0xe7, 0x3d, 0x83, 0xf0, 0x52, 0xce, 0x52, 0x8c,
  0x3a, 0x0c, 0x4a, 0x4c, 0x42, 0x2c, 0x41, 0xeb, 0x42, 0x4c, 0x4a, 0x6d,
  0x4a, 0x6d, 0x5a, 0xae, 0x63, 0x2f, 0x7b, 0x90, 0x8c, 0x73, 0xbd, 0xb7,
  0xde, 0xdb, 0xff, 0x9d, 0xff, 0xdf, 0xff, 0xbe, 0xff, 0xbf, 0xf7, 0x7d,
  0xff, 0x9d, 0xff, 0x7d, 0xff, 0xbd, 0xff, 0x7c, 0xf7, 0x7d, 0xff, 0x9d,
  0xf7, 0x7d, 0xff, 0x7d, 0xf7, 0x7d, 0xff, 0x7c, 0xf7, 0x9d, 0xff, 0x7c,
  0xf7, 0x7d, 0xf7, 0x5c, 0xef, 0x5c, 0xf7, 0x5c, 0xf7, 0x5c, 0xf7, 0x5c,
  0xf7, 0x7d, 0xf7, 0x5c, 0xef, 0x5c, 0xf7, 0x7c, 0xf7, 0x7d, 0xf7, 0x5c,
  0xef, 0x3c, 0xf7, 0x3c, 0xef, 0x5b, 0xde, 0xd9, 0xde, 0x97, 0xff, 0x7b,
  0xe6, 0xba, 0xa4, 0x71, 0xff, 0x7c, 0xff, 0x5b, 0xff, 0x3a, 0xff, 0x5a,
  0xff, 0x5b, 0xff, 0x5b, 0xff, 0x5b, 0xff, 0x5b, 0xf7, 0x3a, 0xff, 0x1a,
  0xff, 0x5b, 0xff, 0x3a, 0xff, 0x5b, 0xff, 0x3a, 0xff, 0x5b, 0xff, 0x3a,
  0xff, 0x5b, 0xff, 0x3a, 0xf7, 0x3a, 0xff, 0x3a, 0xf7, 0x3b, 0xff, 0x3a,
  0xf7, 0x3b, 0xff, 0x3a, 0xf7, 0x3b, 0xff, 0x3a, 0xff, 0x3b, 0xff, 0x3b,
  0xff, 0x3b, 0xff, 0x1a, 0xf7, 0x3a, 0xff, 0x3a, 0xff, 0x5b, 0xff, 0x5b,
  0xff, 0x7b, 0xff, 0x7b, 0xf7, 0x3a, 0xee, 0xd8, 0xce, 0x39, 0xb5, 0x35,
  0x9c, 0xb6, 0xb5, 0x58, 0xd6, 0x9c, 0xf7, 0x5f, 0xde, 0xde, 0xe6, 0xde,
  0xc6, 0x1b, 0xb5, 0x99, 0xbd, 0xbb, 0xc5, 0x9b, 0xbd, 0x9b, 0xbd, 0x5a,
  0xbd, 0x99, 0xef, 0x1f, 0xa5, 0x55, 0xef, 0x7d, 0x92, 0xef, 0x92, 0xae,
  0xda, 0xd2, 0xda, 0x91, 0xbb, 0x11, 0xba, 0xaf, 0xab, 0xb1, 0xfe, 0x5b,
  0xff, 0x1d, 0xfe, 0xfc, 0xfe, 0xdc, 0xfe, 0xdc, 0xfe, 0xfc, 0xfe, 0xdc,
  0xfe, 0xfc, 0xfe, 0xdc, 0xfe, 0xbc, 0xfe, 0xdc, 0xfe, 0xfd, 0xfe, 0xdc,
  0xff, 0x1d, 0xfe, 0xfc, 0xfe, 0xfd, 0xfe, 0xfc, 0xff, 0x1d, 0xff, 0x1c,
  0xff, 0x1d, 0xff, 0x1d, 0xff, 0x3d, 0xfe, 0xfc, 0xff, 0x3d, 0xff, 0x3d,
  0xff, 0x3d, 0xff, 0x1d, 0xff, 0x1d, 0xff, 0x1d, 0xff, 0x3d, 0xff, 0x3d,
  0xff, 0x3d, 0xff, 0x1c, 0xff, 0x5d, 0xff, 0x7e, 0xbd, 0x16, 0x62, 0x2b,
  0x7b, 0xf0, 0xce, 0x39, 0xf7, 0xbf, 0xff, 0xff, 0xff, 0xff, 0xff, 0xff,
  0xff, 0xff, 0xc5, 0xf7, 0xd6, 0x17, 0xff, 0x9c, 0xf7, 0x3a, 0xff, 0x1a,
  0xf7, 0x7c, 0xcd, 0xd6, 0xbd, 0x75, 0xff, 0x7c, 0xff, 0x5b, 0xff, 0x3b,
  0xff, 0x5b, 0xff, 0x1a, 0xff, 0x3b, 0xff, 0x3b, 0xf7, 0x3b, 0xff, 0x3a,
  0xff, 0x3b, 0xff, 0x3b, 0xff, 0x3b, 0xff, 0x3b, 0xff, 0x5b, 0xff, 0x3b,
  0xff, 0x3b, 0xff, 0x3a, 0xf7, 0x3b, 0xff, 0x3b, 0xff, 0x5b, 0xff, 0x3b,
  0xff, 0x3b, 0xff, 0x3b, 0xf7, 0x1b, 0xff, 0x3b, 0xff, 0x5b, 0xff, 0x3a,
  0xff, 0x7b, 0xff, 0x1a, 0xff, 0x5b, 0xff, 0x1a, 0xf7, 0x3a, 0xff, 0x1a,
  0xff, 0xbe, 0xff, 0xbe, 0xff, 0xbd, 0xff, 0xde, 0xff, 0x9d, 0xff, 0x9d,
  0xff, 0x9c, 0xff, 0x9d, 0xff, 0x7c, 0xff, 0x9c, 0xf7, 0x3a, 0xff, 0xbc,
  0xe6, 0xf8, 0xef, 0x7a, 0xff, 0x9c, 0xf7, 0x7b, 0xff, 0x7b, 0xff, 0x9c,
  0xff, 0x9b, 0xff, 0xbc, 0xf7, 0x7b, 0xe7, 0x19, 0xff, 0x9d, 0xff, 0xde,
  0xff, 0xbe, 0xff, 0xbe, 0xff, 0xbe, 0xff, 0xbe, 0xff, 0xbe, 0xff, 0xbe,
  0xff, 0xbe, 0xff, 0xbe, 0xff, 0xbe, 0xff, 0xbe, 0xff, 0x9e, 0xff, 0x9e,
  0xff, 0x9d, 0xff, 0xff, 0x9c, 0xb4, 0x31, 0xa8, 0x52, 0x8d, 0x4a, 0x8d,
  0x52, 0x6c, 0x52, 0xad, 0x52, 0x8c, 0x4a, 0x8d, 0x4a, 0x4c, 0x4a, 0x8d,
  0x5a, 0x8c, 0x52, 0xad, 0x52, 0x8c, 0x4a, 0x8c, 0x52, 0x4b, 0x4a, 0x6c,
  0x6b, 0x0e, 0x7b, 0xf1, 0xa4, 0xd4, 0xc6, 0x19, 0xef, 0x1b, 0xff, 0xff,
  0xff, 0xfe, 0xff, 0xbd, 0xff, 0x7d, 0xf7, 0x7d, 0xff, 0x9d, 0xff, 0x9d,
  0xf7, 0x5c, 0xf7, 0x9d, 0xff, 0x9d, 0xf7, 0x7d, 0xff, 0x9c, 0xff, 0x9d,
  0xff, 0x9c, 0xf7, 0x9d, 0xf7, 0x5c, 0xf7, 0x7c, 0xff, 0x5c, 0xf7, 0x7c,
  0xf7, 0x5b, 0xf7, 0x7c, 0xf7, 0x5c, 0xf7, 0x7c, 0xff, 0x5c, 0xf7, 0x5c,
  0xf7, 0x5b, 0xef, 0x5c, 0xde, 0xd8, 0xd6, 0x98, 0xff, 0x39, 0xff, 0x7b,
  0xde, 0x99, 0x8c, 0x0f, 0xff, 0x7b, 0xf7, 0x3b, 0xff, 0x19, 0xff, 0x5a,
  0xff, 0x3a, 0xff, 0x5b, 0xff, 0x5a, 0xff, 0x5a, 0xff, 0x3a, 0xff, 0x5a,
  0xff, 0x3a, 0xff, 0x5b, 0xff, 0x3a, 0xff, 0x5b, 0xff, 0x5b, 0xff, 0x5a,
  0xff, 0x5a, 0xff, 0x5b, 0xff, 0x1a, 0xff, 0x5b, 0xff, 0x5a, 0xff, 0x7b,
  0xff, 0x3a, 0xff, 0x7b, 0xff, 0x5a, 0xff, 0x5a, 0xff, 0x3a, 0xff, 0x5a,
  0xff, 0x5a, 0xff, 0x5b, 0xff, 0x7a, 0xff, 0x9b, 0xff, 0x5b, 0xf7, 0x1a,
  0xe6, 0x9a, 0xcd, 0xf8, 0xb5, 0x17, 0xa4, 0xd6, 0xb5, 0x58, 0xbd, 0xba,
  0xcd, 0xdb, 0xbd, 0x9a, 0xde, 0x5d, 0xd6, 0x7d, 0xe6, 0xbc, 0xde, 0xbd,
  0xde, 0x7c, 0xe6, 0xfe, 0xe6, 0xbd, 0xd6, 0x7c, 0xce, 0x3b, 0xbd, 0xfa,
  0xf7, 0x5e, 0xc5, 0xd8, 0xde, 0x9b, 0xc6, 0x19, 0x91, 0xcc, 0xbb, 0x52,
  0xd2, 0x6f, 0xd2, 0xd1, 0xbb, 0x51, 0xcb, 0xf3, 0xed, 0x77, 0xfe, 0xfd,
  0xfe, 0xfc, 0xff, 0x1c, 0xfe, 0xdc, 0xfe, 0xfd, 0xfe, 0xfc, 0xfe, 0xdc,
  0xfe, 0xdc, 0xfe, 0xfc, 0xfe, 0xfc, 0xfe, 0xfc, 0xfe, 0xfc, 0xff, 0x1d,
  0xfe, 0xfc, 0xff, 0x1d, 0xff, 0x1c, 0xff, 0x3d, 0xff, 0x1c, 0xff, 0x1d,
  0xff, 0x1c, 0xff, 0x3d, 0xff, 0x1c, 0xff, 0x3d, 0xff, 0x3c, 0xff, 0x3d,
  0xff, 0x3c, 0xff, 0x3d, 0xff, 0x3c, 0xff, 0x5d, 0xff, 0x3d, 0xff, 0x3d,
  0xff, 0x5d, 0xff, 0xbe, 0xf6, 0x7b, 0x8b, 0x90, 0x72, 0xed, 0xcd, 0xf9,
  0xff, 0xff, 0xff, 0xff, 0xff, 0xff, 0xff, 0xff, 0xff, 0x9e, 0xf7, 0x5d,
  0xff, 0xbd, 0xf7, 0x5c, 0xd6, 0x36, 0xff, 0x9c, 0xff, 0x3a, 0xff, 0x5a,
  0xff, 0x5b, 0xc5, 0xd5, 0xc5, 0x53, 0xff, 0x5b, 0xff, 0x5a, 0xff, 0x5a,
  0xff, 0x3a, 0xff, 0x7b, 0xff, 0x39, 0xff, 0x5a, 0xff, 0x5b, 0xff, 0x7b,
  0xff, 0x3a, 0xff, 0x7b, 0xff, 0x5b, 0xff, 0x3b, 0xff, 0x3a, 0xff, 0x5b,
  0xff, 0x5b, 0xff, 0x5b, 0xff, 0x5b, 0xff, 0x7b, 0xff, 0x3a, 0xff, 0x5b,
  0xff, 0x3a, 0xff, 0x5b, 0xff, 0x3a, 0xff, 0x5b, 0xff, 0x5a, 0xff, 0x5b,
  0xff, 0x5a, 0xff, 0x3a, 0xff, 0x3a, 0xff, 0x5b, 0xff, 0x3a, 0xff, 0x5b,
  0xff, 0xdf, 0xff, 0xbe, 0xff, 0xbe, 0xff, 0x9e, 0xff, 0xde, 0xff, 0xbd,
  0xff, 0x9d, 0xff, 0x9d, 0xff, 0x9d, 0xff, 0x7c, 0xef, 0x5b, 0xff, 0x9c,
  0xe6, 0xf9, 0xf7, 0x7b, 0xf7, 0x9c, 0xff, 0x7c, 0xf7, 0x7c, 0xff, 0x9d,
  0xf7, 0x7c, 0xff, 0x9c, 0xef, 0x7c, 0xe7, 0x1a, 0xef, 0x5c, 0xf7, 0x9d,
  0xff, 0xdf, 0xff, 0x9e, 0xff, 0xbe, 0xff, 0x9e, 0xff, 0xbf, 0xff, 0x9e,
  0xff, 0xbe, 0xff, 0x9e, 0xff, 0xbe, 0xff, 0x9e, 0xff, 0x9e, 0xff, 0x9d,
  0xff, 0xff, 0xe7, 0x1b, 0x42, 0x4c, 0x39, 0xea, 0x42, 0x6c, 0x42, 0x2b,
  0x3a, 0x2c, 0x42, 0x4c, 0x42, 0x6c, 0x4a, 0x8c, 0x42, 0x6c, 0x4a, 0x6c,
  0x4a, 0x6c, 0x4a, 0x4b, 0x4a, 0x8d, 0x4a, 0x8c, 0x4a, 0x8d, 0x52, 0xad,
  0x5a, 0xce, 0x52, 0x6c, 0x52, 0xad, 0x52, 0x8d, 0x5a, 0xee, 0x8c, 0x12,
  0xbd, 0xd7, 0xef, 0x3d, 0xff, 0xff, 0xff, 0xbe, 0xf7, 0x9d, 0xf7, 0x5c,
  0xf7, 0x9d, 0xf7, 0x5c, 0xf7, 0x9d, 0xff, 0x7c, 0xf7, 0x9d, 0xff, 0x7c,
  0xf7, 0x7d, 0xf7, 0x5c, 0xf7, 0x7d, 0xff, 0x5c, 0xf7, 0x7d, 0xf7, 0x5c,
  0xf7, 0x5c, 0xff, 0x5c, 0xef, 0x5c, 0xf7, 0x5c, 0xf7, 0x7c, 0xf7, 0x3b,
  0xdf, 0x3b, 0xd6, 0xb8, 0xde, 0x97, 0xff, 0x5a, 0xff, 0x3a, 0xff, 0x7b,
  0xce, 0x38, 0xa4, 0xd2, 0xff, 0x9c, 0xff, 0x1a, 0xf7, 0x3b, 0xff, 0x5b,
  0xff, 0x5b, 0xff, 0x3a, 0xff, 0x5b, 0xff, 0x3a, 0xf7, 0x3a, 0xff, 0x3a,
  0xff, 0x5b, 0xff, 0x3a, 0xff, 0x5b, 0xff, 0x5b, 0xff, 0x5b, 0xff, 0x3a,
  0xff, 0x5b, 0xff, 0x3a, 0xff, 0x3a, 0xff, 0x5a, 0xff, 0x5c, 0xff, 0x3b,
  0xff, 0x5b, 0xff, 0x3b, 0xf7, 0x1a, 0xff, 0x19, 0xff, 0x7b, 0xff, 0x7b,
  0xff, 0x9b, 0xf7, 0x3a, 0xe6, 0xda, 0xd6, 0x38, 0xce, 0x39, 0xd6, 0x59,
  0xb5, 0x99, 0xad, 0x17, 0xbd, 0x9b, 0xc5, 0xbb, 0xc5, 0xdc, 0xc5, 0xbb,
  0xbd, 0x9a, 0xce, 0x1c, 0xce, 0x5d, 0xce, 0x1b, 0xc6, 0x1c, 0xb5, 0x59,
  0xb5, 0x7a, 0xbd, 0x7a, 0xc5, 0xdb, 0xc5, 0xdb, 0xe7, 0x3e, 0xff, 0xff,
  0xef, 0x7e, 0xb5, 0x76, 0xff, 0xbf, 0x83, 0x8f, 0xba, 0x6f, 0xca, 0xd1,
  0xca, 0xf1, 0xba, 0x6f, 0xd4, 0x75, 0xe4, 0xf7, 0xf5, 0xf9, 0xfe, 0xfd,
  0xff, 0x1d, 0xff, 0x1c, 0xfe, 0xfc, 0xfe, 0xfc, 0xff, 0x1d, 0xfe, 0xfc,
  0xfe, 0xfd, 0xfe, 0xfc, 0xfe, 0xfd, 0xfe, 0xdc, 0xff, 0x1d, 0xff, 0x1c,
  0xfe, 0xfc, 0xff, 0x1c, 0xff, 0x3d, 0xff, 0x1d, 0xff, 0x3d, 0xff, 0x1d,
  0xff, 0x3d, 0xff, 0x3d, 0xff, 0x3d, 0xff, 0x1d, 0xff, 0x3d, 0xff, 0x3d,
  0xff, 0x3d, 0xff, 0x3d, 0xff, 0x1d, 0xff, 0x1c, 0xff, 0x5d, 0xff, 0x9e,
  0xff, 0x3f, 0xb4, 0xb4, 0x6a, 0x6d, 0xb4, 0x75, 0xff, 0xff, 0xff, 0xff,
  0xff, 0xff, 0xff, 0xff, 0xff, 0xff, 0xff, 0xde, 0xf7, 0x9f, 0xff, 0xdf,
  0xff, 0xff, 0xff, 0xbf, 0xbd, 0xb5, 0xf7, 0x3a, 0xff, 0x3b, 0xff, 0x1a,
  0xff, 0x5c, 0xde, 0x57, 0xcd, 0xf5, 0xff, 0x5a, 0xff, 0x5b, 0xff, 0x3a,
  0xff, 0x5b, 0xff, 0x5b, 0xff, 0x5b, 0xff, 0x5b, 0xff, 0x5b, 0xff, 0x3b,
  0xff, 0x5b, 0xff, 0x5b, 0xf7, 0x3b, 0xf6, 0xfa, 0xff, 0x5b, 0xff, 0x3b,
  0xff, 0x5b, 0xff, 0x3b, 0xf7, 0x5b, 0xff, 0x5b, 0xff, 0x7b, 0xff, 0x5b,
  0xff, 0x5b, 0xff, 0x3a, 0xff, 0x5b, 0xff, 0x5b, 0xff, 0x5b, 0xff, 0x3a,
  0xff, 0x5b, 0xff, 0x3a, 0xff, 0x5b, 0xff, 0x3a, 0xff, 0x5b, 0xff, 0x3a,
  0xff, 0xbe, 0xff, 0xdf, 0xff, 0xbe, 0xff, 0xbe, 0xff, 0xbd, 0xff, 0xbe,
  0xff, 0xbd, 0xff, 0xbd, 0xff, 0xbd, 0xff, 0xbd, 0xf7, 0x5b, 0xff, 0xbc,
  0xee, 0xf8, 0xf7, 0x7b, 0xff, 0x7b, 0xf7, 0x9c, 0xff, 0x7c, 0xff, 0x9d,
  0xff, 0x7c, 0xff, 0x9c, 0xf7, 0x7b, 0xdf, 0x19, 0xff, 0xbd, 0xef, 0x7c,
  0xff, 0x9d, 0xff, 0xbe, 0xff, 0x9d, 0xff, 0x9e, 0xff, 0xbe, 0xff, 0xbe,
  0xff, 0x9d, 0xff, 0xbe, 0xff, 0xbe, 0xff, 0xde, 0xff, 0xbd, 0xff, 0xde,
  0xff, 0xff, 0x8c, 0x51, 0x31, 0x89, 0x3a, 0x4c, 0x39, 0xea, 0x3a, 0x2b,
  0x42, 0x2b, 0x3a, 0x0b, 0x3a, 0x0a, 0x42, 0x4c, 0x42, 0x2b, 0x42, 0x2b,
  0x42, 0x2b, 0x42, 0x6c, 0x42, 0x4b, 0x42, 0x6c, 0x4a, 0x4b, 0x42, 0x4c,
  0x52, 0x6c, 0x52, 0xcd, 0x5a, 0xad, 0x5a, 0xee, 0x52, 0x8d, 0x4a, 0x6d,
  0x5a, 0x8c, 0x6b, 0x2f, 0x94, 0x51, 0xce, 0x5a, 0xff, 0x9d, 0xff, 0xbe,
  0xff, 0x9d, 0xf7, 0x7d, 0xff, 0x7d, 0xf7, 0x5d, 0xff, 0x7c, 0xf7, 0x9d,
  0xf7, 0x5c, 0xf7, 0x7c, 0xff, 0x7c, 0xf7, 0x7c, 0xff, 0x5c, 0xf7, 0x7d,
  0xf7, 0x5c, 0xf7, 0x7d, 0xf7, 0x5b, 0xef, 0x3b, 0xef, 0x3b, 0xe7, 0x1b,
  0xdf, 0x19, 0xce, 0xb7, 0xff, 0x19, 0xff, 0x5a, 0xff, 0x39, 0xff, 0x9c,
  0xc5, 0xb5, 0xbd, 0xb5, 0xff, 0x9b, 0xff, 0x5a, 0xff, 0x5a, 0xff, 0x5a,
  0xff, 0x3a, 0xff, 0x5b, 0xff, 0x3a, 0xff, 0x3a, 0xff, 0x3a, 0xf7, 0x3a,
  0xff, 0x3a, 0xff, 0x5b, 0xff, 0x3a, 0xff, 0x7b, 0xff, 0x3a, 0xff, 0x3a,
  0xff, 0x1a, 0xff, 0x5b, 0xff, 0x3a, 0xff, 0x3a, 0xff, 0x3a, 0xff, 0x5b,
  0xff, 0x5a, 0xff, 0x9b, 0xff, 0x7b, 0xf7, 0x3a, 0xf6, 0xfa, 0xde, 0x58,
  0xbd, 0x56, 0xb5, 0x36, 0xb5, 0x37, 0xce, 0x5c, 0xde, 0x9c, 0xde, 0xdd,
  0xf7, 0x5f, 0xe6, 0xfe, 0xbd, 0x99, 0xbd, 0x9a, 0xcd, 0xfb, 0xbd, 0xba,
  0xc5, 0x9a, 0xbd, 0x9a, 0xc5, 0x9a, 0xbd, 0xbb, 0xbd, 0x7a, 0xbd, 0xbb,
  0xc5, 0x9a, 0xbd, 0xbb, 0xb5, 0x58, 0xc6, 0x1b, 0xff, 0xdf, 0xff, 0xff,
  0xa5, 0x14, 0xde, 0xfc, 0xe6, 0x1a, 0x6a, 0x6c, 0xda, 0xb0, 0xd2, 0xb1,
  0xaa, 0xef, 0xb3, 0x92, 0xfd, 0xfa, 0xdd, 0x37, 0xfe, 0x9b, 0xfe, 0xfd,
  0xff, 0x1c, 0xff, 0x3d, 0xfe, 0xfc, 0xfe, 0xfc, 0xfe, 0xfc, 0xff, 0x3d,
  0xff, 0x1c, 0xff, 0x1d, 0xff, 0x1c, 0xff, 0x1d, 0xff, 0x1c, 0xff, 0x1c,
  0xfe, 0xfc, 0xff, 0x1c, 0xff, 0x1c, 0xff, 0x1d, 0xff, 0x3d, 0xff, 0x3d,
  0xff, 0x3d, 0xff, 0x3d, 0xff, 0x3d, 0xff, 0x3d, 0xff, 0x3d, 0xff, 0x5e,
  0xff, 0x5d, 0xff, 0x7d, 0xff, 0x1c, 0xff, 0x3d, 0xff, 0x3d, 0xc5, 0x76,
  0x8b, 0x0f, 0x72, 0x8d, 0xc5, 0xf9, 0xe6, 0xfe, 0xe6, 0xfd, 0xe6, 0xfd,
  0xef, 0x3d, 0xf7, 0x9f, 0xff, 0xbf, 0xf7, 0x9e, 0xff, 0xff, 0xff, 0xff,
  0xff, 0x9e, 0xff, 0xff, 0xd6, 0x58, 0xd6, 0x59, 0xff, 0x7b, 0xf7, 0x3a,
  0xff, 0x3a, 0xee, 0xf9, 0xcd, 0xd5, 0xee, 0xf9, 0xff, 0x7b, 0xff, 0x3a,
  0xff, 0x1a, 0xff, 0x5b, 0xff, 0x3a, 0xf7, 0x3a, 0xff, 0x3a, 0xff, 0x5b,
  0xff, 0x5b, 0xff, 0x5b, 0xff, 0x3a, 0xf7, 0x3a, 0xff, 0x5b, 0xff, 0x7b,
  0xff, 0x3a, 0xff, 0x3b, 0xff, 0x5a, 0xff, 0x5a, 0xff, 0x3a, 0xff, 0x5b,
  0xff, 0x5a, 0xff, 0x5a, 0xff, 0x5a, 0xff, 0x3a, 0xff, 0x1a, 0xff, 0x3b,
  0xff, 0x3a, 0xff, 0x5b, 0xff, 0x3a, 0xff, 0x3a, 0xff, 0x19, 0xf7, 0x3a,
  0xff, 0xdf, 0xff, 0xbe, 0xff, 0xbf, 0xff, 0xbe, 0xff, 0xbf, 0xff, 0x9e,
  0xff, 0xde, 0xff, 0xbe, 0xff, 0x9d, 0xff, 0x9d, 0xf7, 0x7c, 0xff, 0x9c,
  0xe7, 0x1a, 0xff, 0x7b, 0xf7, 0x9d, 0xff, 0x9c, 0xff, 0x9d, 0xff, 0x9d,
  0xff, 0x9d, 0xff, 0x9d, 0xf7, 0x9d, 0xe6, 0xd9, 0xff, 0xde, 0xff, 0x9d,
  0xef, 0x3c, 0xff, 0xbd, 0xff, 0xbe, 0xff, 0xbe, 0xff, 0xbe, 0xff, 0x9e,
  0xff, 0xbe, 0xff, 0xbe, 0xff, 0xbe, 0xff, 0xbe, 0xff, 0xbe, 0xff, 0xdf,
  0xd6, 0xdc, 0x39, 0xe9, 0x32, 0x0c, 0x3a, 0x2c, 0x32, 0x0b, 0x3a, 0x0b,
  0x32, 0x0b, 0x3a, 0x0b, 0x32, 0x0b, 0x42, 0x2b, 0x3a, 0x2c, 0x42, 0x2b,
  0x3a, 0x2b, 0x42, 0x2b, 0x3a, 0x0b, 0x42, 0x0b, 0x42, 0x4c, 0x4a, 0x6c,
  0x4a, 0x6d, 0x4a, 0x4c, 0x42, 0x4c, 0x4a, 0x6c, 0x52, 0xae, 0x5a, 0x8d,
  0x5a, 0xef, 0x5a, 0xad, 0x52, 0x6c, 0x5a, 0xad, 0x7b, 0xb0, 0xbd, 0x77,
  0xef, 0x5b, 0xff, 0xfe, 0xff, 0xbe, 0xf7, 0x5c, 0xf7, 0x7d, 0xff, 0x9d,
  0xf7, 0x7c, 0xf7, 0x7c, 0xf7, 0x7d, 0xff, 0x7d, 0xf7, 0x7d, 0xf7, 0x3c,
  0xef, 0x3c, 0xef, 0x1b, 0xe6, 0xfb, 0xee, 0xfb, 0xef, 0x7c, 0xe7, 0x1a,
  0xd6, 0xb7, 0xef, 0x39, 0xff, 0x5b, 0xff, 0x3a, 0xff, 0x5c, 0xff, 0x3b,
  0xa4, 0xb2, 0xee, 0xda, 0xff, 0x5b, 0xff, 0x3a, 0xf7, 0x3b, 0xff, 0x3a,
  0xf7, 0x3b, 0xff, 0x3a, 0xff, 0x5b, 0xff, 0x3a, 0xff, 0x5b, 0xff, 0x3a,
  0xff, 0x5b, 0xff, 0x3a, 0xff, 0x5b, 0xff, 0x3a, 0xf7, 0x3a, 0xff, 0x3a,
  0xff, 0x5b, 0xff, 0x3a, 0xf7, 0x3b, 0xff, 0x1a, 0xff, 0x5b, 0xff, 0x5a,
  0xf7, 0x5c, 0xde, 0x58, 0xad, 0x16, 0xac, 0xf5, 0xbd, 0x99, 0xd6, 0x5b,
  0xb5, 0x5a, 0xc5, 0xbb, 0xbd, 0xbb, 0xcd, 0xfc, 0xc6, 0x1d, 0xbd, 0x7a,
  0xbd, 0xba, 0xee, 0xfe, 0xe7, 0x1e, 0xce, 0x3a, 0xbd, 0x9b, 0xbd, 0x7a,
  0xbd, 0x9b, 0xbd, 0x7a, 0xbd, 0x9b, 0xc5, 0xbb, 0xbd, 0x9b, 0xbd, 0x7a,
  0xc5, 0xdb, 0xcd, 0xfb, 0xbd, 0xf9, 0xff, 0xbf, 0xff, 0xff, 0xef, 0x1c,
  0xa5, 0x35, 0xff, 0xff, 0xab, 0xf4, 0x8a, 0x8e, 0xd2, 0xd1, 0xd2, 0x90,
  0x93, 0xb0, 0xf6, 0x9c, 0xff, 0x1e, 0xfe, 0xbc, 0xff, 0x3d, 0xff, 0x3d,
  0xff, 0x3d, 0xff, 0x1c, 0xff, 0x1d, 0xfe, 0xdc, 0xff, 0x1d, 0xff, 0x1c,
  0xff, 0x1d, 0xff, 0x1c, 0xff, 0x3d, 0xff, 0x1d, 0xff, 0x1d, 0xff, 0x1d,
  0xff, 0x1d, 0xff, 0x1d, 0xff, 0x3d, 0xff, 0x3d, 0xff, 0x3d, 0xff, 0x1d,
  0xff, 0x3d, 0xff, 0x1d, 0xff, 0x3d, 0xff, 0x3d, 0xff, 0x1d, 0xfe, 0xfc,
  0xff, 0x1d, 0xff, 0x1d, 0xff, 0x9f, 0xee, 0xbb, 0xa3, 0xb2, 0x93, 0x30,
  0x83, 0xd2, 0xd5, 0xfb, 0xf7, 0x7f, 0xb5, 0x59, 0xcd, 0xfc, 0xbd, 0x39,
  0xb5, 0x7a, 0xb5, 0x9a, 0xc5, 0xdb, 0xc5, 0xdb, 0xd6, 0x7b, 0xef, 0x1d,
  0xff, 0xff, 0xff, 0xde, 0xff, 0xbf, 0xbd, 0x96, 0xff, 0x5b, 0xff, 0x3a,
  0xff, 0x7c, 0xe6, 0x98, 0xce, 0x17, 0xbd, 0x75, 0xff, 0x5b, 0xff, 0x3a,
  0xff, 0x5b, 0xff, 0x3a, 0xf7, 0x3b, 0xff, 0x1a, 0xf7, 0x3b, 0xff, 0x1a,
  0xff, 0x5b, 0xff, 0x3b, 0xff, 0x3b, 0xff, 0x3a, 0xff, 0x5b, 0xff, 0x3b,
  0xf7, 0x3b, 0xff, 0x3b, 0xff, 0x5b, 0xff, 0x3a, 0xff, 0x5b, 0xff, 0x3a,
  0xff, 0x5b, 0xff, 0x5b, 0xf7, 0x3b, 0xff, 0x5b, 0xff, 0x5b, 0xff, 0x3b,
  0xf7, 0x3b, 0xff, 0x3b, 0xff, 0x5b, 0xff, 0x3a, 0xff, 0x5b, 0xff, 0x3a,
  0xff, 0xde, 0xff, 0xdf, 0xff, 0xbe, 0xff, 0xbe, 0xff, 0xbe, 0xff, 0xdf,
  0xff, 0xbe, 0xff, 0xbe, 0xff, 0xbe, 0xff, 0xde, 0xff, 0x7b, 0xff, 0xbc,
  0xef, 0x19, 0xff, 0xbc, 0xff, 0xbd, 0xff, 0xbd, 0xff, 0xbd, 0xff, 0xdd,
  0xff, 0xbd, 0xff, 0xbd, 0xff, 0x9c, 0xe7, 0x1a, 0xff, 0x9c, 0xff, 0xfe,
  0xff, 0xbd, 0xef, 0x5c, 0xff, 0x7c, 0xff, 0xbe, 0xff, 0x9d, 0xff, 0xbe,
  0xff, 0xbe, 0xff, 0xde, 0xff, 0xbe, 0xff, 0x9e, 0xff, 0x9d, 0xff, 0xff,
  0x7b, 0xf1, 0x29, 0x88, 0x3a, 0x0b, 0x32, 0x0b, 0x3a, 0x0b, 0x31, 0xeb,
  0x3a, 0x0a, 0x3a, 0x2b, 0x42, 0x2b, 0x42, 0x4c, 0x3a, 0x0b, 0x3a, 0x0b,
  0x42, 0x2b, 0x42, 0x4b, 0x42, 0x2b, 0x3a, 0x2b, 0x4a, 0x6c, 0x42, 0x6c,
  0x4a, 0x4b, 0x42, 0x2b, 0x4a, 0x6b, 0x4a, 0x8c, 0x52, 0x8c, 0x52, 0xac,
  0x52, 0x8c, 0x52, 0xcd, 0x6b, 0x0e, 0x63, 0x2e, 0x5a, 0x8c, 0x52, 0x8d,
  0x6b, 0x2e, 0x9c, 0xd5, 0xe6, 0xfa, 0xff, 0xfe, 0xff, 0x9c, 0xef, 0x7c,
  0xff, 0x5c, 0xf7, 0x5c, 0xf7, 0x3b, 0xf7, 0x5c, 0xf7, 0x3b, 0xe7, 0x1a,
  0xef, 0x19, 0xef, 0x3a, 0xf7, 0x3b, 0xf7, 0x7c, 0xef, 0x7b, 0xce, 0xb8,
  0xee, 0xd7, 0xff, 0x7a, 0xff, 0x3a, 0xf7, 0x1a, 0xff, 0x9d, 0xc5, 0xd6,
  0xbd, 0x12, 0xff, 0x9c, 0xff, 0x1a, 0xff, 0x5a, 0xff, 0x19, 0xff, 0x5b,
  0xff, 0x3a, 0xf7, 0x3a, 0xff, 0x1a, 0xff, 0x3a, 0xff, 0x3a, 0xff, 0x5b,
  0xff, 0x5a, 0xff, 0x3a, 0xff, 0x3a, 0xff, 0x3a, 0xff, 0x3a, 0xff, 0x3a,
  0xff, 0x1a, 0xff, 0x5b, 0xff, 0x3a, 0xff, 0x7b, 0xe6, 0x99, 0x94, 0x50,
  0xb5, 0x38, 0xc5, 0xda, 0xb5, 0x39, 0xb5, 0x9a, 0xd6, 0x3b, 0xff, 0xbf,
  0xd6, 0x5b, 0xbd, 0xda, 0xbd, 0x99, 0xb5, 0x9a, 0xbd, 0x9a, 0xbd, 0xdb,
  0xc5, 0xba, 0xb5, 0x59, 0xe6, 0xbc, 0xff, 0xbf, 0xee, 0xfd, 0xc6, 0x1a,
  0xbd, 0x9a, 0xbd, 0x9b, 0xc5, 0xbb, 0xc5, 0xdb, 0xc5, 0x9a, 0xc5, 0xfb,
  0xbd, 0x99, 0xc5, 0xfb, 0xff, 0xbf, 0xff, 0xff, 0xff, 0xff, 0xbd, 0xb7,
  0xd6, 0xbb, 0xf7, 0xbf, 0x92, 0x4d, 0xa2, 0xf0, 0xbb, 0x10, 0xbb, 0x11,
  0xde, 0x79, 0xff, 0xbf, 0xff, 0x3d, 0xff, 0x5e, 0xff, 0x1d, 0xff, 0x5e,
  0xff, 0x3c, 0xff, 0x3d, 0xff, 0x1c, 0xfe, 0xfc, 0xff, 0x1c, 0xff, 0x3d,
  0xff, 0x1c, 0xff, 0x3d, 0xff, 0x3c, 0xff, 0x5d, 0xff, 0x1c, 0xff, 0x3d,
  0xff, 0x3d, 0xff, 0x1c, 0xff, 0x1c, 0xff, 0x3d, 0xff, 0x3c, 0xff, 0x3d,
  0xfe, 0xfc, 0xff, 0x1d, 0xff, 0x1c, 0xff, 0x5d, 0xff, 0x1c, 0xff, 0x1d,
  0xff, 0x7d, 0xff, 0x5d, 0xf5, 0xda, 0xbc, 0x33, 0x9b, 0x11, 0xc4, 0x77,
  0xbd, 0xd9, 0xde, 0xfe, 0xe6, 0xde, 0xbd, 0xba, 0xbd, 0x9a, 0xbd, 0xbb,
  0xc5, 0x9b, 0xbd, 0x9b, 0xc5, 0xbb, 0xbd, 0x9b, 0xb5, 0x58, 0xef, 0x1f,
  0xef, 0x3d, 0xff, 0xbf, 0xff, 0xff, 0xd6, 0xba, 0xcd, 0xb5, 0xff, 0x9d,
  0xff, 0x5a, 0xee, 0xd8, 0xde, 0x57, 0xbd, 0x74, 0xe6, 0x78, 0xff, 0x5b,
  0xff, 0x1a, 0xff, 0x5a, 0xff, 0x5a, 0xff, 0x5b, 0xff, 0x1a, 0xff, 0x5b,
  0xff, 0x3a, 0xff, 0x5b, 0xff, 0x3a, 0xff, 0x5b, 0xff, 0x3a, 0xf7, 0x1a,
  0xff, 0x5b, 0xff, 0x5b, 0xff, 0x5a, 0xff, 0x5b, 0xff, 0x5a, 0xff, 0x5b,
  0xff, 0x5a, 0xff, 0x5b, 0xff, 0x3a, 0xf7, 0x3a, 0xff, 0x3a, 0xf7, 0x3a,
  0xff, 0x3a, 0xff, 0x5b, 0xff, 0x5a, 0xf7, 0x3a, 0xff, 0x3a, 0xff, 0x5b,
  0xff, 0xff, 0xff, 0xff, 0xff, 0xff, 0xff, 0xdf, 0xff, 0xdf, 0xff, 0xbe,
  0xff, 0xdf, 0xff, 0xbe, 0xff, 0xbf, 0xff, 0xbe, 0xf7, 0x7c, 0xff, 0x9c,
  0xef, 0x1b, 0xff, 0xbd, 0xff, 0xbe, 0xff, 0x9d, 0xff, 0xbe, 0xff, 0xbd,
  0xff, 0xbe, 0xff, 0x9d, 0xf7, 0xbd, 0xe6, 0xfa, 0xef, 0x7d, 0xff, 0xfe,
  0xff, 0xde, 0xff, 0xde, 0xef, 0x3c, 0xf7, 0x5c, 0xff, 0xbe, 0xff, 0xbe,
  0xff, 0xbe, 0xff, 0xbe, 0xff, 0xbe, 0xff, 0x9e, 0xff, 0xff, 0xde, 0xba,
  0x29, 0xca, 0x31, 0xca, 0x29, 0xeb, 0x31, 0xea, 0x3a, 0x2c, 0x31, 0xeb,
  0x31, 0xca, 0x3a, 0x0b, 0x3a, 0x0b, 0x31, 0xca, 0x31, 0xca, 0x39, 0xea,
  0x3a, 0x2c, 0x42, 0x2b, 0x3a, 0x2c, 0x42, 0x2c, 0x3a, 0x2c, 0x42, 0x2b,
  0x3a, 0x4c, 0x42, 0x2b, 0x3a, 0x0b, 0x4a, 0x6c, 0x4a, 0x8d, 0x52, 0xad,
  0x4a, 0x6c, 0x4a, 0x6c, 0x4a, 0x6c, 0x52, 0x8c, 0x52, 0xcd, 0x5a, 0xed,
  0x63, 0x0f, 0x52, 0x6c, 0x5a, 0xce, 0x8c, 0x12, 0xce, 0x58, 0xef, 0x3c,
  0xef, 0x3b, 0xee, 0xf9, 0xef, 0x5b, 0xef, 0x3b, 0xf7, 0x7c, 0xf7, 0x5c,
  0xf7, 0x5c, 0xff, 0x5b, 0xef, 0x9d, 0xef, 0x5b, 0xce, 0x97, 0xde, 0xd8,
  0xff, 0x5b, 0xff, 0x3a, 0xf7, 0x3b, 0xff, 0x7b, 0xde, 0xba, 0x9c, 0x70,
  0xf7, 0x3b, 0xff, 0x3b, 0xf7, 0x3b, 0xff, 0x5b, 0xff, 0x5b, 0xff, 0x3a,
  0xf7, 0x3a, 0xff, 0x1a, 0xff, 0x5b, 0xff, 0x3a, 0xf7, 0x3b, 0xff, 0x1a,
  0xff, 0x5b, 0xff, 0x3a, 0xff, 0x5b, 0xff, 0x3a, 0xff, 0x3b, 0xff, 0x3a,
  0xff, 0x3a, 0xff, 0x3a, 0xff, 0x7d, 0xe6, 0x79, 0x73, 0x71, 0xb5, 0x58,
  0xd6, 0x9e, 0xbd, 0x9a, 0xc5, 0xfb, 0xde, 0x9d, 0xde, 0xfd, 0xe7, 0x1d,
  0xe7, 0x1f, 0xbd, 0x79, 0xc5, 0xfb, 0xc5, 0xdb, 0xbd, 0x9a, 0xbd, 0x9a,
  0xc5, 0xdb, 0xd6, 0x5d, 0xde, 0xbd, 0xd6, 0x5c, 0xef, 0x3f, 0xf7, 0x5f,
  0xe6, 0xff, 0xc5, 0xda, 0xb5, 0x7a, 0xbd, 0x9a, 0xbd, 0x9b, 0xbd, 0x7a,
  0xce, 0x3a, 0xff, 0xbf, 0xff, 0xff, 0xff, 0xff, 0xf7, 0x7f, 0x9c, 0x93,
  0xff, 0xdf, 0xd6, 0x7a, 0x81, 0xcc, 0xb3, 0x31, 0x8a, 0xee, 0xe5, 0x78,
  0xff, 0x7e, 0xff, 0x1d, 0xff, 0x5e, 0xff, 0x3d, 0xff, 0x5e, 0xff, 0x3d,
  0xff, 0x5d, 0xff, 0x3d, 0xff, 0x1d, 0xfe, 0xfc, 0xff, 0x3d, 0xff, 0x1d,
  0xff, 0x3d, 0xff, 0x1d, 0xff, 0x3d, 0xff, 0x3d, 0xff, 0x3d, 0xff, 0x1c,
  0xff, 0x3d, 0xff, 0x1c, 0xff, 0x3d, 0xff, 0x3d, 0xff, 0x3d, 0xff, 0x3d,
  0xff, 0x1d, 0xff, 0x1c, 0xff, 0x3d, 0xff, 0x1d, 0xf7, 0x5e, 0xff, 0x7e,
  0xf6, 0x5b, 0xc4, 0x94, 0xb3, 0xb3, 0xab, 0x51, 0xad, 0x39, 0xbd, 0xbb,
  0xbd, 0x9a, 0xee, 0xff, 0xc6, 0x1b, 0xbd, 0x79, 0xbd, 0xdb, 0xc5, 0xbb,
  0xb5, 0x7a, 0xc5, 0x9b, 0xc5, 0xfb, 0xbd, 0x79, 0xde, 0xde, 0xde, 0x7c,
  0xb5, 0x7a, 0xc5, 0xdb, 0xd6, 0x9c, 0xf7, 0x5f, 0xc5, 0xb6, 0xe6, 0x99,
  0xff, 0x9c, 0xf7, 0x19, 0xde, 0x78, 0xe6, 0x78, 0xd6, 0x17, 0xff, 0x5b,
  0xff, 0x3b, 0xff, 0x3a, 0xff, 0x5b, 0xff, 0x3a, 0xff, 0x5b, 0xff, 0x3b,
  0xff, 0x5b, 0xff, 0x5b, 0xff, 0x5b, 0xff, 0x3b, 0xf7, 0x3b, 0xff, 0x3b,
  0xff, 0x5b, 0xff, 0x1a, 0xf7, 0x3b, 0xff, 0x5b, 0xf7, 0x3b, 0xff, 0x5b,
  0xff, 0x5b, 0xff, 0x5b, 0xff, 0x5b, 0xff, 0x3a, 0xf7, 0x3b, 0xff, 0x1a,
  0xf7, 0x3b, 0xff, 0x1a, 0xff, 0x5b, 0xff, 0x3a, 0xf7, 0x3b, 0xff, 0x3a,
  0xff, 0xde, 0xff, 0xdf, 0xff, 0xde, 0xff, 0xdf, 0xff, 0xbe, 0xff, 0xde,
  0xff, 0xbe, 0xff, 0xdf, 0xff, 0xde, 0xff, 0xde, 0xff, 0x7c, 0xff, 0xbd,
  0xf7, 0x3b, 0xff, 0xdd, 0xff, 0xbd, 0xff, 0xbe, 0xff, 0xde, 0xff, 0xde,
  0xff, 0xbe, 0xff, 0xbe, 0xff, 0xdd, 0xef, 0x3b, 0xef, 0x3b, 0xff, 0xfe,
  0xff, 0xbe, 0xff, 0xdf, 0xff, 0xbd, 0xef, 0x3c, 0xf7, 0x7c, 0xff, 0xbe,
  0xff, 0x9d, 0xff, 0xbe, 0xff, 0x9d, 0xff, 0xbe, 0xff, 0xff, 0x73, 0xd0,
  0x29, 0x89, 0x32, 0x0b, 0x31, 0xea, 0x32, 0x0b, 0x39, 0xea, 0x32, 0x0b,
  0x31, 0xca, 0x32, 0x0b, 0x3a, 0x0a, 0x31, 0xeb, 0x3a, 0x0b, 0x3a, 0x2b,
  0x31, 0xca, 0x31, 0xea, 0x3a, 0x0b, 0x3a, 0x0b, 0x39, 0xea, 0x3a, 0x2b,
  0x42, 0x0b, 0x31, 0xea, 0x42, 0x2b, 0x3a, 0x0b, 0x42, 0x2b, 0x42, 0x4c,
  0x4a, 0x4c, 0x42, 0x2b, 0x4a, 0x4b, 0x4a, 0x8d, 0x52, 0x6c, 0x52, 0xad,
  0x5a, 0xcc, 0x5b, 0x0d, 0x5a, 0xce, 0x52, 0x8d, 0x62, 0xed, 0x9c, 0xb4,
  0xe6, 0xb9, 0xff, 0xbd, 0xff, 0x9c, 0xf7, 0x9c, 0xff, 0x7c, 0xf7, 0x5c,
  0xf7, 0x5c, 0xff, 0x9d, 0xef, 0x5b, 0xce, 0x98, 0xde, 0xb7, 0xef, 0x7a,
  0xff, 0x3a, 0xff, 0x3a, 0xff, 0x7b, 0xf7, 0x3b, 0x9c, 0x4f, 0xde, 0x78,
  0xff, 0x7b, 0xff, 0x5a, 0xff, 0x5a, 0xff, 0x5a, 0xff, 0x3a, 0xff, 0x5a,
  0xff, 0x3a, 0xff, 0x5b, 0xff, 0x5a, 0xff, 0x5b, 0xff, 0x3a, 0xff, 0x5b,
  0xff, 0x3a, 0xff, 0x5b, 0xff, 0x3a, 0xff, 0x5a, 0xff, 0x3a, 0xff, 0x5b,
  0xff, 0x5a, 0xff, 0x7b, 0xee, 0xfa, 0x94, 0x2f, 0xb5, 0x57, 0xef, 0x5f,
  0xde, 0x7d, 0xb5, 0xb9, 0xc5, 0xba, 0xc5, 0xfb, 0xce, 0x1b, 0xbd, 0xb9,
  0xff, 0x7f, 0xce, 0x3b, 0xbd, 0x79, 0xc5, 0xdb, 0xc5, 0xbb, 0xbd, 0x9a,
  0xc5, 0xda, 0xd6, 0x5d, 0xde, 0x9d, 0xd6, 0x7c, 0xbd, 0x99, 0xbd, 0xda,
  0xde, 0x9c, 0xf7, 0x5f, 0xe6, 0x9d, 0xc5, 0xda, 0xcd, 0xda, 0xd6, 0x7d,
  0xff, 0xdf, 0xff, 0xff, 0xff, 0xff, 0xff, 0xff, 0xce, 0x39, 0xad, 0x56,
  0xff, 0xff, 0xbd, 0xb7, 0x8a, 0x2c, 0x92, 0xaf, 0xbc, 0xf4, 0xff, 0x9f,
  0xff, 0x1c, 0xff, 0x3d, 0xff, 0x1c, 0xff, 0x3d, 0xff, 0x3d, 0xff, 0x3e,
  0xff, 0x3c, 0xff, 0x3d, 0xff, 0x1c, 0xff, 0x3d, 0xff, 0x1c, 0xff, 0x3d,
  0xff, 0x1c, 0xff, 0x3d, 0xff, 0x3c, 0xff, 0x5d, 0xff, 0x3d, 0xff, 0x5d,
  0xff, 0x1c, 0xff, 0x3d, 0xff, 0x3c, 0xff, 0x3d, 0xff, 0x3d, 0xff, 0x5d,
  0xff, 0x1d, 0xff, 0x3d, 0xff, 0x1c, 0xff, 0x7e, 0xff, 0x1d, 0xdd, 0xd9,
  0xcb, 0x72, 0xb2, 0xf0, 0xa4, 0x95, 0xbd, 0x58, 0xc5, 0xbb, 0xb5, 0x7a,
  0xbd, 0xb9, 0xef, 0x7f, 0xde, 0x5c, 0xce, 0x1b, 0xcd, 0xba, 0xbd, 0x9a,
  0xbd, 0x79, 0xbd, 0xbb, 0xbd, 0x79, 0xd6, 0x7d, 0xe6, 0xdd, 0xb5, 0x78,
  0xc5, 0xbb, 0xbd, 0x9b, 0xbd, 0x79, 0xbd, 0x9a, 0xd6, 0x19, 0xbd, 0x77,
  0xff, 0x7b, 0xff, 0x5b, 0xee, 0x98, 0xde, 0x57, 0xee, 0x98, 0xe6, 0xb8,
  0xff, 0x7b, 0xff, 0x3b, 0xff, 0x3a, 0xff, 0x5b, 0xff, 0x5a, 0xff, 0x5b,
  0xff, 0x3a, 0xff, 0x5b, 0xff, 0x3a, 0xff, 0x5b, 0xff, 0x3a, 0xff, 0x5b,
  0xff, 0x3a, 0xff, 0x5b, 0xff, 0x19, 0xff, 0x5b, 0xff, 0x3a, 0xff, 0x5b,
  0xff, 0x3a, 0xff, 0x5a, 0xff, 0x3a, 0xff, 0x5b, 0xff, 0x3a, 0xff, 0x5b,
  0xff, 0x3a, 0xff, 0x3b, 0xff, 0x3a, 0xff, 0x3a, 0xff, 0x3a, 0xff, 0x5a,
  0xff, 0xdf, 0xff, 0xbe, 0xff, 0xff, 0xff, 0xbe, 0xff, 0xdf, 0xff, 0xbe,
  0xff, 0xdf, 0xff, 0xdf, 0xff, 0xdf, 0xff, 0xde, 0xf7, 0x9d, 0xff, 0xbd,
  0xef, 0x1b, 0xff, 0x9d, 0xff, 0xbe, 0xff, 0xbe, 0xff, 0xde, 0xff, 0xbe,
  0xff, 0xdf, 0xff, 0xbe, 0xff, 0xde, 0xf7, 0x7c, 0xe7, 0x3c, 0xff, 0xde,
  0xff, 0xbf, 0xff, 0x9e, 0xff, 0xde, 0xff, 0xbd, 0xef, 0x5c, 0xef, 0x1b,
  0xff, 0xbe, 0xff, 0xff, 0xff, 0xbe, 0xff, 0xff, 0xce, 0x7c, 0x31, 0xa8,
  0x32, 0x0c, 0x31, 0xeb, 0x32, 0x0b, 0x39, 0xea, 0x31, 0xeb, 0x31, 0xaa,
  0x3a, 0x2c, 0x31, 0xeb, 0x31, 0xeb, 0x31, 0xeb, 0x32, 0x0b, 0x39, 0xea,
  0x31, 0xeb, 0x31, 0xca, 0x31, 0xeb, 0x3a, 0x0b, 0x31, 0xeb, 0x3a, 0x0b,
  0x3a, 0x0b, 0x39, 0xea, 0x3a, 0x4c, 0x3a, 0x0b, 0x32, 0x0b, 0x42, 0x2b,
  0x3a, 0x2b, 0x42, 0x2b, 0x42, 0x4c, 0x4a, 0x4c, 0x42, 0x4c, 0x52, 0x6c,
  0x52, 0xce, 0x4a, 0x6c, 0x52, 0xad, 0x63, 0x0e, 0x5a, 0xee, 0x52, 0x6c,
  0x63, 0x0e, 0xad, 0x16, 0xef, 0x1c, 0xff, 0x9e, 0xf7, 0x5c, 0xff, 0x5c,
  0xf7, 0x7d, 0xe7, 0x1b, 0xbe, 0x77, 0xd6, 0xd8, 0xef, 0x3a, 0xf7, 0x3a,
  0xf7, 0x1b, 0xff, 0x5b, 0xee, 0xda, 0xb5, 0x13, 0xde, 0x98, 0xff, 0xbc,
  0xff, 0x5b, 0xff, 0x3a, 0xff, 0x5b, 0xff, 0x5b, 0xf7, 0x3a, 0xff, 0x3a,
  0xf7, 0x3b, 0xff, 0x3a, 0xff, 0x5b, 0xff, 0x3a, 0xf7, 0x3a, 0xff, 0x3a,
  0xf7, 0x3a, 0xff, 0x1a, 0xf7, 0x3a, 0xff, 0x5b, 0xff, 0x3b, 0xff, 0x1a,
  0xff, 0x5b, 0xff, 0x5b, 0x8c, 0x53, 0xad, 0x37, 0xe7, 0x1d, 0xf7, 0x5e,
  0xde, 0x9d, 0xbd, 0x79, 0xbd, 0xdb, 0xc5, 0xbb, 0xbd, 0xbb, 0xbd, 0x9a,
  0xd6, 0x7c, 0xf7, 0x3f, 0xb5, 0x9a, 0xc5, 0xdb, 0xbd, 0xbb, 0xbd, 0x9a,
  0xbd, 0xbb, 0xc5, 0xdb, 0xbd, 0xbb, 0xbd, 0x79, 0xbd, 0xbb, 0xbd, 0x9a,
  0xb5, 0x7a, 0xbd, 0x9a, 0xde, 0xbd, 0xff, 0x7f, 0xef, 0x3d, 0xff, 0xff,
  0xff, 0xff, 0xff, 0xdf, 0xff, 0xdf, 0xff, 0xff, 0xbd, 0xb8, 0xd6, 0x7b,
  0xff, 0xff, 0x94, 0x52, 0x59, 0xcb, 0xbc, 0xb6, 0xff, 0x9f, 0xff, 0x3d,
  0xff, 0x3d, 0xff, 0x3d, 0xff, 0x5d, 0xff, 0x3d, 0xff, 0x3e, 0xff, 0x1d,
  0xff, 0x3d, 0xff, 0x1d, 0xff, 0x3d, 0xff, 0x1d, 0xff, 0x3d, 0xff, 0x1d,
  0xff, 0x3d, 0xff, 0x1d, 0xff, 0x3d, 0xff, 0x3d, 0xff, 0x3d, 0xff, 0x3d,
  0xff, 0x3d, 0xff, 0x1c, 0xff, 0x1d, 0xff, 0x3d, 0xff, 0x3d, 0xff, 0x1d,
  0xff, 0x3d, 0xff, 0x3d, 0xff, 0x9f, 0xf6, 0xbb, 0xe4, 0x96, 0xc3, 0x91,
  0xa3, 0xb2, 0xdd, 0x59, 0xc6, 0x5d, 0xb5, 0x99, 0xc5, 0x9b, 0xc5, 0x7a,
  0xd6, 0x9c, 0xf7, 0x5f, 0xce, 0x5c, 0xde, 0xbd, 0xc5, 0xdc, 0xbd, 0x5a,
  0xbd, 0xbb, 0xbd, 0x9a, 0xce, 0x1b, 0xe6, 0xde, 0xbd, 0x9b, 0xc5, 0xbb,
  0xbd, 0x9a, 0xc5, 0xdb, 0xc5, 0xdc, 0xc5, 0x9b, 0xbd, 0xdb, 0xad, 0x18,
  0xbd, 0x75, 0xff, 0x7c, 0xde, 0x77, 0xde, 0x36, 0xee, 0xfa, 0xde, 0x37,
  0xee, 0xfa, 0xff, 0x5b, 0xff, 0x5b, 0xff, 0x3a, 0xff, 0x3b, 0xff, 0x3b,
  0xf7, 0x3b, 0xff, 0x3a, 0xff, 0x3b, 0xff, 0x3b, 0xff, 0x3b, 0xff, 0x3a,
  0xf7, 0x1b, 0xff, 0x1a, 0xff, 0x3b, 0xff, 0x3a, 0xf7, 0x1a, 0xff, 0x3a,
  0xff, 0x5b, 0xff, 0x3a, 0xf7, 0x3b, 0xff, 0x5a, 0xff, 0x3b, 0xff, 0x1a,
  0xf7, 0x3b, 0xf7, 0x1a, 0xf7, 0x3a, 0xff, 0x1a, 0xf7, 0x3a, 0xff, 0x3a,
  0xff, 0xdf, 0xff, 0xdf, 0xff, 0xde, 0xff, 0xff, 0xff, 0xde, 0xff, 0xde,
  0xff, 0xde, 0xff, 0xff, 0xff, 0xde, 0xff, 0xdf, 0xff, 0x9d, 0xff, 0xbd,
  0xef, 0x1a, 0xff, 0xdd, 0xff, 0xbe, 0xff, 0xdf, 0xff, 0xde, 0xff, 0xff,
  0xff, 0xff, 0xff, 0xff, 0xff, 0xff, 0xff, 0xdf, 0xe6, 0xda, 0xf7, 0x5d,
  0xff, 0xbe, 0xff, 0xff, 0xff, 0xff, 0xff, 0xff, 0xff, 0xdf, 0xf7, 0x7d,
  0xe6, 0xba, 0xe6, 0xfb, 0xf7, 0x5d, 0xf7, 0x7d, 0x5a, 0xee, 0x21, 0x48,
  0x29, 0xa9, 0x21, 0xaa, 0x31, 0xc9, 0x32, 0x0b, 0x32, 0x0a, 0x29, 0xea,
  0x31, 0xea, 0x32, 0x0b, 0x3a, 0x0b, 0x32, 0x0b, 0x39, 0xca, 0x3a, 0x0b,
  0x39, 0xca, 0x3a, 0x0b, 0x32, 0x0a, 0x32, 0x2b, 0x39, 0xea, 0x3a, 0x0b,
  0x39, 0xca, 0x3a, 0x2b, 0x3a, 0x2a, 0x3a, 0x2b, 0x42, 0x2b, 0x3a, 0x0b,
  0x3a, 0x0a, 0x42, 0x4c, 0x42, 0x4b, 0x42, 0x6c, 0x42, 0x2b, 0x4a, 0x8c,
  0x52, 0xad, 0x4a, 0x6c, 0x52, 0x6c, 0x52, 0xad, 0x62, 0xcd, 0x63, 0x0f,
  0x62, 0xee, 0x4a, 0x4c, 0x6b, 0x2e, 0xbd, 0xf9, 0xff, 0xbd, 0xf7, 0x9d,
  0xe6, 0xf9, 0xde, 0xd8, 0xee, 0xf9, 0xf7, 0x5b, 0xff, 0x3a, 0xff, 0x3b,
  0xff, 0x9c, 0xce, 0x16, 0x9c, 0x50, 0xe6, 0xda, 0xff, 0x9b, 0xff, 0x5b,
  0xff, 0x5a, 0xff, 0x5a, 0xff, 0x3a, 0xff, 0x7b, 0xff, 0x5a, 0xff, 0x5b,
  0xff, 0x3a, 0xf7, 0x3a, 0xff, 0x3a, 0xff, 0x5b, 0xff, 0x3a, 0xff, 0x5b,
  0xff, 0x3a, 0xff, 0x5b, 0xff, 0x5a, 0xff, 0x5b, 0xff, 0x3a, 0xf7, 0x19,
  0xff, 0x7c, 0xac, 0xf3, 0x8c, 0x14, 0xde, 0xbe, 0xc5, 0xda, 0xe6, 0xfe,
  0xd6, 0x5c, 0xbd, 0xba, 0xc5, 0xba, 0xc5, 0xdb, 0xc5, 0x9b, 0xbd, 0x7b,
  0xc5, 0xb9, 0xf7, 0x5f, 0xe6, 0xbd, 0xad, 0x58, 0xcd, 0xfb, 0xc5, 0xdb,
  0xc5, 0x9a, 0xbd, 0xbb, 0xc5, 0xba, 0xc5, 0xdb, 0xc5, 0xba, 0xbd, 0xbb,
  0xc5, 0x9a, 0xc5, 0xbb, 0xf7, 0x3d, 0xff, 0xdf, 0xff, 0xde, 0xff, 0xff,
  0xff, 0xff, 0xff, 0xff, 0xff, 0xff, 0xff, 0xff, 0xbd, 0x76, 0xef, 0x5d,
  0xff, 0xff, 0x83, 0xd0, 0x62, 0x4b, 0xf6, 0xdd, 0xff, 0x5d, 0xff, 0x3d,
  0xff, 0x5d, 0xff, 0x5d, 0xff, 0x1c, 0xff, 0x1d, 0xff, 0x1c, 0xff, 0x1d,
  0xff, 0x3d, 0xff, 0x3d, 0xff, 0x3d, 0xff, 0x3d, 0xff, 0x3c, 0xff, 0x3d,
  0xff, 0x3d, 0xff, 0x3d, 0xff, 0x3c, 0xff, 0x3d, 0xff, 0x3c, 0xff, 0x3d,
  0xff, 0x1c, 0xff, 0x3c, 0xff, 0x3c, 0xff, 0x5d, 0xff, 0x3c, 0xff, 0x3c,
  0xff, 0x5d, 0xff, 0x9e, 0xed, 0x37, 0xbb, 0xd2, 0xab, 0x11, 0xcc, 0x56,
  0xbd, 0xb9, 0xc6, 0x1b, 0xbd, 0x9a, 0xbd, 0xbb, 0xc5, 0xba, 0xbd, 0xba,
  0xef, 0x1e, 0xde, 0xbd, 0xde, 0x9c, 0xd6, 0x7c, 0xc5, 0x9a, 0xc5, 0xdc,
  0xbd, 0x79, 0xbd, 0xbb, 0xef, 0x1e, 0xd6, 0x9d, 0xc5, 0xdb, 0xbd, 0xbb,
  0xbd, 0x99, 0xbd, 0xda, 0xc5, 0x9a, 0xbd, 0x9b, 0xc5, 0xdb, 0xce, 0x1c,
  0xad, 0x14, 0xd6, 0x7a, 0xff, 0x1a, 0xde, 0x57, 0xe6, 0x58, 0xf7, 0x1b,
  0xde, 0x36, 0xff, 0x5b, 0xff, 0x3b, 0xff, 0x3b, 0xff, 0x5a, 0xff, 0x5b,
  0xff, 0x3a, 0xff, 0x5b, 0xff, 0x3a, 0xff, 0x5b, 0xff, 0x3a, 0xff, 0x5b,
  0xff, 0x3a, 0xff, 0x5b, 0xff, 0x5a, 0xff, 0x5b, 0xff, 0x3a, 0xff, 0x5b,
  0xff, 0x5a, 0xff, 0x3a, 0xff, 0x3a, 0xff, 0x5b, 0xff, 0x5a, 0xff, 0x5b,
  0xff, 0x3a, 0xf7, 0x3a, 0xff, 0x5a, 0xff, 0x5b, 0xff, 0x3a, 0xff, 0x7b,
  0xff, 0xdf, 0xff, 0xdf, 0xff, 0xdf, 0xff, 0xdf, 0xff, 0xdf, 0xff, 0xde,
  0xff, 0xff, 0xff, 0xdf, 0xff, 0xbf, 0xff, 0xbf, 0xf7, 0x9e, 0xff, 0xbe,
  0xef, 0x7c, 0xff, 0xbd, 0xff, 0xdf, 0xff, 0xbe, 0xff, 0x5e, 0xf6, 0xbb,
  0xff, 0x1c, 0xf6, 0xfb, 0xf6, 0x7b, 0xed, 0xf9, 0xdd, 0x36, 0xed, 0x97,
  0xe5, 0xd8, 0xed, 0xf8, 0xe6, 0x5a, 0xf6, 0x7a, 0xf6, 0x3a, 0xdd, 0x36,
  0xdc, 0x13, 0xd3, 0xd2, 0xe4, 0xd5, 0xc3, 0xb1, 0x72, 0xed, 0x83, 0x2f,
  0x6a, 0xee, 0x62, 0x6c, 0x3a, 0x0b, 0x31, 0xa9, 0x21, 0x69, 0x29, 0x68,
  0x21, 0x8a, 0x29, 0xaa, 0x32, 0x0b, 0x3a, 0x0b, 0x29, 0xea, 0x31, 0xea,
  0x31, 0xea, 0x31, 0xea, 0x31, 0xeb, 0x31, 0xca, 0x32, 0x0b, 0x31, 0xea,
  0x32, 0x0b, 0x3a, 0x0a, 0x3a, 0x2c, 0x39, 0xeb, 0x3a, 0x0b, 0x42, 0x2b,
  0x3a, 0x0b, 0x3a, 0x0b, 0x3a, 0x2b, 0x42, 0x2b, 0x3a, 0x2c, 0x3a, 0x0b,
  0x42, 0x4c, 0x4a, 0x6c, 0x42, 0x4c, 0x4a, 0x6c, 0x52, 0xad, 0x52, 0x8c,
  0x52, 0xad, 0x62, 0xee, 0x52, 0xcd, 0x52, 0x6c, 0x84, 0x51, 0xce, 0x59,
  0xf7, 0x7b, 0xff, 0x7b, 0xff, 0x5b, 0xff, 0x3a, 0xf7, 0x1a, 0xff, 0x7b,
  0xc5, 0xf7, 0xa4, 0xb2, 0xff, 0x5b, 0xff, 0x5b, 0xf7, 0x1a, 0xff, 0x3a,
  0xff, 0x5b, 0xff, 0x3a, 0xff, 0x5b, 0xff, 0x3a, 0xff, 0x3b, 0xff, 0x3a,
  0xf7, 0x3b, 0xff, 0x3a, 0xff, 0x5b, 0xff, 0x5b, 0xff, 0x5b, 0xff, 0x5b,
  0xff, 0x7b, 0xff, 0x3a, 0xf7, 0x3b, 0xff, 0x5b, 0xff, 0x5b, 0xff, 0x5a,
  0xd6, 0x7a, 0x8b, 0xd0, 0xc5, 0xfc, 0xc5, 0xdb, 0xb5, 0x78, 0xee, 0xfe,
  0xd6, 0x5d, 0xbd, 0x99, 0xc5, 0xfb, 0xc5, 0xdb, 0xc5, 0xfb, 0xd6, 0x1c,
  0xd6, 0x9c, 0xde, 0x9c, 0xff, 0xbf, 0xcd, 0xfa, 0xbd, 0x9b, 0xc5, 0x9b,
  0xbd, 0x9a, 0xbd, 0x79, 0xbd, 0xbb, 0xc5, 0xdb, 0xbd, 0x9a, 0xbd, 0x59,
  0xce, 0x7c, 0xff, 0xbf, 0xff, 0xff, 0xff, 0xbe, 0xff, 0xff, 0xff, 0xdf,
  0xf7, 0x9f, 0xef, 0x5e, 0xe7, 0x3e, 0xde, 0xdc, 0xb5, 0x76, 0xff, 0x9e,
  0xff, 0xbf, 0x83, 0x8f, 0x6a, 0xad, 0xfe, 0xfe, 0xff, 0x5d, 0xff, 0x3c,
  0xff, 0x1d, 0xff, 0x1d, 0xff, 0x3d, 0xff, 0x1d, 0xff, 0x3d, 0xff, 0x1c,
  0xff, 0x5d, 0xff, 0x3d, 0xff, 0x3d, 0xff, 0x3d, 0xff, 0x3d, 0xff, 0x3d,
  0xff, 0x3d, 0xff, 0x1d, 0xff, 0x3d, 0xff, 0x3d, 0xff, 0x3d, 0xff, 0x1d,
  0xff, 0x1d, 0xfe, 0xfc, 0xff, 0x3d, 0xff, 0x1c, 0xff, 0x1d, 0xff, 0x9e,
  0xfe, 0xbd, 0xbc, 0x33, 0xbb, 0x12, 0xb2, 0xd0, 0x9c, 0x95, 0xef, 0x1f,
  0xce, 0x1c, 0xbd, 0x79, 0xbd, 0x7b, 0xc5, 0x7b, 0xb5, 0x59, 0xc5, 0xdb,
  0xef, 0x1f, 0xc5, 0xda, 0xbd, 0xdb, 0xc5, 0xba, 0xbd, 0x9b, 0xbd, 0x7a,
  0xb5, 0x98, 0xf7, 0x3f, 0xde, 0xbe, 0xce, 0x3b, 0xce, 0x3d, 0xbd, 0x7a,
  0xbd, 0x9b, 0xbd, 0x7a, 0xbd, 0xbb, 0xbd, 0x5a, 0xb5, 0x7a, 0xd6, 0x3c,
  0xff, 0xdf, 0xcd, 0xf8, 0xde, 0x98, 0xee, 0xf9, 0xd6, 0x36, 0xf7, 0x1a,
  0xef, 0x1b, 0xd6, 0x17, 0xff, 0x5b, 0xff, 0x3a, 0xff, 0x5b, 0xff, 0x3b,
  0xff, 0x5c, 0xff, 0x3b, 0xf7, 0x3b, 0xff, 0x3b, 0xff, 0x5b, 0xff, 0x3a,
  0xff, 0x5b, 0xff, 0x1a, 0xf7, 0x3a, 0xff, 0x3a, 0xff, 0x5b, 0xff, 0x3a,
  0xf7, 0x3b, 0xff, 0x3a, 0xf7, 0x3b, 0xff, 0x3a, 0xff, 0x5b, 0xff, 0x5b,
  0xf7, 0x3b, 0xff, 0x3a, 0xf7, 0x3a, 0xff, 0x1a, 0xff, 0x5b, 0xff, 0x3a,
  0xff, 0xdf, 0xff, 0xff, 0xff, 0xde, 0xff, 0xff, 0xff, 0xbe, 0xff, 0xde,
  0xff, 0xff, 0xff, 0xff, 0xff, 0xff, 0xff, 0xff, 0xff, 0x5e, 0xf6, 0xfc,
  0xe5, 0xf8, 0xee, 0x7a, 0xf6, 0x19, 0xdd, 0xb7, 0xe4, 0xf4, 0xe4, 0xf4,
  0xf5, 0x35, 0xe4, 0xf4, 0xd4, 0xb3, 0xed, 0xb7, 0xfe, 0x7a, 0xfe, 0x7a,
  0xee, 0x18, 0xee, 0x39, 0xed, 0xf7, 0xf6, 0x39, 0xee, 0x18, 0xee, 0x59,
  0xfe, 0x7a, 0xfe, 0xbb, 0xfe, 0x9a, 0xf6, 0x7a, 0xfe, 0xda, 0xff, 0x3c,
  0xfe, 0xdb, 0xfe, 0xba, 0xfe, 0x19, 0xe5, 0x97, 0xbc, 0xb3, 0x9b, 0xaf,
  0x6a, 0xcc, 0x52, 0x6b, 0x31, 0xc9, 0x21, 0x88, 0x29, 0xa9, 0x29, 0xea,
  0x3a, 0x2b, 0x31, 0xeb, 0x3a, 0x0a, 0x3a, 0x0a, 0x3a, 0x0a, 0x32, 0x0a,
  0x31, 0xeb, 0x32, 0x0b, 0x39, 0xeb, 0x3a, 0x0b, 0x42, 0x2b, 0x3a, 0x2b,
  0x39, 0xea, 0x3a, 0x0b, 0x3a, 0x0b, 0x3a, 0x2b, 0x3a, 0x0a, 0x3a, 0x2b,
  0x3a, 0x0a, 0x3a, 0x2b, 0x42, 0x4b, 0x42, 0x4c, 0x42, 0x2b, 0x42, 0x6c,
  0x52, 0x6b, 0x52, 0xcd, 0x62, 0xad, 0x5a, 0xae, 0x5a, 0xad, 0x63, 0x0e,
  0xb5, 0x53, 0xff, 0xbd, 0xff, 0x7b, 0xff, 0x3a, 0xff, 0x9c, 0xce, 0x17,
  0xa4, 0x70, 0xf7, 0x3c, 0xff, 0x5a, 0xff, 0x3a, 0xff, 0x3a, 0xff, 0x5b,
  0xff, 0x3a, 0xff, 0x3a, 0xff, 0x3a, 0xff, 0x3a, 0xff, 0x3a, 0xff, 0x5b,
  0xff, 0x5a, 0xff, 0x7b, 0xff, 0x1a, 0xff, 0x5b, 0xff, 0x5a, 0xff, 0x5b,
  0xff, 0x3a, 0xff, 0x7b, 0xff, 0x3a, 0xff, 0x5b, 0xff, 0x5a, 0xff, 0x9c,
  0xa4, 0xb4, 0xad, 0x16, 0xc5, 0xba, 0xc5, 0xfc, 0xc5, 0xb9, 0xef, 0x1e,
  0xce, 0x1b, 0xbd, 0x99, 0xc5, 0x9a, 0xbd, 0x9a, 0xce, 0x1a, 0xde, 0x9d,
  0xde, 0x7c, 0xd6, 0x5c, 0xde, 0x9c, 0xff, 0xbf, 0xbd, 0x79, 0xbd, 0xba,
  0xc5, 0x9a, 0xbd, 0xbb, 0xc5, 0x9a, 0xc5, 0xbb, 0xcd, 0xf9, 0xe7, 0x1e,
  0xff, 0xff, 0xff, 0xff, 0xf7, 0x3d, 0xe6, 0xfc, 0xee, 0x9c, 0xe6, 0x9c,
  0xee, 0x1c, 0xe6, 0x1c, 0xee, 0x5c, 0xcd, 0x78, 0xbd, 0x55, 0xff, 0xdf,
  0xff, 0x9f, 0xa4, 0x73, 0x82, 0xad, 0xf6, 0x9c, 0xff, 0x5d, 0xff, 0x3d,
  0xfe, 0x7b, 0xfe, 0xdc, 0xff, 0x5d, 0xff, 0x5d, 0xff, 0x3c, 0xff, 0x3d,
  0xff, 0x3d, 0xff, 0x3d, 0xff, 0x1c, 0xff, 0x5d, 0xff, 0x3c, 0xff, 0x3d,
  0xff, 0x3c, 0xff, 0x3d, 0xff, 0x1d, 0xff, 0x3d, 0xff, 0x3d, 0xff, 0x3d,
  0xff, 0x3c, 0xff, 0x3d, 0xff, 0x3c, 0xff, 0x7d, 0xff, 0x3d, 0xdd, 0xf8,
  0xdb, 0x52, 0xba, 0x6f, 0x93, 0x52, 0xbc, 0xb7, 0xbe, 0x1a, 0xdf, 0x5f,
  0xcd, 0xda, 0xbd, 0x99, 0xbd, 0x5a, 0xc5, 0xbb, 0xbd, 0x58, 0xde, 0x9d,
  0xde, 0x9d, 0xbd, 0xba, 0xc5, 0xbb, 0xbd, 0xbb, 0xc5, 0xba, 0xb5, 0x7a,
  0xde, 0x9d, 0xce, 0x3b, 0xce, 0x1a, 0xd6, 0x9c, 0xc5, 0x9a, 0xc5, 0xdb,
  0xc5, 0xba, 0xc5, 0xbb, 0xbd, 0x7a, 0xbd, 0x9a, 0xef, 0x1d, 0xff, 0xff,
  0xff, 0xff, 0xff, 0xff, 0xc5, 0xb5, 0xd6, 0x58, 0xe6, 0x57, 0xe6, 0x98,
  0xff, 0x9b, 0xef, 0x1a, 0xe6, 0x77, 0xff, 0x5b, 0xff, 0x5b, 0xff, 0x3b,
  0xff, 0x3a, 0xff, 0x3b, 0xff, 0x3a, 0xff, 0x3b, 0xff, 0x5a, 0xff, 0x5b,
  0xff, 0x5a, 0xff, 0x3a, 0xff, 0x1a, 0xff, 0x5b, 0xff, 0x19, 0xff, 0x5a,
  0xff, 0x3a, 0xff, 0x3a, 0xff, 0x3a, 0xff, 0x7b, 0xff, 0x5a, 0xff, 0x7b,
  0xff, 0x5a, 0xff, 0x5a, 0xff, 0x3a, 0xff, 0x5a, 0xff, 0x3a, 0xff, 0x5b,
  0xff, 0xdf, 0xff, 0xdf, 0xff, 0xdf, 0xff, 0xdf, 0xff, 0xff, 0xff, 0xff,
  0xff, 0xff, 0xff, 0x3d, 0xee, 0x19, 0xed, 0xf9, 0xf6, 0x19, 0xf5, 0xf9,
  0xfe, 0x39, 0xfe, 0x9a, 0xf6, 0x9a, 0xfe, 0xbb, 0xf7, 0x1c, 0xff, 0x5d,
  0xff, 0x7d, 0xfe, 0xfb, 0xf6, 0xfb, 0xff, 0x1b, 0xf7, 0x5c, 0xf7, 0x3b,
  0xf7, 0x3c, 0xf6, 0xdb, 0xf7, 0x5c, 0xff, 0x5c, 0xff, 0x7d, 0xff, 0x3c,
  0xff, 0x1c, 0xff, 0x3c, 0xf7, 0x1c, 0xff, 0x1c, 0xff, 0x3d, 0xff, 0x1c,
  0xff, 0x1d, 0xff, 0x3d, 0xff, 0x5d, 0xff, 0x5c, 0xff, 0x7d, 0xff, 0x3c,
  0xfe, 0xbc, 0xfd, 0xf9, 0xc4, 0xf6, 0x93, 0x2f, 0x5a, 0x6d, 0x49, 0xaa,
  0x19, 0xa9, 0x21, 0xa9, 0x2a, 0x0b, 0x32, 0x0b, 0x3a, 0x2c, 0x31, 0xeb,
  0x31, 0xeb, 0x31, 0xca, 0x29, 0xea, 0x3a, 0x0b, 0x31, 0xeb, 0x31, 0xea,
  0x32, 0x0b, 0x31, 0xea, 0x3a, 0x2c, 0x3a, 0x0b, 0x3a, 0x4c, 0x3a, 0x2b,
  0x32, 0x0b, 0x42, 0x2b, 0x3a, 0x4c, 0x3a, 0x0b, 0x31, 0xeb, 0x4a, 0x8d,
  0x4a, 0x8d, 0x4a, 0x6c, 0x52, 0xae, 0x4a, 0x6c, 0x5a, 0xce, 0x5a, 0xad,
  0x52, 0x8b, 0x8c, 0x32, 0xf6, 0xfa, 0xff, 0x7c, 0xd6, 0x78, 0x83, 0xce,
  0xee, 0xfa, 0xff, 0x5b, 0xff, 0x3b, 0xff, 0x1a, 0xff, 0x5b, 0xff, 0x3a,
  0xff, 0x5b, 0xff, 0x3a, 0xff, 0x5b, 0xff, 0x5b, 0xff, 0x5b, 0xff, 0x3a,
  0xff, 0x5b, 0xff, 0x5b, 0xf7, 0x3a, 0xff, 0x3a, 0xff, 0x5b, 0xff, 0x5b,
  0xff, 0x3b, 0xff, 0x3a, 0xff, 0x5b, 0xff, 0x1a, 0xff, 0x7c, 0xd5, 0xf6,
  0x8c, 0x55, 0xbd, 0xba, 0xb5, 0x7a, 0xbd, 0x9a, 0xb5, 0x99, 0xef, 0x1f,
  0xce, 0x1d, 0xbd, 0x7a, 0xbd, 0x9b, 0xbd, 0x9b, 0xc6, 0x1b, 0xce, 0x1c,
  0xc5, 0xfd, 0xc5, 0x9b, 0xad, 0x58, 0xde, 0xbd, 0xef, 0x3f, 0xb5, 0x78,
  0xb5, 0x5a, 0xbd, 0x7a, 0xbd, 0xda, 0xde, 0xdd, 0xff, 0xdf, 0xf7, 0x7e,
  0xe6, 0xbc, 0xe6, 0x9c, 0xde, 0x1c, 0xdd, 0xfb, 0xdd, 0xfb, 0xee, 0x1b,
  0xde, 0x1b, 0xdd, 0xda, 0xe6, 0x5d, 0xbc, 0xf7, 0xad, 0x56, 0xff, 0xff,
  0xff, 0x7f, 0xcd, 0x37, 0x82, 0xef, 0xbc, 0x95, 0xff, 0x7f, 0xfe, 0xfc,
  0xed, 0xd9, 0xfe, 0xbc, 0xff, 0x7e, 0xff, 0x3d, 0xff, 0x5d, 0xff, 0x3d,
  0xff, 0x3d, 0xff, 0x3d, 0xff, 0x3d, 0xff, 0x1d, 0xff, 0x3d, 0xff, 0x3d,
  0xff, 0x3d, 0xff, 0x1c, 0xff, 0x5d, 0xff, 0x1c, 0xff, 0x3d, 0xff, 0x1d,
  0xff, 0x3d, 0xff, 0x1d, 0xff, 0xbf, 0xee, 0xdb, 0xec, 0x56, 0xc3, 0x10,
  0xa3, 0x11, 0xbb, 0xb3, 0xad, 0x9b, 0xb5, 0xbb, 0xbd, 0x9a, 0xf7, 0x1f,
  0xce, 0x5c, 0xc5, 0xda, 0xad, 0x7a, 0xbd, 0xbb, 0xbd, 0xba, 0xee, 0xff,
  0xbd, 0xba, 0xbd, 0x99, 0xbd, 0xbb, 0xbd, 0x79, 0xb5, 0x99, 0xde, 0x9d,
  0xd6, 0x5e, 0xb5, 0x59, 0xb5, 0x7a, 0xbd, 0x5a, 0xc5, 0xdb, 0xcd, 0xfb,
  0xbd, 0x9b, 0xb5, 0x59, 0xce, 0x5b, 0xff, 0x9f, 0xff, 0xff, 0xff, 0xff,
  0xff, 0xff, 0xff, 0xff, 0xff, 0xbf, 0xb5, 0x76, 0xc5, 0x75, 0xbd, 0x13,
  0xf6, 0xfa, 0xff, 0x7c, 0xf7, 0x1b, 0xde, 0x77, 0xf7, 0x1a, 0xff, 0x7b,
  0xf7, 0x3b, 0xff, 0x3a, 0xff, 0x5b, 0xff, 0x5b, 0xff, 0x5b, 0xff, 0x3a,
  0xff, 0x5b, 0xff, 0x3a, 0xff, 0x7b, 0xff, 0x5b, 0xf7, 0x3b, 0xff, 0x3a,
  0xff, 0x5b, 0xf7, 0x1a, 0xf7, 0x1a, 0xff, 0x3a, 0xff, 0x7b, 0xff, 0x3a,
  0xf7, 0x3a, 0xff, 0x3a, 0xff, 0x5b, 0xff, 0x3a, 0xf7, 0x3a, 0xff, 0x3a,
  0xff, 0xbe, 0xff, 0xdf, 0xff, 0xff, 0xff, 0xff, 0xfe, 0xbb, 0xf6, 0x7b,
  0xfd, 0x97, 0xe4, 0xf5, 0xd4, 0x52, 0xed, 0x56, 0xf6, 0x59, 0xfe, 0xbb,
  0xf6, 0xfa, 0xee, 0xda, 0xff, 0x3b, 0xff, 0x5c, 0xff, 0x1c, 0xf6, 0xdb,
  0xf6, 0xda, 0xff, 0x7d, 0xff, 0xbd, 0xff, 0x9d, 0xff, 0x9d, 0xff, 0xde,
  0xff, 0x9e, 0xff, 0x9d, 0xff, 0x5c, 0xff, 0x5c, 0xff, 0x5c, 0xf7, 0x3c,
  0xff, 0x1b, 0xff, 0x3c, 0xff, 0x3c, 0xff, 0x7d, 0xff, 0x7d, 0xff, 0x9d,
  0xff, 0x7c, 0xff, 0xbe, 0xfe, 0xfb, 0xf6, 0xbb, 0xf6, 0xba, 0xf6, 0xfb,
  0xf6, 0x7a, 0xe6, 0x59, 0xfe, 0x1a, 0xfe, 0x5b, 0xfd, 0xf8, 0xe5, 0x56,
  0xa3, 0xb0, 0x7a, 0xac, 0x39, 0xca, 0x31, 0xa9, 0x29, 0xa9, 0x2a, 0x0b,
  0x32, 0x0a, 0x32, 0x2b, 0x39, 0xea, 0x31, 0xea, 0x3a, 0x0a, 0x3a, 0x4c,
  0x3a, 0x0a, 0x31, 0xea, 0x31, 0xc9, 0x32, 0x0b, 0x42, 0x2b, 0x31, 0xeb,
  0x3a, 0x0b, 0x3a, 0x0b, 0x39, 0xea, 0x3a, 0x2b, 0x42, 0x2b, 0x3a, 0x2b,
  0x4a, 0x4c, 0x3a, 0x2b, 0x4a, 0x4c, 0x42, 0x6c, 0x5a, 0x8c, 0x52, 0xac,
  0x62, 0xee, 0x52, 0x8d, 0x7b, 0x6d, 0xde, 0xba, 0xb4, 0xf2, 0xde, 0x78,
  0xff, 0x3b, 0xf7, 0x1a, 0xff, 0x5b, 0xf7, 0x3a, 0xff, 0x5a, 0xff, 0x5b,
  0xff, 0x3a, 0xff, 0x5a, 0xff, 0x5a, 0xf7, 0x3a, 0xff, 0x3a, 0xff, 0x5b,
  0xff, 0x3a, 0xff, 0x5b, 0xff, 0x5b, 0xff, 0x5b, 0xff, 0x3a, 0xff, 0x5b,
  0xff, 0x5a, 0xff, 0x5b, 0xff, 0x5a, 0xff, 0x5b, 0xff, 0x3b, 0x8c, 0x0f,
  0xad, 0x18, 0xc6, 0x1c, 0xcd, 0xfb, 0xd6, 0x9d, 0xde, 0x7b, 0xf7, 0x7f,
  0xd6, 0x5c, 0xbd, 0x99, 0xc5, 0x9a, 0xbd, 0xba, 0xcd, 0xfb, 0xbd, 0x9a,
  0xbd, 0x59, 0xbd, 0x9b, 0xc5, 0xba, 0xb5, 0x99, 0xee, 0xfe, 0xef, 0x1f,
  0xbd, 0x99, 0xd6, 0x7c, 0xff, 0xdf, 0xf7, 0xdf, 0xee, 0xdd, 0xd6, 0x5b,
  0xdd, 0xfa, 0xde, 0x3b, 0xe5, 0xfb, 0xe6, 0x3c, 0xee, 0x3b, 0xf6, 0xbd,
  0xee, 0x5c, 0xee, 0x7c, 0xf6, 0xbe, 0xc5, 0x38, 0xbd, 0xb7, 0xff, 0xff,
  0xf6, 0xfd, 0x94, 0x12, 0xbb, 0x11, 0xb2, 0xf1, 0xfe, 0xbc, 0xff, 0x3d,
  0xed, 0x77, 0xfe, 0xdd, 0xff, 0x5d, 0xff, 0x5d, 0xff, 0x3d, 0xff, 0x5d,
  0xff, 0x3c, 0xff, 0x5d, 0xff, 0x3d, 0xff, 0x3d, 0xff, 0x3c, 0xff, 0x5d,
  0xff, 0x3c, 0xff, 0x5d, 0xff, 0x1c, 0xff, 0x3d, 0xff, 0x1c, 0xff, 0x3d,
  0xff, 0x7d, 0xff, 0x5d, 0xed, 0x17, 0xbb, 0xd2, 0xcb, 0x31, 0xc3, 0x52,
  0xce, 0x1a, 0xef, 0x3f, 0xce, 0x1c, 0xb5, 0x9b, 0xc5, 0x79, 0xf7, 0x3f,
  0xe6, 0xfd, 0xde, 0xbd, 0xc5, 0xba, 0xbd, 0x9a, 0xd6, 0x7b, 0xef, 0x5f,
  0xd6, 0x5c, 0xbd, 0xda, 0xcd, 0xdb, 0xbd, 0xba, 0xd6, 0x3b, 0xde, 0x9d,
  0xbd, 0x79, 0xbd, 0x9a, 0xbd, 0x9a, 0xbd, 0xbb, 0xbd, 0x9a, 0xb5, 0x7a,
  0xc5, 0xb9, 0xde, 0xde, 0xff, 0xff, 0xff, 0xff, 0xff, 0xdf, 0xff, 0xff,
  0xff, 0xff, 0xff, 0xff, 0xff, 0xff, 0xef, 0x5e, 0xb3, 0xaf, 0xb3, 0xf0,
  0xdc, 0x11, 0xec, 0xf4, 0xed, 0xf6, 0xfe, 0x99, 0xd6, 0x56, 0xef, 0x19,
  0xff, 0x7b, 0xff, 0x5b, 0xff, 0x5b, 0xff, 0x5b, 0xff, 0x1a, 0xff, 0x5b,
  0xff, 0x3a, 0xff, 0x5b, 0xff, 0x5a, 0xff, 0x5b, 0xff, 0x5b, 0xff, 0x5b,
  0xff, 0x3a, 0xff, 0x5a, 0xff, 0x1a, 0xff, 0x5a, 0xff, 0x3a, 0xff, 0x3b,
  0xff, 0x3a, 0xff, 0x5b, 0xff, 0x3a, 0xf7, 0x1a, 0xff, 0x1a, 0xff, 0x5b,
  0xff, 0xff, 0xff, 0x9e, 0xfe, 0x3a, 0xf5, 0xd8, 0xe5, 0x57, 0xdd, 0x15,
  0xe5, 0xd8, 0xfe, 0x9a, 0xf7, 0x3c, 0xff, 0x9d, 0xff, 0xbe, 0xff, 0x9d,
  0xff, 0xbd, 0xff, 0x9d, 0xff, 0x9d, 0xff, 0x9d, 0xff, 0x5e, 0xff, 0x3d,
  0xf7, 0x1c, 0xff, 0x3c, 0xff, 0x5d, 0xf6, 0xba, 0xee, 0x9a, 0xfe, 0xba,
  0xf7, 0x1c, 0xff, 0x3c, 0xff, 0x7d, 0xff, 0x9d, 0xff, 0xde, 0xff, 0xde,
  0xff, 0xbe, 0xff, 0x9d, 0xf7, 0x5d, 0xff, 0x3c, 0xff, 0x9e, 0xff, 0x5c,
  0xf6, 0xfc, 0xfe, 0xfc, 0xf6, 0xdc, 0xf6, 0xbb, 0xf6, 0x7b, 0xfe, 0x5b,
  0xee, 0x7a, 0xfe, 0xdb, 0xee, 0xfb, 0xee, 0xda, 0xee, 0xba, 0xff, 0x1b,
  0xfe, 0xfc, 0xff, 0x1c, 0xee, 0x7a, 0xbc, 0xb2, 0x7b, 0x4f, 0x59, 0xea,
  0x21, 0xaa, 0x29, 0xa9, 0x29, 0xeb, 0x32, 0x0b, 0x31, 0xeb, 0x31, 0xea,
  0x31, 0xeb, 0x31, 0xeb, 0x29, 0xeb, 0x31, 0xca, 0x31, 0xeb, 0x31, 0xca,
  0x32, 0x0b, 0x3a, 0x0b, 0x3a, 0x0b, 0x3a, 0x0b, 0x3a, 0x4c, 0x3a, 0x0b,
  0x3a, 0x2b, 0x42, 0x4c, 0x42, 0x6c, 0x42, 0x2b, 0x4a, 0x8c, 0x52, 0x8c,
  0x4a, 0x6d, 0x52, 0xad, 0x5a, 0xee, 0x4a, 0x4b, 0xad, 0x13, 0xff, 0xbe,
  0xf6, 0xfa, 0xff, 0x3b, 0xf7, 0x3a, 0xff, 0x3a, 0xff, 0x5b, 0xff, 0x5b,
  0xff, 0x5b, 0xff, 0x3a, 0xff, 0x7b, 0xff, 0x3a, 0xff, 0x5b, 0xff, 0x3a,
  0xff, 0x5b, 0xff, 0x5b, 0xff, 0x5b, 0xff, 0x3a, 0xf7, 0x3a, 0xff, 0x1a,
  0xf7, 0x3a, 0xff, 0x3a, 0xff, 0x5b, 0xff, 0x7b, 0xc5, 0xd8, 0xa4, 0x93,
  0xc5, 0xfc, 0xc5, 0x9b, 0xc6, 0x1b, 0xe6, 0xbd, 0xd6, 0x9c, 0xff, 0x9f,
  0xd6, 0x9d, 0xbd, 0x98, 0xbd, 0xbb, 0xc5, 0xba, 0xc5, 0xdb, 0xc5, 0xba,
  0xbd, 0x9a, 0xc5, 0xda, 0xbd, 0xba, 0xbd, 0x9a, 0xde, 0xdd, 0xff, 0xff,
  0xff, 0xdf, 0xff, 0xff, 0xe6, 0xde, 0xcd, 0xfb, 0xd5, 0xdb, 0xd5, 0xdb,
  0xdd, 0xfb, 0xee, 0x3c, 0xee, 0x7d, 0xee, 0x3c, 0xe6, 0x7c, 0xee, 0x7c,
  0xe6, 0x9c, 0xe6, 0x7b, 0xe7, 0x1e, 0xbd, 0x98, 0xad, 0x76, 0xff, 0xff,
  0xe7, 0x3e, 0x9c, 0xd4, 0xba, 0xd1, 0xe3, 0xd5, 0xb3, 0xd2, 0xfe, 0x3b,
  0xdd, 0x57, 0xfe, 0x9c, 0xff, 0x5d, 0xff, 0x3d, 0xff, 0x5d, 0xff, 0x3d,
  0xff, 0x3d, 0xff, 0x3d, 0xff, 0x3d, 0xff, 0x1c, 0xff, 0x3d, 0xff, 0x3d,
  0xff, 0x3d, 0xff, 0x1d, 0xff, 0x1d, 0xfe, 0xfc, 0xff, 0x7e, 0xff, 0x9e,
  0xed, 0xfa, 0xbc, 0x12, 0xdb, 0x13, 0xd2, 0xb1, 0x8c, 0x14, 0xc5, 0x99,
  0xf7, 0x7f, 0xc5, 0xfa, 0xc5, 0xbc, 0xc5, 0x9b, 0xbd, 0xb9, 0xee, 0xfe,
  0xc6, 0x1b, 0xc5, 0xfa, 0xbd, 0x9a, 0xbd, 0x59, 0xef, 0x1f, 0xe6, 0xbd,
  0xe6, 0xdf, 0xce, 0x1b, 0xb5, 0x79, 0xd6, 0x5c, 0xde, 0xde, 0xbd, 0x9a,
  0xbd, 0xbb, 0xc5, 0xdb, 0xbd, 0xdb, 0xbd, 0x7a, 0xb5, 0x7a, 0xce, 0x1c,
  0xf7, 0xbf, 0xff, 0xff, 0xff, 0xff, 0xff, 0xff, 0xff, 0xff, 0xf7, 0x5d,
  0xd6, 0xbc, 0xc5, 0xd8, 0xad, 0x58, 0xbd, 0xb9, 0x94, 0x33, 0x8b, 0xd1,
  0xd4, 0x10, 0xe4, 0x51, 0xd4, 0x31, 0xe4, 0x72, 0xf6, 0xfa, 0xee, 0xb9,
  0xe6, 0xb9, 0xff, 0x1a, 0xff, 0x7c, 0xff, 0x3b, 0xf7, 0x3b, 0xff, 0x3b,
  0xff, 0x3b, 0xff, 0x3b, 0xff, 0x5b, 0xff, 0x5b, 0xff, 0x5b, 0xff, 0x5b,
  0xff, 0x3b, 0xff, 0x3a, 0xff, 0x5b, 0xff, 0x1a, 0xf7, 0x1a, 0xff, 0x3b,
  0xff, 0x5b, 0xff, 0x3b, 0xff, 0x3b, 0xff, 0x1a, 0xf7, 0x3b, 0xff, 0x3b,
  0xed, 0x16, 0xdc, 0xd5, 0xe4, 0xf4, 0xed, 0x77, 0xf5, 0xf8, 0xfe, 0x7a,
  0xff, 0x1b, 0xff, 0x5c, 0xfe, 0xdb, 0xf6, 0xdb, 0xfe, 0xdb, 0xee, 0x7a,
  0xfe, 0x9a, 0xfe, 0xdb, 0xff, 0x1b, 0xff, 0x1b, 0xff, 0x5c, 0xff, 0x7d,
  0xff, 0x9c, 0xff, 0xbd, 0xff, 0x9d, 0xff, 0xbe, 0xff, 0xbe, 0xff, 0x9d,
  0xff, 0x5c, 0xff, 0x5c, 0xff, 0x1b, 0xff, 0x3c, 0xfe, 0xfb, 0xff, 0x1c,
  0xff, 0x5c, 0xff, 0x9d, 0xff, 0xde, 0xff, 0xfe, 0xfe, 0xfc, 0xee, 0x7a,
  0xfe, 0xdb, 0xfe, 0xfc, 0xf6, 0xba, 0xf6, 0xdb, 0xf6, 0xfb, 0xff, 0x5c,
  0xff, 0x3c, 0xff, 0x7d, 0xff, 0x7c, 0xff, 0xbe, 0xff, 0x7c, 0xff, 0xbe,
  0xff, 0x5c, 0xf7, 0x5c, 0xff, 0x5c, 0xff, 0xbe, 0xff, 0x5d, 0xf6, 0x79,
  0xc4, 0x73, 0x82, 0xac, 0x39, 0xea, 0x29, 0x89, 0x29, 0xca, 0x32, 0x0b,
  0x31, 0xea, 0x31, 0xea, 0x39, 0xea, 0x31, 0xea, 0x31, 0xc9, 0x3a, 0x2b,
  0x42, 0x2b, 0x31, 0xea, 0x3a, 0x0a, 0x32, 0x0b, 0x31, 0xea, 0x32, 0x0b,
  0x39, 0xea, 0x42, 0x6c, 0x4a, 0x4c, 0x3a, 0x0b, 0x42, 0x2c, 0x4a, 0xae,
  0x4a, 0x6b, 0x4a, 0x8c, 0x5a, 0xad, 0x42, 0x4c, 0x62, 0xcc, 0xc6, 0x19,
  0xff, 0x9a, 0xff, 0x3a, 0xff, 0x3b, 0xff, 0x3b, 0xff, 0x5a, 0xf7, 0x3a,
  0xff, 0x3a, 0xff, 0x3a, 0xff, 0x5a, 0xff, 0x5b, 0xff, 0x5a, 0xff, 0x5a,
  0xff, 0x5a, 0xff, 0x7b, 0xff, 0x3a, 0xff, 0x5b, 0xff, 0x5a, 0xff, 0x3a,
  0xff, 0x3a, 0xff, 0x5b, 0xff, 0x5b, 0xee, 0xf9, 0x94, 0x53, 0xc5, 0xda,
  0xc5, 0xba, 0xbd, 0x9a, 0xd6, 0x1c, 0xd6, 0x7d, 0xc5, 0xd9, 0xe7, 0x1e,
  0xe6, 0xbe, 0xbd, 0xba, 0xbd, 0x7a, 0xc5, 0xdb, 0xc5, 0xbb, 0xbd, 0x7a,
  0xc5, 0x9a, 0xbd, 0x9a, 0xd6, 0x1a, 0xf7, 0x5f, 0xff, 0xff, 0xff, 0xff,
  0xff, 0x5f, 0xce, 0x3a, 0xd5, 0xba, 0xde, 0x1c, 0xe5, 0xfa, 0xee, 0x5c,
  0xee, 0x7c, 0xe6, 0x5c, 0xde, 0x3a, 0xe6, 0xbd, 0xff, 0x9e, 0xff, 0xdf,
  0xff, 0xff, 0xff, 0xff, 0xff, 0xff, 0xe7, 0x1d, 0xb5, 0x35, 0xff, 0xbf,
  0xff, 0xbf, 0xce, 0x9b, 0xba, 0xb0, 0xd3, 0xb4, 0xe3, 0x31, 0xdb, 0x32,
  0xcc, 0xf5, 0xfe, 0xdd, 0xff, 0x5d, 0xff, 0x3d, 0xff, 0x1c, 0xff, 0x3d,
  0xff, 0x3d, 0xff, 0x3d, 0xff, 0x3c, 0xff, 0x3d, 0xfe, 0xfc, 0xff, 0x3d,
  0xff, 0x3c, 0xff, 0x5d, 0xff, 0x9e, 0xff, 0xbf, 0xee, 0x5a, 0xac, 0xb4,
  0xeb, 0x33, 0xda, 0xf2, 0x8b, 0x30, 0xb4, 0x76, 0xc5, 0xdb, 0xbd, 0xba,
  0xee, 0xfe, 0xc5, 0xfb, 0xb5, 0x59, 0xbd, 0xba, 0xc5, 0xd9, 0xef, 0x3f,
  0xcd, 0xba, 0xc5, 0xba, 0xb5, 0x79, 0xce, 0x3c, 0xe6, 0xde, 0xb5, 0x78,
  0xc5, 0xbb, 0xc5, 0xbb, 0xce, 0x1a, 0xef, 0x5f, 0xef, 0x1e, 0xd6, 0x7b,
  0xbd, 0x9a, 0xc5, 0xdb, 0xc5, 0xba, 0xc5, 0xdb, 0xe6, 0xdc, 0xff, 0xbf,
  0xff, 0xbd, 0xff, 0xff, 0xff, 0xff, 0xe7, 0x1d, 0xbd, 0x98, 0xa4, 0xf5,
  0xa4, 0xd5, 0xce, 0x3b, 0xad, 0x17, 0xde, 0x9d, 0xc6, 0x1c, 0x84, 0x54,
  0x8b, 0x0c, 0xdd, 0xb7, 0xfd, 0xd6, 0xe4, 0x50, 0xee, 0x16, 0xff, 0x5b,
  0xf6, 0xf9, 0xde, 0x98, 0xee, 0xb8, 0xf7, 0x1a, 0xff, 0x7b, 0xff, 0x5b,
  0xff, 0x3a, 0xff, 0x5b, 0xff, 0x3a, 0xff, 0x5b, 0xff, 0x3a, 0xff, 0x5b,
  0xff, 0x3a, 0xff, 0x5a, 0xff, 0x3a, 0xff, 0x5b, 0xff, 0x5b, 0xff, 0x5b,
  0xff, 0x5b, 0xff, 0x5b, 0xff, 0x1a, 0xff, 0x3b, 0xff, 0x3a, 0xff, 0x5b,
  0xe5, 0x97, 0xfe, 0x19, 0xee, 0xba, 0xff, 0x5c, 0xff, 0xbe, 0xff, 0xbd,
  0xff, 0xbe, 0xff, 0x9d, 0xff, 0xbe, 0xff, 0x9d, 0xff, 0xbe, 0xff, 0x7d,
  0xff, 0x7d, 0xff, 0x7c, 0xff, 0x5c, 0xff, 0x3c, 0xff, 0x5d, 0xf6, 0xfb,
  0xf6, 0xbb, 0xfe, 0xba, 0xf6, 0xba, 0xfe, 0xdb, 0xf7, 0x5d, 0xff, 0x7d,
  0xff, 0xbe, 0xff, 0xbe, 0xff, 0xff, 0xff, 0xde, 0xff, 0xbe, 0xff, 0x7c,
  0xff, 0x3c, 0xfe, 0xfb, 0xf6, 0xbb, 0xee, 0x5a, 0xf7, 0x3c, 0xff, 0x7d,
  0xf6, 0xfc, 0xee, 0xba, 0xf7, 0x1b, 0xff, 0x5c, 0xff, 0x9e, 0xff, 0x5d,
  0xff, 0x9d, 0xff, 0x7d, 0xff, 0x9e, 0xff, 0x9e, 0xf7, 0x3c, 0xff, 0x1c,
  0xff, 0x5d, 0xff, 0x9d, 0xff, 0x7e, 0xff, 0x5d, 0xff, 0x7d, 0xff, 0x7d,
  0xff, 0x7e, 0xfe, 0xfb, 0xe5, 0x77, 0xab, 0x8f, 0x4a, 0x2c, 0x39, 0x69,
  0x21, 0xca, 0x31, 0xeb, 0x31, 0xeb, 0x39, 0xea, 0x29, 0xeb, 0x3a, 0x0b,
  0x3a, 0x0b, 0x39, 0xea, 0x31, 0xeb, 0x3a, 0x2b, 0x31, 0xeb, 0x39, 0xea,
  0x31, 0xeb, 0x42, 0x4c, 0x3a, 0x0b, 0x42, 0x2b, 0x3a, 0x2b, 0x42, 0x2b,
  0x42, 0x6c, 0x4a, 0x8d, 0x42, 0x4c, 0x52, 0x8d, 0x52, 0xad, 0x5a, 0xcd,
  0xe6, 0xb9, 0xff, 0x7c, 0xf7, 0x3a, 0xff, 0x3a, 0xff, 0x5b, 0xff, 0x1a,
  0xf7, 0x3a, 0xff, 0x3a, 0xff, 0x5b, 0xff, 0x3a, 0xff, 0x3b, 0xff, 0x3b,
  0xff, 0x5b, 0xff, 0x3b, 0xf7, 0x3b, 0xff, 0x3b, 0xff, 0x5b, 0xff, 0x5b,
  0xff, 0x3b, 0xff, 0x1a, 0xff, 0xbe, 0x9c, 0x91, 0x94, 0x96, 0xce, 0x1c,
  0xbd, 0xbb, 0xcd, 0xdb, 0xbd, 0xbb, 0xbd, 0x5a, 0xb5, 0x79, 0xe6, 0xde,
  0xde, 0xbe, 0xb5, 0x78, 0xbd, 0x9b, 0xbd, 0x7a, 0xb5, 0x79, 0xc5, 0xba,
  0xde, 0x9c, 0xef, 0x1d, 0xff, 0x9e, 0xff, 0x7d, 0xf7, 0x7f, 0xde, 0xbc,
  0xcd, 0xdc, 0xcd, 0xbb, 0xe6, 0x1b, 0xf6, 0x3c, 0xe6, 0x7c, 0xee, 0x7c,
  0xe6, 0xfd, 0xff, 0x7f, 0xf7, 0x9e, 0xff, 0xdf, 0xff, 0xff, 0xff, 0xff,
  0xf7, 0xdf, 0xff, 0xdf, 0xff, 0xff, 0xef, 0x5d, 0xb5, 0x56, 0xff, 0x7e,
  0xef, 0x9f, 0xff, 0xdf, 0xc4, 0xb7, 0x8a, 0xd0, 0xfb, 0x95, 0xfb, 0x54,
  0xc3, 0xb3, 0xdc, 0x35, 0xee, 0xbc, 0xff, 0x3d, 0xff, 0x7e, 0xff, 0x7e,
  0xff, 0x7e, 0xff, 0x5e, 0xff, 0x7e, 0xff, 0x7e, 0xff, 0x9e, 0xff, 0x9e,
  0xff, 0x9e, 0xff, 0x1c, 0xde, 0x3b, 0xac, 0x94, 0xcb, 0x12, 0xdb, 0x32,
  0xab, 0x72, 0x9a, 0xcf, 0xbe, 0x3b, 0xc6, 0x5c, 0xbd, 0x7a, 0xbd, 0x9a,
  0xd6, 0x9d, 0xe6, 0xbd, 0xb5, 0x9a, 0xbd, 0x7a, 0xc5, 0xdb, 0xee, 0xff,
  0xbd, 0x7a, 0xbd, 0x7a, 0xbd, 0xba, 0xee, 0xff, 0xce, 0x3c, 0xc5, 0xba,
  0xb5, 0x7a, 0xcd, 0xfc, 0xe6, 0xfe, 0xce, 0x1b, 0xd6, 0x5d, 0xc5, 0xdb,
  0xc5, 0xdc, 0xbd, 0x7a, 0xce, 0x3b, 0xff, 0x7f, 0xff, 0xff, 0xff, 0xff,
  0xff, 0xdf, 0xd6, 0x99, 0xbd, 0xba, 0xb5, 0x58, 0xb5, 0x59, 0xef, 0x1f,
  0xc6, 0x1b, 0xf7, 0x7f, 0xbd, 0xdb, 0xce, 0x1c, 0xef, 0x5f, 0xce, 0x1b,
  0xa4, 0x75, 0x9c, 0x13, 0xec, 0x93, 0xec, 0x93, 0xf6, 0xd9, 0xff, 0x3a,
  0xf7, 0x5b, 0xff, 0x5b, 0xee, 0xb9, 0xee, 0x78, 0xe6, 0xb9, 0xf6, 0xfa,
  0xf7, 0x3b, 0xf7, 0x1a, 0xf7, 0x3b, 0xff, 0x3a, 0xf7, 0x3a, 0xff, 0x1a,
  0xff, 0x5b, 0xf7, 0x1a, 0xf7, 0x3b, 0xff, 0x5b, 0xff, 0x5b, 0xff, 0x3a,
  0xff, 0x3b, 0xff, 0x3a, 0xf7, 0x3b, 0xff, 0x3a, 0xff, 0x5b, 0xff, 0x3a,
  0xfe, 0xdb, 0xf6, 0xba, 0xff, 0x5c, 0xff, 0x5c, 0xff, 0x3b, 0xff, 0x5c,
  0xff, 0x5c, 0xff, 0x5c, 0xff, 0x5c, 0xff, 0x7d, 0xff, 0x9d, 0xff, 0xde,
  0xff, 0x9d, 0xff, 0xbe, 0xff, 0xdd, 0xff, 0xfe, 0xff, 0xdd, 0xff, 0xde,
  0xff, 0xbd, 0xff, 0xbe, 0xff, 0x7c, 0xff, 0x7d, 0xff, 0x5c, 0xf7, 0x3c,
  0xff, 0x1b, 0xf7, 0x3c, 0xff, 0x1b, 0xff, 0x3c, 0xff, 0x9d, 0xff, 0xde,
  0xff, 0xbe, 0xf6, 0xfb, 0xfe, 0xfb, 0xff, 0x3d, 0xfe, 0x9a, 0xf6, 0x7a,
  0xee, 0x9a, 0xff, 0x7d, 0xff, 0xdd, 0xff, 0xde, 0xff, 0xde, 0xff, 0xbe,
  0xff, 0x9d, 0xff, 0x7d, 0xff, 0x1b, 0xff, 0x7d, 0xff, 0xbd, 0xff, 0xbe,
  0xff, 0x7c, 0xf7, 0x5c, 0xff, 0x5c, 0xff, 0x7d, 0xff, 0x9d, 0xff, 0x5d,
  0xff, 0x5c, 0xff, 0x7d, 0xff, 0x7d, 0xff, 0x5d, 0xfe, 0x39, 0xbc, 0x31,
  0x5a, 0x6c, 0x39, 0x89, 0x29, 0xea, 0x2a, 0x0b, 0x31, 0xe9, 0x32, 0x0a,
  0x31, 0xea, 0x31, 0xea, 0x31, 0xea, 0x32, 0x0b, 0x31, 0xea, 0x3a, 0x2b,
  0x42, 0x2b, 0x3a, 0x0b, 0x42, 0x0b, 0x3a, 0x0b, 0x42, 0x0b, 0x42, 0x4c,
  0x4a, 0x6c, 0x4a, 0x8d, 0x42, 0x0b, 0x4a, 0x6c, 0x5a, 0xcd, 0x52, 0x8c,
  0x8b, 0xae, 0xff, 0x7d, 0xff, 0x3a, 0xff, 0x5a, 0xff, 0x3a, 0xff, 0x3a,
  0xff, 0x3a, 0xff, 0x5b, 0xff, 0x5a, 0xff, 0x7b, 0xff, 0x5b, 0xff, 0x5b,
  0xff, 0x3a, 0xff, 0x5b, 0xff, 0x3a, 0xff, 0x5b, 0xff, 0x5b, 0xff, 0x5b,
  0xff, 0x59, 0xff, 0x7a, 0xee, 0xfb, 0x8c, 0x30, 0xc5, 0xdb, 0xad, 0x59,
  0xbd, 0x99, 0xbd, 0xba, 0xc5, 0xba, 0xc5, 0xdb, 0xc5, 0xb9, 0xd6, 0x9d,
  0xef, 0x1f, 0xbd, 0x99, 0xbd, 0x7a, 0xc5, 0xfc, 0xde, 0x9c, 0xff, 0x9f,
  0xff, 0xbe, 0xff, 0x9e, 0xff, 0x9e, 0xf7, 0x7e, 0xdd, 0xfb, 0xd5, 0xba,
  0xdd, 0xda, 0xee, 0x5c, 0xee, 0x7c, 0xde, 0x3b, 0xef, 0x1d, 0xff, 0xdf,
  0xff, 0xff, 0xff, 0xff, 0xff, 0x9d, 0xff, 0xdf, 0xff, 0xff, 0xff, 0xff,
  0xef, 0x1c, 0xf7, 0xbf, 0xff, 0xff, 0xff, 0xdf, 0xa4, 0xb3, 0xf7, 0x7e,
  0xff, 0x7d, 0xff, 0xff, 0xff, 0xdf, 0x84, 0x32, 0xd2, 0x4f, 0xfb, 0xb5,
  0xfb, 0x73, 0xfb, 0x12, 0xcb, 0xb2, 0xd4, 0x34, 0xcd, 0x36, 0xe6, 0x19,
  0xee, 0x59, 0xee, 0x7a, 0xee, 0x5a, 0xee, 0x5a, 0xed, 0xf9, 0xd5, 0x98,
  0xd4, 0x74, 0xcc, 0x74, 0xea, 0xf1, 0xeb, 0x32, 0xd3, 0x32, 0xc3, 0x11,
  0xa4, 0xd7, 0xb5, 0xba, 0xd6, 0x3c, 0xde, 0xbe, 0xbd, 0x79, 0xbd, 0xba,
  0xd6, 0x3a, 0xe7, 0x1e, 0xc5, 0xba, 0xbd, 0x9a, 0xcd, 0xfa, 0xe6, 0xfe,
  0xc5, 0x99, 0xbd, 0x9a, 0xde, 0x5c, 0xe6, 0xde, 0xbd, 0x99, 0xbd, 0x9a,
  0xce, 0x1a, 0xe6, 0xfe, 0xc5, 0xba, 0xb5, 0x79, 0xc5, 0xba, 0xbd, 0x9a,
  0xc5, 0xda, 0xe6, 0xfe, 0xff, 0xff, 0xff, 0xff, 0xff, 0xff, 0xe7, 0x3c,
  0xbd, 0x79, 0x9c, 0xb6, 0xe6, 0xde, 0xd6, 0x5c, 0xbd, 0x99, 0xef, 0x1f,
  0xbd, 0x78, 0xe6, 0xfe, 0xd6, 0x3c, 0xad, 0x38, 0xe6, 0xdd, 0xde, 0xbd,
  0xbd, 0xb9, 0x84, 0x13, 0x83, 0x6c, 0xde, 0x79, 0xff, 0x3a, 0xff, 0x7b,
  0xff, 0x1a, 0xff, 0x1a, 0xff, 0x5b, 0xff, 0x5b, 0xf7, 0x1a, 0xee, 0xf9,
  0xf6, 0xf9, 0xf6, 0xf9, 0xff, 0x5a, 0xff, 0x5b, 0xff, 0x5a, 0xff, 0x5b,
  0xff, 0x3a, 0xff, 0x3a, 0xff, 0x5a, 0xff, 0x5a, 0xff, 0x3a, 0xff, 0x5b,
  0xff, 0x3a, 0xff, 0x5b, 0xff, 0x5a, 0xff, 0x5a, 0xff, 0x5a, 0xff, 0x5b,
  0xf6, 0xdb, 0xfe, 0xda, 0xf6, 0xdb, 0xfe, 0xba, 0xee, 0xdb, 0xff, 0x1b,
  0xff, 0x1c, 0xfe, 0xba, 0xee, 0x9a, 0xf6, 0x9a, 0xf6, 0xdb, 0xfe, 0xdb,
  0xfe, 0xfb, 0xf6, 0xba, 0xf7, 0x1b, 0xff, 0x5c, 0xff, 0x9e, 0xff, 0x9d,
  0xff, 0xbe, 0xff, 0xbe, 0xff, 0xde, 0xff, 0xbd, 0xff, 0xbe, 0xff, 0x9d,
  0xff, 0xbe, 0xff, 0x9d, 0xff, 0x3c, 0xff, 0x1c, 0xff, 0x1c, 0xf6, 0xdb,
  0xe6, 0x7a, 0xff, 0x5d, 0xff, 0x7e, 0xee, 0x9a, 0xef, 0x1c, 0xff, 0x9e,
  0xff, 0x7e, 0xf6, 0xfb, 0xf7, 0x3c, 0xff, 0x3c, 0xf7, 0x7d, 0xff, 0x9d,
  0xff, 0xde, 0xff, 0xde, 0xff, 0xbe, 0xff, 0x7d, 0xff, 0x5d, 0xff, 0x3c,
  0xf7, 0x7d, 0xff, 0x9d, 0xff, 0x9d, 0xff, 0x3c, 0xff, 0x5d, 0xff, 0x5c,
  0xff, 0x9e, 0xff, 0x7d, 0xff, 0x7d, 0xff, 0x3c, 0xff, 0x7d, 0xff, 0x7d,
  0xfe, 0x5a, 0xcc, 0x52, 0x5a, 0x4d, 0x41, 0x48, 0x21, 0xcb, 0x31, 0xeb,
  0x32, 0x0b, 0x31, 0xca, 0x31, 0xea, 0x31, 0xca, 0x3a, 0x0b, 0x39, 0xeb,
  0x31, 0xeb, 0x3a, 0x0b, 0x32, 0x0b, 0x3a, 0x0b, 0x3a, 0x2c, 0x42, 0x2b,
  0x3a, 0x4c, 0x3a, 0x0b, 0x3a, 0x0b, 0x4a, 0x6d, 0x5a, 0xce, 0x5a, 0xce,
  0x52, 0x6b, 0xce, 0x19, 0xff, 0x7b, 0xff, 0x3a, 0xff, 0x5b, 0xff, 0x5b,
  0xff, 0x5b, 0xff, 0x3a, 0xf7, 0x3b, 0xff, 0x5b, 0xff, 0x5b, 0xff, 0x1a,
  0xff, 0x5b, 0xff, 0x5b, 0xf7, 0x3b, 0xff, 0x5b, 0xff, 0x3b, 0xff, 0x3b,
  0xff, 0x5c, 0xff, 0x7c, 0xad, 0x36, 0xb5, 0x56, 0xc5, 0xfc, 0xa4, 0xf8,
  0xce, 0x3c, 0xbd, 0x9a, 0xc5, 0xdc, 0xbd, 0x9a, 0xb5, 0x78, 0xde, 0x9d,
  0xef, 0x5f, 0xce, 0x1a, 0xe7, 0x1e, 0xff, 0xbf, 0xff, 0xff, 0xff, 0xff,
  0xff, 0xdf, 0xff, 0x7d, 0xf7, 0x5f, 0xd6, 0x19, 0xcd, 0x7a, 0xee, 0x1c,
  0xe6, 0x7c, 0xe6, 0x1b, 0xef, 0x5e, 0xff, 0xdf, 0xff, 0xff, 0xff, 0xff,
  0xff, 0xff, 0xff, 0x9e, 0xf7, 0x9e, 0xff, 0xff, 0xff, 0xdf, 0xff, 0xff,
  0xf7, 0xbf, 0xe6, 0xfd, 0xff, 0xff, 0xff, 0xff, 0xb5, 0x97, 0xde, 0x9b,
  0xff, 0xbf, 0xff, 0x7e, 0xdf, 0x3e, 0xff, 0xdf, 0xc4, 0x76, 0xa3, 0x31,
  0xfb, 0xb4, 0xfb, 0xf5, 0xfb, 0x95, 0xfb, 0x33, 0xeb, 0x33, 0xf3, 0x33,
  0xd3, 0x93, 0xd3, 0x73, 0xd3, 0x73, 0xdb, 0x72, 0xea, 0xf2, 0xf2, 0xf2,
  0xfa, 0xf3, 0xfa, 0xd2, 0xc3, 0x73, 0xba, 0xf1, 0xac, 0xf8, 0xde, 0x7e,
  0xc6, 0x1c, 0xbd, 0x7a, 0xb5, 0x7a, 0xde, 0x7d, 0xde, 0xbe, 0xc5, 0xba,
  0xbd, 0xb9, 0xef, 0x1e, 0xce, 0x3c, 0xbd, 0x79, 0xce, 0x5c, 0xde, 0x9e,
  0xbd, 0xba, 0xbd, 0x9a, 0xe6, 0xff, 0xc5, 0xdb, 0xb5, 0x99, 0xd6, 0x3b,
  0xe6, 0xff, 0xc5, 0xda, 0xbd, 0x9b, 0xc5, 0x9b, 0xb5, 0x9a, 0xd6, 0x3c,
  0xff, 0xbf, 0xff, 0xff, 0xff, 0xff, 0xd6, 0x9a, 0xbd, 0xd9, 0xc5, 0xfa,
  0xb5, 0x7a, 0xce, 0x1c, 0xef, 0x5f, 0xc5, 0xb9, 0xbd, 0xba, 0xef, 0x1f,
  0xb5, 0x99, 0xd6, 0x5c, 0xe7, 0x1f, 0xbd, 0x9a, 0xc6, 0x1b, 0xef, 0x1f,
  0xc6, 0x3d, 0xc5, 0xdb, 0x84, 0x73, 0xad, 0x76, 0xdf, 0x1a, 0xe7, 0x1a,
  0xff, 0x3b, 0xff, 0x3b, 0xff, 0x5b, 0xff, 0x5b, 0xff, 0x7b, 0xff, 0x5b,
  0xff, 0x5b, 0xff, 0x3a, 0xff, 0x5b, 0xff, 0x5b, 0xf7, 0x3a, 0xff, 0x5b,
  0xff, 0x5b, 0xff, 0x5b, 0xf7, 0x3a, 0xff, 0x3a, 0xf7, 0x3b, 0xff, 0x3a,
  0xff, 0x5b, 0xff, 0x3a, 0xf7, 0x3b, 0xff, 0x3a, 0xff, 0x5b, 0xff, 0x3a,
  0xff, 0xdd, 0xff, 0xdd, 0xff, 0xdd, 0xff, 0xfe, 0xff, 0xde, 0xff, 0xde,
  0xff, 0xdd, 0xff, 0xde, 0xff, 0xbd, 0xff, 0xde, 0xff, 0xbd, 0xff, 0xbd,
  0xff, 0x5c, 0xf7, 0x1b, 0xfe, 0xfb, 0xf6, 0xda, 0xf6, 0xfa, 0xf6, 0xfb,
  0xfe, 0xfb, 0xff, 0x1b, 0xff, 0x5c, 0xff, 0x9d, 0xff, 0xdd, 0xff, 0xde,
  0xff, 0xbd, 0xff, 0xbe, 0xff, 0xbe, 0xff, 0xff, 0xfe, 0xfb, 0xf7, 0x1b,
  0xff, 0x5c, 0xee, 0xdb, 0xee, 0x39, 0xfe, 0xdc, 0xff, 0x9d, 0xff, 0xbe,
  0xff, 0xbe, 0xff, 0xde, 0xff, 0xbe, 0xff, 0xbe, 0xff, 0x7c, 0xf7, 0x1b,
  0xfe, 0xfb, 0xff, 0x7d, 0xff, 0xbd, 0xff, 0xfe, 0xff, 0xbe, 0xff, 0xbe,
  0xff, 0x1b, 0xff, 0x3c, 0xff, 0x5c, 0xff, 0x9d, 0xff, 0xbd, 0xff, 0x9d,
  0xff, 0x7c, 0xff, 0x7d, 0xff, 0x9d, 0xff, 0xbe, 0xff, 0x7d, 0xff, 0x5d,
  0xff, 0x5c, 0xff, 0xbe, 0xfe, 0x7a, 0xcc, 0xd4, 0x6a, 0xcd, 0x31, 0x48,
  0x29, 0xc9, 0x32, 0x2b, 0x3a, 0x0a, 0x32, 0x0a, 0x39, 0xea, 0x32, 0x0b,
  0x39, 0xea, 0x3a, 0x4c, 0x42, 0x2b, 0x3a, 0x2b, 0x42, 0x2b, 0x31, 0xea,
  0x3a, 0x0a, 0x3a, 0x2b, 0x39, 0xea, 0x42, 0x6c, 0x42, 0x2b, 0x4a, 0x8d,
  0x4a, 0x2a, 0xa4, 0xf5, 0xff, 0x9b, 0xff, 0x3a, 0xff, 0x3a, 0xff, 0x5b,
  0xff, 0x7b, 0xff, 0x5b, 0xff, 0x3a, 0xf7, 0x3a, 0xff, 0x3a, 0xff, 0x5b,
  0xff, 0x5b, 0xff, 0x5b, 0xff, 0x5b, 0xf7, 0x3a, 0xff, 0x3a, 0xff, 0x5a,
  0xff, 0x5b, 0xee, 0xd9, 0x94, 0x54, 0xc5, 0xfa, 0xbd, 0x79, 0xad, 0x59,
  0xcd, 0xdb, 0xbd, 0x9a, 0xc5, 0xba, 0xc6, 0x1c, 0xef, 0x1d, 0xff, 0xdf,
  0xff, 0xff, 0xff, 0xff, 0xff, 0xff, 0xff, 0xff, 0xff, 0xff, 0xff, 0xff,
  0xff, 0xff, 0xf7, 0x9e, 0xd5, 0x9a, 0xcd, 0x9a, 0xe6, 0x7c, 0xe6, 0x7c,
  0xe6, 0x9b, 0xf7, 0x5e, 0xff, 0xbe, 0xff, 0xff, 0xff, 0xbe, 0xff, 0xbe,
  0xff, 0x9e, 0xff, 0xbf, 0xff, 0x7f, 0xde, 0x9c, 0xc5, 0xd9, 0xff, 0xbf,
  0xde, 0x9c, 0xb5, 0x98, 0xf7, 0x9f, 0xff, 0xff, 0xc6, 0x18, 0xa5, 0x56,
  0xff, 0xdf, 0xff, 0xdf, 0xd6, 0x59, 0xce, 0x38, 0xff, 0xff, 0xc6, 0x19,
  0xbb, 0x53, 0xab, 0x12, 0xf2, 0xf2, 0xfb, 0x74, 0xfb, 0x74, 0xfb, 0xb6,
  0xfb, 0x94, 0xfb, 0x74, 0xfb, 0x74, 0xfb, 0x33, 0xeb, 0x32, 0xe3, 0x32,
  0xb3, 0xb2, 0xb3, 0xf3, 0x9c, 0xb6, 0xad, 0x79, 0xcd, 0xda, 0xd6, 0x5c,
  0xe6, 0xbd, 0xc5, 0xda, 0xbd, 0x99, 0xbd, 0xba, 0xee, 0xfe, 0xd6, 0x5c,
  0xb5, 0x58, 0xde, 0xbe, 0xe6, 0xbd, 0xb5, 0x99, 0xd6, 0x5c, 0xd6, 0x9d,
  0xbd, 0x99, 0xd6, 0x7d, 0xde, 0x7c, 0xb5, 0x79, 0xce, 0x1b, 0xe6, 0xff,
  0xcd, 0xda, 0xc5, 0xba, 0xc5, 0xbb, 0xc5, 0xbb, 0xe6, 0xfb, 0xff, 0xff,
  0xff, 0xbf, 0xd6, 0x9a, 0xac, 0xf7, 0x9c, 0xb6, 0xe6, 0xde, 0xc6, 0x1b,
  0xbd, 0x79, 0xce, 0x3c, 0xe6, 0xbd, 0xbd, 0xb9, 0xcd, 0xfa, 0xef, 0x3f,
  0xc5, 0xb9, 0xc5, 0xfa, 0xf7, 0x3f, 0xbd, 0xba, 0xbd, 0x79, 0xd6, 0x7d,
  0xef, 0x1f, 0xbd, 0x99, 0xc5, 0xda, 0x8c, 0x55, 0xc6, 0x16, 0xd6, 0xd9,
  0xe6, 0xb8, 0xf7, 0x7b, 0xff, 0x5a, 0xff, 0x3a, 0xff, 0x1a, 0xff, 0x5b,
  0xff, 0x3a, 0xff, 0x3b, 0xff, 0x3a, 0xff, 0x5b, 0xff, 0x5a, 0xff, 0x7b,
  0xff, 0x3a, 0xff, 0x3a, 0xff, 0x3a, 0xff, 0x5b, 0xff, 0x3a, 0xf7, 0x3a,
  0xff, 0x5a, 0xff, 0x5b, 0xff, 0x1a, 0xff, 0x5b, 0xff, 0x3a, 0xff, 0x5b,
  0xf6, 0xba, 0xf6, 0xba, 0xf6, 0x9a, 0xfe, 0xdb, 0xfe, 0xdb, 0xfe, 0x9a,
  0xf6, 0xfb, 0xff, 0x1b, 0xff, 0x7d, 0xff, 0x5c, 0xff, 0xbe, 0xff, 0xde,
  0xff, 0xfe, 0xff, 0xde, 0xff, 0xbe, 0xff, 0xbd, 0xff, 0x9e, 0xff, 0x7d,
  0xff, 0x5d, 0xff, 0x1c, 0xff, 0x1c, 0xfe, 0xfb, 0xf7, 0x1c, 0xff, 0x1b,
  0xff, 0x7d, 0xff, 0x9d, 0xff, 0xdf, 0xf6, 0xdb, 0xee, 0xfb, 0xff, 0x9d,
  0xee, 0xba, 0xf6, 0xba, 0xff, 0xbf, 0xff, 0x5d, 0xf7, 0x1c, 0xff, 0x1c,
  0xf7, 0x7d, 0xff, 0x7d, 0xff, 0x9e, 0xff, 0xde, 0xff, 0xbe, 0xff, 0xbe,
  0xff, 0x9e, 0xff, 0x5c, 0xff, 0x3c, 0xff, 0x3c, 0xff, 0x9d, 0xff, 0x9d,
  0xff, 0xde, 0xff, 0xbd, 0xff, 0x9d, 0xff, 0x3c, 0xff, 0x5d, 0xff, 0x7d,
  0xff, 0xbe, 0xff, 0x9d, 0xff, 0x5d, 0xff, 0x5d, 0xff, 0x9e, 0xff, 0x9d,
  0xff, 0x7e, 0xff, 0x5d, 0xff, 0x7d, 0xff, 0xbe, 0xfe, 0xbb, 0xbc, 0x51,
  0x4a, 0x4b, 0x31, 0x27, 0x29, 0xeb, 0x31, 0xeb, 0x31, 0xeb, 0x39, 0xeb,
  0x32, 0x0b, 0x31, 0xea, 0x31, 0xeb, 0x31, 0xea, 0x3a, 0x2c, 0x39, 0xeb,
  0x32, 0x0b, 0x3a, 0x0b, 0x31, 0xca, 0x39, 0xea, 0x3a, 0x4c, 0x4a, 0x8d,
  0x42, 0x09, 0xbd, 0xb7, 0xff, 0xbc, 0xff, 0x1a, 0xff, 0x5b, 0xff, 0x3a,
  0xff, 0x5b, 0xff, 0x3a, 0xff, 0x5b, 0xff, 0x3a, 0xff, 0x5b, 0xff, 0x5b,
  0xff, 0x5c, 0xff, 0x3b, 0xf7, 0x3b, 0xff, 0x1a, 0xf7, 0x3b, 0xff, 0x3a,
  0xff, 0xbd, 0xb5, 0x33, 0xad, 0x18, 0xc5, 0xdb, 0xa4, 0xf9, 0xb5, 0x19,
  0xce, 0x3b, 0xe6, 0xbd, 0xf7, 0x9f, 0xff, 0xff, 0xff, 0xff, 0xff, 0xff,
  0xff, 0xdf, 0xff, 0xdf, 0xff, 0xbf, 0xff, 0xbe, 0xff, 0xff, 0xff, 0xff,
  0xff, 0x9f, 0xc5, 0xd9, 0xcd, 0x9a, 0xee, 0x7d, 0xd6, 0x7b, 0xe6, 0xbc,
  0xff, 0xff, 0xff, 0xff, 0xff, 0xbf, 0xff, 0x7e, 0xf7, 0x7e, 0xff, 0x9e,
  0xff, 0xbf, 0xe6, 0xdc, 0xc5, 0xdb, 0xbd, 0x9a, 0xc5, 0xfa, 0xef, 0x3f,
  0xbd, 0xba, 0xb5, 0x58, 0xad, 0x38, 0xcd, 0xdb, 0xb5, 0xba, 0x83, 0xf3,
  0xef, 0x7e, 0xff, 0x9f, 0xff, 0xff, 0xbd, 0xb7, 0xdf, 0x3d, 0xff, 0xff,
  0xef, 0x9f, 0xbd, 0xd8, 0xac, 0x35, 0x9b, 0xb3, 0xab, 0x10, 0xb3, 0x51,
  0xc3, 0x73, 0xbb, 0x11, 0xab, 0xd4, 0xab, 0xb3, 0x9c, 0x76, 0xac, 0xb6,
  0xb5, 0x99, 0xde, 0xbe, 0xe6, 0xdf, 0xce, 0x1b, 0xb5, 0xbb, 0xb5, 0x59,
  0xc6, 0x1b, 0xe6, 0xfe, 0xd6, 0x5d, 0xbd, 0x99, 0xc5, 0xdb, 0xee, 0xff,
  0xbd, 0xba, 0xd6, 0x5c, 0xde, 0x9e, 0xb5, 0x38, 0xde, 0xde, 0xce, 0x1b,
  0xbd, 0xda, 0xee, 0xfe, 0xb5, 0x59, 0xc5, 0xda, 0xe6, 0xff, 0xc5, 0xda,
  0xb5, 0x9a, 0xc5, 0xba, 0xd6, 0x9b, 0xff, 0xdf, 0xf7, 0x9f, 0xce, 0x3a,
  0x9c, 0xb7, 0x9c, 0x96, 0xad, 0x38, 0xef, 0x1f, 0xd6, 0x9e, 0xb5, 0x79,
  0xb5, 0x9a, 0xef, 0x1f, 0xd6, 0x7d, 0xbd, 0x9a, 0xc5, 0xfb, 0xee, 0xff,
  0xb5, 0x79, 0xbd, 0x79, 0xef, 0x1f, 0xce, 0x1b, 0xb5, 0x5a, 0xbd, 0x7a,
  0xef, 0x3f, 0xce, 0x3b, 0xbd, 0xbb, 0xc5, 0x9b, 0x8c, 0x72, 0xd6, 0x7a,
  0xd6, 0xf9, 0xce, 0x97, 0xee, 0xf9, 0xff, 0x3a, 0xf7, 0x3b, 0xff, 0x5b,
  0xff, 0x5b, 0xff, 0x3b, 0xf7, 0x3b, 0xff, 0x1a, 0xff, 0x5b, 0xff, 0x5b,
  0xff, 0x5b, 0xff, 0x5b, 0xff, 0x7b, 0xff, 0x3a, 0xff, 0x5b, 0xff, 0x3a,
  0xff, 0x3b, 0xff, 0x3a, 0xff, 0x5b, 0xff, 0x3a, 0xf7, 0x3b, 0xff, 0x5b,
  0xff, 0x7c, 0xff, 0x7c, 0xff, 0x3b, 0xff, 0x5c, 0xff, 0x3b, 0xf7, 0x1b,
  0xfe, 0xfa, 0xf6, 0xfb, 0xfe, 0xba, 0xf6, 0xba, 0xff, 0x1c, 0xfe, 0xfc,
  0xf6, 0x99, 0xff, 0x5c, 0xff, 0x7c, 0xff, 0x9d, 0xff, 0x9d, 0xff, 0xbe,
  0xff, 0xde, 0xff, 0xde, 0xff, 0xbd, 0xff, 0xbd, 0xff, 0x7d, 0xff, 0x5c,
  0xff, 0x3c, 0xf7, 0x1b, 0xee, 0x59, 0xf6, 0xfb, 0xff, 0x7d, 0xf6, 0xdb,
  0xff, 0x5c, 0xff, 0xde, 0xff, 0xde, 0xff, 0xde, 0xff, 0xdd, 0xff, 0xbd,
  0xff, 0x7c, 0xff, 0x7c, 0xff, 0x3c, 0xff, 0x5d, 0xff, 0x7c, 0xff, 0x9d,
  0xff, 0xbd, 0xff, 0xbe, 0xff, 0xbd, 0xff, 0x9d, 0xff, 0x3b, 0xff, 0x3c,
  0xff, 0x7c, 0xff, 0xbe, 0xff, 0xde, 0xff, 0xfe, 0xff, 0x9d, 0xff, 0x7d,
  0xff, 0x3c, 0xff, 0x7d, 0xff, 0x9d, 0xff, 0xbe, 0xff, 0x7c, 0xf7, 0x5c,
  0xff, 0x9d, 0xff, 0xbe, 0xff, 0x9d, 0xff, 0x5d, 0xff, 0x5c, 0xff, 0xde,
  0xf6, 0x1a, 0x8a, 0xee, 0x31, 0xc9, 0x21, 0x89, 0x31, 0xea, 0x3a, 0x2b,
  0x3a, 0x0a, 0x31, 0xea, 0x31, 0xca, 0x31, 0xeb, 0x3a, 0x0a, 0x3a, 0x2b,
  0x42, 0x0b, 0x3a, 0x0b, 0x4a, 0x4b, 0x4a, 0x8d, 0x42, 0x2b, 0x3a, 0x0b,
  0x6a, 0xeb, 0xef, 0x3c, 0xff, 0x5a, 0xff, 0x5a, 0xff, 0x5a, 0xff, 0x7b,
  0xff, 0x3a, 0xff, 0x5a, 0xff, 0x3a, 0xff, 0x5b, 0xff, 0x1a, 0xff, 0x5b,
  0xff, 0x3a, 0xff, 0x5b, 0xff, 0x1a, 0xff, 0x5b, 0xff, 0x5a, 0xff, 0x7b,
  0xf7, 0x3b, 0xac, 0xf3, 0xce, 0x1b, 0xce, 0x5c, 0xd6, 0x5a, 0xde, 0xbc,
  0xff, 0xbe, 0xff, 0x9e, 0xff, 0xfe, 0xff, 0xff, 0xff, 0xff, 0xff, 0xff,
  0xff, 0xff, 0xff, 0xff, 0xff, 0xff, 0xff, 0xbf, 0xff, 0xbf, 0xff, 0xff,
  0xcd, 0xba, 0xc5, 0xda, 0xee, 0x7c, 0xee, 0x9d, 0xf7, 0x3c, 0xff, 0xbe,
  0xff, 0xff, 0xff, 0xff, 0xff, 0xff, 0xff, 0xff, 0xff, 0xff, 0xf7, 0x7e,
  0xc5, 0xda, 0xb5, 0x79, 0xc5, 0xbb, 0xc5, 0xfc, 0xcd, 0xfa, 0xef, 0x3f,
  0xcd, 0xfb, 0xc5, 0xdb, 0xa4, 0xd7, 0xb5, 0x79, 0xc5, 0xbb, 0xa4, 0xb7,
  0xbd, 0x76, 0xff, 0xff, 0xff, 0xdf, 0xff, 0xbf, 0xbd, 0xb7, 0xff, 0xbf,
  0xff, 0xff, 0xff, 0xff, 0xff, 0xff, 0xef, 0x9e, 0xde, 0x7c, 0xc5, 0xfa,
  0xbd, 0x79, 0xad, 0x39, 0xad, 0x39, 0xad, 0x7a, 0xbd, 0xbb, 0xc5, 0xfc,
  0xc5, 0xbb, 0xbd, 0x9a, 0xc5, 0xda, 0xd6, 0x9d, 0xe6, 0xdd, 0xce, 0x5c,
  0xc5, 0xba, 0xbd, 0x9a, 0xe6, 0xbe, 0xd6, 0x9d, 0xb5, 0x58, 0xd6, 0x7d,
  0xee, 0xfe, 0xc6, 0x1b, 0xe6, 0xde, 0xbd, 0xba, 0xef, 0x1e, 0xbd, 0xb9,
  0xe6, 0xbd, 0xc5, 0xfa, 0xc5, 0xda, 0xde, 0xde, 0xbd, 0x79, 0xb5, 0x99,
  0xd6, 0x5b, 0xf7, 0x9f, 0xf7, 0x5d, 0xbd, 0xd7, 0x9c, 0x75, 0xa4, 0xd7,
  0xc5, 0xbb, 0xb5, 0x9a, 0xde, 0x9c, 0xef, 0x3e, 0xbd, 0x99, 0xc5, 0xfb,
  0xc5, 0xda, 0xef, 0x3f, 0xbd, 0x9a, 0xbd, 0x9a, 0xcd, 0xfa, 0xe6, 0xfe,
  0xbd, 0x79, 0xb5, 0x99, 0xe6, 0xde, 0xde, 0xbd, 0xbd, 0x9a, 0xb5, 0x79,
  0xd6, 0x3b, 0xef, 0x3f, 0xbd, 0x79, 0xc5, 0xbb, 0xbd, 0x79, 0x84, 0x13,
  0xe6, 0xf9, 0xe7, 0x5b, 0xd6, 0x97, 0xd6, 0xd8, 0xf6, 0xf9, 0xff, 0x5b,
  0xff, 0x5a, 0xff, 0x5b, 0xff, 0x5a, 0xff, 0x5b, 0xff, 0x3a, 0xff, 0x5a,
  0xff, 0x5a, 0xff, 0x3a, 0xff, 0x3a, 0xff, 0x5b, 0xff, 0x1a, 0xff, 0x5a,
  0xff, 0x3a, 0xff, 0x3a, 0xff, 0x3a, 0xff, 0x5a, 0xff, 0x3a, 0xff, 0x5b,
  0xff, 0x9d, 0xff, 0x7d, 0xff, 0x9d, 0xff, 0x7d, 0xff, 0xbe, 0xff, 0xbe,
  0xff, 0xde, 0xff, 0xbd, 0xff, 0xbe, 0xff, 0xbe, 0xff, 0xbe, 0xff, 0x9d,
  0xf7, 0x5c, 0xff, 0x5c, 0xff, 0x3d, 0xfe, 0xdb, 0xee, 0x9a, 0xfe, 0xba,
  0xf7, 0x1b, 0xff, 0x5c, 0xff, 0xbe, 0xff, 0xbd, 0xff, 0xde, 0xff, 0xde,
  0xff, 0x9e, 0xee, 0xba, 0xff, 0x5d, 0xff, 0x1c, 0xe6, 0x39, 0xfe, 0xba,
  0xf7, 0x3c, 0xff, 0x5c, 0xff, 0xbe, 0xff, 0xbe, 0xff, 0xbe, 0xff, 0x9d,
  0xff, 0xde, 0xff, 0xde, 0xff, 0xbf, 0xff, 0x7d, 0xff, 0x5c, 0xff, 0x3c,
  0xff, 0x5d, 0xff, 0x5d, 0xff, 0xbe, 0xff, 0xbe, 0xff, 0xfe, 0xff, 0xbd,
  0xff, 0x7e, 0xff, 0x5d, 0xff, 0x5d, 0xff, 0x7d, 0xff, 0xde, 0xff, 0xde,
  0xff, 0xbe, 0xff, 0x9d, 0xff, 0x5c, 0xff, 0x3c, 0xff, 0x9d, 0xff, 0x9e,
  0xff, 0x9e, 0xff, 0x5d, 0xff, 0x7d, 0xff, 0x9d, 0xff, 0x7e, 0xf7, 0x5d,
  0xff, 0x1d, 0xed, 0xf8, 0xd5, 0x57, 0x7a, 0x2b, 0x21, 0x89, 0x31, 0xc9,
  0x32, 0x0b, 0x31, 0xea, 0x31, 0xeb, 0x39, 0xeb, 0x3a, 0x0b, 0x39, 0xea,
  0x32, 0x0b, 0x39, 0xea, 0x73, 0xd2, 0x5a, 0xcd, 0x32, 0x0b, 0x31, 0xca,
  0xb5, 0x54, 0xff, 0x9d, 0xf7, 0x3a, 0xff, 0x3a, 0xff, 0x5b, 0xff, 0x5b,
  0xf7, 0x3a, 0xff, 0x3a, 0xff, 0x5b, 0xff, 0x5b, 0xff, 0x5b, 0xff, 0x3b,
  0xff, 0x3b, 0xff, 0x5b, 0xff, 0x3b, 0xf7, 0x1a, 0xf7, 0x1a, 0xff, 0xbd,
  0xbd, 0x97, 0xbd, 0x55, 0xff, 0xdf, 0xff, 0xff, 0xef, 0x5d, 0xde, 0x9a,
  0xff, 0xff, 0xff, 0x7e, 0xf7, 0x9f, 0xff, 0xdf, 0xff, 0xff, 0xff, 0xff,
  0xff, 0xff, 0xff, 0xdf, 0xff, 0xff, 0xff, 0xbe, 0xff, 0xff, 0xd6, 0x5a,
  0xc5, 0x59, 0xe6, 0x5d, 0xde, 0x7b, 0xff, 0x5e, 0xff, 0x9f, 0xff, 0xbf,
  0xff, 0xff, 0xff, 0xff, 0xff, 0xff, 0xff, 0xff, 0xd6, 0x7d, 0xb5, 0x59,
  0xb5, 0x7a, 0xc5, 0xbb, 0xbd, 0xdb, 0xc5, 0xbb, 0xb5, 0x99, 0xee, 0xde,
  0xce, 0x1b, 0xc5, 0xda, 0xb5, 0x9b, 0x9c, 0x96, 0xb5, 0xba, 0xc5, 0xdb,
  0x73, 0x90, 0xde, 0xbd, 0xff, 0xff, 0xff, 0xff, 0xe7, 0x1d, 0xc5, 0xf8,
  0xff, 0xff, 0xff, 0xbf, 0xff, 0xdf, 0xff, 0xdf, 0xff, 0xdf, 0xff, 0xbf,
  0xff, 0x9f, 0xf7, 0x5e, 0xd6, 0x9d, 0xc5, 0xda, 0xbd, 0xba, 0xb5, 0x38,
  0xbd, 0xba, 0xc5, 0xba, 0xc5, 0xbb, 0xc5, 0x7a, 0xbd, 0xba, 0xde, 0x7d,
  0xde, 0xde, 0xce, 0x3b, 0xb5, 0x79, 0xde, 0x7d, 0xde, 0xbe, 0xbd, 0x79,
  0xe6, 0xfe, 0xc5, 0xda, 0xe7, 0x1f, 0xd6, 0x3b, 0xd6, 0x9d, 0xd6, 0x3b,
  0xd6, 0x9e, 0xc5, 0xba, 0xde, 0x9e, 0xbd, 0x79, 0xc5, 0xfb, 0xe6, 0xde,
  0xe7, 0x1e, 0xb5, 0x97, 0x94, 0x76, 0xa4, 0xd7, 0xbd, 0xdc, 0xc5, 0xbb,
  0xbd, 0xba, 0xc5, 0xba, 0xf7, 0x5f, 0xc5, 0xda, 0xbd, 0xbb, 0xbd, 0x7a,
  0xde, 0xbd, 0xe6, 0xbd, 0xad, 0x39, 0xbd, 0x7a, 0xce, 0x3c, 0xee, 0xfe,
  0xb5, 0x7a, 0xbd, 0x7a, 0xd6, 0x7d, 0xe6, 0xfe, 0xb5, 0x7a, 0xbd, 0x9a,
  0xb5, 0x79, 0xef, 0x1f, 0xc6, 0x1c, 0xbd, 0x79, 0xc5, 0xdc, 0xb5, 0x19,
  0x8c, 0x52, 0xe7, 0x1c, 0xf7, 0x7c, 0xe6, 0xb9, 0xce, 0xb7, 0xd6, 0xb7,
  0xef, 0x19, 0xff, 0x3a, 0xff, 0x5b, 0xff, 0x1a, 0xf7, 0x3b, 0xff, 0x3a,
  0xff, 0x5b, 0xff, 0x3a, 0xff, 0x5b, 0xff, 0x3a, 0xff, 0x5b, 0xff, 0x1a,
  0xf7, 0x3a, 0xff, 0x3a, 0xff, 0x5b, 0xff, 0x5b, 0xff, 0x7b, 0xff, 0x3a,
  0xfe, 0xfa, 0xf6, 0xba, 0xf6, 0x79, 0xf6, 0xba, 0xf6, 0x99, 0xf6, 0xdb,
  0xf6, 0xfa, 0xf7, 0x1b, 0xff, 0x3c, 0xff, 0x3c, 0xff, 0x5c, 0xff, 0x9e,
  0xff, 0xdd, 0xff, 0xde, 0xff, 0xbd, 0xff, 0xbd, 0xff, 0x9c, 0xff, 0x5c,
  0xfe, 0xfb, 0xff, 0x3c, 0xfe, 0xfb, 0xf7, 0x1b, 0xff, 0x7c, 0xff, 0x7c,
  0xee, 0x9a, 0xff, 0x9e, 0xff, 0x7d, 0xf6, 0xfb, 0xff, 0xdd, 0xff, 0xbd,
  0xff, 0x3c, 0xff, 0x1b, 0xff, 0x5c, 0xff, 0x3c, 0xff, 0x5c, 0xff, 0x9d,
  0xff, 0xde, 0xff, 0xde, 0xff, 0xbd, 0xff, 0xde, 0xff, 0xbe, 0xff, 0xbe,
  0xff, 0x5c, 0xf7, 0x3c, 0xff, 0x1b, 0xff, 0x5c, 0xff, 0x9d, 0xff, 0xbe,
  0xff, 0xbd, 0xff, 0xbe, 0xff, 0x5c, 0xff, 0x3c, 0xfe, 0xfb, 0xff, 0x5d,
  0xff, 0xbd, 0xff, 0xde, 0xff, 0xdd, 0xff, 0x9d, 0xff, 0x5c, 0xf7, 0x5c,
  0xff, 0x7d, 0xff, 0xbe, 0xff, 0x7c, 0xff, 0x7d, 0xff, 0x7c, 0xff, 0xbd,
  0xff, 0x5c, 0xde, 0x38, 0xfe, 0x5a, 0xf5, 0xb8, 0xb4, 0xd4, 0x51, 0xc9,
  0x29, 0x88, 0x31, 0xea, 0x32, 0x0a, 0x32, 0x4b, 0x39, 0xea, 0x3a, 0x2b,
  0x39, 0xeb, 0x3a, 0x0b, 0x4a, 0x8c, 0x3a, 0x2b, 0x42, 0x0a, 0x5b, 0x0e,
  0xff, 0x1a, 0xff, 0x5b, 0xff, 0x3a, 0xff, 0x3b, 0xff, 0x5a, 0xff, 0x7b,
  0xff, 0x3a, 0xf7, 0x3a, 0xff, 0x5a, 0xff, 0x7b, 0xff, 0x3a, 0xff, 0x3b,
  0xff, 0x5a, 0xff, 0x5b, 0xff, 0x3a, 0xff, 0x5b, 0xff, 0x5b, 0xde, 0x58,
  0x6b, 0x2d, 0xd6, 0x9b, 0xff, 0xff, 0xff, 0xdf, 0xef, 0x3c, 0xde, 0xdb,
  0xff, 0xff, 0xff, 0xff, 0xff, 0xbe, 0xef, 0x5d, 0xff, 0x5d, 0xff, 0xff,
  0xff, 0xff, 0xff, 0xff, 0xff, 0xdf, 0xff, 0xff, 0xee, 0xbd, 0xbd, 0x98,
  0xee, 0x7c, 0xee, 0x9d, 0xff, 0xbe, 0xf7, 0x9e, 0xff, 0x7d, 0xff, 0xff,
  0xff, 0xdf, 0xff, 0xdf, 0xff, 0xbf, 0xd6, 0x9c, 0xbd, 0x7a, 0xbd, 0x9a,
  0xc5, 0x9a, 0xcd, 0xfc, 0xcd, 0xda, 0xbd, 0xba, 0xcd, 0xda, 0xf7, 0x5f,
  0xcd, 0xfb, 0xbd, 0xba, 0xcd, 0xfc, 0xb5, 0x59, 0x94, 0x75, 0xc6, 0x1b,
  0xad, 0x37, 0x84, 0x13, 0xff, 0xbe, 0xff, 0xff, 0xff, 0xff, 0xbd, 0xb7,
  0xee, 0xfc, 0xff, 0xbf, 0xff, 0x7d, 0xf7, 0x9d, 0xff, 0x5c, 0xff, 0x7d,
  0xff, 0x7d, 0xff, 0xbf, 0xff, 0xff, 0xff, 0xff, 0xff, 0x9f, 0xe6, 0xfd,
  0xd6, 0x5b, 0xc5, 0xfa, 0xc5, 0x9a, 0xbd, 0xbb, 0xbd, 0x7a, 0xb5, 0x7a,
  0xc5, 0xd9, 0xd6, 0x9d, 0xe6, 0xdd, 0xc5, 0xfa, 0xde, 0x9c, 0xd6, 0x9c,
  0xce, 0x1a, 0xd6, 0x7c, 0xd6, 0x3c, 0xc5, 0xfb, 0xce, 0x1b, 0xd6, 0x5c,
  0xde, 0x7d, 0xde, 0x9e, 0xbd, 0x99, 0xce, 0x1b, 0xde, 0x7b, 0xb5, 0x77,
  0xa4, 0xb5, 0xb5, 0x59, 0xd6, 0x1c, 0xc5, 0xfb, 0xc5, 0xba, 0xc5, 0xfb,
  0xb5, 0x58, 0xef, 0x3f, 0xe6, 0xbe, 0xbd, 0x79, 0xc5, 0x9a, 0xbd, 0x9a,
  0xee, 0xfe, 0xce, 0x3b, 0xbd, 0x9a, 0xbd, 0xbb, 0xd6, 0x3a, 0xe6, 0xfe,
  0xbd, 0x99, 0xbd, 0xba, 0xce, 0x1a, 0xef, 0x3f, 0xbd, 0x7a, 0xc5, 0xdb,
  0xbd, 0x79, 0xce, 0x5c, 0xf7, 0x3f, 0xbd, 0xd9, 0xc5, 0xba, 0xce, 0x1c,
  0xad, 0x37, 0x8c, 0x54, 0xf7, 0x3c, 0xf7, 0x7d, 0xef, 0x3a, 0xe6, 0xf9,
  0xd6, 0x96, 0xd6, 0xd8, 0xf6, 0xf8, 0xf7, 0x5a, 0xff, 0x3a, 0xff, 0x5b,
  0xff, 0x3a, 0xff, 0x3b, 0xff, 0x3a, 0xff, 0x5b, 0xff, 0x3a, 0xf7, 0x3a,
  0xff, 0x3a, 0xff, 0x5b, 0xff, 0x3a, 0xff, 0x5b, 0xff, 0x3a, 0xff, 0x5b,
  0xff, 0x9d, 0xff, 0x9d, 0xff, 0x9d, 0xff, 0x7d, 0xff, 0x7d, 0xff, 0x7c,
  0xff, 0x5c, 0xff, 0x3b, 0xff, 0x5c, 0xee, 0x99, 0xf6, 0xfb, 0xf6, 0xba,
  0xf7, 0x1c, 0xf6, 0xfb, 0xff, 0x7d, 0xff, 0x7d, 0xff, 0x9d, 0xff, 0xbd,
  0xff, 0xde, 0xff, 0xde, 0xff, 0xbe, 0xff, 0x9d, 0xff, 0x1c, 0xee, 0x59,
  0xff, 0x5d, 0xfe, 0xfb, 0xee, 0xda, 0xff, 0x7d, 0xff, 0xde, 0xff, 0xde,
  0xff, 0xfe, 0xff, 0xbd, 0xff, 0x9e, 0xff, 0x5d, 0xff, 0x5d, 0xff, 0x3c,
  0xf6, 0xfb, 0xff, 0x3c, 0xff, 0xbe, 0xff, 0xde, 0xff, 0xbe, 0xff, 0xbd,
  0xff, 0xbe, 0xff, 0xbe, 0xff, 0x9e, 0xff, 0x5c, 0xf7, 0x3c, 0xff, 0x5c,
  0xff, 0x9d, 0xff, 0x9d, 0xff, 0xde, 0xff, 0xbe, 0xff, 0x9d, 0xff, 0x3c,
  0xff, 0x5d, 0xff, 0x5d, 0xff, 0x9e, 0xff, 0xbe, 0xff, 0xbe, 0xff, 0x7d,
  0xff, 0x5d, 0xff, 0x5d, 0xff, 0xbe, 0xff, 0xbe, 0xff, 0x9e, 0xff, 0x5c,
  0xff, 0xbe, 0xf6, 0xfb, 0xf6, 0xbb, 0xe5, 0xf7, 0xff, 0x7e, 0xfe, 0x9b,
  0x83, 0x90, 0x31, 0x06, 0x29, 0xcb, 0x32, 0x0b, 0x31, 0xeb, 0x31, 0xea,
  0x3a, 0x0b, 0x39, 0xea, 0x31, 0xeb, 0x42, 0x4c, 0x3a, 0x09, 0xad, 0x56,
  0xff, 0x7c, 0xff, 0x1a, 0xff, 0x3b, 0xff, 0x3b, 0xff, 0x5b, 0xff, 0x3b,
  0xff, 0x5c, 0xff, 0x5b, 0xff, 0x3b, 0xff, 0x5b, 0xff, 0x5b, 0xff, 0x5b,
  0xff, 0x5b, 0xff, 0x5b, 0xff, 0x9d, 0xcd, 0xd6, 0x9c, 0x92, 0xcd, 0xf7,
  0xa5, 0x35, 0xff, 0xbf, 0xff, 0xff, 0xff, 0xff, 0xf7, 0x7e, 0xd6, 0x5a,
  0xff, 0xff, 0xff, 0xdf, 0xff, 0xff, 0xf7, 0x5d, 0xef, 0x7e, 0xff, 0x9e,
  0xf7, 0xdf, 0xf7, 0x9e, 0xf7, 0x9f, 0xf7, 0x5e, 0xc5, 0x79, 0xee, 0x9d,
  0xde, 0xbc, 0xff, 0xdf, 0xff, 0xdf, 0xf7, 0x5d, 0xff, 0x9f, 0xff, 0xdf,
  0xce, 0x3b, 0xd6, 0x3b, 0xf7, 0x7f, 0xbd, 0x98, 0xc5, 0xdb, 0xcd, 0xdb,
  0xc5, 0xbb, 0xbd, 0x9a, 0xbd, 0xbb, 0xc5, 0xbb, 0xc5, 0xfa, 0xe6, 0xde,
  0xc5, 0xfb, 0xbd, 0x9a, 0xbd, 0xdb, 0xbd, 0x9a, 0xb5, 0x79, 0x9c, 0x96,
  0xbd, 0xdb, 0x9c, 0x96, 0x94, 0xb5, 0xff, 0xdf, 0xff, 0xff, 0xce, 0x59,
  0xde, 0xbb, 0xff, 0xff, 0xff, 0xff, 0xff, 0xbf, 0xf7, 0x7e, 0xff, 0x7e,
  0xf7, 0x9e, 0xff, 0x7d, 0xf7, 0x9e, 0xff, 0xdf, 0xff, 0xff, 0xff, 0xff,
  0xff, 0xff, 0xff, 0x9e, 0xef, 0x1f, 0xce, 0x1a, 0xbd, 0x9b, 0xbd, 0x7a,
  0xb5, 0x5a, 0xb5, 0x3a, 0xc6, 0x1b, 0xe6, 0xbe, 0xde, 0xbe, 0xe6, 0xbd,
  0xc5, 0xdc, 0xbd, 0x9a, 0xb5, 0x7a, 0xbd, 0x7a, 0xc5, 0xdb, 0xc5, 0xbb,
  0xbd, 0xda, 0xad, 0x17, 0xb5, 0x98, 0xd6, 0x3a, 0xad, 0x38, 0xbd, 0x79,
  0xc5, 0xdc, 0xcd, 0xfc, 0xc5, 0xdb, 0xbd, 0x9a, 0xbd, 0x9b, 0xbd, 0x9a,
  0xce, 0x5c, 0xef, 0x3f, 0xbd, 0x9a, 0xc5, 0xba, 0xbd, 0xbb, 0xd6, 0x5d,
  0xef, 0x1f, 0xbd, 0x99, 0xbd, 0xbb, 0xb5, 0x59, 0xc6, 0x1b, 0xee, 0xfe,
  0xc5, 0xfb, 0xc5, 0xba, 0xbd, 0xda, 0xf7, 0x3f, 0xc5, 0xfb, 0xbd, 0x9a,
  0xbd, 0x9a, 0xbd, 0x79, 0xef, 0x3f, 0xd6, 0x3b, 0xb5, 0x9a, 0xbd, 0x9a,
  0xc5, 0xfc, 0xad, 0x18, 0x9c, 0xd4, 0xf7, 0x5e, 0xef, 0x5b, 0xf7, 0x3b,
  0xe7, 0x3b, 0xe6, 0xd9, 0xce, 0xd8, 0xd6, 0xd7, 0xe6, 0xd9, 0xf7, 0x3a,
  0xff, 0x5b, 0xff, 0x5a, 0xff, 0x5b, 0xff, 0x1a, 0xf7, 0x1a, 0xff, 0x3b,
  0xff, 0x5b, 0xff, 0x3b, 0xf7, 0x3a, 0xf7, 0x1a, 0xff, 0x3b, 0xff, 0x3b,
  0xff, 0x7c, 0xff, 0x7c, 0xff, 0x7c, 0xff, 0xbd, 0xff, 0x9c, 0xff, 0xbd,
  0xff, 0xbd, 0xff, 0xde, 0xff, 0xbd, 0xff, 0xbd, 0xff, 0xbd, 0xff, 0x9d,
  0xff, 0x7c, 0xff, 0x5c, 0xff, 0x5c, 0xf6, 0xfb, 0xf6, 0xba, 0xff, 0x1c,
  0xff, 0x3c, 0xff, 0x5c, 0xff, 0x9d, 0xff, 0xbd, 0xf6, 0xda, 0xff, 0xbe,
  0xff, 0x1b, 0xee, 0xba, 0xff, 0x5c, 0xff, 0x3c, 0xff, 0x1b, 0xff, 0x5d,
  0xff, 0x9d, 0xff, 0xbe, 0xff, 0xdd, 0xff, 0xde, 0xff, 0xbd, 0xff, 0xbe,
  0xff, 0x5c, 0xff, 0x5c, 0xff, 0x1b, 0xff, 0x5c, 0xff, 0x9d, 0xff, 0xde,
  0xff, 0xbd, 0xff, 0xbe, 0xff, 0xbd, 0xff, 0xde, 0xff, 0xbe, 0xff, 0x9d,
  0xff, 0x1b, 0xff, 0x5c, 0xff, 0x9d, 0xff, 0xbd, 0xff, 0xbd, 0xff, 0xde,
  0xff, 0xbd, 0xff, 0x7d, 0xfe, 0xdb, 0xff, 0x3c, 0xff, 0xbd, 0xff, 0xde,
  0xff, 0xde, 0xff, 0xbd, 0xff, 0x5c, 0xff, 0x5c, 0xff, 0x7d, 0xff, 0xbe,
  0xff, 0x7d, 0xee, 0xba, 0xff, 0x1c, 0xfe, 0xfb, 0xfe, 0xba, 0xff, 0x5c,
  0xff, 0x3d, 0xbc, 0xd4, 0x39, 0xc9, 0x29, 0x89, 0x42, 0x0b, 0x31, 0xeb,
  0x39, 0xea, 0x3a, 0x0b, 0x3a, 0x0b, 0x32, 0x2b, 0x62, 0xcb, 0xef, 0x5d,
  0xff, 0x5a, 0xff, 0x3a, 0xff, 0x3a, 0xff, 0x5a, 0xff, 0x1a, 0xff, 0x3a,
  0xff, 0x5b, 0xff, 0x7b, 0xff, 0x5b, 0xff, 0x3b, 0xff, 0x3a, 0xff, 0x5b,
  0xff, 0x3a, 0xff, 0xbc, 0xa4, 0xd3, 0x9c, 0xd3, 0xef, 0x1c, 0xff, 0xff,
  0xd6, 0x5a, 0xff, 0xff, 0xff, 0xff, 0xff, 0xff, 0xff, 0xbf, 0xde, 0xbb,
  0xff, 0xff, 0xff, 0xff, 0xff, 0xff, 0xe7, 0x3d, 0xff, 0xbe, 0xff, 0xff,
  0xff, 0xff, 0xd6, 0x9a, 0xf7, 0x3e, 0xd6, 0x3b, 0xe6, 0x1b, 0xe6, 0x7c,
  0xff, 0xff, 0xff, 0xff, 0xff, 0x9d, 0xff, 0x9e, 0xff, 0x9f, 0xc5, 0xfa,
  0xb5, 0x59, 0xbd, 0xbb, 0xf7, 0x5f, 0xd6, 0x5b, 0xc5, 0xba, 0xc5, 0xdb,
  0xc5, 0x9a, 0xc5, 0xbb, 0xc5, 0xbb, 0xbd, 0x9b, 0xc5, 0x99, 0xde, 0xbe,
  0xcd, 0xfb, 0xbd, 0x99, 0xbd, 0x7a, 0xc5, 0xbb, 0xc5, 0xba, 0xbd, 0x9a,
  0x9c, 0xb6, 0xad, 0x59, 0x9c, 0x95, 0x9c, 0xb6, 0xff, 0xdf, 0xef, 0x5d,
  0xc5, 0xd7, 0xff, 0xff, 0xff, 0xff, 0xff, 0xff, 0xff, 0xff, 0xff, 0x9e,
  0xff, 0x7e, 0xff, 0x9e, 0xff, 0x9e, 0xff, 0x9e, 0xff, 0x9e, 0xff, 0xff,
  0xff, 0xff, 0xff, 0xff, 0xff, 0x7f, 0xce, 0x19, 0xee, 0x1c, 0xdd, 0xdb,
  0xce, 0x1b, 0xce, 0x3b, 0xbd, 0x99, 0xad, 0x58, 0xcd, 0xfb, 0xc6, 0x1b,
  0xc5, 0xba, 0xbd, 0xda, 0xc5, 0xba, 0xb5, 0x59, 0xb5, 0x38, 0xb5, 0x59,
  0xbd, 0x96, 0xde, 0xbb, 0xef, 0x1e, 0xce, 0x1a, 0xc5, 0xbb, 0xc5, 0xdb,
  0xbd, 0x99, 0xbd, 0xda, 0xc5, 0xda, 0xc5, 0xda, 0xc5, 0x9a, 0xbd, 0xda,
  0xff, 0x7f, 0xc5, 0xf9, 0xc5, 0x9a, 0xc5, 0xbb, 0xb5, 0x58, 0xd6, 0x7d,
  0xe6, 0xde, 0xb5, 0x99, 0xbd, 0x9a, 0xb5, 0x7a, 0xce, 0x1b, 0xe6, 0xfe,
  0xc5, 0x9a, 0xce, 0x3c, 0xbd, 0x99, 0xe7, 0x1f, 0xd6, 0x5b, 0xbd, 0xb9,
  0xc5, 0x9a, 0xbd, 0xbb, 0xd6, 0x5b, 0xef, 0x5f, 0xc5, 0xba, 0xbd, 0xba,
  0xbd, 0x5a, 0xc5, 0xfc, 0xad, 0x16, 0x9c, 0xd5, 0xf7, 0x5c, 0xf7, 0x5c,
  0xf7, 0x3b, 0xf7, 0x5c, 0xf7, 0x5a, 0xe6, 0xf9, 0xde, 0xb7, 0xd6, 0xb8,
  0xde, 0xb7, 0xe7, 0x19, 0xff, 0x19, 0xff, 0x7b, 0xff, 0x5b, 0xff, 0x3b,
  0xff, 0x5a, 0xf7, 0x5a, 0xff, 0x3a, 0xff, 0x5b, 0xff, 0x5a, 0xf7, 0x5a,
  0xfe, 0xfb, 0xf6, 0x99, 0xf6, 0xdb, 0xfe, 0xba, 0xff, 0x1c, 0xfe, 0xdb,
  0xff, 0x1c, 0xff, 0x1b, 0xff, 0x7d, 0xff, 0x7d, 0xff, 0xbe, 0xff, 0xbe,
  0xff, 0xbe, 0xff, 0xbe, 0xff, 0xbe, 0xff, 0xbd, 0xff, 0xbe, 0xff, 0x7d,
  0xff, 0x5c, 0xf7, 0x1b, 0xfe, 0xfc, 0xe5, 0xf7, 0xff, 0x3d, 0xff, 0x1c,
  0xe6, 0xba, 0xff, 0xbe, 0xff, 0xde, 0xff, 0xde, 0xff, 0x7d, 0xff, 0x5c,
  0xf6, 0xdb, 0xfe, 0xfb, 0xff, 0x7d, 0xff, 0x7d, 0xff, 0xbe, 0xff, 0xbe,
  0xff, 0xde, 0xff, 0xbd, 0xff, 0x9e, 0xff, 0x5c, 0xff, 0x5d, 0xff, 0x3c,
  0xff, 0x5d, 0xff, 0x7d, 0xff, 0xde, 0xff, 0xbd, 0xff, 0xde, 0xff, 0xbe,
  0xff, 0xbe, 0xff, 0x9d, 0xff, 0x7d, 0xff, 0x5c, 0xff, 0x5d, 0xff, 0x7d,
  0xff, 0xdf, 0xff, 0xde, 0xff, 0xde, 0xff, 0x7d, 0xff, 0x5d, 0xff, 0x1c,
  0xff, 0x7d, 0xff, 0xbe, 0xff, 0xdf, 0xff, 0x9d, 0xff, 0x9d, 0xff, 0x5c,
  0xff, 0xbe, 0xf6, 0xfb, 0xff, 0x1d, 0xee, 0x39, 0xf7, 0x1c, 0xff, 0x7d,
  0xf6, 0xfb, 0xff, 0x9d, 0xee, 0x9b, 0x7a, 0xcc, 0x21, 0x69, 0x31, 0xca,
  0x29, 0xeb, 0x31, 0xeb, 0x3a, 0x2c, 0x29, 0xa9, 0xad, 0x34, 0xff, 0x9d,
  0xff, 0x5b, 0xff, 0x3a, 0xff, 0x3b, 0xff, 0x5b, 0xff, 0x5b, 0xff, 0x5b,
  0xff, 0x3b, 0xff, 0x1a, 0xff, 0x5b, 0xff, 0x1a, 0xff, 0x3a, 0xff, 0x3a,
  0xff, 0xbd, 0xcd, 0xf6, 0xbd, 0xf9, 0xff, 0xff, 0xf7, 0xbf, 0xc6, 0x19,
  0xd6, 0xbc, 0xff, 0xff, 0xff, 0xff, 0xff, 0xff, 0xff, 0xff, 0xde, 0xbb,
  0xff, 0xff, 0xff, 0xff, 0xff, 0xff, 0xe7, 0x1c, 0xf7, 0x9e, 0xff, 0xbf,
  0xff, 0xff, 0xe6, 0xbb, 0xc5, 0x99, 0xde, 0x3b, 0xde, 0x9c, 0xff, 0x7f,
  0xff, 0xff, 0xff, 0xde, 0xff, 0xbf, 0xff, 0x7e, 0xc5, 0xfb, 0xbd, 0x9a,
  0xc5, 0xfc, 0xb5, 0x39, 0xe6, 0xde, 0xee, 0xfe, 0xb5, 0x7a, 0xbd, 0x59,
  0xbd, 0x9a, 0xc5, 0x9a, 0xc5, 0xdb, 0xc5, 0xbb, 0xbd, 0x9a, 0xe6, 0xbe,
  0xc5, 0xfb, 0xd6, 0x3c, 0xc5, 0xdb, 0xbd, 0x7a, 0xce, 0x1c, 0xcd, 0xfb,
  0xb5, 0x9a, 0xad, 0x18, 0xad, 0x58, 0xad, 0x16, 0xa5, 0x36, 0xef, 0x1d,
  0xb5, 0xb8, 0xff, 0xdf, 0xff, 0xff, 0xff, 0xff, 0xff, 0xff, 0xff, 0xff,
  0xf7, 0x9f, 0xff, 0x9e, 0xff, 0x9e, 0xff, 0x7e, 0xf7, 0x7e, 0xff, 0x7e,
  0xff, 0xff, 0xff, 0xdf, 0xe6, 0x7c, 0xdd, 0xfa, 0xe6, 0x1b, 0xdd, 0xba,
  0xef, 0x5d, 0xff, 0xff, 0xf7, 0xbf, 0xef, 0x3d, 0xd6, 0x9d, 0xc5, 0xfa,
  0xb5, 0x9a, 0xac, 0xf7, 0x9c, 0xb5, 0xbd, 0x99, 0xd6, 0x9b, 0xf7, 0x3e,
  0xff, 0xff, 0xff, 0x9f, 0xbd, 0xbb, 0xb5, 0x59, 0xbd, 0xba, 0xc5, 0xba,
  0xbd, 0xdb, 0xbd, 0x9a, 0xbd, 0xdc, 0xc5, 0x9b, 0xbd, 0xda, 0xef, 0x1f,
  0xd6, 0x7d, 0xc5, 0xda, 0xc5, 0xfc, 0xbd, 0x7a, 0xb5, 0x99, 0xef, 0x1f,
  0xce, 0x3c, 0xbd, 0x99, 0xbd, 0x9b, 0xbd, 0x7a, 0xd6, 0x7d, 0xe6, 0xbe,
  0xb5, 0x7a, 0xc5, 0xbb, 0xb5, 0x79, 0xde, 0x9d, 0xe6, 0xde, 0xbd, 0x79,
  0xb5, 0x7b, 0xbd, 0x9b, 0xb5, 0x99, 0xf7, 0x3f, 0xc6, 0x1b, 0xce, 0x1b,
  0xd6, 0x7d, 0xbd, 0x99, 0xc5, 0xfb, 0xa4, 0xb6, 0x9c, 0xd4, 0xf7, 0x7e,
  0xf7, 0x5c, 0xf7, 0x3b, 0xef, 0x5c, 0xf7, 0x3c, 0xf7, 0x7c, 0xef, 0x3b,
  0xde, 0xf9, 0xde, 0xd8, 0xd6, 0xb8, 0xde, 0xd8, 0xe6, 0xf9, 0xf7, 0x3a,
  0xff, 0x5a, 0xff, 0x39, 0xff, 0x3a, 0xff, 0x5a, 0xff, 0x1a, 0xfe, 0xf9,
  0xff, 0x7c, 0xff, 0x9d, 0xff, 0x9c, 0xff, 0x9c, 0xff, 0x5c, 0xf7, 0x5c,
  0xff, 0x1b, 0xee, 0xba, 0xfe, 0xda, 0xf6, 0xba, 0xff, 0x1b, 0xff, 0x5c,
  0xff, 0x5c, 0xff, 0x7d, 0xff, 0x9d, 0xff, 0xbe, 0xff, 0xbd, 0xff, 0xbe,
  0xff, 0xbd, 0xff, 0xde, 0xf6, 0x9a, 0xff, 0x3c, 0xff, 0x1b, 0xe6, 0x38,
  0xff, 0x1b, 0xff, 0x3c, 0xff, 0x5c, 0xff, 0xbd, 0xff, 0xfe, 0xff, 0xde,
  0xff, 0x9d, 0xff, 0x9d, 0xff, 0x5c, 0xff, 0x5c, 0xff, 0x5c, 0xff, 0x7d,
  0xff, 0x7c, 0xff, 0xbe, 0xff, 0xbd, 0xff, 0xbe, 0xff, 0x9d, 0xff, 0xde,
  0xff, 0x5c, 0xf7, 0x1b, 0xff, 0x3c, 0xff, 0x9d, 0xff, 0xbd, 0xff, 0xbe,
  0xff, 0xbd, 0xff, 0xbe, 0xff, 0xdd, 0xff, 0xbe, 0xff, 0x7d, 0xff, 0x5c,
  0xff, 0x5c, 0xff, 0x9d, 0xff, 0xdd, 0xff, 0xde, 0xff, 0x9d, 0xff, 0x9d,
  0xfe, 0xfb, 0xff, 0x3c, 0xff, 0xbd, 0xff, 0xde, 0xff, 0xbd, 0xff, 0xbd,
  0xff, 0x5d, 0xf6, 0xdb, 0xff, 0x5d, 0xf7, 0x1c, 0xf6, 0xdb, 0xff, 0x7e,
  0xff, 0x9d, 0xf7, 0x5c, 0xff, 0x5c, 0xff, 0x3c, 0x9c, 0x33, 0x41, 0x88,
  0x31, 0xca, 0x32, 0x2b, 0x39, 0xc9, 0x5b, 0x0e, 0xff, 0x5b, 0xff, 0x5b,
  0xff, 0x3a, 0xff, 0x5b, 0xff, 0x3a, 0xf7, 0x3a, 0xff, 0x3a, 0xff, 0x5b,
  0xff, 0x1a, 0xff, 0x5b, 0xff, 0x3a, 0xff, 0x5b, 0xff, 0x19, 0xff, 0xbc,
  0xce, 0x18, 0xa4, 0xd3, 0xff, 0xff, 0xff, 0xff, 0xd6, 0x5a, 0xc6, 0x19,
  0xde, 0xdb, 0xff, 0xff, 0xff, 0xff, 0xff, 0xff, 0xff, 0xff, 0xd6, 0xba,
  0xf7, 0x9e, 0xff, 0xff, 0xff, 0xff, 0xef, 0x3d, 0xef, 0x1c, 0xff, 0xbe,
  0xff, 0xdf, 0xd6, 0x5a, 0xbd, 0x17, 0xe6, 0x7d, 0xf7, 0x5d, 0xff, 0xff,
  0xff, 0xbe, 0xff, 0xdf, 0xff, 0x7f, 0xc5, 0xd9, 0xbd, 0x79, 0xbd, 0x9b,
  0xc5, 0xda, 0xbd, 0x9a, 0xd6, 0x5b, 0xf7, 0x7f, 0xbd, 0x99, 0xbd, 0xba,
  0xc5, 0xba, 0xc5, 0xdb, 0xc5, 0xba, 0xc5, 0xdb, 0xbd, 0x98, 0xe6, 0xde,
  0xff, 0x7f, 0xef, 0x3e, 0xd6, 0x3c, 0xbd, 0x9a, 0xc5, 0xbb, 0xc5, 0xbb,
  0xb5, 0x78, 0xde, 0xde, 0xf7, 0x7e, 0xce, 0x9a, 0xad, 0x36, 0x8c, 0x53,
  0x9c, 0xb3, 0xff, 0xbf, 0xff, 0xff, 0xff, 0xff, 0xff, 0xff, 0xff, 0xff,
  0xff, 0xde, 0xf7, 0x9d, 0xff, 0x9d, 0xff, 0x9d, 0xff, 0x9e, 0xf7, 0x7d,
  0xff, 0xbf, 0xff, 0xbf, 0xee, 0x5c, 0xee, 0x5c, 0xe6, 0x3b, 0xe6, 0x5c,
  0xff, 0xbf, 0xff, 0xff, 0xff, 0x9f, 0xe6, 0xfc, 0xce, 0x39, 0xbd, 0xd8,
  0xc5, 0xf9, 0xd6, 0xbc, 0xff, 0x9e, 0xef, 0x5e, 0xe6, 0xfa, 0xff, 0xff,
  0xee, 0xfe, 0xb5, 0x78, 0xbd, 0x9a, 0xbd, 0xbb, 0xc5, 0xba, 0xbd, 0xba,
  0xc5, 0xba, 0xbd, 0xba, 0xc5, 0x9a, 0xb5, 0x5a, 0xde, 0x9b, 0xf7, 0x9f,
  0xb5, 0x58, 0xbd, 0xba, 0xc5, 0xbb, 0xbd, 0x7a, 0xcd, 0xfa, 0xef, 0x5f,
  0xbd, 0x79, 0xbd, 0xba, 0xc5, 0xbb, 0xb5, 0x7a, 0xde, 0x9d, 0xde, 0xbd,
  0xbd, 0x59, 0xbd, 0xbb, 0xc5, 0xda, 0xd6, 0x7d, 0xee, 0xff, 0xb5, 0x79,
  0xc5, 0x9b, 0xbd, 0x9b, 0xbd, 0x99, 0xd6, 0x7c, 0xff, 0x7f, 0xe6, 0xdd,
  0xd6, 0x5c, 0xc5, 0xfa, 0xc5, 0xbb, 0xcd, 0xfc, 0xad, 0x16, 0xa5, 0x36,
  0xff, 0x7c, 0xf7, 0x7c, 0xf7, 0x3c, 0xf7, 0x5c, 0xf7, 0x5b, 0xef, 0x7c,
  0xf7, 0x7c, 0xf7, 0x7c, 0xef, 0x5a, 0xde, 0xf9, 0xce, 0xd7, 0xce, 0xf7,
  0xc6, 0x95, 0xc6, 0xb6, 0xd6, 0x96, 0xde, 0xd7, 0xde, 0xf8, 0xd6, 0xf8,
  0xff, 0x9d, 0xff, 0x7d, 0xff, 0x9d, 0xff, 0x9c, 0xff, 0xbd, 0xff, 0xbd,
  0xff, 0xbd, 0xff, 0x9d, 0xff, 0x9d, 0xff, 0x7c, 0xff, 0x7d, 0xff, 0x1b,
  0xf6, 0xfb, 0xfe, 0xdb, 0xf7, 0x1c, 0xfe, 0xfb, 0xf7, 0x5c, 0xff, 0x7d,
  0xff, 0xbf, 0xf6, 0xdb, 0xf7, 0x1c, 0xff, 0x9e, 0xee, 0xfb, 0xff, 0x9d,
  0xff, 0x9e, 0xff, 0x5c, 0xf6, 0xdb, 0xfe, 0xfb, 0xf7, 0x1c, 0xff, 0x5c,
  0xff, 0x9e, 0xff, 0xbe, 0xff, 0xde, 0xff, 0xbe, 0xff, 0x9e, 0xff, 0x5c,
  0xf7, 0x1c, 0xff, 0x3c, 0xff, 0x7d, 0xff, 0x9d, 0xff, 0xde, 0xff, 0x9d,
  0xff, 0xbe, 0xff, 0xbd, 0xff, 0x7d, 0xff, 0x3c, 0xf7, 0x3c, 0xff, 0x7d,
  0xff, 0x9e, 0xff, 0xbe, 0xff, 0xde, 0xff, 0xbd, 0xff, 0xbe, 0xff, 0xbd,
  0xff, 0x7d, 0xff, 0x1c, 0xff, 0x3c, 0xff, 0x5d, 0xff, 0xbe, 0xff, 0x9e,
  0xff, 0xbe, 0xff, 0x7d, 0xff, 0x7d, 0xff, 0x3c, 0xff, 0x9e, 0xff, 0xbe,
  0xff, 0xbe, 0xee, 0xda, 0xf6, 0xbc, 0xf6, 0x7b, 0xff, 0x7d, 0xff, 0x7d,
  0xf7, 0x3d, 0xff, 0x9d, 0xff, 0x7d, 0xff, 0x5c, 0xff, 0x5e, 0xd5, 0x56,
  0x31, 0xca, 0x31, 0xa9, 0x29, 0x87, 0x9c, 0xf5, 0xff, 0xbd, 0xff, 0x1a,
  0xff, 0x5b, 0xff, 0x5b, 0xf7, 0x3b, 0xff, 0x3b, 0xff, 0x5b, 0xff, 0x5b,
  0xff, 0x5c, 0xff, 0x5b, 0xff, 0x5b, 0xff, 0x1a, 0xff, 0x7c, 0xf6, 0xfa,
  0x8c, 0x32, 0xef, 0x3d, 0xff, 0xff, 0xf7, 0x9e, 0xce, 0x5b, 0xe6, 0xdc,
  0xde, 0xdb, 0xff, 0xff, 0xff, 0xff, 0xff, 0xff, 0xff, 0xff, 0xe6, 0xfc,
  0xef, 0x5d, 0xff, 0xff, 0xff, 0xff, 0xe6, 0xdc, 0xe7, 0x1c, 0xff, 0xff,
  0xff, 0xff, 0xde, 0x7a, 0xac, 0xd7, 0xee, 0x9e, 0xff, 0xff, 0xff, 0x9e,
  0xff, 0xdf, 0xff, 0x9e, 0xbd, 0xdb, 0xbd, 0x79, 0xb5, 0x7a, 0xc5, 0xbb,
  0xbd, 0x9b, 0xc5, 0xbb, 0xbd, 0x99, 0xf7, 0x3f, 0xce, 0x3c, 0xbd, 0x9a,
  0xbd, 0x7a, 0xbd, 0x9a, 0xbd, 0xbb, 0xbd, 0x7a, 0xb5, 0x7a, 0xde, 0x9e,
  0xce, 0x3c, 0xc5, 0xda, 0xc5, 0xfb, 0xc5, 0xba, 0xc5, 0xdc, 0xc5, 0xdb,
  0xb5, 0x99, 0xee, 0xfe, 0xff, 0xff, 0xff, 0xff, 0xf7, 0xdf, 0xd6, 0x7a,
  0xa5, 0x15, 0xd6, 0x5a, 0xe7, 0x3d, 0xef, 0x3d, 0xf7, 0x9f, 0xff, 0xbf,
  0xff, 0xff, 0xff, 0xbf, 0xff, 0xbf, 0xff, 0x9e, 0xf7, 0x7e, 0xff, 0x7e,
  0xf7, 0x9f, 0xf7, 0x7e, 0xd5, 0xda, 0xcd, 0x78, 0xbd, 0x58, 0xbc, 0xf6,
  0xbd, 0xf8, 0xc5, 0xf8, 0xd6, 0x7b, 0xd6, 0x3a, 0xde, 0xdc, 0xff, 0xbf,
  0xff, 0xff, 0xff, 0xff, 0xde, 0xdb, 0xd6, 0x9a, 0xff, 0xdf, 0xde, 0xbb,
  0xb5, 0x5a, 0xbd, 0x7a, 0xc5, 0xdb, 0xc5, 0x9a, 0xbd, 0x9b, 0xc5, 0x9a,
  0xbd, 0x7a, 0xbd, 0x7a, 0xbd, 0xba, 0xc5, 0xda, 0xf7, 0x7f, 0xde, 0xbc,
  0xe6, 0xdf, 0xd6, 0x3c, 0xc5, 0xbb, 0xbd, 0x59, 0xd6, 0x7d, 0xde, 0x9d,
  0xb5, 0x5a, 0xcd, 0xfc, 0xbd, 0x9b, 0xbd, 0x59, 0xde, 0xbd, 0xde, 0xbd,
  0xb5, 0x9a, 0xbd, 0x9a, 0xb5, 0x79, 0xcd, 0xfb, 0xef, 0x3f, 0xbd, 0x99,
  0xc5, 0xfb, 0xc5, 0xba, 0xbd, 0xba, 0xc5, 0xda, 0xf7, 0x7f, 0xde, 0xbc,
  0xe6, 0xdf, 0xc5, 0xba, 0xbd, 0xbb, 0xbd, 0x9a, 0xbd, 0xdb, 0x94, 0x55,
  0xbd, 0xd7, 0xff, 0xbe, 0xf7, 0x5c, 0xf7, 0x5c, 0xf7, 0x5d, 0xf7, 0x3c,
  0xef, 0x5c, 0xf7, 0x5c, 0xf7, 0x7d, 0xff, 0x7c, 0xf7, 0x7c, 0xf7, 0x3b,
  0xde, 0xf9, 0xd6, 0xb8, 0xbe, 0xb7, 0xbe, 0x96, 0xc6, 0xd8, 0xc6, 0x97,
  0xff, 0x3b, 0xff, 0x5c, 0xff, 0x5c, 0xff, 0x9d, 0xff, 0x9c, 0xff, 0xbd,
  0xff, 0xbd, 0xff, 0x9d, 0xff, 0x9c, 0xff, 0x9d, 0xff, 0x9d, 0xff, 0xbd,
  0xff, 0x9d, 0xff, 0xbd, 0xff, 0x7c, 0xff, 0x7c, 0xff, 0x1b, 0xff, 0x3c,
  0xee, 0x79, 0xee, 0x9a, 0xff, 0x7d, 0xe6, 0x9a, 0xff, 0x9d, 0xff, 0xbe,
  0xff, 0x9d, 0xff, 0xbe, 0xff, 0xde, 0xff, 0xbe, 0xff, 0x5c, 0xff, 0x3c,
  0xff, 0x1b, 0xf7, 0x1b, 0xff, 0x7c, 0xff, 0xbd, 0xff, 0xde, 0xff, 0xde,
  0xff, 0x9d, 0xff, 0x7d, 0xff, 0x1c, 0xff, 0x1c, 0xff, 0x7d, 0xff, 0xbe,
  0xff, 0xbd, 0xff, 0xde, 0xff, 0xbd, 0xff, 0xbe, 0xff, 0x7c, 0xff, 0x7c,
  0xff, 0x1b, 0xff, 0x5c, 0xff, 0x9d, 0xff, 0xbe, 0xff, 0xbd, 0xff, 0xbd,
  0xff, 0xbd, 0xff, 0xbd, 0xff, 0x5c, 0xff, 0x3c, 0xf6, 0xda, 0xff, 0x9d,
  0xff, 0xdd, 0xff, 0xde, 0xff, 0x9d, 0xff, 0x7d, 0xff, 0x1c, 0xff, 0x5d,
  0xff, 0xbe, 0xf7, 0x1b, 0xff, 0x5d, 0xe6, 0x39, 0xff, 0x1c, 0xff, 0xbe,
  0xff, 0xbe, 0xff, 0x7d, 0xff, 0x3c, 0xff, 0x7e, 0xfe, 0xfb, 0xff, 0x9d,
  0xdd, 0xf9, 0x51, 0xe9, 0x41, 0xe8, 0xde, 0xdb, 0xff, 0x7b, 0xf7, 0x3a,
  0xff, 0x5a, 0xff, 0x7b, 0xff, 0x3a, 0xf7, 0x3a, 0xff, 0x5a, 0xff, 0x7b,
  0xff, 0x5b, 0xff, 0x5b, 0xff, 0x3a, 0xff, 0x7b, 0xef, 0x1b, 0x83, 0xef,
  0xd6, 0x59, 0xff, 0xff, 0xff, 0xff, 0xd6, 0xbb, 0xe6, 0xdb, 0xe7, 0x3d,
  0xee, 0xfb, 0xff, 0xff, 0xff, 0xff, 0xff, 0xdf, 0xff, 0xdf, 0xe7, 0x1c,
  0xe6, 0xdb, 0xff, 0xff, 0xff, 0xff, 0xe7, 0x1c, 0xef, 0x3c, 0xff, 0xff,
  0xff, 0xff, 0xe7, 0x1d, 0xa4, 0x94, 0xe6, 0xde, 0xff, 0xff, 0xff, 0xff,
  0xff, 0xdf, 0xce, 0x5b, 0xbd, 0x7a, 0xc5, 0xdb, 0xbd, 0x79, 0xc5, 0xdb,
  0xbd, 0x7a, 0xbd, 0xbb, 0xbd, 0x78, 0xe6, 0xfe, 0xe6, 0xdd, 0xbd, 0x99,
  0xe6, 0xbd, 0xce, 0x3c, 0xc5, 0x9a, 0xce, 0x3d, 0xbd, 0x98, 0xde, 0x9d,
  0xf7, 0x5e, 0xef, 0x5e, 0xd6, 0x3c, 0xbd, 0xba, 0xbd, 0x9a, 0xbd, 0xbb,
  0xc5, 0xf9, 0xff, 0xdf, 0xff, 0xff, 0xff, 0xff, 0xff, 0xff, 0xff, 0xff,
  0xff, 0xff, 0xf7, 0x9f, 0xc5, 0xd7, 0xce, 0x7a, 0xce, 0x39, 0xce, 0x3a,
  0xce, 0x19, 0xd6, 0x5a, 0xd6, 0x59, 0xc6, 0x18, 0xbd, 0x76, 0xc5, 0xf8,
  0xc5, 0xd7, 0xce, 0x39, 0xcd, 0xd8, 0xd6, 0x3a, 0xd6, 0x7a, 0xde, 0xfc,
  0xff, 0x9d, 0xff, 0xff, 0xff, 0x7d, 0xff, 0xdf, 0xff, 0xff, 0xff, 0xff,
  0xff, 0xff, 0xd6, 0x9b, 0xde, 0xdb, 0xff, 0xff, 0xde, 0x7d, 0xb5, 0x79,
  0xc5, 0xdb, 0xc5, 0xfc, 0xc5, 0x9a, 0xc5, 0xdb, 0xc5, 0x9a, 0xbd, 0x9a,
  0xcd, 0xfc, 0xc5, 0xbb, 0xbd, 0x98, 0xef, 0x3f, 0xf7, 0x5f, 0xce, 0x5b,
  0xde, 0x7c, 0xce, 0x3c, 0xbd, 0x9a, 0xbd, 0x9a, 0xf7, 0x3e, 0xd6, 0x7b,
  0xbd, 0x79, 0xbd, 0xba, 0xbd, 0x79, 0xb5, 0x79, 0xde, 0x9d, 0xce, 0x3b,
  0xbd, 0x7a, 0xbd, 0x9a, 0xbd, 0x79, 0xc5, 0xdb, 0xf7, 0x5e, 0xd6, 0x9c,
  0xee, 0xfe, 0xce, 0x1b, 0xcd, 0xdb, 0xbd, 0x7a, 0xee, 0xfd, 0xef, 0x5f,
  0xbd, 0x79, 0xc5, 0xdb, 0xc5, 0xba, 0xb5, 0x9a, 0xbd, 0x79, 0xc5, 0xdb,
  0xa4, 0xf5, 0xc6, 0x1a, 0xff, 0x9d, 0xef, 0x3c, 0xff, 0x5c, 0xf7, 0x5c,
  0xf7, 0x3c, 0xf7, 0x5c, 0xf7, 0x5c, 0xf7, 0x7c, 0xff, 0x5c, 0xf7, 0x7d,
  0xff, 0x9c, 0xff, 0xbd, 0xff, 0x9c, 0xff, 0x7c, 0xef, 0x5a, 0xdf, 0x19,
  0xf6, 0xfa, 0xff, 0x1a, 0xff, 0x1b, 0xf6, 0xba, 0xf6, 0xba, 0xf6, 0xb9,
  0xf7, 0x1b, 0xff, 0x5c, 0xff, 0x9d, 0xff, 0x9d, 0xff, 0xbe, 0xff, 0x9d,
  0xff, 0xbe, 0xff, 0x7d, 0xff, 0x9d, 0xff, 0x9d, 0xff, 0xbe, 0xff, 0x7c,
  0xee, 0xba, 0xff, 0x7d, 0xe6, 0x79, 0xf6, 0xdb, 0xff, 0x3c, 0xff, 0x1b,
  0xff, 0x7d, 0xff, 0xbe, 0xff, 0xde, 0xff, 0xbe, 0xff, 0xde, 0xff, 0xbe,
  0xff, 0x9e, 0xff, 0x7d, 0xff, 0x3c, 0xff, 0x3c, 0xf7, 0x3d, 0xff, 0x5d,
  0xff, 0xbe, 0xff, 0xde, 0xff, 0xdf, 0xff, 0xbe, 0xff, 0x5d, 0xff, 0x1c,
  0xf7, 0x1c, 0xff, 0x5c, 0xff, 0xde, 0xff, 0xbe, 0xff, 0xbe, 0xff, 0xbe,
  0xff, 0xbe, 0xff, 0x3c, 0xf6, 0xfc, 0xff, 0x3c, 0xff, 0x9d, 0xff, 0xbe,
  0xff, 0xbe, 0xff, 0x9d, 0xff, 0xbe, 0xff, 0xbe, 0xf7, 0x3c, 0xff, 0x3c,
  0xff, 0x5d, 0xff, 0x7d, 0xff, 0xbe, 0xff, 0xde, 0xff, 0xbe, 0xff, 0x7d,
  0xff, 0x7e, 0xe6, 0x59, 0xff, 0xbe, 0xee, 0xdb, 0xff, 0x9e, 0xff, 0x3c,
  0xf7, 0x3c, 0xff, 0x9d, 0xff, 0x9e, 0xf6, 0xdb, 0xff, 0x7d, 0xff, 0x7d,
  0xff, 0x5e, 0xee, 0x18, 0xa3, 0xaf, 0xfe, 0x9a, 0xff, 0x5b, 0xff, 0x3a,
  0xff, 0x5b, 0xff, 0x3a, 0xff, 0x5b, 0xff, 0x1a, 0xff, 0x5b, 0xff, 0x5b,
  0xff, 0x5b, 0xff, 0x5b, 0xff, 0x7c, 0xde, 0x37, 0x9c, 0x94, 0xbd, 0x56,
  0xff, 0xdf, 0xf7, 0x5d, 0xff, 0xff, 0xc5, 0xf8, 0xff, 0xdf, 0xd6, 0x9b,
  0xde, 0xdb, 0xff, 0xff, 0xff, 0xbf, 0xff, 0x7d, 0xff, 0x7e, 0xf7, 0x3c,
  0xd6, 0x9b, 0xff, 0xff, 0xff, 0xff, 0xef, 0x1c, 0xe6, 0xfc, 0xff, 0xdf,
  0xff, 0xff, 0xe6, 0xfd, 0x9c, 0xf5, 0xff, 0xff, 0xff, 0xff, 0xff, 0xff,
  0xd6, 0x7d, 0xbd, 0x79, 0xc5, 0xbb, 0xc5, 0xdb, 0xc5, 0xdb, 0xbd, 0x7a,
  0xb5, 0x7a, 0xbd, 0x9a, 0xb5, 0x7a, 0xcd, 0xfc, 0xf7, 0x9f, 0xef, 0x1d,
  0xde, 0xde, 0xbd, 0xb9, 0xbd, 0x9b, 0xc5, 0xdb, 0xb5, 0x79, 0xe6, 0xbe,
  0xce, 0x5d, 0xc5, 0xba, 0xbd, 0xdb, 0xbd, 0xba, 0xbd, 0x9b, 0xbd, 0x7a,
  0xce, 0x7b, 0xff, 0xff, 0xff, 0xff, 0xff, 0xff, 0xff, 0xff, 0xff, 0xbf,
  0xde, 0xfc, 0xce, 0x39, 0xef, 0x3d, 0xff, 0xdf, 0xff, 0xbf, 0xff, 0xdf,
  0xf7, 0x7e, 0xff, 0xbe, 0xff, 0xdf, 0xff, 0x9e, 0xf7, 0xbf, 0xff, 0xdf,
  0xff, 0xbf, 0xff, 0x9e, 0xff, 0xff, 0xff, 0xff, 0xff, 0xff, 0xff, 0xff,
  0xff, 0xff, 0xff, 0x7e, 0xf7, 0x7e, 0xff, 0xdf, 0xff, 0xff, 0xff, 0xbf,
  0xc6, 0x18, 0xee, 0xfc, 0xff, 0xff, 0xcd, 0xf9, 0xb5, 0x7a, 0xbd, 0x9a,
  0xbd, 0x9a, 0xbd, 0x9a, 0xbd, 0xbb, 0xc5, 0xbb, 0xbd, 0xbb, 0xbd, 0x9a,
  0xc5, 0xfb, 0xbd, 0x79, 0xde, 0x9d, 0xf7, 0x3f, 0xbd, 0xba, 0xd6, 0x5c,
  0xd6, 0x7d, 0xbd, 0x79, 0xb5, 0x9a, 0xc5, 0xdb, 0xef, 0x3f, 0xde, 0x9c,
  0xde, 0xbe, 0xcd, 0xfb, 0xbd, 0x9b, 0xbd, 0x7a, 0xde, 0xfd, 0xf7, 0x5e,
  0xe6, 0xfe, 0xc5, 0xd9, 0xbd, 0xdb, 0xbd, 0x79, 0xef, 0x5f, 0xef, 0x3e,
  0xde, 0xbd, 0xcd, 0xfa, 0xbd, 0x9b, 0xc5, 0xbb, 0xc6, 0x1b, 0xef, 0x1f,
  0xb5, 0x7a, 0xbd, 0x9a, 0xbd, 0x9b, 0xbd, 0x9a, 0xbd, 0xbb, 0xcd, 0xdb,
  0xc5, 0xdb, 0x94, 0x34, 0xa5, 0x14, 0xff, 0x9e, 0xef, 0x5c, 0xf7, 0x3c,
  0xef, 0x3c, 0xf7, 0x5c, 0xf7, 0x7d, 0xf7, 0x5c, 0xff, 0x9d, 0xf7, 0x5c,
  0xf7, 0x7d, 0xff, 0x7c, 0xf7, 0x9d, 0xf7, 0x5c, 0xff, 0x7d, 0xff, 0x9d,
  0xff, 0x9c, 0xff, 0x9d, 0xff, 0x9c, 0xff, 0x9d, 0xff, 0x3b, 0xff, 0x1b,
  0xff, 0x1b, 0xff, 0x1b, 0xee, 0x99, 0xf7, 0x1b, 0xfe, 0xfb, 0xff, 0x5c,
  0xff, 0x7c, 0xff, 0xbd, 0xff, 0xdd, 0xff, 0xdd, 0xff, 0x9d, 0xee, 0xdb,
  0xff, 0x9d, 0xf7, 0x1b, 0xff, 0x1b, 0xff, 0xbe, 0xff, 0x7c, 0xff, 0x5c,
  0xf6, 0xfa, 0xff, 0x3c, 0xff, 0x3c, 0xff, 0x9e, 0xff, 0xbd, 0xff, 0xde,
  0xff, 0xbd, 0xff, 0xbe, 0xff, 0xbd, 0xff, 0xde, 0xff, 0x7c, 0xf7, 0x1b,
  0xfe, 0xfb, 0xff, 0x3c, 0xff, 0x7d, 0xff, 0xbe, 0xff, 0xbd, 0xff, 0xbe,
  0xff, 0x5c, 0xff, 0x1c, 0xff, 0x1b, 0xff, 0x7d, 0xff, 0xbd, 0xff, 0xde,
  0xff, 0xbd, 0xff, 0xde, 0xff, 0xbd, 0xff, 0x9d, 0xff, 0x3c, 0xff, 0x3c,
  0xff, 0x5c, 0xff, 0xbe, 0xff, 0xdd, 0xff, 0xde, 0xff, 0xde, 0xff, 0xbe,
  0xff, 0x7d, 0xff, 0x5d, 0xff, 0x3b, 0xff, 0x9d, 0xff, 0xde, 0xff, 0xde,
  0xff, 0x7d, 0xe6, 0xba, 0xfe, 0xfb, 0xf6, 0xdb, 0xff, 0xbe, 0xff, 0xbe,
  0xff, 0x5c, 0xf7, 0x3c, 0xff, 0x3c, 0xff, 0xbe, 0xff, 0x3c, 0xf7, 0x1c,
  0xff, 0x5d, 0xfe, 0xfc, 0xfd, 0xd8, 0xe5, 0x35, 0xfe, 0xb9, 0xff, 0x1a,
  0xff, 0x7b, 0xff, 0x7c, 0xff, 0x1a, 0xff, 0x3b, 0xff, 0x3a, 0xff, 0x5a,
  0xff, 0x9c, 0xf7, 0x1a, 0xbd, 0x75, 0xd6, 0x59, 0xb5, 0x56, 0xf7, 0x7f,
  0xff, 0x9d, 0xff, 0xbe, 0xf7, 0x3d, 0xc6, 0x18, 0xff, 0xff, 0xe6, 0xfc,
  0xe7, 0x1c, 0xff, 0xff, 0xff, 0x7d, 0xff, 0x9e, 0xff, 0xdf, 0xff, 0xff,
  0xe6, 0xdb, 0xf7, 0xbe, 0xff, 0xdf, 0xef, 0x3d, 0xe6, 0xba, 0xff, 0xff,
  0xff, 0xff, 0xce, 0x39, 0xbd, 0x97, 0xff, 0xff, 0xd6, 0x7b, 0xef, 0x5f,
  0xe6, 0xbd, 0xb5, 0x98, 0xc5, 0x9a, 0xbd, 0x9a, 0xc5, 0xba, 0xc5, 0xdb,
  0xc5, 0x9a, 0xbd, 0xba, 0xc5, 0xda, 0xb5, 0x99, 0xf7, 0x5f, 0xd6, 0x7b,
  0xbd, 0x99, 0xd6, 0x7d, 0xcd, 0xfa, 0xbd, 0xba, 0xc5, 0xb9, 0xde, 0xbe,
  0xc5, 0xda, 0xbd, 0xba, 0xc5, 0xba, 0xbd, 0x9a, 0xc5, 0xba, 0xbd, 0x9a,
  0xe6, 0xfc, 0xff, 0xff, 0xff, 0xff, 0xf7, 0xbe, 0xde, 0x9a, 0xce, 0x5a,
  0xde, 0xdb, 0xff, 0xdf, 0xff, 0xff, 0xff, 0x9e, 0xff, 0xbe, 0xff, 0xbe,
  0xff, 0xbe, 0xff, 0xbe, 0xff, 0xff, 0xff, 0xff, 0xff, 0xff, 0xff, 0xff,
  0xff, 0xff, 0xff, 0xbf, 0xff, 0x7d, 0xff, 0xbe, 0xff, 0xbe, 0xff, 0x9e,
  0xf7, 0x5d, 0xf7, 0x9e, 0xff, 0xdf, 0xff, 0xff, 0xff, 0xbf, 0xbd, 0xb7,
  0xe6, 0xba, 0xff, 0xbf, 0xce, 0x1b, 0xb5, 0x99, 0xc5, 0x9a, 0xc5, 0xdb,
  0xbd, 0x99, 0xbd, 0x9a, 0xc5, 0xdb, 0xbd, 0xbb, 0xbd, 0x9a, 0xc5, 0xdb,
  0xc5, 0x9a, 0xc5, 0xfb, 0xff, 0x7f, 0xc5, 0xf9, 0xc5, 0x9a, 0xbd, 0xba,
  0xbd, 0x79, 0xbd, 0xba, 0xbd, 0x99, 0xde, 0xbd, 0xf7, 0x5f, 0xd6, 0x5b,
  0xd6, 0x5c, 0xc5, 0xda, 0xbd, 0x79, 0xbd, 0x9a, 0xef, 0x1e, 0xde, 0xdd,
  0xde, 0x5d, 0xbd, 0xba, 0xc5, 0xba, 0xb5, 0x7a, 0xe6, 0xbc, 0xe7, 0x3e,
  0xe6, 0xde, 0xce, 0x1b, 0xc5, 0xbb, 0xbd, 0x9b, 0xbd, 0x99, 0xef, 0x3f,
  0xd6, 0x3c, 0xb5, 0x79, 0xbd, 0x7a, 0xbd, 0xbb, 0xc5, 0x9a, 0xc5, 0xdb,
  0xc5, 0xba, 0xc5, 0xfb, 0x9c, 0xb3, 0xc6, 0x39, 0xff, 0xbd, 0xf7, 0x5c,
  0xf7, 0x3b, 0xf7, 0x7c, 0xff, 0x7c, 0xf7, 0x7c, 0xff, 0x7c, 0xff, 0x9d,
  0xff, 0x7c, 0xf7, 0x9d, 0xff, 0x9d, 0xf7, 0x7d, 0xff, 0x9d, 0xff, 0x9d,
  0xff, 0x9d, 0xff, 0x9d, 0xff, 0x9d, 0xff, 0x9d, 0xff, 0x9d, 0xff, 0x9d,
  0xff, 0xbe, 0xff, 0x9d, 0xff, 0x9d, 0xff, 0x7c, 0xff, 0x5c, 0xff, 0x1b,
  0xf6, 0xfb, 0xff, 0x5c, 0xf7, 0x1c, 0xff, 0x5c, 0xf6, 0xdb, 0xff, 0x3c,
  0xff, 0x3d, 0xf6, 0xba, 0xff, 0xde, 0xff, 0x9d, 0xff, 0xbe, 0xff, 0xbd,
  0xff, 0xbe, 0xff, 0x7d, 0xf7, 0x3c, 0xff, 0x3c, 0xf7, 0x1c, 0xff, 0x3c,
  0xff, 0x7d, 0xff, 0x9d, 0xff, 0xbe, 0xff, 0xbe, 0xff, 0xde, 0xff, 0xde,
  0xff, 0x9e, 0xff, 0x3c, 0xff, 0x3c, 0xff, 0x1c, 0xff, 0x5d, 0xff, 0x9d,
  0xff, 0xdf, 0xff, 0xde, 0xff, 0x9d, 0xff, 0x5c, 0xff, 0x5c, 0xff, 0x1b,
  0xff, 0x9d, 0xff, 0x9d, 0xff, 0xbe, 0xff, 0xbd, 0xff, 0xde, 0xff, 0x9d,
  0xff, 0x3c, 0xff, 0x3c, 0xff, 0x7d, 0xff, 0xbe, 0xff, 0xbe, 0xff, 0xbd,
  0xff, 0xde, 0xff, 0xde, 0xff, 0x7d, 0xf6, 0xfb, 0xff, 0x5d, 0xff, 0x9e,
  0xf7, 0x7d, 0xf7, 0x3c, 0xff, 0x3d, 0xe6, 0x39, 0xf7, 0x1c, 0xff, 0x7d,
  0xff, 0xff, 0xff, 0xde, 0xf7, 0x3c, 0xf6, 0xdb, 0xff, 0x9e, 0xff, 0x5d,
  0xf7, 0x5d, 0xff, 0x5c, 0xfe, 0xfc, 0xe5, 0xb7, 0xed, 0x96, 0xfe, 0x79,
  0xf7, 0x3a, 0xff, 0x7b, 0xff, 0x7b, 0xff, 0x3a, 0xff, 0x5b, 0xff, 0x7b,
  0xce, 0x39, 0xa4, 0xb2, 0xe7, 0x1e, 0xde, 0x9b, 0xc6, 0x18, 0xff, 0xbf,
  0xf7, 0x9e, 0xff, 0xdf, 0xd6, 0xbb, 0xde, 0xbb, 0xff, 0xff, 0xe6, 0xdc,
  0xce, 0x5a, 0xff, 0xbf, 0xf7, 0x9e, 0xff, 0xff, 0xff, 0xff, 0xff, 0xff,
  0xde, 0xdb, 0xe6, 0xdb, 0xff, 0xdf, 0xf7, 0x3d, 0xde, 0xdb, 0xff, 0xdf,
  0xf7, 0x3f, 0xb5, 0x36, 0xb5, 0x78, 0xe6, 0xdd, 0xad, 0x59, 0xbd, 0xba,
  0xf7, 0x5f, 0xce, 0x1b, 0xbd, 0xba, 0xbd, 0x9a, 0xbd, 0x9a, 0xbd, 0x9a,
  0xbd, 0xbb, 0xc5, 0xdb, 0xc5, 0xdb, 0xbd, 0x9a, 0xde, 0xbd, 0xef, 0x1e,
  0xef, 0x5f, 0xe6, 0xdd, 0xc5, 0xfc, 0xbd, 0x9a, 0xb5, 0x9a, 0xd6, 0x5d,
  0xc5, 0xdc, 0xbd, 0x9a, 0xbd, 0x9b, 0xbd, 0x9a, 0xc5, 0xfb, 0xc5, 0xdb,
  0xe7, 0x5e, 0xff, 0xff, 0xf7, 0x7f, 0xac, 0xf5, 0xbd, 0x99, 0xff, 0x9f,
  0xff, 0xff, 0xff, 0xff, 0xff, 0xff, 0xf7, 0x7d, 0xff, 0x9f, 0xff, 0x7e,
  0xff, 0x9e, 0xff, 0x9e, 0xf7, 0x9e, 0xff, 0xdf, 0xff, 0xff, 0xff, 0xdf,
  0xff, 0xff, 0xff, 0xff, 0xff, 0xdf, 0xff, 0xbe, 0xf7, 0x9e, 0xff, 0x7d,
  0xff, 0xbf, 0xff, 0xff, 0xff, 0xff, 0xff, 0xff, 0xbd, 0xd7, 0xee, 0xfc,
  0xf7, 0x5f, 0xc5, 0x99, 0xb5, 0x7a, 0xc5, 0x9b, 0xc5, 0xdb, 0xc5, 0xbb,
  0xbd, 0xdb, 0xbd, 0x9a, 0xbd, 0x9b, 0xc5, 0x9b, 0xbd, 0xbb, 0xcd, 0xfc,
  0xb5, 0x79, 0xef, 0x1f, 0xd6, 0x9d, 0xb5, 0x58, 0xbd, 0xbb, 0xbd, 0x9a,
  0xbd, 0xbb, 0xc5, 0xbb, 0xc5, 0xfa, 0xee, 0xfe, 0xd6, 0x5c, 0xd6, 0x3c,
  0xde, 0x9e, 0xc5, 0xba, 0xb5, 0x9b, 0xbd, 0x7a, 0xef, 0x3e, 0xe6, 0xfd,
  0xde, 0xde, 0xcd, 0xfb, 0xb5, 0x9a, 0xbd, 0x7a, 0xde, 0xbd, 0xee, 0xfe,
  0xb5, 0x79, 0xc5, 0xba, 0xc5, 0xdb, 0xbd, 0x7a, 0xbd, 0xda, 0xd6, 0x5d,
  0xe7, 0x1f, 0xbd, 0x78, 0xbd, 0x9c, 0xc5, 0x9b, 0xbd, 0x9a, 0xbd, 0x9a,
  0xbd, 0x9b, 0xbd, 0x7a, 0xce, 0x5c, 0xb5, 0x78, 0xc6, 0x17, 0xff, 0x9d,
  0xef, 0x5c, 0xf7, 0x5c, 0xf7, 0x7d, 0xff, 0x7d, 0xf7, 0x5c, 0xf7, 0x5c,
  0xf7, 0x7d, 0xf7, 0x5c, 0xf7, 0x9d, 0xff, 0x7c, 0xf7, 0x7d, 0xf7, 0x7d,
  0xfe, 0xb9, 0xf6, 0xda, 0xf6, 0xfa, 0xff, 0x1b, 0xff, 0x3b, 0xff, 0x7c,
  0xff, 0x9d, 0xff, 0xbd, 0xff, 0xbd, 0xff, 0xbd, 0xff, 0x9c, 0xff, 0xbd,
  0xff, 0x9d, 0xff, 0x9d, 0xff, 0x7c, 0xf6, 0xfb, 0xf6, 0x59, 0xff, 0x3c,
  0xe6, 0x17, 0xff, 0x7d, 0xff, 0x9d, 0xff, 0xbe, 0xff, 0xbd, 0xff, 0xbd,
  0xff, 0x9d, 0xff, 0xbd, 0xff, 0xbd, 0xff, 0xbe, 0xff, 0x9d, 0xff, 0x5c,
  0xfe, 0xfb, 0xf7, 0x1b, 0xff, 0x5c, 0xff, 0x9d, 0xff, 0xbd, 0xff, 0xbe,
  0xff, 0xbd, 0xff, 0xde, 0xff, 0xbd, 0xff, 0x9d, 0xff, 0x3c, 0xff, 0x5c,
  0xf7, 0x5c, 0xff, 0xbe, 0xff, 0xde, 0xff, 0xde, 0xff, 0x9d, 0xff, 0x7d,
  0xff, 0x3b, 0xff, 0x3c, 0xff, 0x7c, 0xff, 0xbe, 0xff, 0xde, 0xff, 0xde,
  0xff, 0xde, 0xff, 0xbe, 0xfe, 0xfb, 0xff, 0x3c, 0xff, 0xbd, 0xff, 0xde,
  0xff, 0xbd, 0xff, 0xbe, 0xff, 0xbd, 0xff, 0xbe, 0xff, 0x5c, 0xff, 0x3c,
  0xfe, 0xbb, 0xff, 0x3d, 0xff, 0x5c, 0xff, 0x7d, 0xff, 0x5d, 0xf7, 0x1c,
  0xff, 0x3c, 0xff, 0xbe, 0xff, 0xde, 0xff, 0x7d, 0xf6, 0xfb, 0xf7, 0x1c,
  0xff, 0xbd, 0xff, 0x7d, 0xff, 0x1c, 0xff, 0x5c, 0xe4, 0xf3, 0xfd, 0xd7,
  0xfe, 0xd9, 0xff, 0x3b, 0xff, 0x3a, 0xff, 0xbc, 0xf7, 0x1b, 0xad, 0x13,
  0xad, 0x55, 0xf7, 0x9f, 0xff, 0x7e, 0xad, 0x55, 0xff, 0xbf, 0xff, 0xbf,
  0xff, 0xbe, 0xff, 0xbf, 0xce, 0x38, 0xf7, 0x9e, 0xff, 0xff, 0xe7, 0x3d,
  0xce, 0x18, 0xff, 0xdf, 0xff, 0xdf, 0xff, 0xff, 0xff, 0xdf, 0xff, 0xff,
  0xff, 0x7d, 0xd6, 0x9a, 0xff, 0xbe, 0xff, 0x9e, 0xde, 0x9b, 0xff, 0xdf,
  0xde, 0x1b, 0xcd, 0xda, 0x9c, 0x75, 0xc5, 0xba, 0xc5, 0x9a, 0xbd, 0xbb,
  0xcd, 0xfa, 0xf7, 0x7f, 0xc5, 0xba, 0xbd, 0x9a, 0xc5, 0xdb, 0xc5, 0xdb,
  0xbd, 0x99, 0xc5, 0xda, 0xc5, 0xbb, 0xbd, 0x9a, 0xd6, 0x3a, 0xf7, 0x7f,
  0xd6, 0x3b, 0xbd, 0xda, 0xc5, 0x9a, 0xc5, 0xdb, 0xb5, 0x58, 0xd6, 0x7d,
  0xce, 0x1b, 0xbd, 0xda, 0xc5, 0xbb, 0xbd, 0x7a, 0xc5, 0x9a, 0xc6, 0x1b,
  0xff, 0xbf, 0xff, 0xff, 0xd5, 0xfa, 0xd5, 0xfa, 0xd5, 0xfa, 0xde, 0x5c,
  0xff, 0xff, 0xff, 0xff, 0xff, 0xff, 0xff, 0xbe, 0xff, 0x7d, 0xff, 0xbe,
  0xff, 0x7d, 0xff, 0xbe, 0xff, 0xbe, 0xff, 0x9e, 0xff, 0xdf, 0xff, 0xff,
  0xff, 0xff, 0xff, 0xff, 0xff, 0xff, 0xff, 0xff, 0xff, 0xff, 0xff, 0xff,
  0xff, 0xff, 0xff, 0xff, 0xff, 0xff, 0xc6, 0x39, 0xde, 0x9a, 0xef, 0x3d,
  0xbd, 0x79, 0xc5, 0xbb, 0xc5, 0xbb, 0xbd, 0xbb, 0xc5, 0xda, 0xbd, 0xba,
  0xc5, 0xba, 0xbd, 0x9a, 0xbd, 0x7a, 0xc5, 0xfc, 0xcd, 0xfb, 0xb5, 0x99,
  0xde, 0x9c, 0xef, 0x3f, 0xbd, 0x79, 0xbd, 0xbb, 0xc5, 0xbb, 0xbd, 0xbb,
  0xbd, 0x7a, 0xbd, 0x9a, 0xd6, 0x1a, 0xef, 0x1f, 0xbd, 0x99, 0xb5, 0x79,
  0xc5, 0xda, 0xbd, 0x9a, 0xbd, 0x79, 0xb5, 0x9a, 0xef, 0x1e, 0xd6, 0x5c,
  0xce, 0x1b, 0xc5, 0xdb, 0xc5, 0x9a, 0xbd, 0x9a, 0xd6, 0x5b, 0xe6, 0xfe,
  0xbd, 0x99, 0xc5, 0xfb, 0xc5, 0xba, 0xbd, 0x9a, 0xbd, 0x99, 0xc5, 0xfb,
  0xf7, 0x5f, 0xc5, 0xfa, 0xbd, 0x9a, 0xbd, 0x9a, 0xbd, 0x99, 0xc5, 0xda,
  0xc5, 0x9a, 0xbd, 0xbb, 0xbd, 0x99, 0xd6, 0x5d, 0xad, 0x34, 0xd6, 0xdb,
  0xf7, 0x7c, 0xf7, 0x9c, 0xff, 0x5c, 0xf7, 0x5d, 0xff, 0x7c, 0xf7, 0x7c,
  0xff, 0x7c, 0xff, 0x9d, 0xff, 0x7c, 0xf7, 0x7d, 0xff, 0x7d, 0xff, 0x9d,
  0xff, 0x7d, 0xff, 0x5c, 0xff, 0x3c, 0xff, 0x1b, 0xee, 0x9a, 0xf6, 0x99,
  0xf6, 0xfb, 0xff, 0x1b, 0xff, 0x5c, 0xff, 0x5c, 0xff, 0x9d, 0xff, 0x9d,
  0xff, 0x9d, 0xff, 0xbd, 0xff, 0x7e, 0xee, 0x79, 0xff, 0x9e, 0xf6, 0xdb,
  0xff, 0x5c, 0xff, 0x5c, 0xf7, 0x5c, 0xff, 0x5c, 0xff, 0x9d, 0xff, 0xbd,
  0xff, 0xbe, 0xff, 0xbd, 0xff, 0xbe, 0xff, 0x9d, 0xff, 0xbe, 0xff, 0x9e,
  0xff, 0xbe, 0xff, 0x7d, 0xf7, 0x3c, 0xff, 0x1c, 0xff, 0x5c, 0xff, 0x7d,
  0xff, 0xbe, 0xff, 0x9d, 0xff, 0xbe, 0xff, 0xbd, 0xff, 0xde, 0xff, 0xbd,
  0xf7, 0x5d, 0xff, 0x3c, 0xff, 0x7d, 0xff, 0x5d, 0xff, 0xde, 0xff, 0xbe,
  0xff, 0xbe, 0xff, 0x9d, 0xff, 0x5d, 0xff, 0x3c, 0xf7, 0x5c, 0xff, 0xbe,
  0xff, 0xbe, 0xff, 0x9d, 0xff, 0xde, 0xff, 0x9d, 0xff, 0x5d, 0xff, 0x5c,
  0xff, 0x7d, 0xff, 0x9e, 0xff, 0xde, 0xff, 0xbd, 0xff, 0xbe, 0xff, 0xbe,
  0xee, 0x7a, 0xfe, 0xbb, 0xee, 0xbb, 0xff, 0x7e, 0xff, 0xdf, 0xff, 0xbe,
  0xf7, 0x1c, 0xf6, 0xdb, 0xff, 0x9d, 0xff, 0xde, 0xff, 0xbe, 0xf7, 0x1c,
  0xee, 0xdb, 0xff, 0x7e, 0xf7, 0x3d, 0xf7, 0x1c, 0xfe, 0xbb, 0xc4, 0xb3,
  0xf6, 0x38, 0xfe, 0x99, 0xff, 0x9d, 0xe6, 0x78, 0x9c, 0xb3, 0xde, 0x7a,
  0xff, 0xbf, 0xff, 0xbf, 0xbd, 0xb7, 0xe6, 0xdb, 0xff, 0xdf, 0xff, 0xbf,
  0xff, 0xbf, 0xf7, 0x5d, 0xbd, 0xf8, 0xff, 0xff, 0xff, 0xff, 0xff, 0xbe,
  0xce, 0x19, 0xff, 0x9f, 0xff, 0xff, 0xff, 0xff, 0xff, 0xbf, 0xff, 0x7e,
  0xff, 0xbf, 0xde, 0x5a, 0xff, 0xbf, 0xff, 0xdf, 0xde, 0x9c, 0xde, 0x5a,
  0xcd, 0x9a, 0xdd, 0xfc, 0x8c, 0x15, 0xc5, 0x9b, 0xbd, 0xdb, 0xc5, 0xba,
  0xbd, 0x9a, 0xde, 0x9d, 0xe7, 0x1f, 0xb5, 0x58, 0xb5, 0x9a, 0xce, 0x1b,
  0xd6, 0x9e, 0xbd, 0x79, 0xbd, 0xbb, 0xbd, 0x9a, 0xbd, 0xda, 0xef, 0x3f,
  0xbd, 0xdb, 0xbd, 0x9a, 0xb5, 0x9a, 0xc5, 0xbb, 0xbd, 0xda, 0xde, 0x7d,
  0xc6, 0x1b, 0xbd, 0x99, 0xbd, 0xbb, 0xbd, 0x9a, 0xb5, 0x9a, 0xce, 0x1b,
  0xff, 0xff, 0xff, 0x9f, 0xc5, 0x79, 0xe6, 0x3c, 0xde, 0x1c, 0xd5, 0xba,
  0xe7, 0x1d, 0xff, 0xff, 0xff, 0xff, 0xff, 0xff, 0xff, 0xbf, 0xff, 0x7e,
  0xff, 0x9e, 0xff, 0x7e, 0xff, 0x9f, 0xff, 0x7e, 0xff, 0x9e, 0xff, 0x9e,
  0xff, 0xdf, 0xff, 0xff, 0xff, 0xff, 0xff, 0xff, 0xff, 0xff, 0xff, 0xff,
  0xff, 0xdf, 0xff, 0xff, 0xd6, 0x9b, 0xce, 0x39, 0xde, 0xbe, 0xbd, 0x79,
  0xb5, 0x7a, 0xbd, 0x9a, 0xc5, 0xfb, 0xc5, 0xba, 0xbd, 0x9b, 0xbd, 0x9a,
  0xbd, 0xba, 0xbd, 0x9a, 0xc5, 0xdc, 0xc5, 0xbb, 0xbd, 0x99, 0xc5, 0xb9,
  0xff, 0xbf, 0xce, 0x3a, 0xb5, 0x7a, 0xc5, 0x9b, 0xbd, 0xba, 0xbd, 0x9a,
  0xbd, 0x9b, 0xb5, 0x59, 0xde, 0xbe, 0xe6, 0xde, 0xb5, 0x7a, 0xbd, 0x9a,
  0xbd, 0xbb, 0xbd, 0x9a, 0xbd, 0x9b, 0xbd, 0x9a, 0xe7, 0x1f, 0xc5, 0xd9,
  0xc5, 0xdb, 0xc5, 0xdb, 0xc5, 0xdc, 0xbd, 0x7a, 0xce, 0x1b, 0xee, 0xfe,
  0xb5, 0x9a, 0xc5, 0xdb, 0xbd, 0xbb, 0xbd, 0x7a, 0xbd, 0xdb, 0xbd, 0x9a,
  0xe6, 0xfe, 0xde, 0x7c, 0xb5, 0x59, 0xde, 0x7d, 0xde, 0x9e, 0xbd, 0x99,
  0xbd, 0xbb, 0xc5, 0xbb, 0xbd, 0x9b, 0xbd, 0x7a, 0xc6, 0x5a, 0xad, 0x56,
  0xe7, 0x3c, 0xef, 0x5c, 0xf7, 0x5d, 0xff, 0x5c, 0xf7, 0x7d, 0xf7, 0x5c,
  0xf7, 0x9d, 0xff, 0x7d, 0xf7, 0x9d, 0xff, 0x9d, 0xff, 0x9e, 0xff, 0x7d,
  0xff, 0x9c, 0xff, 0xbd, 0xff, 0xbd, 0xff, 0xbd, 0xff, 0x9c, 0xff, 0x9c,
  0xff, 0x7c, 0xff, 0x7c, 0xff, 0x3b, 0xff, 0x1b, 0xff, 0x1b, 0xff, 0x5c,
  0xff, 0x3b, 0xff, 0x7d, 0xee, 0xba, 0xff, 0x5d, 0xfe, 0xfb, 0xf6, 0xfb,
  0xff, 0xbd, 0xff, 0xbd, 0xff, 0x9d, 0xff, 0x9d, 0xff, 0x3c, 0xfe, 0xfb,
  0xfe, 0xfb, 0xff, 0x5c, 0xff, 0x7c, 0xff, 0xbe, 0xff, 0xdd, 0xff, 0xde,
  0xff, 0x9d, 0xff, 0xbe, 0xff, 0xbd, 0xff, 0xbe, 0xff, 0x7c, 0xff, 0x3c,
  0xff, 0x1b, 0xff, 0x3c, 0xff, 0x9d, 0xff, 0xde, 0xff, 0xbd, 0xff, 0xde,
  0xff, 0xbd, 0xff, 0xbe, 0xff, 0x7d, 0xff, 0x3c, 0xff, 0x3b, 0xff, 0x9d,
  0xff, 0xbd, 0xff, 0xfe, 0xff, 0xbd, 0xff, 0x9d, 0xff, 0x1b, 0xff, 0x1c,
  0xff, 0x5c, 0xff, 0xbd, 0xff, 0xbd, 0xff, 0xde, 0xff, 0xbd, 0xff, 0x9d,
  0xff, 0x3c, 0xff, 0x3c, 0xff, 0xbd, 0xff, 0xde, 0xff, 0xbd, 0xff, 0x7d,
  0xff, 0x1b, 0xff, 0x9d, 0xee, 0x79, 0xff, 0x1c, 0xff, 0x9d, 0xff, 0xde,
  0xff, 0xde, 0xff, 0xbd, 0xfe, 0xfb, 0xf6, 0xfb, 0xff, 0xbd, 0xff, 0xde,
  0xff, 0x3c, 0xf6, 0xfb, 0xff, 0x7d, 0xff, 0x5d, 0xff, 0x3d, 0xf6, 0x9b,
  0xdc, 0xf3, 0xfe, 0x18, 0xb5, 0x13, 0xad, 0x14, 0xf7, 0x5c, 0xff, 0xdf,
  0xff, 0x9e, 0xde, 0xbb, 0xbd, 0x97, 0xff, 0xff, 0xff, 0x7d, 0xff, 0x9e,
  0xff, 0x9e, 0xde, 0x9a, 0xde, 0xbb, 0xff, 0xff, 0xff, 0xff, 0xff, 0xff,
  0xcd, 0xf8, 0xf7, 0x7e, 0xff, 0xff, 0xff, 0xff, 0xff, 0xff, 0xff, 0xff,
  0xff, 0xbf, 0xce, 0x3a, 0xef, 0x1c, 0xff, 0xff, 0xee, 0xdc, 0xbd, 0x97,
  0xdd, 0xfb, 0xd5, 0xbb, 0x8c, 0x14, 0xbd, 0xba, 0xc5, 0xdb, 0xb5, 0x79,
  0xbd, 0x79, 0xbd, 0x9a, 0xef, 0x1e, 0xd6, 0x9c, 0xc5, 0xd9, 0xf7, 0x7f,
  0xc5, 0xda, 0xb5, 0x99, 0xbd, 0x7a, 0xbd, 0x9b, 0xbd, 0x99, 0xef, 0x1f,
  0xde, 0x7c, 0xbd, 0x99, 0xc5, 0x9a, 0xce, 0x1c, 0xc5, 0xb9, 0xd6, 0x7d,
  0xd6, 0x1b, 0xc5, 0xda, 0xcd, 0xdb, 0xc5, 0xdb, 0xbd, 0x58, 0xde, 0x9d,
  0xff, 0xff, 0xde, 0xdb, 0xee, 0xbd, 0xd6, 0x3b, 0xe6, 0x1c, 0xdd, 0xfb,
  0xd6, 0x19, 0xff, 0xdf, 0xff, 0xff, 0xff, 0xff, 0xff, 0xff, 0xff, 0xff,
  0xff, 0x7d, 0xff, 0x9e, 0xff, 0x9e, 0xf7, 0x7d, 0xff, 0x9d, 0xff, 0x9e,
  0xff, 0x9e, 0xff, 0xbe, 0xff, 0x9e, 0xff, 0xbe, 0xff, 0xbe, 0xf7, 0x9e,
  0xff, 0xbe, 0xe6, 0xfb, 0xbd, 0xb8, 0xd6, 0x9b, 0xbd, 0x79, 0xbd, 0xbb,
  0xc5, 0x9a, 0xbd, 0xba, 0xcd, 0xfb, 0xbd, 0xba, 0xbd, 0x7a, 0xbd, 0x9a,
  0xbd, 0x9a, 0xbd, 0xbb, 0xc5, 0xdb, 0xc5, 0xdb, 0xbd, 0x99, 0xe6, 0xfe,
  0xff, 0x7f, 0xef, 0x3e, 0xd6, 0x5c, 0xc5, 0xda, 0xc5, 0xda, 0xc5, 0xda,
  0xc5, 0xbb, 0xb5, 0x59, 0xe6, 0xfe, 0xce, 0x5c, 0xbd, 0x7a, 0xbd, 0xbb,
  0xbd, 0x9a, 0xbd, 0xbb, 0xc5, 0x99, 0xc5, 0xda, 0xee, 0xfe, 0xbd, 0x99,
  0xcd, 0xfa, 0xc5, 0xfb, 0xcd, 0xdb, 0xbd, 0x9a, 0xcd, 0xfa, 0xf7, 0x7f,
  0xc5, 0xda, 0xbd, 0xba, 0xc5, 0xbb, 0xbd, 0x9a, 0xc5, 0x9a, 0xbd, 0x9a,
  0xce, 0x1b, 0xef, 0x3f, 0xe6, 0xdd, 0xe7, 0x1e, 0xc5, 0xda, 0xbd, 0x9a,
  0xbd, 0x79, 0xbd, 0xba, 0xc5, 0xba, 0xbd, 0x9a, 0xcd, 0xd9, 0xbd, 0xb9,
  0xe6, 0xda, 0xe7, 0x1b, 0xe7, 0x1a, 0xef, 0x7c, 0xff, 0x7c, 0xff, 0x9d,
  0xff, 0x7c, 0xf7, 0x7c, 0xff, 0x7c, 0xff, 0x9d, 0xff, 0x7c, 0xf7, 0x7d,
  0xff, 0x5c, 0xff, 0x3c, 0xff, 0x7c, 0xff, 0x9d, 0xff, 0x9d, 0xff, 0x7c,
  0xff, 0x7d, 0xff, 0x7c, 0xff, 0xbd, 0xff, 0x9d, 0xff, 0x9d, 0xff, 0x7c,
  0xff, 0x7d, 0xfe, 0xfb, 0xe6, 0x39, 0xff, 0x1c, 0xe6, 0x39, 0xff, 0x3c,
  0xff, 0x9d, 0xff, 0x9d, 0xff, 0xbe, 0xff, 0x9d, 0xff, 0x9d, 0xff, 0x9d,
  0xff, 0x7d, 0xff, 0x3c, 0xf7, 0x1c, 0xff, 0x3c, 0xff, 0x5d, 0xff, 0x7d,
  0xff, 0xde, 0xff, 0xbe, 0xff, 0x9e, 0xff, 0x7d, 0xff, 0xbe, 0xff, 0xbe,
  0xff, 0x9e, 0xff, 0x5d, 0xf7, 0x1c, 0xff, 0x3c, 0xff, 0xbe, 0xff, 0x9d,
  0xff, 0xbe, 0xff, 0xbd, 0xff, 0xde, 0xff, 0xbe, 0xff, 0x9e, 0xff, 0x3c,
  0xf7, 0x1c, 0xff, 0x5c, 0xff, 0xbe, 0xff, 0xbe, 0xff, 0xdf, 0xff, 0x7d,
  0xf7, 0x3c, 0xf6, 0xfb, 0xff, 0x7d, 0xff, 0x9d, 0xff, 0xbe, 0xff, 0xbe,
  0xff, 0xbe, 0xff, 0x7d, 0xf7, 0x3c, 0xff, 0x3c, 0xff, 0xde, 0xff, 0x5c,
  0xff, 0x7d, 0xff, 0x5d, 0xf7, 0x3c, 0xff, 0x7d, 0xef, 0x1b, 0xff, 0x5c,
  0xff, 0xbe, 0xff, 0xbe, 0xff, 0x9e, 0xfe, 0xfb, 0xee, 0xdb, 0xff, 0x5d,
  0xff, 0xff, 0xff, 0xbe, 0xf7, 0x1c, 0xff, 0x3c, 0xff, 0xbe, 0xff, 0x3c,
  0xfe, 0x5a, 0xa3, 0x8f, 0xb5, 0x76, 0xff, 0xbf, 0xff, 0x9e, 0xff, 0x5d,
  0xff, 0xbf, 0xb5, 0x56, 0xe7, 0x1d, 0xff, 0xbf, 0xff, 0x7e, 0xff, 0x7d,
  0xff, 0xbf, 0xc5, 0xb7, 0xe7, 0x3d, 0xff, 0xff, 0xff, 0xff, 0xff, 0xff,
  0xd6, 0x9b, 0xee, 0xfc, 0xff, 0xff, 0xff, 0xff, 0xff, 0xff, 0xff, 0xff,
  0xe6, 0x9d, 0xd5, 0xfa, 0xc6, 0x19, 0xff, 0xff, 0xf7, 0x3f, 0xbd, 0x36,
  0xde, 0x7c, 0xff, 0x1f, 0xa5, 0x17, 0xb5, 0x78, 0xc5, 0xdc, 0xc5, 0x9b,
  0xbd, 0xbb, 0xbd, 0x9a, 0xbd, 0xb9, 0xf7, 0x5f, 0xef, 0x5f, 0xc5, 0xb9,
  0xc5, 0xfb, 0xde, 0x7d, 0xb5, 0x7a, 0xc5, 0xbb, 0xb5, 0x58, 0xde, 0x7c,
  0xde, 0x9d, 0xbd, 0x78, 0xbd, 0xbb, 0xc5, 0xbb, 0xb5, 0x59, 0xde, 0x5d,
  0xd6, 0x5d, 0xbd, 0x99, 0xc5, 0xdc, 0xc5, 0xbb, 0xb5, 0x98, 0xe6, 0xfe,
  0xff, 0xff, 0xbd, 0xb7, 0xde, 0x5c, 0xe6, 0x9d, 0xd5, 0xdc, 0xcd, 0x9a,
  0xc5, 0xba, 0xf6, 0xff, 0xff, 0xff, 0xff, 0xff, 0xff, 0xff, 0xff, 0xff,
  0xff, 0xbf, 0xf7, 0x5d, 0xff, 0xbf, 0xff, 0x9e, 0xf7, 0x5d, 0xff, 0x5d,
  0xff, 0x7e, 0xff, 0x7e, 0xff, 0x9e, 0xff, 0x9e, 0xf7, 0x9e, 0xff, 0x9e,
  0xff, 0xbf, 0xb5, 0x55, 0xc6, 0x1c, 0xbd, 0x99, 0xbd, 0xbb, 0xbd, 0x9a,
  0xbd, 0x9a, 0xbd, 0x9a, 0xbd, 0xbb, 0xb5, 0x5a, 0xb5, 0x9a, 0xbd, 0x9a,
  0xbd, 0xbb, 0xbd, 0x7a, 0xbd, 0x9a, 0xbd, 0x79, 0xce, 0x5c, 0xff, 0x9f,
  0xb5, 0x99, 0xbd, 0xb9, 0xe6, 0xde, 0xe6, 0xfe, 0xc5, 0xdb, 0xc5, 0xdb,
  0xbd, 0xdb, 0xc5, 0xda, 0xef, 0x3f, 0xbd, 0xb8, 0xc5, 0xdb, 0xc5, 0xdb,
  0xbd, 0xbb, 0xbd, 0x9a, 0xbd, 0xba, 0xc5, 0xdb, 0xef, 0x1f, 0xc5, 0xb9,
  0xbd, 0xdb, 0xc5, 0xdb, 0xbd, 0xbb, 0xc5, 0x9b, 0xbd, 0xb9, 0xf7, 0x3f,
  0xc5, 0xfb, 0xbd, 0x79, 0xbd, 0xba, 0xc5, 0xba, 0xc5, 0xdc, 0xcd, 0xdb,
  0xbd, 0xb9, 0xf7, 0x7f, 0xce, 0x3b, 0xbd, 0x78, 0xde, 0xde, 0xde, 0x9d,
  0xb5, 0x9a, 0xc5, 0x9b, 0xbd, 0x9b, 0xbd, 0x7a, 0xbd, 0x9b, 0xb5, 0x39,
  0xbd, 0xb6, 0xff, 0xbe, 0xe7, 0x3b, 0xe6, 0xfa, 0xef, 0x3c, 0xff, 0x7c,
  0xff, 0xbe, 0xff, 0x7c, 0xf7, 0x5d, 0xf7, 0x5c, 0xf7, 0x7d, 0xff, 0x7d,
  0xff, 0x1b, 0xee, 0xba, 0xf6, 0x79, 0xf6, 0x99, 0xfe, 0xda, 0xff, 0x5c,
  0xff, 0x7c, 0xff, 0x9d, 0xff, 0x9d, 0xff, 0x9d, 0xff, 0x9d, 0xff, 0xbd,
  0xff, 0xbd, 0xee, 0xfb, 0xff, 0x7d, 0xf6, 0xda, 0xff, 0x1b, 0xff, 0x1b,
  0xff, 0x3b, 0xff, 0x3c, 0xff, 0x7c, 0xff, 0x9d, 0xff, 0x9c, 0xff, 0xbd,
  0xff, 0xbd, 0xff, 0xde, 0xff, 0xbe, 0xff, 0xbe, 0xff, 0x1b, 0xf7, 0x1c,
  0xff, 0x3c, 0xff, 0x7d, 0xff, 0xbd, 0xff, 0xde, 0xff, 0xbe, 0xff, 0xde,
  0xff, 0x9d, 0xff, 0xbe, 0xff, 0xbd, 0xff, 0x9d, 0xff, 0x5c, 0xff, 0x3c,
  0xff, 0x7c, 0xff, 0xbe, 0xff, 0xbd, 0xff, 0xdd, 0xff, 0xbd, 0xff, 0xde,
  0xff, 0x7d, 0xff, 0x3c, 0xff, 0x5c, 0xff, 0x7d, 0xff, 0xbd, 0xff, 0xde,
  0xff, 0xbe, 0xff, 0x9d, 0xff, 0x3c, 0xff, 0x3c, 0xff, 0x9d, 0xff, 0xde,
  0xff, 0xbd, 0xff, 0xbe, 0xff, 0xbd, 0xff, 0x7d, 0xff, 0x3c, 0xe6, 0x9a,
  0xff, 0x9d, 0xff, 0x3c, 0xff, 0x7c, 0xff, 0xde, 0xff, 0xbe, 0xff, 0x7d,
  0xf6, 0xda, 0xff, 0x7d, 0xff, 0xbd, 0xff, 0xde, 0xff, 0x9e, 0xee, 0xbb,
  0xf7, 0x1b, 0xff, 0xff, 0xff, 0xde, 0xef, 0x1b, 0xf6, 0xda, 0xff, 0xbe,
  0xff, 0x3d, 0xd5, 0x56, 0xd5, 0x36, 0xff, 0x3e, 0xff, 0x7d, 0xff, 0xbe,
  0xe6, 0x9a, 0xbd, 0x96, 0xff, 0xff, 0xf7, 0x9e, 0xff, 0x9d, 0xf7, 0x7d,
  0xff, 0x9e, 0xce, 0x59, 0xff, 0xbf, 0xff, 0xff, 0xff, 0xff, 0xff, 0xff,
  0xe6, 0x9a, 0xde, 0x9b, 0xff, 0xff, 0xff, 0xff, 0xff, 0xdf, 0xde, 0x9b,
  0xee, 0x5c, 0xee, 0x7c, 0xb5, 0x36, 0xe6, 0xdd, 0xf6, 0xdd, 0xbd, 0x37,
  0xcd, 0xf9, 0xff, 0xff, 0xa4, 0xd5, 0xb5, 0x98, 0xc5, 0xbb, 0xc5, 0xbb,
  0xc5, 0x9a, 0xbd, 0x9a, 0xc5, 0xb9, 0xd6, 0x7d, 0xef, 0x3e, 0xce, 0x1a,
  0xf7, 0x3f, 0xc5, 0xfa, 0xcd, 0xdb, 0xc5, 0xdb, 0xbd, 0x99, 0xce, 0x3c,
  0xee, 0xfe, 0xb5, 0x99, 0xc5, 0xdb, 0xbd, 0xbb, 0xbd, 0x79, 0xd6, 0x7d,
  0xde, 0x7c, 0xd6, 0x5c, 0xc5, 0x9a, 0xbd, 0x7a, 0xbd, 0xb8, 0xf7, 0xbf,
  0xff, 0x1d, 0xbd, 0x97, 0xdd, 0xfb, 0xcd, 0xba, 0xcd, 0x99, 0xd5, 0xfb,
  0xcd, 0x79, 0xcd, 0xba, 0xff, 0xdf, 0xff, 0xff, 0xff, 0xff, 0xff, 0xff,
  0xff, 0xff, 0xf7, 0x9e, 0xff, 0x7d, 0xff, 0xbe, 0xff, 0x9d, 0xff, 0x9e,
  0xff, 0x7d, 0xff, 0x9e, 0xff, 0x5d, 0xf7, 0x7d, 0xff, 0x5d, 0xff, 0xdf,
  0xce, 0x39, 0xde, 0xdc, 0xe6, 0xbe, 0xb5, 0x79, 0xbd, 0x9a, 0xc5, 0xdb,
  0xc5, 0xda, 0xbd, 0xba, 0xc5, 0xba, 0xbd, 0x9a, 0xc5, 0x9a, 0xc5, 0xfb,
  0xc5, 0xbb, 0xbd, 0xba, 0xc5, 0xda, 0xc5, 0xda, 0xf7, 0x5f, 0xde, 0xdd,
  0xe6, 0xde, 0xd6, 0x9d, 0xbd, 0x99, 0xc5, 0xda, 0xcd, 0xfb, 0xbd, 0xbb,
  0xb5, 0x58, 0xd6, 0x7d, 0xe6, 0xde, 0xb5, 0x79, 0xbd, 0x7a, 0xbd, 0x9b,
  0xbd, 0x99, 0xbd, 0x9a, 0xbd, 0x99, 0xce, 0x3c, 0xee, 0xfe, 0xbd, 0xb9,
  0xc5, 0xda, 0xc5, 0xdb, 0xc5, 0x9a, 0xc5, 0xbb, 0xc5, 0xb9, 0xef, 0x3f,
  0xc5, 0xba, 0xb5, 0x79, 0xc5, 0xdb, 0xc5, 0xfc, 0xcd, 0xdb, 0xc5, 0xfc,
  0xc5, 0xb9, 0xde, 0xbd, 0xee, 0xfd, 0xef, 0x1e, 0xe6, 0xbd, 0xbd, 0xb9,
  0xc5, 0x9a, 0xbd, 0x9a, 0xc5, 0xba, 0xc5, 0xdb, 0xc5, 0xba, 0xbd, 0xba,
  0xb5, 0x34, 0xf7, 0x5d, 0xff, 0x7c, 0xf7, 0x7c, 0xef, 0x3b, 0xe7, 0x3b,
  0xf7, 0x5c, 0xf7, 0x9d, 0xff, 0x9d, 0xf7, 0x7c, 0xff, 0x7c, 0xff, 0xbd,
  0xff, 0x9d, 0xff, 0x9d, 0xff, 0x7c, 0xff, 0x3b, 0xff, 0x1b, 0xff, 0x1b,
  0xf6, 0xdb, 0xfe, 0xda, 0xff, 0x1c, 0xfe, 0xfb, 0xff, 0x3c, 0xff, 0x7d,
  0xff, 0x1c, 0xff, 0x7d, 0xfe, 0xfc, 0xf6, 0x9a, 0xff, 0xde, 0xff, 0x9d,
  0xff, 0xde, 0xff, 0x9d, 0xff, 0x3c, 0xf6, 0xfb, 0xff, 0x3c, 0xff, 0x5c,
  0xff, 0x9d, 0xff, 0xde, 0xff, 0xde, 0xff, 0xbd, 0xff, 0xde, 0xff, 0x9d,
  0xff, 0x9d, 0xff, 0x5c, 0xf7, 0x3c, 0xff, 0x1c, 0xff, 0x7d, 0xff, 0x9e,
  0xff, 0xde, 0xff, 0xbe, 0xff, 0xbe, 0xff, 0xbd, 0xff, 0xbe, 0xff, 0x9d,
  0xff, 0x7d, 0xff, 0x5c, 0xff, 0x7d, 0xff, 0x7d, 0xff, 0xbe, 0xff, 0xbd,
  0xff, 0x9e, 0xff, 0x9d, 0xff, 0xbe, 0xff, 0x7d, 0xff, 0x3d, 0xff, 0x3c,
  0xff, 0xde, 0xff, 0xde, 0xff, 0xbe, 0xff, 0x7d, 0xff, 0x3c, 0xff, 0x1c,
  0xff, 0x9e, 0xff, 0xbe, 0xff, 0xbe, 0xff, 0xbe, 0xff, 0x9e, 0xee, 0x9a,
  0xf7, 0x1c, 0xf6, 0xfb, 0xff, 0xff, 0xff, 0xbe, 0xff, 0xbe, 0xff, 0xbe,
  0xff, 0x7e, 0xff, 0x1c, 0xef, 0x1c, 0xff, 0x9d, 0xff, 0xff, 0xff, 0xde,
  0xf7, 0x3c, 0xf6, 0xdb, 0xff, 0x7e, 0xff, 0xde, 0xff, 0x5d, 0xf7, 0x1b,
  0xff, 0x7e, 0xfe, 0xfc, 0xcc, 0x95, 0xd4, 0x74, 0xf7, 0x3d, 0xff, 0xbf,
  0xb5, 0xb7, 0xf7, 0x5d, 0xff, 0xdf, 0xff, 0x9e, 0xf7, 0x7e, 0xff, 0x9e,
  0xe7, 0x1d, 0xc5, 0xd8, 0xff, 0xff, 0xff, 0xdf, 0xff, 0xff, 0xff, 0xff,
  0xef, 0x5e, 0xd6, 0x39, 0xff, 0xbf, 0xff, 0xbe, 0xe6, 0x9d, 0xe6, 0x7c,
  0xe6, 0x1c, 0xee, 0x3c, 0xc5, 0x79, 0xc5, 0x38, 0xde, 0x7d, 0xac, 0x95,
  0xd6, 0x7b, 0xff, 0xff, 0xa4, 0xf7, 0xad, 0x17, 0xce, 0x1c, 0xc5, 0xbb,
  0xce, 0x1c, 0xc5, 0xdb, 0xbd, 0xba, 0xbd, 0x99, 0xe6, 0xfe, 0xff, 0x7f,
  0xbd, 0xba, 0xbd, 0x79, 0xc5, 0xbb, 0xc5, 0xbb, 0xbd, 0xba, 0xc5, 0xba,
  0xef, 0x3f, 0xbd, 0xba, 0xb5, 0x5a, 0xbd, 0x9b, 0xbd, 0x9a, 0xde, 0x7d,
  0xef, 0x3e, 0xe6, 0xdd, 0xc5, 0xdc, 0xbd, 0x7a, 0xc5, 0xfa, 0xff, 0xdf,
  0xde, 0x5b, 0xd5, 0xfa, 0xdd, 0xfc, 0xdd, 0xdb, 0xee, 0xbe, 0xe6, 0x5c,
  0xe6, 0x7d, 0xe6, 0x1b, 0xce, 0x1a, 0xff, 0xbf, 0xff, 0xff, 0xff, 0xff,
  0xff, 0xff, 0xff, 0xff, 0xf7, 0x9e, 0xff, 0x7d, 0xf7, 0x9e, 0xff, 0x7e,
  0xf7, 0x7e, 0xff, 0x7d, 0xff, 0xbf, 0xff, 0x9e, 0xf7, 0x9e, 0xee, 0xfc,
  0xc6, 0x19, 0xff, 0xff, 0xff, 0xdf, 0xde, 0xbc, 0xbd, 0xbb, 0xbd, 0x9a,
  0xbd, 0xdb, 0xc5, 0xba, 0xbd, 0xdb, 0xbd, 0x9a, 0xbd, 0x9a, 0xc5, 0xba,
  0xc5, 0xdb, 0xc5, 0xbb, 0xbd, 0x99, 0xee, 0xfe, 0xde, 0xde, 0xb5, 0x38,
  0xc5, 0xfb, 0xe6, 0xbe, 0xd6, 0x7e, 0xbd, 0x79, 0xbd, 0xdb, 0xc5, 0xbb,
  0xb5, 0x79, 0xee, 0xfe, 0xe7, 0x1e, 0xe6, 0xdc, 0xde, 0xbe, 0xc5, 0xda,
  0xc5, 0xdc, 0xbd, 0x9a, 0xbd, 0xba, 0xd6, 0x3c, 0xe6, 0xff, 0xbd, 0x99,
  0xbd, 0xdb, 0xc5, 0xbb, 0xbd, 0xbb, 0xbd, 0x7a, 0xb5, 0x79, 0xef, 0x1f,
  0xe6, 0xfe, 0xe6, 0xfd, 0xe7, 0x1f, 0xc5, 0xda, 0xbd, 0x9b, 0xc5, 0x9b,
  0xb5, 0x79, 0xcd, 0xfb, 0xf7, 0x9f, 0xcd, 0xfa, 0xbd, 0xbb, 0xc5, 0xdb,
  0xc6, 0x1c, 0xc5, 0xdb, 0xbd, 0xba, 0xc5, 0xba, 0xbd, 0xbb, 0xcd, 0xdb,
  0xa5, 0x15, 0xde, 0x7a, 0xff, 0xbe, 0xf7, 0x5c, 0xf7, 0x9d, 0xf7, 0x7c,
  0xe7, 0x1b, 0xe6, 0xfa, 0xe7, 0x3c, 0xf7, 0x9d, 0xf7, 0x7d, 0xff, 0x7d,
  0xff, 0x9c, 0xff, 0x9d, 0xff, 0x9c, 0xff, 0xbc, 0xff, 0x9c, 0xff, 0x9d,
  0xff, 0x9c, 0xff, 0x9c, 0xff, 0x7c, 0xf7, 0x5c, 0xfe, 0xfb, 0xff, 0x1b,
  0xee, 0x58, 0xff, 0x5d, 0xee, 0xb9, 0xff, 0x9d, 0xff, 0xbd, 0xff, 0x9d,
  0xff, 0x9d, 0xff, 0xbe, 0xff, 0xdd, 0xff, 0xbd, 0xff, 0x3b, 0xff, 0x3c,
  0xff, 0x3c, 0xff, 0x3c, 0xff, 0x5c, 0xff, 0xbe, 0xff, 0xbd, 0xff, 0xbe,
  0xff, 0x9d, 0xff, 0xbe, 0xff, 0x9d, 0xf7, 0x5c, 0xff, 0x1b, 0xf7, 0x1b,
  0xff, 0x3c, 0xff, 0x9e, 0xff, 0xde, 0xff, 0xbd, 0xff, 0xbe, 0xff, 0xde,
  0xff, 0xbd, 0xff, 0xbe, 0xff, 0x7d, 0xee, 0xda, 0xff, 0x3b, 0xff, 0xbd,
  0xff, 0xdd, 0xff, 0xde, 0xff, 0xbd, 0xff, 0xde, 0xff, 0xbd, 0xff, 0x7d,
  0xff, 0x1b, 0xff, 0x5c, 0xff, 0x9d, 0xff, 0xde, 0xff, 0xbd, 0xff, 0xbe,
  0xff, 0x3c, 0xf7, 0x1b, 0xff, 0x7d, 0xff, 0xde, 0xff, 0x5c, 0xff, 0x9d,
  0xff, 0x5d, 0xee, 0xdb, 0xf6, 0xda, 0xff, 0x7d, 0xff, 0xde, 0xff, 0xde,
  0xff, 0xdd, 0xff, 0xde, 0xff, 0x1c, 0xee, 0xdb, 0xff, 0x9d, 0xff, 0xde,
  0xff, 0xbe, 0xff, 0x5d, 0xf6, 0xba, 0xff, 0x3c, 0xff, 0xde, 0xff, 0xbe,
  0xf6, 0xfb, 0xf7, 0x1c, 0xfe, 0x5b, 0xb4, 0x12, 0xdd, 0x57, 0xfe, 0xfd,
  0xc6, 0x38, 0xff, 0xff, 0xff, 0xbe, 0xff, 0xdf, 0xff, 0x7d, 0xff, 0xdf,
  0xe6, 0xdb, 0xde, 0xbb, 0xff, 0xff, 0xff, 0xff, 0xff, 0xff, 0xff, 0xff,
  0xff, 0xdf, 0xbd, 0xf8, 0xff, 0xbf, 0xe6, 0xfc, 0xe6, 0x3b, 0xe6, 0x5c,
  0xe5, 0xfa, 0xdd, 0xba, 0xee, 0x5c, 0xbd, 0x17, 0xcd, 0x79, 0xe6, 0x5c,
  0xce, 0x39, 0xff, 0xff, 0xa4, 0xf6, 0x9c, 0xd6, 0xcd, 0xfb, 0xc5, 0xdb,
  0xc5, 0xba, 0xbd, 0xda, 0xbd, 0x9a, 0xbd, 0xbb, 0xc5, 0xb9, 0xef, 0x3f,
  0xc5, 0xda, 0xc5, 0xfb, 0xc5, 0x9a, 0xc5, 0xbb, 0xc5, 0xba, 0xbd, 0xba,
  0xe6, 0xfe, 0xc6, 0x1b, 0xd6, 0x3c, 0xce, 0x1c, 0xbd, 0x78, 0xd6, 0x5d,
  0xef, 0x1d, 0xe7, 0x1d, 0xc5, 0xdb, 0xb5, 0x7a, 0xce, 0x1a, 0xff, 0xff,
  0xcd, 0xd9, 0xc5, 0xf9, 0xdd, 0xbb, 0xe6, 0x1c, 0xdd, 0xfa, 0xcd, 0x99,
  0xdd, 0xfa, 0xe6, 0x3c, 0xd5, 0xfa, 0xe6, 0xbd, 0xff, 0xff, 0xff, 0xff,
  0xff, 0xff, 0xff, 0xff, 0xff, 0xff, 0xff, 0xff, 0xff, 0xbe, 0xff, 0xdf,
  0xff, 0xde, 0xff, 0xff, 0xff, 0xff, 0xff, 0xff, 0xff, 0xff, 0xd6, 0x5a,
  0xf7, 0x7e, 0xff, 0xff, 0xff, 0xff, 0xff, 0xff, 0xef, 0x1f, 0xbd, 0xd9,
  0xbd, 0x7a, 0xc5, 0xbb, 0xbd, 0x79, 0xb5, 0x79, 0xcd, 0xdb, 0xbd, 0xba,
  0xc5, 0xba, 0xbd, 0xba, 0xd6, 0x5b, 0xf7, 0x7f, 0xbd, 0x99, 0xbd, 0xba,
  0xc5, 0x9a, 0xb5, 0x99, 0xbd, 0x9a, 0xbd, 0xbb, 0xcd, 0xdb, 0xbd, 0xba,
  0xc5, 0xd9, 0xef, 0x3f, 0xbd, 0x99, 0xc5, 0xfb, 0xd6, 0x1c, 0xc5, 0xfc,
  0xcd, 0xdb, 0xc5, 0xdb, 0xbd, 0x99, 0xd6, 0x7c, 0xff, 0x7e, 0xe7, 0x3d,
  0xe6, 0xde, 0xbd, 0x99, 0xc5, 0x9a, 0xc5, 0xdc, 0xbd, 0x98, 0xe6, 0xfe,
  0xef, 0x3e, 0xc5, 0xfa, 0xc5, 0xba, 0xc5, 0xdb, 0xbd, 0x7a, 0xbd, 0xbb,
  0xc5, 0x99, 0xbd, 0xba, 0xf7, 0x3e, 0xc5, 0xd9, 0xc5, 0x9a, 0xc5, 0xdb,
  0xc5, 0xba, 0xbd, 0xda, 0xc5, 0x9a, 0xbd, 0xba, 0xc5, 0xbb, 0xbd, 0x9b,
  0xac, 0xf6, 0xad, 0x17, 0xff, 0xbd, 0xf7, 0x7c, 0xff, 0x7c, 0xf7, 0x9d,
  0xf7, 0x7c, 0xf7, 0x9d, 0xef, 0x3b, 0xef, 0x5b, 0xef, 0x3b, 0xf7, 0x9d,
  0xee, 0xfb, 0xff, 0x5c, 0xff, 0x3c, 0xff, 0x5c, 0xff, 0x9d, 0xff, 0x9d,
  0xff, 0x9d, 0xff, 0x9c, 0xff, 0x9d, 0xff, 0x9d, 0xff, 0xbe, 0xee, 0x99,
  0xff, 0x5d, 0xfe, 0xda, 0xee, 0xba, 0xff, 0x3c, 0xf7, 0x1c, 0xff, 0x5c,
  0xff, 0x9d, 0xff, 0xbd, 0xff, 0xbe, 0xff, 0x9d, 0xff, 0xbe, 0xff, 0xbd,
  0xff, 0xbe, 0xff, 0x3c, 0xf6, 0xfb, 0xfe, 0xfb, 0xf7, 0x5c, 0xff, 0x7d,
  0xff, 0xbe, 0xff, 0x9d, 0xff, 0xbe, 0xff, 0x9e, 0xff, 0xbe, 0xff, 0x7d,
  0xff, 0x3c, 0xff, 0x1b, 0xff, 0x5d, 0xff, 0x9d, 0xff, 0xbe, 0xff, 0xbd,
  0xff, 0x9e, 0xff, 0x9d, 0xff, 0xde, 0xff, 0xbd, 0xff, 0x7d, 0xff, 0x5c,
  0xf7, 0x3c, 0xff, 0x5d, 0xff, 0xbe, 0xff, 0xbe, 0xff, 0xbe, 0xff, 0xbe,
  0xff, 0x9e, 0xff, 0x5c, 0xee, 0xfb, 0xff, 0x5c, 0xff, 0xde, 0xff, 0xde,
  0xff, 0xbe, 0xff, 0x5c, 0xf6, 0xfc, 0xfe, 0xfb, 0xf7, 0x3c, 0xff, 0xbe,
  0xf7, 0x1c, 0xff, 0x9d, 0xff, 0x5d, 0xf6, 0xba, 0xf7, 0x3c, 0xff, 0xbe,
  0xff, 0xde, 0xff, 0xbd, 0xff, 0xff, 0xff, 0xbe, 0xee, 0x9b, 0xf6, 0xbb,
  0xff, 0xbe, 0xff, 0xde, 0xff, 0xbe, 0xf6, 0xfb, 0xf7, 0x3c, 0xff, 0xde,
  0xff, 0xdf, 0xf6, 0xfb, 0xfe, 0x5b, 0xf5, 0xd9, 0xd4, 0xf6, 0xbc, 0x33,
  0xe6, 0xfc, 0xff, 0xbf, 0xff, 0x9f, 0xff, 0x7e, 0xff, 0xbf, 0xff, 0xdf,
  0xc6, 0x19, 0xef, 0x1d, 0xff, 0xff, 0xff, 0xdf, 0xff, 0xff, 0xff, 0xff,
  0xff, 0xff, 0xc6, 0x38, 0xef, 0x3e, 0xe6, 0xdc, 0xe6, 0x3c, 0xe6, 0x1b,
  0xcd, 0x9a, 0xdd, 0xfb, 0xee, 0xbf, 0xac, 0x96, 0xbd, 0x38, 0xee, 0x9d,
  0xa5, 0x35, 0xff, 0xff, 0xa5, 0x37, 0x9c, 0xd6, 0xc5, 0xbb, 0xbd, 0x7a,
  0xbd, 0xbb, 0xc5, 0xba, 0xb5, 0x7b, 0xc5, 0xbb, 0xbd, 0xba, 0xd6, 0x3c,
  0xef, 0x3f, 0xc5, 0xda, 0xbd, 0xbb, 0xbd, 0x7a, 0xbd, 0xbb, 0xc5, 0x9a,
  0xce, 0x3b, 0xf7, 0x5f, 0xe7, 0x1f, 0xce, 0x1b, 0xb5, 0x79, 0xde, 0x7d,
  0xde, 0xbe, 0xc5, 0xda, 0xbd, 0xbb, 0xb5, 0x59, 0xd6, 0x9b, 0xff, 0xdf,
  0xd6, 0x9c, 0xef, 0x1e, 0xc5, 0x9a, 0xe6, 0x3c, 0xd5, 0xdc, 0xd5, 0xdb,
  0xde, 0x1c, 0xdd, 0xfb, 0xde, 0x5d, 0xd5, 0xfb, 0xff, 0xff, 0xff, 0xff,
  0xff, 0xff, 0xff, 0xff, 0xff, 0xdf, 0xff, 0xdf, 0xff, 0xff, 0xff, 0xff,
  0xff, 0xff, 0xff, 0xff, 0xff, 0xff, 0xff, 0xff, 0xef, 0x5e, 0xd6, 0x59,
  0xff, 0xff, 0xff, 0xdf, 0xff, 0xff, 0xff, 0xdf, 0xff, 0xff, 0xff, 0x9e,
  0xd6, 0x5d, 0xc5, 0xba, 0xbd, 0x9b, 0xc5, 0xbb, 0xc5, 0xfc, 0xc5, 0x9a,
  0xb5, 0x9a, 0xc5, 0xba, 0xf7, 0x9f, 0xce, 0x1a, 0xbd, 0x9a, 0xc5, 0xbb,
  0xbd, 0xdb, 0xbd, 0x9a, 0xbd, 0xbb, 0xbd, 0x9a, 0xbd, 0xbb, 0xbd, 0x7a,
  0xce, 0x5c, 0xff, 0x7f, 0xef, 0x3f, 0xe6, 0xdd, 0xce, 0x3c, 0xbd, 0x99,
  0xbd, 0xbb, 0xc5, 0x9a, 0xb5, 0x7a, 0xde, 0x5d, 0xde, 0xdf, 0xc5, 0xdb,
  0xc5, 0xfc, 0xc5, 0x9a, 0xbd, 0xbb, 0xcd, 0xfc, 0xbd, 0xba, 0xe6, 0xbe,
  0xde, 0xbd, 0xde, 0x7b, 0xef, 0x1f, 0xcd, 0xfb, 0xbd, 0x7a, 0xc5, 0x9b,
  0xc5, 0xfb, 0xc5, 0xba, 0xe6, 0xfe, 0xde, 0x7c, 0xb5, 0x7a, 0xbd, 0x9a,
  0xbd, 0xbb, 0xc5, 0xba, 0xb5, 0x7b, 0xbd, 0x9b, 0xbd, 0xbb, 0xbd, 0x79,
  0xde, 0xdd, 0xb5, 0x57, 0xe6, 0xfb, 0xff, 0x7d, 0xf7, 0x7d, 0xff, 0x7d,
  0xf7, 0x7d, 0xf7, 0x7c, 0xf7, 0x9d, 0xf7, 0x7c, 0xe7, 0x3c, 0xef, 0x1b,
  0xff, 0x1b, 0xff, 0x1b, 0xfe, 0xb9, 0xf6, 0xda, 0xf6, 0x79, 0xf6, 0xba,
  0xff, 0x5b, 0xff, 0x7c, 0xff, 0x7c, 0xff, 0xbd, 0xff, 0x3b, 0xf6, 0xfb,
  0xff, 0x5c, 0xf6, 0xfb, 0xff, 0x9d, 0xff, 0x9d, 0xff, 0x5c, 0xff, 0x5c,
  0xfe, 0xfb, 0xf6, 0xdb, 0xff, 0x5c, 0xff, 0x9d, 0xff, 0xbd, 0xff, 0xbd,
  0xff, 0x9d, 0xff, 0xde, 0xff, 0xbd, 0xff, 0xbd, 0xff, 0x5c, 0xf7, 0x1b,
  0xff, 0x3c, 0xff, 0x3c, 0xff, 0x9d, 0xff, 0xbd, 0xff, 0xbd, 0xff, 0xde,
  0xff, 0xbd, 0xff, 0x7d, 0xff, 0x5d, 0xff, 0x5c, 0xff, 0x3c, 0xff, 0x9d,
  0xff, 0xbd, 0xff, 0xbe, 0xff, 0x9d, 0xff, 0xbd, 0xff, 0xbd, 0xff, 0xbe,
  0xff, 0x7d, 0xff, 0x3c, 0xfe, 0xfb, 0xff, 0x7d, 0xff, 0xbd, 0xff, 0xbe,
  0xff, 0xbd, 0xff, 0xde, 0xff, 0x9d, 0xff, 0x7d, 0xff, 0x5c, 0xff, 0x5c,
  0xff, 0xdd, 0xff, 0xfe, 0xff, 0xbe, 0xee, 0xfb, 0xf6, 0x9a, 0xff, 0x3c,
  0xf7, 0x1b, 0xff, 0xde, 0xff, 0xbd, 0xff, 0xfe, 0xff, 0x3c, 0xf6, 0xfb,
  0xff, 0x7c, 0xff, 0xde, 0xff, 0x9d, 0xff, 0xbe, 0xff, 0xde, 0xf7, 0x1c,
  0xf6, 0xdb, 0xff, 0x9d, 0xff, 0xde, 0xff, 0xfe, 0xfe, 0xfb, 0xe6, 0x9a,
  0xff, 0x7d, 0xff, 0xdf, 0xfe, 0xdb, 0xdd, 0xf7, 0xf5, 0x98, 0xd4, 0xd5,
  0xff, 0x7e, 0xff, 0xdf, 0xff, 0x9e, 0xff, 0xdf, 0xff, 0x9e, 0xff, 0x7e,
  0xbd, 0xb7, 0xf7, 0xbf, 0xff, 0xff, 0xff, 0xff, 0xff, 0xff, 0xff, 0xff,
  0xff, 0xff, 0xe7, 0x3d, 0xbd, 0x77, 0xd6, 0x7b, 0xdd, 0xba, 0xd5, 0xba,
  0xd5, 0xba, 0xf6, 0xdf, 0xcd, 0xba, 0xd6, 0x1b, 0xc5, 0x58, 0xc5, 0xba,
  0xce, 0x39, 0xef, 0x5e, 0xb5, 0x78, 0x84, 0x54, 0xd6, 0x1c, 0xbd, 0x9a,
  0xd6, 0x5c, 0xc5, 0xda, 0xc5, 0x9a, 0xbd, 0x9a, 0xc5, 0xba, 0xb5, 0x59,
  0xee, 0xfe, 0xde, 0xdd, 0xc5, 0xba, 0xc5, 0xbb, 0xbd, 0x9a, 0xbd, 0xba,
  0xc5, 0xd9, 0xef, 0x5f, 0xe6, 0xdd, 0xde, 0xbd, 0xbd, 0x59, 0xd6, 0x7d,
  0xd6, 0x3c, 0xb5, 0x79, 0xc5, 0xba, 0xb5, 0x7a, 0xe7, 0x1c, 0xff, 0xdf,
  0xc5, 0xb8, 0xe6, 0xdd, 0xee, 0x9d, 0xcd, 0xfb, 0xe6, 0x3d, 0xc5, 0x5a,
  0xdd, 0xfb, 0xdd, 0xfc, 0xe6, 0x5c, 0xd6, 0x1b, 0xf7, 0x5d, 0xff, 0xff,
  0xff, 0xff, 0xff, 0xff, 0xe6, 0xdb, 0xff, 0xdf, 0xff, 0xff, 0xff, 0xff,
  0xff, 0xff, 0xff, 0xff, 0xff, 0xdf, 0xff, 0xff, 0xd6, 0x59, 0xef, 0x7e,
  0xff, 0xff, 0xff, 0xff, 0xff, 0xff, 0xff, 0xff, 0xff, 0xff, 0xff, 0xff,
  0xff, 0xff, 0xef, 0x5d, 0xc5, 0xdb, 0xb5, 0x79, 0xcd, 0xdb, 0xce, 0x1c,
  0xbd, 0x98, 0xef, 0x1f, 0xee, 0xde, 0xb5, 0x58, 0xc5, 0xba, 0xc5, 0xfc,
  0xc5, 0xdb, 0xbd, 0x9a, 0xbd, 0x9a, 0xbd, 0x9a, 0xc5, 0x9a, 0xbd, 0x9a,
  0xee, 0xfe, 0xce, 0x3b, 0xc5, 0xda, 0xde, 0x9e, 0xde, 0x7c, 0xbd, 0xba,
  0xc5, 0xba, 0xbd, 0xbb, 0xbd, 0x78, 0xde, 0xde, 0xe6, 0xfd, 0xd6, 0x7c,
  0xde, 0x7d, 0xbd, 0x9a, 0xc5, 0x9a, 0xc5, 0xbb, 0xc5, 0xb9, 0xde, 0x9d,
  0xff, 0x7f, 0xd6, 0x9c, 0xcd, 0xfb, 0xbd, 0xba, 0xc5, 0xbb, 0xcd, 0xfc,
  0xc5, 0xdb, 0xb5, 0x7a, 0xde, 0x9d, 0xe6, 0xfe, 0xc5, 0x99, 0xc5, 0xdb,
  0xcd, 0xdb, 0xc5, 0xdb, 0xc5, 0x9a, 0xbd, 0x9a, 0xcd, 0xf9, 0xef, 0x3e,
  0xff, 0xff, 0xce, 0x58, 0xcd, 0xd6, 0xff, 0xbe, 0xff, 0x5c, 0xff, 0x9d,
  0xff, 0x9d, 0xf7, 0x7d, 0xff, 0x7c, 0xff, 0xbd, 0xff, 0x9d, 0xf7, 0x9d,
  0xff, 0x9c, 0xff, 0x9c, 0xff, 0x9d, 0xff, 0x9c, 0xff, 0x3c, 0xfe, 0xfb,
  0xff, 0x3c, 0xfe, 0xda, 0xe6, 0x79, 0xfe, 0xdb, 0xee, 0xba, 0xff, 0x3c,
  0xee, 0xfb, 0xff, 0x5c, 0xff, 0x9d, 0xff, 0x7d, 0xff, 0xbd, 0xff, 0x9d,
  0xff, 0x9d, 0xff, 0x5c, 0xff, 0x1c, 0xff, 0x1b, 0xf7, 0x1c, 0xff, 0x3c,
  0xff, 0x9d, 0xff, 0x9d, 0xff, 0xde, 0xff, 0x9d, 0xff, 0xbe, 0xff, 0xbd,
  0xff, 0x7e, 0xff, 0x1c, 0xee, 0xda, 0xff, 0x1b, 0xff, 0x9d, 0xff, 0x9d,
  0xff, 0xbe, 0xff, 0xbe, 0xff, 0xde, 0xff, 0xbd, 0xff, 0x5d, 0xff, 0x3c,
  0xff, 0x5c, 0xff, 0x7d, 0xff, 0xde, 0xff, 0xbe, 0xff, 0xbe, 0xff, 0x9d,
  0xff, 0xde, 0xff, 0xbe, 0xff, 0x9d, 0xff, 0x3c, 0xff, 0x7d, 0xff, 0x9d,
  0xff, 0xbe, 0xff, 0x9d, 0xff, 0xbd, 0xff, 0xde, 0xff, 0xbe, 0xff, 0x1c,
  0xf7, 0x1c, 0xff, 0x5d, 0xff, 0xde, 0xf6, 0xfb, 0xff, 0x7d, 0xf6, 0xba,
  0xee, 0xba, 0xff, 0x9d, 0xff, 0xde, 0xff, 0xbe, 0xff, 0xbe, 0xff, 0x7d,
  0xee, 0x9a, 0xfe, 0xdb, 0xff, 0xbe, 0xff, 0xbe, 0xff, 0xbe, 0xff, 0xde,
  0xff, 0x7e, 0xf6, 0xdb, 0xf7, 0x5d, 0xff, 0xbe, 0xff, 0xdf, 0xf6, 0xfb,
  0xe6, 0x9a, 0xff, 0x7d, 0xff, 0xff, 0xe6, 0xba, 0xdc, 0xd6, 0xe4, 0xf6,
  0xe6, 0x1a, 0xff, 0x3e, 0xf7, 0x9e, 0xf7, 0x7d, 0xff, 0x9f, 0xf7, 0x3d,
  0xbd, 0xf8, 0xff, 0xff, 0xff, 0xff, 0xff, 0xff, 0xff, 0xff, 0xff, 0xbe,
  0xff, 0xdf, 0xff, 0xdf, 0xb5, 0x58, 0xe6, 0x9c, 0xd5, 0xbb, 0xdd, 0xdb,
  0xee, 0x9e, 0xd5, 0xda, 0xcd, 0xfa, 0xee, 0xbd, 0xde, 0xdd, 0xb5, 0x57,
  0xf7, 0xbf, 0xd6, 0x9a, 0xce, 0x3b, 0x9c, 0x74, 0xbd, 0xbb, 0xd6, 0x3c,
  0xef, 0x3f, 0xc5, 0xb9, 0xbd, 0xbb, 0xbd, 0x9a, 0xbd, 0xbb, 0xbd, 0x9a,
  0xc5, 0xfa, 0xef, 0x1f, 0xc5, 0xdb, 0xc5, 0xba, 0xbd, 0xbb, 0xbd, 0x7a,
  0xb5, 0x99, 0xef, 0x1f, 0xce, 0x5c, 0xc5, 0xb9, 0xb5, 0x9a, 0xde, 0x7d,
  0xd6, 0x7d, 0xbd, 0x79, 0xc5, 0xbc, 0xbd, 0x7a, 0xe7, 0x3e, 0xf7, 0x9f,
  0xc5, 0x58, 0xe6, 0x3c, 0xde, 0x3d, 0xcd, 0x59, 0xe6, 0x5d, 0xcd, 0x59,
  0xcd, 0x7a, 0xe6, 0x1c, 0xde, 0x1b, 0xe6, 0x1b, 0xe6, 0xfd, 0xff, 0xff,
  0xff, 0xff, 0xff, 0xbe, 0xde, 0xdc, 0xff, 0xff, 0xff, 0xff, 0xff, 0xff,
  0xff, 0xff, 0xff, 0xff, 0xff, 0xff, 0xf7, 0x7e, 0xce, 0x59, 0xff, 0xff,
  0xff, 0xff, 0xff, 0xff, 0xff, 0xff, 0xff, 0xff, 0xff, 0xff, 0xff, 0xdf,
  0xff, 0xff, 0xff, 0xff, 0xff, 0xdf, 0xde, 0xdc, 0xbd, 0x9b, 0xb5, 0x59,
  0xd6, 0x7c, 0xf7, 0x5f, 0xbd, 0x9a, 0xbd, 0x7a, 0xbd, 0xbb, 0xc5, 0x9b,
  0xbd, 0xdb, 0xc5, 0xba, 0xbd, 0xbb, 0xbd, 0x9a, 0xbd, 0xba, 0xc5, 0xdb,
  0xef, 0x3f, 0xc5, 0xda, 0xb5, 0x5a, 0xbd, 0x7a, 0xc5, 0xfb, 0xc5, 0xba,
  0xbd, 0xbb, 0xbd, 0x7a, 0xb5, 0x99, 0xe6, 0xde, 0xde, 0xdd, 0xd6, 0x7b,
  0xce, 0x5d, 0xbd, 0x9a, 0xbd, 0x9b, 0xc5, 0x9b, 0xb5, 0x79, 0xde, 0x7c,
  0xde, 0xdf, 0xb5, 0x38, 0xbd, 0xbb, 0xc5, 0x9b, 0xbd, 0xbb, 0xbd, 0x9a,
  0xbd, 0x9b, 0xbd, 0x9a, 0xc6, 0x1b, 0xf7, 0x3f, 0xbd, 0xba, 0xc5, 0xba,
  0xc5, 0xdb, 0xc5, 0xbb, 0xbd, 0x9a, 0xd6, 0x1c, 0xe6, 0xfe, 0xf7, 0x5f,
  0xff, 0xff, 0xf7, 0x7d, 0xb5, 0x95, 0xf7, 0x5c, 0xef, 0x5c, 0xf7, 0x5c,
  0xf7, 0xbd, 0xff, 0x9d, 0xf7, 0x7d, 0xf7, 0x5d, 0xf7, 0x7d, 0xff, 0x7d,
  0xff, 0x7c, 0xff, 0x9c, 0xff, 0x9c, 0xff, 0x9c, 0xff, 0x7c, 0xff, 0x9c,
  0xff, 0x9c, 0xff, 0x9d, 0xff, 0x7c, 0xff, 0x3b, 0xfe, 0xda, 0xff, 0x1b,
  0xf6, 0x99, 0xff, 0x3b, 0xff, 0x5c, 0xff, 0x7d, 0xff, 0x9d, 0xff, 0xbe,
  0xff, 0x9d, 0xff, 0xbd, 0xff, 0x9d, 0xff, 0xbd, 0xff, 0x7c, 0xff, 0x5c,
  0xfe, 0xda, 0xf6, 0xfb, 0xff, 0x5c, 0xff, 0x9d, 0xff, 0xbd, 0xff, 0xbe,
  0xff, 0xbd, 0xff, 0xde, 0xff, 0x9d, 0xff, 0x7d, 0xff, 0x3b, 0xff, 0x3c,
  0xff, 0x7c, 0xff, 0xde, 0xff, 0xbd, 0xff, 0xbe, 0xff, 0xbd, 0xff, 0xbe,
  0xff, 0x5c, 0xff, 0x5c, 0xff, 0x3c, 0xff, 0x7d, 0xff, 0xbd, 0xff, 0xbe,
  0xff, 0xbd, 0xff, 0xde, 0xff, 0xbd, 0xff, 0xde, 0xff, 0x9d, 0xff, 0x3c,
  0xfe, 0xfb, 0xff, 0x7d, 0xff, 0xbd, 0xff, 0xde, 0xff, 0xbd, 0xff, 0xde,
  0xff, 0x9d, 0xff, 0x1c, 0xf6, 0xdb, 0xff, 0x1c, 0xff, 0xbe, 0xf7, 0x3c,
  0xff, 0x5d, 0xff, 0x1c, 0xff, 0x3c, 0xff, 0xbd, 0xff, 0xdd, 0xff, 0xbe,
  0xff, 0xbe, 0xff, 0x3c, 0xf6, 0xfb, 0xff, 0x5d, 0xff, 0xde, 0xff, 0xbe,
  0xff, 0x9d, 0xff, 0xde, 0xfe, 0xfb, 0xf6, 0xfc, 0xff, 0xde, 0xff, 0xfe,
  0xff, 0x9d, 0xee, 0xba, 0xff, 0x1b, 0xff, 0xff, 0xed, 0xd8, 0xe5, 0xb8,
  0xe5, 0x56, 0xf6, 0x3a, 0xff, 0xdf, 0xff, 0xdf, 0xff, 0xff, 0xe7, 0x3d,
  0xce, 0x39, 0xff, 0xff, 0xff, 0xde, 0xff, 0x9e, 0xff, 0x7d, 0xf7, 0x7d,
  0xf7, 0x5d, 0xff, 0xff, 0xc5, 0x78, 0xbd, 0x98, 0xf6, 0x9d, 0xee, 0x7d,
  0xdd, 0xdb, 0xde, 0x1c, 0xde, 0x1a, 0xf7, 0x1e, 0xff, 0xdf, 0xc6, 0x38,
  0xf7, 0x7e, 0xe7, 0x1d, 0xbd, 0x97, 0xbd, 0xb8, 0xde, 0x5b, 0xe6, 0xfe,
  0xcd, 0xfa, 0xde, 0xbd, 0xd6, 0x5c, 0xbd, 0x99, 0xc5, 0xbb, 0xc5, 0xfc,
  0xbd, 0x99, 0xde, 0xde, 0xee, 0xfd, 0xce, 0x5b, 0xde, 0x9d, 0xbd, 0xda,
  0xbd, 0x78, 0xde, 0x9d, 0xce, 0x1b, 0xbd, 0x99, 0xbd, 0x99, 0xd6, 0x5d,
  0xd6, 0x5c, 0xb5, 0x79, 0xc5, 0x9a, 0xbd, 0x9a, 0xf7, 0x7e, 0xff, 0xbf,
  0xc5, 0x58, 0xd5, 0xfb, 0xdd, 0xdb, 0xd5, 0xbb, 0xd5, 0xba, 0xf6, 0xdf,
  0xbd, 0x18, 0xc5, 0x7a, 0xe5, 0xfa, 0xe6, 0x5c, 0xe6, 0xbb, 0xff, 0xff,
  0xff, 0xff, 0xef, 0x7d, 0xee, 0xfb, 0xff, 0xff, 0xff, 0xff, 0xff, 0xff,
  0xff, 0xff, 0xff, 0xff, 0xff, 0xff, 0xde, 0xbb, 0xef, 0x1c, 0xff, 0xff,
  0xff, 0xff, 0xff, 0xff, 0xff, 0xff, 0xff, 0xff, 0xff, 0xff, 0xff, 0xff,
  0xff, 0xff, 0xff, 0xff, 0xff, 0xff, 0xff, 0xff, 0xff, 0xbf, 0xe7, 0x1d,
  0xff, 0xbf, 0xef, 0x1d, 0xbd, 0xb9, 0xb5, 0x79, 0xc5, 0x7a, 0xc5, 0x9b,
  0xc5, 0x99, 0xbd, 0xba, 0xc5, 0x9a, 0xbd, 0x9a, 0xbd, 0x78, 0xd6, 0x5c,
  0xe6, 0xbe, 0xb5, 0x79, 0xc5, 0x9a, 0xc5, 0xdb, 0xcd, 0xdb, 0xbd, 0x9a,
  0xbd, 0x7a, 0xbd, 0xbb, 0xbd, 0x99, 0xe6, 0xff, 0xc5, 0x9a, 0xb5, 0x7a,
  0xc5, 0xdb, 0xbd, 0xba, 0xc5, 0x9a, 0xbd, 0xbb, 0xbd, 0x79, 0xce, 0x3c,
  0xf7, 0x3e, 0xbd, 0xb9, 0xcd, 0xfb, 0xbd, 0xba, 0xc5, 0xbb, 0xc5, 0xbb,
  0xc5, 0x9a, 0xc5, 0xdb, 0xc5, 0xb9, 0xf7, 0x7f, 0xcd, 0xda, 0xbd, 0x99,
  0xcd, 0xba, 0xbd, 0x79, 0xe6, 0x3b, 0xee, 0x9d, 0xdd, 0xfb, 0xdd, 0xfb,
  0xe6, 0x7b, 0xee, 0xdd, 0xad, 0x14, 0xe6, 0xfc, 0xff, 0xbd, 0xff, 0x9d,
  0xff, 0x7c, 0xf7, 0x7d, 0xff, 0x7c, 0xf7, 0x7c, 0xf7, 0x5c, 0xff, 0xbe,
  0xf6, 0xda, 0xf6, 0xb9, 0xf6, 0xfa, 0xff, 0x1b, 0xff, 0x7c, 0xff, 0x7c,
  0xff, 0x9d, 0xff, 0x7c, 0xff, 0x7d, 0xf6, 0xda, 0xff, 0x7d, 0xfe, 0xfb,
  0xff, 0x5c, 0xff, 0x5c, 0xff, 0x3c, 0xf6, 0xfb, 0xf7, 0x1c, 0xfe, 0xfb,
  0xff, 0x9d, 0xff, 0x9d, 0xff, 0x9d, 0xff, 0x7d, 0xff, 0xbe, 0xff, 0x9d,
  0xff, 0xbe, 0xff, 0x7d, 0xf7, 0x1c, 0xff, 0x1b, 0xff, 0x5c, 0xff, 0x7c,
  0xff, 0xbe, 0xff, 0xbd, 0xff, 0xbe, 0xff, 0xbd, 0xff, 0xde, 0xff, 0x7c,
  0xff, 0x5c, 0xff, 0x3c, 0xff, 0x5d, 0xff, 0x9d, 0xff, 0xbe, 0xff, 0x9d,
  0xff, 0x9e, 0xff, 0xbe, 0xff, 0x7d, 0xf7, 0x1b, 0xf7, 0x1c, 0xff, 0x1c,
  0xff, 0x9e, 0xff, 0x9e, 0xff, 0x9e, 0xff, 0x9d, 0xff, 0xbe, 0xff, 0xbd,
  0xff, 0x9e, 0xff, 0x3c, 0xf7, 0x3c, 0xff, 0x7d, 0xff, 0xde, 0xff, 0xbd,
  0xff, 0xbe, 0xff, 0xde, 0xee, 0xdb, 0xf6, 0xbb, 0xf6, 0xdb, 0xff, 0x3c,
  0xff, 0xff, 0xff, 0xbe, 0xff, 0x3d, 0xf6, 0xba, 0xff, 0x5d, 0xff, 0xbe,
  0xff, 0xbe, 0xff, 0xde, 0xff, 0x9e, 0xee, 0x9a, 0xf7, 0x1c, 0xff, 0xbe,
  0xff, 0xde, 0xff, 0x9d, 0xff, 0xbe, 0xf6, 0xfb, 0xee, 0xdb, 0xff, 0x7d,
  0xff, 0xff, 0xff, 0xbe, 0xee, 0xba, 0xf6, 0xdb, 0xff, 0x5e, 0xee, 0x19,
  0xed, 0xd9, 0xed, 0x98, 0xff, 0x9f, 0xff, 0xff, 0xff, 0xff, 0xd6, 0x5a,
  0xde, 0xdc, 0xff, 0xff, 0xf7, 0x9e, 0xff, 0x7d, 0xff, 0x9e, 0xff, 0x7d,
  0xff, 0x9e, 0xff, 0xbf, 0xe6, 0xdd, 0x9c, 0x53, 0xcd, 0xba, 0xdd, 0xfb,
  0xd5, 0xdb, 0xdd, 0xdb, 0xd6, 0x1a, 0xff, 0x5f, 0xff, 0xdf, 0xff, 0xbe,
  0xd6, 0x7a, 0xff, 0x9e, 0x9c, 0xd6, 0xa4, 0xd5, 0xff, 0xdf, 0xef, 0x3e,
  0xc6, 0x1b, 0xee, 0xfe, 0xb5, 0x9a, 0xc5, 0xba, 0xbd, 0xbb, 0xc5, 0xbb,
  0xbd, 0xba, 0xbd, 0x9a, 0xef, 0x5f, 0xee, 0xfd, 0xde, 0xdf, 0xd6, 0x3c,
  0xad, 0x59, 0xde, 0x7d, 0xe6, 0xff, 0xbd, 0x99, 0xbd, 0x9a, 0xce, 0x1c,
  0xde, 0x9e, 0xbd, 0x79, 0xbd, 0x9b, 0xc5, 0x9a, 0xff, 0xdf, 0xf7, 0x7e,
  0xd6, 0x9c, 0xef, 0x1e, 0xd6, 0x3c, 0xcd, 0xda, 0xc5, 0x7a, 0xdd, 0xfc,
  0xee, 0xbe, 0xc5, 0x58, 0xc5, 0x5b, 0xe6, 0x1d, 0xde, 0xbc, 0xff, 0xdf,
  0xff, 0xff, 0xe7, 0x1c, 0xde, 0xdc, 0xff, 0xbf, 0xff, 0xdf, 0xff, 0xff,
  0xff, 0xff, 0xff, 0xff, 0xff, 0xff, 0xde, 0x9a, 0xff, 0xdf, 0xff, 0xff,
  0xff, 0xff, 0xff, 0xff, 0xff, 0xff, 0xff, 0xff, 0xff, 0xff, 0xff, 0xff,
  0xff, 0xff, 0xff, 0xff, 0xff, 0xff, 0xff, 0xdf, 0xff, 0xff, 0xff, 0xff,
  0xef, 0x3d, 0xff, 0xdf, 0xf7, 0xbf, 0xde, 0x9c, 0xc5, 0xdb, 0xc5, 0x9a,
  0xbd, 0xbb, 0xc5, 0x9a, 0xbd, 0xbb, 0xc5, 0xbb, 0xb5, 0x79, 0xe6, 0xbe,
  0xce, 0x3c, 0xbd, 0x9a, 0xbd, 0xbb, 0xbd, 0x9a, 0xbd, 0x9b, 0xbd, 0x7a,
  0xb5, 0x9a, 0xc5, 0xbb, 0xb5, 0x99, 0xe6, 0xde, 0xce, 0x1c, 0xc5, 0xba,
  0xc5, 0xfc, 0xbd, 0x9a, 0xbd, 0x9b, 0xbd, 0x9b, 0xb5, 0x7a, 0xce, 0x1c,
  0xe7, 0x1f, 0xbd, 0x98, 0xc5, 0xdb, 0xc5, 0xba, 0xbd, 0xbb, 0xbd, 0x7a,
  0xb5, 0xbb, 0xbd, 0x9a, 0xbd, 0xba, 0xee, 0xff, 0xe6, 0xdf, 0xcd, 0xba,
  0xdd, 0xfc, 0xdd, 0xdb, 0xdd, 0xfb, 0xe5, 0xfb, 0xd5, 0xdb, 0xdd, 0xfb,
  0xe6, 0x5c, 0xf6, 0x9d, 0xbd, 0x57, 0xcd, 0xb8, 0xff, 0xfe, 0xf7, 0x7c,
  0xf7, 0x7d, 0xff, 0x7d, 0xf7, 0x9d, 0xff, 0x9d, 0xf7, 0x7d, 0xff, 0x7d,
  0xff, 0x5b, 0xff, 0x5b, 0xff, 0x3b, 0xf6, 0xfa, 0xfe, 0xba, 0xfe, 0xfa,
  0xf6, 0xda, 0xff, 0x3b, 0xfe, 0xda, 0xfe, 0xfb, 0xff, 0x5b, 0xf6, 0xfa,
  0xff, 0xdd, 0xff, 0xbd, 0xff, 0x9c, 0xff, 0xbd, 0xff, 0x5c, 0xf6, 0xfa,
  0xf6, 0xba, 0xff, 0x1b, 0xff, 0x7c, 0xff, 0x7c, 0xff, 0xbd, 0xff, 0xde,
  0xff, 0xbd, 0xff, 0xbd, 0xff, 0x9d, 0xff, 0xbd, 0xff, 0x7c, 0xff, 0x5c,
  0xff, 0x1b, 0xff, 0x5c, 0xff, 0x9d, 0xff, 0xbd, 0xff, 0x9d, 0xff, 0xbd,
  0xff, 0x9d, 0xff, 0x9d, 0xff, 0x7d, 0xff, 0x5c, 0xff, 0x5c, 0xff, 0x9d,
  0xff, 0xbd, 0xff, 0x9d, 0xff, 0xbd, 0xff, 0xde, 0xff, 0xbd, 0xf7, 0x7c,
  0xfe, 0xfb, 0xff, 0x1c, 0xff, 0xbd, 0xff, 0xbe, 0xff, 0xbd, 0xff, 0xde,
  0xff, 0xbd, 0xff, 0xde, 0xff, 0x9d, 0xf6, 0xfb, 0xff, 0x1b, 0xff, 0x9d,
  0xff, 0xbe, 0xff, 0x9d, 0xff, 0x1b, 0xff, 0xde, 0xf6, 0xfa, 0xf7, 0x3c,
  0xff, 0x7c, 0xff, 0xde, 0xff, 0xbe, 0xff, 0x9d, 0xfe, 0xdb, 0xf6, 0xfc,
  0xff, 0x9d, 0xff, 0xde, 0xff, 0xbe, 0xff, 0xff, 0xff, 0x1c, 0xf6, 0xdb,
  0xff, 0x9d, 0xff, 0xdf, 0xff, 0xbd, 0xff, 0xfe, 0xff, 0x5c, 0xf6, 0xdb,
  0xf7, 0x1b, 0xff, 0xde, 0xff, 0xbe, 0xee, 0xdb, 0xee, 0x99, 0xff, 0x7d,
  0xed, 0x97, 0xed, 0xd8, 0xe5, 0xd8, 0xff, 0x7f, 0xff, 0xff, 0xce, 0x59,
  0xee, 0xdb, 0xff, 0xbf, 0xff, 0x7d, 0xf7, 0x7d, 0xff, 0x5d, 0xff, 0x9e,
  0xff, 0x7d, 0xff, 0xbe, 0xff, 0x9e, 0xc5, 0xd8, 0xcd, 0xba, 0xc5, 0x79,
  0xdd, 0xba, 0xdd, 0xfb, 0xee, 0xfd, 0xff, 0xbf, 0xff, 0xff, 0xff, 0xff,
  0xef, 0x1c, 0xe7, 0x1c, 0xb5, 0x98, 0x7b, 0xd2, 0xce, 0x1a, 0xef, 0x5f,
  0xff, 0xdf, 0xce, 0x3a, 0xc5, 0xbb, 0xbd, 0x9a, 0xbd, 0x79, 0xbd, 0xbb,
  0xc5, 0xba, 0xbd, 0x9a, 0xce, 0x1a, 0xf7, 0x7f, 0xde, 0x7c, 0xb5, 0x99,
  0xbd, 0x79, 0xc5, 0xfb, 0xef, 0x1e, 0xc5, 0xfa, 0xc5, 0xb9, 0xce, 0x1b,
  0xe6, 0xde, 0xb5, 0x99, 0xbd, 0x7a, 0xc5, 0xbb, 0xff, 0xdf, 0xf7, 0x9f,
  0xde, 0xbb, 0xff, 0xff, 0xff, 0xff, 0xf7, 0x9e, 0xe6, 0x7c, 0xbd, 0x78,
  0xdd, 0xda, 0xf6, 0xff, 0xc5, 0x39, 0xc5, 0x7a, 0xd6, 0x1a, 0xf7, 0x1e,
  0xff, 0xff, 0xe6, 0xfb, 0xf7, 0x1c, 0xff, 0xdf, 0xff, 0x7d, 0xff, 0x9e,
  0xff, 0xbe, 0xff, 0xff, 0xf7, 0x5d, 0xce, 0x59, 0xff, 0xff, 0xff, 0xff,
  0xff, 0xff, 0xff, 0xff, 0xff, 0xff, 0xff, 0xff, 0xff, 0xff, 0xff, 0xff,
  0xff, 0xff, 0xff, 0xff, 0xff, 0xff, 0xff, 0xff, 0xff, 0xff, 0xff, 0xbf,
  0xee, 0xfb, 0xff, 0xff, 0xff, 0xff, 0xff, 0xff, 0xff, 0x9f, 0xde, 0xbc,
  0xd6, 0x3b, 0xbd, 0xba, 0xbd, 0x79, 0xbd, 0xbb, 0xc5, 0xb9, 0xe6, 0xff,
  0xc5, 0x99, 0xc5, 0xfb, 0xc5, 0xbb, 0xbd, 0x7a, 0xc5, 0x9a, 0xc5, 0xdb,
  0xc5, 0x9a, 0xc5, 0xbb, 0xc5, 0xda, 0xe6, 0xff, 0xc5, 0x9a, 0xc5, 0xbb,
  0xc5, 0x9a, 0xbd, 0xbb, 0xc5, 0xba, 0xbd, 0xbb, 0xc5, 0xd9, 0xce, 0x3c,
  0xef, 0x1f, 0xbd, 0xb9, 0xc5, 0x9b, 0xc5, 0xbc, 0xbd, 0x99, 0xbd, 0xba,
  0xc5, 0xba, 0xc5, 0xdb, 0xbd, 0x77, 0xc5, 0xd9, 0xf6, 0xbc, 0xe6, 0x9b,
  0xf6, 0x7b, 0xee, 0x7c, 0xf6, 0x7c, 0xee, 0x9c, 0xee, 0x3b, 0xee, 0x5c,
  0xee, 0x3c, 0xe6, 0x3c, 0xd5, 0xf9, 0xb5, 0x36, 0xff, 0xdd, 0xf7, 0xbd,
  0xff, 0x9d, 0xff, 0x9d, 0xff, 0x7c, 0xf7, 0x7d, 0xff, 0x7c, 0xf7, 0x9d,
  0xff, 0x5c, 0xff, 0x5c, 0xff, 0x9c, 0xff, 0x9c, 0xff, 0x7d, 0xff, 0x5c,
  0xff, 0x3c, 0xff, 0x3b, 0xe6, 0x58, 0xfe, 0xba, 0xee, 0x79, 0xfe, 0xfa,
  0xff, 0x7d, 0xff, 0x9d, 0xff, 0x9d, 0xff, 0x9d, 0xff, 0x9d, 0xff, 0x9d,
  0xff, 0x9d, 0xff, 0x7c, 0xff, 0x7d, 0xf6, 0xfb, 0xf6, 0xfb, 0xff, 0x3c,
  0xff, 0x7d, 0xff, 0x9d, 0xff, 0xbe, 0xff, 0xbd, 0xff, 0xbe, 0xff, 0x9d,
  0xff, 0x7d, 0xff, 0x1b, 0xf6, 0xfb, 0xff, 0x3c, 0xff, 0x9e, 0xff, 0x9d,
  0xff, 0xbe, 0xff, 0xbe, 0xff, 0xde, 0xff, 0xbd, 0xff, 0x5d, 0xf6, 0xfb,
  0xf7, 0x3c, 0xff, 0x7d, 0xff, 0xde, 0xff, 0xbd, 0xff, 0x9e, 0xff, 0xbe,
  0xff, 0x9e, 0xff, 0x1b, 0xf7, 0x5c, 0xff, 0x7d, 0xff, 0xbe, 0xff, 0xbe,
  0xff, 0xde, 0xff, 0x9d, 0xff, 0xbe, 0xff, 0xbd, 0xff, 0x7d, 0xf6, 0xfb,
  0xff, 0x3c, 0xff, 0x1c, 0xff, 0x9e, 0xff, 0x3c, 0xff, 0x7d, 0xff, 0x9d,
  0xf6, 0xfb, 0xf6, 0xba, 0xff, 0x9e, 0xff, 0xbe, 0xff, 0xbe, 0xf7, 0x3c,
  0xee, 0xdb, 0xff, 0x5d, 0xff, 0xde, 0xff, 0x9d, 0xff, 0xdf, 0xff, 0x7d,
  0xee, 0xdb, 0xf6, 0xfb, 0xff, 0xdf, 0xff, 0x9d, 0xff, 0xde, 0xff, 0xbd,
  0xee, 0x9a, 0xfe, 0xbb, 0xff, 0xde, 0xff, 0xde, 0xee, 0x7a, 0xee, 0x7a,
  0xfe, 0xfd, 0xf6, 0x3a, 0xcc, 0xd5, 0xfe, 0x3b, 0xff, 0xff, 0xce, 0x19,
  0xf7, 0x5e, 0xff, 0xbf, 0xff, 0xbe, 0xff, 0x9e, 0xf7, 0x7e, 0xff, 0x7e,
  0xf7, 0x7e, 0xff, 0x7d, 0xff, 0xdf, 0xde, 0x9a, 0xa4, 0x96, 0xd5, 0xfc,
  0xe6, 0x5c, 0xe6, 0x5c, 0xf7, 0x7e, 0xff, 0x9e, 0xf7, 0x9e, 0xff, 0x9e,
  0xff, 0xff, 0xef, 0x1c, 0xb5, 0xb9, 0x7b, 0xb1, 0xbd, 0xdb, 0xbd, 0x9a,
  0xe6, 0xfe, 0xef, 0x3e, 0xbd, 0xbb, 0xbd, 0x79, 0xc5, 0xfb, 0xc5, 0xba,
  0xbd, 0xbb, 0xc5, 0xbb, 0xb5, 0x79, 0xef, 0x1f, 0xd6, 0x7d, 0xc5, 0xba,
  0xc5, 0xfc, 0xbd, 0x7a, 0xde, 0xbe, 0xcd, 0xfa, 0xb5, 0x79, 0xd6, 0x5d,
  0xde, 0xbe, 0xbd, 0x9a, 0xbd, 0x9b, 0xcd, 0xdb, 0xff, 0xff, 0xff, 0x9f,
  0xd6, 0xbb, 0xff, 0xff, 0xff, 0xff, 0xff, 0xff, 0xff, 0xff, 0xff, 0xdf,
  0xcd, 0xdb, 0xcd, 0xba, 0xe6, 0x9e, 0xbd, 0x17, 0xbd, 0x7a, 0xd5, 0xfb,
  0xff, 0xdf, 0xde, 0x9a, 0xef, 0x5e, 0xff, 0xff, 0xff, 0xff, 0xff, 0x9e,
  0xf7, 0x5d, 0xff, 0x9e, 0xd6, 0x5a, 0xde, 0x7a, 0xf7, 0x9e, 0xff, 0xdf,
  0xff, 0xff, 0xff, 0xff, 0xff, 0xff, 0xff, 0xff, 0xff, 0xff, 0xff, 0xff,
  0xff, 0xff, 0xff, 0xff, 0xff, 0xff, 0xff, 0xdf, 0xff, 0xff, 0xef, 0x3d,
  0xde, 0xfb, 0xff, 0x9e, 0xff, 0xdf, 0xff, 0xff, 0xff, 0xff, 0xff, 0xff,
  0xff, 0xdf, 0xe6, 0xfd, 0xd6, 0x7c, 0xc5, 0xd9, 0xce, 0x3b, 0xef, 0x1f,
  0xbd, 0x9a, 0xb5, 0x59, 0xb5, 0x7a, 0xbd, 0x7a, 0xc5, 0xdb, 0xcd, 0xfb,
  0xbd, 0xdc, 0xbd, 0x7a, 0xbd, 0xdb, 0xe6, 0xde, 0xb5, 0x5a, 0xc5, 0xba,
  0xbd, 0xbb, 0xc5, 0x9b, 0xbd, 0x9b, 0xbd, 0x9a, 0xb5, 0x9b, 0xc5, 0xbb,
  0xe7, 0x1f, 0xc5, 0xfa, 0xc5, 0xdb, 0xd6, 0x1c, 0xbd, 0x9b, 0xbd, 0x7a,
  0xb5, 0x9b, 0xbd, 0x9a, 0xc5, 0xfb, 0xe6, 0xbd, 0xef, 0x3e, 0xef, 0x1e,
  0xef, 0x3f, 0xde, 0xbd, 0xde, 0x7c, 0xde, 0x3b, 0xe6, 0x9c, 0xee, 0x9b,
  0xf6, 0xbd, 0xf6, 0x9d, 0xde, 0x5b, 0xac, 0xb5, 0xd6, 0xd9, 0xf7, 0x9c,
  0xff, 0x9e, 0xff, 0x5d, 0xf7, 0x9d, 0xff, 0x5c, 0xf7, 0x7e, 0xf7, 0x5d,
  0xff, 0x7c, 0xff, 0x7c, 0xff, 0x7c, 0xff, 0x9c, 0xff, 0x7c, 0xff, 0x7c,
  0xff, 0x7c, 0xff, 0x5c, 0xff, 0x1a, 0xff, 0x5c, 0xf6, 0xda, 0xff, 0x5c,
  0xff, 0x1b, 0xfe, 0xfa, 0xff, 0x3b, 0xff, 0x9c, 0xff, 0x9c, 0xff, 0xdd,
  0xff, 0xbd, 0xff, 0xbd, 0xff, 0x9c, 0xff, 0xbd, 0xff, 0x7c, 0xff, 0x7d,
  0xff, 0x3b, 0xff, 0x3c, 0xff, 0x7c, 0xff, 0xbd, 0xff, 0xbd, 0xff, 0xbd,
  0xff, 0x9d, 0xff, 0xbd, 0xff, 0xbd, 0xff, 0x7d, 0xff, 0x3c, 0xff, 0x5d,
  0xff, 0x7c, 0xff, 0xbd, 0xff, 0xbd, 0xff, 0x9d, 0xff, 0xbd, 0xff, 0xbe,
  0xff, 0x5c, 0xf7, 0x3c, 0xff, 0x3c, 0xff, 0x7d, 0xff, 0xbd, 0xff, 0xde,
  0xff, 0xbd, 0xff, 0xde, 0xff, 0x9d, 0xff, 0x5c, 0xff, 0x1b, 0xff, 0x5d,
  0xff, 0xbd, 0xff, 0xde, 0xff, 0x9d, 0xff, 0x9d, 0xff, 0xbd, 0xff, 0xbe,
  0xff, 0x1b, 0xee, 0xba, 0xff, 0x5c, 0xff, 0x5d, 0xff, 0xbd, 0xff, 0xbe,
  0xff, 0xde, 0xf7, 0x7c, 0xee, 0x99, 0xff, 0x1c, 0xff, 0xde, 0xff, 0xff,
  0xff, 0x7d, 0xf7, 0x1c, 0xf7, 0x1b, 0xff, 0xbe, 0xff, 0xde, 0xff, 0xde,
  0xff, 0x9e, 0xee, 0xdb, 0xf6, 0xfb, 0xff, 0xde, 0xff, 0xbd, 0xff, 0xde,
  0xff, 0xde, 0xee, 0xfb, 0xee, 0x9a, 0xff, 0xbe, 0xff, 0x9d, 0xe6, 0x59,
  0xf6, 0x9a, 0xff, 0xbf, 0xed, 0x97, 0xdd, 0x36, 0xff, 0x9e, 0xbd, 0x97,
  0xff, 0x9d, 0xf7, 0x9e, 0xff, 0x9d, 0xff, 0xbe, 0xff, 0x9e, 0xff, 0x9e,
  0xff, 0x7d, 0xff, 0x7e, 0xff, 0x9d, 0xff, 0x9e, 0xbd, 0x17, 0xd6, 0x1b,
  0xde, 0x1a, 0xf6, 0xfe, 0xff, 0xde, 0xf7, 0x7d, 0xff, 0x9d, 0xf7, 0x9e,
  0xff, 0x7d, 0xff, 0xff, 0xce, 0x1a, 0x7b, 0xd1, 0xc5, 0xdb, 0xbd, 0x9a,
  0xbd, 0x99, 0xe6, 0xde, 0xff, 0x9f, 0xc6, 0x1a, 0xbd, 0x59, 0xc5, 0xfc,
  0xd6, 0x1b, 0xc5, 0xdb, 0xbd, 0x59, 0xc5, 0xfb, 0xf7, 0x3f, 0xc5, 0xda,
  0xc5, 0xbb, 0xb5, 0x7a, 0xd6, 0x5b, 0xd6, 0x7c, 0xbd, 0x79, 0xc6, 0x1b,
  0xde, 0x5c, 0xbd, 0xda, 0xc5, 0xba, 0xc5, 0xfb, 0xff, 0xff, 0xff, 0xff,
  0xe6, 0xbb, 0xff, 0xff, 0xff, 0xdf, 0xff, 0xff, 0xff, 0xff, 0xff, 0xff,
  0xff, 0xff, 0xde, 0xdc, 0xd5, 0x7a, 0xd5, 0xbb, 0xde, 0x1c, 0xc5, 0x79,
  0xf7, 0x5e, 0xe6, 0xfd, 0xf7, 0x7d, 0xff, 0xff, 0xff, 0xff, 0xff, 0xff,
  0xff, 0x9e, 0xff, 0xbe, 0xd6, 0x38, 0xef, 0x3d, 0xff, 0x7d, 0xff, 0xdf,
  0xff, 0xff, 0xff, 0xff, 0xff, 0xff, 0xff, 0xff, 0xff, 0xff, 0xff, 0xff,
  0xff, 0xff, 0xff, 0xff, 0xff, 0x9e, 0xff, 0x7e, 0xff, 0x7d, 0xe6, 0xdb,
  0xff, 0x9e, 0xff, 0x9e, 0xff, 0x7d, 0xff, 0x9e, 0xff, 0xdf, 0xff, 0xff,
  0xff, 0xff, 0xff, 0xff, 0xff, 0xff, 0xf7, 0xbf, 0xff, 0x9e, 0xff, 0xff,
  0xff, 0x9f, 0xde, 0xbc, 0xce, 0x1a, 0xb5, 0x99, 0xbd, 0x9a, 0xb5, 0x7a,
  0xc5, 0x9a, 0xb5, 0x7a, 0xc5, 0xda, 0xde, 0xde, 0xbd, 0x79, 0xbd, 0xdb,
  0xbd, 0x9a, 0xbd, 0x9a, 0xc5, 0xbb, 0xbd, 0xbb, 0xc5, 0xba, 0xc5, 0xdb,
  0xef, 0x1e, 0xbd, 0xb9, 0xc5, 0xda, 0xc5, 0xfb, 0xc5, 0xb9, 0xce, 0x1b,
  0xe6, 0x9c, 0xef, 0x1e, 0xff, 0x9e, 0xff, 0xdf, 0xff, 0x9e, 0xff, 0xdf,
  0xff, 0xff, 0xff, 0xff, 0xff, 0xff, 0xff, 0xff, 0xff, 0x9f, 0xef, 0x3d,
  0xee, 0x7c, 0xe6, 0x5b, 0xf6, 0xdd, 0xcd, 0xb9, 0xc6, 0x36, 0xdf, 0x19,
  0xf7, 0x5b, 0xff, 0x9d, 0xff, 0x7d, 0xff, 0x9d, 0xff, 0x7d, 0xff, 0x9d,
  0xf6, 0xba, 0xf6, 0xb9, 0xf6, 0xfa, 0xff, 0x1b, 0xff, 0x7c, 0xff, 0x7c,
  0xff, 0x7d, 0xff, 0x1b, 0xff, 0x7d, 0xfe, 0xda, 0xff, 0x7c, 0xff, 0xbd,
  0xff, 0x9d, 0xff, 0x5c, 0xff, 0x3c, 0xff, 0x3b, 0xf7, 0x1b, 0xfe, 0xfb,
  0xff, 0x5c, 0xff, 0x7d, 0xff, 0xbd, 0xff, 0x9d, 0xff, 0x9d, 0xff, 0x9d,
  0xff, 0xbd, 0xff, 0x9d, 0xff, 0x5d, 0xf6, 0xda, 0xf7, 0x3c, 0xff, 0x7c,
  0xff, 0xbe, 0xff, 0x9d, 0xff, 0xbe, 0xff, 0xbd, 0xff, 0xde, 0xff, 0x7d,
  0xff, 0x3c, 0xff, 0x3c, 0xff, 0x5d, 0xff, 0x9d, 0xff, 0xde, 0xff, 0xbd,
  0xff, 0xbe, 0xff, 0xbe, 0xff, 0x9d, 0xf7, 0x1b, 0xf7, 0x1c, 0xff, 0x7d,
  0xff, 0xde, 0xff, 0xbe, 0xff, 0xbe, 0xff, 0x9d, 0xff, 0xbe, 0xff, 0x3c,
  0xf7, 0x3c, 0xff, 0x5d, 0xff, 0xde, 0xff, 0xbe, 0xff, 0xbe, 0xff, 0xbe,
  0xf7, 0x7d, 0xff, 0x7d, 0xee, 0x9a, 0xee, 0x79, 0xff, 0x9e, 0xff, 0xbe,
  0xff, 0xbe, 0xff, 0xde, 0xff, 0xbe, 0xf6, 0xfb, 0xee, 0xbb, 0xff, 0x5d,
  0xff, 0xde, 0xff, 0xbd, 0xff, 0x5d, 0xee, 0x9a, 0xff, 0x7d, 0xff, 0xde,
  0xff, 0xbe, 0xff, 0xde, 0xee, 0xdb, 0xf6, 0xba, 0xff, 0xbe, 0xff, 0xbe,
  0xff, 0xbe, 0xff, 0xff, 0xf6, 0xdc, 0xee, 0x59, 0xff, 0xdf, 0xff, 0x3c,
  0xee, 0xbb, 0xee, 0x9a, 0xff, 0x5e, 0xdd, 0x76, 0xe6, 0xbd, 0xcd, 0xb8,
  0xff, 0xff, 0xff, 0xdf, 0xff, 0xff, 0xff, 0xdf, 0xff, 0xdf, 0xff, 0x9e,
  0xff, 0x9e, 0xff, 0x9e, 0xff, 0xbe, 0xff, 0xdf, 0xde, 0x5b, 0xbd, 0x36,
  0xe6, 0xbc, 0xff, 0x7f, 0xf7, 0x7d, 0xff, 0x9e, 0xff, 0xbf, 0xff, 0x7d,
  0xf7, 0x7e, 0xff, 0x9e, 0xef, 0x3f, 0x8c, 0x12, 0xbd, 0xbb, 0xc5, 0xbb,
  0xc5, 0xdb, 0xbd, 0x59, 0xd6, 0x7c, 0xff, 0x9f, 0xc5, 0xfb, 0xc5, 0xba,
  0xe6, 0xff, 0xc5, 0xda, 0xbd, 0xbb, 0xb5, 0x59, 0xe6, 0xde, 0xde, 0x9c,
  0xb5, 0x7a, 0xc5, 0xbb, 0xce, 0x1c, 0xde, 0x9e, 0xb5, 0x59, 0xbd, 0x9a,
  0xd6, 0x9e, 0xc5, 0xba, 0xb5, 0x9a, 0xce, 0x3c, 0xff, 0xff, 0xff, 0xdf,
  0xce, 0x5a, 0xff, 0xbf, 0xff, 0xff, 0xff, 0xdf, 0xff, 0xff, 0xff, 0xdf,
  0xff, 0xff, 0xff, 0xff, 0xde, 0x3c, 0xd5, 0xda, 0xd5, 0xfc, 0xd5, 0xba,
  0xd6, 0x9c, 0xe6, 0xbc, 0xef, 0x5d, 0xff, 0xff, 0xff, 0xff, 0xff, 0xff,
  0xff, 0xff, 0xf7, 0x7e, 0xbd, 0x97, 0xff, 0x9e, 0xff, 0x9e, 0xff, 0x7d,
  0xff, 0xbf, 0xff, 0xdf, 0xff, 0xff, 0xff, 0xff, 0xff, 0xff, 0xff, 0xff,
  0xff, 0xbf, 0xf7, 0x5d, 0xf7, 0x7e, 0xff, 0x9e, 0xf7, 0x7e, 0xe6, 0xdb,
  0xff, 0xff, 0xff, 0xdf, 0xff, 0x9f, 0xf7, 0x5d, 0xf7, 0x9f, 0xff, 0xff,
  0xff, 0xff, 0xff, 0xff, 0xff, 0xff, 0xff, 0xff, 0xff, 0xff, 0xff, 0xff,
  0xff, 0xff, 0xff, 0xff, 0xff, 0xff, 0xf7, 0x7e, 0xde, 0xbe, 0xce, 0x3c,
  0xbd, 0xba, 0xbd, 0x9a, 0xce, 0x1b, 0xe6, 0xbd, 0xb5, 0x79, 0xcd, 0xba,
  0xbd, 0xba, 0xb5, 0x59, 0xb5, 0x7a, 0xbd, 0x7a, 0xb5, 0x79, 0xc5, 0x9a,
  0xef, 0x7f, 0xce, 0x3b, 0xde, 0xbd, 0xee, 0xfe, 0xf7, 0x9f, 0xff, 0xbf,
  0xff, 0x9e, 0xff, 0xbe, 0xf7, 0x7d, 0xff, 0xde, 0xff, 0xbe, 0xf7, 0x5d,
  0xf7, 0x7e, 0xff, 0x9e, 0xff, 0xdf, 0xff, 0xff, 0xff, 0xff, 0xff, 0xdf,
  0xf7, 0x7e, 0xee, 0xdc, 0xde, 0xdd, 0xbd, 0x78, 0xb5, 0xd5, 0xe7, 0x19,
  0xe7, 0x1a, 0xef, 0x3a, 0xf7, 0x7e, 0xff, 0x7d, 0xf7, 0x9d, 0xff, 0x9d,
  0xff, 0x3b, 0xff, 0x5c, 0xfe, 0xfa, 0xfe, 0xfa, 0xff, 0x1a, 0xfe, 0xfa,
  0xfe, 0xda, 0xf6, 0xba, 0xfe, 0xfb, 0xee, 0x99, 0xff, 0xbd, 0xff, 0x9d,
  0xff, 0x7c, 0xff, 0x9d, 0xff, 0x7c, 0xff, 0xbd, 0xff, 0x9d, 0xff, 0x5c,
  0xff, 0x1b, 0xff, 0x1b, 0xff, 0x1a, 0xff, 0x3b, 0xff, 0x9c, 0xff, 0xbd,
  0xff, 0x9d, 0xff, 0x9d, 0xff, 0xbd, 0xff, 0x9d, 0xff, 0x5c, 0xf7, 0x1b,
  0xff, 0x1b, 0xff, 0x5c, 0xff, 0x9d, 0xff, 0xbd, 0xff, 0xbd, 0xff, 0xbe,
  0xff, 0x9d, 0xff, 0x9d, 0xff, 0x3c, 0xf7, 0x1b, 0xff, 0x5c, 0xff, 0x9d,
  0xff, 0xdd, 0xff, 0xde, 0xff, 0xbd, 0xff, 0xbe, 0xff, 0x7d, 0xf7, 0x1b,
  0xf6, 0xfb, 0xff, 0x9e, 0xff, 0xbe, 0xff, 0xbe, 0xff, 0xbd, 0xff, 0xde,
  0xff, 0x9d, 0xff, 0x3c, 0xff, 0x5c, 0xff, 0xbd, 0xff, 0xde, 0xff, 0xbd,
  0xfe, 0xfb, 0xff, 0xbe, 0xff, 0x3c, 0xff, 0x5d, 0xfe, 0xdb, 0xff, 0x1c,
  0xff, 0xde, 0xff, 0xde, 0xff, 0xbe, 0xff, 0xfe, 0xff, 0x3c, 0xee, 0xba,
  0xf7, 0x3c, 0xff, 0xde, 0xff, 0xde, 0xff, 0x7d, 0xf6, 0xda, 0xff, 0x3c,
  0xff, 0xdd, 0xff, 0xde, 0xff, 0xbd, 0xff, 0x5c, 0xf6, 0xba, 0xff, 0x7d,
  0xff, 0xbd, 0xff, 0xbd, 0xff, 0xde, 0xef, 0x1b, 0xee, 0x59, 0xfe, 0xfb,
  0xff, 0x7d, 0xd5, 0xf7, 0xff, 0x1c, 0xff, 0x5d, 0xb4, 0xb5, 0xa4, 0x54,
  0xe6, 0xfd, 0xff, 0xbf, 0xff, 0xff, 0xff, 0xff, 0xff, 0xff, 0xff, 0xff,
  0xff, 0xdf, 0xff, 0xbe, 0xff, 0x9e, 0xff, 0x9e, 0xff, 0x7e, 0xb5, 0x76,
  0xf7, 0x7e, 0xff, 0xff, 0xff, 0xdf, 0xff, 0xdf, 0xff, 0x9e, 0xff, 0xbf,
  0xff, 0x9d, 0xff, 0xbe, 0xe6, 0xfd, 0x7b, 0xb1, 0xbd, 0x9a, 0xbd, 0xbb,
  0xcd, 0xda, 0xc5, 0xba, 0xbd, 0x59, 0xce, 0x3c, 0xff, 0x7f, 0xe6, 0xfd,
  0xde, 0x7b, 0xe6, 0xfe, 0xbd, 0x9a, 0xbd, 0xbb, 0xce, 0x1a, 0xf7, 0x7f,
  0xc5, 0x9a, 0xbd, 0x9a, 0xc5, 0xb9, 0xde, 0xbd, 0xc5, 0xba, 0xbd, 0xba,
  0xe6, 0xbe, 0xc5, 0xdb, 0xb5, 0x58, 0xde, 0x9d, 0xff, 0xff, 0xff, 0xff,
  0xd6, 0x59, 0xf7, 0x7e, 0xff, 0xff, 0xff, 0xff, 0xff, 0xdf, 0xff, 0xff,
  0xff, 0xdf, 0xff, 0xff, 0xee, 0xde, 0xc5, 0xb9, 0xee, 0x3c, 0xdd, 0xfb,
  0xd6, 0x1a, 0xe6, 0xfe, 0xef, 0x3c, 0xff, 0xff, 0xff, 0xff, 0xff, 0xff,
  0xff, 0xff, 0xef, 0x5d, 0xcd, 0xf8, 0xff, 0xdf, 0xff, 0x7d, 0xf7, 0x5d,
  0xff, 0x7d, 0xff, 0xbe, 0xff, 0xff, 0xff, 0xff, 0xff, 0xff, 0xff, 0xbf,
  0xf7, 0x5c, 0xff, 0xbe, 0xff, 0xff, 0xff, 0xff, 0xef, 0x5d, 0xef, 0x7d,
  0xff, 0xff, 0xff, 0xff, 0xff, 0xdf, 0xf7, 0x7e, 0xf7, 0x7d, 0xff, 0xff,
  0xff, 0xff, 0xff, 0xff, 0xff, 0xff, 0xff, 0xff, 0xff, 0xff, 0xff, 0xff,
  0xff, 0xff, 0xff, 0xff, 0xff, 0xff, 0xff, 0xff, 0xff, 0xdf, 0xff, 0xdf,
  0xe6, 0xbd, 0xbd, 0xb9, 0xcd, 0x9a, 0xde, 0x5d, 0xe6, 0x3c, 0xcd, 0xba,
  0xd6, 0x5b, 0xde, 0x9d, 0xcd, 0xfb, 0xc5, 0xfb, 0xc5, 0xda, 0xc5, 0xfb,
  0xff, 0xbf, 0xff, 0xff, 0xff, 0xff, 0xff, 0xff, 0xff, 0xff, 0xf7, 0x9e,
  0xff, 0x9d, 0xff, 0xbe, 0xf7, 0x5d, 0xff, 0xdf, 0xff, 0xff, 0xff, 0xff,
  0xff, 0xde, 0xff, 0xdf, 0xff, 0x7d, 0xf7, 0x3c, 0xf7, 0x1c, 0xef, 0x3c,
  0xff, 0x7d, 0xff, 0xff, 0xff, 0xff, 0xf7, 0x9e, 0xe6, 0xfa, 0xef, 0x5c,
  0xe6, 0xf8, 0xe7, 0x39, 0xe6, 0xfa, 0xf7, 0x9c, 0xff, 0x9d, 0xff, 0x9e,
  0xff, 0x7c, 0xff, 0x7c, 0xff, 0x7c, 0xff, 0x7c, 0xff, 0x7d, 0xff, 0x9d,
  0xf6, 0xba, 0xfe, 0xfb, 0xee, 0x58, 0xf6, 0x79, 0xff, 0x1b, 0xff, 0x3c,
  0xff, 0x9d, 0xff, 0x9d, 0xff, 0x7d, 0xff, 0x7c, 0xff, 0x9d, 0xff, 0x9d,
  0xff, 0xbe, 0xff, 0x7c, 0xff, 0x5c, 0xfe, 0xfa, 0xf6, 0xdb, 0xfe, 0xfb,
  0xff, 0x9d, 0xff, 0x9d, 0xff, 0xbe, 0xff, 0x9d, 0xff, 0xbe, 0xff, 0x9d,
  0xff, 0x9d, 0xf7, 0x1b, 0xf7, 0x1c, 0xff, 0x5d, 0xff, 0x9d, 0xff, 0x7d,
  0xff, 0xbd, 0xff, 0x9d, 0xff, 0xbe, 0xff, 0x7d, 0xff, 0x3d, 0xf6, 0xfb,
  0xf7, 0x5c, 0xff, 0x7d, 0xff, 0xde, 0xff, 0x9d, 0xff, 0xbe, 0xff, 0xbd,
  0xff, 0x1c, 0xfe, 0xfb, 0xf7, 0x5c, 0xff, 0x9d, 0xff, 0xde, 0xff, 0x9d,
  0xff, 0xbe, 0xff, 0xde, 0xff, 0xbe, 0xf7, 0x1b, 0xff, 0x5d, 0xf7, 0x1b,
  0xff, 0x7d, 0xff, 0x3c, 0xff, 0x5d, 0xff, 0xbe, 0xff, 0xbe, 0xff, 0x3c,
  0xf6, 0xfb, 0xff, 0x5d, 0xff, 0xde, 0xff, 0xbe, 0xff, 0xde, 0xff, 0xbe,
  0xf6, 0xfc, 0xf6, 0xba, 0xff, 0x7d, 0xff, 0xde, 0xff, 0xbe, 0xf7, 0x1c,
  0xee, 0xdb, 0xff, 0x7e, 0xff, 0xde, 0xff, 0xbe, 0xff, 0x9e, 0xee, 0xba,
  0xf7, 0x3c, 0xff, 0xbe, 0xff, 0x9e, 0xff, 0xbe, 0xf6, 0x9a, 0xdd, 0xb7,
  0xff, 0x5e, 0xff, 0x3d, 0xe6, 0x39, 0xff, 0x1c, 0xdd, 0xba, 0xac, 0x13,
  0xad, 0x39, 0xc5, 0xfc, 0xef, 0x5e, 0xff, 0xdf, 0xff, 0xff, 0xff, 0xff,
  0xff, 0xff, 0xff, 0xdf, 0xf7, 0x9e, 0xff, 0x7d, 0xff, 0x9e, 0xe6, 0xbb,
  0xce, 0x7a, 0xff, 0xff, 0xff, 0xff, 0xff, 0xff, 0xff, 0xff, 0xff, 0x9e,
  0xff, 0x7e, 0xff, 0x7d, 0xef, 0x5f, 0x7b, 0x90, 0xad, 0x39, 0xc5, 0xdb,
  0xbd, 0xba, 0xc5, 0xdb, 0xbd, 0x9b, 0xbd, 0x5a, 0xc6, 0x1a, 0xff, 0x9f,
  0xf7, 0x7f, 0xc5, 0xd9, 0xbd, 0x9b, 0xc5, 0xdb, 0xb5, 0x99, 0xde, 0x7d,
  0xde, 0xdf, 0xb5, 0x58, 0xb5, 0x99, 0xe6, 0xde, 0xce, 0x3c, 0xb5, 0x59,
  0xde, 0xde, 0xd6, 0x5c, 0xad, 0x58, 0xe6, 0x9d, 0xff, 0xff, 0xff, 0xff,
  0xde, 0xdc, 0xef, 0x3d, 0xff, 0xff, 0xff, 0xff, 0xff, 0xff, 0xff, 0xff,
  0xff, 0xff, 0xff, 0xff, 0xff, 0xff, 0xce, 0x1a, 0xdd, 0xfd, 0xd5, 0x9b,
  0xc5, 0xfa, 0xee, 0xfe, 0xdf, 0x1c, 0xff, 0xff, 0xff, 0xff, 0xff, 0xdf,
  0xff, 0xff, 0xef, 0x1c, 0xde, 0xbb, 0xff, 0xbf, 0xff, 0x7e, 0xff, 0x5d,
  0xff, 0x9e, 0xff, 0x7d, 0xff, 0xbf, 0xff, 0xff, 0xff, 0xdf, 0xf7, 0x5d,
  0xff, 0xbe, 0xff, 0xff, 0xff, 0xff, 0xff, 0xff, 0xde, 0xdc, 0xff, 0x9e,
  0xff, 0xff, 0xff, 0xdf, 0xff, 0xff, 0xff, 0xbe, 0xef, 0x3d, 0xff, 0xbe,
  0xff, 0xff, 0xff, 0xff, 0xff, 0xff, 0xff, 0xff, 0xff, 0xff, 0xff, 0xff,
  0xff, 0xff, 0xff, 0xff, 0xff, 0xff, 0xff, 0xdf, 0xf7, 0x5f, 0xcd, 0xb8,
  0xc5, 0x9a, 0xd5, 0xdb, 0xe6, 0x1d, 0xd5, 0x9b, 0xd6, 0x5b, 0xff, 0x5f,
  0xff, 0xff, 0xff, 0xff, 0xff, 0xff, 0xff, 0xdf, 0xff, 0xdf, 0xff, 0xdf,
  0xff, 0xff, 0xff, 0xdf, 0xff, 0xff, 0xff, 0xff, 0xff, 0xbf, 0xff, 0x7e,
  0xff, 0x9e, 0xff, 0x7e, 0xf7, 0x7e, 0xff, 0xdf, 0xff, 0xff, 0xff, 0xdf,
  0xe7, 0x3d, 0xde, 0xbb, 0xd6, 0x7a, 0xd6, 0x59, 0xd6, 0x9b, 0xe6, 0xdb,
  0xd6, 0x9b, 0xe6, 0xdc, 0xff, 0xff, 0xff, 0xbf, 0xce, 0x18, 0xff, 0x7e,
  0xd6, 0xf9, 0xde, 0xf9, 0xe7, 0x3a, 0xef, 0x19, 0xf7, 0x7c, 0xff, 0x9d,
  0xff, 0x5b, 0xff, 0x7c, 0xff, 0x7c, 0xff, 0x9c, 0xff, 0x7c, 0xff, 0x5c,
  0xee, 0x58, 0xff, 0x3c, 0xf6, 0x99, 0xff, 0x7c, 0xff, 0x3b, 0xff, 0x5c,
  0xfe, 0xfa, 0xfe, 0xfb, 0xff, 0x3b, 0xff, 0x9c, 0xff, 0x7c, 0xff, 0x9d,
  0xff, 0x9c, 0xff, 0xbd, 0xff, 0xbd, 0xff, 0xbd, 0xff, 0x7c, 0xff, 0x7c,
  0xfe, 0xfa, 0xff, 0x3c, 0xff, 0x3c, 0xff, 0x9d, 0xff, 0xbd, 0xff, 0xbd,
  0xff, 0x9d, 0xff, 0xde, 0xff, 0x9d, 0xff, 0x7c, 0xff, 0x3b, 0xff, 0x3c,
  0xff, 0x7c, 0xff, 0xbd, 0xff, 0x9d, 0xff, 0xbd, 0xff, 0xbd, 0xff, 0xbe,
  0xff, 0x5c, 0xff, 0x5c, 0xff, 0x3b, 0xff, 0x9d, 0xff, 0xbd, 0xff, 0xbd,
  0xff, 0xbd, 0xff, 0xde, 0xff, 0x7d, 0xff, 0x5c, 0xff, 0x5c, 0xff, 0x9d,
  0xff, 0xbd, 0xff, 0xbe, 0xff, 0x9d, 0xff, 0xbe, 0xff, 0x3c, 0xe6, 0x79,
  0xff, 0x1b, 0xf6, 0xfb, 0xff, 0xde, 0xff, 0xbe, 0xff, 0xbd, 0xff, 0xde,
  0xff, 0x7d, 0xf6, 0xfb, 0xf6, 0xfb, 0xff, 0xbe, 0xff, 0xbe, 0xff, 0xbe,
  0xff, 0xbe, 0xff, 0x7d, 0xee, 0x99, 0xff, 0x3c, 0xff, 0xde, 0xff, 0xde,
  0xff, 0x1c, 0xee, 0xba, 0xff, 0x9d, 0xff, 0xde, 0xff, 0xbd, 0xff, 0xde,
  0xfe, 0xdb, 0xee, 0x9a, 0xff, 0xbd, 0xff, 0xbe, 0xff, 0xde, 0xee, 0xdb,
  0xdd, 0xd7, 0xff, 0x3d, 0xff, 0x3c, 0xe6, 0x18, 0xfe, 0xfe, 0xcd, 0x37,
  0xac, 0xd8, 0xc5, 0xbc, 0xcd, 0xf9, 0xff, 0x9f, 0xce, 0x1a, 0xe6, 0xfe,
  0xff, 0xff, 0xff, 0xff, 0xff, 0xff, 0xff, 0xbe, 0xff, 0x7d, 0xff, 0xbe,
  0xc5, 0xf7, 0xf7, 0x7e, 0xff, 0xff, 0xff, 0xff, 0xff, 0xff, 0xff, 0xff,
  0xff, 0x7d, 0xff, 0x9e, 0xef, 0x1d, 0x83, 0xf1, 0xd6, 0x3c, 0xbd, 0xdb,
  0xc5, 0xba, 0xc5, 0xfb, 0xbd, 0x7a, 0xbd, 0xbb, 0xbd, 0x99, 0xc5, 0xdb,
  0xff, 0x7f, 0xd6, 0x7b, 0xbd, 0x7a, 0xc5, 0xdb, 0xcd, 0xda, 0xc5, 0xda,
  0xf7, 0x3f, 0xc5, 0xfa, 0xbd, 0x99, 0xd6, 0x7d, 0xde, 0x9d, 0xbd, 0x99,
  0xe6, 0xde, 0xc6, 0x1b, 0xbd, 0x78, 0xe6, 0xfe, 0xff, 0xff, 0xff, 0xff,
  0xe6, 0xfc, 0xde, 0xdb, 0xff, 0xff, 0xff, 0xff, 0xff, 0xff, 0xff, 0xff,
  0xff, 0xff, 0xff, 0xff, 0xff, 0xff, 0xde, 0xdc, 0xc5, 0x59, 0xd5, 0xfc,
  0xde, 0x7b, 0xf7, 0x5f, 0xe6, 0xfb, 0xff, 0xff, 0xff, 0xff, 0xff, 0xff,
  0xff, 0xff, 0xde, 0xbb, 0xe6, 0xfb, 0xff, 0xbf, 0xff, 0x7d, 0xf7, 0x5d,
  0xff, 0x7d, 0xff, 0x9e, 0xf7, 0x7d, 0xff, 0xff, 0xff, 0xbe, 0xf7, 0x9e,
  0xff, 0xdf, 0xff, 0xff, 0xff, 0xff, 0xff, 0xdf, 0xe6, 0xdb, 0xff, 0xdf,
  0xff, 0xff, 0xff, 0xff, 0xff, 0xdf, 0xff, 0xdf, 0xff, 0x9d, 0xff, 0xbe,
  0xef, 0x5e, 0xde, 0xfc, 0xee, 0xdd, 0xde, 0x9c, 0xe6, 0xbd, 0xde, 0x9d,
  0xee, 0xdd, 0xe6, 0xfd, 0xee, 0xdd, 0xde, 0x9c, 0xcd, 0x7a, 0xcd, 0x9b,
  0xe5, 0xfb, 0xe6, 0x3d, 0xcd, 0xb9, 0xcd, 0xda, 0xff, 0x9f, 0xff, 0xff,
  0xff, 0xff, 0xf7, 0xbe, 0xff, 0xbe, 0xff, 0xff, 0xff, 0xff, 0xff, 0xff,
  0xff, 0xff, 0xff, 0xff, 0xff, 0xff, 0xff, 0xdf, 0xff, 0x9e, 0xff, 0xbf,
  0xff, 0x7d, 0xf7, 0x7d, 0xff, 0xbf, 0xff, 0xdf, 0xde, 0xbb, 0xc6, 0x19,
  0xde, 0x9a, 0xf7, 0x7e, 0xff, 0x7e, 0xff, 0x9f, 0xff, 0xff, 0xff, 0xff,
  0xff, 0xff, 0xef, 0x5d, 0xd6, 0x7a, 0xef, 0x5e, 0xac, 0xd3, 0xef, 0x3d,
  0xef, 0x7b, 0xde, 0xfa, 0xef, 0x39, 0xe7, 0x3a, 0xef, 0x19, 0xef, 0x5b,
  0xf6, 0xda, 0xf6, 0xb9, 0xf6, 0xba, 0xf6, 0xb9, 0xff, 0x3b, 0xff, 0x3b,
  0xff, 0x1b, 0xfe, 0xda, 0xee, 0xba, 0xff, 0x7d, 0xff, 0x9d, 0xff, 0x9c,
  0xff, 0x7d, 0xff, 0x5c, 0xff, 0x1b, 0xfe, 0xda, 0xf6, 0xfb, 0xff, 0x3b,
  0xff, 0x7d, 0xff, 0x9d, 0xff, 0xbd, 0xff, 0x9d, 0xff, 0xbd, 0xff, 0xbd,
  0xff, 0x9d, 0xff, 0x7d, 0xff, 0x3c, 0xf6, 0xda, 0xf7, 0x3c, 0xff, 0x5c,
  0xff, 0x9d, 0xff, 0x7c, 0xff, 0xbd, 0xff, 0x9d, 0xff, 0x9e, 0xff, 0x7c,
  0xff, 0x3c, 0xfe, 0xfb, 0xff, 0x7d, 0xff, 0x9d, 0xff, 0xbe, 0xff, 0x9d,
  0xff, 0x9d, 0xff, 0x9d, 0xff, 0x5d, 0xff, 0x1b, 0xf7, 0x3c, 0xff, 0x9d,
  0xff, 0xbe, 0xff, 0x9d, 0xff, 0xde, 0xff, 0xbd, 0xff, 0x9d, 0xfe, 0xfb,
  0xff, 0x5d, 0xff, 0x9e, 0xff, 0xbe, 0xff, 0x9d, 0xf6, 0xfb, 0xff, 0x7d,
  0xee, 0x9a, 0xf6, 0xba, 0xff, 0x9e, 0xff, 0xbe, 0xff, 0xbe, 0xff, 0x9d,
  0xff, 0xbe, 0xff, 0xde, 0xff, 0x3d, 0xf6, 0xba, 0xff, 0x5d, 0xff, 0xbe,
  0xff, 0xbe, 0xff, 0xde, 0xff, 0x9e, 0xee, 0xba, 0xf7, 0x3c, 0xff, 0x9e,
  0xff, 0xbe, 0xff, 0x7d, 0xf7, 0x1c, 0xff, 0x3c, 0xff, 0xbe, 0xff, 0xbd,
  0xff, 0xbe, 0xf6, 0xfb, 0xe6, 0x9a, 0xff, 0x9e, 0xff, 0xbe, 0xff, 0x7d,
  0xf6, 0xbb, 0xe5, 0xd8, 0xff, 0xdf, 0xff, 0x5c, 0xed, 0xfa, 0xed, 0xd8,
  0xac, 0xf8, 0xc5, 0x7a, 0xde, 0xde, 0xe6, 0xfe, 0xb5, 0x7a, 0xbd, 0x59,
  0xce, 0x7b, 0xff, 0xdf, 0xff, 0xff, 0xff, 0xbf, 0xff, 0x9e, 0xff, 0xbe,
  0xe7, 0x1d, 0xce, 0x19, 0xff, 0xff, 0xff, 0xdf, 0xff, 0xff, 0xff, 0xff,
  0xff, 0xdf, 0xff, 0x9e, 0xef, 0x5e, 0x8c, 0x32, 0xde, 0xfe, 0xc5, 0xfa,
  0xc5, 0xbc, 0xc5, 0x7b, 0xc5, 0xdb, 0xc5, 0xdb, 0xbd, 0x9b, 0xbd, 0x7a,
  0xbd, 0xda, 0xf7, 0x5f, 0xd6, 0x9e, 0xb5, 0x59, 0xbd, 0xdb, 0xbd, 0x5a,
  0xd6, 0x5c, 0xe6, 0xbe, 0xb5, 0x79, 0xc5, 0xba, 0xde, 0xde, 0xbd, 0x79,
  0xd6, 0x7d, 0xd6, 0x5d, 0xb5, 0x79, 0xef, 0x1f, 0xff, 0xff, 0xff, 0xff,
  0xef, 0x5e, 0xd6, 0x79, 0xff, 0xff, 0xff, 0xdf, 0xff, 0xff, 0xff, 0xff,
  0xff, 0xff, 0xff, 0xff, 0xff, 0xff, 0xff, 0xff, 0xde, 0x3c, 0xde, 0x3c,
  0xde, 0x7c, 0xff, 0x7f, 0xd6, 0x9a, 0xff, 0xff, 0xff, 0xff, 0xff, 0xdf,
  0xff, 0xff, 0xde, 0x9a, 0xef, 0x3d, 0xff, 0xbe, 0xff, 0x9e, 0xff, 0x7d,
  0xf7, 0x7e, 0xff, 0x9e, 0xf7, 0x7e, 0xff, 0xbf, 0xff, 0x9f, 0xff, 0x7e,
  0xff, 0xff, 0xff, 0xdf, 0xff, 0xff, 0xef, 0x5d, 0xde, 0xdb, 0xff, 0xbe,
  0xff, 0xff, 0xff, 0xff, 0xff, 0xff, 0xff, 0x7e, 0xd6, 0x3b, 0xd6, 0x1a,
  0xe6, 0x3c, 0xf6, 0x5c, 0xee, 0x7c, 0xee, 0x5b, 0xee, 0x7c, 0xee, 0x3b,
  0xe6, 0x3c, 0xee, 0x3c, 0xd6, 0x1b, 0xd5, 0xda, 0xd5, 0xba, 0xd5, 0xba,
  0xd5, 0xfc, 0xcd, 0x9a, 0xce, 0x3b, 0xee, 0xfe, 0xf7, 0x7e, 0xff, 0x9e,
  0xff, 0xff, 0xff, 0x9e, 0xf7, 0x9e, 0xff, 0xdf, 0xff, 0xff, 0xff, 0xdf,
  0xff, 0xff, 0xff, 0xdf, 0xff, 0xbf, 0xff, 0xbe, 0xf7, 0x9e, 0xf7, 0x5d,
  0xff, 0xdf, 0xff, 0x9e, 0xde, 0xdc, 0xc5, 0xd7, 0xd6, 0x7a, 0xf7, 0x7e,
  0xff, 0xff, 0xff, 0xdf, 0xf7, 0xbd, 0xff, 0xde, 0xff, 0xff, 0xff, 0xbf,
  0xef, 0x5f, 0xe6, 0xbd, 0xbd, 0xdb, 0xa4, 0xb6, 0xa4, 0xf5, 0xee, 0xfd,
  0xff, 0xdd, 0xef, 0x3b, 0xdf, 0x3b, 0xe7, 0x3a, 0xe7, 0x1a, 0xe7, 0x19,
  0xff, 0x7c, 0xff, 0x7c, 0xff, 0x1b, 0xf6, 0xda, 0xfe, 0xb9, 0xf6, 0x99,
  0xf6, 0x78, 0xf6, 0xda, 0xff, 0x3b, 0xff, 0x7c, 0xff, 0x9c, 0xff, 0x9d,
  0xff, 0x7b, 0xff, 0x7c, 0xff, 0x9c, 0xff, 0xbc, 0xff, 0x3b, 0xff, 0x1b,
  0xfe, 0xfa, 0xfe, 0xfb, 0xff, 0x3b, 0xff, 0x9d, 0xff, 0x9c, 0xff, 0xbd,
  0xff, 0x9c, 0xff, 0x9c, 0xff, 0xbd, 0xff, 0x9d, 0xff, 0x3b, 0xf6, 0xfb,
  0xf6, 0xda, 0xff, 0x5c, 0xff, 0x9d, 0xff, 0x9d, 0xff, 0x9d, 0xff, 0x9d,
  0xff, 0xbd, 0xff, 0x7c, 0xff, 0x1b, 0xff, 0x5c, 0xff, 0x7c, 0xff, 0xbd,
  0xff, 0xbd, 0xff, 0xbd, 0xff, 0x9d, 0xff, 0xbd, 0xff, 0x3c, 0xff, 0x1c,
  0xff, 0x5c, 0xff, 0xbe, 0xff, 0xbd, 0xff, 0xbe, 0xff, 0xbd, 0xff, 0xbe,
  0xff, 0x5c, 0xf7, 0x3c, 0xff, 0x5c, 0xff, 0x7d, 0xff, 0x3c, 0xff, 0x9e,
  0xf6, 0xda, 0xff, 0xbe, 0xff, 0x3c, 0xf6, 0xfb, 0xff, 0x9d, 0xff, 0xbe,
  0xff, 0x9d, 0xff, 0xbd, 0xff, 0xbd, 0xff, 0x9d, 0xf6, 0xda, 0xf6, 0xfb,
  0xff, 0xbd, 0xff, 0xbe, 0xff, 0xbd, 0xff, 0xde, 0xff, 0x1b, 0xee, 0xda,
  0xff, 0x5c, 0xff, 0xde, 0xff, 0x9d, 0xee, 0xda, 0xf6, 0xda, 0xff, 0xbe,
  0xff, 0xbd, 0xff, 0xff, 0xf6, 0xda, 0xe6, 0x79, 0xff, 0xbe, 0xff, 0x3c,
  0xff, 0x7d, 0xee, 0xba, 0xe6, 0x79, 0xff, 0xff, 0xf6, 0x19, 0xdd, 0x56,
  0xb4, 0xb7, 0xc5, 0x7a, 0xff, 0x9f, 0xbd, 0xfa, 0xc5, 0xbb, 0xbd, 0xbb,
  0xbd, 0x99, 0xc5, 0xfb, 0xf7, 0x7e, 0xff, 0xff, 0xff, 0xbe, 0xf7, 0x9e,
  0xff, 0xbe, 0xde, 0xdb, 0xe6, 0xfb, 0xff, 0xff, 0xff, 0xff, 0xff, 0xff,
  0xff, 0xde, 0xff, 0x9e, 0xff, 0x7e, 0xad, 0x36, 0xc5, 0xb9, 0xbd, 0xba,
  0xcd, 0xda, 0xc5, 0xda, 0xbd, 0x9a, 0xc5, 0xdb, 0xc5, 0xbb, 0xbd, 0x9a,
  0xbd, 0x9a, 0xbd, 0xbb, 0xf7, 0x3e, 0xd6, 0x9c, 0xbd, 0x59, 0xbd, 0xbb,
  0xbd, 0x78, 0xe6, 0xde, 0xcd, 0xfb, 0xad, 0x58, 0xee, 0xde, 0xce, 0x1b,
  0xce, 0x1b, 0xde, 0x9d, 0xb5, 0x37, 0xef, 0x3f, 0xff, 0xff, 0xff, 0xff,
  0xff, 0xde, 0xc6, 0x39, 0xff, 0xff, 0xff, 0xff, 0xff, 0xff, 0xff, 0xff,
  0xff, 0xff, 0xff, 0xff, 0xff, 0xff, 0xff, 0xff, 0xde, 0x1b, 0xd6, 0x3c,
  0xd6, 0x1a, 0xff, 0x9f, 0xde, 0x9a, 0xff, 0xff, 0xff, 0xff, 0xff, 0xff,
  0xff, 0xff, 0xd6, 0xbb, 0xff, 0x7d, 0xff, 0xbe, 0xff, 0x7d, 0xf7, 0x7d,
  0xff, 0x7d, 0xff, 0x9e, 0xff, 0x7d, 0xff, 0xbe, 0xff, 0xbe, 0xff, 0x9e,
  0xff, 0xff, 0xff, 0xff, 0xff, 0xff, 0xd6, 0xdb, 0xee, 0xfb, 0xff, 0xff,
  0xff, 0xff, 0xff, 0xff, 0xe6, 0xbd, 0xc5, 0xda, 0xee, 0x1b, 0xf6, 0x9d,
  0xee, 0x3b, 0xee, 0x3c, 0xe5, 0xfb, 0xdd, 0xfb, 0xee, 0x5c, 0xde, 0x3c,
  0xd5, 0xbb, 0xbd, 0x3a, 0xdd, 0x9a, 0xf6, 0x7e, 0xee, 0x7c, 0xd5, 0xfa,
  0xcd, 0xfa, 0xef, 0x1f, 0xff, 0xdf, 0xff, 0x9e, 0xff, 0x9d, 0xff, 0x9e,
  0xff, 0xdf, 0xff, 0xff, 0xff, 0x7e, 0xff, 0x9e, 0xff, 0x9e, 0xff, 0xbe,
  0xff, 0x9e, 0xff, 0xbe, 0xff, 0x9e, 0xf7, 0x7e, 0xff, 0x7d, 0xff, 0xbf,
  0xf7, 0x3d, 0xce, 0x19, 0xde, 0xba, 0xff, 0xdf, 0xff, 0xff, 0xff, 0xdf,
  0xff, 0x9e, 0xe6, 0xfc, 0xff, 0x9f, 0xff, 0x9f, 0xde, 0x7c, 0xc5, 0xfb,
  0xbd, 0x9a, 0xbd, 0x9a, 0xc5, 0xdb, 0xad, 0x39, 0x94, 0x52, 0xde, 0xbc,
  0xff, 0xbd, 0xff, 0xbd, 0xde, 0xfa, 0xe7, 0x7c, 0xf7, 0x7a, 0xef, 0x5b,
  0xff, 0x5c, 0xff, 0x1b, 0xff, 0x5c, 0xff, 0x7c, 0xff, 0x7c, 0xf6, 0xb9,
  0xff, 0x1b, 0xee, 0x78, 0xf6, 0xba, 0xfe, 0xba, 0xff, 0x1b, 0xff, 0x3b,
  0xff, 0x9c, 0xff, 0x9c, 0xff, 0x9d, 0xff, 0x7c, 0xff, 0xbd, 0xff, 0x9c,
  0xff, 0x7c, 0xff, 0x3b, 0xf7, 0x1b, 0xff, 0x1b, 0xff, 0x3c, 0xff, 0x5c,
  0xff, 0x9d, 0xff, 0x9d, 0xff, 0x9d, 0xff, 0x9d, 0xff, 0xbe, 0xff, 0x9d,
  0xff, 0x5c, 0xff, 0x3c, 0xff, 0x3c, 0xff, 0x3c, 0xff, 0x9d, 0xff, 0xbe,
  0xff, 0xbe, 0xff, 0x9d, 0xff, 0xde, 0xff, 0xbd, 0xff, 0x5d, 0xff, 0x1b,
  0xff, 0x5c, 0xff, 0x9d, 0xff, 0xde, 0xff, 0x9d, 0xff, 0xbe, 0xff, 0x9d,
  0xff, 0x5d, 0xfe, 0xfb, 0xff, 0x7d, 0xff, 0x9d, 0xff, 0x9e, 0xff, 0x9d,
  0xff, 0xbe, 0xff, 0x9d, 0xf6, 0xdb, 0xee, 0x59, 0xff, 0x9e, 0xff, 0x1b,
  0xff, 0x7d, 0xff, 0xbe, 0xff, 0xbe, 0xf7, 0x1b, 0xee, 0x7a, 0xff, 0x1c,
  0xff, 0xde, 0xff, 0xbe, 0xff, 0x9e, 0xff, 0x9d, 0xff, 0x9e, 0xff, 0x5c,
  0xee, 0xdb, 0xff, 0x5d, 0xff, 0xde, 0xff, 0x9d, 0xff, 0xbe, 0xff, 0x5c,
  0xe6, 0xba, 0xff, 0x5d, 0xff, 0xde, 0xff, 0xbe, 0xf6, 0xdb, 0xee, 0x59,
  0xff, 0x7d, 0xff, 0x9e, 0xff, 0xdf, 0xee, 0xdb, 0xe6, 0x59, 0xff, 0x1c,
  0xff, 0x9e, 0xff, 0x7d, 0xe6, 0x38, 0xf6, 0x79, 0xff, 0x9f, 0xd5, 0x76,
  0xa4, 0x35, 0xee, 0x5d, 0xe7, 0x3f, 0xbd, 0x98, 0xc5, 0xbb, 0xc5, 0xbb,
  0xbd, 0x9b, 0xb5, 0x59, 0xb5, 0x9a, 0xee, 0xff, 0xff, 0xff, 0xf7, 0x7e,
  0xff, 0xdf, 0xff, 0xff, 0xce, 0x59, 0xf7, 0x7e, 0xff, 0xff, 0xff, 0xff,
  0xff, 0xdf, 0xff, 0x9e, 0xff, 0xbf, 0xad, 0x15, 0xc6, 0x3b, 0xde, 0xbd,
  0xbd, 0x9a, 0xbd, 0x59, 0xb5, 0x7a, 0xde, 0x7d, 0xd6, 0x7d, 0xbd, 0xb9,
  0xbd, 0xbb, 0xc5, 0xbb, 0xb5, 0x79, 0xef, 0x1f, 0xde, 0xde, 0xb5, 0x59,
  0xb5, 0x7a, 0xcd, 0xfb, 0xef, 0x1f, 0xb5, 0x78, 0xce, 0x1c, 0xd6, 0x5d,
  0xc5, 0xfb, 0xde, 0x7d, 0xad, 0x58, 0xe6, 0xde, 0xff, 0xbf, 0xff, 0xff,
  0xff, 0xff, 0xc5, 0xf8, 0xf7, 0x9f, 0xff, 0xff, 0xff, 0xff, 0xff, 0xdf,
  0xff, 0xff, 0xff, 0xff, 0xff, 0xff, 0xff, 0xff, 0xcd, 0xfb, 0xde, 0x1b,
  0xcd, 0xfa, 0xff, 0x9f, 0xd6, 0x9b, 0xff, 0xbf, 0xff, 0xff, 0xff, 0xdf,
  0xff, 0xff, 0xde, 0x9a, 0xf7, 0x7e, 0xff, 0x9e, 0xf7, 0x9e, 0xff, 0x5d,
  0xff, 0x9e, 0xff, 0x7d, 0xf7, 0x7e, 0xff, 0x7e, 0xff, 0xdf, 0xf7, 0x7e,
  0xff, 0xdf, 0xff, 0xff, 0xff, 0xff, 0xde, 0xbb, 0xf7, 0xbf, 0xff, 0xbe,
  0xe6, 0xde, 0xc5, 0x99, 0xcd, 0x9b, 0xe6, 0x3d, 0xdd, 0xfc, 0xdd, 0xdb,
  0xd5, 0xfb, 0xde, 0x3c, 0xee, 0x5c, 0xee, 0x3b, 0xd5, 0xdb, 0xcd, 0x39,
  0xd5, 0xfa, 0xf6, 0xbe, 0xf6, 0xde, 0xdd, 0xfa, 0xd6, 0x9c, 0xff, 0xdf,
  0xff, 0xff, 0xff, 0xff, 0xff, 0x9e, 0xff, 0x7d, 0xff, 0x9e, 0xff, 0x7d,
  0xff, 0x9f, 0xff, 0xdf, 0xff, 0xdf, 0xf7, 0x7e, 0xf7, 0x7e, 0xff, 0x7e,
  0xff, 0xbf, 0xff, 0x7e, 0xf7, 0x5e, 0xff, 0x7e, 0xff, 0xbf, 0xde, 0x5a,
  0xbd, 0xb7, 0xef, 0x1c, 0xff, 0xff, 0xff, 0xff, 0xff, 0xff, 0xf7, 0x7e,
  0xce, 0x1c, 0xb5, 0x59, 0xc5, 0xfb, 0xef, 0x1f, 0xbd, 0xba, 0xbd, 0x79,
  0xbd, 0xbb, 0xc5, 0xdb, 0xb5, 0x9b, 0xbd, 0x9b, 0x84, 0x33, 0xbd, 0xd9,
  0xff, 0xde, 0xff, 0x5c, 0xef, 0x7d, 0xde, 0xda, 0xe7, 0x3b, 0xef, 0x5b,
  0xff, 0x1a, 0xff, 0x5c, 0xff, 0x7c, 0xff, 0x9c, 0xff, 0x1a, 0xf6, 0xda,
  0xff, 0x1a, 0xfe, 0xda, 0xff, 0x5b, 0xff, 0x5b, 0xff, 0x3a, 0xf7, 0x1a,
  0xfe, 0xfa, 0xfe, 0xfa, 0xff, 0x5b, 0xff, 0x7c, 0xff, 0x9c, 0xff, 0x9c,
  0xff, 0x7c, 0xff, 0xbc, 0xff, 0x9c, 0xff, 0x9c, 0xff, 0x3b, 0xff, 0x3b,
  0xff, 0x1b, 0xff, 0x3c, 0xff, 0x9c, 0xff, 0xbd, 0xff, 0x9d, 0xff, 0xbd,
  0xff, 0x9c, 0xff, 0xbd, 0xff, 0x7c, 0xff, 0x7c, 0xff, 0x3b, 0xff, 0x7c,
  0xff, 0x9c, 0xff, 0xdd, 0xff, 0xbd, 0xff, 0xbd, 0xff, 0x7c, 0xff, 0x9d,
  0xff, 0x3c, 0xf6, 0xfb, 0xff, 0x5c, 0xff, 0xde, 0xff, 0xbd, 0xff, 0xbd,
  0xff, 0x9d, 0xff, 0xbd, 0xff, 0x5c, 0xf7, 0x1c, 0xff, 0x3c, 0xff, 0xbe,
  0xff, 0x9d, 0xff, 0xde, 0xf6, 0xda, 0xf6, 0xfb, 0xf6, 0x59, 0xee, 0x39,
  0xff, 0xde, 0xff, 0xde, 0xff, 0xbd, 0xff, 0xde, 0xff, 0x7d, 0xee, 0xdb,
  0xfe, 0xfb, 0xff, 0x9d, 0xff, 0xde, 0xff, 0xbd, 0xff, 0xbd, 0xff, 0xde,
  0xff, 0x7d, 0xee, 0xda, 0xff, 0x5c, 0xff, 0xbe, 0xff, 0xbd, 0xff, 0xde,
  0xff, 0x9d, 0xf7, 0x1c, 0xff, 0x3c, 0xff, 0xbe, 0xff, 0xde, 0xff, 0x5c,
  0xee, 0x99, 0xff, 0x7d, 0xff, 0xbe, 0xff, 0xde, 0xff, 0x1b, 0xe6, 0x18,
  0xff, 0x7d, 0xff, 0x5c, 0xff, 0x7d, 0xe6, 0x79, 0xfe, 0x7a, 0xfe, 0xfc,
  0x9b, 0xb1, 0xfe, 0xde, 0xce, 0x1b, 0xb5, 0x79, 0xcd, 0xdb, 0xce, 0x1c,
  0xbd, 0x7a, 0xbd, 0x9a, 0xc5, 0xbb, 0xb5, 0x7a, 0xe6, 0xdb, 0xff, 0xdf,
  0xff, 0xff, 0xff, 0xff, 0xff, 0xbe, 0xce, 0x59, 0xff, 0xff, 0xff, 0xff,
  0xff, 0xde, 0xff, 0x9e, 0xff, 0xdf, 0x9c, 0xb3, 0xac, 0xf7, 0xe6, 0xff,
  0xf7, 0x3f, 0xe6, 0xde, 0xce, 0x1a, 0xd6, 0x7c, 0xe6, 0xbd, 0xd6, 0x7c,
  0xbd, 0x7a, 0xbd, 0xbb, 0xc5, 0xba, 0xbd, 0xba, 0xf7, 0x3e, 0xde, 0xdd,
  0xbd, 0x79, 0xbd, 0x9a, 0xe6, 0xbd, 0xde, 0x9d, 0xbd, 0x78, 0xde, 0xbd,
  0xcd, 0xda, 0xde, 0xbe, 0xc5, 0x99, 0xce, 0x1b, 0xe6, 0x5a, 0xee, 0xdd,
  0xff, 0xbf, 0xd6, 0x9b, 0xf7, 0x5d, 0xff, 0xff, 0xff, 0x7d, 0xf7, 0x7d,
  0xff, 0x5d, 0xf7, 0x7e, 0xff, 0xbe, 0xff, 0xff, 0xd5, 0xda, 0xde, 0x5c,
  0xd6, 0x1a, 0xff, 0x9f, 0xe6, 0xdb, 0xef, 0x5d, 0xff, 0xff, 0xff, 0xff,
  0xff, 0xff, 0xd6, 0x9a, 0xff, 0x5d, 0xff, 0xbe, 0xff, 0x7d, 0xff, 0x9e,
  0xff, 0xbe, 0xf7, 0x7d, 0xff, 0x5d, 0xff, 0xbe, 0xff, 0xff, 0xff, 0xbf,
  0xf7, 0x7d, 0xff, 0xbe, 0xf7, 0x5e, 0xc5, 0xf9, 0xd5, 0xfb, 0xc5, 0xba,
  0xc5, 0x38, 0xd5, 0xdb, 0xf6, 0x7d, 0xc5, 0x38, 0xd5, 0xd9, 0xde, 0x5c,
  0xd5, 0xda, 0xcd, 0x99, 0xcd, 0x7a, 0xd5, 0xdc, 0xe6, 0x1a, 0xf6, 0xbc,
  0xfe, 0xdd, 0xe6, 0x1a, 0xbd, 0x58, 0xef, 0x1f, 0xff, 0xff, 0xff, 0xff,
  0xff, 0xff, 0xff, 0xff, 0xff, 0x9e, 0xf7, 0x9e, 0xff, 0x9e, 0xf7, 0x7d,
  0xff, 0x7d, 0xff, 0xbf, 0xff, 0xff, 0xff, 0xff, 0xff, 0x9e, 0xf7, 0x7e,
  0xff, 0x7d, 0xf7, 0x7d, 0xff, 0xbe, 0xf7, 0x7e, 0xc5, 0xf7, 0xd6, 0x7a,
  0xff, 0xbe, 0xff, 0x9e, 0xff, 0x9e, 0xff, 0xff, 0xe6, 0xdd, 0xbd, 0xb9,
  0xc5, 0x9b, 0xc5, 0xbb, 0xc5, 0xb9, 0xde, 0x9d, 0xe6, 0xdd, 0xc5, 0xd9,
  0xc5, 0x9a, 0xbd, 0x9a, 0xc5, 0xbb, 0xce, 0x1d, 0x94, 0x73, 0x94, 0xb4,
  0xff, 0xdd, 0xf7, 0x7c, 0xff, 0xbd, 0xe7, 0x3b, 0xef, 0x3b, 0xef, 0x7c,
  0xee, 0x18, 0xee, 0x17, 0xee, 0x79, 0xff, 0x3b, 0xf6, 0xba, 0xff, 0x1b,
  0xf6, 0xfa, 0xfe, 0xfa, 0xff, 0x7c, 0xff, 0x5b, 0xff, 0x9c, 0xff, 0x9c,
  0xff, 0x7c, 0xf6, 0xda, 0xf6, 0xba, 0xf6, 0x79, 0xff, 0x1b, 0xff, 0x5c,
  0xff, 0xbd, 0xff, 0x9c, 0xff, 0x9c, 0xff, 0x7c, 0xff, 0x9d, 0xff, 0x9d,
  0xff, 0x7d, 0xff, 0x1c, 0xf7, 0x1b, 0xff, 0x3b, 0xff, 0x9d, 0xff, 0x9d,
  0xff, 0xbe, 0xff, 0x7c, 0xff, 0x9d, 0xff, 0x9d, 0xff, 0x7d, 0xff, 0x5c,
  0xff, 0x5c, 0xff, 0x1b, 0xff, 0x7d, 0xff, 0x9d, 0xff, 0xbd, 0xff, 0x9d,
  0xff, 0xbe, 0xff, 0x9d, 0xff, 0x5c, 0xf6, 0xfb, 0xff, 0x5d, 0xff, 0x9d,
  0xff, 0xde, 0xff, 0xbd, 0xff, 0xbe, 0xff, 0x9d, 0xf7, 0x1c, 0xff, 0x1b,
  0xff, 0x9d, 0xff, 0x9d, 0xee, 0xdb, 0xff, 0x9d, 0xee, 0x9a, 0xfe, 0xfb,
  0xee, 0xdb, 0xff, 0x3c, 0xff, 0xde, 0xff, 0xbe, 0xff, 0x9e, 0xff, 0xbe,
  0xff, 0x3c, 0xee, 0x79, 0xff, 0x5c, 0xff, 0xbe, 0xff, 0xbd, 0xff, 0xbd,
  0xff, 0xbe, 0xff, 0xbe, 0xff, 0x1c, 0xf6, 0xdb, 0xff, 0xbe, 0xff, 0xbe,
  0xff, 0xbe, 0xff, 0xde, 0xf7, 0x1c, 0xf6, 0xbb, 0xff, 0x9e, 0xff, 0xde,
  0xff, 0x7d, 0xe6, 0x38, 0xff, 0x7d, 0xff, 0xbe, 0xff, 0xde, 0xf6, 0xda,
  0xde, 0x18, 0xff, 0x1c, 0xff, 0x9e, 0xff, 0x9e, 0xdd, 0xf8, 0xff, 0x5d,
  0xdd, 0x98, 0xcd, 0x16, 0xb5, 0x5b, 0xbd, 0x5b, 0xbd, 0x9b, 0xc5, 0x9a,
  0xc5, 0xdb, 0xbd, 0x99, 0xc5, 0xdc, 0xbd, 0x9a, 0xb5, 0x78, 0xde, 0x9c,
  0xff, 0xff, 0xff, 0xff, 0xff, 0xff, 0xef, 0x3d, 0xc6, 0x19, 0xff, 0xff,
  0xff, 0xdf, 0xf7, 0x5c, 0xff, 0xff, 0xa4, 0xd4, 0x8c, 0x56, 0xbd, 0xbb,
  0xbd, 0xda, 0xde, 0xbd, 0xef, 0x3e, 0xf7, 0x7e, 0xef, 0x3f, 0xcd, 0xfa,
  0xad, 0x3a, 0xbd, 0x7a, 0xbd, 0xdb, 0xc5, 0xbb, 0xbd, 0x99, 0xef, 0x1e,
  0xde, 0x9e, 0xb5, 0x38, 0xbd, 0xba, 0xee, 0xff, 0xce, 0x1b, 0xe6, 0xdd,
  0xc5, 0xfb, 0xde, 0x9e, 0xc5, 0x59, 0xd5, 0xfb, 0xe6, 0x5c, 0xe6, 0x1b,
  0xde, 0x9c, 0xc5, 0xb8, 0xde, 0xbb, 0xff, 0x9e, 0xf7, 0x5d, 0xff, 0xbe,
  0xff, 0xdf, 0xff, 0xbf, 0xf7, 0x9e, 0xff, 0xdf, 0xd5, 0xfc, 0xd5, 0xfb,
  0xd6, 0x3b, 0xf7, 0x1f, 0xef, 0x5e, 0xe6, 0xdc, 0xff, 0xff, 0xff, 0xdf,
  0xff, 0xff, 0xc5, 0xf8, 0xef, 0x3d, 0xff, 0x9e, 0xf7, 0x7e, 0xff, 0x9e,
  0xff, 0x7e, 0xff, 0x5d, 0xf7, 0x7e, 0xff, 0xdf, 0xff, 0xff, 0xff, 0xff,
  0xff, 0xbf, 0xff, 0x9e, 0xee, 0xfe, 0xc5, 0x98, 0xde, 0x1c, 0xee, 0x9d,
  0xde, 0x1b, 0xe6, 0x1b, 0xee, 0xbe, 0xcd, 0x99, 0xcd, 0xbc, 0xc5, 0x3a,
  0xcd, 0xbb, 0xdd, 0xfb, 0xee, 0x9c, 0xfe, 0xbd, 0xee, 0x7e, 0xdd, 0xba,
  0xb4, 0xf9, 0xc5, 0x5a, 0xf7, 0x7f, 0xff, 0xff, 0xff, 0xff, 0xff, 0xdf,
  0xff, 0xff, 0xff, 0xff, 0xff, 0xbf, 0xff, 0x9f, 0xff, 0x9e, 0xff, 0x5d,
  0xf7, 0x7e, 0xf7, 0x5d, 0xff, 0xff, 0xff, 0xff, 0xff, 0xff, 0xff, 0xdf,
  0xff, 0xbf, 0xff, 0xff, 0xef, 0x3d, 0xc5, 0xd7, 0xe7, 0x3d, 0xff, 0xff,
  0xff, 0xdf, 0xff, 0x7e, 0xef, 0x3f, 0xcd, 0xfa, 0xbd, 0xbb, 0xc5, 0x9a,
  0xc5, 0xbb, 0xc5, 0xbb, 0xc5, 0xdb, 0xc5, 0x9a, 0xef, 0x1f, 0xd6, 0x1c,
  0xb5, 0x7a, 0xbd, 0x9a, 0xbd, 0xbb, 0xcd, 0xfb, 0xa5, 0x37, 0x94, 0x74,
  0xf7, 0x9e, 0xf7, 0x7d, 0xf7, 0x9d, 0xff, 0x9d, 0xdf, 0x1b, 0xf7, 0x7c,
  0xff, 0x5b, 0xff, 0x1a, 0xf6, 0x78, 0xf6, 0x99, 0xe5, 0xd6, 0xf6, 0x99,
  0xe6, 0x17, 0xff, 0x3b, 0xff, 0x9c, 0xff, 0x9c, 0xff, 0x9c, 0xff, 0x7c,
  0xff, 0x5b, 0xff, 0x9c, 0xff, 0x7c, 0xff, 0x5b, 0xff, 0x1b, 0xf7, 0x1b,
  0xf6, 0xfa, 0xff, 0x3b, 0xff, 0x9c, 0xff, 0x9d, 0xff, 0x9c, 0xff, 0x9c,
  0xff, 0x7c, 0xff, 0x9d, 0xff, 0x7c, 0xff, 0x7c, 0xff, 0x3b, 0xff, 0x7c,
  0xff, 0x7c, 0xff, 0x9d, 0xff, 0x9c, 0xff, 0x9d, 0xff, 0x9d, 0xff, 0xbd,
  0xff, 0x9d, 0xff, 0x5c, 0xff, 0x1b, 0xff, 0x5c, 0xff, 0x7c, 0xff, 0xbd,
  0xff, 0xbd, 0xff, 0xdd, 0xff, 0x9d, 0xff, 0x9d, 0xff, 0x3b, 0xff, 0x5c,
  0xff, 0x7c, 0xff, 0xde, 0xff, 0xbd, 0xff, 0xdd, 0xff, 0xdd, 0xff, 0x9d,
  0xff, 0x1b, 0xde, 0x18, 0xff, 0x7d, 0xff, 0x1c, 0xf7, 0x5b, 0xff, 0xfe,
  0xff, 0x9d, 0xee, 0xfb, 0xfe, 0xfb, 0xff, 0x9e, 0xff, 0xbd, 0xff, 0xbd,
  0xff, 0xbd, 0xff, 0xde, 0xfe, 0xfb, 0xf6, 0xfb, 0xff, 0x9d, 0xff, 0xbd,
  0xff, 0xbd, 0xff, 0xde, 0xff, 0xbe, 0xff, 0x3c, 0xf6, 0x9a, 0xff, 0x3c,
  0xff, 0xde, 0xff, 0xbd, 0xff, 0xde, 0xff, 0x5c, 0xf6, 0xda, 0xff, 0x5c,
  0xff, 0xbe, 0xff, 0x7d, 0xee, 0x79, 0xff, 0x3d, 0xff, 0xbe, 0xff, 0x7e,
  0xfe, 0x9a, 0xe6, 0x19, 0xff, 0xdd, 0xff, 0xde, 0xff, 0x5c, 0xe6, 0x38,
  0xfe, 0x7b, 0xb4, 0x12, 0xb5, 0x19, 0xbd, 0x7b, 0xbd, 0x7a, 0xbd, 0xbb,
  0xc5, 0xda, 0xc5, 0xda, 0xc5, 0x9a, 0xce, 0x1c, 0xbd, 0x79, 0xd6, 0x7d,
  0xf7, 0x5f, 0xde, 0xbc, 0xff, 0xbe, 0xff, 0xdf, 0xde, 0x9a, 0xc6, 0x18,
  0xff, 0xde, 0xf7, 0x9d, 0xff, 0xff, 0xa5, 0x16, 0x94, 0x34, 0xce, 0x1c,
  0xbd, 0x9a, 0xb5, 0x7a, 0xbd, 0x79, 0xce, 0x3c, 0xe6, 0xfc, 0xef, 0x5e,
  0xde, 0x9d, 0xc5, 0xfa, 0xbd, 0x7a, 0xc5, 0xdb, 0xc5, 0xb9, 0xb5, 0x79,
  0xee, 0xfe, 0xd6, 0x9d, 0xbd, 0x58, 0xd6, 0x7d, 0xe6, 0xdd, 0xce, 0x1b,
  0xde, 0x7c, 0xd6, 0x7c, 0xc5, 0x9a, 0xcd, 0xfc, 0xee, 0x3c, 0xe6, 0x3c,
  0xee, 0x5b, 0xc5, 0x58, 0xc5, 0xb7, 0xff, 0xdf, 0xff, 0xde, 0xff, 0xff,
  0xff, 0xff, 0xff, 0xff, 0xff, 0xff, 0xff, 0xff, 0xde, 0x1b, 0xc5, 0x9a,
  0xe6, 0x5b, 0xee, 0xfe, 0xff, 0xdf, 0xce, 0x7a, 0xff, 0xff, 0xff, 0xff,
  0xff, 0xff, 0xc6, 0x18, 0xee, 0xfb, 0xff, 0xbf, 0xff, 0x7d, 0xff, 0x7e,
  0xff, 0x9d, 0xf7, 0x7d, 0xff, 0xbe, 0xff, 0xff, 0xff, 0xfe, 0xff, 0xff,
  0xff, 0xff, 0xff, 0xff, 0xe6, 0x9c, 0xcd, 0xd9, 0xf6, 0x7c, 0xee, 0x7c,
  0xdd, 0xdc, 0xc5, 0x39, 0xe6, 0x5b, 0xee, 0xbd, 0xf6, 0x5b, 0xf6, 0xbd,
  0xfe, 0xdd, 0xf6, 0xbc, 0xde, 0x1b, 0xcd, 0xda, 0xc5, 0x3a, 0xb4, 0xd9,
  0xcd, 0xf9, 0xff, 0xbf, 0xff, 0xff, 0xff, 0xff, 0xff, 0xff, 0xff, 0xff,
  0xff, 0xff, 0xff, 0xff, 0xff, 0x9e, 0xff, 0xbe, 0xff, 0x7d, 0xf7, 0x7d,
  0xff, 0x7d, 0xff, 0x7d, 0xff, 0xbe, 0xff, 0xff, 0xff, 0xff, 0xff, 0xff,
  0xff, 0xff, 0xde, 0xfc, 0xbd, 0xd7, 0xf7, 0x9f, 0xff, 0xff, 0xff, 0xff,
  0xff, 0xff, 0xef, 0x5d, 0xc5, 0xba, 0xb5, 0x7a, 0xc5, 0xbb, 0xc5, 0xdb,
  0xc5, 0xba, 0xbd, 0x9a, 0xbd, 0x7a, 0xbd, 0xbb, 0xcd, 0xfa, 0xef, 0x1f,
  0xbd, 0x9a, 0xbd, 0xbb, 0xc5, 0x99, 0xc5, 0xba, 0xc5, 0xda, 0x83, 0xf3,
  0xee, 0xfa, 0xff, 0xbd, 0xff, 0x7c, 0xff, 0xbd, 0xf7, 0x7c, 0xef, 0x3b,
  0xff, 0x5c, 0xff, 0x5b, 0xff, 0x7c, 0xff, 0x1b, 0xf6, 0x99, 0xf6, 0x99,
  0xe5, 0xd7, 0xfe, 0x79, 0xfe, 0xba, 0xfe, 0xb9, 0xff, 0x3c, 0xff, 0x5c,
  0xff, 0x9c, 0xff, 0x7c, 0xff, 0x7c, 0xff, 0x7c, 0xff, 0x7d, 0xff, 0x5c,
  0xff, 0x1b, 0xfe, 0xb9, 0xf6, 0xfb, 0xfe, 0xfb, 0xff, 0x7c, 0xff, 0x9d,
  0xff, 0x9d, 0xff, 0x7c, 0xff, 0x9d, 0xff, 0x9c, 0xff, 0xbd, 0xff, 0x7c,
  0xf7, 0x1c, 0xff, 0x5c, 0xff, 0x7d, 0xff, 0x7d, 0xff, 0xbd, 0xff, 0x9d,
  0xff, 0xbe, 0xff, 0xbe, 0xff, 0xbe, 0xff, 0x9d, 0xff, 0x3c, 0xff, 0x1c,
  0xff, 0x7d, 0xff, 0x9e, 0xff, 0xbe, 0xff, 0x9d, 0xff, 0xde, 0xff, 0x9d,
  0xff, 0x5d, 0xff, 0x3c, 0xff, 0x7d, 0xff, 0xbd, 0xff, 0x9d, 0xff, 0xbe,
  0xf6, 0xfb, 0xee, 0x9a, 0xf6, 0x7a, 0xee, 0x39, 0xff, 0xbe, 0xff, 0x9d,
  0xff, 0x9e, 0xff, 0x9d, 0xff, 0x5d, 0xee, 0xba, 0xff, 0x5d, 0xff, 0x9e,
  0xff, 0xbe, 0xff, 0xbd, 0xff, 0xdf, 0xf7, 0x3c, 0xe6, 0x79, 0xff, 0x5d,
  0xff, 0xbe, 0xff, 0x9d, 0xff, 0xbe, 0xff, 0xde, 0xff, 0x3d, 0xe6, 0x59,
  0xff, 0x5d, 0xff, 0xbe, 0xff, 0xbe, 0xff, 0xbe, 0xff, 0x7d, 0xee, 0xba,
  0xff, 0x7d, 0xff, 0xde, 0xff, 0x3d, 0xde, 0x18, 0xff, 0x7e, 0xff, 0x7d,
  0xff, 0xbf, 0xdd, 0xf8, 0xe6, 0x59, 0xff, 0xbf, 0xff, 0xde, 0xee, 0xba,
  0xf6, 0x3c, 0xcc, 0xd6, 0xa4, 0xd9, 0xc5, 0x7b, 0xc5, 0xdb, 0xbd, 0x9a,
  0xbd, 0x9a, 0xc5, 0xba, 0xbd, 0xdb, 0xbd, 0x9a, 0xce, 0x5c, 0xf7, 0x5f,
  0xbd, 0xdb, 0xad, 0x38, 0xc6, 0x1a, 0xff, 0xbf, 0xff, 0xff, 0xde, 0x9a,
  0xc6, 0x19, 0xff, 0xdf, 0xff, 0xff, 0xad, 0x36, 0x84, 0x14, 0xc5, 0xdb,
  0xbd, 0x9b, 0xc5, 0x9b, 0xbd, 0x9b, 0xbd, 0x7a, 0xad, 0x59, 0xbd, 0xba,
  0xde, 0xbc, 0xef, 0x3e, 0xde, 0xde, 0xc5, 0xfa, 0xb5, 0x7b, 0xb5, 0x3a,
  0xbd, 0xba, 0xe6, 0xdf, 0xde, 0xde, 0xb5, 0x58, 0xe6, 0xde, 0xd6, 0x3b,
  0xd6, 0x5d, 0xc5, 0xba, 0xbd, 0xba, 0xde, 0x7d, 0xe6, 0x7d, 0xde, 0x3b,
  0xde, 0x3c, 0xd5, 0x9a, 0xb5, 0x77, 0xff, 0xbf, 0xff, 0xff, 0xff, 0xff,
  0xff, 0xff, 0xff, 0xff, 0xff, 0xff, 0xff, 0xff, 0xde, 0x5d, 0xbd, 0x38,
  0xde, 0x7d, 0xe6, 0x7c, 0xff, 0xff, 0xc5, 0xf8, 0xf7, 0xbf, 0xff, 0xff,
  0xff, 0xff, 0xd6, 0x7a, 0xe7, 0x1c, 0xff, 0x9e, 0xf7, 0x7e, 0xff, 0x7e,
  0xf7, 0x9e, 0xff, 0x9e, 0xff, 0xff, 0xff, 0xff, 0xff, 0xdf, 0xf7, 0x7f,
  0xef, 0x3f, 0xd6, 0x7c, 0xb5, 0x37, 0xde, 0x1b, 0xe6, 0x3b, 0xe6, 0x1b,
  0xde, 0x3c, 0xd5, 0xb9, 0xcd, 0x9a, 0xe6, 0x1c, 0xd5, 0xdb, 0xdd, 0xba,
  0xcd, 0x9b, 0xd5, 0x9a, 0xcd, 0x9b, 0xd5, 0xbb, 0xc5, 0xb9, 0xe6, 0x9d,
  0xff, 0xff, 0xff, 0xff, 0xff, 0xff, 0xff, 0xff, 0xff, 0xff, 0xff, 0xff,
  0xff, 0xff, 0xff, 0xdf, 0xff, 0xbf, 0xff, 0x9e, 0xf7, 0x7e, 0xff, 0x5d,
  0xf7, 0x7e, 0xff, 0x7e, 0xf7, 0x9e, 0xff, 0xbf, 0xff, 0xff, 0xff, 0xff,
  0xd6, 0x9b, 0xce, 0x39, 0xff, 0xff, 0xff, 0xff, 0xff, 0xbf, 0xce, 0x3a,
  0xef, 0x3f, 0xe6, 0xde, 0xb5, 0x59, 0xbd, 0x9a, 0xc5, 0xfb, 0xc5, 0xba,
  0xbd, 0xba, 0xc5, 0xba, 0xbd, 0x9a, 0xc5, 0x9a, 0xb5, 0x59, 0xd6, 0x5c,
  0xd6, 0x9e, 0xb5, 0x58, 0xce, 0x3c, 0xce, 0x1b, 0xc5, 0xfb, 0x83, 0xf3,
  0xc5, 0xf7, 0xff, 0xbe, 0xf7, 0x9d, 0xff, 0x7d, 0xf7, 0x9d, 0xe6, 0xfa,
  0xfe, 0xd9, 0xff, 0x3b, 0xff, 0x7c, 0xf6, 0xfa, 0xfe, 0xfa, 0xff, 0x1b,
  0xff, 0x3b, 0xff, 0x5c, 0xfe, 0xfa, 0xf6, 0xd9, 0xed, 0xf7, 0xee, 0x17,
  0xf6, 0xb9, 0xff, 0x5c, 0xff, 0x9c, 0xff, 0x9c, 0xff, 0x7b, 0xff, 0x7c,
  0xff, 0x7c, 0xff, 0x9c, 0xff, 0x5c, 0xfe, 0xfb, 0xfe, 0xda, 0xff, 0x1b,
  0xff, 0x5b, 0xff, 0x9d, 0xff, 0x9c, 0xff, 0x9c, 0xff, 0x7c, 0xff, 0x9d,
  0xff, 0x9d, 0xff, 0x9d, 0xff, 0x5c, 0xff, 0x3c, 0xff, 0x3b, 0xff, 0x9d,
  0xff, 0xbd, 0xff, 0xbd, 0xff, 0x7c, 0xff, 0x9d, 0xff, 0x9d, 0xff, 0x9d,
  0xff, 0x1b, 0xf7, 0x1b, 0xff, 0x7c, 0xff, 0xde, 0xff, 0x9d, 0xff, 0xbe,
  0xff, 0x9d, 0xff, 0x9d, 0xf6, 0xda, 0xf6, 0xda, 0xff, 0xbd, 0xff, 0x9d,
  0xe6, 0x58, 0xff, 0xbe, 0xee, 0x79, 0xee, 0x9a, 0xf6, 0xfa, 0xff, 0x9d,
  0xff, 0xbd, 0xff, 0x9d, 0xff, 0xbd, 0xff, 0xbd, 0xfe, 0xfb, 0xf7, 0x3c,
  0xff, 0x7d, 0xff, 0xde, 0xff, 0x9d, 0xff, 0xbe, 0xff, 0x7d, 0xee, 0xdb,
  0xff, 0x3c, 0xff, 0xbe, 0xff, 0xbd, 0xff, 0xbe, 0xff, 0xbd, 0xff, 0xbe,
  0xfe, 0xda, 0xf6, 0xfb, 0xff, 0xbd, 0xff, 0xde, 0xff, 0xbd, 0xff, 0x9d,
  0xf6, 0xda, 0xff, 0x5d, 0xff, 0xde, 0xff, 0xbe, 0xf6, 0xba, 0xee, 0xba,
  0xff, 0xbe, 0xff, 0x5d, 0xee, 0x18, 0xee, 0x5a, 0xff, 0xfe, 0xff, 0xde,
  0xdd, 0x58, 0xbc, 0x75, 0xac, 0xd8, 0xbd, 0x9b, 0xc5, 0xfa, 0xd6, 0x7d,
  0xce, 0x1b, 0xbd, 0xba, 0xc5, 0x99, 0xc5, 0xfb, 0xff, 0x7f, 0xc6, 0x1a,
  0xbd, 0x7a, 0xcd, 0xfc, 0xbd, 0x99, 0xd6, 0x9d, 0xff, 0xff, 0xff, 0xff,
  0xee, 0xfc, 0xce, 0x19, 0xff, 0xdf, 0xbd, 0xf9, 0x8c, 0x34, 0xbd, 0xdb,
  0xbd, 0x79, 0xbd, 0x9a, 0xc5, 0x9a, 0xbd, 0xbb, 0xc5, 0x9a, 0xbd, 0x9b,
  0xbd, 0x59, 0xbd, 0xbb, 0xde, 0x9b, 0xef, 0x3e, 0xe6, 0xdd, 0xce, 0x1b,
  0xc5, 0x99, 0xb5, 0x79, 0xe6, 0xde, 0xde, 0xde, 0xc5, 0xb9, 0xde, 0xbd,
  0xc5, 0xbb, 0xbd, 0x9a, 0xbd, 0x98, 0xff, 0x9f, 0xff, 0x9f, 0xe6, 0xdc,
  0xe6, 0x5c, 0xcd, 0xdb, 0xb5, 0x35, 0xff, 0xdf, 0xff, 0xff, 0xff, 0xff,
  0xff, 0xff, 0xff, 0xff, 0xff, 0xff, 0xff, 0xff, 0xee, 0xde, 0xb5, 0x38,
  0xde, 0x3c, 0xd6, 0x1c, 0xff, 0xff, 0xde, 0xfc, 0xef, 0x3c, 0xff, 0xff,
  0xff, 0xff, 0xce, 0x7a, 0xe6, 0x9a, 0xff, 0x9e, 0xf7, 0x5d, 0xf7, 0x7d,
  0xff, 0x7e, 0xff, 0x7e, 0xe6, 0xbc, 0xde, 0x9b, 0xde, 0x1b, 0xde, 0x3b,
  0xe6, 0x3c, 0xd5, 0xfb, 0xcd, 0x58, 0xee, 0x9d, 0xee, 0x1b, 0xe6, 0x3c,
  0xe6, 0x1b, 0xd5, 0xfb, 0xcd, 0x59, 0xde, 0x1c, 0xdd, 0xba, 0xdd, 0xfb,
  0xe6, 0x1c, 0xde, 0x1c, 0xd5, 0xda, 0xde, 0x5c, 0xf7, 0x5d, 0xff, 0xff,
  0xff, 0xff, 0xff, 0xff, 0xff, 0xff, 0xff, 0xff, 0xff, 0xff, 0xff, 0xff,
  0xff, 0xff, 0xff, 0xff, 0xff, 0x9e, 0xff, 0xbe, 0xff, 0x7d, 0xff, 0x7e,
  0xff, 0x7d, 0xff, 0x9e, 0xff, 0x7d, 0xff, 0xbf, 0xff, 0xff, 0xce, 0x5a,
  0xd6, 0x79, 0xff, 0xff, 0xff, 0xff, 0xf7, 0xbe, 0xc5, 0xda, 0xbd, 0x9a,
  0xbd, 0x98, 0xf7, 0x5f, 0xe6, 0xdd, 0xb5, 0x78, 0xcd, 0xdb, 0xbd, 0xbb,
  0xbd, 0x59, 0xbd, 0x9a, 0xc5, 0xba, 0xbd, 0xba, 0xc5, 0xba, 0xbd, 0x9a,
  0xef, 0x1e, 0xef, 0x1e, 0xe6, 0xde, 0xce, 0x1b, 0xc5, 0xba, 0xa4, 0xd7,
  0xb5, 0x54, 0xff, 0xdf, 0xff, 0x7c, 0xff, 0x9d, 0xff, 0x9d, 0xf7, 0x7c,
  0xf6, 0x99, 0xf6, 0x58, 0xf6, 0x38, 0xed, 0xd6, 0xf6, 0xba, 0xf6, 0x99,
  0xff, 0x7c, 0xff, 0x7c, 0xff, 0x5c, 0xff, 0x5b, 0xff, 0x5c, 0xfe, 0xda,
  0xee, 0x79, 0xf6, 0x79, 0xf6, 0xfb, 0xff, 0x3b, 0xff, 0x9c, 0xff, 0x9c,
  0xff, 0x7c, 0xff, 0x7c, 0xff, 0x9c, 0xff, 0x7c, 0xff, 0x7d, 0xff, 0x3b,
  0xfe, 0xfb, 0xfe, 0xda, 0xff, 0x3c, 0xff, 0x7c, 0xff, 0x9d, 0xff, 0x9d,
  0xff, 0x9d, 0xff, 0x9d, 0xff, 0xbd, 0xff, 0x7c, 0xf7, 0x3c, 0xff, 0x3c,
  0xf7, 0x3c, 0xff, 0x7d, 0xff, 0xbe, 0xff, 0x9d, 0xff, 0xbe, 0xff, 0xbd,
  0xff, 0xbe, 0xff, 0x3c, 0xf6, 0xdb, 0xff, 0x1c, 0xff, 0x9d, 0xff, 0x9d,
  0xff, 0xbe, 0xff, 0xbd, 0xff, 0xde, 0xff, 0x7c, 0xff, 0x1c, 0xee, 0x39,
  0xff, 0x3d, 0xfe, 0xdb, 0xe6, 0xba, 0xff, 0xdf, 0xff, 0x7d, 0xf6, 0xba,
  0xef, 0x1b, 0xff, 0xbe, 0xff, 0xbe, 0xff, 0x9d, 0xff, 0xbe, 0xff, 0x5c,
  0xee, 0xdb, 0xff, 0x3c, 0xff, 0xbe, 0xff, 0x9d, 0xff, 0xbe, 0xff, 0xbe,
  0xf7, 0x1c, 0xff, 0x1b, 0xff, 0x9e, 0xff, 0x9e, 0xff, 0xbe, 0xff, 0xbd,
  0xff, 0xbe, 0xff, 0x3c, 0xee, 0xfb, 0xff, 0x9d, 0xff, 0xde, 0xff, 0xbe,
  0xff, 0x7e, 0xf6, 0xba, 0xf7, 0x5d, 0xff, 0xde, 0xff, 0x5e, 0xdd, 0xb7,
  0xf7, 0x1c, 0xff, 0x3d, 0xff, 0xbf, 0xde, 0x18, 0xf7, 0x1b, 0xff, 0xff,
  0xee, 0x3b, 0xa3, 0xb1, 0xac, 0xd9, 0xb4, 0xfa, 0xc5, 0xfa, 0xc5, 0xb9,
  0xef, 0x1f, 0xd6, 0x5c, 0xbd, 0xd9, 0xf7, 0x7f, 0xce, 0x1c, 0xbd, 0x9a,
  0xbd, 0xbb, 0xc5, 0xbb, 0xbd, 0x9a, 0xbd, 0x7a, 0xe7, 0x1d, 0xff, 0xff,
  0xff, 0xff, 0xef, 0x3d, 0xd6, 0xbc, 0xbd, 0xb8, 0x8c, 0x35, 0xc5, 0xdb,
  0xb5, 0x7a, 0xc5, 0xbb, 0xc5, 0xdb, 0xcd, 0xfb, 0xc5, 0xbb, 0xc5, 0x9a,
  0xc5, 0xbc, 0xbd, 0x7a, 0xb5, 0x5a, 0xbd, 0x9a, 0xce, 0x7c, 0xe6, 0xfe,
  0xe6, 0xfe, 0xd6, 0x5c, 0xb5, 0x78, 0xe6, 0xde, 0xde, 0xde, 0xbd, 0x99,
  0xc5, 0xdc, 0xc5, 0x9a, 0xbd, 0xda, 0xf7, 0x3f, 0xff, 0xff, 0xff, 0xff,
  0xff, 0x7f, 0xde, 0x5b, 0xad, 0x15, 0xff, 0x9f, 0xff, 0xff, 0xff, 0xdf,
  0xff, 0xff, 0xff, 0xff, 0xff, 0xff, 0xff, 0xff, 0xef, 0x1f, 0xb4, 0xf7,
  0xd5, 0xdb, 0xdd, 0xfc, 0xf7, 0x9f, 0xff, 0x9f, 0xd6, 0xbb, 0xff, 0xff,
  0xff, 0xff, 0xe6, 0xfc, 0xd6, 0x7a, 0xff, 0x9e, 0xf7, 0x5e, 0xee, 0xfc,
  0xe6, 0x7c, 0xe6, 0x5c, 0xde, 0x3c, 0xe6, 0x1c, 0xee, 0x7c, 0xdd, 0xfa,
  0xde, 0x5b, 0xd5, 0xd9, 0xb4, 0xd8, 0xcd, 0x7a, 0xb4, 0xfa, 0xb4, 0xda,
  0xb5, 0x1a, 0xbd, 0x3a, 0xc5, 0x7a, 0xc5, 0x59, 0xcd, 0xbb, 0xd5, 0xdb,
  0xd5, 0xdb, 0xcd, 0x7a, 0xde, 0xbc, 0xff, 0x5e, 0xff, 0xff, 0xff, 0xdf,
  0xff, 0xff, 0xff, 0xff, 0xff, 0xff, 0xff, 0xff, 0xff, 0xff, 0xff, 0xff,
  0xff, 0xff, 0xff, 0x9e, 0xff, 0x9f, 0xff, 0x7e, 0xf7, 0x7e, 0xff, 0x7d,
  0xf7, 0x7e, 0xff, 0x7e, 0xf7, 0x9e, 0xff, 0xbf, 0xbd, 0xf8, 0xde, 0x9b,
  0xff, 0xff, 0xff, 0xff, 0xff, 0xbf, 0xcd, 0xfa, 0xbd, 0xbb, 0xcd, 0xdb,
  0xbd, 0xba, 0xc5, 0x9a, 0xef, 0x3f, 0xde, 0x9c, 0xbd, 0x9a, 0xc5, 0xbb,
  0xbd, 0x9a, 0xbd, 0x9a, 0xbd, 0xbb, 0xbd, 0x9a, 0xbd, 0xbb, 0xbd, 0x7a,
  0xce, 0x3b, 0xef, 0x1e, 0xc5, 0xfa, 0xe6, 0xbd, 0xe6, 0xff, 0xb5, 0x58,
  0x9c, 0xd4, 0xff, 0x9f, 0xf7, 0x7d, 0xff, 0x7d, 0xf7, 0x9d, 0xf7, 0x7c,
  0xff, 0x7b, 0xff, 0x5b, 0xfe, 0xb9, 0xee, 0x38, 0xed, 0xd6, 0xe5, 0xd6,
  0xfe, 0xd9, 0xff, 0x1a, 0xff, 0x5b, 0xff, 0x7c, 0xff, 0x7c, 0xff, 0x7c,
  0xff, 0x7c, 0xff, 0x5b, 0xff, 0x3b, 0xf6, 0xb9, 0xf6, 0x78, 0xfe, 0xfa,
  0xff, 0x7b, 0xff, 0x9c, 0xff, 0x7b, 0xff, 0x7c, 0xff, 0x7c, 0xff, 0x9c,
  0xff, 0x9c, 0xff, 0x9c, 0xff, 0x1b, 0xf6, 0xfa, 0xff, 0x3b, 0xff, 0x9d,
  0xff, 0x9c, 0xff, 0x9d, 0xff, 0x7c, 0xff, 0x9d, 0xff, 0xbd, 0xff, 0xbd,
  0xff, 0x1b, 0xff, 0x1b, 0xff, 0x3b, 0xff, 0x7c, 0xff, 0xbd, 0xff, 0xbd,
  0xff, 0x9c, 0xff, 0xbd, 0xff, 0x9d, 0xff, 0x7d, 0xff, 0x1b, 0xff, 0x5c,
  0xff, 0xbd, 0xff, 0xdd, 0xff, 0x9d, 0xff, 0xfe, 0xfe, 0xfb, 0xee, 0x79,
  0xff, 0x1b, 0xee, 0x79, 0xff, 0xde, 0xff, 0xbe, 0xff, 0xde, 0xff, 0xde,
  0xff, 0x1c, 0xe6, 0x7a, 0xff, 0x3c, 0xff, 0xde, 0xff, 0xbd, 0xff, 0xdd,
  0xff, 0x9d, 0xee, 0xda, 0xf6, 0xda, 0xff, 0xbe, 0xff, 0xbd, 0xff, 0xbd,
  0xff, 0xbd, 0xff, 0x7c, 0xf6, 0x99, 0xff, 0x3c, 0xff, 0xde, 0xff, 0xde,
  0xff, 0xbd, 0xff, 0xde, 0xff, 0x7d, 0xf6, 0xdb, 0xff, 0x7c, 0xff, 0xde,
  0xff, 0x9d, 0xff, 0xbe, 0xee, 0x99, 0xf7, 0x1c, 0xff, 0x5c, 0xf6, 0xdb,
  0xdd, 0xd7, 0xf6, 0x9b, 0xff, 0xdf, 0xff, 0x9e, 0xdd, 0xf7, 0xff, 0x7d,
  0xff, 0x9f, 0xbc, 0xd4, 0xac, 0x77, 0xbd, 0x1a, 0xde, 0x9d, 0xe6, 0xde,
  0xbd, 0x98, 0xde, 0xdd, 0xff, 0xbf, 0xce, 0x3b, 0xbd, 0x7a, 0xc5, 0xfc,
  0xc5, 0x99, 0xbd, 0x9a, 0xc5, 0xba, 0xbd, 0xbb, 0xbd, 0x78, 0xef, 0x3f,
  0xff, 0xff, 0xff, 0xff, 0xff, 0xff, 0xa5, 0x15, 0x6b, 0x10, 0xbd, 0xbb,
  0xbd, 0x9a, 0xb5, 0x9a, 0xce, 0x1a, 0xd6, 0x7c, 0xcd, 0xfb, 0xbd, 0x9a,
  0xc5, 0xba, 0xbd, 0xbb, 0xc5, 0xba, 0xc5, 0xdb, 0xbd, 0x9a, 0xb5, 0x7a,
  0xd6, 0x3b, 0xef, 0x3f, 0xef, 0x1e, 0xce, 0x1b, 0xde, 0x7c, 0xc5, 0xda,
  0xc5, 0x9a, 0xc5, 0xdb, 0xc5, 0xd9, 0xf7, 0x7f, 0xff, 0xff, 0xf7, 0xdf,
  0xf7, 0x3d, 0xff, 0x9f, 0xad, 0x15, 0xf7, 0x9f, 0xff, 0xff, 0xff, 0xff,
  0xff, 0xff, 0xff, 0xff, 0xff, 0xff, 0xff, 0xdf, 0xff, 0x7f, 0xce, 0x1a,
  0xcd, 0x79, 0xde, 0x1c, 0xe6, 0xdc, 0xff, 0xff, 0xce, 0x38, 0xf7, 0xdf,
  0xff, 0xff, 0xe6, 0xfc, 0xc5, 0xd7, 0xf7, 0x9e, 0xff, 0x7e, 0xf7, 0x5e,
  0xe5, 0xfb, 0xde, 0x1b, 0xe5, 0xda, 0xdd, 0xfb, 0xee, 0x3c, 0xee, 0x5c,
  0xf6, 0x7e, 0xcd, 0x7a, 0xbd, 0x18, 0xde, 0x1c, 0xd5, 0x9a, 0xd5, 0xfb,
  0xe5, 0xfb, 0xe5, 0xfc, 0xe5, 0xda, 0xee, 0x3c, 0xe5, 0xfa, 0xd5, 0xda,
  0xde, 0x7b, 0xf7, 0x7f, 0xff, 0xff, 0xf7, 0x9e, 0xff, 0xdf, 0xff, 0xff,
  0xff, 0xff, 0xff, 0xff, 0xff, 0xff, 0xff, 0xff, 0xff, 0xff, 0xff, 0xff,
  0xff, 0xdf, 0xf7, 0x9e, 0xff, 0x7d, 0xf7, 0x7e, 0xff, 0x7d, 0xf7, 0x7d,
  0xff, 0x7d, 0xff, 0xdf, 0xff, 0x7d, 0xb5, 0x76, 0xe6, 0xfb, 0xff, 0xff,
  0xff, 0xff, 0xff, 0xdf, 0xcd, 0xfb, 0xbd, 0xba, 0xc5, 0x9a, 0xbd, 0xba,
  0xcd, 0xfb, 0xc5, 0xdb, 0xbd, 0x99, 0xf7, 0x5f, 0xe6, 0xbd, 0xad, 0x58,
  0xc5, 0x99, 0xd6, 0x5c, 0xce, 0x1b, 0xbd, 0x9a, 0xbd, 0x7a, 0xbd, 0x9b,
  0xbd, 0x78, 0xde, 0xde, 0xff, 0x7f, 0xde, 0xbd, 0xce, 0x1b, 0xbd, 0xda,
  0x83, 0xf1, 0xde, 0xdc, 0xff, 0xdd, 0xf7, 0x7c, 0xff, 0x9d, 0xf7, 0x7c,
  0xf7, 0x5b, 0xff, 0x9c, 0xf6, 0xda, 0xfe, 0xfa, 0xfe, 0xfa, 0xfe, 0xda,
  0xfe, 0xfb, 0xfe, 0x99, 0xf6, 0x79, 0xfe, 0x79, 0xf7, 0x3b, 0xff, 0x7c,
  0xff, 0x7c, 0xff, 0x5c, 0xff, 0x5c, 0xff, 0x5c, 0xff, 0x3c, 0xfe, 0xfb,
  0xfe, 0xba, 0xfe, 0x99, 0xff, 0x1b, 0xff, 0x5c, 0xff, 0xbd, 0xff, 0x9c,
  0xff, 0x7d, 0xff, 0x7c, 0xff, 0xbd, 0xff, 0x7c, 0xff, 0x3c, 0xff, 0x1b,
  0xf7, 0x3c, 0xff, 0x7c, 0xff, 0x9d, 0xff, 0x9d, 0xff, 0x9d, 0xff, 0x7d,
  0xff, 0x9d, 0xff, 0x9d, 0xf7, 0x1b, 0xfe, 0xfb, 0xf7, 0x5c, 0xff, 0x9d,
  0xff, 0xbd, 0xff, 0x9d, 0xff, 0x9d, 0xff, 0x9d, 0xff, 0xbe, 0xff, 0x5c,
  0xf7, 0x1c, 0xff, 0x3c, 0xff, 0xbe, 0xff, 0x9d, 0xe6, 0x7a, 0xff, 0x7e,
  0xf6, 0xdb, 0xf6, 0xbb, 0xf7, 0x3c, 0xff, 0x7d, 0xff, 0xbe, 0xff, 0x9d,
  0xff, 0xbe, 0xff, 0x5d, 0xf6, 0xdb, 0xf6, 0xdb, 0xff, 0xbe, 0xff, 0x9d,
  0xff, 0x9d, 0xff, 0xbe, 0xff, 0x5d, 0xf6, 0xfb, 0xff, 0x7d, 0xff, 0x9d,
  0xff, 0x9d, 0xff, 0xbd, 0xff, 0x7d, 0xee, 0x79, 0xf7, 0x3c, 0xff, 0xbe,
  0xff, 0xbe, 0xff, 0x9d, 0xff, 0xde, 0xff, 0x5d, 0xee, 0xbb, 0xff, 0x5c,
  0xff, 0xde, 0xff, 0xbe, 0xff, 0xbe, 0xf6, 0xdb, 0xee, 0xbb, 0xff, 0x7d,
  0xfe, 0xfc, 0xd5, 0x96, 0xff, 0xdf, 0xff, 0xbe, 0xf6, 0xdb, 0xe6, 0x59,
  0xff, 0xdf, 0xee, 0x59, 0xa4, 0x57, 0xc4, 0xf9, 0xbd, 0xbb, 0xd6, 0x5d,
  0xde, 0xdd, 0xef, 0x1e, 0xd6, 0x9e, 0xbd, 0x79, 0xbd, 0xbb, 0xc5, 0xbb,
  0xbd, 0xdb, 0xc5, 0xdb, 0xbd, 0xbb, 0xbd, 0x7a, 0xbd, 0x9a, 0xc5, 0x9a,
  0xf7, 0xbf, 0xff, 0xdf, 0xff, 0xff, 0xad, 0x56, 0x8c, 0x35, 0xce, 0x3d,
  0xc6, 0x1c, 0xbd, 0xba, 0xde, 0x9d, 0xe6, 0xdd, 0xc5, 0xfc, 0xb5, 0x59,
  0xb5, 0x5a, 0xbd, 0x5a, 0xb5, 0x7a, 0xb5, 0x59, 0xb5, 0x7a, 0xbd, 0x9a,
  0xbd, 0x9a, 0xbd, 0x9a, 0xc6, 0x1b, 0xe6, 0xbe, 0xc5, 0xfc, 0xbd, 0x9a,
  0xc5, 0xdb, 0xc5, 0xbb, 0xbd, 0xda, 0xff, 0x9f, 0xef, 0x1f, 0xc5, 0xb9,
  0xce, 0x7c, 0xff, 0xbf, 0xbd, 0xd8, 0xf7, 0x5d, 0xff, 0xdf, 0xff, 0xff,
  0xff, 0xff, 0xff, 0xff, 0xff, 0xff, 0xff, 0xbf, 0xff, 0xff, 0xe6, 0xbc,
  0xc5, 0x59, 0xd5, 0xbb, 0xd6, 0x5b, 0xff, 0xff, 0xd6, 0x9b, 0xe7, 0x1c,
  0xff, 0xff, 0xef, 0x1c, 0xc5, 0xf8, 0xff, 0x9e, 0xff, 0xdf, 0xff, 0x9e,
  0xd5, 0xdb, 0xdd, 0xfb, 0xe6, 0x3c, 0xee, 0x1b, 0xe6, 0x3c, 0xe6, 0x1b,
  0xde, 0x3c, 0xc5, 0x17, 0xde, 0x3b, 0xee, 0x9d, 0xdd, 0xfb, 0xdd, 0xfb,
  0xe6, 0x1c, 0xe6, 0x1b, 0xe6, 0x3c, 0xe6, 0x1b, 0xd6, 0x5c, 0xf6, 0xfe,
  0xff, 0xff, 0xff, 0xff, 0xf7, 0x7e, 0xff, 0x7d, 0xff, 0xff, 0xff, 0xdf,
  0xff, 0xff, 0xff, 0xff, 0xff, 0xff, 0xff, 0xff, 0xff, 0xff, 0xff, 0xdf,
  0xf7, 0x9e, 0xff, 0xbf, 0xf7, 0x9e, 0xff, 0x7d, 0xf7, 0x9e, 0xff, 0x7e,
  0xff, 0xdf, 0xff, 0x7e, 0xc5, 0xd8, 0xe6, 0xbb, 0xff, 0xdf, 0xff, 0xbf,
  0xff, 0xff, 0xd6, 0x5b, 0xbd, 0x9a, 0xbd, 0x7a, 0xbd, 0x9b, 0xc5, 0xba,
  0xb5, 0x7a, 0xbd, 0x9a, 0xb5, 0x7a, 0xbd, 0x7a, 0xef, 0x7f, 0xde, 0x9c,
  0xde, 0xfe, 0xe6, 0xdd, 0xc5, 0xfb, 0xc5, 0xba, 0xbd, 0x9b, 0xbd, 0x9a,
  0xb5, 0x9a, 0xbd, 0x9a, 0xe6, 0xfe, 0xbd, 0x78, 0xb5, 0x7a, 0xcd, 0xfc,
  0x94, 0x95, 0x94, 0x74, 0xff, 0xbf, 0xff, 0x5d, 0xff, 0x9e, 0xff, 0x9e,
  0xf6, 0x57, 0xf6, 0x99, 0xee, 0x37, 0xfe, 0xda, 0xf6, 0xb9, 0xff, 0x3b,
  0xff, 0x7b, 0xff, 0x5b, 0xff, 0x1a, 0xfe, 0xfa, 0xf6, 0x38, 0xee, 0x58,
  0xf6, 0xb9, 0xff, 0x1b, 0xff, 0x7b, 0xff, 0x9c, 0xff, 0x7b, 0xff, 0x7c,
  0xff, 0x7b, 0xff, 0x5b, 0xfe, 0xb9, 0xf6, 0xb9, 0xfe, 0xfa, 0xff, 0x7c,
  0xff, 0x9c, 0xff, 0x9d, 0xff, 0x7c, 0xff, 0x7c, 0xff, 0x7c, 0xff, 0x9d,
  0xff, 0x3b, 0xff, 0x1b, 0xf6, 0xda, 0xff, 0x7d, 0xff, 0x9d, 0xff, 0x9d,
  0xff, 0x9c, 0xff, 0xbd, 0xff, 0x9c, 0xff, 0x9d, 0xff, 0x3b, 0xff, 0x3b,
  0xff, 0x5c, 0xff, 0x9d, 0xff, 0xbd, 0xff, 0xbe, 0xff, 0xbd, 0xff, 0xbd,
  0xff, 0x9d, 0xf7, 0x3c, 0xfe, 0xba, 0xe6, 0x59, 0xff, 0x5c, 0xff, 0x3c,
  0xf6, 0xda, 0xff, 0xde, 0xff, 0x5c, 0xf6, 0xfb, 0xf6, 0xfa, 0xff, 0x9d,
  0xff, 0xbd, 0xff, 0xbd, 0xff, 0xbe, 0xf7, 0x3c, 0xee, 0x79, 0xff, 0x5c,
  0xff, 0xfe, 0xff, 0xde, 0xff, 0x9e, 0xff, 0x9e, 0xee, 0x99, 0xf7, 0x1b,
  0xff, 0xbd, 0xff, 0xbd, 0xff, 0xbd, 0xff, 0xde, 0xfe, 0xfb, 0xf6, 0xfb,
  0xff, 0x7d, 0xff, 0xbe, 0xff, 0xbd, 0xff, 0xde, 0xff, 0x9d, 0xee, 0xda,
  0xff, 0x5c, 0xff, 0xde, 0xff, 0x9d, 0xff, 0xff, 0xe5, 0xf7, 0xfe, 0xdb,
  0xff, 0x5d, 0xf6, 0xdb, 0xe6, 0x38, 0xff, 0x9e, 0xff, 0xbe, 0xe6, 0x7a,
  0xfe, 0xfb, 0xff, 0x7e, 0xbc, 0xb7, 0xb4, 0xd7, 0xbd, 0x79, 0xb5, 0x79,
  0xf7, 0x5f, 0xde, 0xbd, 0xb5, 0x59, 0xbd, 0x9b, 0xc5, 0xda, 0xc5, 0xda,
  0xc5, 0x9a, 0xbd, 0x9a, 0xc5, 0x9a, 0xbd, 0xbb, 0xc5, 0xbb, 0xb5, 0x7a,
  0xce, 0x1a, 0xff, 0xff, 0xff, 0xff, 0x8c, 0x72, 0xad, 0x17, 0x94, 0x95,
  0x7b, 0xb2, 0x73, 0x92, 0x83, 0xf2, 0xad, 0x58, 0xd6, 0x5c, 0xe6, 0xff,
  0xe6, 0xbd, 0xd6, 0x9d, 0xd6, 0x3b, 0xd6, 0x5c, 0xd6, 0x3b, 0xd6, 0x7c,
  0xd6, 0x3b, 0xd6, 0x7c, 0xce, 0x1b, 0xce, 0x1b, 0xcd, 0xdb, 0xbd, 0xbb,
  0xbd, 0x79, 0xc5, 0xdb, 0xc5, 0xb9, 0xce, 0x3b, 0xc5, 0x9a, 0xc5, 0xbb,
  0xc5, 0xfa, 0xef, 0x7f, 0xc5, 0xd7, 0xf7, 0x9e, 0xff, 0x7d, 0xff, 0xff,
  0xff, 0xff, 0xff, 0xff, 0xff, 0xff, 0xff, 0xff, 0xff, 0xff, 0xef, 0x1d,
  0xcd, 0x79, 0xcd, 0x9a, 0xd5, 0xfa, 0xf7, 0x3f, 0xff, 0xbf, 0xce, 0x7a,
  0xff, 0x9e, 0xff, 0xbe, 0xcd, 0xd7, 0xff, 0x9e, 0xff, 0x9e, 0xf7, 0x7d,
  0xee, 0xbc, 0xd6, 0x3b, 0xde, 0x1b, 0xd5, 0xfa, 0xdd, 0xdb, 0xc5, 0x7a,
  0xc5, 0x7a, 0xa4, 0x76, 0xe6, 0x3b, 0xe6, 0x3c, 0xe6, 0x1b, 0xe6, 0x3c,
  0xee, 0x5b, 0xe6, 0x5c, 0xe6, 0x7c, 0xe6, 0x9d, 0xf7, 0x5d, 0xff, 0xdf,
  0xff, 0xbe, 0xff, 0x9e, 0xff, 0x9e, 0xff, 0xff, 0xff, 0xff, 0xff, 0xff,
  0xff, 0xff, 0xff, 0xff, 0xff, 0xff, 0xff, 0xff, 0xff, 0xdf, 0xff, 0xbe,
  0xff, 0x9e, 0xff, 0x9e, 0xff, 0xbe, 0xff, 0xbf, 0xff, 0x9e, 0xff, 0xbe,
  0xff, 0x9e, 0xbd, 0x96, 0xee, 0xdb, 0xff, 0xbf, 0xff, 0x7d, 0xff, 0xbe,
  0xd6, 0x3c, 0xb5, 0x79, 0xc5, 0xba, 0xbd, 0xda, 0xc5, 0xbb, 0xbd, 0xbb,
  0xc5, 0xba, 0xc5, 0xdb, 0xc5, 0xba, 0xbd, 0xba, 0xc5, 0xb9, 0xf7, 0x9f,
  0xde, 0xbd, 0xb5, 0x78, 0xe6, 0xde, 0xe7, 0x1f, 0xbd, 0x79, 0xbd, 0xbb,
  0xc5, 0xba, 0xb5, 0x7a, 0xd6, 0x5b, 0xe6, 0xfe, 0xbd, 0x7a, 0xc5, 0xfc,
  0xb5, 0x38, 0x73, 0x91, 0xc5, 0xd6, 0xff, 0xff, 0xff, 0x7d, 0xff, 0xbe,
  0xff, 0x1b, 0xfe, 0xb9, 0xed, 0xf7, 0xed, 0xd6, 0xdd, 0x96, 0xfe, 0xba,
  0xff, 0x3b, 0xff, 0x5b, 0xff, 0x7c, 0xff, 0x7b, 0xff, 0x7c, 0xff, 0x1a,
  0xfe, 0xda, 0xf6, 0x99, 0xee, 0x99, 0xfe, 0xfa, 0xff, 0x5c, 0xff, 0x7c,
  0xff, 0x7c, 0xff, 0x7c, 0xff, 0x9d, 0xff, 0x3b, 0xf6, 0xfb, 0xf6, 0xb9,
  0xf6, 0xfa, 0xff, 0x5c, 0xff, 0x9d, 0xff, 0x7c, 0xff, 0x7d, 0xff, 0x7c,
  0xff, 0xbd, 0xff, 0x9d, 0xff, 0x3c, 0xfe, 0xdb, 0xf6, 0xdb, 0xff, 0x5c,
  0xff, 0xbe, 0xff, 0x9d, 0xff, 0x9d, 0xff, 0x7c, 0xff, 0x9d, 0xff, 0x9d,
  0xff, 0x5c, 0xff, 0x3b, 0xf7, 0x5c, 0xff, 0x9d, 0xff, 0xbe, 0xff, 0x9d,
  0xff, 0xbe, 0xff, 0xde, 0xf6, 0xdb, 0xe6, 0x18, 0xfe, 0xdb, 0xee, 0x38,
  0xff, 0xde, 0xff, 0x7d, 0xff, 0xbe, 0xff, 0x9d, 0xff, 0x1c, 0xf6, 0xba,
  0xff, 0x9d, 0xff, 0xbe, 0xff, 0xbd, 0xff, 0x9d, 0xff, 0x7d, 0xf6, 0xdb,
  0xee, 0xbb, 0xff, 0x9e, 0xff, 0xbe, 0xff, 0x9d, 0xff, 0xbe, 0xf6, 0xdb,
  0xee, 0xdb, 0xff, 0x9e, 0xff, 0xbe, 0xff, 0x9d, 0xff, 0xbe, 0xff, 0x1b,
  0xee, 0xbb, 0xff, 0x5d, 0xff, 0xde, 0xff, 0x9d, 0xff, 0xbe, 0xff, 0x9e,
  0xe6, 0x5a, 0xfe, 0xfc, 0xff, 0xde, 0xff, 0x9d, 0xfe, 0x9b, 0xe5, 0xb8,
  0xee, 0x7a, 0xff, 0x9e, 0xe6, 0x7a, 0xee, 0x59, 0xff, 0xff, 0xff, 0x1c,
  0xd5, 0x76, 0xff, 0x7d, 0xbd, 0x39, 0xbc, 0xb7, 0xb5, 0x79, 0xe6, 0xdf,
  0xe6, 0xdf, 0xbd, 0x59, 0xc5, 0xdb, 0xc5, 0xbb, 0xc5, 0xdb, 0xbd, 0x9a,
  0xc5, 0xdc, 0xbd, 0x9a, 0xbd, 0xdb, 0xbd, 0x9a, 0xbd, 0xbb, 0xcd, 0xfb,
  0xbd, 0xba, 0xce, 0x1c, 0xa5, 0x36, 0x63, 0x0e, 0x5a, 0xce, 0x42, 0x0b,
  0x42, 0x4c, 0x4a, 0x4c, 0x39, 0xeb, 0x4a, 0x4c, 0x6b, 0x70, 0x8c, 0x33,
  0xad, 0x78, 0xde, 0xdd, 0xe7, 0x1e, 0xef, 0x3e, 0xe7, 0x1e, 0xe6, 0xfd,
  0xe7, 0x1e, 0xee, 0xfd, 0xef, 0x5e, 0xef, 0x3e, 0xce, 0x5c, 0xbd, 0x79,
  0xbd, 0xbb, 0xc5, 0xbb, 0xc5, 0xdb, 0xbd, 0x9a, 0xbd, 0xbb, 0xbd, 0x7a,
  0xce, 0x3b, 0xf7, 0x5f, 0xad, 0x56, 0xff, 0xbf, 0xf7, 0x7d, 0xff, 0x7d,
  0xff, 0xff, 0xff, 0xff, 0xff, 0xff, 0xff, 0xdf, 0xff, 0xff, 0xff, 0x9e,
  0xd5, 0xdc, 0xcd, 0x59, 0xd5, 0xfb, 0xe6, 0x5d, 0xff, 0xff, 0xce, 0x39,
  0xef, 0x3d, 0xff, 0xdf, 0xc5, 0xf9, 0xe6, 0x9b, 0xff, 0x9e, 0xff, 0xbe,
  0xff, 0xff, 0xf7, 0x9e, 0xff, 0x7f, 0xde, 0x3a, 0xee, 0x5c, 0xf6, 0x5c,
  0xde, 0x1c, 0xc5, 0x17, 0xe6, 0x7c, 0xee, 0x7c, 0xe6, 0x5c, 0xee, 0x7c,
  0xe6, 0xbc, 0xe6, 0x9c, 0xef, 0x7e, 0xff, 0xff, 0xff, 0xff, 0xff, 0x9e,
  0xff, 0xbf, 0xff, 0xbf, 0xff, 0xff, 0xff, 0xdf, 0xff, 0xff, 0xff, 0xff,
  0xff, 0xff, 0xff, 0xff, 0xff, 0xff, 0xff, 0xbf, 0xf7, 0x7e, 0xff, 0xbf,
  0xf7, 0x9e, 0xf7, 0x5d, 0xff, 0x7e, 0xff, 0x5d, 0xf7, 0x7e, 0xff, 0x7e,
  0xb5, 0x77, 0xe6, 0xdc, 0xff, 0xdf, 0xff, 0x7d, 0xe6, 0xfd, 0xee, 0xfd,
  0xe6, 0xde, 0xbd, 0x79, 0xbd, 0xbb, 0xc5, 0x9a, 0xbd, 0xbb, 0xc5, 0xba,
  0xbd, 0xbb, 0xc5, 0xba, 0xbd, 0xdb, 0xc5, 0xdb, 0xb5, 0x9a, 0xc5, 0xbb,
  0xf7, 0x9f, 0xff, 0x9f, 0xe6, 0xde, 0xc5, 0xda, 0xbd, 0xbb, 0xc5, 0xbb,
  0xbd, 0xbb, 0xc5, 0x9a, 0xbd, 0xb9, 0xee, 0xfe, 0xc5, 0xfb, 0xc5, 0xba,
  0xb5, 0x5a, 0x94, 0x35, 0x94, 0xb3, 0xd6, 0x9a, 0xff, 0x9d, 0xff, 0x9d,
  0xff, 0x1b, 0xff, 0x1b, 0xfe, 0xda, 0xfe, 0xfa, 0xfe, 0x78, 0xfe, 0x99,
  0xf6, 0x37, 0xee, 0x78, 0xfe, 0xd9, 0xff, 0x1b, 0xff, 0x9c, 0xff, 0x9c,
  0xff, 0x5b, 0xff, 0x7c, 0xff, 0x1a, 0xf6, 0xb9, 0xf6, 0x58, 0xfe, 0xda,
  0xff, 0x1a, 0xff, 0x7c, 0xff, 0x7b, 0xff, 0x7c, 0xff, 0x9c, 0xff, 0x7c,
  0xff, 0x1a, 0xfe, 0xfa, 0xfe, 0xfa, 0xff, 0x7c, 0xff, 0x7c, 0xff, 0x9d,
  0xff, 0x9c, 0xff, 0x9d, 0xff, 0x9c, 0xff, 0xbd, 0xff, 0x3b, 0xf6, 0xfb,
  0xff, 0x1b, 0xff, 0x7d, 0xff, 0xbd, 0xff, 0x9d, 0xff, 0x7c, 0xff, 0x9d,
  0xff, 0x9c, 0xff, 0x9c, 0xfe, 0xfa, 0xff, 0x1b, 0xff, 0x7c, 0xff, 0xbd,
  0xff, 0x9d, 0xff, 0x5c, 0xf6, 0xba, 0xff, 0xbe, 0xe5, 0xf7, 0xf6, 0x9a,
  0xff, 0x5c, 0xff, 0xbe, 0xff, 0xbd, 0xff, 0xbd, 0xff, 0xdd, 0xff, 0x9d,
  0xfe, 0xda, 0xf6, 0xdb, 0xff, 0x9d, 0xff, 0xbe, 0xff, 0xbd, 0xff, 0xde,
  0xf6, 0x99, 0xf6, 0xfb, 0xff, 0xbd, 0xff, 0xbe, 0xff, 0x9d, 0xff, 0xbe,
  0xff, 0x5c, 0xf7, 0x1b, 0xff, 0x7c, 0xff, 0xde, 0xff, 0x9d, 0xff, 0xde,
  0xff, 0x5c, 0xe6, 0x79, 0xff, 0x7d, 0xff, 0xde, 0xff, 0xbd, 0xff, 0xbe,
  0xff, 0x9d, 0xe6, 0x9a, 0xff, 0x3c, 0xff, 0x3c, 0xff, 0x3c, 0xff, 0x9e,
  0xd5, 0x76, 0xff, 0x1d, 0xff, 0xde, 0xde, 0x38, 0xf6, 0xda, 0xff, 0xff,
  0xed, 0xf7, 0xf6, 0x9a, 0xc5, 0x17, 0xbc, 0xf7, 0xe6, 0xde, 0xef, 0x3f,
  0xc5, 0xb9, 0xbd, 0xba, 0xc5, 0xbb, 0xbd, 0xbb, 0xbd, 0x9a, 0xc5, 0xdb,
  0xd6, 0x5c, 0xbd, 0xb9, 0xc5, 0x9a, 0xbd, 0x7a, 0xbd, 0x7a, 0x94, 0x76,
  0x73, 0xb1, 0x4a, 0x8c, 0x4a, 0x2b, 0x52, 0x8d, 0x5a, 0x6c, 0x5a, 0x8d,
  0x62, 0xae, 0x5a, 0x8d, 0x5a, 0x6c, 0x52, 0x6d, 0x52, 0x2c, 0x4a, 0x0c,
  0x49, 0xeb, 0x52, 0x8e, 0x73, 0x71, 0x9c, 0xd7, 0xb5, 0x59, 0xbd, 0xbb,
  0xc5, 0xbb, 0xbd, 0x9b, 0xc5, 0xd9, 0xd6, 0x7c, 0xe6, 0xbe, 0xc5, 0xda,
  0xbd, 0x59, 0xbd, 0x9a, 0xbd, 0x9a, 0xb5, 0x7a, 0xbd, 0x7a, 0xbd, 0x7a,
  0xc5, 0xd8, 0xde, 0xfd, 0xd6, 0x79, 0xff, 0xff, 0xff, 0xbe, 0xf7, 0x7e,
  0xff, 0x7d, 0xff, 0xdf, 0xff, 0xff, 0xff, 0xff, 0xff, 0xff, 0xff, 0xff,
  0xe6, 0x7c, 0xc5, 0x99, 0xcd, 0x79, 0xd5, 0xfc, 0xf7, 0x5d, 0xf7, 0x7e,
  0xde, 0x79, 0xff, 0xff, 0xde, 0x9b, 0xc6, 0x19, 0xff, 0xff, 0xff, 0xff,
  0xff, 0xff, 0xff, 0xff, 0xff, 0xdf, 0xde, 0x9b, 0xde, 0x3b, 0xe6, 0x7c,
  0xd5, 0xfa, 0xbd, 0x78, 0xf6, 0xdd, 0xf7, 0x1e, 0xf7, 0x3d, 0xff, 0xbf,
  0xff, 0xff, 0xff, 0xde, 0xff, 0x7d, 0xf7, 0x7d, 0xff, 0xbf, 0xff, 0xff,
  0xff, 0xff, 0xff, 0xff, 0xff, 0xff, 0xff, 0xff, 0xff, 0xff, 0xff, 0xff,
  0xff, 0xdf, 0xff, 0xdf, 0xff, 0x9e, 0xff, 0x9e, 0xff, 0x9e, 0xff, 0x9e,
  0xff, 0x7d, 0xf7, 0x7d, 0xff, 0x7d, 0xff, 0x9e, 0xff, 0x9e, 0xbd, 0xb7,
  0xe6, 0xba, 0xff, 0xdf, 0xff, 0x7d, 0xef, 0x1c, 0xbd, 0x79, 0xbd, 0xba,
  0xef, 0x1e, 0xe6, 0xfe, 0xc5, 0xba, 0xb5, 0x79, 0xc5, 0xba, 0xbd, 0x9a,
  0xbd, 0x79, 0xbd, 0xba, 0xc5, 0xba, 0xbd, 0xba, 0xc5, 0xba, 0xbd, 0x9a,
  0xcd, 0xfa, 0xf7, 0x9f, 0xce, 0x1a, 0xb5, 0x99, 0xbd, 0x9a, 0xc5, 0xfc,
  0xc5, 0xdb, 0xb5, 0x7a, 0xbd, 0x79, 0xd6, 0x7d, 0xee, 0xfe, 0xb5, 0x79,
  0xbd, 0x9a, 0x9c, 0xb7, 0xb5, 0x56, 0xa5, 0x16, 0xff, 0xbe, 0xff, 0x9d,
  0xf6, 0x59, 0xed, 0xd7, 0xee, 0x18, 0xfe, 0x18, 0xf6, 0xfa, 0xff, 0x5c,
  0xff, 0x3b, 0xfe, 0xfa, 0xfe, 0x99, 0xed, 0xf7, 0xee, 0x58, 0xff, 0x1b,
  0xff, 0x7c, 0xff, 0x7c, 0xff, 0x3c, 0xff, 0x3b, 0xff, 0x3c, 0xfe, 0xfa,
  0xe6, 0x38, 0xfe, 0x99, 0xff, 0x1b, 0xff, 0x5c, 0xff, 0x7c, 0xff, 0x7c,
  0xff, 0x7c, 0xff, 0x7c, 0xff, 0x5c, 0xff, 0x1a, 0xf7, 0x1b, 0xff, 0x3b,
  0xff, 0x9d, 0xff, 0x7c, 0xff, 0x9d, 0xff, 0x9d, 0xff, 0xbd, 0xff, 0x7c,
  0xff, 0x5c, 0xff, 0x1b, 0xf7, 0x1b, 0xff, 0x7c, 0xff, 0x9d, 0xff, 0x7c,
  0xff, 0x9d, 0xff, 0x7c, 0xff, 0x9d, 0xff, 0x5c, 0xff, 0x1c, 0xfe, 0xfb,
  0xff, 0x7d, 0xee, 0x9a, 0xff, 0x5d, 0xf6, 0xda, 0xee, 0xdb, 0xff, 0xbe,
  0xff, 0x3c, 0xf6, 0xba, 0xf7, 0x1c, 0xff, 0x9e, 0xff, 0x9d, 0xff, 0xbd,
  0xff, 0xbe, 0xf6, 0xfb, 0xe6, 0x7a, 0xff, 0x5d, 0xff, 0xbe, 0xff, 0x7d,
  0xff, 0xbe, 0xff, 0x7c, 0xf6, 0xdb, 0xfe, 0xfc, 0xff, 0xbe, 0xff, 0x9d,
  0xff, 0xbe, 0xff, 0x5c, 0xe6, 0xba, 0xff, 0x1c, 0xff, 0xde, 0xff, 0xbd,
  0xff, 0xbe, 0xff, 0x7d, 0xee, 0x9a, 0xff, 0x3c, 0xff, 0xde, 0xff, 0x9d,
  0xff, 0xbe, 0xff, 0xbe, 0xf6, 0xbb, 0xee, 0x59, 0xff, 0x9e, 0xff, 0x5d,
  0xee, 0x7a, 0xee, 0x39, 0xff, 0x7d, 0xff, 0x7d, 0xde, 0x39, 0xff, 0x7d,
  0xff, 0x3d, 0xe5, 0xb7, 0xb4, 0xb6, 0xee, 0x1b, 0xef, 0x7f, 0xb5, 0x99,
  0xb5, 0x7a, 0xb5, 0x79, 0xbd, 0x9b, 0xc5, 0x9b, 0xc5, 0xfb, 0xcd, 0xfb,
  0xde, 0xde, 0xde, 0x9d, 0xb5, 0x79, 0xc5, 0xba, 0xe7, 0x1f, 0x8c, 0x33,
  0x42, 0x2c, 0x4a, 0x2c, 0x52, 0x6d, 0x52, 0x4c, 0x52, 0x6d, 0x4a, 0x2b,
  0x52, 0x4d, 0x4a, 0x0c, 0x4a, 0x2c, 0x52, 0x2c, 0x4a, 0x6c, 0x52, 0x6c,
  0x52, 0x8d, 0x52, 0x4c, 0x4a, 0x0c, 0x52, 0x2c, 0x5a, 0xf0, 0x7b, 0x92,
  0x94, 0x95, 0xd6, 0x5b, 0xf7, 0x7f, 0xf7, 0x7f, 0xde, 0xbe, 0xc5, 0xda,
  0xc6, 0x1b, 0xff, 0x9f, 0xde, 0xbf, 0xbd, 0x9a, 0xc5, 0xfc, 0xc5, 0xbb,
  0xd6, 0xbd, 0xe6, 0xdd, 0xde, 0xdc, 0xff, 0xff, 0xff, 0xff, 0xff, 0xff,
  0xff, 0xbe, 0xff, 0x7d, 0xff, 0xbe, 0xff, 0xdf, 0xff, 0xdf, 0xff, 0xbf,
  0xf7, 0x5f, 0xcd, 0xda, 0xc5, 0x3a, 0xdd, 0xdc, 0xce, 0x1b, 0xff, 0x5f,
  0xc6, 0x19, 0xff, 0x7e, 0xef, 0x7e, 0xce, 0x19, 0xff, 0xff, 0xff, 0xff,
  0xff, 0xff, 0xff, 0xff, 0xff, 0xff, 0xff, 0xdf, 0xf7, 0x7f, 0xef, 0x1d,
  0xd6, 0x9b, 0xe6, 0xdc, 0xff, 0xff, 0xff, 0xff, 0xff, 0xff, 0xff, 0xff,
  0xff, 0xff, 0xff, 0xff, 0xff, 0xbf, 0xff, 0x5d, 0xf7, 0x7e, 0xff, 0x7e,
  0xf7, 0xbf, 0xff, 0x9e, 0xf7, 0x9f, 0xff, 0xbf, 0xf7, 0xbf, 0xff, 0x9e,
  0xff, 0x9e, 0xff, 0x9e, 0xff, 0xdf, 0xff, 0x9e, 0xf7, 0x7e, 0xff, 0x7d,
  0xf7, 0x7e, 0xff, 0x7d, 0xf7, 0x7e, 0xff, 0xbf, 0xc5, 0xd8, 0xde, 0x9b,
  0xff, 0xdf, 0xff, 0x9e, 0xf7, 0x5f, 0xcd, 0xf9, 0xb5, 0x7a, 0xc5, 0x9b,
  0xbd, 0xba, 0xde, 0x7d, 0xef, 0x5f, 0xce, 0x3b, 0xbd, 0x9b, 0xbd, 0x7a,
  0xc5, 0xfb, 0xee, 0xff, 0xb5, 0x9a, 0xc5, 0xba, 0xbd, 0xbb, 0xc5, 0xbb,
  0xbd, 0xba, 0xcd, 0xfb, 0xf7, 0x9f, 0xd6, 0x3b, 0xb5, 0x7b, 0xbd, 0x5b,
  0xbd, 0x7a, 0xbd, 0x9a, 0xbd, 0xbb, 0xbd, 0x7a, 0xe6, 0xff, 0xce, 0x1b,
  0xb5, 0x5a, 0x9c, 0x96, 0xb5, 0x99, 0xa4, 0xd6, 0xef, 0x3c, 0xff, 0x9d,
  0xff, 0x5b, 0xee, 0x58, 0xfe, 0x58, 0xdd, 0xb6, 0xf6, 0x17, 0xf6, 0x79,
  0xff, 0x1a, 0xff, 0x5b, 0xff, 0x5b, 0xff, 0x5b, 0xfe, 0xd9, 0xf6, 0xb9,
  0xfe, 0x99, 0xfe, 0xda, 0xff, 0x3a, 0xff, 0x7c, 0xff, 0x5b, 0xff, 0x5c,
  0xff, 0x5b, 0xff, 0x3b, 0xfe, 0xda, 0xf6, 0x99, 0xff, 0x1a, 0xff, 0x7c,
  0xff, 0x7b, 0xff, 0x7c, 0xff, 0x9c, 0xff, 0xbc, 0xff, 0x3b, 0xf6, 0xda,
  0xf6, 0xb9, 0xff, 0x1b, 0xff, 0x9c, 0xff, 0x9d, 0xff, 0x7c, 0xff, 0x9c,
  0xff, 0x7c, 0xff, 0x7c, 0xff, 0x3b, 0xf7, 0x1b, 0xff, 0x1b, 0xff, 0x7c,
  0xff, 0x7c, 0xff, 0x7c, 0xff, 0x7c, 0xff, 0xbd, 0xff, 0x9d, 0xff, 0x7d,
  0xee, 0x58, 0xf6, 0xdb, 0xff, 0x5c, 0xee, 0xba, 0xff, 0xbd, 0xff, 0x9d,
  0xff, 0x9d, 0xff, 0x5c, 0xfe, 0xda, 0xf6, 0xfb, 0xff, 0x7c, 0xff, 0x9d,
  0xff, 0xbd, 0xff, 0xfe, 0xff, 0x9d, 0xe6, 0x79, 0xfe, 0xfb, 0xff, 0xbe,
  0xff, 0xbd, 0xff, 0xbd, 0xff, 0x5d, 0xf6, 0xba, 0xf6, 0xda, 0xff, 0x9e,
  0xff, 0xbd, 0xff, 0xde, 0xff, 0x9d, 0xe6, 0x9a, 0xfe, 0xfb, 0xff, 0xde,
  0xff, 0xbd, 0xff, 0xde, 0xff, 0x5c, 0xe6, 0x59, 0xff, 0x5c, 0xff, 0xde,
  0xff, 0x9d, 0xff, 0xde, 0xff, 0x5c, 0xd5, 0xd7, 0xff, 0x3c, 0xff, 0x3d,
  0xff, 0x9d, 0xff, 0x3c, 0xe6, 0x18, 0xff, 0xdf, 0xee, 0x99, 0xde, 0x38,
  0xff, 0xbe, 0xdd, 0xb7, 0xcd, 0x37, 0xff, 0x3f, 0xc5, 0xba, 0xb5, 0x79,
  0xbd, 0x7a, 0xbd, 0xbb, 0xbd, 0x9a, 0xbd, 0xbb, 0xce, 0x1a, 0xef, 0x3f,
  0xbd, 0x78, 0xde, 0xbd, 0xe6, 0xfd, 0xf7, 0xbf, 0xd6, 0x5b, 0x6b, 0x70,
  0x52, 0x2b, 0x5a, 0xad, 0x5a, 0x8c, 0x4a, 0x4c, 0x52, 0x4b, 0x52, 0x8d,
  0x52, 0x4c, 0x52, 0x6d, 0x52, 0x2c, 0x52, 0x6d, 0x52, 0x6c, 0x52, 0x6c,
  0x52, 0x4c, 0x52, 0x8d, 0x52, 0x2c, 0x5a, 0x8d, 0x4a, 0x0b, 0x42, 0x0c,
  0x42, 0x0a, 0x5b, 0x0e, 0x7b, 0xb1, 0x7b, 0xd2, 0x9c, 0x95, 0x94, 0xb6,
  0xad, 0x56, 0xbe, 0x19, 0x9c, 0x94, 0x8c, 0x54, 0x8b, 0xf3, 0x8c, 0x34,
  0x8c, 0x33, 0x84, 0x13, 0x83, 0xf1, 0x94, 0x94, 0x94, 0x73, 0x8c, 0x53,
  0x83, 0xd1, 0x7b, 0xf2, 0x73, 0xb0, 0x6b, 0x8f, 0x83, 0xb0, 0x83, 0xb1,
  0x9b, 0x91, 0xa4, 0x34, 0xa4, 0x35, 0xbd, 0x18, 0xd6, 0x1c, 0xde, 0x9e,
  0xe6, 0xdb, 0xce, 0x7a, 0xff, 0xdf, 0xd6, 0x59, 0xef, 0x1c, 0xff, 0xdf,
  0xff, 0xff, 0xff, 0xff, 0xff, 0xff, 0xff, 0xff, 0xff, 0xff, 0xff, 0xff,
  0xef, 0x3c, 0xdf, 0x1c, 0xff, 0xff, 0xff, 0xff, 0xff, 0xff, 0xff, 0xff,
  0xff, 0xff, 0xff, 0xff, 0xff, 0xff, 0xff, 0xdf, 0xff, 0x7d, 0xff, 0x7d,
  0xff, 0xdf, 0xff, 0xff, 0xff, 0xdf, 0xff, 0xdf, 0xff, 0xdf, 0xff, 0xbf,
  0xff, 0x9d, 0xff, 0xbe, 0xff, 0x9d, 0xff, 0x9e, 0xff, 0x9e, 0xff, 0xbe,
  0xff, 0x9d, 0xf7, 0x7d, 0xff, 0xbf, 0xce, 0x19, 0xde, 0x79, 0xff, 0xbe,
  0xff, 0x7d, 0xff, 0xdf, 0xde, 0x7d, 0xbd, 0x99, 0xc5, 0xdb, 0xbd, 0x9a,
  0xbd, 0x7a, 0xb5, 0x59, 0xc5, 0xda, 0xef, 0x3f, 0xe6, 0xdc, 0xc6, 0x1a,
  0xf7, 0x5f, 0xc5, 0xfa, 0xce, 0x1b, 0xd6, 0x7d, 0xc5, 0xba, 0xbd, 0x9a,
  0xc5, 0x9a, 0xb5, 0x7a, 0xce, 0x1a, 0xff, 0xbf, 0xcd, 0xdb, 0xbd, 0xba,
  0xc5, 0xba, 0xc5, 0xfb, 0xc5, 0xbb, 0xbd, 0x7a, 0xcd, 0xfa, 0xe7, 0x1f,
  0xd6, 0x7c, 0xb5, 0x78, 0xad, 0x38, 0xa4, 0xf7, 0xcd, 0xf7, 0xff, 0xdf,
  0xf6, 0xda, 0xf6, 0x99, 0xff, 0x3c, 0xfe, 0xba, 0xff, 0x1b, 0xf6, 0xb9,
  0xf6, 0x79, 0xf6, 0x58, 0xf6, 0xda, 0xff, 0x1b, 0xff, 0x9c, 0xff, 0x7c,
  0xff, 0x3b, 0xfe, 0xd9, 0xf6, 0xb9, 0xf6, 0x99, 0xfe, 0xfb, 0xff, 0x3b,
  0xff, 0x5c, 0xff, 0x5b, 0xff, 0x9c, 0xff, 0x1a, 0xf6, 0x99, 0xf6, 0x99,
  0xff, 0x3b, 0xff, 0x3b, 0xff, 0x9d, 0xff, 0x5c, 0xff, 0x7c, 0xff, 0x7c,
  0xff, 0x1b, 0xf6, 0x99, 0xf6, 0xba, 0xff, 0x3c, 0xff, 0x9d, 0xff, 0x7c,
  0xff, 0x9d, 0xff, 0x7c, 0xff, 0x9d, 0xff, 0x5c, 0xff, 0x3c, 0xf6, 0xda,
  0xff, 0x3c, 0xff, 0x7c, 0xff, 0x9d, 0xff, 0x7c, 0xff, 0x9e, 0xff, 0x3c,
  0xee, 0x9a, 0xff, 0x3c, 0xd5, 0xb7, 0xfe, 0xfb, 0xff, 0xbe, 0xff, 0x9d,
  0xff, 0x9d, 0xff, 0xbd, 0xff, 0xbe, 0xff, 0x1b, 0xee, 0x9a, 0xfe, 0xfb,
  0xff, 0xbe, 0xff, 0x7d, 0xff, 0x9e, 0xff, 0x9e, 0xff, 0x3c, 0xf6, 0xfb,
  0xff, 0x7d, 0xff, 0x9d, 0xff, 0xbe, 0xff, 0x9d, 0xf6, 0xfb, 0xf6, 0xdb,
  0xff, 0x9e, 0xff, 0x9d, 0xff, 0x9e, 0xff, 0xbe, 0xf6, 0xdb, 0xee, 0x79,
  0xff, 0xbe, 0xff, 0x9d, 0xff, 0xbe, 0xff, 0x9d, 0xee, 0x9a, 0xff, 0x1c,
  0xff, 0xde, 0xff, 0xbe, 0xf6, 0xfb, 0xfe, 0xfb, 0xee, 0x7a, 0xfe, 0xbb,
  0xff, 0xbe, 0xff, 0xbe, 0xee, 0xbb, 0xee, 0x9a, 0xff, 0xbf, 0xdd, 0xd7,
  0xff, 0x5e, 0xee, 0x59, 0xa4, 0x34, 0xd5, 0xba, 0xbd, 0xbb, 0xc5, 0xbb,
  0xbd, 0x9a, 0xc5, 0xba, 0xbd, 0x9b, 0xbd, 0x9a, 0xb5, 0x79, 0xce, 0x1c,
  0xde, 0xfe, 0xef, 0x3e, 0xf6, 0xff, 0xa4, 0x34, 0x8a, 0xf0, 0x71, 0xec,
  0x42, 0x4c, 0x42, 0x0b, 0x52, 0x6d, 0x52, 0x4c, 0x4a, 0x4c, 0x52, 0x4c,
  0x4a, 0x4d, 0x52, 0x4d, 0x4a, 0x2c, 0x52, 0x4c, 0x52, 0x4c, 0x4a, 0x2b,
  0x4a, 0x2c, 0x4a, 0x2c, 0x3a, 0x0b, 0x42, 0x0a, 0x42, 0x2b, 0x4a, 0x2b,
  0x4a, 0x6d, 0x41, 0xeb, 0x42, 0x0c, 0x41, 0xeb, 0x42, 0x2c, 0x41, 0xca,
  0x31, 0xca, 0x39, 0xca, 0x42, 0x0b, 0x41, 0xeb, 0x42, 0x2b, 0x4a, 0x2c,
  0x42, 0x0b, 0x41, 0xea, 0x42, 0x0b, 0x4a, 0x0b, 0x42, 0x2b, 0x39, 0xea,
  0x42, 0x2c, 0x39, 0xca, 0x61, 0x8a, 0x92, 0xef, 0xe2, 0xf2, 0xd2, 0x50,
  0xda, 0x0f, 0xe2, 0x50, 0xca, 0xb1, 0xc2, 0x70, 0xb4, 0xf7, 0xe6, 0x5c,
  0xef, 0x3d, 0xc5, 0xd7, 0xff, 0x7e, 0xee, 0xbb, 0xd6, 0x5a, 0xff, 0x7e,
  0xf7, 0x9e, 0xff, 0xdf, 0xff, 0xff, 0xff, 0xff, 0xff, 0xff, 0xff, 0xff,
  0xde, 0xfc, 0xef, 0x1d, 0xff, 0xff, 0xff, 0xff, 0xff, 0xff, 0xff, 0xdf,
  0xff, 0xff, 0xff, 0xff, 0xff, 0xff, 0xff, 0xff, 0xff, 0xbf, 0xf7, 0x5d,
  0xf7, 0x9e, 0xff, 0xff, 0xff, 0xff, 0xff, 0xff, 0xff, 0xff, 0xff, 0xff,
  0xff, 0xbf, 0xff, 0x7e, 0xf7, 0x7e, 0xf7, 0x5d, 0xf7, 0x7e, 0xff, 0x7e,
  0xf7, 0x7e, 0xff, 0xdf, 0xd6, 0x7b, 0xd6, 0x5a, 0xff, 0xbe, 0xff, 0x7d,
  0xff, 0xdf, 0xff, 0x7e, 0xbd, 0xbb, 0xbd, 0x9a, 0xbd, 0xbb, 0xbd, 0x9a,
  0xbd, 0x9a, 0xc5, 0xba, 0xb5, 0x7a, 0xbd, 0x9a, 0xde, 0xbd, 0xff, 0xdf,
  0xce, 0x3b, 0xc5, 0xb9, 0xf7, 0x7f, 0xce, 0x1b, 0xbd, 0xba, 0xc5, 0xba,
  0xbd, 0x9b, 0xbd, 0x9b, 0xb5, 0x9a, 0xd6, 0x5c, 0xef, 0x3f, 0xc5, 0xd9,
  0xbd, 0xbb, 0xbd, 0x7a, 0xc5, 0xdb, 0xcd, 0xfb, 0xb5, 0x58, 0xe6, 0xbd,
  0xf7, 0x7f, 0xc5, 0xfa, 0xa4, 0xf8, 0xbd, 0x9a, 0xb5, 0xb7, 0xff, 0xbe,
  0xf5, 0xf7, 0xed, 0xf7, 0xe5, 0xd6, 0xf6, 0x58, 0xff, 0x5b, 0xff, 0x7c,
  0xff, 0x5b, 0xff, 0x3b, 0xfe, 0xb9, 0xf6, 0xb9, 0xfe, 0x78, 0xfe, 0xda,
  0xff, 0x3b, 0xff, 0x7c, 0xff, 0x3b, 0xff, 0x1a, 0xfe, 0x99, 0xfe, 0xfa,
  0xfe, 0xd9, 0xff, 0x5b, 0xff, 0x7c, 0xff, 0x7c, 0xff, 0x7b, 0xff, 0x7c,
  0xfe, 0xfa, 0xee, 0xb9, 0xfe, 0xfa, 0xff, 0x5c, 0xff, 0x7c, 0xff, 0x7c,
  0xff, 0x9c, 0xff, 0x9c, 0xff, 0x1a, 0xf6, 0xda, 0xff, 0x1b, 0xff, 0x7c,
  0xff, 0x9c, 0xff, 0x9c, 0xff, 0x9c, 0xff, 0x9d, 0xff, 0x9d, 0xff, 0x7d,
  0xff, 0x1b, 0xf6, 0xfb, 0xff, 0x3b, 0xff, 0x9d, 0xff, 0x7c, 0xee, 0x99,
  0xff, 0x7d, 0xf6, 0xfb, 0xfe, 0xdb, 0xf6, 0xdb, 0xf6, 0xfa, 0xff, 0x9d,
  0xff, 0xbd, 0xff, 0xbd, 0xff, 0x9c, 0xff, 0xbd, 0xff, 0x7d, 0xf6, 0xda,
  0xf6, 0xda, 0xff, 0x9d, 0xff, 0x9d, 0xff, 0xbd, 0xff, 0xbd, 0xff, 0x7c,
  0xf6, 0x99, 0xff, 0x1b, 0xff, 0xbd, 0xff, 0x9d, 0xff, 0xbd, 0xff, 0x7d,
  0xf6, 0xba, 0xff, 0x5d, 0xff, 0xbd, 0xff, 0xbd, 0xff, 0x9d, 0xef, 0x1b,
  0xf6, 0xba, 0xff, 0xbe, 0xff, 0xbd, 0xff, 0xde, 0xff, 0x7d, 0xf6, 0xdb,
  0xff, 0x3b, 0xff, 0xbe, 0xee, 0xfa, 0xff, 0xde, 0xfe, 0xdb, 0xdd, 0xb7,
  0xff, 0x9d, 0xff, 0xbe, 0xff, 0x7e, 0xde, 0x18, 0xff, 0x7d, 0xf6, 0xfb,
  0xf6, 0x9a, 0xff, 0x3d, 0x8b, 0x71, 0xbd, 0x38, 0xc5, 0xdb, 0xbd, 0xbb,
  0xc5, 0xba, 0xc5, 0xdb, 0xc5, 0xba, 0xb5, 0x7a, 0xbd, 0x99, 0xde, 0xbe,
  0xff, 0x9f, 0xbd, 0xf9, 0xca, 0xb0, 0xd3, 0x12, 0xb3, 0x72, 0x71, 0x6a,
  0x42, 0x0c, 0x4a, 0x8d, 0x5a, 0x4c, 0x52, 0x4c, 0x52, 0x6c, 0x42, 0x2b,
  0x52, 0x4c, 0x4a, 0x4c, 0x52, 0x2b, 0x4a, 0x4c, 0x52, 0x2c, 0x41, 0xeb,
  0x4a, 0x2b, 0x4a, 0x6d, 0x4a, 0x2b, 0x42, 0x0b, 0x4a, 0x2b, 0x4a, 0x6d,
  0x4a, 0x2b, 0x4a, 0x4c, 0x4a, 0x4b, 0x4a, 0x6c, 0x52, 0x6c, 0x52, 0x8c,
  0x4a, 0x4c, 0x4a, 0x4d, 0x4a, 0x4c, 0x42, 0x2c, 0x4a, 0x2b, 0x52, 0x8d,
  0x4a, 0x4c, 0x4a, 0x6c, 0x52, 0x4c, 0x52, 0x8d, 0x5a, 0x8d, 0x4a, 0x4c,
  0x51, 0xea, 0x6a, 0xce, 0xfb, 0x94, 0xeb, 0x13, 0xea, 0x2f, 0xfa, 0xf2,
  0xe3, 0x93, 0xba, 0x8f, 0xca, 0x2e, 0xda, 0xf1, 0xba, 0x4e, 0xcb, 0x32,
  0xc5, 0xb8, 0xc5, 0xf9, 0xd6, 0x9a, 0xf7, 0xff, 0xcd, 0xf8, 0xff, 0x9f,
  0xff, 0x7d, 0xff, 0x9e, 0xff, 0xff, 0xff, 0xff, 0xff, 0xff, 0xff, 0xff,
  0xee, 0xfc, 0xf7, 0x7e, 0xff, 0xff, 0xff, 0xff, 0xff, 0xff, 0xff, 0xff,
  0xff, 0xff, 0xff, 0xff, 0xff, 0xff, 0xff, 0xdf, 0xff, 0xdf, 0xff, 0xff,
  0xff, 0x7d, 0xff, 0xbf, 0xff, 0xff, 0xff, 0xff, 0xff, 0xff, 0xff, 0xff,
  0xff, 0xff, 0xff, 0xff, 0xff, 0xdf, 0xff, 0xdf, 0xff, 0xbe, 0xff, 0xdf,
  0xff, 0xff, 0xd6, 0x7a, 0xc5, 0xd7, 0xff, 0xdf, 0xff, 0x9e, 0xff, 0xbf,
  0xff, 0xff, 0xd6, 0x7b, 0xbd, 0x9a, 0xbd, 0x9b, 0xbd, 0x79, 0xc5, 0xdb,
  0xc5, 0x9a, 0xc5, 0xdb, 0xc5, 0xbb, 0xc5, 0xdb, 0xbd, 0x99, 0xce, 0x3c,
  0xf7, 0x5e, 0xf7, 0x9f, 0xc5, 0x9a, 0xbd, 0x9a, 0xbd, 0x9a, 0xbd, 0xbb,
  0xc5, 0xba, 0xc5, 0xdb, 0xc5, 0x9a, 0xb5, 0x59, 0xde, 0x7c, 0xef, 0x5f,
  0xbd, 0x79, 0xde, 0xbe, 0xd6, 0x5c, 0xc5, 0xfa, 0xc5, 0xba, 0xbd, 0xda,
  0xf7, 0x7f, 0xc5, 0xfa, 0x8c, 0x14, 0xc5, 0xfc, 0xa4, 0xd3, 0xef, 0x5d,
  0xfe, 0xda, 0xfe, 0x99, 0xed, 0xf8, 0xf6, 0x18, 0xe5, 0xf7, 0xf6, 0x37,
  0xfe, 0xfb, 0xff, 0x1b, 0xff, 0x9c, 0xff, 0x5b, 0xfe, 0xfb, 0xf6, 0x78,
  0xfe, 0xda, 0xfe, 0xb9, 0xff, 0x3b, 0xff, 0x5b, 0xff, 0x7c, 0xff, 0x3b,
  0xf6, 0xba, 0xf6, 0x99, 0xf6, 0xfa, 0xff, 0x1b, 0xff, 0x5c, 0xff, 0x7c,
  0xff, 0x7c, 0xff, 0x5b, 0xf6, 0xfa, 0xf6, 0x99, 0xf7, 0x1b, 0xff, 0x7c,
  0xff, 0x9d, 0xff, 0x7c, 0xff, 0x9d, 0xff, 0x7c, 0xff, 0x5c, 0xf6, 0xda,
  0xf6, 0xda, 0xff, 0x3b, 0xff, 0xbd, 0xff, 0x9d, 0xff, 0x9d, 0xff, 0x7c,
  0xff, 0x9d, 0xff, 0x5c, 0xf6, 0xba, 0xfe, 0xba, 0xe6, 0x9a, 0xff, 0x3c,
  0xf7, 0x1c, 0xf6, 0xfb, 0xff, 0xbe, 0xff, 0x9d, 0xff, 0x1c, 0xee, 0x79,
  0xff, 0x3c, 0xff, 0x7d, 0xff, 0x9e, 0xff, 0x7d, 0xff, 0xbe, 0xff, 0xbd,
  0xff, 0x1c, 0xf6, 0xda, 0xff, 0x5c, 0xff, 0xbd, 0xff, 0x9d, 0xff, 0x9d,
  0xff, 0xbe, 0xee, 0xda, 0xf6, 0xfb, 0xff, 0x7d, 0xff, 0xbd, 0xff, 0x9d,
  0xff, 0x7e, 0xee, 0x9a, 0xf7, 0x3c, 0xff, 0xbe, 0xff, 0xbd, 0xff, 0xde,
  0xff, 0x1c, 0xf6, 0xba, 0xff, 0xde, 0xff, 0xbd, 0xff, 0xbe, 0xff, 0xbd,
  0xee, 0x9a, 0xf6, 0x9a, 0xf7, 0x5d, 0xff, 0x7d, 0xf6, 0xba, 0xfe, 0xfb,
  0xde, 0x59, 0xff, 0x9e, 0xff, 0xdf, 0xf6, 0xfb, 0xd6, 0x18, 0xff, 0xde,
  0xde, 0x18, 0xff, 0x3c, 0xac, 0x96, 0xb4, 0xd6, 0xbd, 0xbb, 0xd6, 0x3d,
  0xd6, 0x3d, 0xbd, 0x7a, 0xb5, 0x99, 0xd6, 0x5c, 0xef, 0x7f, 0xde, 0xdd,
  0xc5, 0x59, 0x82, 0xf0, 0xf2, 0x91, 0xfb, 0x13, 0x82, 0xcf, 0x69, 0xcb,
  0x4a, 0x8d, 0x4a, 0x6c, 0x42, 0x2b, 0x4a, 0x4b, 0x42, 0x4c, 0x42, 0x0b,
  0x3a, 0x0b, 0x42, 0x0b, 0x4a, 0x4c, 0x52, 0x4c, 0x4a, 0x6c, 0x4a, 0x2b,
  0x4a, 0x4c, 0x52, 0x6c, 0x4a, 0x6d, 0x4a, 0x2c, 0x4a, 0x6d, 0x42, 0x0b,
  0x42, 0x0b, 0x4a, 0x4c, 0x42, 0x2c, 0x4a, 0x0c, 0x42, 0x0c, 0x4a, 0x2c,
  0x4a, 0x4c, 0x41, 0xea, 0x39, 0xeb, 0x42, 0x0b, 0x42, 0x0b, 0x4a, 0x0b,
  0x4a, 0x6d, 0x41, 0xeb, 0x42, 0x0b, 0x41, 0xeb, 0x42, 0x4d, 0x39, 0xcb,
  0x81, 0xcc, 0xdc, 0x55, 0xfb, 0x33, 0xe2, 0x2f, 0xf3, 0x94, 0xeb, 0x32,
  0x92, 0x0d, 0xaa, 0xaf, 0xca, 0xf1, 0xc2, 0x4f, 0xb2, 0x6f, 0xa9, 0xcd,
  0x7a, 0x4e, 0x92, 0xaf, 0x8b, 0xd1, 0xbd, 0x16, 0x94, 0x93, 0xe6, 0xdc,
  0xff, 0xff, 0xf7, 0x3c, 0xf7, 0x9e, 0xff, 0xdf, 0xff, 0xff, 0xff, 0xff,
  0xd6, 0x7a, 0xef, 0x1c, 0xff, 0xbe, 0xff, 0x9d, 0xff, 0xdf, 0xff, 0xdf,
  0xef, 0x5f, 0xe6, 0xdc, 0xde, 0xde, 0xd6, 0x3b, 0xde, 0xbd, 0xde, 0xbc,
  0xef, 0x3d, 0xff, 0x7d, 0xff, 0xdf, 0xff, 0xff, 0xff, 0xff, 0xff, 0xff,
  0xff, 0xff, 0xff, 0xff, 0xff, 0xff, 0xff, 0xff, 0xff, 0xff, 0xff, 0xff,
  0xe6, 0xfd, 0xc5, 0xf8, 0xff, 0xbf, 0xff, 0x9e, 0xff, 0xbf, 0xff, 0xff,
  0xf7, 0x7f, 0xbd, 0xb9, 0xbd, 0xdb, 0xc5, 0xbb, 0xbd, 0x9b, 0xc5, 0x9a,
  0xbd, 0x7a, 0xc5, 0x9a, 0xb5, 0x7a, 0xc5, 0xbb, 0xbd, 0xbb, 0xbd, 0x7a,
  0xc5, 0xda, 0xe6, 0xde, 0xe6, 0xde, 0xbd, 0x99, 0xb5, 0x5a, 0xc5, 0xbb,
  0xbd, 0x9a, 0xc5, 0xbb, 0xc5, 0xdc, 0xbd, 0x7a, 0xb5, 0x99, 0xde, 0xbd,
  0xf7, 0x9f, 0xde, 0xbc, 0xde, 0xdf, 0xde, 0x7d, 0xbd, 0xbb, 0xbd, 0x9a,
  0xef, 0x3f, 0xb5, 0x57, 0x63, 0x31, 0xce, 0x1c, 0xa5, 0x15, 0xde, 0x9b,
  0xee, 0x37, 0xfe, 0xda, 0xf6, 0x98, 0xff, 0x5b, 0xfe, 0xfa, 0xf6, 0xb9,
  0xfe, 0x78, 0xf6, 0x58, 0xf6, 0x98, 0xff, 0x1b, 0xff, 0x9c, 0xff, 0x7c,
  0xff, 0x1b, 0xf6, 0xda, 0xf6, 0x78, 0xfe, 0xfa, 0xff, 0x1a, 0xff, 0x5c,
  0xff, 0x7b, 0xff, 0x5b, 0xfe, 0xd9, 0xee, 0x98, 0xfe, 0xb9, 0xff, 0x5c,
  0xff, 0x7b, 0xff, 0x7b, 0xff, 0x7c, 0xff, 0x7c, 0xfe, 0xfa, 0xf6, 0xd9,
  0xf6, 0xf9, 0xff, 0x7c, 0xff, 0x9c, 0xff, 0x7c, 0xff, 0x5b, 0xff, 0x9c,
  0xfe, 0xfa, 0xf6, 0xb9, 0xfe, 0xda, 0xff, 0x5c, 0xff, 0x9c, 0xff, 0x9c,
  0xff, 0x9c, 0xff, 0x9c, 0xff, 0x9d, 0xee, 0xda, 0xee, 0x38, 0xff, 0x1c,
  0xee, 0x99, 0xff, 0xbd, 0xff, 0x9c, 0xff, 0x9d, 0xff, 0x7c, 0xff, 0x9d,
  0xf6, 0xba, 0xf6, 0xda, 0xff, 0x7c, 0xff, 0xbe, 0xff, 0x9c, 0xff, 0x9d,
  0xff, 0xbd, 0xff, 0x9d, 0xfe, 0xda, 0xff, 0x1c, 0xff, 0xbd, 0xff, 0x9d,
  0xff, 0x9d, 0xff, 0xde, 0xfe, 0xfb, 0xf6, 0xba, 0xff, 0x7d, 0xff, 0x9d,
  0xff, 0x9d, 0xff, 0xbe, 0xf6, 0xba, 0xf6, 0xdb, 0xff, 0xbd, 0xff, 0xbd,
  0xff, 0xbd, 0xff, 0x5c, 0xee, 0x79, 0xff, 0x9d, 0xff, 0xbd, 0xff, 0xde,
  0xff, 0x7d, 0xcd, 0xb6, 0xff, 0x5d, 0xff, 0x3c, 0xee, 0xb9, 0xff, 0xff,
  0xf6, 0xda, 0xee, 0xba, 0xff, 0xbe, 0xff, 0xde, 0xee, 0x58, 0xff, 0x1c,
  0xfe, 0x99, 0xf6, 0x79, 0xee, 0x3b, 0xbc, 0xd6, 0xd6, 0x7c, 0xde, 0xfe,
  0xe6, 0xbc, 0xde, 0x7c, 0xef, 0x1e, 0xef, 0x3e, 0xc6, 0x1b, 0xb5, 0xda,
  0xd3, 0xf4, 0xc3, 0xb4, 0xfa, 0xb1, 0xea, 0x0f, 0x62, 0x0c, 0x59, 0xec,
  0x42, 0x0b, 0x42, 0x4c, 0x5a, 0x8c, 0x4a, 0x2c, 0x42, 0x0b, 0x3a, 0x0b,
  0x42, 0x0b, 0x42, 0x4c, 0x4a, 0x4c, 0x42, 0x2c, 0x4a, 0x2b, 0x4a, 0x2c,
  0x52, 0x2c, 0x52, 0x4c, 0x4a, 0x2b, 0x42, 0x2b, 0x52, 0x2b, 0x4a, 0x0b,
  0x62, 0xcd, 0x4a, 0x4c, 0x4a, 0x2b, 0x4a, 0x2c, 0x42, 0x0b, 0x42, 0x2b,
  0x4a, 0x6c, 0x42, 0x2b, 0x42, 0x0b, 0x42, 0x2c, 0x4a, 0x2b, 0x42, 0x2c,
  0x4a, 0x2b, 0x42, 0x2b, 0x42, 0x0b, 0x3a, 0x2b, 0x42, 0x0b, 0x39, 0xea,
  0xf3, 0x52, 0xfb, 0xb4, 0xe2, 0x4f, 0xfb, 0xb5, 0xe3, 0x73, 0xba, 0x4f,
  0xda, 0xb0, 0xda, 0xb1, 0xeb, 0x53, 0xdb, 0x32, 0xda, 0x90, 0xe2, 0xf2,
  0xf2, 0xf2, 0xe2, 0x90, 0xda, 0x4f, 0xf3, 0x33, 0xa3, 0x70, 0xa3, 0x71,
  0xf7, 0x9e, 0xff, 0xff, 0xf7, 0x3b, 0xff, 0xbd, 0xff, 0xff, 0xff, 0xff,
  0xce, 0x59, 0xf7, 0x7e, 0xff, 0xff, 0xff, 0xff, 0xee, 0xfd, 0xce, 0x1a,
  0xc5, 0x9a, 0xc5, 0xfb, 0xc5, 0xbb, 0xbd, 0xbb, 0xc5, 0xda, 0xce, 0x1b,
  0xff, 0xbe, 0xff, 0x9e, 0xff, 0x9d, 0xff, 0xff, 0xff, 0xff, 0xff, 0xff,
  0xff, 0xff, 0xff, 0xff, 0xff, 0xff, 0xff, 0xff, 0xff, 0xff, 0xef, 0x3d,
  0xbd, 0x96, 0xff, 0xdf, 0xff, 0xdf, 0xff, 0xbe, 0xff, 0xff, 0xff, 0xff,
  0xe6, 0xdd, 0xc5, 0xd9, 0xc5, 0x9a, 0xbd, 0x9a, 0xc5, 0x9a, 0xc5, 0xbb,
  0xc5, 0x9a, 0xc5, 0xdb, 0xbd, 0x7a, 0xbd, 0xbb, 0xc5, 0xdb, 0xbd, 0xbb,
  0xbd, 0x99, 0xbd, 0x9a, 0xde, 0x9c, 0xf7, 0x7f, 0xd6, 0x3c, 0xb5, 0x79,
  0xbd, 0x7a, 0xc5, 0xdb, 0xbd, 0x79, 0xbd, 0xba, 0xbd, 0x9a, 0xb5, 0x7a,
  0xe6, 0xfd, 0xef, 0x3e, 0xd6, 0x5b, 0xc5, 0xfa, 0xc5, 0xda, 0xbd, 0xda,
  0xce, 0x3b, 0xc6, 0x1b, 0x83, 0xf3, 0xc6, 0x1b, 0xb5, 0x36, 0xce, 0x3a,
  0xe5, 0xb7, 0xf5, 0xf7, 0xdd, 0xb6, 0xfe, 0xfb, 0xff, 0x3b, 0xff, 0x3b,
  0xff, 0x5c, 0xfe, 0xfa, 0xf6, 0x99, 0xf6, 0x58, 0xf6, 0x99, 0xfe, 0xfa,
  0xff, 0x5b, 0xff, 0x5b, 0xff, 0x3b, 0xfe, 0xda, 0xf6, 0xba, 0xf6, 0x99,
  0xf6, 0xfa, 0xff, 0x5b, 0xff, 0x7c, 0xff, 0x3b, 0xff, 0x1b, 0xf6, 0xd9,
  0xf6, 0xfa, 0xff, 0x3b, 0xff, 0x9c, 0xff, 0x7c, 0xff, 0x7c, 0xff, 0x5b,
  0xfe, 0xfb, 0xf6, 0x99, 0xff, 0x3b, 0xff, 0x7c, 0xff, 0x9c, 0xff, 0x7c,
  0xff, 0x9d, 0xff, 0x7c, 0xfe, 0xfb, 0xfe, 0x9a, 0xff, 0x3c, 0xff, 0x7c,
  0xff, 0x9d, 0xff, 0x7c, 0xff, 0x5c, 0xfe, 0xfb, 0xff, 0x5d, 0xe6, 0x18,
  0xee, 0x9a, 0xff, 0x1b, 0xff, 0x9d, 0xff, 0x9d, 0xff, 0x7d, 0xff, 0x7c,
  0xff, 0xbe, 0xff, 0x5c, 0xee, 0x9a, 0xfe, 0xdb, 0xff, 0x9d, 0xff, 0x7c,
  0xff, 0x9d, 0xff, 0x9d, 0xff, 0xbe, 0xf7, 0x1b, 0xee, 0xba, 0xff, 0x5d,
  0xff, 0xbe, 0xff, 0x9d, 0xff, 0xde, 0xff, 0x5c, 0xee, 0xda, 0xff, 0x5c,
  0xff, 0x9d, 0xff, 0x9d, 0xff, 0xbe, 0xee, 0x99, 0xe6, 0xba, 0xff, 0xbe,
  0xff, 0xbe, 0xff, 0xbd, 0xff, 0x3c, 0xf6, 0xfb, 0xff, 0xbe, 0xff, 0xbe,
  0xf6, 0xfc, 0xf6, 0x9a, 0xee, 0x9a, 0xf6, 0x7a, 0xff, 0x9d, 0xff, 0x9d,
  0xff, 0x9e, 0xe6, 0x59, 0xf7, 0x3c, 0xff, 0xbe, 0xff, 0x1d, 0xe6, 0x39,
  0xfe, 0xbc, 0xd5, 0x15, 0xe6, 0x7d, 0xac, 0x54, 0xb5, 0x99, 0xe6, 0xfe,
  0xef, 0x5e, 0xf7, 0x9f, 0xd6, 0x7d, 0xb5, 0x59, 0xc5, 0xdc, 0xac, 0xf8,
  0xc2, 0x2f, 0xeb, 0x12, 0xea, 0x91, 0xe2, 0x4f, 0x52, 0x4d, 0x49, 0xeb,
  0x42, 0x2c, 0x42, 0x0b, 0x52, 0x8d, 0x52, 0x4c, 0x4a, 0x2c, 0x4a, 0x0b,
  0x42, 0x4c, 0x4a, 0x4c, 0x42, 0x2c, 0x42, 0x0b, 0x4a, 0x4c, 0x4a, 0x2c,
  0x42, 0x0c, 0x4a, 0x2c, 0x4a, 0x2c, 0x5a, 0x6d, 0x42, 0x0b, 0x52, 0x4c,
  0x5a, 0x8e, 0x41, 0xca, 0x42, 0x2c, 0x4a, 0x2c, 0x42, 0x2c, 0x42, 0x0b,
  0x42, 0x2c, 0x41, 0xeb, 0x42, 0x2c, 0x4a, 0x2c, 0x42, 0x4c, 0x42, 0x0b,
  0x42, 0x2c, 0x4a, 0x2c, 0x3a, 0x2c, 0x42, 0x2c, 0x49, 0x6a, 0x7a, 0xef,
  0xfb, 0x95, 0xf2, 0x90, 0xea, 0xb2, 0xfb, 0x54, 0xc2, 0x90, 0xd2, 0xd1,
  0xfb, 0x74, 0xf2, 0xd1, 0xe2, 0x30, 0xfa, 0x91, 0xfb, 0x55, 0xf2, 0x71,
  0xe2, 0x50, 0xfb, 0x13, 0xfb, 0x34, 0xe2, 0x50, 0xf2, 0xf3, 0xf2, 0xd2,
  0xa3, 0x91, 0xfe, 0x3b, 0xff, 0xdf, 0xf7, 0x5d, 0xff, 0xff, 0xff, 0xff,
  0xce, 0x59, 0xff, 0x9e, 0xff, 0xff, 0xf7, 0x5e, 0xbd, 0xba, 0xbd, 0x9a,
  0xc5, 0xdc, 0xc5, 0x9b, 0xb5, 0x5a, 0xbd, 0x7a, 0xb5, 0x99, 0xef, 0x3f,
  0xff, 0xff, 0xff, 0xdf, 0xf7, 0x7e, 0xff, 0xbf, 0xff, 0xff, 0xff, 0xdf,
  0xff, 0xff, 0xff, 0xff, 0xff, 0xff, 0xff, 0xff, 0xef, 0x7e, 0xad, 0x35,
  0xf7, 0x7e, 0xff, 0x7e, 0xff, 0xbe, 0xff, 0xde, 0xff, 0xbf, 0xde, 0x9c,
  0xef, 0x3f, 0xee, 0xfe, 0xc5, 0xfb, 0xbd, 0x79, 0xbd, 0x9b, 0xc5, 0xbb,
  0xb5, 0x7a, 0xc5, 0xbb, 0xd6, 0x9d, 0xbd, 0x78, 0xbd, 0xbb, 0xc5, 0xba,
  0xb5, 0x7a, 0xc5, 0xbb, 0xb5, 0x79, 0xc5, 0xdb, 0xef, 0x5e, 0xe6, 0xbc,
  0xbd, 0x9a, 0xb5, 0x59, 0xd6, 0x7d, 0xcd, 0xfb, 0xbd, 0x9b, 0xc5, 0xbb,
  0xc5, 0xfa, 0xf7, 0x3f, 0xce, 0x5c, 0xbd, 0x99, 0xbd, 0xbc, 0xb5, 0x3a,
  0xbd, 0xba, 0xad, 0x17, 0xbd, 0xd9, 0xd6, 0x7b, 0xad, 0x38, 0xac, 0xf6,
  0xfe, 0xb9, 0xfe, 0xda, 0xee, 0x17, 0xf6, 0x99, 0xf6, 0x58, 0xfe, 0xb9,
  0xff, 0x3a, 0xff, 0x5b, 0xff, 0x3b, 0xff, 0x3b, 0xfe, 0xda, 0xfe, 0xda,
  0xf6, 0x78, 0xf6, 0xb9, 0xff, 0x3a, 0xff, 0x7c, 0xff, 0x5b, 0xfe, 0xfa,
  0xfe, 0x99, 0xf6, 0x99, 0xfe, 0xfa, 0xff, 0x5b, 0xff, 0x5b, 0xff, 0x7b,
  0xff, 0x3a, 0xff, 0x1a, 0xfe, 0xd9, 0xff, 0x3b, 0xff, 0x9c, 0xff, 0x7c,
  0xff, 0x7b, 0xff, 0x7c, 0xfe, 0xfa, 0xf6, 0xda, 0xff, 0x1b, 0xff, 0x7c,
  0xff, 0x7b, 0xff, 0x7c, 0xff, 0x7c, 0xff, 0x7c, 0xfe, 0xfa, 0xf6, 0xba,
  0xff, 0x3b, 0xff, 0x7d, 0xee, 0xb9, 0xff, 0x7d, 0xf6, 0x99, 0xff, 0x3c,
  0xff, 0x5c, 0xf6, 0xda, 0xff, 0x1b, 0xff, 0x9d, 0xff, 0x9c, 0xff, 0xbd,
  0xff, 0x9d, 0xff, 0xbd, 0xff, 0x7d, 0xe6, 0x79, 0xf6, 0xda, 0xff, 0x9d,
  0xff, 0x9d, 0xff, 0xbd, 0xff, 0xbd, 0xff, 0xde, 0xff, 0x1b, 0xee, 0xb9,
  0xff, 0x3c, 0xff, 0x9d, 0xff, 0x9d, 0xff, 0xbe, 0xff, 0x7d, 0xf7, 0x1b,
  0xff, 0x3b, 0xff, 0x9d, 0xff, 0x9d, 0xff, 0xde, 0xfe, 0xfb, 0xf6, 0xda,
  0xff, 0xbd, 0xff, 0xde, 0xff, 0xbd, 0xff, 0x7c, 0xee, 0x99, 0xff, 0x7d,
  0xee, 0x79, 0xff, 0xbe, 0xfe, 0xfb, 0xdd, 0xd7, 0xff, 0x7d, 0xff, 0x9d,
  0xff, 0x9d, 0xff, 0x7d, 0xe6, 0x58, 0xff, 0x9e, 0xff, 0xbe, 0xe6, 0x99,
  0xfe, 0xbc, 0xc4, 0x94, 0xac, 0x97, 0xac, 0xb7, 0xad, 0x37, 0xef, 0x9f,
  0xe6, 0xdd, 0xbd, 0xb9, 0xc5, 0xdb, 0xbd, 0xdb, 0xd4, 0xf8, 0x93, 0x31,
  0xfa, 0xf2, 0xf2, 0x71, 0xe2, 0xf2, 0xd2, 0x70, 0x41, 0xea, 0x42, 0x0b,
  0x4a, 0x4c, 0x42, 0x4c, 0x52, 0x2b, 0x4a, 0x2c, 0x4a, 0x2b, 0x52, 0x6d,
  0x4a, 0x2b, 0x4a, 0x4c, 0x4a, 0x0b, 0x52, 0x8d, 0x5a, 0x8c, 0x4a, 0x4c,
  0x4a, 0x0b, 0x4a, 0x2c, 0x52, 0x6c, 0x5a, 0x8d, 0x52, 0x0b, 0x62, 0xae,
  0x52, 0x4c, 0x4a, 0x2b, 0x4a, 0x4b, 0x42, 0x0b, 0x42, 0x2b, 0x3a, 0x2b,
  0x41, 0xca, 0x4a, 0x4c, 0x52, 0x6c, 0x42, 0x2b, 0x4a, 0x0b, 0x42, 0x2b,
  0x4a, 0x2b, 0x42, 0x2b, 0x42, 0x4b, 0x42, 0x4c, 0x71, 0x49, 0xcc, 0x35,
  0xfb, 0x74, 0xea, 0x2f, 0xfb, 0x94, 0xe3, 0x12, 0xc1, 0xee, 0xda, 0xf2,
  0xf2, 0x50, 0xf2, 0x70, 0xfb, 0x12, 0xf2, 0xf2, 0xea, 0xb0, 0xfb, 0x74,
  0xfa, 0xd2, 0xe2, 0x2f, 0xfb, 0x33, 0xfb, 0x94, 0xf2, 0x70, 0xfb, 0x13,
  0xf3, 0xb4, 0xc2, 0x4f, 0xd5, 0xb8, 0xff, 0xbf, 0xff, 0xbe, 0xff, 0xff,
  0xce, 0x38, 0xf7, 0xbe, 0xff, 0x7f, 0xc5, 0xfa, 0xc5, 0xba, 0xc5, 0xdb,
  0xc5, 0xda, 0xbd, 0x9a, 0xc5, 0x9b, 0xbd, 0x7a, 0xce, 0x3a, 0xff, 0xff,
  0xff, 0xff, 0xff, 0xff, 0xff, 0x7d, 0xff, 0x9e, 0xff, 0xff, 0xff, 0xff,
  0xff, 0xff, 0xff, 0xff, 0xff, 0xff, 0xff, 0xff, 0xc5, 0xb7, 0xef, 0x1c,
  0xff, 0x9e, 0xff, 0x9e, 0xff, 0x9d, 0xff, 0xff, 0xef, 0x1e, 0xad, 0x58,
  0xbd, 0x99, 0xd6, 0x7d, 0xef, 0x3e, 0xef, 0x3e, 0xd6, 0x3d, 0xb5, 0x9a,
  0xbd, 0x78, 0xe7, 0x1e, 0xde, 0x7c, 0xce, 0x1b, 0xde, 0x5d, 0xbd, 0x9a,
  0xc5, 0x9a, 0xbd, 0xbb, 0xc5, 0xda, 0xbd, 0xba, 0xc5, 0xb9, 0xe6, 0xfe,
  0xef, 0x3e, 0xd6, 0x9c, 0xee, 0xfe, 0xde, 0x9d, 0xde, 0x7d, 0xb5, 0x79,
  0xc5, 0xba, 0xc5, 0xdb, 0xff, 0x7f, 0xce, 0x5c, 0xbd, 0x59, 0xbd, 0xbb,
  0xc5, 0xda, 0x7b, 0xd3, 0xbd, 0xb9, 0xe7, 0x1e, 0xbd, 0x78, 0x94, 0x74,
  0xdd, 0x76, 0xf5, 0xf8, 0xff, 0x3b, 0xff, 0x5b, 0xfe, 0xfa, 0xf6, 0xb9,
  0xf6, 0x59, 0xfe, 0x58, 0xf6, 0xfa, 0xff, 0x1b, 0xff, 0x7c, 0xff, 0x3b,
  0xfe, 0xfb, 0xfe, 0x99, 0xee, 0x38, 0xfe, 0x99, 0xf7, 0x1b, 0xff, 0x5b,
  0xff, 0x5c, 0xfe, 0xfa, 0xf6, 0xb9, 0xfe, 0xb9, 0xff, 0x1b, 0xff, 0x3b,
  0xff, 0x5c, 0xff, 0x3b, 0xfe, 0xfb, 0xf6, 0x78, 0xee, 0xb9, 0xff, 0x3b,
  0xff, 0x7c, 0xff, 0x5b, 0xff, 0x7c, 0xff, 0x5b, 0xf6, 0xda, 0xf6, 0xb9,
  0xff, 0x1b, 0xff, 0x7c, 0xff, 0x7c, 0xff, 0x5c, 0xff, 0x7d, 0xff, 0x3c,
  0xfe, 0xdb, 0xee, 0x38, 0xff, 0x3c, 0xfe, 0xdb, 0xf6, 0xfb, 0xff, 0x9d,
  0xff, 0x7c, 0xff, 0x9c, 0xff, 0x5c, 0xf6, 0x9a, 0xff, 0x3c, 0xff, 0x7d,
  0xff, 0x9d, 0xff, 0x7c, 0xff, 0x9d, 0xff, 0xbd, 0xff, 0x3c, 0xee, 0x59,
  0xff, 0x5c, 0xff, 0xbd, 0xff, 0x9d, 0xff, 0x7c, 0xff, 0xbe, 0xff, 0x7c,
  0xe6, 0x39, 0xf6, 0xba, 0xff, 0xbe, 0xff, 0x9d, 0xff, 0x9d, 0xff, 0x9d,
  0xf6, 0xfb, 0xfe, 0xfb, 0xff, 0x9e, 0xff, 0x9d, 0xff, 0x9e, 0xf6, 0xfb,
  0xf6, 0xfb, 0xff, 0x7d, 0xff, 0xde, 0xff, 0xbd, 0xff, 0x3d, 0xe5, 0xf8,
  0xf7, 0x3c, 0xff, 0xbe, 0xee, 0x9a, 0xfe, 0xdb, 0xee, 0xba, 0xff, 0x9d,
  0xff, 0x9d, 0xff, 0xbe, 0xee, 0x9a, 0xf6, 0xbb, 0xff, 0xfe, 0xef, 0x1b,
  0xfe, 0x9c, 0xdd, 0x36, 0x93, 0xd5, 0xc5, 0x3a, 0x94, 0xd6, 0xce, 0x3c,
  0xb5, 0x7a, 0xbd, 0x59, 0xb5, 0xbb, 0xb5, 0x9a, 0xb2, 0xb0, 0xcb, 0x32,
  0xfa, 0x92, 0xf2, 0x10, 0xdb, 0x94, 0xb2, 0x0e, 0x3a, 0x0b, 0x42, 0x0b,
  0x42, 0x2c, 0x4a, 0x2c, 0x42, 0x2c, 0x52, 0x6d, 0x42, 0x4c, 0x42, 0x2b,
  0x3a, 0x0b, 0x4a, 0x4c, 0x4a, 0x2c, 0x52, 0x2c, 0x4a, 0x4c, 0x52, 0x2c,
  0x42, 0x2c, 0x4a, 0x0b, 0x6b, 0x0f, 0x49, 0xeb, 0x42, 0x0b, 0x6b, 0x0f,
  0x4a, 0x2c, 0x4a, 0x0b, 0x52, 0x8d, 0x39, 0xea, 0x3a, 0x2c, 0x42, 0x0b,
  0x42, 0x2c, 0x52, 0x4c, 0x4a, 0x4d, 0x52, 0x2c, 0x4a, 0x4d, 0x42, 0x0b,
  0x39, 0xeb, 0x4a, 0x2c, 0x3a, 0x4c, 0x3a, 0x0b, 0xa1, 0xed, 0xeb, 0xf5,
  0xfa, 0xd2, 0xf2, 0x50, 0xe3, 0xd4, 0xba, 0x2e, 0xba, 0x90, 0xb2, 0x4e,
  0xda, 0x91, 0xda, 0x70, 0xda, 0x0f, 0xfa, 0xf3, 0xfb, 0x54, 0xea, 0x70,
  0xfb, 0xb5, 0xfc, 0x16, 0xe2, 0x91, 0xf2, 0xf2, 0xfb, 0xb5, 0xe2, 0x6f,
  0xf2, 0x71, 0xfb, 0x13, 0xab, 0x10, 0xec, 0xd7, 0xff, 0xff, 0xff, 0xbf,
  0xd6, 0xbb, 0xff, 0xbe, 0xde, 0xbe, 0xc5, 0xda, 0xbd, 0xbb, 0xbd, 0x9a,
  0xbd, 0x9a, 0xbd, 0x99, 0xbd, 0xbb, 0xbd, 0x7a, 0xef, 0x5e, 0xff, 0xff,
  0xff, 0xff, 0xff, 0xff, 0xff, 0xdf, 0xff, 0x9e, 0xff, 0xff, 0xff, 0xff,
  0xff, 0xff, 0xff, 0xff, 0xff, 0xff, 0xc5, 0xd8, 0xde, 0xbb, 0xff, 0xbf,
  0xf7, 0x5d, 0xff, 0x9e, 0xff, 0xbf, 0xff, 0xff, 0xce, 0x5d, 0xbd, 0x99,
  0xbd, 0xbb, 0xb5, 0x5a, 0xb5, 0x79, 0xce, 0x1c, 0xe7, 0x1e, 0xef, 0x1e,
  0xe7, 0x1f, 0xe6, 0xde, 0xb5, 0x78, 0xf7, 0x5f, 0xce, 0x3c, 0xbd, 0x79,
  0xbd, 0xdb, 0xbd, 0x9a, 0xbd, 0xbb, 0xc5, 0x9a, 0xbd, 0x9b, 0xb5, 0x3a,
  0xce, 0x3b, 0xff, 0x7f, 0xde, 0xdd, 0xe6, 0xdd, 0xbd, 0xba, 0xbd, 0x9a,
  0xbd, 0x9b, 0xbd, 0x7b, 0xc5, 0xfb, 0xf7, 0x3f, 0xbd, 0xba, 0xc5, 0xba,
  0xbd, 0x9c, 0x7b, 0x93, 0xbd, 0xba, 0xef, 0x3f, 0xbd, 0xda, 0x9c, 0x94,
  0xfe, 0x58, 0xdd, 0xb6, 0xed, 0xf6, 0xf6, 0x38, 0xfe, 0xfa, 0xff, 0x7c,
  0xff, 0x1a, 0xf6, 0xd9, 0xfe, 0x58, 0xfe, 0x79, 0xfe, 0xd9, 0xff, 0x3b,
  0xff, 0x3a, 0xff, 0x5b, 0xff, 0x1a, 0xfe, 0xfa, 0xfe, 0x99, 0xfe, 0x99,
  0xff, 0x1a, 0xff, 0x7c, 0xff, 0x5b, 0xff, 0x5b, 0xfe, 0xb9, 0xfe, 0xb9,
  0xff, 0x1a, 0xff, 0x5b, 0xff, 0x7b, 0xff, 0x7c, 0xfe, 0xda, 0xf6, 0x99,
  0xfe, 0xb9, 0xff, 0x3b, 0xff, 0x7b, 0xff, 0x9c, 0xff, 0x7c, 0xff, 0x3b,
  0xfe, 0x79, 0xfe, 0xda, 0xff, 0x3b, 0xff, 0x9c, 0xff, 0x7b, 0xff, 0xbd,
  0xf6, 0x58, 0xfe, 0xfb, 0xf6, 0x99, 0xe6, 0x58, 0xff, 0x9c, 0xff, 0x7c,
  0xff, 0x7b, 0xff, 0x7c, 0xff, 0x9c, 0xff, 0x7c, 0xfe, 0xda, 0xf6, 0xda,
  0xff, 0x5c, 0xff, 0x9d, 0xff, 0x7c, 0xff, 0x9d, 0xff, 0x9c, 0xff, 0x7c,
  0xf6, 0x99, 0xfe, 0xfb, 0xff, 0xbd, 0xff, 0x9d, 0xff, 0x7c, 0xff, 0x9d,
  0xff, 0x9d, 0xf6, 0xda, 0xf6, 0xb9, 0xff, 0x7d, 0xff, 0xbd, 0xff, 0xbd,
  0xff, 0x9d, 0xf6, 0xfa, 0xfe, 0xfb, 0xff, 0x7d, 0xff, 0xbd, 0xff, 0xde,
  0xff, 0x3c, 0xf6, 0xda, 0xff, 0x9d, 0xff, 0xbe, 0xff, 0x1c, 0xe6, 0x38,
  0xff, 0x1b, 0xf6, 0xfb, 0xee, 0xba, 0xff, 0xde, 0xf6, 0x99, 0xee, 0x99,
  0xff, 0xdd, 0xff, 0xbd, 0xff, 0x7d, 0xe6, 0x38, 0xff, 0x9d, 0xff, 0x9d,
  0xed, 0xb8, 0xed, 0xf8, 0x9c, 0x14, 0xcd, 0xbb, 0x9c, 0x75, 0x9c, 0xd7,
  0xcd, 0xfc, 0xbd, 0xbb, 0xcd, 0x59, 0x93, 0xd4, 0xf2, 0xd2, 0xf3, 0x13,
  0xf2, 0x2f, 0xfa, 0xb1, 0xc3, 0x52, 0x81, 0x8b, 0x42, 0x0b, 0x4a, 0x8d,
  0x4a, 0x2b, 0x4a, 0x6c, 0x4a, 0x6c, 0x3a, 0x0b, 0x39, 0xea, 0x3a, 0x2b,
  0x42, 0x0b, 0x42, 0x2b, 0x52, 0x2c, 0x4a, 0x4c, 0x4a, 0x2b, 0x42, 0x2b,
  0x49, 0xea, 0x5a, 0xad, 0x62, 0xad, 0x4a, 0x4c, 0x5a, 0x4c, 0x6a, 0xef,
  0x4a, 0x0b, 0x4a, 0x2c, 0x52, 0x4c, 0x4a, 0x2c, 0x42, 0x0b, 0x3a, 0x0b,
  0x4a, 0x4c, 0x42, 0x0b, 0x4a, 0x0b, 0x4a, 0x2c, 0x4a, 0x2b, 0x42, 0x0b,
  0x42, 0x2b, 0x42, 0x4c, 0x42, 0x0b, 0x39, 0xea, 0xda, 0xd1, 0xf3, 0xd5,
  0xf2, 0x4f, 0xfb, 0x13, 0xcb, 0x31, 0x91, 0xcc, 0xc2, 0x2e, 0xc2, 0x6f,
  0xb2, 0x6e, 0x9a, 0x0d, 0xa2, 0x8e, 0x92, 0x2c, 0xda, 0x2f, 0xfb, 0x54,
  0xea, 0xb1, 0xf3, 0x12, 0xfb, 0x74, 0xd2, 0x0f, 0xf2, 0xd1, 0xfb, 0x94,
  0xe2, 0x2f, 0xf2, 0xb1, 0xfc, 0x16, 0xca, 0x6f, 0xbd, 0x35, 0xff, 0xbf,
  0xce, 0x39, 0xef, 0x5e, 0xde, 0x5c, 0xbd, 0x79, 0xbd, 0x7a, 0xb5, 0x7b,
  0xc5, 0xbb, 0xc5, 0xfc, 0xc5, 0x9a, 0xc5, 0xfb, 0xe6, 0xfc, 0xef, 0x3d,
  0xf7, 0x3e, 0xe6, 0xde, 0xe6, 0x9c, 0xd6, 0x3b, 0xde, 0x7c, 0xd6, 0x9c,
  0xd6, 0x5b, 0xd6, 0x9c, 0xa4, 0xf4, 0xc6, 0x19, 0xff, 0xdf, 0xff, 0x9e,
  0xff, 0x9e, 0xff, 0xbf, 0xff, 0xbe, 0xff, 0xff, 0xc5, 0x9a, 0xb5, 0x7a,
  0xcd, 0xdb, 0xbd, 0x9a, 0xbd, 0x9a, 0xbd, 0xbb, 0xc5, 0xb9, 0xc6, 0x1b,
  0xef, 0x1d, 0xef, 0x5f, 0xff, 0x7e, 0xe6, 0xfd, 0xbd, 0x79, 0xc5, 0xdb,
  0xc5, 0xba, 0xc5, 0xdb, 0xc5, 0xba, 0xbd, 0x9a, 0xbd, 0x7a, 0xbd, 0xbb,
  0xbd, 0x79, 0xc5, 0xdb, 0xf7, 0x5f, 0xe6, 0xfe, 0xbd, 0x79, 0xbd, 0xda,
  0xbd, 0x99, 0xbd, 0xba, 0xbd, 0x78, 0xd6, 0x5c, 0xf7, 0x5f, 0xc5, 0xda,
  0xad, 0x18, 0x83, 0xf4, 0xbd, 0xb9, 0xe7, 0x1f, 0xde, 0x7c, 0x9c, 0xd6,
  0xff, 0x3b, 0xf6, 0xb9, 0xfe, 0xdb, 0xfe, 0x79, 0xee, 0x17, 0xed, 0xd6,
  0xf6, 0xb9, 0xff, 0x3b, 0xff, 0x5c, 0xfe, 0xfa, 0xfe, 0xb9, 0xf6, 0x58,
  0xfe, 0xfa, 0xfe, 0xfa, 0xff, 0x5b, 0xff, 0x5b, 0xff, 0x3b, 0xfe, 0xfa,
  0xf6, 0x99, 0xf6, 0x79, 0xff, 0x1b, 0xff, 0x3b, 0xff, 0x7c, 0xff, 0x1a,
  0xfe, 0xda, 0xf6, 0x99, 0xf6, 0xfa, 0xff, 0x3b, 0xff, 0x9c, 0xff, 0x5b,
  0xfe, 0xfb, 0xfe, 0x99, 0xf6, 0xda, 0xff, 0x5c, 0xff, 0x7c, 0xff, 0x7c,
  0xff, 0x7c, 0xff, 0x1b, 0xee, 0x99, 0xfe, 0xfa, 0xff, 0x7d, 0xfe, 0xda,
  0xf6, 0xda, 0xff, 0x3b, 0xee, 0x9a, 0xf6, 0xba, 0xee, 0x9a, 0xff, 0x1b,
  0xff, 0x9d, 0xff, 0x5c, 0xff, 0x7c, 0xff, 0x7c, 0xff, 0x9d, 0xff, 0x3b,
  0xee, 0x99, 0xff, 0x1b, 0xff, 0x9d, 0xff, 0x7c, 0xff, 0x9d, 0xff, 0x9c,
  0xff, 0x9e, 0xf6, 0xda, 0xee, 0x9a, 0xff, 0x7d, 0xff, 0x9e, 0xff, 0x7d,
  0xff, 0x9d, 0xff, 0x9d, 0xf6, 0xfb, 0xf6, 0x9a, 0xff, 0x7d, 0xff, 0x9d,
  0xff, 0x9d, 0xff, 0xbe, 0xf6, 0xfb, 0xf6, 0xda, 0xff, 0xbe, 0xff, 0x9d,
  0xff, 0xde, 0xff, 0x5c, 0xee, 0x9a, 0xff, 0x7d, 0xe6, 0x7a, 0xff, 0x5d,
  0xf6, 0x9b, 0xdd, 0x96, 0xff, 0xbe, 0xff, 0x9d, 0xff, 0x9e, 0xe6, 0x38,
  0xff, 0x5c, 0xff, 0x9d, 0xff, 0x9e, 0xf6, 0xfb, 0xee, 0x9a, 0xff, 0x9e,
  0xe5, 0x78, 0xd4, 0xd5, 0xac, 0xb8, 0xc5, 0x5a, 0xc6, 0x1b, 0xb5, 0x58,
  0xc5, 0xfb, 0xbd, 0x9a, 0xcb, 0x94, 0xc3, 0x12, 0xfa, 0xf3, 0xf2, 0x71,
  0xea, 0x50, 0xf2, 0x70, 0x8a, 0x6e, 0x71, 0x6a, 0x3a, 0x2b, 0x3a, 0x2b,
  0x42, 0x0c, 0x4a, 0x0b, 0x42, 0x4c, 0x41, 0xeb, 0x42, 0x2c, 0x41, 0xeb,
  0x42, 0x2c, 0x4a, 0x2c, 0x42, 0x2c, 0x42, 0x0b, 0x3a, 0x2c, 0x3a, 0x0b,
  0x4a, 0x0b, 0x6a, 0xce, 0x4a, 0x2c, 0x4a, 0x2b, 0x49, 0xeb, 0x6a, 0xce,
  0x42, 0x0b, 0x41, 0xeb, 0x5a, 0xae, 0x49, 0xeb, 0x42, 0x0b, 0x4a, 0x0b,
  0x42, 0x4c, 0x42, 0x0b, 0x3a, 0x0b, 0x41, 0xea, 0x42, 0x2c, 0x4a, 0x2c,
  0x3a, 0x0b, 0x42, 0x0b, 0x39, 0xca, 0x4a, 0x0b, 0xf3, 0x74, 0xfb, 0x74,
  0xda, 0x0f, 0xfb, 0x54, 0xb2, 0xb0, 0xba, 0xb0, 0xca, 0xb0, 0xba, 0x0d,
  0xd2, 0xf2, 0xd2, 0xb1, 0xb2, 0x4f, 0xba, 0x6f, 0x91, 0xec, 0x91, 0xab,
  0xea, 0xd2, 0xf2, 0xd2, 0xea, 0x91, 0xfb, 0x33, 0xda, 0x30, 0xf2, 0x91,
  0xfb, 0x95, 0xea, 0x70, 0xf2, 0xf2, 0xfb, 0xb5, 0xa2, 0x8e, 0xdc, 0x55,
  0xd6, 0xfc, 0xde, 0xfc, 0xc5, 0xfb, 0xc5, 0xba, 0xbd, 0xba, 0xc5, 0xba,
  0xc5, 0xdb, 0xc5, 0xba, 0xbd, 0x9b, 0xc5, 0x9b, 0xb5, 0x9a, 0xbd, 0x7a,
  0xbd, 0x9b, 0xbd, 0x5a, 0xb5, 0x7a, 0xb5, 0x19, 0xb5, 0x7a, 0xb5, 0x7a,
  0xbd, 0xdb, 0x9c, 0x96, 0xad, 0x56, 0xff, 0xdf, 0xf7, 0x7e, 0xff, 0x9e,
  0xf7, 0x7e, 0xff, 0x9e, 0xff, 0xdf, 0xf7, 0x7d, 0xc5, 0xdc, 0xcd, 0xfc,
  0xc5, 0xfb, 0xbd, 0x9a, 0xc5, 0xdc, 0xc5, 0x9b, 0xbd, 0xbb, 0xc5, 0x9a,
  0xbd, 0xdb, 0xc5, 0xda, 0xde, 0xdd, 0xef, 0x3e, 0xe7, 0x1f, 0xce, 0x3b,
  0xb5, 0x5a, 0xbd, 0x5a, 0xbd, 0xbb, 0xbd, 0x9a, 0xbd, 0xdb, 0xcd, 0xfb,
  0xbd, 0x9b, 0xbd, 0x9a, 0xb5, 0x99, 0xe6, 0xbd, 0xef, 0x5f, 0xc5, 0xfa,
  0xad, 0x59, 0xbd, 0x9a, 0xbd, 0xbb, 0xb5, 0x59, 0xde, 0x9d, 0xf7, 0x3f,
  0x9c, 0xd6, 0xad, 0x37, 0xb5, 0xba, 0xce, 0x3c, 0xe6, 0xfe, 0xa4, 0xd5,
  0xed, 0xb6, 0xed, 0xf7, 0xff, 0x1a, 0xff, 0x5b, 0xff, 0x1b, 0xfe, 0xb9,
  0xf6, 0x57, 0xf6, 0x78, 0xfe, 0x98, 0xff, 0x1a, 0xff, 0x5b, 0xff, 0x3b,
  0xfe, 0xb9, 0xf6, 0xb9, 0xfe, 0xb9, 0xff, 0x1b, 0xff, 0x5b, 0xff, 0x5b,
  0xff, 0x1b, 0xfe, 0xfa, 0xfe, 0xb9, 0xf6, 0x99, 0xff, 0x1a, 0xff, 0x7c,
  0xff, 0x3b, 0xff, 0x3b, 0xf6, 0x98, 0xf6, 0xd9, 0xff, 0x1a, 0xff, 0x7c,
  0xff, 0x5b, 0xff, 0x5b, 0xfe, 0xd9, 0xf6, 0xda, 0xff, 0x1a, 0xff, 0x7c,
  0xff, 0x7b, 0xff, 0x9c, 0xff, 0x5b, 0xff, 0x1b, 0xee, 0x37, 0xf6, 0x79,
  0xff, 0x5c, 0xe6, 0x38, 0xff, 0x3b, 0xff, 0x9d, 0xff, 0x3b, 0xee, 0x99,
  0xfe, 0xd9, 0xff, 0x7c, 0xff, 0x7c, 0xff, 0x7c, 0xff, 0x7c, 0xff, 0xbd,
  0xff, 0x5c, 0xf6, 0xda, 0xf6, 0xb9, 0xff, 0x9d, 0xff, 0x9c, 0xff, 0x7c,
  0xff, 0x9c, 0xff, 0xbd, 0xff, 0x1b, 0xee, 0xb9, 0xff, 0x5c, 0xff, 0xbe,
  0xff, 0x9c, 0xff, 0x9d, 0xff, 0xbd, 0xff, 0x5c, 0xee, 0x58, 0xff, 0x5c,
  0xff, 0x9c, 0xff, 0x9d, 0xff, 0xbd, 0xf7, 0x3b, 0xf6, 0xba, 0xff, 0x7d,
  0xff, 0xbd, 0xff, 0xbd, 0xff, 0x1c, 0xdd, 0xd7, 0xee, 0x99, 0xff, 0xde,
  0xf6, 0x79, 0xee, 0x39, 0xf6, 0xfa, 0xff, 0x9e, 0xff, 0x9d, 0xff, 0x3c,
  0xdd, 0xf7, 0xff, 0x9e, 0xff, 0x7d, 0xff, 0x7d, 0xdd, 0xd6, 0xff, 0x9d,
  0xe5, 0x17, 0xab, 0x51, 0xb4, 0xf8, 0xcd, 0xfc, 0xf7, 0x9f, 0xc6, 0x5b,
  0x9b, 0x92, 0x93, 0xb3, 0xf2, 0xd1, 0xf3, 0x33, 0xea, 0x90, 0xea, 0xd1,
  0xfa, 0xd1, 0xda, 0x0f, 0x92, 0xae, 0x69, 0xab, 0x3a, 0x0a, 0x3a, 0x4b,
  0x4a, 0x0b, 0x4a, 0x2c, 0x42, 0x0b, 0x42, 0x0b, 0x4a, 0x4c, 0x42, 0x2b,
  0x41, 0xea, 0x42, 0x2b, 0x42, 0x0b, 0x3a, 0x0b, 0x42, 0x0a, 0x3a, 0x2b,
  0x52, 0x0b, 0x6a, 0xef, 0x4a, 0x0a, 0x42, 0x2b, 0x4a, 0x0b, 0x62, 0xef,
  0x4a, 0x0b, 0x39, 0xea, 0x52, 0x4c, 0x52, 0x4c, 0x42, 0x0b, 0x42, 0x2b,
  0x4a, 0x2b, 0x3a, 0x0b, 0x4a, 0x2b, 0x3a, 0x0b, 0x42, 0x0a, 0x3a, 0x2b,
  0x3a, 0x0a, 0x42, 0x6c, 0x51, 0xeb, 0x62, 0x8d, 0xfb, 0x53, 0xf2, 0xb1,
  0xe2, 0x70, 0xf3, 0x33, 0xa1, 0xed, 0xaa, 0x4f, 0xda, 0xf1, 0xd2, 0xf1,
  0xb2, 0x0d, 0xc2, 0xd0, 0xd2, 0xb0, 0xba, 0x0e, 0xc2, 0xb0, 0xb2, 0x4e,
  0x91, 0x6a, 0xc2, 0xf1, 0xea, 0x70, 0xfa, 0xf2, 0xfb, 0x53, 0xda, 0x2f,
  0xf2, 0x70, 0xfb, 0x75, 0xea, 0x70, 0xf2, 0xd2, 0xfb, 0xb5, 0xd2, 0x2f,
  0x9c, 0x12, 0xff, 0x7f, 0xff, 0xdf, 0xff, 0xff, 0xff, 0xdf, 0xff, 0xdf,
  0xf7, 0x5f, 0xbd, 0xb9, 0xc5, 0xba, 0xbd, 0xbb, 0xbd, 0x7a, 0xc5, 0xdb,
  0xc5, 0xba, 0xbd, 0xbb, 0xd6, 0x3b, 0xde, 0xbd, 0xd6, 0x7c, 0xce, 0x5c,
  0xb5, 0x37, 0xb5, 0x79, 0xff, 0xff, 0xff, 0xbf, 0xff, 0x7d, 0xff, 0x9d,
  0xff, 0xbe, 0xff, 0xbf, 0xff, 0xbf, 0xef, 0x3d, 0xc5, 0x9a, 0xc5, 0xdb,
  0xc5, 0xba, 0xbd, 0x9a, 0xc5, 0xbb, 0xbd, 0xbb, 0xc5, 0x9a, 0xbd, 0xbb,
  0xc5, 0xdb, 0xbd, 0xbb, 0xc5, 0x9a, 0xbd, 0x9a, 0xde, 0x9b, 0xef, 0x3e,
  0xef, 0x1e, 0xce, 0x5b, 0xbd, 0x79, 0xbd, 0x9a, 0xe6, 0xdd, 0xd6, 0x7c,
  0xd6, 0x1b, 0xbd, 0x9a, 0xbd, 0x9a, 0xb5, 0x7a, 0xd6, 0x3a, 0xf7, 0x9f,
  0xde, 0x7c, 0xb5, 0x79, 0xc5, 0xbb, 0xbd, 0xbb, 0xb5, 0x58, 0xe6, 0xdf,
  0xb5, 0x77, 0xe7, 0x1e, 0xcd, 0xfb, 0xbd, 0x9a, 0xf7, 0x3e, 0xb5, 0x77,
  0xf6, 0x19, 0xe5, 0x76, 0xee, 0x38, 0xf6, 0x38, 0xf6, 0xfa, 0xff, 0x3b,
  0xff, 0x5c, 0xfe, 0xfa, 0xf6, 0x78, 0xed, 0xf7, 0xfe, 0x99, 0xfe, 0xda,
  0xff, 0x3b, 0xff, 0x3b, 0xfe, 0xda, 0xf6, 0x78, 0xf6, 0x99, 0xff, 0x1b,
  0xff, 0x5c, 0xff, 0x3b, 0xff, 0x5c, 0xff, 0x1b, 0xf6, 0x79, 0xfe, 0x99,
  0xff, 0x3b, 0xff, 0x5c, 0xff, 0x5c, 0xff, 0x1b, 0xf6, 0xb9, 0xfe, 0xda,
  0xff, 0x1b, 0xff, 0x3b, 0xff, 0x3c, 0xff, 0x3b, 0xf6, 0xfa, 0xf6, 0x99,
  0xff, 0x1b, 0xff, 0x3b, 0xff, 0x7c, 0xff, 0x3b, 0xfe, 0x9a, 0xfe, 0x79,
  0xde, 0x18, 0xff, 0x1c, 0xff, 0xbd, 0xff, 0x5c, 0xff, 0x7c, 0xff, 0x5c,
  0xf6, 0x99, 0xee, 0x58, 0xff, 0x5c, 0xff, 0x7d, 0xff, 0x7d, 0xff, 0x7d,
  0xff, 0x7d, 0xff, 0x7c, 0xff, 0x1b, 0xfe, 0xba, 0xff, 0x5c, 0xff, 0x9d,
  0xff, 0x9d, 0xff, 0x9c, 0xff, 0x7d, 0xff, 0x3c, 0xee, 0x9a, 0xfe, 0xdb,
  0xff, 0xbd, 0xff, 0x9d, 0xff, 0x9d, 0xff, 0x9d, 0xff, 0x3c, 0xee, 0x59,
  0xff, 0x3c, 0xff, 0x9d, 0xff, 0x9d, 0xff, 0xbd, 0xff, 0x3c, 0xee, 0x79,
  0xff, 0xbe, 0xff, 0x9d, 0xff, 0x5d, 0xdd, 0x96, 0xf6, 0xfc, 0xff, 0x5d,
  0xee, 0xbb, 0xff, 0x9e, 0xee, 0xbb, 0xff, 0x5d, 0xff, 0x9d, 0xff, 0xbd,
  0xde, 0x18, 0xfe, 0xba, 0xff, 0xbe, 0xff, 0xbe, 0xe6, 0x38, 0xfe, 0xfb,
  0xc4, 0xf7, 0xa3, 0xb2, 0xd6, 0x7d, 0xf7, 0x7f, 0xd6, 0x9e, 0x94, 0x75,
  0xaa, 0x4f, 0xd3, 0x33, 0xfa, 0xf3, 0xf2, 0x71, 0xea, 0xd2, 0xf2, 0xf2,
  0xd2, 0x70, 0xc1, 0xcd, 0x9a, 0xf0, 0x69, 0x29, 0x32, 0x4c, 0x3a, 0x2b,
  0x39, 0xeb, 0x4a, 0x0b, 0x42, 0x0c, 0x4a, 0x2c, 0x3a, 0x0b, 0x42, 0x0b,
  0x42, 0x2c, 0x42, 0x0b, 0x42, 0x2c, 0x41, 0xeb, 0x3a, 0x0b, 0x42, 0x0b,
  0x5a, 0x6d, 0x62, 0x8d, 0x39, 0xeb, 0x42, 0x0b, 0x39, 0xcb, 0x62, 0xae,
  0x4a, 0x4c, 0x42, 0x0b, 0x4a, 0x6d, 0x5a, 0x8d, 0x31, 0xca, 0x39, 0xea,
  0x39, 0xeb, 0x42, 0x0b, 0x42, 0x0c, 0x4a, 0x2c, 0x3a, 0x0b, 0x39, 0xea,
  0x42, 0x4d, 0x39, 0xeb, 0x49, 0x6a, 0x8b, 0x10, 0xfb, 0x75, 0xea, 0x0f,
  0xf3, 0x74, 0xd2, 0x70, 0xa2, 0x0e, 0xc2, 0xd1, 0xb2, 0x0e, 0xd2, 0xf1,
  0xc2, 0xb0, 0xb2, 0x0d, 0xca, 0xf1, 0xca, 0xd0, 0xa9, 0xad, 0xd2, 0xb0,
  0xb2, 0xd0, 0x99, 0xcc, 0xc2, 0x70, 0xca, 0x6f, 0xfa, 0xd2, 0xfb, 0x54,
  0xda, 0x2f, 0xfb, 0x12, 0xfb, 0x74, 0xea, 0x90, 0xfa, 0xb2, 0xfb, 0x34,
  0xa2, 0xaf, 0xd4, 0x14, 0xf7, 0xff, 0xff, 0xff, 0xff, 0xff, 0xff, 0xff,
  0xde, 0xbe, 0xbd, 0x59, 0xbd, 0x9b, 0xc5, 0x9a, 0xbd, 0xbb, 0xcd, 0xdb,
  0xbd, 0xba, 0xbd, 0x79, 0xc6, 0x1b, 0xde, 0x9d, 0xde, 0xfe, 0xef, 0x1f,
  0xa5, 0x36, 0xf7, 0x7f, 0xff, 0xff, 0xff, 0xdf, 0xf7, 0x7e, 0xf7, 0x3c,
  0xf7, 0x7e, 0xff, 0xbf, 0xff, 0xdf, 0xe6, 0xdc, 0xbd, 0x9b, 0xbd, 0x9a,
  0xbd, 0x9b, 0xc5, 0x9b, 0xb5, 0x9a, 0xbd, 0x9a, 0xbd, 0xba, 0xc5, 0xdb,
  0xbd, 0xda, 0xc5, 0xda, 0xc5, 0xdb, 0xbd, 0x9a, 0xbd, 0xbc, 0xbd, 0x7b,
  0xce, 0x3c, 0xee, 0xff, 0xe7, 0x3e, 0xef, 0x1d, 0xd6, 0x9d, 0xe6, 0xbd,
  0xd6, 0x7d, 0xbd, 0x79, 0xbd, 0xdb, 0xbd, 0x9a, 0xb5, 0x5a, 0xbd, 0x9a,
  0xe7, 0x1f, 0xe6, 0xde, 0xbd, 0xba, 0xc5, 0xba, 0xc5, 0xdc, 0xa4, 0xb7,
  0x8c, 0x34, 0xde, 0x9d, 0xef, 0x5f, 0xb5, 0x58, 0xde, 0xbe, 0xc5, 0xfa,
  0xf6, 0x18, 0xfe, 0xdb, 0xff, 0x1b, 0xfe, 0xda, 0xf6, 0x37, 0xee, 0x38,
  0xfe, 0x99, 0xff, 0x1b, 0xff, 0x3b, 0xff, 0x1b, 0xfe, 0x99, 0xee, 0x37,
  0xfe, 0x78, 0xfe, 0xfa, 0xff, 0x3b, 0xff, 0x1a, 0xfe, 0xd9, 0xfe, 0xb9,
  0xfe, 0xb9, 0xff, 0x1a, 0xff, 0x3b, 0xff, 0x5b, 0xff, 0x3b, 0xfe, 0xfa,
  0xfe, 0x99, 0xf6, 0x99, 0xff, 0x1a, 0xff, 0x5b, 0xff, 0x5b, 0xff, 0x1a,
  0xfe, 0x99, 0xfe, 0xda, 0xff, 0x3b, 0xff, 0x5c, 0xff, 0x3b, 0xff, 0x3b,
  0xfe, 0x99, 0xfe, 0xda, 0xff, 0x3b, 0xe6, 0x37, 0xff, 0x5c, 0xee, 0xb9,
  0xfe, 0x99, 0xf6, 0xba, 0xf6, 0xf9, 0xff, 0x9c, 0xff, 0x7b, 0xff, 0x7c,
  0xff, 0x7c, 0xff, 0x3b, 0xee, 0x78, 0xf6, 0xfa, 0xff, 0x9c, 0xff, 0x7c,
  0xff, 0x7c, 0xff, 0x7c, 0xff, 0x9c, 0xff, 0x7c, 0xf6, 0x99, 0xfe, 0xfb,
  0xff, 0x9c, 0xff, 0x7c, 0xff, 0x7c, 0xff, 0x9d, 0xff, 0x5c, 0xee, 0xba,
  0xfe, 0xda, 0xff, 0x7d, 0xff, 0x9c, 0xff, 0x9d, 0xff, 0xbd, 0xff, 0x7c,
  0xf6, 0xb9, 0xff, 0x3c, 0xff, 0x9d, 0xff, 0x7d, 0xff, 0x9d, 0xff, 0x5c,
  0xfe, 0xfa, 0xff, 0x9d, 0xe6, 0x58, 0xff, 0x7d, 0xfe, 0xba, 0xe6, 0x18,
  0xff, 0xbe, 0xff, 0x7d, 0xff, 0x5c, 0xee, 0x9a, 0xff, 0x9c, 0xff, 0xdd,
  0xff, 0x3c, 0xe6, 0x38, 0xff, 0xbd, 0xff, 0xbe, 0xfe, 0xbb, 0xf6, 0x7a,
  0xcd, 0x56, 0xe6, 0x1a, 0xf7, 0x5f, 0xb5, 0xba, 0xc3, 0x52, 0xa2, 0x8f,
  0xe2, 0x6f, 0xe2, 0x90, 0xfa, 0xd2, 0xea, 0x71, 0xfb, 0x12, 0xe2, 0x90,
  0xc9, 0xcd, 0xe2, 0xb1, 0x92, 0xae, 0x69, 0xab, 0x3a, 0x4b, 0x32, 0x0a,
  0x41, 0xea, 0x42, 0x2b, 0x42, 0x0b, 0x4a, 0x4c, 0x41, 0xea, 0x3a, 0x0b,
  0x4a, 0x4c, 0x42, 0x2b, 0x4a, 0x2b, 0x3a, 0x0b, 0x42, 0x0b, 0x3a, 0x0b,
  0x62, 0x8d, 0x5a, 0x8d, 0x42, 0x2b, 0x42, 0x2c, 0x41, 0xca, 0x5a, 0xae,
  0x4a, 0x2b, 0x39, 0xeb, 0x4a, 0x2b, 0x52, 0x8d, 0x39, 0xca, 0x3a, 0x2b,
  0x42, 0x2b, 0x42, 0x4c, 0x42, 0x0b, 0x42, 0x2b, 0x4a, 0x2b, 0x42, 0x2c,
  0x42, 0x4b, 0x3a, 0x2b, 0x59, 0x69, 0x93, 0x51, 0xfb, 0x74, 0xe2, 0x0f,
  0xf3, 0xb4, 0xba, 0x2e, 0xa9, 0xac, 0xc2, 0x90, 0xca, 0x6f, 0xba, 0x0d,
  0xd2, 0xb0, 0xd2, 0xf1, 0xb2, 0x2e, 0xc2, 0xf1, 0xd2, 0xf1, 0xa1, 0x8c,
  0xd2, 0xb0, 0xca, 0xb0, 0xa9, 0xec, 0xb2, 0x4e, 0xda, 0x4f, 0xf3, 0x74,
  0xfb, 0x94, 0xe2, 0x4f, 0xfb, 0x12, 0xfb, 0xb4, 0xe2, 0x6f, 0xfb, 0x74,
  0xfb, 0x74, 0xc9, 0xad, 0xb4, 0x53, 0xff, 0x5f, 0xff, 0xff, 0xef, 0x7e,
  0xbd, 0x99, 0xbd, 0x9a, 0xbd, 0x79, 0xc5, 0xfb, 0xcd, 0xda, 0xbd, 0xba,
  0xc5, 0xbb, 0xb5, 0x5a, 0xd6, 0x3b, 0xe7, 0x1e, 0xd6, 0x5b, 0x94, 0x94,
  0xe6, 0xfb, 0xff, 0xff, 0xff, 0xdf, 0xff, 0xff, 0xff, 0xdf, 0xf7, 0xbe,
  0xff, 0x7d, 0xff, 0xbe, 0xff, 0xbf, 0xd6, 0x7a, 0xc5, 0xba, 0xce, 0x1c,
  0xcd, 0xfb, 0xc5, 0xda, 0xbd, 0x7a, 0xc5, 0xbb, 0xbd, 0x79, 0xbd, 0xbb,
  0xc5, 0xba, 0xbd, 0xda, 0xc5, 0xbb, 0xbd, 0x9a, 0xc5, 0x9a, 0xc5, 0xfb,
  0xc5, 0xba, 0xbd, 0x9a, 0xcd, 0xfa, 0xe6, 0xde, 0xf7, 0x5d, 0xff, 0xbf,
  0xc5, 0xdb, 0xb5, 0x79, 0xbd, 0x7a, 0xbd, 0x9b, 0xc5, 0xdb, 0xc5, 0xdb,
  0xbd, 0x78, 0xde, 0xbe, 0xf7, 0x3f, 0xbd, 0xda, 0xbd, 0x9a, 0x94, 0x95,
  0xc5, 0xba, 0xbd, 0xba, 0xe6, 0xdd, 0xde, 0x9d, 0xc5, 0xd9, 0xd6, 0x7c,
  0xd5, 0x75, 0xfe, 0xba, 0xff, 0x1b, 0xff, 0x3b, 0xff, 0x1b, 0xfe, 0xda,
  0xf6, 0x79, 0xed, 0xd6, 0xee, 0x79, 0xfe, 0xfa, 0xff, 0x5c, 0xff, 0x3b,
  0xfe, 0xda, 0xf6, 0x38, 0xf6, 0x79, 0xfe, 0xda, 0xff, 0x5c, 0xff, 0x1b,
  0xfe, 0xba, 0xf6, 0x78, 0xf6, 0xb9, 0xff, 0x1b, 0xff, 0x5c, 0xff, 0x5b,
  0xff, 0x3b, 0xfe, 0xd9, 0xf6, 0x99, 0xfe, 0xda, 0xff, 0x5b, 0xff, 0x7c,
  0xff, 0x3b, 0xf6, 0xda, 0xf6, 0x99, 0xfe, 0xda, 0xff, 0x5c, 0xff, 0x5b,
  0xff, 0x7c, 0xff, 0x1a, 0xdd, 0x96, 0xfe, 0x9a, 0xee, 0xba, 0xfe, 0xda,
  0xff, 0x7d, 0xff, 0x5c, 0xf6, 0x79, 0xed, 0xf7, 0xff, 0x7c, 0xff, 0x7c,
  0xff, 0x3c, 0xff, 0x7c, 0xff, 0x5c, 0xee, 0x78, 0xee, 0x99, 0xff, 0x5c,
  0xff, 0x9d, 0xff, 0x5b, 0xff, 0x9d, 0xff, 0x9c, 0xff, 0x5d, 0xf6, 0x99,
  0xee, 0x99, 0xff, 0x5c, 0xff, 0x9d, 0xff, 0x7c, 0xff, 0x9d, 0xff, 0x9d,
  0xf6, 0xba, 0xfe, 0x9a, 0xff, 0x9d, 0xff, 0x7c, 0xff, 0x9d, 0xff, 0x9c,
  0xff, 0x9d, 0xee, 0x99, 0xff, 0x1c, 0xff, 0x7d, 0xf7, 0x9d, 0xff, 0xdd,
  0xff, 0x1c, 0xd5, 0x75, 0xf6, 0xfc, 0xff, 0x9e, 0xee, 0x59, 0xdd, 0xd7,
  0xff, 0x3c, 0xff, 0x7d, 0xff, 0xbe, 0xee, 0x9a, 0xee, 0xda, 0xff, 0x9d,
  0xff, 0xbe, 0xee, 0x79, 0xee, 0xda, 0xff, 0xde, 0xfe, 0xfc, 0xe5, 0xb7,
  0xde, 0x7c, 0xd5, 0xfa, 0xbc, 0x56, 0x92, 0xf1, 0xd2, 0x2f, 0xf2, 0xf2,
  0xd2, 0x4f, 0xf3, 0x53, 0xf2, 0x71, 0xf2, 0x71, 0xda, 0xb1, 0xc1, 0xcd,
  0xda, 0x50, 0xf2, 0xb1, 0x82, 0xaf, 0x59, 0x29, 0x32, 0x4c, 0x32, 0x0b,
  0x31, 0xca, 0x41, 0xeb, 0x42, 0x2c, 0x39, 0xea, 0x42, 0x2c, 0x42, 0x0b,
  0x3a, 0x0b, 0x42, 0x2c, 0x3a, 0x0b, 0x42, 0x0b, 0x42, 0x2c, 0x42, 0x0b,
  0x6b, 0x0f, 0x5a, 0x2c, 0x3a, 0x0b, 0x3a, 0x0b, 0x39, 0xaa, 0x5a, 0x8d,
  0x4a, 0x4d, 0x41, 0xca, 0x42, 0x0b, 0x5a, 0xad, 0x39, 0xeb, 0x39, 0xea,
  0x3a, 0x2c, 0x39, 0xea, 0x31, 0xeb, 0x39, 0xea, 0x39, 0xeb, 0x39, 0xea,
  0x32, 0x4c, 0x32, 0x2b, 0x61, 0x4a, 0xb3, 0xb3, 0xfa, 0xb2, 0xfa, 0x71,
  0xdb, 0xd5, 0x99, 0x8b, 0xb2, 0x4f, 0xb2, 0x2e, 0xc2, 0xb0, 0xca, 0x8f,
  0xb1, 0xed, 0xca, 0x90, 0xca, 0xf1, 0xba, 0x0e, 0xc2, 0x90, 0xd2, 0xb0,
  0xb2, 0x0e, 0xca, 0xd1, 0xcb, 0x11, 0xb2, 0x2e, 0xba, 0x2f, 0xc2, 0x4f,
  0xfb, 0x33, 0xfb, 0x33, 0xda, 0x0f, 0xfb, 0x13, 0xfb, 0xb5, 0xda, 0x4f,
  0xfa, 0xd3, 0xfa, 0xb2, 0xaa, 0x2e, 0xc2, 0xf0, 0xe7, 0x5f, 0xce, 0x7b,
  0xb5, 0x7a, 0xc5, 0xbb, 0xc5, 0xdc, 0xc5, 0xbb, 0xbd, 0x9b, 0xbd, 0x7a,
  0xbd, 0x9a, 0xce, 0x1c, 0xbd, 0xdb, 0xce, 0x1c, 0xbd, 0xb9, 0xce, 0x1a,
  0xff, 0xff, 0xff, 0xdf, 0xff, 0xff, 0xff, 0xff, 0xff, 0xff, 0xff, 0xff,
  0xff, 0xff, 0xff, 0xdf, 0xff, 0xff, 0xce, 0x3a, 0xb5, 0x5a, 0xc5, 0xbb,
  0xbd, 0xbb, 0xc5, 0xbb, 0xc5, 0xdb, 0xbd, 0x79, 0xde, 0xde, 0xcd, 0xfb,
  0xc5, 0xfb, 0xd6, 0x3c, 0xbd, 0xbb, 0xbd, 0x7a, 0xbd, 0xbb, 0xc5, 0xbb,
  0xb5, 0x7a, 0xc5, 0x9a, 0xbd, 0x9b, 0xbd, 0x7a, 0xbd, 0xdb, 0xde, 0x7d,
  0xef, 0x3f, 0xe6, 0xdd, 0xce, 0x1c, 0xb5, 0x59, 0xb5, 0x7a, 0xc5, 0xdb,
  0xc5, 0xdc, 0xb5, 0x39, 0xce, 0x5b, 0xf7, 0x5f, 0xad, 0x38, 0xa4, 0xd7,
  0xf7, 0xbf, 0xce, 0x1b, 0xb5, 0x59, 0xef, 0x1f, 0xce, 0x5c, 0xc5, 0xda,
  0xe5, 0x75, 0xf6, 0x59, 0xfe, 0x78, 0xfe, 0xda, 0xfe, 0xfa, 0xff, 0x3b,
  0xff, 0x1b, 0xfe, 0xfa, 0xfe, 0x78, 0xf6, 0x58, 0xf6, 0x37, 0xfe, 0xfa,
  0xff, 0x3b, 0xff, 0x3b, 0xfe, 0xb9, 0xf6, 0x99, 0xfe, 0x98, 0xff, 0x1b,
  0xff, 0x5b, 0xff, 0x5b, 0xfe, 0xd9, 0xf6, 0xb9, 0xf6, 0xb9, 0xff, 0x3b,
  0xff, 0x3a, 0xff, 0x3b, 0xff, 0x3a, 0xff, 0x1a, 0xfe, 0xd9, 0xfe, 0xfa,
  0xff, 0x5b, 0xff, 0x7c, 0xff, 0x1b, 0xf6, 0xda, 0xfe, 0xd9, 0xff, 0x1b,
  0xff, 0x7c, 0xe6, 0x98, 0xff, 0x1b, 0xee, 0x38, 0xee, 0x17, 0xff, 0x1b,
  0xff, 0x5b, 0xff, 0x5b, 0xff, 0x9c, 0xf6, 0xda, 0xf6, 0x58, 0xff, 0x1b,
  0xff, 0x9c, 0xff, 0x7c, 0xff, 0x7c, 0xff, 0x9c, 0xfe, 0xfa, 0xf6, 0xda,
  0xff, 0x1a, 0xff, 0x9c, 0xff, 0x7c, 0xff, 0x7c, 0xff, 0x7c, 0xff, 0x7c,
  0xfe, 0xfa, 0xee, 0x99, 0xff, 0x7c, 0xff, 0x9d, 0xff, 0x5c, 0xff, 0x7c,
  0xff, 0x9d, 0xf7, 0x3b, 0xf6, 0xb9, 0xff, 0x7c, 0xff, 0x9c, 0xff, 0x9d,
  0xff, 0x9d, 0xff, 0x9d, 0xfe, 0xda, 0xff, 0x1b, 0xff, 0x9d, 0xff, 0xbd,
  0xfe, 0x9a, 0xe5, 0xf7, 0xfe, 0xfb, 0xfe, 0xfb, 0xf6, 0xba, 0xff, 0xbe,
  0xe6, 0x38, 0xff, 0x3c, 0xff, 0x9d, 0xff, 0xbd, 0xe6, 0x17, 0xff, 0x5d,
  0xff, 0xbd, 0xff, 0x7d, 0xee, 0x99, 0xff, 0x9d, 0xfe, 0xdb, 0xbc, 0xb3,
  0xab, 0x51, 0x9b, 0x31, 0xda, 0x4f, 0xda, 0x70, 0xf3, 0x12, 0xea, 0xf2,
  0xe2, 0xb1, 0xf3, 0x54, 0xfa, 0xb1, 0xf2, 0xb1, 0xd1, 0xee, 0xd2, 0x2f,
  0xfa, 0x4f, 0xfa, 0x91, 0x7a, 0x4d, 0x59, 0x49, 0x3a, 0x0b, 0x32, 0x0b,
  0x4a, 0x2b, 0x42, 0x2c, 0x42, 0x0b, 0x3a, 0x0b, 0x4a, 0x2b, 0x42, 0x0b,
  0x42, 0x0b, 0x42, 0x2c, 0x42, 0x2b, 0x3a, 0x0b, 0x41, 0xea, 0x39, 0xea,
  0x73, 0x2f, 0x49, 0xea, 0x3a, 0x0a, 0x3a, 0x2b, 0x41, 0xea, 0x52, 0x6d,
  0x52, 0x6c, 0x42, 0x0b, 0x41, 0xca, 0x5a, 0xce, 0x4a, 0x4c, 0x39, 0xeb,
  0x39, 0xea, 0x3a, 0x2b, 0x41, 0xea, 0x3a, 0x0b, 0x41, 0xca, 0x42, 0x0b,
  0x3a, 0x2b, 0x3a, 0x4c, 0x81, 0x8a, 0xc3, 0xb4, 0xf2, 0x50, 0xfa, 0xf3,
  0xb2, 0xf0, 0x9a, 0x2d, 0xba, 0x2e, 0xba, 0x8f, 0xc2, 0x2e, 0xca, 0x90,
  0xca, 0x8f, 0xb2, 0x0d, 0xd2, 0xb0, 0xca, 0xb0, 0xb1, 0xed, 0xca, 0xd1,
  0xd2, 0xf0, 0xb2, 0x0d, 0xca, 0xb0, 0xca, 0xf1, 0xaa, 0x2d, 0xaa, 0x2e,
  0xc9, 0xee, 0xfb, 0x94, 0xfb, 0x33, 0xda, 0x2f, 0xfb, 0x53, 0xfb, 0x54,
  0xe2, 0x0f, 0xfb, 0x54, 0xf2, 0xd2, 0xda, 0x0f, 0x9b, 0xb2, 0xc5, 0x18,
  0xbd, 0xba, 0xbd, 0xbb, 0xc5, 0xba, 0xbd, 0xbb, 0xbd, 0x99, 0xbd, 0xba,
  0xde, 0x7c, 0xce, 0x3b, 0xf7, 0x5f, 0xbd, 0x99, 0xb5, 0x76, 0xff, 0xff,
  0xff, 0xdf, 0xff, 0xff, 0xff, 0xdf, 0xff, 0xff, 0xff, 0xdf, 0xff, 0xff,
  0xff, 0xff, 0xff, 0xff, 0xff, 0xbf, 0xef, 0x3e, 0xde, 0x9c, 0xce, 0x5c,
  0xd6, 0x5b, 0xce, 0x3b, 0xc5, 0xba, 0xbd, 0x9a, 0xef, 0x1f, 0xbd, 0x99,
  0xf7, 0x5f, 0xde, 0x9d, 0xc5, 0xb9, 0xbd, 0xba, 0xc5, 0x9a, 0xbd, 0xbb,
  0xc5, 0x9a, 0xbd, 0x9a, 0xbd, 0x99, 0xbd, 0xda, 0xc5, 0xba, 0xb5, 0x7a,
  0xbd, 0x79, 0xd6, 0x7d, 0xef, 0x3d, 0xef, 0x3e, 0xd6, 0x5c, 0xc5, 0xfb,
  0xbd, 0x7a, 0xbd, 0x9b, 0xb5, 0x58, 0xde, 0x9e, 0xbd, 0x99, 0xad, 0x17,
  0xcd, 0xfa, 0xf7, 0x7f, 0xd6, 0x5c, 0xce, 0x5c, 0xde, 0x7c, 0xad, 0x38,
  0xee, 0x79, 0xff, 0x1c, 0xfe, 0xba, 0xf6, 0x58, 0xe6, 0x18, 0xf6, 0x79,
  0xfe, 0xfb, 0xfe, 0xfb, 0xff, 0x3c, 0xfe, 0xfa, 0xf6, 0x79, 0xfe, 0x58,
  0xf6, 0x99, 0xfe, 0xfa, 0xff, 0x5b, 0xff, 0x3b, 0xfe, 0xda, 0xee, 0x17,
  0xee, 0x78, 0xff, 0x1a, 0xff, 0x7c, 0xff, 0x1a, 0xfe, 0xba, 0xfe, 0x79,
  0xff, 0x1b, 0xff, 0x3b, 0xff, 0x3b, 0xff, 0x5b, 0xff, 0x1b, 0xfe, 0x99,
  0xf6, 0xba, 0xfe, 0xfa, 0xff, 0x5c, 0xff, 0x3b, 0xfe, 0xfb, 0xf6, 0x79,
  0xdd, 0xd6, 0xfe, 0xda, 0xff, 0x1b, 0xee, 0x79, 0xff, 0x3c, 0xe6, 0x37,
  0xee, 0xb9, 0xff, 0x5b, 0xff, 0x7c, 0xff, 0x9c, 0xff, 0x3c, 0xee, 0x38,
  0xee, 0x99, 0xff, 0x5c, 0xff, 0x7c, 0xff, 0x5c, 0xff, 0x9d, 0xff, 0x3b,
  0xee, 0x58, 0xfe, 0x99, 0xff, 0x7c, 0xff, 0x5c, 0xff, 0x7c, 0xff, 0x7c,
  0xff, 0x9d, 0xfe, 0xfa, 0xe6, 0x59, 0xff, 0x3c, 0xff, 0xbd, 0xff, 0x7c,
  0xff, 0x9d, 0xff, 0x9d, 0xfe, 0xfb, 0xf6, 0x79, 0xff, 0x5c, 0xff, 0x7d,
  0xff, 0x7d, 0xff, 0x7c, 0xff, 0x9d, 0xee, 0x99, 0xfe, 0xfc, 0xfe, 0xdb,
  0xde, 0x18, 0xff, 0xbe, 0xe5, 0xf8, 0xdd, 0x96, 0xff, 0xde, 0xff, 0x9d,
  0xff, 0x1c, 0xe6, 0x38, 0xff, 0xbe, 0xff, 0x9d, 0xf6, 0xfb, 0xf6, 0x79,
  0xff, 0xbe, 0xff, 0x9d, 0xe6, 0x79, 0xff, 0x3c, 0xfe, 0xdc, 0xb3, 0xb0,
  0xd9, 0xcf, 0xf2, 0x51, 0xe1, 0xf0, 0xf2, 0x51, 0xf3, 0x74, 0xda, 0x90,
  0xe2, 0xf2, 0xea, 0xd2, 0xe2, 0xf2, 0xd2, 0x0e, 0xb9, 0xad, 0xda, 0x6f,
  0xea, 0x30, 0xfa, 0x70, 0x8a, 0xd0, 0x61, 0x8a, 0x3a, 0x6c, 0x3a, 0x2b,
  0x3a, 0x2c, 0x39, 0xea, 0x3a, 0x2c, 0x42, 0x2b, 0x42, 0x2c, 0x41, 0xeb,
  0x42, 0x4c, 0x42, 0x2c, 0x3a, 0x0b, 0x3a, 0x0b, 0x39, 0xeb, 0x41, 0xeb,
  0x73, 0x30, 0x52, 0x0b, 0x31, 0xeb, 0x39, 0xea, 0x3a, 0x0b, 0x4a, 0x4c,
  0x52, 0x8d, 0x41, 0xca, 0x39, 0xeb, 0x5a, 0x8d, 0x42, 0x2c, 0x39, 0xaa,
  0x3a, 0x0b, 0x42, 0x2c, 0x42, 0x2c, 0x42, 0x0b, 0x31, 0xca, 0x42, 0x0b,
  0x2a, 0x0b, 0x32, 0x0a, 0x81, 0xab, 0xcb, 0xd4, 0xea, 0x30, 0xfa, 0xd2,
  0xaa, 0x6f, 0xa1, 0xcc, 0xca, 0xd1, 0xc2, 0x6f, 0xc2, 0xb0, 0xb1, 0xcd,
  0xc2, 0x90, 0xd2, 0xd1, 0xb1, 0xad, 0xca, 0x4f, 0xca, 0xb1, 0xb1, 0xcd,
  0xc2, 0xb0, 0xd2, 0xd1, 0xa9, 0xed, 0xca, 0x90, 0xca, 0xf1, 0xba, 0x2e,
  0xa9, 0xed, 0xc2, 0x8f, 0xfb, 0xb6, 0xf2, 0x71, 0xda, 0x90, 0xfb, 0xf6,
  0xf3, 0x13, 0xea, 0x91, 0xfb, 0x14, 0xfa, 0x30, 0xca, 0xf2, 0xc2, 0x90,
  0xbd, 0xdb, 0xbd, 0xba, 0xc6, 0x1c, 0xbd, 0x9a, 0xd6, 0x3c, 0xc5, 0x79,
  0xe6, 0xde, 0xe6, 0xbd, 0xb5, 0x99, 0xb5, 0x78, 0xf7, 0xbf, 0xff, 0xdf,
  0xff, 0xbf, 0xff, 0x7e, 0xf7, 0x7e, 0xff, 0x7d, 0xf7, 0x5e, 0xff, 0x7e,
  0xff, 0xbf, 0xff, 0xbf, 0xce, 0x3b, 0xbd, 0x99, 0xce, 0x5c, 0xde, 0x9d,
  0xde, 0xdd, 0xef, 0x1e, 0xe7, 0x1f, 0xe6, 0xfe, 0xef, 0x5f, 0xd6, 0x5a,
  0xf7, 0x9f, 0xc5, 0xb9, 0xb5, 0x9a, 0xbd, 0x9a, 0xbd, 0xbb, 0xc5, 0xbb,
  0xb5, 0x9a, 0xcd, 0xfb, 0xd6, 0x7d, 0xc5, 0xdb, 0xc5, 0xdc, 0xc5, 0xbb,
  0xbd, 0xbb, 0xbd, 0x7a, 0xb5, 0x7a, 0xcd, 0xfb, 0xde, 0xdd, 0xef, 0x1e,
  0xd6, 0x7d, 0xbd, 0x99, 0xbd, 0x9c, 0xa4, 0xb8, 0xad, 0x58, 0xe6, 0xfe,
  0xbd, 0xda, 0xb5, 0x79, 0xd6, 0x9e, 0xc5, 0xba, 0xb5, 0x79, 0xbd, 0x79,
  0xed, 0xd7, 0xfe, 0xdb, 0xfe, 0xfa, 0xff, 0x3b, 0xfe, 0xfa, 0xf6, 0x99,
  0xf6, 0x37, 0xf6, 0x78, 0xfe, 0xda, 0xff, 0x1b, 0xff, 0x3b, 0xff, 0x3b,
  0xfe, 0xb9, 0xee, 0x58, 0xf6, 0x58, 0xfe, 0xfa, 0xff, 0x3b, 0xff, 0x1b,
  0xfe, 0x98, 0xf6, 0x78, 0xfe, 0x98, 0xff, 0x3b, 0xff, 0x3b, 0xff, 0x3b,
  0xfe, 0xb9, 0xf6, 0xb9, 0xfe, 0xfa, 0xff, 0x3b, 0xff, 0x3b, 0xff, 0x5b,
  0xff, 0x1a, 0xf6, 0xb9, 0xfe, 0xd9, 0xff, 0x3b, 0xff, 0x5c, 0xf6, 0x99,
  0xf6, 0x38, 0xee, 0x38, 0xe6, 0x37, 0xff, 0x7c, 0xff, 0x5b, 0xff, 0x7c,
  0xf6, 0x99, 0xee, 0x99, 0xff, 0x3b, 0xff, 0x7c, 0xff, 0x5b, 0xff, 0x7c,
  0xfe, 0x79, 0xf6, 0x78, 0xff, 0x5b, 0xff, 0xbd, 0xff, 0x7c, 0xff, 0x7c,
  0xff, 0x5c, 0xf6, 0xfa, 0xf6, 0xb9, 0xff, 0x5c, 0xff, 0x9c, 0xff, 0x7c,
  0xff, 0x5b, 0xff, 0x9d, 0xff, 0x3c, 0xee, 0x99, 0xff, 0x1a, 0xff, 0x9c,
  0xff, 0x7b, 0xff, 0x7c, 0xff, 0x7c, 0xff, 0x5c, 0xee, 0xb9, 0xff, 0x7d,
  0xff, 0x9c, 0xff, 0x7c, 0xff, 0x5c, 0xff, 0x9d, 0xf6, 0x79, 0xdd, 0xd7,
  0xff, 0x9d, 0xff, 0x3c, 0xee, 0x18, 0xee, 0x39, 0xff, 0x3b, 0xff, 0xbd,
  0xff, 0xbd, 0xee, 0x99, 0xfe, 0xfa, 0xff, 0x9d, 0xff, 0x9d, 0xe6, 0xb9,
  0xff, 0x5c, 0xff, 0xbe, 0xf6, 0xba, 0xf6, 0xdb, 0xfe, 0x7b, 0xbb, 0x90,
  0xf2, 0x2f, 0xfa, 0x91, 0xea, 0x2f, 0xfa, 0xf2, 0xeb, 0x12, 0xca, 0x6f,
  0xd2, 0x90, 0xeb, 0x53, 0xd2, 0x6f, 0xb9, 0xcd, 0xe2, 0x2f, 0xe2, 0x90,
  0xf2, 0x50, 0xf2, 0xb1, 0x92, 0xcf, 0x61, 0x6a, 0x4a, 0x4c, 0x42, 0x4c,
  0x39, 0xea, 0x3a, 0x2b, 0x42, 0x0b, 0x3a, 0x2b, 0x42, 0x0b, 0x42, 0x0b,
  0x42, 0x0b, 0x39, 0xea, 0x39, 0xea, 0x3a, 0x2b, 0x4a, 0x0b, 0x42, 0x0b,
  0x73, 0x2f, 0x4a, 0x0b, 0x3a, 0x0b, 0x32, 0x0b, 0x39, 0xea, 0x42, 0x0b,
  0x5a, 0x6d, 0x41, 0xeb, 0x42, 0x0b, 0x4a, 0x6c, 0x4a, 0x4c, 0x39, 0xca,
  0x39, 0xea, 0x3a, 0x2b, 0x4a, 0x0b, 0x42, 0x2b, 0x42, 0x0b, 0x3a, 0x2b,
  0x42, 0x6c, 0x2a, 0x0a, 0x89, 0xab, 0xcb, 0xf4, 0xea, 0x2f, 0xfb, 0x33,
  0xc2, 0x0e, 0xca, 0x90, 0xb9, 0xcd, 0xd2, 0xd1, 0xc2, 0x2e, 0xc2, 0x6f,
  0xb1, 0xcc, 0xca, 0xb0, 0xc2, 0x6f, 0xb1, 0xed, 0xd2, 0xf1, 0xca, 0xd0,
  0xb1, 0xed, 0xd3, 0x32, 0xca, 0xd0, 0xa9, 0xed, 0xd2, 0xb0, 0xca, 0x70,
  0xb2, 0x2e, 0xaa, 0x4e, 0xe2, 0x90, 0xfb, 0x94, 0xea, 0x4f, 0xf2, 0xb1,
  0xfb, 0x74, 0xe2, 0x90, 0xfa, 0x91, 0xfa, 0xf2, 0xf2, 0x70, 0xf2, 0x70,
  0x93, 0x10, 0xcd, 0x18, 0xf7, 0x9f, 0xb5, 0xb9, 0xe6, 0xbd, 0xde, 0x9d,
  0xbd, 0x98, 0xff, 0x9f, 0xad, 0x15, 0xde, 0xdd, 0xff, 0xde, 0xf7, 0x7d,
  0xff, 0x7d, 0xf7, 0x5d, 0xff, 0x7d, 0xf7, 0x7d, 0xff, 0x7d, 0xff, 0x5d,
  0xff, 0x5d, 0xf7, 0x5e, 0xcd, 0xdb, 0xbd, 0xba, 0xc5, 0x9a, 0xbd, 0x9a,
  0xc5, 0x99, 0xc5, 0xda, 0xcd, 0xda, 0xce, 0x3c, 0xde, 0x9c, 0xe6, 0xfd,
  0xee, 0xfe, 0xe7, 0x1e, 0xe6, 0xdd, 0xe6, 0xdd, 0xde, 0x7c, 0xd6, 0x5c,
  0xc5, 0xba, 0xde, 0x9d, 0xde, 0x7b, 0xe7, 0x1e, 0xcd, 0xfb, 0xbd, 0xba,
  0xc5, 0x9a, 0xbd, 0x9a, 0xc5, 0xdb, 0xbd, 0xbb, 0xbd, 0x79, 0xc5, 0xfc,
  0xe6, 0xdc, 0xef, 0x5e, 0xee, 0xfd, 0x84, 0x12, 0xbd, 0x98, 0xde, 0xbd,
  0xef, 0x1e, 0xe7, 0x1e, 0xc5, 0xba, 0xc5, 0xdb, 0xbd, 0x9a, 0xbd, 0x9a,
  0xf6, 0x59, 0xf6, 0x18, 0xee, 0x38, 0xfe, 0x99, 0xfe, 0xfb, 0xff, 0x3b,
  0xfe, 0xfb, 0xfe, 0xb9, 0xee, 0x38, 0xf6, 0x58, 0xf6, 0xda, 0xff, 0x1b,
  0xff, 0x3b, 0xfe, 0xfa, 0xfe, 0x99, 0xfe, 0x78, 0xf6, 0x58, 0xfe, 0xba,
  0xff, 0x5c, 0xfe, 0xfb, 0xf6, 0x58, 0xf6, 0x58, 0xf6, 0xba, 0xff, 0x1b,
  0xff, 0x3b, 0xfe, 0xfa, 0xfe, 0x9a, 0xfe, 0x79, 0xff, 0x3b, 0xff, 0x3b,
  0xff, 0x3b, 0xff, 0x3b, 0xfe, 0xba, 0xf6, 0x79, 0xee, 0x59, 0xfe, 0x99,
  0xff, 0x1b, 0xe5, 0xf7, 0xfe, 0xda, 0xfe, 0xb9, 0xff, 0x7c, 0xff, 0x7c,
  0xff, 0x7c, 0xff, 0x3b, 0xee, 0x58, 0xf6, 0x99, 0xff, 0x5c, 0xff, 0x5b,
  0xff, 0x5c, 0xff, 0x1b, 0xf6, 0xba, 0xfe, 0xba, 0xff, 0x9d, 0xff, 0x5c,
  0xff, 0x7c, 0xff, 0x9c, 0xfe, 0xfb, 0xee, 0x38, 0xf6, 0xfb, 0xff, 0x7d,
  0xff, 0x7c, 0xff, 0x5b, 0xff, 0x7c, 0xff, 0x7c, 0xff, 0x1b, 0xfe, 0xda,
  0xff, 0x9d, 0xff, 0x5c, 0xff, 0x7c, 0xff, 0x9d, 0xff, 0x5d, 0xf6, 0x99,
  0xff, 0x5c, 0xff, 0x9d, 0xff, 0x9d, 0xff, 0x5c, 0xee, 0x39, 0xfe, 0x9a,
  0xff, 0x3d, 0xe5, 0xf8, 0xff, 0x5c, 0xff, 0x9d, 0xe6, 0x59, 0xff, 0x5c,
  0xff, 0xbe, 0xff, 0x7d, 0xde, 0x18, 0xff, 0x5c, 0xff, 0xbe, 0xf7, 0x1b,
  0xe6, 0x9a, 0xff, 0xde, 0xf6, 0xbb, 0xe5, 0xf8, 0xfe, 0x1c, 0xba, 0xae,
  0xf2, 0x51, 0xea, 0x0f, 0xea, 0xb1, 0xfa, 0xf2, 0xe2, 0xf2, 0xd2, 0x2f,
  0xba, 0x4f, 0xdb, 0x12, 0xc1, 0xee, 0xd2, 0x4f, 0xf2, 0x91, 0xf2, 0x91,
  0xea, 0x30, 0xfa, 0x71, 0x9b, 0x31, 0x61, 0x49, 0x3a, 0x2b, 0x3a, 0x0b,
  0x31, 0xeb, 0x39, 0xeb, 0x39, 0xeb, 0x42, 0x0b, 0x3a, 0x2c, 0x3a, 0x0b,
  0x3a, 0x0b, 0x31, 0xca, 0x42, 0x4c, 0x42, 0x0b, 0x42, 0x2c, 0x41, 0xea,
  0x73, 0x30, 0x5a, 0x2b, 0x3a, 0x0b, 0x42, 0x2c, 0x31, 0xca, 0x39, 0xea,
  0x52, 0xad, 0x39, 0xea, 0x39, 0xca, 0x4a, 0x2c, 0x4a, 0x8d, 0x39, 0xca,
  0x3a, 0x2c, 0x39, 0xeb, 0x3a, 0x0c, 0x42, 0x0b, 0x3a, 0x0b, 0x41, 0xeb,
  0x3a, 0x6c, 0x31, 0xea, 0x91, 0xcc, 0xcb, 0x73, 0xe2, 0x70, 0xf2, 0xd2,
  0xba, 0x0f, 0xda, 0xd1, 0xcb, 0x93, 0x99, 0xcc, 0xaa, 0x6f, 0xaa, 0x4e,
  0xc2, 0x90, 0xb1, 0xac, 0xca, 0xf2, 0xc2, 0x6f, 0xb1, 0xcd, 0xda, 0xd1,
  0xc2, 0x90, 0xba, 0x0e, 0xca, 0xd1, 0xc2, 0x4f, 0xa9, 0xcd, 0xca, 0xb0,
  0xc2, 0x90, 0xb1, 0xed, 0x99, 0xcc, 0xcb, 0x11, 0xfb, 0x55, 0xea, 0x50,
  0xfb, 0x13, 0xfb, 0x33, 0xe2, 0xb1, 0xfb, 0x74, 0xfa, 0xb2, 0xea, 0x0f,
  0xca, 0xf1, 0xba, 0x2e, 0xde, 0xde, 0xc5, 0xfa, 0xc5, 0xfb, 0xee, 0xff,
  0xb5, 0x7a, 0xb5, 0x59, 0xde, 0xbb, 0xff, 0xdf, 0xf7, 0x5d, 0xff, 0x5d,
  0xff, 0x7e, 0xff, 0x9e, 0xff, 0xbf, 0xff, 0xbf, 0xff, 0x9e, 0xff, 0x7d,
  0xf7, 0x7e, 0xf7, 0x3d, 0xc5, 0xdb, 0xbd, 0x79, 0xc5, 0xdb, 0xc5, 0xdb,
  0xc5, 0xfc, 0xc5, 0xbb, 0xbd, 0x9b, 0xbd, 0x7a, 0xb5, 0x5a, 0xbd, 0x9a,
  0xb5, 0x9a, 0xbd, 0x9a, 0xce, 0x5c, 0xd6, 0x7c, 0xde, 0x9d, 0xee, 0xfe,
  0xde, 0xfe, 0xf7, 0x3f, 0xe7, 0x1e, 0xf7, 0x7f, 0xd6, 0x7d, 0xce, 0x1b,
  0xc6, 0x1c, 0xc5, 0xba, 0xb5, 0x7a, 0xbd, 0x79, 0xbd, 0x9b, 0xc5, 0x9b,
  0xad, 0x59, 0xc5, 0xfb, 0xad, 0x78, 0xbd, 0xb9, 0xde, 0xde, 0xd6, 0x3b,
  0xce, 0x1c, 0xce, 0x1c, 0xbd, 0xbb, 0xbd, 0x9a, 0xbd, 0xbb, 0xb5, 0x7a,
  0xfe, 0xb9, 0xff, 0x5c, 0xfe, 0xda, 0xf6, 0x58, 0xf6, 0x37, 0xf6, 0x78,
  0xfe, 0xfa, 0xff, 0x3b, 0xff, 0x1b, 0xf6, 0x99, 0xed, 0xf7, 0xf6, 0x79,
  0xfe, 0xda, 0xff, 0x3b, 0xff, 0x1a, 0xff, 0x3b, 0xfe, 0xb9, 0xe5, 0xf7,
  0xf6, 0x37, 0xfe, 0xfb, 0xff, 0x5b, 0xfe, 0xfa, 0xf6, 0x37, 0xf6, 0x78,
  0xff, 0x1a, 0xff, 0x5b, 0xff, 0x3b, 0xfe, 0xfa, 0xfe, 0xb9, 0xfe, 0xda,
  0xff, 0x3a, 0xff, 0x3b, 0xff, 0x5c, 0xee, 0x99, 0xed, 0xd6, 0xfe, 0x79,
  0xee, 0x57, 0xff, 0x5c, 0xff, 0x5b, 0xee, 0x99, 0xee, 0x37, 0xff, 0x1b,
  0xff, 0x5b, 0xff, 0x5c, 0xff, 0x5b, 0xee, 0x78, 0xee, 0x37, 0xff, 0x3b,
  0xff, 0x9c, 0xff, 0x7c, 0xff, 0x3b, 0xf6, 0x99, 0xee, 0x78, 0xff, 0x5c,
  0xff, 0x7b, 0xff, 0x7b, 0xff, 0x5c, 0xff, 0x3b, 0xee, 0x38, 0xfe, 0xfb,
  0xff, 0x7c, 0xff, 0x7c, 0xff, 0x5c, 0xff, 0x7c, 0xff, 0x7c, 0xf6, 0xba,
  0xfe, 0xfa, 0xff, 0x9d, 0xff, 0x5c, 0xff, 0x5c, 0xff, 0x9c, 0xff, 0x5c,
  0xee, 0xb9, 0xff, 0x7c, 0xff, 0x5c, 0xde, 0x18, 0xff, 0x5c, 0xff, 0x5d,
  0xdd, 0x95, 0xff, 0x1c, 0xff, 0x9d, 0xff, 0x9d, 0xfe, 0xda, 0xee, 0x79,
  0xff, 0x9d, 0xff, 0xbd, 0xf6, 0x79, 0xe6, 0x58, 0xff, 0x9d, 0xff, 0x7d,
  0xdd, 0xf7, 0xff, 0x9e, 0xfe, 0x9a, 0xe6, 0x18, 0xfc, 0x35, 0xd2, 0xaf,
  0xf2, 0x50, 0xea, 0x30, 0xfb, 0x12, 0xf2, 0xf2, 0xf3, 0x12, 0xe2, 0xd1,
  0xca, 0xb0, 0xc2, 0x90, 0xd1, 0xce, 0xea, 0xb1, 0xf2, 0x70, 0xea, 0x91,
  0xf2, 0x50, 0xf2, 0x91, 0xb2, 0xb0, 0x81, 0x6b, 0x31, 0xea, 0x32, 0x2b,
  0x41, 0xea, 0x3a, 0x0b, 0x42, 0x2b, 0x42, 0x2c, 0x39, 0xca, 0x3a, 0x0b,
  0x39, 0xea, 0x3a, 0x0b, 0x42, 0x0b, 0x3a, 0x0b, 0x39, 0xea, 0x39, 0xca,
  0x62, 0x6c, 0x6b, 0x0f, 0x41, 0xea, 0x42, 0x2b, 0x42, 0x0b, 0x31, 0xeb,
  0x5a, 0xad, 0x42, 0x4b, 0x41, 0xca, 0x42, 0x0b, 0x5a, 0xad, 0x39, 0xca,
  0x42, 0x0b, 0x42, 0x2c, 0x3a, 0x0a, 0x3a, 0x0b, 0x39, 0xea, 0x3a, 0x2b,
  0x3a, 0x2b, 0x29, 0xea, 0xa2, 0x0c, 0xc3, 0x52, 0xea, 0xd1, 0xda, 0x70,
  0xca, 0x2e, 0xda, 0xf2, 0xf2, 0xf2, 0xf3, 0x33, 0x89, 0xeb, 0x8a, 0x2d,
  0xc2, 0x2e, 0xca, 0xb0, 0xb1, 0xac, 0xd2, 0xd1, 0xc2, 0x4e, 0xb2, 0x0d,
  0xca, 0xd0, 0xba, 0x6f, 0xba, 0x2e, 0xd2, 0xf1, 0xc2, 0x2e, 0xb2, 0x0e,
  0xda, 0xf1, 0xca, 0x70, 0xb2, 0x4e, 0x99, 0xcc, 0xf3, 0x12, 0xfb, 0x94,
  0xea, 0x2f, 0xfb, 0x54, 0xf2, 0x91, 0xea, 0x50, 0xfb, 0x53, 0xf2, 0xb1,
  0xf2, 0x90, 0xf2, 0xd1, 0x9b, 0x71, 0xcd, 0x18, 0xc5, 0xba, 0xf7, 0x7f,
  0xbd, 0xb8, 0xb5, 0x98, 0xff, 0xff, 0xf7, 0x7d, 0xff, 0x5d, 0xff, 0xbe,
  0xff, 0xff, 0xff, 0xff, 0xff, 0xff, 0xff, 0xff, 0xff, 0xff, 0xff, 0xff,
  0xff, 0xdf, 0xf7, 0x7d, 0xcd, 0xda, 0xbd, 0x9a, 0xbd, 0x79, 0xc5, 0xdb,
  0xc5, 0x9a, 0xbd, 0x9a, 0xc5, 0x9a, 0xc5, 0xdb, 0xc5, 0xba, 0xbd, 0x9a,
  0xc5, 0x9a, 0xbd, 0x9a, 0xbd, 0x79, 0xbd, 0xbb, 0xb5, 0x39, 0xbd, 0x9a,
  0xbd, 0x9a, 0xbd, 0xdb, 0xce, 0x1a, 0xd6, 0x7c, 0xe6, 0xdd, 0xe7, 0x1e,
  0xef, 0x1e, 0xe6, 0xfd, 0xde, 0x9c, 0xd6, 0x7c, 0xd6, 0x1c, 0xbd, 0x9a,
  0xbd, 0x7a, 0xb5, 0x59, 0x8b, 0xf3, 0xd6, 0x9e, 0xde, 0xbc, 0xde, 0xdd,
  0xe6, 0xdd, 0xc5, 0xfa, 0xbd, 0x79, 0xbd, 0xba, 0xbd, 0x9a, 0xb5, 0x7a,
  0xee, 0x18, 0xf6, 0x18, 0xf6, 0x9a, 0xfe, 0xfb, 0xff, 0x1c, 0xf6, 0x58,
  0xee, 0x38, 0xf6, 0x58, 0xf6, 0xba, 0xff, 0x1b, 0xff, 0x3c, 0xfe, 0xba,
  0xee, 0x38, 0xf6, 0x58, 0xfe, 0xda, 0xfe, 0xfa, 0xff, 0x3c, 0xfe, 0xfa,
  0xee, 0x58, 0xf6, 0x58, 0xfe, 0xda, 0xff, 0x1b, 0xff, 0x5c, 0xfe, 0xb9,
  0xf6, 0x99, 0xfe, 0x79, 0xff, 0x1b, 0xff, 0x3b, 0xff, 0x1b, 0xfe, 0xb9,
  0xf6, 0x99, 0xff, 0x1b, 0xee, 0x99, 0xfe, 0xb9, 0xfe, 0xfb, 0xee, 0x17,
  0xf6, 0x99, 0xfe, 0xda, 0xff, 0x5c, 0xff, 0x5b, 0xfe, 0xdb, 0xf6, 0x38,
  0xf6, 0xb9, 0xff, 0x3b, 0xff, 0x5c, 0xff, 0x5b, 0xfe, 0xda, 0xfe, 0x79,
  0xf6, 0xda, 0xff, 0x5c, 0xff, 0x5c, 0xff, 0x7c, 0xfe, 0xfb, 0xf6, 0x78,
  0xff, 0x3b, 0xff, 0x7c, 0xff, 0x5c, 0xff, 0x5c, 0xff, 0x5c, 0xf6, 0x99,
  0xf6, 0xfa, 0xff, 0x5c, 0xff, 0x5c, 0xff, 0x5c, 0xff, 0x5c, 0xff, 0x5c,
  0xf6, 0xfa, 0xfe, 0xba, 0xff, 0x9d, 0xff, 0x5c, 0xff, 0x7c, 0xff, 0x7c,
  0xff, 0x3c, 0xf6, 0x99, 0xe6, 0x59, 0xfe, 0xfb, 0xff, 0x5d, 0xdd, 0xf7,
  0xfe, 0xbb, 0xf6, 0x59, 0xff, 0x7d, 0xff, 0x5c, 0xff, 0x9e, 0xe6, 0x58,
  0xf7, 0x1b, 0xff, 0x7d, 0xff, 0x7d, 0xee, 0x79, 0xff, 0x5d, 0xff, 0x9d,
  0xde, 0x39, 0xfe, 0xfb, 0xfe, 0x3a, 0xcc, 0x31, 0xea, 0x90, 0xea, 0x4f,
  0xda, 0x70, 0xf2, 0xf2, 0xfb, 0x33, 0xf2, 0xd1, 0xea, 0xf2, 0xf2, 0xf2,
  0xba, 0x0e, 0xca, 0x70, 0xf2, 0xb2, 0xf2, 0x71, 0xea, 0x91, 0xea, 0x70,
  0xea, 0x71, 0xf2, 0x70, 0xba, 0x50, 0xb9, 0xee, 0x39, 0xeb, 0x42, 0x0b,
  0x31, 0xeb, 0x3a, 0x0b, 0x42, 0x2c, 0x39, 0xea, 0x32, 0x0b, 0x39, 0xea,
  0x31, 0xeb, 0x3a, 0x0b, 0x3a, 0x2c, 0x42, 0x0b, 0x31, 0xeb, 0x31, 0xca,
  0x39, 0xca, 0x62, 0xef, 0x42, 0x0b, 0x41, 0xca, 0x3a, 0x0c, 0x39, 0xeb,
  0x4a, 0x4d, 0x52, 0x4c, 0x39, 0xeb, 0x39, 0xca, 0x5a, 0xce, 0x4a, 0x0b,
  0x31, 0xeb, 0x39, 0xeb, 0x42, 0x2c, 0x42, 0x0b, 0x3a, 0x0b, 0x39, 0xea,
  0x3a, 0x2c, 0x31, 0xca, 0xaa, 0x2e, 0xd3, 0x52, 0xe3, 0x53, 0xca, 0x4f,
  0xc1, 0xee, 0xf3, 0x54, 0xe2, 0x30, 0xfb, 0x54, 0xe3, 0xd5, 0xa9, 0xcd,
  0x81, 0x4b, 0xaa, 0x8f, 0xc2, 0x6f, 0xb1, 0xcc, 0xd3, 0x12, 0xba, 0x2e,
  0xb2, 0x2e, 0xd2, 0xf1, 0xba, 0x4f, 0xb1, 0xed, 0xd2, 0xf1, 0xba, 0x2e,
  0xba, 0x2f, 0xd2, 0xb0, 0xaa, 0x6f, 0xa2, 0x0d, 0xa9, 0xcd, 0xeb, 0xb4,
  0xf2, 0x91, 0xf2, 0x91, 0xfb, 0x34, 0xe1, 0xef, 0xf2, 0x91, 0xfb, 0x34,
  0xea, 0x30, 0xfa, 0xd2, 0xd2, 0xd1, 0xc2, 0x2f, 0xa5, 0x57, 0xe7, 0x1f,
  0xbd, 0xd8, 0xf7, 0x5e, 0xff, 0x7e, 0xff, 0x5d, 0xf7, 0xdf, 0xff, 0xff,
  0xff, 0xff, 0xff, 0xff, 0xff, 0xff, 0xff, 0xdf, 0xff, 0xff, 0xff, 0xff,
  0xff, 0xff, 0xff, 0xbf, 0xc5, 0xdb, 0xbd, 0x79, 0xbd, 0x9a, 0xc5, 0x9a,
  0xbd, 0x9b, 0xc5, 0x9b, 0xbd, 0xbb, 0xc5, 0xdb, 0xc5, 0xdb, 0xc5, 0xbb,
  0xbd, 0x9b, 0xc5, 0xdb, 0xbd, 0xbb, 0xbd, 0x9a, 0xbd, 0x9b, 0xc5, 0x9b,
  0xc5, 0xdb, 0xc5, 0xba, 0xbd, 0x9a, 0xbd, 0x9a, 0xb5, 0x7a, 0xbd, 0x7a,
  0xc5, 0xdb, 0xcd, 0xfc, 0xce, 0x3c, 0xde, 0x9d, 0xde, 0xfd, 0xe7, 0x1d,
  0xde, 0xde, 0x94, 0x54, 0xb5, 0x7a, 0xb5, 0x59, 0xbd, 0xba, 0xc5, 0xdb,
  0xce, 0x3c, 0xd6, 0x3c, 0xbd, 0xbb, 0xc5, 0xbb, 0xbd, 0x9b, 0xc5, 0x9b,
  0xff, 0x1b, 0xfe, 0xda, 0xf6, 0x18, 0xf6, 0x18, 0xf6, 0x78, 0xff, 0x1b,
  0xff, 0x1b, 0xf6, 0x99, 0xf5, 0xf7, 0xf6, 0x38, 0xfe, 0xfa, 0xff, 0x3b,
  0xfe, 0xfa, 0xf6, 0x99, 0xf6, 0x37, 0xfe, 0x79, 0xfe, 0xfa, 0xff, 0x3b,
  0xff, 0x5b, 0xff, 0x1b, 0xfe, 0x99, 0xee, 0x58, 0xfe, 0xb9, 0xff, 0x5c,
  0xff, 0x1a, 0xfe, 0xb9, 0xf6, 0x57, 0xff, 0x1b, 0xff, 0x3b, 0xff, 0x1a,
  0xff, 0x1b, 0xee, 0x17, 0xed, 0xf6, 0xff, 0x1b, 0xee, 0x57, 0xff, 0x3b,
  0xff, 0x3b, 0xee, 0x78, 0xfe, 0xb9, 0xff, 0x3b, 0xff, 0x3b, 0xff, 0x3b,
  0xf6, 0x78, 0xf6, 0xb9, 0xff, 0x3b, 0xff, 0x5b, 0xff, 0x5b, 0xff, 0x5c,
  0xee, 0x17, 0xf6, 0x78, 0xff, 0x5b, 0xff, 0x7c, 0xff, 0x5b, 0xff, 0x3b,
  0xf6, 0x78, 0xfe, 0xfa, 0xff, 0x7c, 0xff, 0x7c, 0xff, 0x5b, 0xff, 0x7c,
  0xf6, 0x98, 0xee, 0x99, 0xff, 0x7c, 0xff, 0x5c, 0xff, 0x5b, 0xff, 0x5b,
  0xff, 0x7c, 0xfe, 0xfa, 0xf6, 0xb9, 0xff, 0x9d, 0xff, 0x7c, 0xff, 0x9d,
  0xff, 0x5c, 0xe6, 0x18, 0xe6, 0x17, 0xff, 0x9d, 0xee, 0x17, 0xf6, 0xba,
  0xff, 0xbd, 0xf6, 0xda, 0xf6, 0xb9, 0xff, 0x9d, 0xff, 0x7c, 0xff, 0x3b,
  0xe6, 0x17, 0xff, 0x5c, 0xff, 0x9d, 0xf6, 0xda, 0xee, 0x99, 0xff, 0xde,
  0xf6, 0x59, 0xee, 0x7a, 0xfd, 0x57, 0xb2, 0x8d, 0xf2, 0xd1, 0xda, 0x4f,
  0xda, 0xb0, 0xf3, 0xb4, 0xfa, 0xf2, 0xfa, 0xf2, 0xf2, 0xd1, 0xea, 0xd1,
  0xba, 0x2e, 0xd3, 0x11, 0xfa, 0x91, 0xea, 0x71, 0xf2, 0x70, 0xfa, 0xd2,
  0xea, 0xd1, 0xea, 0xd2, 0xd2, 0x0e, 0xda, 0xb1, 0x6a, 0x4c, 0x49, 0x8a,
  0x39, 0xeb, 0x3a, 0x0b, 0x42, 0x0b, 0x42, 0x2b, 0x42, 0x2b, 0x3a, 0x0b,
  0x39, 0xea, 0x31, 0xea, 0x39, 0xea, 0x3a, 0x0b, 0x3a, 0x0b, 0x3a, 0x2c,
  0x41, 0xea, 0x42, 0x0b, 0x6a, 0xee, 0x41, 0xca, 0x39, 0xea, 0x31, 0xca,
  0x52, 0x0b, 0x5a, 0xae, 0x41, 0xea, 0x39, 0xea, 0x5a, 0x8d, 0x4a, 0x2c,
  0x39, 0xea, 0x42, 0x4c, 0x42, 0x2b, 0x3a, 0x2b, 0x42, 0x0b, 0x3a, 0x0b,
  0x3a, 0x0b, 0x29, 0xea, 0xba, 0x4e, 0xd3, 0x32, 0xeb, 0xb4, 0xb2, 0x2e,
  0xc9, 0xee, 0xeb, 0x33, 0xf2, 0x90, 0xf2, 0x91, 0xfb, 0x74, 0xfa, 0xd3,
  0xa2, 0x4e, 0x81, 0x8b, 0xc2, 0xb0, 0xb2, 0x6f, 0xba, 0x2e, 0xd3, 0x11,
  0xba, 0x4e, 0xba, 0x8f, 0xd2, 0xf1, 0xb1, 0xed, 0xc2, 0x4e, 0xca, 0xd1,
  0xb9, 0xed, 0xc2, 0x6f, 0xca, 0xd0, 0xb2, 0x0e, 0x99, 0xab, 0xba, 0xd0,
  0xfb, 0x74, 0xe2, 0x50, 0xfb, 0x12, 0xfb, 0x74, 0xea, 0x70, 0xfb, 0x33,
  0xfb, 0x73, 0xda, 0x4f, 0xfa, 0x91, 0xf2, 0x30, 0x9b, 0x30, 0xa3, 0xb2,
  0xef, 0x3c, 0xff, 0xdf, 0xf7, 0x3c, 0xff, 0x9e, 0xff, 0xff, 0xff, 0xff,
  0xff, 0xff, 0xff, 0xff, 0xff, 0xff, 0xff, 0xff, 0xff, 0xff, 0xff, 0xff,
  0xff, 0xff, 0xff, 0xff, 0xcd, 0xdb, 0xbd, 0xba, 0xc5, 0x9a, 0xbd, 0xbb,
  0xc5, 0xbb, 0xbd, 0x9a, 0xc5, 0xba, 0xc6, 0x1b, 0xc5, 0xda, 0xc5, 0xfb,
  0xc5, 0xb9, 0xc5, 0xda, 0xc5, 0xba, 0xbd, 0xbb, 0xc5, 0xda, 0xc5, 0xfb,
  0xc5, 0xda, 0xc5, 0xdb, 0xc5, 0xdb, 0xbd, 0x9a, 0xc5, 0xbb, 0xc5, 0xdb,
  0xc5, 0xba, 0xbd, 0xba, 0xbd, 0x7a, 0xb5, 0x7a, 0xbd, 0x7a, 0xbd, 0xdc,
  0xa4, 0xb6, 0xbd, 0xdb, 0xef, 0x1e, 0xe6, 0xfd, 0xef, 0x3e, 0xe7, 0x1e,
  0xde, 0x9c, 0xd6, 0x7c, 0xcd, 0xfb, 0xc5, 0xfb, 0xc5, 0xba, 0xbd, 0x9a,
  0xf6, 0xba, 0xfe, 0xda, 0xff, 0x3c, 0xfe, 0xfb, 0xf6, 0x39, 0xed, 0xf7,
  0xf6, 0x79, 0xff, 0x1b, 0xff, 0x1b, 0xfe, 0x99, 0xee, 0x58, 0xf6, 0x58,
  0xfe, 0xfb, 0xff, 0x1b, 0xff, 0x1b, 0xfe, 0x99, 0xee, 0x38, 0xf6, 0x58,
  0xff, 0x1b, 0xff, 0x1a, 0xff, 0x1b, 0xfe, 0xda, 0xee, 0x38, 0xf6, 0x58,
  0xff, 0x1b, 0xff, 0x3b, 0xfe, 0xda, 0xf6, 0x78, 0xf6, 0x99, 0xff, 0x3b,
  0xf6, 0x99, 0xf6, 0x58, 0xfe, 0x9a, 0xe5, 0xb6, 0xfe, 0xda, 0xff, 0x1b,
  0xff, 0x1b, 0xff, 0x5b, 0xfe, 0xda, 0xf6, 0x99, 0xfe, 0xfa, 0xff, 0x5b,
  0xff, 0x3c, 0xfe, 0xda, 0xee, 0x78, 0xfe, 0xda, 0xff, 0x5c, 0xff, 0x1b,
  0xff, 0x7c, 0xf6, 0xb9, 0xee, 0x78, 0xff, 0x3b, 0xff, 0x7c, 0xff, 0x5b,
  0xff, 0x5c, 0xee, 0x38, 0xee, 0x79, 0xff, 0x7c, 0xff, 0x7c, 0xff, 0x3b,
  0xff, 0x5c, 0xfe, 0xda, 0xe6, 0x58, 0xff, 0x1b, 0xff, 0x7c, 0xff, 0x5b,
  0xff, 0x7c, 0xff, 0x9c, 0xf6, 0xba, 0xf6, 0x99, 0xff, 0x9d, 0xfe, 0xda,
  0xde, 0x18, 0xff, 0x5c, 0xfe, 0xba, 0xdd, 0xb6, 0xff, 0x3c, 0xff, 0x7d,
  0xff, 0x7c, 0xff, 0x5c, 0xf6, 0xda, 0xff, 0x3c, 0xff, 0x7d, 0xff, 0x7c,
  0xee, 0x79, 0xf6, 0x79, 0xff, 0xbd, 0xff, 0x3b, 0xee, 0x9a, 0xff, 0x9e,
  0xee, 0x7a, 0xe5, 0xf8, 0xfc, 0x55, 0xc2, 0x6d, 0xe2, 0xd2, 0xd1, 0xee,
  0xf3, 0x33, 0xf2, 0xf2, 0xfb, 0x13, 0xf2, 0xb1, 0xe3, 0x12, 0xd2, 0x4f,
  0xb1, 0xee, 0xca, 0xb0, 0xea, 0x91, 0xea, 0x50, 0xea, 0x71, 0xfa, 0xf2,
  0xe3, 0x12, 0xca, 0x2f, 0xe2, 0x30, 0xf2, 0xb1, 0xb3, 0x72, 0x71, 0x29,
  0x32, 0x2b, 0x32, 0x2b, 0x3a, 0x0b, 0x42, 0x0b, 0x3a, 0x0b, 0x39, 0xeb,
  0x3a, 0x0b, 0x39, 0xea, 0x32, 0x0b, 0x3a, 0x0b, 0x31, 0xeb, 0x39, 0xeb,
  0x42, 0x4c, 0x41, 0xeb, 0x52, 0x6d, 0x5a, 0x8d, 0x29, 0xca, 0x31, 0xea,
  0x41, 0xcb, 0x62, 0xae, 0x3a, 0x0b, 0x39, 0xca, 0x52, 0x6d, 0x52, 0x4c,
  0x31, 0xca, 0x39, 0xea, 0x3a, 0x0b, 0x39, 0xea, 0x39, 0xeb, 0x39, 0xea,
  0x3a, 0x4c, 0x31, 0xea, 0xc2, 0x2f, 0xda, 0xd1, 0xcb, 0x53, 0x99, 0x6b,
  0xc2, 0x70, 0xd2, 0xb1, 0xfb, 0x74, 0xe2, 0x0e, 0xfb, 0x34, 0xfb, 0x54,
  0xd2, 0x91, 0xda, 0x90, 0x79, 0xec, 0x92, 0x8f, 0xb2, 0x0e, 0xc2, 0x4f,
  0xca, 0xf1, 0xba, 0x4e, 0xc2, 0x70, 0xd2, 0xb0, 0xa9, 0xed, 0xca, 0x6f,
  0xc2, 0x90, 0xa9, 0xcc, 0xca, 0x70, 0xd2, 0xb1, 0xa2, 0x2e, 0x99, 0x8b,
  0xea, 0xf2, 0xfb, 0x33, 0xe2, 0x30, 0xfb, 0x33, 0xf2, 0xd2, 0xea, 0x50,
  0xfb, 0x34, 0xf2, 0xb1, 0xf2, 0x91, 0xfa, 0xb2, 0xca, 0x91, 0xb1, 0xcd,
  0xc6, 0x5a, 0xff, 0xff, 0xf7, 0x5d, 0xff, 0xdf, 0xff, 0xff, 0xff, 0xff,
  0xff, 0xff, 0xff, 0xff, 0xff, 0xff, 0xff, 0xdf, 0xff, 0xff, 0xff, 0xff,
  0xff, 0xff, 0xff, 0xff, 0xc5, 0xfc, 0xbd, 0x9a, 0xbd, 0x9b, 0xbd, 0x7a,
  0xbd, 0xbb, 0xbd, 0x9a, 0xbd, 0x9a, 0xf7, 0x3f, 0xbd, 0xdb, 0xde, 0x7d,
  0xce, 0x1d, 0xbd, 0x59, 0xbd, 0xbb, 0xc5, 0x9b, 0xc5, 0xbb, 0xbd, 0x7a,
  0xc6, 0x1c, 0xde, 0x9e, 0xd6, 0x9e, 0xce, 0x1c, 0xbd, 0x9a, 0xc5, 0xbb,
  0xc5, 0xdb, 0xc5, 0xba, 0xbd, 0x9a, 0xbd, 0x7a, 0xbd, 0xfc, 0x9c, 0x96,
  0xad, 0x78, 0xe6, 0xfe, 0xd6, 0x7c, 0xd6, 0x3b, 0xb5, 0x7a, 0xc5, 0xbb,
  0xd6, 0x9d, 0xef, 0x1e, 0xce, 0x3c, 0xc5, 0x9a, 0xb5, 0x9a, 0xce, 0x1c,
  0xfe, 0x99, 0xe5, 0xd7, 0xf5, 0xf7, 0xfe, 0x9a, 0xff, 0x1b, 0xfe, 0xfb,
  0xfe, 0x79, 0xee, 0x18, 0xf6, 0x37, 0xff, 0x1b, 0xfe, 0xfb, 0xf6, 0x99,
  0xf6, 0x57, 0xf6, 0x78, 0xfe, 0xfa, 0xff, 0x3b, 0xfe, 0xda, 0xee, 0x38,
  0xf6, 0x57, 0xfe, 0xda, 0xff, 0x1a, 0xff, 0x1b, 0xff, 0x1b, 0xf6, 0x99,
  0xf6, 0x58, 0xfe, 0xfa, 0xff, 0x3b, 0xff, 0x3b, 0xfe, 0xba, 0xe5, 0xb6,
  0xed, 0xf7, 0xfe, 0xdb, 0xed, 0xf6, 0xfe, 0xfa, 0xfe, 0x58, 0xfe, 0x99,
  0xff, 0x3a, 0xff, 0x5b, 0xff, 0x3b, 0xff, 0x1b, 0xee, 0x37, 0xf6, 0x99,
  0xff, 0x5b, 0xff, 0x7c, 0xfe, 0xfa, 0xf6, 0x79, 0xf6, 0x78, 0xff, 0x3b,
  0xff, 0x5b, 0xff, 0x7c, 0xfe, 0xda, 0xee, 0x37, 0xfe, 0xfa, 0xff, 0x7c,
  0xff, 0x3b, 0xff, 0x5c, 0xf6, 0x78, 0xee, 0x58, 0xff, 0x5b, 0xff, 0x5b,
  0xff, 0x3b, 0xff, 0x7c, 0xfe, 0xfa, 0xee, 0x78, 0xff, 0x3b, 0xff, 0x7c,
  0xff, 0x3b, 0xff, 0x5c, 0xff, 0x7c, 0xff, 0x3b, 0xf6, 0x38, 0xdd, 0x96,
  0xfe, 0xda, 0xff, 0x3c, 0xf6, 0x38, 0xee, 0x59, 0xff, 0x3b, 0xff, 0x7c,
  0xff, 0x5b, 0xff, 0x9d, 0xfe, 0xfb, 0xe6, 0x38, 0xff, 0x7c, 0xff, 0x7c,
  0xff, 0x3b, 0xe6, 0x38, 0xff, 0x7c, 0xff, 0x7d, 0xee, 0x18, 0xff, 0x5d,
  0xf6, 0x58, 0xdd, 0xd7, 0xfb, 0xb3, 0xda, 0xf0, 0xe2, 0x0f, 0xea, 0x91,
  0xfb, 0x53, 0xf2, 0xd1, 0xfa, 0xf2, 0xfa, 0xf2, 0xca, 0x6f, 0xc2, 0x6f,
  0xc1, 0xcd, 0xca, 0x4f, 0xfa, 0xd1, 0xf2, 0x91, 0xfa, 0xb1, 0xf2, 0xd1,
  0xea, 0xf2, 0xca, 0x2f, 0xea, 0x70, 0xea, 0x91, 0xea, 0xf2, 0xca, 0x2f,
  0x42, 0x0a, 0x3a, 0x0a, 0x39, 0xea, 0x3a, 0x0b, 0x3a, 0x0a, 0x3a, 0x0b,
  0x3a, 0x0a, 0x3a, 0x0b, 0x3a, 0x0a, 0x31, 0xea, 0x39, 0xea, 0x3a, 0x2b,
  0x41, 0xea, 0x42, 0x4c, 0x39, 0xa9, 0x63, 0x0f, 0x42, 0x0b, 0x39, 0xeb,
  0x41, 0xca, 0x5a, 0xae, 0x4a, 0x2b, 0x31, 0xca, 0x52, 0x6c, 0x4a, 0x6d,
  0x39, 0xea, 0x3a, 0x2b, 0x42, 0x2b, 0x3a, 0x0b, 0x42, 0x0b, 0x3a, 0x2b,
  0x3a, 0x0a, 0x29, 0xca, 0xc1, 0xee, 0xe3, 0x12, 0xc3, 0x31, 0x91, 0xcc,
  0xc2, 0x8f, 0xd3, 0x52, 0xfa, 0xf2, 0xfa, 0xb1, 0xea, 0x50, 0xfb, 0x74,
  0xfa, 0xd1, 0xf2, 0xd2, 0xe3, 0xd4, 0x99, 0xed, 0xaa, 0x2d, 0xa2, 0x2d,
  0xca, 0x4f, 0xd2, 0xb1, 0xba, 0x2e, 0xc2, 0x8f, 0xca, 0xb0, 0xb2, 0x0d,
  0xca, 0x8f, 0xc2, 0x8f, 0xb9, 0xed, 0xca, 0xb0, 0xc2, 0x8f, 0x99, 0x8b,
  0xb1, 0x6c, 0xeb, 0x74, 0xf2, 0x0f, 0xfa, 0x71, 0xfb, 0x33, 0xf2, 0x91,
  0xfa, 0xb1, 0xfb, 0x33, 0xf2, 0x50, 0xea, 0x50, 0xfa, 0xb1, 0xe2, 0x10,
  0x72, 0x2b, 0xd5, 0x78, 0xff, 0xdf, 0xff, 0xff, 0xff, 0xff, 0xff, 0xff,
  0xff, 0xff, 0xff, 0xff, 0xff, 0xff, 0xff, 0xff, 0xff, 0xff, 0xff, 0xff,
  0xff, 0xff, 0xff, 0xff, 0xce, 0x1b, 0xb5, 0x79, 0xbd, 0x7a, 0xc5, 0xbb,
  0xcd, 0xdb, 0xbd, 0x9a, 0xbd, 0x99, 0xf7, 0x5f, 0xc5, 0xda, 0xde, 0x9d,
  0xd6, 0x3c, 0xbd, 0x9a, 0xc5, 0xdb, 0xbd, 0x9a, 0xc5, 0x9a, 0xb5, 0x7a,
  0xcd, 0xfa, 0xde, 0xbd, 0xd6, 0x5c, 0xce, 0x3c, 0xb5, 0x59, 0xbd, 0xbb,
  0xc5, 0xbb, 0xbd, 0x9b, 0xbd, 0x9a, 0xc5, 0xfc, 0xb5, 0x38, 0x94, 0x75,
  0xcd, 0xfb, 0xb5, 0x9a, 0xbd, 0x99, 0xce, 0x1c, 0xe6, 0xdd, 0xef, 0x5f,
  0xde, 0x7d, 0xc5, 0xdb, 0xbd, 0x79, 0xbd, 0xba, 0xe6, 0xdc, 0xff, 0xff,
  0xfe, 0xdb, 0xfe, 0xfb, 0xfe, 0x9a, 0xed, 0xd7, 0xe5, 0xd7, 0xfe, 0x7a,
  0xff, 0x3c, 0xfe, 0xfb, 0xfe, 0x79, 0xf6, 0x17, 0xf6, 0x79, 0xfe, 0xfb,
  0xff, 0x1b, 0xf6, 0x58, 0xf6, 0x38, 0xfe, 0x79, 0xff, 0x1b, 0xff, 0x1b,
  0xfe, 0xda, 0xee, 0x37, 0xee, 0x38, 0xfe, 0xda, 0xff, 0x3b, 0xff, 0x3b,
  0xfe, 0xfb, 0xf6, 0x79, 0xf6, 0xba, 0xff, 0x3b, 0xf6, 0x79, 0xee, 0x17,
  0xed, 0xd8, 0xe5, 0x76, 0xff, 0x1b, 0xff, 0x3b, 0xff, 0x1b, 0xfe, 0xb9,
  0xee, 0x79, 0xfe, 0xfa, 0xff, 0x3b, 0xff, 0x1a, 0xff, 0x1b, 0xf6, 0x78,
  0xee, 0x58, 0xff, 0x1b, 0xff, 0x5c, 0xff, 0x3b, 0xf6, 0xb9, 0xf6, 0x58,
  0xff, 0x3b, 0xff, 0x1b, 0xff, 0x3c, 0xff, 0x1b, 0xee, 0x38, 0xfe, 0x79,
  0xff, 0x7c, 0xff, 0x3b, 0xff, 0x5c, 0xf6, 0x79, 0xee, 0x58, 0xff, 0x1b,
  0xff, 0x7c, 0xff, 0x5b, 0xff, 0x5c, 0xfe, 0xda, 0xe6, 0x38, 0xff, 0x3b,
  0xff, 0x7c, 0xff, 0x5b, 0xff, 0x7d, 0xfe, 0xda, 0xdd, 0x76, 0xfe, 0x7a,
  0xff, 0x1c, 0xe5, 0xd7, 0xff, 0x3c, 0xff, 0x5c, 0xe6, 0x79, 0xff, 0x1b,
  0xff, 0x7d, 0xff, 0x3b, 0xff, 0x5d, 0xee, 0x38, 0xf6, 0xfb, 0xff, 0x7d,
  0xff, 0x9d, 0xee, 0x79, 0xfe, 0xfb, 0xff, 0x7d, 0xee, 0x79, 0xfe, 0xdb,
  0xfe, 0x19, 0xcc, 0x52, 0xea, 0xf2, 0xea, 0xd1, 0xca, 0x0f, 0xea, 0xf3,
  0xfa, 0xd2, 0xfa, 0xb1, 0xe2, 0xf2, 0xea, 0xf2, 0xc1, 0xae, 0xea, 0x91,
  0xca, 0x2f, 0xd2, 0x2f, 0xea, 0x91, 0xea, 0x70, 0xea, 0x70, 0xf2, 0x70,
  0xe2, 0xf2, 0xd2, 0x2f, 0xe2, 0xb1, 0xea, 0x90, 0xea, 0x50, 0xfa, 0x91,
  0x9a, 0xf1, 0x69, 0x6b, 0x2a, 0x0a, 0x32, 0x2b, 0x3a, 0x0b, 0x39, 0xea,
  0x3a, 0x0b, 0x3a, 0x0b, 0x3a, 0x0b, 0x3a, 0x0b, 0x32, 0x0b, 0x3a, 0x0b,
  0x3a, 0x0b, 0x3a, 0x0b, 0x39, 0xeb, 0x42, 0x2b, 0x62, 0xef, 0x41, 0xca,
  0x42, 0x2c, 0x42, 0x2b, 0x4a, 0x8d, 0x31, 0x89, 0x42, 0x0b, 0x52, 0x8d,
  0x31, 0xeb, 0x39, 0xea, 0x3a, 0x2c, 0x39, 0xeb, 0x3a, 0x0b, 0x39, 0xeb,
  0x3a, 0x2c, 0x31, 0xca, 0xb9, 0xee, 0xe3, 0x12, 0xc3, 0x12, 0x99, 0xcc,
  0xba, 0x4f, 0xe3, 0x94, 0xe2, 0x0f, 0xfb, 0x54, 0xea, 0x50, 0xf2, 0x71,
  0xfb, 0x74, 0xea, 0x91, 0xfa, 0xd3, 0xfa, 0xf3, 0xa2, 0x6f, 0x91, 0xcc,
  0xa1, 0xcd, 0xca, 0xd1, 0xba, 0x4f, 0xb1, 0xed, 0xca, 0xd1, 0xc2, 0x6f,
  0xa9, 0xed, 0xd2, 0xf1, 0xc2, 0x6f, 0xb1, 0xcd, 0xca, 0xf1, 0xba, 0x6f,
  0x91, 0x4b, 0xc2, 0xb0, 0xfb, 0x75, 0xea, 0x70, 0xfa, 0xd3, 0xfa, 0xb2,
  0xe2, 0x50, 0xfb, 0x13, 0xfb, 0x13, 0xe1, 0xef, 0xfa, 0xf3, 0xf2, 0x71,
  0xc2, 0x90, 0xa9, 0xac, 0xc5, 0xd8, 0xff, 0xff, 0xff, 0xff, 0xff, 0xff,
  0xff, 0xff, 0xff, 0xdf, 0xff, 0xff, 0xff, 0xff, 0xf7, 0x9e, 0xff, 0xdf,
  0xff, 0xff, 0xff, 0xff, 0xce, 0x5d, 0xb5, 0x38, 0xc5, 0xbc, 0xc5, 0x9b,
  0xc5, 0xdb, 0xbd, 0x9a, 0xbd, 0x99, 0xff, 0x7f, 0xc6, 0x1b, 0xe6, 0xbd,
  0xde, 0x9d, 0xcd, 0xfb, 0xd6, 0x7d, 0xd6, 0x5c, 0xd6, 0x9d, 0xde, 0x5c,
  0xde, 0xfd, 0xef, 0x3e, 0xe7, 0x3e, 0xf7, 0x5e, 0xe6, 0xfd, 0xef, 0x3e,
  0xef, 0x5e, 0xe6, 0xfd, 0xe7, 0x3f, 0xe6, 0xdd, 0x9c, 0x97, 0xbd, 0x9a,
  0xbd, 0x9a, 0xce, 0x1b, 0xe7, 0x1e, 0xf7, 0x5f, 0xd6, 0x7d, 0xbd, 0x79,
  0xb5, 0x5a, 0xc5, 0xbb, 0xc6, 0x1a, 0xf7, 0x5f, 0xff, 0xff, 0xff, 0xff,
  0xed, 0xd7, 0xee, 0x18, 0xfe, 0xda, 0xff, 0x3b, 0xfe, 0x99, 0xee, 0x18,
  0xf6, 0x17, 0xf6, 0x79, 0xff, 0x3b, 0xff, 0x1b, 0xfe, 0x59, 0xee, 0x18,
  0xfe, 0xb9, 0xff, 0x1b, 0xfe, 0xb9, 0xee, 0x38, 0xf6, 0x17, 0xfe, 0xba,
  0xff, 0x1a, 0xff, 0x1b, 0xfe, 0xb9, 0xee, 0x58, 0xfe, 0xd9, 0xff, 0x3b,
  0xff, 0x1a, 0xff, 0x3b, 0xfe, 0x79, 0xee, 0x17, 0xfe, 0xb9, 0xfe, 0xfa,
  0xee, 0x17, 0xf6, 0x99, 0xfe, 0x78, 0xfe, 0xda, 0xff, 0x3b, 0xff, 0x3b,
  0xfe, 0xfa, 0xf6, 0x78, 0xfe, 0xd9, 0xff, 0x3b, 0xff, 0x1b, 0xff, 0x3b,
  0xfe, 0xb9, 0xee, 0x17, 0xfe, 0xfa, 0xff, 0x7c, 0xff, 0x5b, 0xff, 0x1a,
  0xe6, 0x17, 0xfe, 0xfb, 0xff, 0x5b, 0xff, 0x5b, 0xff, 0x1b, 0xee, 0x58,
  0xee, 0x58, 0xff, 0x5c, 0xff, 0x5b, 0xff, 0x7c, 0xfe, 0xd9, 0xee, 0x38,
  0xff, 0x3b, 0xff, 0x5b, 0xff, 0x1a, 0xff, 0x7c, 0xfe, 0xfa, 0xe6, 0x17,
  0xff, 0x1b, 0xff, 0x7c, 0xf6, 0x78, 0xe6, 0x17, 0xff, 0x5c, 0xe5, 0xd7,
  0xee, 0x17, 0xff, 0x7c, 0xff, 0x7c, 0xff, 0x9d, 0xff, 0x1b, 0xee, 0x78,
  0xff, 0x7c, 0xff, 0x7c, 0xff, 0x7c, 0xff, 0x5b, 0xee, 0x98, 0xff, 0x7c,
  0xff, 0x5c, 0xf6, 0xda, 0xee, 0x38, 0xff, 0xbe, 0xf6, 0x58, 0xee, 0x58,
  0xfd, 0x57, 0xc3, 0x2f, 0xfb, 0x12, 0xea, 0xb1, 0xda, 0x6f, 0xf3, 0x74,
  0xfa, 0xb1, 0xf2, 0xb1, 0xf2, 0xf2, 0xd2, 0x0f, 0xe2, 0x2f, 0xea, 0xb1,
  0xca, 0x4f, 0xc2, 0x4f, 0xea, 0x90, 0xe2, 0xb1, 0xf2, 0x91, 0xfa, 0xd2,
  0xca, 0x6f, 0xca, 0x90, 0xf2, 0xb1, 0xea, 0x70, 0xf2, 0x91, 0xf2, 0xb1,
  0xf2, 0xf2, 0xd2, 0x2f, 0x5a, 0x4b, 0x41, 0xa9, 0x29, 0xea, 0x2a, 0x2b,
  0x41, 0xea, 0x42, 0x0b, 0x39, 0xea, 0x3a, 0x0b, 0x3a, 0x0a, 0x31, 0xea,
  0x42, 0x0a, 0x39, 0xeb, 0x3a, 0x2b, 0x31, 0xea, 0x5a, 0x6c, 0x52, 0x6d,
  0x41, 0xea, 0x42, 0x2b, 0x5a, 0xce, 0x41, 0xeb, 0x39, 0xc9, 0x4a, 0xad,
  0x39, 0xea, 0x3a, 0x0b, 0x3a, 0x0a, 0x3a, 0x0b, 0x39, 0xea, 0x32, 0x0b,
  0x41, 0xea, 0x39, 0xeb, 0xca, 0x0e, 0xe3, 0x12, 0xba, 0xaf, 0xa2, 0x0d,
  0xa9, 0xcc, 0xe3, 0xb4, 0xf2, 0x70, 0xfa, 0xd2, 0xfb, 0x73, 0xda, 0x4f,
  0xfb, 0x53, 0xfb, 0x12, 0xf2, 0x70, 0xfb, 0x74, 0xf3, 0x32, 0xd2, 0x4f,
  0x91, 0xec, 0x9a, 0x4d, 0xd2, 0xf1, 0xc2, 0xd0, 0xb1, 0xed, 0xd3, 0x11,
  0xba, 0x0d, 0xb2, 0x0e, 0xd2, 0xb0, 0xb1, 0xee, 0xc2, 0x6e, 0xca, 0xd0,
  0xaa, 0x0d, 0x99, 0xac, 0xfb, 0x33, 0xf2, 0xd2, 0xea, 0x0f, 0xfb, 0x34,
  0xf2, 0x90, 0xea, 0x91, 0xfb, 0x53, 0xfa, 0xd2, 0xf2, 0x2f, 0xfb, 0x13,
  0xda, 0x0e, 0xc9, 0xcd, 0xaa, 0xcf, 0xe4, 0xd7, 0xff, 0xff, 0xff, 0xff,
  0xff, 0xdf, 0xff, 0xff, 0xff, 0xff, 0xf7, 0x9e, 0xff, 0x7d, 0xff, 0xff,
  0xff, 0xff, 0xff, 0xff, 0xf7, 0x3e, 0xde, 0xbc, 0xef, 0x1d, 0xe7, 0x1d,
  0xef, 0x1d, 0xef, 0x3e, 0xef, 0x1d, 0xef, 0x3e, 0xef, 0x1d, 0xef, 0x3d,
  0xee, 0xfd, 0xe6, 0xdd, 0xe6, 0xbd, 0xde, 0xbd, 0xde, 0x7c, 0xd6, 0x7d,
  0xd6, 0x5c, 0xce, 0x5c, 0xce, 0x1b, 0xc6, 0x1b, 0xcd, 0xfb, 0xce, 0x1c,
  0xcd, 0xfb, 0xc5, 0xfc, 0xc5, 0xdb, 0x8c, 0x35, 0xb5, 0x38, 0xc6, 0x1c,
  0xee, 0xfd, 0xef, 0x3e, 0xd6, 0x5c, 0xbd, 0xba, 0xbd, 0x5a, 0xbd, 0x7b,
  0xbd, 0x58, 0xc5, 0xfb, 0xff, 0xdf, 0xff, 0xff, 0xff, 0xdf, 0xff, 0xff,
  0xfe, 0xdb, 0xf6, 0x58, 0xed, 0xf9, 0xf5, 0xf9, 0xfe, 0xba, 0xfe, 0xfb,
  0xfe, 0x9b, 0xf6, 0x18, 0xee, 0x19, 0xfe, 0x7a, 0xff, 0x3b, 0xfe, 0xda,
  0xee, 0x38, 0xed, 0xf7, 0xfe, 0xfb, 0xff, 0x3b, 0xfe, 0xba, 0xf6, 0x58,
  0xf6, 0x79, 0xfe, 0xda, 0xff, 0x3b, 0xfe, 0xfa, 0xf6, 0xb9, 0xfe, 0xb9,
  0xfe, 0xfb, 0xff, 0x1b, 0xee, 0x18, 0xf6, 0x58, 0xf6, 0x38, 0xe5, 0xb6,
  0xff, 0x1b, 0xff, 0x1b, 0xfe, 0xda, 0xee, 0x17, 0xfe, 0xba, 0xff, 0x1b,
  0xff, 0x3b, 0xff, 0x3b, 0xee, 0x58, 0xfe, 0x99, 0xff, 0x3b, 0xfe, 0xfa,
  0xff, 0x3b, 0xfe, 0xfa, 0xee, 0x79, 0xfe, 0x99, 0xff, 0x7c, 0xff, 0x5b,
  0xfe, 0xdb, 0xed, 0xf7, 0xf6, 0xda, 0xff, 0x3b, 0xff, 0x3b, 0xff, 0x5b,
  0xf6, 0x79, 0xf6, 0x38, 0xff, 0x5c, 0xff, 0x1b, 0xff, 0x3c, 0xfe, 0xda,
  0xe6, 0x17, 0xff, 0x1b, 0xff, 0x5c, 0xff, 0x3b, 0xff, 0x7c, 0xfe, 0xda,
  0xf6, 0x99, 0xf6, 0x58, 0xee, 0x99, 0xff, 0x5c, 0xf6, 0x99, 0xee, 0x38,
  0xee, 0xb9, 0xff, 0x3b, 0xff, 0x7d, 0xff, 0x3c, 0xff, 0x7d, 0xf6, 0x99,
  0xf6, 0xfb, 0xff, 0x5c, 0xff, 0x5c, 0xff, 0x7c, 0xe6, 0x58, 0xfe, 0xda,
  0xff, 0x7d, 0xff, 0x1b, 0xdd, 0xf8, 0xff, 0x7d, 0xee, 0x38, 0xed, 0xf7,
  0xfb, 0xf4, 0xda, 0xaf, 0xe2, 0xf2, 0xd2, 0x2f, 0xf3, 0x33, 0xfb, 0x12,
  0xf3, 0x13, 0xf2, 0xd2, 0xd2, 0xd1, 0xc2, 0x2e, 0xea, 0x50, 0xea, 0x0f,
  0xa2, 0x8f, 0x89, 0x8b, 0xca, 0x4f, 0xe2, 0xd1, 0xea, 0x91, 0xf2, 0xb1,
  0xc2, 0x2f, 0xda, 0xb1, 0xf2, 0xb2, 0xf2, 0x50, 0xe2, 0x91, 0xea, 0x90,
  0xea, 0x51, 0xf2, 0x71, 0xd2, 0x91, 0xb1, 0x8d, 0x39, 0xeb, 0x39, 0xea,
  0x32, 0x0b, 0x39, 0xeb, 0x31, 0xea, 0x31, 0xea, 0x3a, 0x0b, 0x39, 0xeb,
  0x31, 0xeb, 0x31, 0xca, 0x3a, 0x2c, 0x39, 0xeb, 0x39, 0xca, 0x62, 0xef,
  0x42, 0x2c, 0x41, 0xca, 0x52, 0xae, 0x42, 0x2b, 0x39, 0xca, 0x52, 0x6d,
  0x3a, 0x0b, 0x39, 0xca, 0x3a, 0x2c, 0x3a, 0x0b, 0x3a, 0x2c, 0x3a, 0x0b,
  0x3a, 0x2c, 0x39, 0xca, 0xba, 0x2f, 0xe3, 0x33, 0x9a, 0x2e, 0xaa, 0x4e,
  0xa9, 0xcd, 0xdb, 0x12, 0xfb, 0x34, 0xea, 0x0f, 0xfb, 0x94, 0xf2, 0xd1,
  0xea, 0xd2, 0xfb, 0x74, 0xea, 0xd2, 0xea, 0x91, 0xfb, 0x55, 0xf2, 0x71,
  0xdb, 0x33, 0xc2, 0x0e, 0xaa, 0x4e, 0xc2, 0xf1, 0xc2, 0x90, 0xb9, 0xee,
  0xc2, 0x90, 0xb1, 0xed, 0xc2, 0x70, 0xca, 0xb0, 0xb2, 0x0e, 0xc2, 0x6f,
  0xba, 0xb0, 0x91, 0x4b, 0xb9, 0xee, 0xfb, 0xb4, 0xea, 0x50, 0xfa, 0xb2,
  0xfb, 0x74, 0xea, 0x70, 0xf2, 0xd2, 0xfa, 0xf2, 0xea, 0x50, 0xfa, 0xb2,
  0xe2, 0xf2, 0xc1, 0xad, 0xc2, 0x0e, 0xda, 0xb0, 0xbd, 0x57, 0xff, 0xbf,
  0xff, 0xff, 0xff, 0xdf, 0xff, 0xbe, 0xf7, 0x5d, 0xff, 0xdf, 0xff, 0xff,
  0xff, 0xff, 0xef, 0x3d, 0xc5, 0xdb, 0xcd, 0xfc, 0xc5, 0xdb, 0xcd, 0xfb,
  0xc5, 0xfc, 0xc5, 0xbb, 0xbd, 0xbb, 0xbd, 0x7a, 0xb5, 0x7a, 0xb5, 0x59,
  0xb5, 0x7a, 0xc5, 0xbb, 0xbd, 0xba, 0xc5, 0xdb, 0xb5, 0x79, 0xbd, 0x79,
  0xbd, 0x9b, 0xbd, 0x7a, 0xad, 0x5a, 0xb5, 0x39, 0xbd, 0x9b, 0xbd, 0x7a,
  0xc5, 0xfb, 0xb5, 0x58, 0x84, 0x34, 0xbd, 0x9a, 0xe7, 0x1e, 0xef, 0x1e,
  0xd6, 0x5d, 0xc5, 0xba, 0xb5, 0x7a, 0xbd, 0x9a, 0xcd, 0xfc, 0xc5, 0x9b,
  0xd5, 0xfc, 0xd5, 0xfb, 0xff, 0xdf, 0xff, 0xff, 0xff, 0xff, 0xff, 0xff,
  0xff, 0x1b, 0xff, 0x5c, 0xfe, 0xfa, 0xf6, 0x99, 0xed, 0xd7, 0xe5, 0xd7,
  0xfe, 0xd9, 0xff, 0x3b, 0xfe, 0x9a, 0xe5, 0xb7, 0xee, 0x17, 0xfe, 0xfb,
  0xfe, 0xfb, 0xfe, 0xba, 0xf6, 0x37, 0xfe, 0x79, 0xff, 0x1b, 0xff, 0x3b,
  0xf6, 0x38, 0xf6, 0x38, 0xfe, 0xda, 0xff, 0x1b, 0xfe, 0xfa, 0xfe, 0xfa,
  0xfe, 0x79, 0xdd, 0x96, 0xfe, 0x79, 0xfe, 0x9a, 0xe5, 0xd6, 0xfe, 0x99,
  0xf6, 0x58, 0xfe, 0xda, 0xff, 0x3b, 0xff, 0x1b, 0xf6, 0x58, 0xf6, 0x79,
  0xff, 0x3a, 0xff, 0x1b, 0xff, 0x1b, 0xfe, 0xda, 0xfe, 0xb9, 0xfe, 0xfa,
  0xff, 0x1a, 0xff, 0x3b, 0xff, 0x1b, 0xf6, 0x58, 0xf6, 0x78, 0xff, 0x3b,
  0xff, 0x3b, 0xff, 0x3b, 0xee, 0x37, 0xfe, 0xda, 0xff, 0x5b, 0xff, 0x3b,
  0xff, 0x5b, 0xfe, 0xda, 0xe5, 0xf6, 0xff, 0x3b, 0xff, 0x1a, 0xff, 0x5c,
  0xfe, 0xb9, 0xe6, 0x17, 0xff, 0x3b, 0xff, 0x3b, 0xff, 0x5b, 0xff, 0x5b,
  0xdd, 0x54, 0xe5, 0xb6, 0xff, 0x5c, 0xee, 0x79, 0xfe, 0x99, 0xff, 0x7c,
  0xff, 0x3b, 0xee, 0x98, 0xff, 0x5b, 0xff, 0x7c, 0xff, 0x5b, 0xff, 0x3b,
  0xe6, 0x17, 0xff, 0x5d, 0xff, 0x3b, 0xff, 0x7c, 0xfe, 0xba, 0xe6, 0x38,
  0xff, 0x9d, 0xff, 0x5c, 0xdd, 0xd6, 0xff, 0x1c, 0xf5, 0x76, 0xe5, 0x56,
  0xf2, 0xf1, 0xea, 0xd1, 0xda, 0xb0, 0xca, 0x6f, 0xfb, 0x33, 0xea, 0xd2,
  0xeb, 0x12, 0xf3, 0x53, 0xba, 0x0d, 0xca, 0x90, 0xf2, 0x50, 0xf2, 0x50,
  0xc2, 0xb0, 0xa1, 0xed, 0xda, 0x4f, 0xe2, 0xb1, 0xf2, 0xb1, 0xea, 0xb1,
  0xd1, 0xce, 0xea, 0xd2, 0xf2, 0x70, 0xf2, 0x91, 0xf2, 0x70, 0xea, 0x70,
  0xe2, 0x2f, 0xda, 0x2f, 0xf1, 0xef, 0xf2, 0x10, 0x91, 0xec, 0x71, 0x2a,
  0x2a, 0x0a, 0x32, 0x4b, 0x3a, 0x0a, 0x31, 0xea, 0x31, 0xea, 0x3a, 0x2b,
  0x3a, 0x0a, 0x31, 0xea, 0x39, 0xea, 0x39, 0xeb, 0x41, 0xea, 0x42, 0x2b,
  0x62, 0xee, 0x31, 0xa9, 0x4a, 0x2b, 0x52, 0x6d, 0x41, 0xea, 0x52, 0xad,
  0x4a, 0x4c, 0x39, 0xea, 0x42, 0x2b, 0x3a, 0x4c, 0x39, 0xea, 0x31, 0xea,
  0x39, 0xea, 0x31, 0xea, 0xba, 0x2e, 0xdb, 0x53, 0x99, 0xec, 0xa2, 0x4e,
  0xb9, 0xed, 0xc2, 0x6f, 0xfb, 0x54, 0xea, 0x70, 0xf2, 0x91, 0xfb, 0x74,
  0xea, 0x0f, 0xfa, 0xd2, 0xfb, 0x53, 0xe2, 0x50, 0xf2, 0x70, 0xfb, 0x13,
  0xea, 0x50, 0xfb, 0x34, 0xaa, 0x8e, 0x89, 0xcb, 0xca, 0x90, 0xb2, 0x0e,
  0xc2, 0x2e, 0xca, 0x90, 0xb9, 0xcd, 0xca, 0x90, 0xca, 0x8f, 0xb1, 0xed,
  0xc2, 0xb0, 0xaa, 0x2e, 0x91, 0x09, 0xdb, 0x73, 0xfb, 0x33, 0xea, 0x50,
  0xfb, 0x33, 0xfb, 0x13, 0xf2, 0x90, 0xfb, 0x33, 0xfa, 0xf2, 0xe2, 0x0f,
  0xfb, 0x53, 0xd2, 0x0e, 0xda, 0x2e, 0xea, 0xf2, 0xbb, 0x10, 0xbb, 0x51,
  0xff, 0x9e, 0xf7, 0x9e, 0xf7, 0x5c, 0xff, 0xdf, 0xff, 0xff, 0xff, 0xff,
  0xff, 0xff, 0xef, 0x1d, 0xb5, 0x59, 0xb5, 0x9a, 0xbd, 0x79, 0xbd, 0xba,
  0xbd, 0x99, 0xbd, 0x9a, 0xc5, 0xba, 0xbd, 0xbb, 0xc5, 0xba, 0xbd, 0x9a,
  0xbd, 0x9a, 0xbd, 0xbb, 0xcd, 0xfb, 0xce, 0x1c, 0xc5, 0xbb, 0xc5, 0xdb,
  0xcd, 0xda, 0xc5, 0xfb, 0xc5, 0xba, 0xce, 0x5d, 0xc5, 0xdb, 0xc5, 0xdb,
  0xad, 0x37, 0x9c, 0x95, 0xde, 0xbc, 0xef, 0x5f, 0xd6, 0x3b, 0xbd, 0xda,
  0xcd, 0xfb, 0xc5, 0xfc, 0xc5, 0x9a, 0xbd, 0xbb, 0xcd, 0x99, 0xd6, 0x3c,
  0xe6, 0x3b, 0xdd, 0xfb, 0xde, 0x5b, 0xff, 0xff, 0xff, 0xff, 0xff, 0xff,
  0x73, 0x4e, 0xbd, 0x77, 0xff, 0x1a, 0xff, 0x5b, 0xfe, 0xfb, 0xfe, 0x99,
  0xed, 0xf8, 0xfe, 0x39, 0xfe, 0xda, 0xff, 0x3b, 0xf6, 0x9a, 0xee, 0x18,
  0xee, 0x79, 0xfe, 0xfb, 0xfe, 0xfb, 0xfe, 0x99, 0xee, 0x38, 0xfe, 0x99,
  0xff, 0x1b, 0xfe, 0xba, 0xf6, 0x99, 0xfe, 0x99, 0xff, 0x3b, 0xfe, 0xfa,
  0xe5, 0xb7, 0xf5, 0xd7, 0xe5, 0xd7, 0xf6, 0x38, 0xff, 0x1b, 0xff, 0x1b,
  0xfe, 0xba, 0xf6, 0x58, 0xfe, 0xfb, 0xff, 0x1b, 0xff, 0x1b, 0xf6, 0x99,
  0xee, 0x18, 0xfe, 0xda, 0xff, 0x3b, 0xff, 0x3b, 0xfe, 0xdb, 0xee, 0x37,
  0xfe, 0xda, 0xff, 0x1b, 0xff, 0x3b, 0xff, 0x5c, 0xf6, 0x79, 0xee, 0x38,
  0xff, 0x5c, 0xff, 0x5b, 0xff, 0x1b, 0xee, 0x17, 0xf6, 0x99, 0xff, 0x1b,
  0xff, 0x3b, 0xff, 0x3b, 0xf6, 0x9a, 0xee, 0x17, 0xff, 0x7c, 0xff, 0x1b,
  0xff, 0x5c, 0xf6, 0xba, 0xe6, 0x18, 0xff, 0x3c, 0xf6, 0x99, 0xe6, 0x17,
  0xff, 0x1c, 0xee, 0x38, 0xc4, 0xd3, 0xfe, 0xbb, 0xff, 0x7c, 0xff, 0x3b,
  0xff, 0x5c, 0xf6, 0x99, 0xee, 0xb9, 0xff, 0x5c, 0xff, 0x5c, 0xff, 0x7c,
  0xf6, 0x9a, 0xf6, 0x79, 0xff, 0x7c, 0xff, 0x5b, 0xff, 0x1c, 0xe5, 0xf7,
  0xff, 0x3c, 0xff, 0x5c, 0xe5, 0xf8, 0xfe, 0x9a, 0xf4, 0xf6, 0xc3, 0x4f,
  0xf2, 0xd2, 0xf2, 0xd2, 0xd2, 0x91, 0xeb, 0x33, 0xf2, 0xd2, 0xfb, 0x13,
  0xeb, 0x74, 0xca, 0x4f, 0xca, 0x0f, 0xea, 0xd1, 0xf2, 0x71, 0xf2, 0x50,
  0xdb, 0x12, 0xc2, 0x0e, 0xea, 0x91, 0xea, 0x30, 0xe2, 0xf2, 0xd2, 0x4f,
  0xca, 0x70, 0xf3, 0x53, 0xf3, 0x13, 0xe2, 0x50, 0xea, 0x50, 0xf2, 0x2f,
  0xd2, 0x2f, 0xc9, 0xcd, 0xf2, 0x71, 0xfa, 0x50, 0xd9, 0xef, 0xc9, 0x4c,
  0x51, 0xcb, 0x51, 0x8a, 0x3a, 0x2c, 0x42, 0x0b, 0x31, 0xeb, 0x39, 0xea,
  0x3a, 0x2b, 0x39, 0xea, 0x32, 0x0b, 0x39, 0xea, 0x3a, 0x0b, 0x31, 0xaa,
  0x62, 0xae, 0x72, 0xef, 0x39, 0xea, 0x5a, 0xad, 0x41, 0xeb, 0x5a, 0x6d,
  0x4a, 0x6d, 0x39, 0xaa, 0x3a, 0x0c, 0x39, 0xeb, 0x3a, 0x0b, 0x39, 0xea,
  0x32, 0x0b, 0x39, 0xea, 0xba, 0x2f, 0xdb, 0x32, 0x99, 0xee, 0xa2, 0x0e,
  0xb1, 0xee, 0xd2, 0xd1, 0xea, 0x71, 0xfb, 0x34, 0xe2, 0x50, 0xfa, 0xd2,
  0xfa, 0xd3, 0xea, 0x50, 0xfb, 0x34, 0xfa, 0xd2, 0xe2, 0x50, 0xfb, 0x95,
  0xf2, 0x71, 0xf2, 0x30, 0xf3, 0x95, 0xca, 0x2f, 0x89, 0xac, 0xb2, 0xb0,
  0xb9, 0xee, 0xc2, 0x2f, 0xba, 0x4f, 0xb9, 0xed, 0xca, 0xb1, 0xba, 0x2e,
  0xb1, 0xee, 0xd2, 0xb0, 0x99, 0x8c, 0xc2, 0x6f, 0xfb, 0x34, 0xfa, 0x91,
  0xe2, 0x30, 0xfb, 0x34, 0xea, 0x91, 0xf2, 0x91, 0xfb, 0x34, 0xf2, 0x71,
  0xe2, 0xb1, 0xe2, 0x90, 0x99, 0x8c, 0xca, 0xf1, 0xcb, 0x32, 0x89, 0x0a,
  0x63, 0x4f, 0xef, 0x7f, 0xff, 0xff, 0xff, 0xdf, 0xff, 0xff, 0xff, 0xff,
  0xff, 0xff, 0xf7, 0x5e, 0xbd, 0x9a, 0xc5, 0x9a, 0xbd, 0x9a, 0xc5, 0xbb,
  0xc5, 0xdc, 0xbd, 0x7a, 0xb5, 0x7a, 0xbd, 0x9a, 0xb5, 0x7a, 0xc5, 0x9a,
  0xbd, 0xbb, 0xbd, 0x9a, 0xc5, 0xdb, 0xc5, 0xba, 0xbd, 0xbb, 0xc5, 0xbb,
  0xbd, 0x7a, 0xd6, 0x3d, 0xd6, 0x9c, 0xe6, 0xdd, 0xce, 0x3c, 0xb5, 0x59,
  0xad, 0x37, 0xe6, 0xfe, 0xd6, 0x9d, 0xbd, 0x99, 0xbd, 0x7a, 0xc5, 0x9b,
  0xc5, 0xdb, 0xbd, 0x9a, 0xb5, 0x9a, 0xc5, 0xbb, 0xde, 0x1b, 0xde, 0x1b,
  0xee, 0x5d, 0xdd, 0xba, 0xcd, 0xdb, 0xee, 0xbe, 0xff, 0xff, 0xff, 0xdf,
  0x31, 0xc9, 0x29, 0xa9, 0x7b, 0x2e, 0xcd, 0xd8, 0xff, 0x1b, 0xff, 0x1b,
  0xfe, 0xda, 0xfe, 0xba, 0xf6, 0x17, 0xee, 0x18, 0xfe, 0xda, 0xff, 0x1b,
  0xfe, 0x38, 0xed, 0xf7, 0xfe, 0x99, 0xff, 0x3c, 0xfe, 0xfa, 0xf6, 0x99,
  0xfe, 0x78, 0xfe, 0xfb, 0xfe, 0xfb, 0xfe, 0xba, 0xf6, 0x37, 0xe5, 0xf7,
  0xfe, 0xba, 0xf6, 0x38, 0xed, 0xf6, 0xf6, 0x59, 0xfe, 0xd9, 0xff, 0x3b,
  0xff, 0x1a, 0xff, 0x1b, 0xf6, 0x78, 0xfe, 0xba, 0xff, 0x1b, 0xff, 0x5b,
  0xfe, 0x58, 0xe5, 0xd6, 0xfe, 0xfa, 0xff, 0x5b, 0xff, 0x3b, 0xff, 0x1b,
  0xf6, 0x37, 0xf6, 0x78, 0xff, 0x3b, 0xff, 0x1b, 0xff, 0x3b, 0xfe, 0xba,
  0xf6, 0x78, 0xff, 0x1b, 0xff, 0x1b, 0xff, 0x3b, 0xf6, 0x58, 0xf6, 0x99,
  0xff, 0x5b, 0xff, 0x3b, 0xff, 0x3b, 0xf6, 0xb9, 0xee, 0x57, 0xff, 0x3b,
  0xff, 0x1a, 0xff, 0x9c, 0xfe, 0x99, 0xdd, 0x95, 0xf6, 0x38, 0xff, 0x1b,
  0xfe, 0x99, 0xee, 0x38, 0xee, 0x17, 0xfe, 0x9a, 0xff, 0x5b, 0xff, 0x5b,
  0xff, 0x3b, 0xff, 0x5c, 0xee, 0x58, 0xff, 0x1b, 0xff, 0x5b, 0xff, 0x7c,
  0xff, 0x1b, 0xe6, 0x17, 0xff, 0x5b, 0xff, 0x5b, 0xff, 0x5c, 0xdd, 0xb6,
  0xfe, 0xfa, 0xff, 0x3c, 0xdd, 0x14, 0xf6, 0x19, 0xda, 0xef, 0xdb, 0x10,
  0xea, 0xb1, 0xea, 0xf2, 0xda, 0x4f, 0xf3, 0x54, 0xfb, 0x12, 0xfb, 0x74,
  0xe3, 0x11, 0xc2, 0x6f, 0xe2, 0x70, 0xea, 0x91, 0xf2, 0x50, 0xfa, 0xd2,
  0xe2, 0xb1, 0xd2, 0x2f, 0xda, 0x6f, 0xe2, 0xd1, 0xea, 0xd1, 0xd2, 0x4f,
  0xea, 0x90, 0xf3, 0x12, 0xfa, 0xb2, 0xf2, 0x91, 0xf2, 0x30, 0xf2, 0x70,
  0xea, 0x50, 0xd1, 0xee, 0xf2, 0xf1, 0xf3, 0x12, 0xfa, 0x70, 0xe2, 0x0e,
  0xba, 0x6f, 0x99, 0x8c, 0x31, 0xca, 0x31, 0xeb, 0x42, 0x2b, 0x42, 0x2b,
  0x42, 0x0b, 0x42, 0x2c, 0x39, 0xea, 0x31, 0xea, 0x3a, 0x0a, 0x32, 0x0a,
  0x41, 0x89, 0x5a, 0x8e, 0x62, 0x8d, 0x4a, 0x2c, 0x4a, 0x4b, 0x42, 0x2b,
  0x52, 0x6c, 0x39, 0xea, 0x3a, 0x0a, 0x32, 0x0b, 0x39, 0xea, 0x3a, 0x0b,
  0x42, 0x0a, 0x31, 0xca, 0xba, 0x2e, 0xca, 0xf1, 0x99, 0xec, 0xa2, 0x4e,
  0xc1, 0xcd, 0xeb, 0x13, 0xfa, 0xb1, 0xfa, 0xf2, 0xfb, 0x12, 0xea, 0xb1,
  0xfb, 0x54, 0xea, 0xb1, 0xf2, 0x70, 0xfb, 0x33, 0xfa, 0xf2, 0xea, 0xb1,
  0xfb, 0x33, 0xea, 0x50, 0xfa, 0x71, 0xfb, 0x75, 0xc2, 0x8f, 0xa1, 0xed,
  0xba, 0x8f, 0xaa, 0x4e, 0xd2, 0x8f, 0xc2, 0x4f, 0xba, 0x4e, 0xca, 0xd1,
  0xb2, 0x0d, 0xc2, 0xb0, 0xba, 0x6f, 0xa1, 0xcd, 0xfb, 0x13, 0xfb, 0x75,
  0xea, 0x2f, 0xfa, 0xf2, 0xfb, 0x33, 0xea, 0x91, 0xfa, 0xd1, 0xfb, 0x13,
  0xe2, 0x70, 0xf2, 0xf2, 0x91, 0xcc, 0x9a, 0x0d, 0xc2, 0xd0, 0x91, 0x8b,
  0x41, 0x89, 0x62, 0xee, 0xef, 0x3d, 0xff, 0xff, 0xff, 0xff, 0xff, 0xff,
  0xff, 0xff, 0xf7, 0xbf, 0xcd, 0xda, 0xc5, 0xda, 0xc5, 0xba, 0xbd, 0xba,
  0xc5, 0xba, 0xc5, 0xdb, 0xbd, 0x99, 0xbd, 0xba, 0xce, 0x1b, 0xbd, 0x9a,
  0xde, 0x9d, 0xce, 0x3c, 0xc5, 0x99, 0xc5, 0xdb, 0xc5, 0xda, 0xbd, 0xda,
  0xbd, 0x79, 0xbd, 0xba, 0xe6, 0xbc, 0xde, 0xdd, 0xce, 0x3a, 0xad, 0x16,
  0xde, 0x9d, 0xbd, 0xda, 0xbd, 0x59, 0xbd, 0xbb, 0xc5, 0x9a, 0xbd, 0x9a,
  0xc5, 0x9a, 0xbd, 0x9a, 0xd6, 0x7b, 0xff, 0xdf, 0xee, 0x7c, 0xde, 0x3b,
  0xdd, 0xdb, 0xe6, 0x3c, 0xdd, 0xda, 0xd5, 0xda, 0xd6, 0x3b, 0xce, 0x3b,
  0x3a, 0x2c, 0x42, 0x2b, 0x32, 0x2b, 0x31, 0xea, 0x73, 0x2e, 0xcd, 0xd8,
  0xff, 0x1c, 0xfe, 0xfb, 0xfe, 0xbb, 0xf6, 0x38, 0xee, 0x39, 0xfe, 0x79,
  0xff, 0x1c, 0xfe, 0xba, 0xed, 0xd8, 0xf6, 0x18, 0xff, 0x1c, 0xff, 0x1b,
  0xf6, 0xba, 0xf6, 0x78, 0xfe, 0xfc, 0xf6, 0x39, 0xdd, 0x97, 0xf6, 0x19,
  0xdd, 0xb6, 0xfe, 0x79, 0xff, 0x3c, 0xfe, 0xba, 0xee, 0x58, 0xfe, 0x99,
  0xff, 0x1b, 0xfe, 0xfa, 0xff, 0x1b, 0xee, 0x38, 0xf6, 0x79, 0xfe, 0xfb,
  0xff, 0x3c, 0xfe, 0xba, 0xe6, 0x17, 0xf6, 0x58, 0xff, 0x3c, 0xff, 0x1b,
  0xff, 0x1b, 0xee, 0x17, 0xee, 0x58, 0xff, 0x1b, 0xff, 0x1b, 0xff, 0x3b,
  0xfe, 0xba, 0xed, 0xd7, 0xfe, 0xda, 0xff, 0x3c, 0xff, 0x3c, 0xee, 0x58,
  0xf6, 0x79, 0xff, 0x1b, 0xff, 0x1b, 0xff, 0x3b, 0xf6, 0x79, 0xf6, 0x38,
  0xff, 0x5c, 0xf6, 0x99, 0xe5, 0xd7, 0xf6, 0x18, 0xee, 0x38, 0xed, 0xf7,
  0xee, 0x38, 0xff, 0x3c, 0xff, 0x5c, 0xe6, 0x37, 0xf6, 0xfa, 0xff, 0x3b,
  0xff, 0x3c, 0xff, 0x1b, 0xfe, 0xdb, 0xee, 0x58, 0xff, 0x5c, 0xff, 0x1b,
  0xff, 0x5c, 0xee, 0x79, 0xf6, 0xda, 0xff, 0x3b, 0xff, 0x5c, 0xe6, 0x17,
  0xfe, 0x7a, 0xfe, 0x59, 0xfd, 0x78, 0xe4, 0x74, 0xe2, 0x50, 0xfb, 0x32,
  0xe2, 0xf2, 0xda, 0x70, 0xea, 0xd2, 0xf2, 0xf2, 0xf3, 0x33, 0xf3, 0x12,
  0xca, 0x70, 0xd2, 0x90, 0xe2, 0x71, 0xf2, 0xd2, 0xe2, 0x50, 0xfa, 0xb2,
  0xdb, 0x12, 0xca, 0x70, 0xc2, 0x2e, 0xf3, 0x73, 0xda, 0x91, 0xda, 0x90,
  0xea, 0xd2, 0xf2, 0xb1, 0xf2, 0xd2, 0xf2, 0xb1, 0xea, 0x91, 0xf2, 0x91,
  0xe2, 0x70, 0xda, 0x0f, 0xda, 0x90, 0xea, 0xf2, 0xf2, 0xd2, 0xe2, 0x0f,
  0xea, 0x30, 0xf2, 0x30, 0x72, 0x6e, 0x51, 0x6a, 0x32, 0x2b, 0x31, 0xea,
  0x31, 0xca, 0x39, 0xeb, 0x31, 0xeb, 0x31, 0xca, 0x3a, 0x2c, 0x31, 0xca,
  0x3a, 0x2c, 0x31, 0xa9, 0x5a, 0x4d, 0x72, 0xae, 0x42, 0x4c, 0x39, 0xca,
  0x52, 0x8e, 0x4a, 0x0b, 0x3a, 0x0b, 0x31, 0xca, 0x32, 0x0b, 0x3a, 0x0b,
  0x3a, 0x0b, 0x39, 0xaa, 0x91, 0xcd, 0xaa, 0x6f, 0x79, 0x8b, 0xa2, 0x6f,
  0xe2, 0xf2, 0xe2, 0xd2, 0xf2, 0xd2, 0xea, 0x50, 0xfb, 0x75, 0xf2, 0xb1,
  0xf2, 0xd2, 0xfb, 0x75, 0xe2, 0x50, 0xf2, 0xd2, 0xfb, 0x74, 0xf2, 0xb1,
  0xea, 0xb1, 0xfb, 0x13, 0xea, 0x71, 0xfa, 0xd2, 0xfb, 0x34, 0xe2, 0x30,
  0x9a, 0x0d, 0xaa, 0x4e, 0xb1, 0xee, 0xca, 0x90, 0xba, 0x0e, 0xc2, 0x2f,
  0xca, 0x70, 0xc2, 0x0e, 0xb3, 0x31, 0x89, 0xab, 0xba, 0x2e, 0xeb, 0x74,
  0xfa, 0xd3, 0xf2, 0x10, 0xfb, 0x54, 0xfa, 0xd2, 0xe2, 0x50, 0xfb, 0x74,
  0xfa, 0xf2, 0xea, 0x70, 0xca, 0xb1, 0xa1, 0x4c, 0xd3, 0x94, 0xa1, 0xac,
  0x5a, 0x0d, 0x51, 0x6a, 0x52, 0x6c, 0xde, 0x7c, 0xff, 0xff, 0xff, 0xdf,
  0xff, 0xff, 0xff, 0xbf, 0xce, 0x1c, 0xbd, 0x79, 0xbd, 0xbb, 0xbd, 0x9a,
  0xc5, 0xdc, 0xbd, 0x9a, 0xbd, 0xbb, 0xbd, 0x79, 0xe6, 0xfe, 0xce, 0x1a,
  0xd6, 0x9d, 0xe6, 0xde, 0xb5, 0x5a, 0xc5, 0xbb, 0xb5, 0x5a, 0xc5, 0xbb,
  0xce, 0x5c, 0xe6, 0xde, 0xf7, 0x9f, 0xc5, 0xd9, 0xa4, 0xd7, 0xc5, 0xdb,
  0xbd, 0x9b, 0xc5, 0xbb, 0xbd, 0xbb, 0xbd, 0x7a, 0xbd, 0xbb, 0xc5, 0x9b,
  0xbd, 0x9a, 0xde, 0x7d, 0xff, 0xff, 0xff, 0xff, 0xff, 0xbf, 0xd6, 0x3a,
  0xd5, 0xdb, 0xdd, 0xfb, 0xde, 0x3c, 0xd5, 0x9a, 0xbd, 0x39, 0xde, 0x3c,
  0x39, 0xea, 0x42, 0x4c, 0x4a, 0x6c, 0x42, 0x4c, 0x31, 0xea, 0x31, 0xea,
  0x83, 0x8f, 0xd6, 0x39, 0xff, 0x3b, 0xff, 0x1b, 0xfe, 0x99, 0xee, 0x18,
  0xed, 0xd7, 0xfe, 0xdb, 0xfe, 0xfb, 0xf6, 0x79, 0xed, 0xb6, 0xfe, 0x9a,
  0xff, 0x3b, 0xff, 0x1b, 0xe5, 0x75, 0xe5, 0xb6, 0xfe, 0x5a, 0xe5, 0x76,
  0xf6, 0x17, 0xfe, 0x9a, 0xfe, 0xda, 0xff, 0x1b, 0xfe, 0xfa, 0xf6, 0x78,
  0xfe, 0x99, 0xff, 0x1b, 0xff, 0x1a, 0xff, 0x1b, 0xf6, 0x17, 0xee, 0x17,
  0xfe, 0xfa, 0xff, 0x3b, 0xfe, 0xfa, 0xe5, 0xd6, 0xf6, 0x58, 0xff, 0x3b,
  0xfe, 0xfa, 0xff, 0x3b, 0xf6, 0x38, 0xee, 0x38, 0xff, 0x3b, 0xff, 0x1b,
  0xff, 0x1b, 0xfe, 0xba, 0xed, 0xf6, 0xff, 0x1b, 0xff, 0x1b, 0xff, 0x3b,
  0xf6, 0x78, 0xf6, 0xb9, 0xff, 0x3b, 0xff, 0x1b, 0xff, 0x1b, 0xf6, 0xb9,
  0xe5, 0x95, 0xed, 0xf7, 0xfe, 0xba, 0xfe, 0x9a, 0xdd, 0x14, 0xed, 0xd7,
  0xff, 0x7c, 0xff, 0x1b, 0xff, 0x3b, 0xfe, 0xfa, 0xee, 0x17, 0xff, 0x5c,
  0xff, 0x3b, 0xff, 0x3b, 0xff, 0x5c, 0xe6, 0x38, 0xfe, 0xda, 0xff, 0x5c,
  0xff, 0x3b, 0xf6, 0xb9, 0xee, 0x37, 0xff, 0x5c, 0xff, 0x5c, 0xe5, 0xf7,
  0xfd, 0xf8, 0xed, 0xb7, 0xdb, 0x71, 0xba, 0xae, 0xfa, 0xd1, 0xfb, 0x13,
  0xeb, 0x52, 0xd2, 0xd1, 0xfb, 0x53, 0xea, 0xd2, 0xf3, 0x32, 0xda, 0x90,
  0xca, 0x2e, 0xda, 0xf2, 0xf2, 0x90, 0xf2, 0xd2, 0xf2, 0xf2, 0xfb, 0x33,
  0xea, 0xf2, 0xd2, 0x50, 0xca, 0x0e, 0xf3, 0x94, 0xca, 0x4f, 0xe3, 0x12,
  0xfa, 0x91, 0xf2, 0x91, 0xf2, 0xb0, 0xf2, 0xd1, 0xf2, 0xd1, 0xe2, 0x90,
  0xf2, 0x90, 0xea, 0x4f, 0xe2, 0x2f, 0xf2, 0xb1, 0xfa, 0xd1, 0xea, 0x91,
  0xf2, 0x4f, 0xf2, 0x90, 0xdb, 0x32, 0xa1, 0xac, 0x31, 0xaa, 0x31, 0xeb,
  0x39, 0xea, 0x3a, 0x0b, 0x41, 0xea, 0x3a, 0x0b, 0x39, 0xca, 0x39, 0xeb,
  0x31, 0xea, 0x3a, 0x2b, 0x39, 0xc9, 0x5a, 0xce, 0x73, 0x2f, 0x49, 0xea,
  0x52, 0x6c, 0x42, 0x2b, 0x3a, 0x0a, 0x31, 0xea, 0x39, 0xea, 0x3a, 0x2b,
  0x39, 0xeb, 0x31, 0xca, 0x92, 0x2d, 0x92, 0x2e, 0x81, 0xab, 0x92, 0x6e,
  0xca, 0xb0, 0xd3, 0x12, 0xfa, 0xf2, 0xf2, 0xb1, 0xf2, 0xb1, 0xfb, 0x54,
  0xf2, 0xb1, 0xfb, 0x13, 0xfa, 0xf2, 0xe2, 0x0f, 0xfb, 0x13, 0xfb, 0x33,
  0xe2, 0x0f, 0xfb, 0x34, 0xfa, 0xf2, 0xe2, 0x70, 0xfa, 0xd2, 0xfa, 0xf3,
  0xd2, 0xb0, 0xc2, 0x4f, 0xb1, 0xed, 0xb2, 0x6f, 0xca, 0x90, 0xb1, 0xed,
  0xca, 0xd0, 0xba, 0x6f, 0xaa, 0x4e, 0xaa, 0x4f, 0xa9, 0x6b, 0xd2, 0xf2,
  0xfb, 0x13, 0xfa, 0x91, 0xf2, 0x90, 0xfb, 0x74, 0xea, 0x4f, 0xf2, 0xb1,
  0xfb, 0x73, 0xf2, 0xf2, 0xda, 0xb0, 0xc2, 0x4f, 0xe3, 0x12, 0xba, 0x2f,
  0x49, 0xeb, 0x4a, 0x4c, 0x59, 0x49, 0x82, 0xcf, 0xd6, 0x18, 0xff, 0xff,
  0xff, 0xff, 0xf7, 0x9e, 0xd6, 0x1c, 0xbd, 0x79, 0xc5, 0x9a, 0xbd, 0x9a,
  0xbd, 0x7a, 0xbd, 0x9a, 0xc5, 0xba, 0xbd, 0xbb, 0xde, 0x9d, 0xd6, 0x9c,
  0xbd, 0x78, 0xef, 0x1f, 0xcd, 0xfa, 0xde, 0xbd, 0xee, 0xfd, 0xef, 0x5f,
  0xef, 0x3e, 0xd6, 0x7b, 0xa4, 0xd7, 0xa4, 0xf8, 0xcd, 0xdb, 0xbd, 0xba,
  0xc5, 0xba, 0xc5, 0xfb, 0xbd, 0x9a, 0xbd, 0x9a, 0xbd, 0x9a, 0xbd, 0x9a,
  0xee, 0xfd, 0xff, 0xff, 0xff, 0xff, 0xff, 0xff, 0xff, 0xff, 0xff, 0xff,
  0xee, 0x9c, 0xd6, 0x1a, 0xd5, 0xbb, 0xcd, 0xbb, 0xd5, 0x59, 0xee, 0x7d,
  0x3a, 0x0b, 0x4a, 0x4c, 0x4a, 0x8d, 0x4a, 0x6c, 0x5a, 0xef, 0x4a, 0x6c,
  0x31, 0xeb, 0x42, 0x4c, 0x94, 0x11, 0xf6, 0xdb, 0xff, 0x5c, 0xfe, 0xfa,
  0xf6, 0x59, 0xf6, 0x39, 0xee, 0x79, 0xff, 0x1b, 0xfe, 0xdb, 0xf6, 0x79,
  0xee, 0x39, 0xed, 0xf8, 0xf6, 0x5a, 0xe5, 0xb7, 0xdd, 0x97, 0xfe, 0x9a,
  0xff, 0x3c, 0xfe, 0x99, 0xf6, 0x99, 0xfe, 0xda, 0xff, 0x1b, 0xfe, 0xfb,
  0xf6, 0x79, 0xee, 0x17, 0xfe, 0xfb, 0xfe, 0xfb, 0xff, 0x1b, 0xf6, 0x58,
  0xe5, 0xf7, 0xfe, 0xda, 0xff, 0x1b, 0xfe, 0xfb, 0xf6, 0x38, 0xf6, 0x17,
  0xff, 0x1b, 0xfe, 0xfa, 0xff, 0x3c, 0xf6, 0x99, 0xee, 0x18, 0xfe, 0xfb,
  0xff, 0x1b, 0xff, 0x1b, 0xfe, 0xba, 0xe5, 0xd6, 0xff, 0x1b, 0xff, 0x1b,
  0xff, 0x1c, 0xee, 0x38, 0xf6, 0xfa, 0xff, 0x5c, 0xee, 0x59, 0xee, 0x38,
  0xee, 0x18, 0xf6, 0x18, 0xf6, 0x99, 0xe5, 0xf7, 0xff, 0x3c, 0xe5, 0xb6,
  0xee, 0x99, 0xff, 0x5c, 0xff, 0x3b, 0xff, 0x5b, 0xee, 0x18, 0xee, 0x18,
  0xff, 0x5c, 0xff, 0x3b, 0xff, 0x5c, 0xfe, 0xda, 0xee, 0x58, 0xff, 0x3b,
  0xff, 0x3b, 0xfe, 0xfa, 0xee, 0x79, 0xff, 0x1b, 0xff, 0x1b, 0xe5, 0xb6,
  0xf5, 0xd8, 0xcc, 0x72, 0xd3, 0x72, 0xcb, 0x10, 0xf3, 0x13, 0xf2, 0xf2,
  0xda, 0xd2, 0xda, 0xb1, 0xfa, 0xf3, 0xfa, 0xf2, 0xe3, 0x33, 0xc2, 0x0e,
  0xda, 0x91, 0xea, 0xd2, 0xea, 0x91, 0xea, 0x90, 0xf2, 0xf2, 0xfa, 0xf2,
  0xeb, 0x13, 0xe2, 0x70, 0xc2, 0x4f, 0xda, 0xf2, 0xc9, 0xee, 0xf2, 0xf2,
  0xf2, 0xb2, 0xf2, 0x91, 0xea, 0x91, 0xf2, 0xb1, 0xea, 0x91, 0xf2, 0xb1,
  0xf2, 0x92, 0xea, 0x50, 0xd2, 0x2f, 0xea, 0xb1, 0xea, 0xb1, 0xf2, 0x91,
  0xea, 0x71, 0xf2, 0x70, 0xf2, 0x91, 0xf2, 0x50, 0x72, 0xae, 0x49, 0x69,
  0x32, 0x0b, 0x32, 0x0b, 0x32, 0x0b, 0x39, 0xea, 0x3a, 0x2c, 0x31, 0xea,
  0x31, 0xcb, 0x42, 0x0b, 0x39, 0xeb, 0x39, 0xca, 0x83, 0x51, 0x6a, 0x6d,
  0x4a, 0x4c, 0x42, 0x0b, 0x31, 0xeb, 0x3a, 0x0b, 0x31, 0xeb, 0x39, 0xca,
  0x31, 0xca, 0x31, 0xaa, 0x82, 0x4e, 0x79, 0xec, 0xa1, 0xcd, 0xc2, 0xb0,
  0xba, 0x0f, 0xe3, 0x33, 0xe2, 0x91, 0xfb, 0x33, 0xe2, 0x50, 0xfb, 0x54,
  0xfa, 0xf3, 0xe2, 0x0f, 0xfb, 0x14, 0xf2, 0x71, 0xea, 0x50, 0xfb, 0x13,
  0xfa, 0xf3, 0xea, 0x30, 0xfb, 0x33, 0xfb, 0x13, 0xea, 0x71, 0xfb, 0x13,
  0xf2, 0xd2, 0xe2, 0x0f, 0xb2, 0x90, 0x91, 0x8b, 0xba, 0x90, 0xba, 0x4f,
  0xb1, 0xee, 0xd2, 0xd1, 0xaa, 0x2e, 0xba, 0x8f, 0xa1, 0xcd, 0xc2, 0xd1,
  0xf2, 0xb1, 0xfb, 0x33, 0xe2, 0x50, 0xfb, 0x13, 0xfb, 0x13, 0xe2, 0x30,
  0xfb, 0x54, 0xfa, 0xf3, 0xd2, 0x70, 0xd2, 0x2f, 0xca, 0xb1, 0xca, 0x90,
  0x51, 0xeb, 0x51, 0xeb, 0x69, 0xab, 0x71, 0xab, 0xa2, 0xcf, 0xd3, 0xf4,
  0xf7, 0x7e, 0xff, 0xbe, 0xe6, 0xbe, 0xc5, 0x99, 0xc5, 0xbc, 0xc5, 0x9b,
  0xbd, 0xbb, 0xc5, 0xba, 0xbd, 0x7b, 0xc5, 0x9b, 0xc6, 0x1b, 0xef, 0x1f,
  0xd6, 0x7b, 0xff, 0x9f, 0xef, 0x5f, 0xe6, 0xdd, 0xd6, 0x9e, 0xc5, 0xba,
  0x8c, 0x55, 0x94, 0x35, 0xb5, 0x7a, 0xc5, 0xdb, 0xc5, 0xfb, 0xcd, 0xdb,
  0xc5, 0xdb, 0xc5, 0x9a, 0xc5, 0xdc, 0xc5, 0xdb, 0xc5, 0xda, 0xf7, 0x1f,
  0xff, 0xff, 0xff, 0xff, 0xff, 0xff, 0xff, 0xff, 0xff, 0xff, 0xff, 0xff,
  0xff, 0xff, 0xe7, 0x1d, 0xcd, 0x79, 0xee, 0x7d, 0xc5, 0x59, 0xee, 0x3c,
  0x52, 0x8c, 0x42, 0x6c, 0x42, 0x0b, 0x42, 0x4c, 0x4a, 0x2b, 0x42, 0x4b,
  0x4a, 0x2b, 0x4a, 0x4c, 0x31, 0xa8, 0x52, 0xad, 0xcd, 0xb6, 0xff, 0x5d,
  0xfe, 0xfb, 0xfe, 0xba, 0xf6, 0x38, 0xf6, 0x59, 0xfe, 0xfb, 0xfe, 0xda,
  0xdd, 0x35, 0xed, 0xd7, 0xed, 0xf7, 0xee, 0x18, 0xfe, 0xda, 0xf6, 0x59,
  0xfe, 0xb9, 0xff, 0x1b, 0xfe, 0xda, 0xf6, 0x99, 0xfe, 0xda, 0xff, 0x1b,
  0xfe, 0xda, 0xf6, 0x79, 0xf6, 0x37, 0xfe, 0xfa, 0xff, 0x1a, 0xff, 0x1b,
  0xfe, 0x78, 0xe5, 0xb6, 0xfe, 0xda, 0xff, 0x1b, 0xff, 0x1a, 0xee, 0x78,
  0xf6, 0x37, 0xff, 0x1b, 0xfe, 0xfa, 0xff, 0x1b, 0xfe, 0x79, 0xe5, 0xf7,
  0xff, 0x1a, 0xff, 0x1b, 0xff, 0x3b, 0xfe, 0xda, 0xf6, 0x37, 0xff, 0x1b,
  0xff, 0x3b, 0xff, 0x5c, 0xed, 0xd6, 0xed, 0xd6, 0xf6, 0x58, 0xfe, 0xda,
  0xfe, 0x9a, 0xd5, 0x34, 0xf6, 0x37, 0xff, 0x5c, 0xfe, 0xfa, 0xfe, 0xfb,
  0xe5, 0xd6, 0xff, 0x1b, 0xff, 0x3b, 0xff, 0x3b, 0xfe, 0xda, 0xe5, 0xf6,
  0xff, 0x1b, 0xff, 0x3b, 0xff, 0x1a, 0xff, 0x3b, 0xee, 0x37, 0xff, 0x1b,
  0xff, 0x3b, 0xff, 0x1b, 0xee, 0x78, 0xff, 0x3b, 0xfe, 0x7a, 0xdc, 0xd4,
  0xcc, 0xd4, 0xfe, 0xdc, 0xfc, 0x55, 0xcb, 0x11, 0xfb, 0x13, 0xfb, 0x33,
  0xe2, 0xf1, 0xe3, 0x12, 0xea, 0x90, 0xfb, 0x53, 0xca, 0x6f, 0xca, 0xb0,
  0xf2, 0xd1, 0xf2, 0xf2, 0xfb, 0x12, 0xf2, 0xf2, 0xf2, 0xd1, 0xea, 0x91,
  0xf3, 0x12, 0xea, 0xf2, 0xd2, 0x90, 0xca, 0x70, 0xd2, 0x2e, 0xeb, 0x12,
  0xfa, 0xf2, 0xfb, 0x13, 0xf2, 0x90, 0xf2, 0xf2, 0xf2, 0xb1, 0xf2, 0xd2,
  0xf2, 0x50, 0xf2, 0xb2, 0xe2, 0x50, 0xe2, 0x70, 0xfa, 0xf2, 0xf2, 0xb1,
  0xfa, 0xf1, 0xea, 0xb1, 0xfa, 0x50, 0xf2, 0x71, 0xca, 0xf1, 0x99, 0xac,
  0x32, 0x0a, 0x32, 0x2b, 0x39, 0xca, 0x31, 0xeb, 0x3a, 0x0a, 0x31, 0xea,
  0x3a, 0x0a, 0x3a, 0x2b, 0x39, 0xea, 0x31, 0xea, 0x52, 0x2b, 0x73, 0x50,
  0x52, 0x4c, 0x52, 0x6c, 0x31, 0xea, 0x3a, 0x4c, 0x39, 0xea, 0x32, 0x0b,
  0x42, 0x0b, 0x39, 0xeb, 0x82, 0x6d, 0x72, 0x2c, 0xd2, 0x6f, 0xf3, 0xb5,
  0xb9, 0xed, 0xca, 0xb0, 0xf2, 0x70, 0xf2, 0xd2, 0xfa, 0xd2, 0xea, 0x50,
  0xfb, 0x53, 0xea, 0x91, 0xf2, 0x50, 0xfb, 0x74, 0xfa, 0x91, 0xf2, 0x91,
  0xfb, 0x53, 0xf2, 0xb1, 0xea, 0x70, 0xfb, 0x53, 0xfa, 0xd2, 0xea, 0x50,
  0xfb, 0x34, 0xf2, 0x50, 0xd3, 0x11, 0xba, 0x6f, 0x91, 0x6b, 0xba, 0xf1,
  0xb9, 0xcd, 0xc2, 0x2f, 0xca, 0xb0, 0xba, 0x4e, 0x91, 0xec, 0xb3, 0x31,
  0xfa, 0x90, 0xfa, 0xf2, 0xfb, 0x12, 0xf2, 0xf2, 0xfb, 0x74, 0xf2, 0xb1,
  0xfa, 0x70, 0xfb, 0x34, 0xea, 0xd1, 0xca, 0x0f, 0xf3, 0x33, 0xda, 0x70,
  0x6a, 0x2c, 0x51, 0xca, 0x5a, 0x2c, 0x49, 0xcb, 0xc2, 0x0e, 0xc2, 0x4f,
  0xa3, 0xb0, 0xfe, 0xbc, 0xff, 0xff, 0xbd, 0xf9, 0xc5, 0x9a, 0xbd, 0x9a,
  0xbd, 0x99, 0xbd, 0xda, 0xd6, 0x1a, 0xe6, 0xfe, 0xf7, 0x3e, 0xef, 0x5f,
  0xe6, 0xbd, 0xd6, 0x5c, 0xc5, 0xba, 0xb5, 0x79, 0x9c, 0x96, 0x9c, 0xb6,
  0xb5, 0x39, 0xc5, 0xdb, 0xcd, 0xdb, 0xbd, 0xba, 0xcd, 0xda, 0xc5, 0xda,
  0xcd, 0xdb, 0xc5, 0xfc, 0xbd, 0x79, 0xcd, 0xfb, 0xf7, 0x5d, 0xff, 0xff,
  0xff, 0xff, 0xff, 0xff, 0xff, 0xff, 0xff, 0xff, 0xff, 0xff, 0xff, 0xff,
  0xff, 0x9f, 0xce, 0x1a, 0xe6, 0x5c, 0xd5, 0xda, 0xcd, 0x9a, 0xd5, 0xdb,
  0x4a, 0x8d, 0x4a, 0x6c, 0x42, 0x4c, 0x4a, 0x4c, 0x4a, 0x8d, 0x4a, 0x4c,
  0x3a, 0x2c, 0x42, 0x2c, 0x3a, 0x4d, 0x31, 0xcb, 0x4a, 0x2b, 0x83, 0xd1,
  0xe6, 0x59, 0xff, 0x3c, 0xfe, 0xdb, 0xfe, 0xba, 0xdd, 0x56, 0xed, 0x97,
  0xfe, 0x7b, 0xe5, 0x76, 0xe5, 0xb7, 0xfe, 0x7a, 0xff, 0x3c, 0xfe, 0xda,
  0xf6, 0x79, 0xfe, 0xba, 0xff, 0x3c, 0xfe, 0xfb, 0xee, 0x18, 0xf6, 0x38,
  0xfe, 0xfb, 0xfe, 0xfb, 0xfe, 0xba, 0xe5, 0xd7, 0xf6, 0xba, 0xff, 0x3b,
  0xff, 0x3c, 0xfe, 0x99, 0xe5, 0xf7, 0xfe, 0xba, 0xff, 0x1b, 0xfe, 0xfb,
  0xee, 0x38, 0xed, 0xf7, 0xff, 0x1b, 0xfe, 0xfb, 0xff, 0x1b, 0xf6, 0x78,
  0xe5, 0xf7, 0xfe, 0xda, 0xfe, 0xfa, 0xfe, 0xfa, 0xfe, 0x9a, 0xf6, 0x58,
  0xff, 0x1b, 0xe6, 0x17, 0xe5, 0x76, 0xe5, 0x76, 0xf6, 0x59, 0xed, 0xd7,
  0xf6, 0x99, 0xff, 0x1b, 0xe6, 0x38, 0xfe, 0xda, 0xff, 0x1b, 0xff, 0x3b,
  0xf6, 0x79, 0xed, 0xf7, 0xff, 0x5c, 0xfe, 0xfa, 0xff, 0x3c, 0xf6, 0x99,
  0xdd, 0xf7, 0xff, 0x3c, 0xff, 0x1b, 0xff, 0x3b, 0xdd, 0xf7, 0xfe, 0xba,
  0xff, 0x5c, 0xfe, 0xfa, 0xed, 0xd7, 0xfe, 0x9a, 0xe5, 0x36, 0xcc, 0x32,
  0xff, 0x7e, 0xf7, 0x1c, 0xca, 0x6f, 0xeb, 0x53, 0xe3, 0x33, 0xe2, 0xf1,
  0xeb, 0x12, 0xea, 0xd1, 0xe3, 0x53, 0xe2, 0xf1, 0xa1, 0xcd, 0xdb, 0x73,
  0xf3, 0x13, 0xfa, 0xf2, 0xf2, 0xf2, 0xf2, 0xd1, 0xea, 0xd2, 0xf2, 0xf2,
  0xea, 0xd2, 0xea, 0x91, 0xba, 0x4f, 0xba, 0x2e, 0xe2, 0x91, 0xfb, 0x13,
  0xf2, 0xf3, 0xf2, 0x91, 0xf2, 0xd2, 0xf2, 0x91, 0xea, 0xb1, 0xfb, 0x33,
  0xf2, 0xd2, 0xf2, 0x91, 0xea, 0xb2, 0xea, 0x91, 0xf2, 0xf3, 0xf2, 0x91,
  0xfb, 0x13, 0xf2, 0x91, 0xf2, 0xb2, 0xf2, 0x91, 0xea, 0xf3, 0xda, 0x50,
  0x41, 0xeb, 0x39, 0xaa, 0x32, 0x2c, 0x31, 0xca, 0x31, 0xea, 0x39, 0xea,
  0x31, 0xeb, 0x39, 0xeb, 0x32, 0x2b, 0x31, 0xca, 0x39, 0xca, 0x5a, 0x8d,
  0x5a, 0xce, 0x52, 0x4c, 0x29, 0xca, 0x31, 0xea, 0x3a, 0x0b, 0x3a, 0x0b,
  0x3a, 0x2c, 0x3a, 0x0b, 0x69, 0xec, 0x72, 0x4d, 0xfb, 0x13, 0xfb, 0x74,
  0xba, 0x4f, 0xc2, 0x4f, 0xfb, 0x34, 0xea, 0x70, 0xfb, 0x13, 0xea, 0x71,
  0xf2, 0xd2, 0xfb, 0x54, 0xe2, 0x50, 0xfa, 0xd2, 0xfb, 0x54, 0xea, 0x30,
  0xfb, 0x13, 0xfb, 0x54, 0xf2, 0xf2, 0xea, 0x91, 0xfb, 0x75, 0xea, 0x50,
  0xfb, 0x13, 0xfb, 0x54, 0xe2, 0x50, 0xfb, 0x13, 0x9a, 0x2e, 0x91, 0xac,
  0xca, 0xd1, 0xb1, 0xcd, 0xca, 0xb1, 0xca, 0xb0, 0x9a, 0x2e, 0xaa, 0x6e,
  0xfb, 0x54, 0xe2, 0x70, 0xfb, 0x54, 0xf2, 0x70, 0xf2, 0xb2, 0xfb, 0x13,
  0xe2, 0x10, 0xfa, 0xb2, 0xe3, 0x33, 0xb9, 0xcd, 0xeb, 0x54, 0xe2, 0xf2,
  0x69, 0xec, 0x61, 0x8a, 0x42, 0x0c, 0x4a, 0x2c, 0x81, 0x4b, 0xc3, 0x11,
  0xd2, 0xf1, 0xc2, 0x6f, 0xd6, 0xdc, 0xe6, 0xfd, 0xbd, 0xba, 0xde, 0x7d,
  0xe6, 0xfe, 0xef, 0x1e, 0xe7, 0x1e, 0xd6, 0x9c, 0xc5, 0xdb, 0xbd, 0x9a,
  0xb5, 0x9a, 0xbd, 0x79, 0xbd, 0xba, 0x9c, 0x75, 0x9c, 0x97, 0xbd, 0x7a,
  0xc5, 0xfc, 0xc5, 0xbb, 0xbd, 0xba, 0xcd, 0xdb, 0xbd, 0xbb, 0xc5, 0xbb,
  0xbd, 0xbb, 0xbd, 0x7a, 0xd6, 0x5b, 0xff, 0x5f, 0xf7, 0x7e, 0xff, 0x7d,
  0xff, 0xff, 0xff, 0xff, 0xff, 0xff, 0xff, 0xff, 0xff, 0xff, 0xff, 0xdf,
  0xcd, 0xfb, 0xe6, 0x5c, 0xcd, 0x9a, 0xdd, 0xfb, 0xd6, 0x3c, 0xd6, 0x1c,
  0x62, 0xed, 0x52, 0xcd, 0x4a, 0x4b, 0x52, 0x8d, 0x4a, 0x6c, 0x42, 0x6c,
  0x4a, 0x4c, 0x42, 0x4c, 0x4a, 0x2b, 0x42, 0x4c, 0x42, 0x4b, 0x3a, 0x2b,
  0x52, 0x29, 0xad, 0x15, 0xff, 0x3b, 0xee, 0x58, 0xed, 0x97, 0xed, 0xd8,
  0xcc, 0xb3, 0xfe, 0x9b, 0xfe, 0xfb, 0xee, 0x38, 0xf6, 0x58, 0xff, 0x1b,
  0xfe, 0xda, 0xee, 0x59, 0xfe, 0x79, 0xff, 0x1b, 0xfe, 0xda, 0xee, 0x58,
  0xf6, 0x58, 0xfe, 0xfb, 0xfe, 0xfb, 0xfe, 0x99, 0xed, 0xf6, 0xfe, 0xfb,
  0xff, 0x1b, 0xff, 0x3b, 0xfe, 0x79, 0xe5, 0xd6, 0xfe, 0xda, 0xfe, 0xfa,
  0xff, 0x1b, 0xee, 0x58, 0xed, 0xf6, 0xff, 0x3b, 0xfe, 0xfa, 0xff, 0x3b,
  0xfe, 0x58, 0xf6, 0x38, 0xff, 0x1b, 0xff, 0x3b, 0xfe, 0xfb, 0xd5, 0x75,
  0xdd, 0x34, 0xfe, 0x79, 0xfe, 0x9a, 0xe5, 0x97, 0xcc, 0xd3, 0xfe, 0xdb,
  0xff, 0x3b, 0xff, 0x5c, 0xfe, 0xb9, 0xe5, 0xf7, 0xff, 0x1b, 0xff, 0x1b,
  0xfe, 0xfb, 0xdd, 0x95, 0xf6, 0x79, 0xff, 0x3c, 0xff, 0x1a, 0xff, 0x1a,
  0xe5, 0xd6, 0xff, 0x1b, 0xff, 0x3b, 0xff, 0x5c, 0xee, 0x37, 0xf6, 0xb9,
  0xff, 0x7c, 0xfe, 0xfa, 0xf5, 0xb6, 0xfd, 0xf8, 0xc4, 0xb3, 0xff, 0x5d,
  0xff, 0xff, 0xd6, 0x19, 0xda, 0x0e, 0xf3, 0x12, 0xea, 0xf2, 0xda, 0xb1,
  0xfb, 0x74, 0xf2, 0xf2, 0xe3, 0x93, 0xc2, 0xb0, 0xa1, 0xec, 0xd3, 0x93,
  0xfa, 0xf2, 0xf2, 0x91, 0xf2, 0xf2, 0xf3, 0x33, 0xf2, 0xd1, 0xfb, 0x33,
  0xf2, 0xd1, 0xe2, 0x91, 0xba, 0x0e, 0xa9, 0xcd, 0xea, 0xf2, 0xf3, 0x53,
  0xf2, 0xd1, 0xea, 0x91, 0xf2, 0x91, 0xea, 0x91, 0xea, 0xd1, 0xea, 0xf2,
  0xf2, 0xb1, 0xea, 0xb1, 0xf2, 0xd1, 0xd2, 0x2f, 0xda, 0x50, 0xea, 0xf2,
  0xfb, 0x53, 0xf2, 0xf2, 0xfb, 0x12, 0xea, 0xb1, 0xf2, 0xb1, 0xf2, 0xd2,
  0x82, 0x8e, 0x59, 0x8a, 0x3a, 0x0b, 0x32, 0x0b, 0x39, 0xea, 0x42, 0x2b,
  0x39, 0xea, 0x3a, 0x0b, 0x42, 0x2b, 0x31, 0xea, 0x39, 0xea, 0x3a, 0x0b,
  0x62, 0x8d, 0x5a, 0xae, 0x39, 0xea, 0x3a, 0x0b, 0x42, 0x0b, 0x39, 0xeb,
  0x32, 0x0a, 0x32, 0x2b, 0x69, 0x49, 0x92, 0xcf, 0xfa, 0xb1, 0xfb, 0x34,
  0xdb, 0x32, 0xaa, 0x0d, 0xfb, 0xb5, 0xe2, 0xd1, 0xea, 0x70, 0xfb, 0x95,
  0xe2, 0x0f, 0xfa, 0xf2, 0xfb, 0x53, 0xda, 0x2f, 0xfb, 0x12, 0xfa, 0xf2,
  0xe2, 0x0e, 0xfb, 0x54, 0xfb, 0x53, 0xe2, 0x50, 0xf2, 0x91, 0xfb, 0x33,
  0xea, 0x70, 0xfb, 0x13, 0xfa, 0xd2, 0xf2, 0x71, 0xe3, 0x93, 0xa1, 0xcc,
  0xba, 0x2e, 0xba, 0x90, 0xc2, 0x0d, 0xd2, 0xf1, 0xaa, 0x4e, 0x91, 0x8b,
  0xf3, 0x13, 0xda, 0x70, 0xfa, 0xd1, 0xfa, 0xf2, 0xea, 0x0f, 0xfb, 0x13,
  0xfa, 0xb1, 0xf2, 0xb1, 0xf3, 0x73, 0xb9, 0xcd, 0xe2, 0x2f, 0xfb, 0x74,
  0x8a, 0x8e, 0x61, 0x8a, 0x41, 0xca, 0x52, 0x6d, 0x61, 0x69, 0x82, 0x6e,
  0xfa, 0x71, 0xfa, 0x91, 0x9a, 0x2c, 0xec, 0xd7, 0xef, 0x7e, 0xe7, 0x5e,
  0xde, 0x7b, 0xc5, 0xd9, 0xc5, 0x9a, 0xbd, 0x5a, 0xbd, 0x79, 0xbd, 0x9a,
  0xbd, 0x9a, 0xbd, 0xbb, 0xc5, 0x9a, 0xc5, 0xfc, 0xcd, 0xdb, 0xbd, 0xbb,
  0xc5, 0xba, 0xc5, 0xdb, 0xc5, 0xba, 0xbd, 0xba, 0xc5, 0xdb, 0xbd, 0x9b,
  0xc5, 0xb8, 0xe6, 0xfd, 0xff, 0x9e, 0xff, 0xbe, 0xff, 0x7e, 0xf7, 0x7e,
  0xff, 0xbe, 0xff, 0xff, 0xff, 0xff, 0xff, 0xff, 0xff, 0xff, 0xde, 0x7b,
  0xe6, 0x3c, 0xde, 0x1c, 0xd5, 0x79, 0xe6, 0x3c, 0xd6, 0x3a, 0xef, 0x1e,
  0x5a, 0xae, 0x5a, 0xad, 0x4a, 0x8d, 0x42, 0x0b, 0x52, 0xce, 0x42, 0x0a,
  0x3a, 0x0b, 0x4a, 0x4c, 0x52, 0xad, 0x4a, 0x4b, 0x42, 0x4c, 0x52, 0x6c,
  0x42, 0x6d, 0x39, 0xea, 0x83, 0x90, 0xc5, 0x77, 0xfe, 0x9b, 0xdd, 0x15,
  0xf6, 0x39, 0xf6, 0x39, 0xff, 0x1b, 0xfe, 0xfb, 0xee, 0x59, 0xee, 0x17,
  0xfe, 0xfc, 0xfe, 0xdb, 0xf6, 0x59, 0xf6, 0x18, 0xff, 0x1b, 0xff, 0x3b,
  0xf6, 0x79, 0xf6, 0x18, 0xfe, 0xdb, 0xfe, 0xda, 0xfe, 0xdb, 0xed, 0xd7,
  0xfe, 0xba, 0xfe, 0xda, 0xff, 0x1b, 0xfe, 0xba, 0xe5, 0xd7, 0xfe, 0xba,
  0xff, 0x1b, 0xff, 0x3b, 0xee, 0x18, 0xed, 0xd7, 0xff, 0x1b, 0xfe, 0xfa,
  0xff, 0x1c, 0xf6, 0x79, 0xee, 0x18, 0xfe, 0x9a, 0xdd, 0xb7, 0xf6, 0x18,
  0xed, 0xf8, 0xe5, 0x76, 0xe5, 0xf8, 0xfe, 0xba, 0xee, 0x18, 0xed, 0xd7,
  0xff, 0x3c, 0xfe, 0xfb, 0xff, 0x3c, 0xe5, 0xf7, 0xee, 0x59, 0xff, 0x1b,
  0xff, 0x1c, 0xfe, 0xba, 0xdd, 0xf7, 0xff, 0x3b, 0xff, 0x1b, 0xff, 0x3b,
  0xf6, 0x79, 0xfe, 0xba, 0xff, 0x3b, 0xff, 0x1b, 0xf6, 0x9a, 0xfe, 0x99,
  0xff, 0x1c, 0xf6, 0x18, 0xed, 0x57, 0xe4, 0xd4, 0xe6, 0xfc, 0xff, 0xff,
  0xff, 0xbf, 0xb4, 0x73, 0xea, 0xb2, 0xfb, 0x33, 0xca, 0x90, 0xda, 0xf1,
  0xfb, 0x74, 0xfa, 0xd2, 0xda, 0xf2, 0xca, 0x0e, 0xe2, 0x91, 0xea, 0xb1,
  0xf2, 0xd2, 0xf2, 0xd1, 0xea, 0xb2, 0xf2, 0xb1, 0xf2, 0xb2, 0xf2, 0xb1,
  0xeb, 0x53, 0xea, 0xf2, 0xb2, 0x2e, 0xc2, 0x6f, 0xfb, 0x34, 0xf2, 0xd2,
  0xf2, 0xf2, 0xf2, 0xd2, 0xea, 0xb2, 0xf2, 0xb1, 0xfb, 0x13, 0xf2, 0xb1,
  0xf2, 0xb2, 0xfa, 0xd2, 0xea, 0xf2, 0xda, 0x70, 0xd2, 0x30, 0xf3, 0x13,
  0xfb, 0x33, 0xf2, 0xd2, 0xfa, 0xf3, 0xf2, 0x91, 0xf2, 0x50, 0xfa, 0xf2,
  0xab, 0x11, 0x81, 0x8b, 0x32, 0x0b, 0x31, 0xea, 0x31, 0xeb, 0x39, 0xea,
  0x31, 0xeb, 0x3a, 0x0b, 0x3a, 0x0b, 0x39, 0xca, 0x32, 0x0b, 0x31, 0xaa,
  0x52, 0x4d, 0x73, 0x10, 0x39, 0xeb, 0x39, 0xca, 0x39, 0xeb, 0x39, 0xcb,
  0x32, 0x0b, 0x31, 0xea, 0x99, 0xed, 0xdb, 0xb4, 0xf2, 0x10, 0xfa, 0xd3,
  0xe3, 0x53, 0xb1, 0xad, 0xf3, 0x74, 0xfb, 0xb5, 0xea, 0x91, 0xfb, 0x33,
  0xfa, 0xf3, 0xea, 0x30, 0xfb, 0x54, 0xf2, 0xb1, 0xe2, 0x50, 0xfb, 0x54,
  0xfa, 0xb2, 0xea, 0x30, 0xfb, 0x33, 0xfb, 0x33, 0xe2, 0x71, 0xf2, 0xf2,
  0xfa, 0xf3, 0xea, 0x2f, 0xfb, 0x54, 0xfa, 0xf2, 0xda, 0x90, 0xf3, 0x33,
  0x89, 0x4b, 0xb2, 0x6f, 0xca, 0x4f, 0xd2, 0x4f, 0xbb, 0x32, 0x91, 0xcc,
  0xc2, 0x2f, 0xf3, 0x74, 0xea, 0x50, 0xfb, 0x74, 0xf2, 0xb2, 0xf2, 0x71,
  0xfb, 0x75, 0xea, 0x50, 0xda, 0xf2, 0xd2, 0x90, 0xda, 0x0f, 0xfb, 0x33,
  0xb3, 0x52, 0x79, 0x6a, 0x4a, 0x0b, 0x4a, 0x0b, 0x52, 0x0c, 0x49, 0xaa,
  0xb1, 0xcd, 0xe2, 0xf2, 0xf2, 0x92, 0xc9, 0x2c, 0x93, 0xd3, 0xc5, 0x38,
  0xc5, 0xfb, 0xbd, 0x79, 0xbd, 0xdb, 0xbd, 0xba, 0xb5, 0x7a, 0xc5, 0x9a,
  0xbd, 0x9b, 0xbd, 0x7a, 0xc5, 0xdc, 0xcd, 0xdc, 0xbd, 0xbb, 0xc5, 0xdb,
  0xbd, 0xbb, 0xbd, 0x9a, 0xc5, 0xdc, 0xc5, 0xbb, 0xc5, 0xdb, 0xcd, 0xdb,
  0xe7, 0x1d, 0xff, 0xbf, 0xf7, 0x7e, 0xff, 0x7e, 0xff, 0xbe, 0xf7, 0x5d,
  0xff, 0xde, 0xff, 0xff, 0xff, 0xdf, 0xff, 0xff, 0xee, 0xbd, 0xd5, 0xfa,
  0xde, 0x3d, 0xd5, 0x9a, 0xd5, 0xbb, 0xee, 0x3d, 0xce, 0x1a, 0xff, 0x7f,
  0x5a, 0xad, 0x63, 0x0e, 0x52, 0x6c, 0x4a, 0x8c, 0x62, 0xee, 0x52, 0xad,
  0x52, 0x6c, 0x42, 0x2b, 0x4a, 0x6c, 0x42, 0x4c, 0x42, 0x2a, 0x4a, 0x6c,
  0x42, 0x4c, 0x3a, 0x2b, 0x31, 0x68, 0x52, 0xce, 0xbc, 0xb3, 0xfe, 0xdc,
  0xff, 0x1b, 0xf6, 0x99, 0xf6, 0x58, 0xfe, 0xdb, 0xfe, 0xdb, 0xf6, 0x39,
  0xee, 0x17, 0xfe, 0xfb, 0xfe, 0xfb, 0xf6, 0x99, 0xf6, 0x79, 0xff, 0x1b,
  0xfe, 0xfb, 0xf6, 0x79, 0xee, 0x17, 0xfe, 0xfb, 0xfe, 0xfb, 0xfe, 0xfb,
  0xed, 0xd6, 0xfe, 0x99, 0xfe, 0xfa, 0xff, 0x1b, 0xfe, 0x59, 0xdd, 0x75,
  0xfe, 0xfa, 0xff, 0x3c, 0xfe, 0xfa, 0xee, 0x17, 0xf6, 0x38, 0xff, 0x3c,
  0xfe, 0xda, 0xfe, 0xba, 0xcc, 0xb2, 0xe5, 0x96, 0xfe, 0x79, 0xee, 0x38,
  0xf5, 0xd7, 0xdd, 0x55, 0xfe, 0xfa, 0xff, 0x3b, 0xfe, 0xda, 0xe5, 0xf7,
  0xfe, 0xda, 0xff, 0x3b, 0xfe, 0xfa, 0xfe, 0xfa, 0xd5, 0x34, 0xfe, 0xda,
  0xfe, 0xfb, 0xff, 0x1b, 0xee, 0x17, 0xfe, 0xba, 0xff, 0x1a, 0xff, 0x5b,
  0xed, 0xf7, 0xee, 0x38, 0xff, 0x1b, 0xff, 0x5c, 0xf5, 0xf7, 0xf6, 0x59,
  0xfe, 0x59, 0xc4, 0x31, 0xd4, 0xd4, 0xff, 0x1d, 0xf7, 0xbe, 0xef, 0xbe,
  0xff, 0x1e, 0xa3, 0x91, 0xfa, 0xb2, 0xf2, 0xd2, 0xda, 0x6f, 0xf3, 0x52,
  0xf2, 0xb1, 0xfb, 0x33, 0xba, 0x4e, 0xba, 0x6f, 0xfb, 0x33, 0xfa, 0xd2,
  0xea, 0xb0, 0xf2, 0xf2, 0xfa, 0xf2, 0xea, 0x90, 0xf2, 0x70, 0xf2, 0x91,
  0xf2, 0xf2, 0xe2, 0x91, 0xb1, 0xed, 0xca, 0xf1, 0xfa, 0xf2, 0xfa, 0xd2,
  0xfb, 0x12, 0xf2, 0xf2, 0xfa, 0xf2, 0xea, 0xb1, 0xf2, 0xb1, 0xfa, 0xf2,
  0xfa, 0xf2, 0xf2, 0xf2, 0xea, 0xb0, 0xf3, 0x13, 0xda, 0x2f, 0xea, 0xf2,
  0xfa, 0xf2, 0xfa, 0xf2, 0xf2, 0x70, 0xfa, 0xf2, 0xf2, 0x4f, 0xfa, 0xd2,
  0xca, 0x8f, 0xc2, 0x90, 0x52, 0x4c, 0x39, 0xea, 0x3a, 0x0a, 0x32, 0x0b,
  0x39, 0xeb, 0x3a, 0x0b, 0x3a, 0x0a, 0x3a, 0x0b, 0x3a, 0x0b, 0x3a, 0x2c,
  0x41, 0xca, 0x6b, 0x30, 0x4a, 0x2b, 0x31, 0xca, 0x39, 0xeb, 0x3a, 0x2c,
  0x41, 0xaa, 0x41, 0xeb, 0xf3, 0x12, 0xf3, 0x54, 0xf2, 0x2f, 0xfa, 0x91,
  0xf3, 0x73, 0xb9, 0xee, 0xda, 0x0e, 0xfb, 0x53, 0xfa, 0xd1, 0xea, 0x50,
  0xfb, 0x33, 0xf2, 0xb1, 0xf2, 0x91, 0xfb, 0x74, 0xf2, 0x90, 0xf2, 0xb1,
  0xfb, 0x53, 0xf2, 0x91, 0xf2, 0x70, 0xfb, 0x74, 0xfb, 0x53, 0xda, 0x2f,
  0xfb, 0xb4, 0xf2, 0xf2, 0xf2, 0x70, 0xfb, 0x54, 0xfa, 0xd2, 0xf2, 0x91,
  0xc2, 0xb0, 0x91, 0x6b, 0xca, 0x6f, 0xb1, 0xed, 0xc2, 0xf0, 0xb2, 0x8f,
  0xa1, 0x8b, 0xe3, 0xd5, 0xfa, 0xd2, 0xf2, 0x91, 0xfb, 0x53, 0xda, 0x50,
  0xfb, 0x53, 0xfb, 0x12, 0xca, 0xd0, 0xaa, 0x0d, 0xda, 0x6f, 0xe2, 0xd1,
  0xdb, 0x32, 0x99, 0x6b, 0x6a, 0x0c, 0x61, 0xec, 0x5a, 0x0b, 0x59, 0xeb,
  0x71, 0x49, 0x9a, 0xaf, 0xfa, 0x91, 0xf2, 0x30, 0xba, 0x4f, 0xaa, 0x0e,
  0xad, 0x18, 0xce, 0x1c, 0xbd, 0x99, 0xc6, 0x1b, 0xc5, 0xdb, 0xbd, 0x9a,
  0xbd, 0x9a, 0xbd, 0xbb, 0xbd, 0x99, 0xc5, 0xfb, 0xcd, 0xdb, 0xbd, 0x7a,
  0xbd, 0x7a, 0xbd, 0xbb, 0xc5, 0x9a, 0xb5, 0x79, 0xd6, 0x5a, 0xff, 0xbf,
  0xff, 0x9e, 0xff, 0xbe, 0xff, 0x7d, 0xff, 0xbf, 0xff, 0x7d, 0xf7, 0x5d,
  0xff, 0xbe, 0xff, 0xff, 0xff, 0xff, 0xf7, 0x9f, 0xdd, 0xfa, 0xe6, 0x7c,
  0xe6, 0x1b, 0xd5, 0xda, 0xd5, 0x99, 0xee, 0x7d, 0xc5, 0x78, 0xff, 0x9f,
  0x63, 0x2f, 0x52, 0x6c, 0x4a, 0x8d, 0x52, 0xad, 0x5a, 0xcd, 0x5a, 0x8c,
  0x4a, 0x8c, 0x4a, 0x4b, 0x42, 0x6d, 0x4a, 0x4c, 0x4a, 0x6d, 0x42, 0x0b,
  0x4a, 0xad, 0x4a, 0x6c, 0x42, 0x4c, 0x39, 0xea, 0x4a, 0x2a, 0x9c, 0x94,
  0xfe, 0xdb, 0xfe, 0xfb, 0xfe, 0x9a, 0xed, 0xf7, 0xfe, 0xbb, 0xfe, 0xdb,
  0xf6, 0x79, 0xee, 0x18, 0xfe, 0xfb, 0xff, 0x1b, 0xf6, 0x7a, 0xed, 0xf8,
  0xfe, 0xfb, 0xff, 0x3c, 0xf6, 0x7a, 0xee, 0x38, 0xfe, 0xfb, 0xfe, 0xfb,
  0xfe, 0xba, 0xe5, 0xd6, 0xfe, 0xda, 0xfe, 0xda, 0xfe, 0xfb, 0xf6, 0x58,
  0xe5, 0xd7, 0xfe, 0xba, 0xff, 0x1b, 0xff, 0x3b, 0xed, 0xf8, 0xed, 0xd7,
  0xe5, 0xf8, 0xfe, 0x59, 0xfe, 0x7a, 0xe5, 0x76, 0xed, 0xf8, 0xfe, 0x59,
  0xff, 0x3c, 0xfe, 0xda, 0xee, 0x18, 0xfe, 0xfb, 0xfe, 0xfb, 0xfe, 0x99,
  0xdd, 0xb7, 0xfe, 0xfb, 0xfe, 0xfb, 0xff, 0x1b, 0xee, 0x38, 0xf6, 0x38,
  0xff, 0x3c, 0xfe, 0xfb, 0xee, 0x38, 0xf6, 0x38, 0xff, 0x1c, 0xff, 0x1b,
  0xe6, 0x18, 0xee, 0x18, 0xff, 0x3c, 0xfe, 0x79, 0xdd, 0x35, 0xfe, 0x59,
  0xd4, 0xd4, 0xe5, 0x35, 0xf7, 0x5e, 0xff, 0x9f, 0xf7, 0xff, 0xff, 0xdf,
  0xf5, 0x59, 0xa2, 0x8e, 0xf2, 0xb2, 0xea, 0x50, 0xda, 0xb1, 0xf3, 0x32,
  0xeb, 0x13, 0xea, 0xf2, 0xa9, 0xee, 0xd3, 0x12, 0xfb, 0x13, 0xfa, 0xf2,
  0xf2, 0xf2, 0xf2, 0xb1, 0xfb, 0x13, 0xfa, 0xd2, 0xea, 0x50, 0xf2, 0x91,
  0xeb, 0x33, 0xe2, 0xf1, 0xb1, 0xee, 0xe3, 0x53, 0xfa, 0xd2, 0xfa, 0xd2,
  0xea, 0xb1, 0xea, 0x90, 0xf2, 0x92, 0xf2, 0x71, 0xea, 0xd2, 0xf2, 0xd2,
  0xf2, 0xd2, 0xea, 0x70, 0xea, 0x71, 0xf2, 0xb1, 0xda, 0x91, 0xe2, 0x91,
  0xfb, 0x95, 0xfb, 0x54, 0xf2, 0xb2, 0xfa, 0x91, 0xea, 0x91, 0xfb, 0x54,
  0xe2, 0xd2, 0xca, 0x0e, 0x82, 0x8f, 0x59, 0x49, 0x32, 0x4c, 0x31, 0xeb,
  0x31, 0xcb, 0x39, 0xeb, 0x31, 0xeb, 0x31, 0xea, 0x31, 0xeb, 0x31, 0xca,
  0x31, 0xca, 0x42, 0x4c, 0x3a, 0x2b, 0x31, 0xca, 0x32, 0x2c, 0x32, 0x0b,
  0x49, 0x29, 0x7a, 0x6e, 0xfa, 0xd3, 0xfb, 0x33, 0xf2, 0xb2, 0xea, 0x50,
  0xeb, 0xb5, 0xc2, 0x2f, 0xd2, 0x70, 0xea, 0xd1, 0xfb, 0xb5, 0xf2, 0xb1,
  0xea, 0xb2, 0xfb, 0x33, 0xe2, 0x50, 0xfa, 0xf2, 0xfb, 0x34, 0xea, 0x30,
  0xf2, 0xb2, 0xfb, 0x54, 0xe2, 0x70, 0xf2, 0xb1, 0xfb, 0x14, 0xf2, 0x50,
  0xea, 0x51, 0xfb, 0x34, 0xe2, 0x91, 0xfa, 0xf2, 0xfb, 0x75, 0xf2, 0x50,
  0xd2, 0xb1, 0xc1, 0xed, 0xb2, 0x2f, 0xc2, 0x90, 0xb1, 0xcd, 0xda, 0xd1,
  0x99, 0xcd, 0xc2, 0xd0, 0xfb, 0x95, 0xea, 0x50, 0xfb, 0x54, 0xf2, 0xb1,
  0xea, 0x50, 0xfa, 0xf3, 0xd2, 0xd1, 0xa9, 0x6c, 0xea, 0xd2, 0xe2, 0x50,
  0xda, 0xd2, 0xca, 0x2f, 0x51, 0xcb, 0x6a, 0x8d, 0x51, 0xeb, 0x5a, 0x0c,
  0x51, 0xec, 0x59, 0xeb, 0xd1, 0xce, 0xfb, 0x12, 0xda, 0x71, 0xd1, 0xef,
  0x49, 0xeb, 0x9c, 0x75, 0xce, 0x1c, 0xc5, 0xbb, 0xc5, 0xbb, 0xc5, 0x9a,
  0xbd, 0xbb, 0xbd, 0x7a, 0xbd, 0x9a, 0xc5, 0xdb, 0xbd, 0x9b, 0xbd, 0x7a,
  0xbd, 0x9b, 0xbd, 0x7b, 0xbd, 0xba, 0xe6, 0xde, 0xff, 0xff, 0xff, 0x7e,
  0xf7, 0x9e, 0xff, 0x9e, 0xff, 0x9e, 0xff, 0x9e, 0xf7, 0x5e, 0xf7, 0x5d,
  0xff, 0xdf, 0xff, 0xff, 0xff, 0xff, 0xce, 0x19, 0xe6, 0x5d, 0xdd, 0xfb,
  0xe6, 0x3c, 0xdd, 0xba, 0xcd, 0xbb, 0xee, 0x5d, 0xb5, 0x38, 0xff, 0x3f,
  0x62, 0xcd, 0x5a, 0xcd, 0x6b, 0x0e, 0x5a, 0xcd, 0x62, 0xed, 0x6b, 0x2f,
  0x5a, 0xcd, 0x52, 0xad, 0x5a, 0xad, 0x5a, 0xee, 0x5a, 0x8c, 0x42, 0x2b,
  0x52, 0xad, 0x4a, 0x8c, 0x42, 0x4b, 0x3a, 0x0b, 0x42, 0x0b, 0x31, 0xca,
  0x83, 0x6f, 0xee, 0xdc, 0xff, 0x1b, 0xfe, 0xda, 0xf6, 0x17, 0xfe, 0x9a,
  0xff, 0x1b, 0xfe, 0xdb, 0xee, 0x17, 0xfe, 0xdb, 0xff, 0x1b, 0xf6, 0x59,
  0xf6, 0x58, 0xfe, 0xfb, 0xfe, 0xfb, 0xf6, 0x79, 0xf6, 0x58, 0xff, 0x1b,
  0xfe, 0xba, 0xfe, 0x9a, 0xed, 0xd6, 0xfe, 0xda, 0xfe, 0xda, 0xff, 0x3b,
  0xf6, 0x58, 0xf6, 0x79, 0xfe, 0xdb, 0xf6, 0x59, 0xf5, 0xf8, 0xdd, 0x55,
  0xf6, 0x38, 0xee, 0x18, 0xf5, 0xf7, 0xfe, 0x59, 0xee, 0x17, 0xfe, 0xfb,
  0xfe, 0xda, 0xff, 0x1b, 0xed, 0xb6, 0xfe, 0x59, 0xff, 0x1a, 0xff, 0x3b,
  0xe5, 0xb6, 0xf6, 0x38, 0xff, 0x1b, 0xff, 0x1b, 0xfe, 0xba, 0xe5, 0xd7,
  0xfe, 0xf9, 0xff, 0x1a, 0xfe, 0x7a, 0xdd, 0xb7, 0xff, 0x1b, 0xff, 0x3c,
  0xed, 0xf7, 0xee, 0x18, 0xfe, 0xdb, 0xe5, 0x56, 0xf5, 0x55, 0xf5, 0x56,
  0xe6, 0x18, 0xff, 0x9e, 0xff, 0x7d, 0xf7, 0x7d, 0xf7, 0x7d, 0xff, 0xff,
  0xf4, 0xb7, 0xba, 0xf0, 0xf2, 0xf2, 0xda, 0x50, 0xea, 0xb1, 0xfb, 0x53,
  0xe3, 0x32, 0xc2, 0x4f, 0xca, 0x6f, 0xeb, 0x94, 0xfa, 0xf2, 0xf2, 0xd1,
  0xfa, 0xd2, 0xf2, 0x91, 0xfa, 0xf2, 0xfb, 0x33, 0xf2, 0xb1, 0xea, 0x70,
  0xf3, 0x12, 0xd2, 0x4f, 0xc1, 0xed, 0xeb, 0x73, 0xfa, 0xd1, 0xfa, 0xf2,
  0xf2, 0x50, 0xf2, 0x91, 0xf2, 0x91, 0xf2, 0xd2, 0xf2, 0xb1, 0xfb, 0x33,
  0xf2, 0x91, 0xf2, 0xb1, 0xf2, 0x70, 0xf2, 0x71, 0xf2, 0xd1, 0xd2, 0x0f,
  0xfb, 0x33, 0xf3, 0x33, 0xfb, 0x12, 0xea, 0xd2, 0xfb, 0x12, 0xf3, 0x12,
  0xf2, 0xf2, 0xca, 0x0e, 0xc3, 0xd3, 0x79, 0xcb, 0x29, 0xca, 0x29, 0xeb,
  0x31, 0xca, 0x31, 0xeb, 0x39, 0xa9, 0x39, 0xea, 0x79, 0xab, 0x82, 0x2d,
  0x72, 0x0c, 0x61, 0xcb, 0x52, 0x0b, 0x4a, 0x0b, 0x42, 0x2b, 0x3a, 0x2b,
  0x91, 0xab, 0xd3, 0xb4, 0xf2, 0x0f, 0xfa, 0xd2, 0xfb, 0x33, 0xea, 0x50,
  0xdb, 0x12, 0xc2, 0x6f, 0xf2, 0xf2, 0xe2, 0x70, 0xfb, 0x33, 0xfb, 0x54,
  0xea, 0x70, 0xfb, 0x13, 0xfa, 0xf2, 0xda, 0x2f, 0xfa, 0xf2, 0xfa, 0xf2,
  0xe2, 0x2f, 0xfb, 0x13, 0xfb, 0x74, 0xe2, 0x4f, 0xfa, 0x91, 0xfb, 0x54,
  0xea, 0x0f, 0xf2, 0x91, 0xfb, 0x33, 0xea, 0x50, 0xfb, 0x12, 0xfb, 0x74,
  0xe2, 0x70, 0xe2, 0xb1, 0xa1, 0xcc, 0xb2, 0x6f, 0xc2, 0x2e, 0xca, 0xb0,
  0xc2, 0xd0, 0xa2, 0x2d, 0xfb, 0x74, 0xfb, 0x13, 0xea, 0x4f, 0xfb, 0x74,
  0xf2, 0x70, 0xfa, 0xf2, 0xf3, 0x53, 0xc2, 0x0e, 0xf2, 0xd1, 0xfb, 0x33,
  0xe2, 0x4f, 0xea, 0xd2, 0x61, 0xaa, 0x6a, 0x2c, 0x51, 0xea, 0x51, 0xeb,
  0x52, 0x2b, 0x41, 0xeb, 0x89, 0x4a, 0xb2, 0xf1, 0xfa, 0xf2, 0xea, 0x0f,
  0x72, 0x2c, 0x59, 0x69, 0x83, 0x92, 0xc5, 0x9b, 0xc5, 0xba, 0xb5, 0x9a,
  0xc5, 0xba, 0xc5, 0xfb, 0xcd, 0xda, 0xbd, 0xba, 0xc5, 0x9a, 0xc5, 0xbb,
  0xbd, 0x79, 0xc6, 0x1b, 0xf7, 0x7e, 0xff, 0xff, 0xff, 0xbe, 0xff, 0x9d,
  0xff, 0x9e, 0xff, 0xbf, 0xff, 0x9d, 0xff, 0x9e, 0xff, 0x7d, 0xff, 0xbe,
  0xff, 0xff, 0xff, 0xff, 0xee, 0xdd, 0xd6, 0x1b, 0xee, 0x5c, 0xe6, 0x3c,
  0xe6, 0x3b, 0xdd, 0xfb, 0xdd, 0xdb, 0xe6, 0x5d, 0xb5, 0x16, 0xef, 0x1f,
  0x32, 0x0a, 0x42, 0x2b, 0x63, 0x0e, 0x6b, 0x0e, 0x63, 0x0f, 0x62, 0xcd,
  0x4a, 0x6c, 0x4a, 0x4b, 0x42, 0x6c, 0x52, 0x8d, 0x4a, 0xad, 0x4a, 0x4c,
  0x42, 0x4c, 0x4a, 0x4c, 0x42, 0x6d, 0x4a, 0x8d, 0x3a, 0x2b, 0x42, 0x2b,
  0x39, 0xca, 0x62, 0xee, 0xde, 0x18, 0xff, 0x3c, 0xfe, 0xba, 0xf6, 0x17,
  0xfe, 0x9a, 0xfe, 0xfb, 0xf6, 0x9a, 0xee, 0x18, 0xfe, 0xdb, 0xfe, 0xfb,
  0xf6, 0x7a, 0xf6, 0x38, 0xff, 0x3c, 0xfe, 0xda, 0xf6, 0x79, 0xf6, 0x38,
  0xfe, 0xdb, 0xfe, 0xdb, 0xf6, 0x59, 0xe5, 0x96, 0xff, 0x3c, 0xfe, 0xfb,
  0xfe, 0x9b, 0xdd, 0x55, 0xe5, 0xf8, 0xf6, 0x59, 0xfe, 0x5a, 0xe5, 0x55,
  0xcc, 0xf4, 0xfe, 0x9a, 0xfe, 0xfb, 0xfe, 0xfb, 0xee, 0x38, 0xfe, 0x39,
  0xff, 0x1b, 0xfe, 0xfa, 0xf6, 0xba, 0xe5, 0xf7, 0xff, 0x3c, 0xfe, 0xfa,
  0xfe, 0x9a, 0xf6, 0x18, 0xfe, 0xfb, 0xfe, 0xfa, 0xff, 0x1b, 0xed, 0xf7,
  0xfe, 0xdb, 0xff, 0x1b, 0xfe, 0xdb, 0xe5, 0xb7, 0xff, 0x1b, 0xff, 0x3b,
  0xed, 0xd8, 0xf5, 0xf7, 0xe4, 0xf5, 0xdc, 0x72, 0xd5, 0xb7, 0xff, 0x1c,
  0xff, 0xbf, 0xff, 0x5d, 0xff, 0x9e, 0xff, 0x5d, 0xf7, 0x9e, 0xff, 0xbe,
  0xd3, 0x73, 0xca, 0xd1, 0xda, 0x91, 0xea, 0xb1, 0xf2, 0xd2, 0xfb, 0x13,
  0xe3, 0x13, 0xb9, 0xcd, 0xeb, 0x74, 0xf3, 0x94, 0xfb, 0x53, 0xfb, 0x33,
  0xf3, 0x13, 0xf2, 0xb1, 0xfb, 0x13, 0xf2, 0xd2, 0xea, 0x91, 0xea, 0x30,
  0xe3, 0x53, 0xca, 0x4f, 0xda, 0xb1, 0xeb, 0x32, 0xf2, 0xd2, 0xfb, 0x33,
  0xea, 0x71, 0xf2, 0x91, 0xf2, 0xf2, 0xfa, 0xd2, 0xea, 0xb1, 0xf2, 0xd2,
  0xea, 0xf2, 0xea, 0xd1, 0xf2, 0xb2, 0xf2, 0x91, 0xeb, 0x13, 0xd2, 0x0e,
  0xe2, 0xb2, 0xea, 0xb1, 0xfb, 0x54, 0xfa, 0xf2, 0xfb, 0x34, 0xea, 0x50,
  0xf3, 0x74, 0xd2, 0x2f, 0xdb, 0x53, 0xca, 0xb0, 0x29, 0xca, 0x31, 0xea,
  0x31, 0xca, 0x42, 0x0b, 0x92, 0x2e, 0xb2, 0xd0, 0xc2, 0x2f, 0xd2, 0x50,
  0xca, 0x70, 0xca, 0x50, 0xb2, 0x6f, 0xb2, 0x4e, 0x8a, 0x4e, 0x79, 0xab,
  0xd2, 0xb1, 0xfb, 0xf6, 0xea, 0xb2, 0xf2, 0xd2, 0xfb, 0x34, 0xfa, 0xf2,
  0xc2, 0x90, 0xc2, 0x4f, 0xf3, 0x54, 0xf2, 0xf2, 0xea, 0x71, 0xfb, 0x54,
  0xf2, 0xd2, 0xe2, 0x2f, 0xfb, 0x54, 0xf2, 0x71, 0xe2, 0x30, 0xfb, 0x54,
  0xfb, 0x33, 0xda, 0x0f, 0xfb, 0x34, 0xfa, 0xd2, 0xd9, 0xef, 0xfa, 0xf3,
  0xfa, 0xf3, 0xea, 0x0f, 0xfa, 0xf3, 0xfb, 0x34, 0xda, 0x0f, 0xfb, 0x13,
  0xfb, 0x75, 0xf2, 0x71, 0xba, 0xb0, 0xa1, 0xac, 0xc2, 0x90, 0xba, 0x0e,
  0xba, 0xf1, 0xa2, 0x0d, 0xe2, 0xd2, 0xfb, 0x54, 0xe2, 0x0f, 0xfa, 0xb2,
  0xfa, 0xf3, 0xe1, 0xee, 0xeb, 0xb5, 0xc2, 0x0e, 0xd2, 0x50, 0xfb, 0x74,
  0xf2, 0x71, 0xf2, 0x50, 0x82, 0x8f, 0x61, 0x6a, 0x52, 0x2c, 0x51, 0xcb,
  0x52, 0x0b, 0x51, 0xeb, 0x59, 0xeb, 0x61, 0xeb, 0xda, 0x50, 0xf2, 0xf2,
  0x92, 0x4e, 0x71, 0x29, 0x41, 0xeb, 0x62, 0xae, 0xad, 0x18, 0xce, 0x1c,
  0xbd, 0xba, 0xc5, 0xba, 0xbd, 0x9b, 0xc5, 0x9b, 0xc5, 0xda, 0xc5, 0xda,
  0xde, 0xdd, 0xff, 0xdf, 0xff, 0xff, 0xff, 0xbf, 0xf7, 0x7e, 0xff, 0x7e,
  0xff, 0xdf, 0xff, 0x7d, 0xf7, 0x7e, 0xff, 0x5d, 0xf7, 0x9e, 0xff, 0xdf,
  0xff, 0xff, 0xff, 0xdf, 0xcd, 0xda, 0xee, 0x9d, 0xee, 0x5c, 0xee, 0x3b,
  0xe6, 0x1c, 0xe6, 0x1b, 0xde, 0x1c, 0xee, 0x3c, 0xb5, 0x38, 0xee, 0xbe,
  0x52, 0xad, 0x4a, 0x8c, 0x39, 0xc9, 0x42, 0x2b, 0x6b, 0x0e, 0x6b, 0x4f,
  0x5a, 0x8c, 0x52, 0x8c, 0x5a, 0xad, 0x4a, 0x8c, 0x4a, 0x6c, 0x4a, 0x8c,
  0x52, 0x8c, 0x42, 0x4c, 0x42, 0x2b, 0x42, 0x2c, 0x4a, 0x4c, 0x42, 0x4c,
  0x42, 0x2b, 0x4a, 0x8d, 0x62, 0x8b, 0xb5, 0x76, 0xff, 0x1b, 0xfe, 0xda,
  0xf6, 0x58, 0xfe, 0xba, 0xff, 0x1c, 0xfe, 0x9a, 0xee, 0x17, 0xfe, 0xfb,
  0xfe, 0xdb, 0xf6, 0x59, 0xf6, 0x58, 0xfe, 0xfb, 0xfe, 0xfa, 0xe6, 0x17,
  0xfe, 0x9a, 0xff, 0x1c, 0xff, 0x1c, 0xe5, 0xf8, 0xed, 0x96, 0xe5, 0xb7,
  0xf5, 0xf8, 0xed, 0xd8, 0xdd, 0x15, 0xfe, 0x19, 0xf5, 0xf7, 0xfe, 0xbb,
  0xf6, 0x18, 0xf6, 0x59, 0xff, 0x1b, 0xfe, 0xfa, 0xfe, 0xda, 0xe5, 0xd6,
  0xfe, 0xb9, 0xfe, 0xfb, 0xff, 0x1b, 0xee, 0x38, 0xfe, 0xb9, 0xfe, 0xfb,
  0xfe, 0xba, 0xe5, 0xd7, 0xfe, 0xda, 0xfe, 0xfa, 0xff, 0x1b, 0xe6, 0x17,
  0xfe, 0x79, 0xff, 0x3c, 0xfe, 0x99, 0xe5, 0xf7, 0xfe, 0xda, 0xf6, 0x38,
  0xd3, 0xd2, 0xd4, 0x13, 0x9b, 0xb0, 0xd5, 0x97, 0xff, 0xff, 0xff, 0xff,
  0xff, 0xbf, 0xf7, 0x7e, 0xff, 0x5d, 0xff, 0x7e, 0xff, 0xde, 0xef, 0x7d,
  0xca, 0x90, 0xd2, 0xf1, 0xd1, 0xee, 0xf3, 0x12, 0xfb, 0x12, 0xfb, 0x53,
  0xca, 0x2e, 0xca, 0x6f, 0xfb, 0x33, 0xfb, 0x33, 0xf2, 0xf2, 0xfb, 0x53,
  0xf2, 0xd1, 0xea, 0xb1, 0xfb, 0x33, 0xea, 0xd2, 0xf2, 0x70, 0xf2, 0x71,
  0xea, 0xf1, 0xd2, 0x6f, 0xf3, 0x12, 0xeb, 0x32, 0xf2, 0xb1, 0xfb, 0x74,
  0xea, 0x70, 0xf2, 0xf2, 0xfa, 0xd1, 0xea, 0x91, 0xfa, 0xd2, 0xf2, 0xd2,
  0xfa, 0xf2, 0xfa, 0xf2, 0xfa, 0x91, 0xfa, 0xd2, 0xf3, 0x12, 0xda, 0x50,
  0xda, 0x4f, 0xf3, 0x33, 0xfa, 0xf2, 0xf2, 0x91, 0xfb, 0x33, 0xf2, 0xb1,
  0xf3, 0x73, 0xca, 0x6f, 0xe2, 0xb0, 0xf3, 0x53, 0x7a, 0x2d, 0x61, 0x8a,
  0x89, 0xcc, 0x9a, 0x8f, 0xca, 0x4f, 0xca, 0x6f, 0xba, 0x2d, 0xba, 0x4e,
  0xc2, 0x2e, 0xc2, 0x6f, 0xca, 0x4e, 0xca, 0x90, 0xba, 0x2e, 0xb2, 0x0e,
  0xe2, 0x70, 0xfb, 0x33, 0xfb, 0x74, 0xe2, 0x50, 0xfa, 0xf2, 0xfb, 0x74,
  0xda, 0xd1, 0xba, 0x0e, 0xfb, 0x33, 0xfb, 0x13, 0xf2, 0xb0, 0xfb, 0x53,
  0xfb, 0x53, 0xe2, 0x90, 0xfa, 0xb1, 0xfb, 0x54, 0xf2, 0x2f, 0xf2, 0x70,
  0xfb, 0x33, 0xf2, 0xd2, 0xea, 0x2f, 0xfb, 0x54, 0xfa, 0xf2, 0xe2, 0x50,
  0xfb, 0x33, 0xfa, 0xf2, 0xd9, 0xee, 0xfb, 0x54, 0xfb, 0x13, 0xea, 0x50,
  0xfa, 0xd2, 0xfa, 0xf3, 0xd2, 0x90, 0xc2, 0x0e, 0xb2, 0x0d, 0xba, 0x8f,
  0xba, 0x2e, 0xba, 0x4f, 0xc2, 0x0e, 0xeb, 0x73, 0xfb, 0x74, 0xea, 0x90,
  0xfb, 0x74, 0xe2, 0x2f, 0xe2, 0xf2, 0xca, 0x4f, 0xd2, 0x2f, 0xf3, 0x74,
  0xfa, 0x91, 0xf2, 0x0f, 0xab, 0x51, 0x69, 0x6a, 0x49, 0xcb, 0x52, 0x4d,
  0x59, 0xea, 0x51, 0xeb, 0x51, 0xeb, 0x52, 0x2c, 0x61, 0x69, 0x7a, 0x4d,
  0xa2, 0xaf, 0x79, 0x8b, 0x61, 0xeb, 0x5a, 0x0c, 0x51, 0xcb, 0x9c, 0x34,
  0xcd, 0xfb, 0xbd, 0xba, 0xc5, 0x9a, 0xbd, 0x9a, 0xd6, 0x3a, 0xff, 0x9f,
  0xff, 0xff, 0xff, 0xff, 0xff, 0xde, 0xff, 0x9d, 0xf7, 0x5d, 0xff, 0xdf,
  0xff, 0x9e, 0xf7, 0x7e, 0xff, 0x7d, 0xff, 0x7d, 0xff, 0x7d, 0xff, 0xdf,
  0xff, 0xff, 0xef, 0x1d, 0xe6, 0x1b, 0xe6, 0x7c, 0xee, 0x5b, 0xe6, 0x3b,
  0xe5, 0xfa, 0xee, 0x5c, 0xee, 0x3c, 0xde, 0x1b, 0xcd, 0x79, 0xf6, 0xff,
  0x31, 0xca, 0x4a, 0x4c, 0x52, 0xce, 0x42, 0x2b, 0x39, 0xea, 0x5a, 0xcd,
  0x5a, 0xee, 0x62, 0xee, 0x5a, 0xee, 0x5a, 0xad, 0x52, 0x8d, 0x5a, 0xad,
  0x52, 0xce, 0x52, 0x6c, 0x4a, 0x8d, 0x4a, 0x2b, 0x4a, 0x6d, 0x4a, 0x4c,
  0x42, 0x6c, 0x4a, 0x4c, 0x3a, 0x0b, 0x3a, 0x0b, 0xb4, 0xf4, 0xff, 0x3d,
  0xfe, 0xda, 0xee, 0x17, 0xfe, 0xdb, 0xfe, 0xfb, 0xf6, 0x9a, 0xee, 0x18,
  0xfe, 0xfb, 0xfe, 0xda, 0xed, 0xf8, 0xfe, 0x79, 0xff, 0x3c, 0xff, 0x1b,
  0xee, 0x19, 0xfe, 0x59, 0xed, 0x97, 0xf5, 0xb8, 0xd5, 0x15, 0xf5, 0xf8,
  0xe5, 0x77, 0xed, 0xb7, 0xdd, 0x56, 0xed, 0xd7, 0xff, 0x5c, 0xfe, 0xfb,
  0xfe, 0xba, 0xd5, 0x75, 0xff, 0x1b, 0xfe, 0xda, 0xff, 0x3c, 0xf6, 0x58,
  0xee, 0x58, 0xfe, 0xfb, 0xfe, 0xfb, 0xee, 0x18, 0xe6, 0x18, 0xfe, 0xfb,
  0xfe, 0xfb, 0xed, 0xf7, 0xf6, 0xba, 0xfe, 0xfa, 0xff, 0x1c, 0xed, 0xf7,
  0xf6, 0x79, 0xff, 0x1b, 0xfe, 0x59, 0xed, 0x96, 0xfe, 0x5b, 0xbb, 0xb1,
  0xbb, 0xf4, 0xed, 0x39, 0xd6, 0x1b, 0xcd, 0x99, 0xef, 0x5d, 0xff, 0xff,
  0xff, 0xff, 0xff, 0xdf, 0xf7, 0x9e, 0xf7, 0x5d, 0xff, 0x7e, 0xde, 0x5a,
  0xd2, 0xb1, 0xca, 0x6f, 0xd2, 0x4f, 0xf3, 0x12, 0xea, 0xd2, 0xfb, 0x53,
  0xc2, 0x2f, 0xe3, 0x12, 0xf2, 0xd2, 0xfa, 0xd2, 0xea, 0x91, 0xfb, 0x33,
  0xf3, 0x13, 0xf2, 0xd1, 0xfb, 0x54, 0xea, 0xb1, 0xf2, 0x91, 0xea, 0x50,
  0xda, 0xb1, 0xd2, 0x4f, 0xf3, 0x33, 0xf3, 0x12, 0xf2, 0xf2, 0xfb, 0x13,
  0xea, 0xb1, 0xfa, 0xf2, 0xea, 0xd2, 0xea, 0xb1, 0xf2, 0xd2, 0xfa, 0xf2,
  0xfb, 0x94, 0xea, 0xd1, 0xf2, 0xb2, 0xfa, 0xf2, 0xf3, 0x13, 0xea, 0xd2,
  0xd2, 0x50, 0xea, 0xf2, 0xea, 0x91, 0xf2, 0x71, 0xf2, 0xf3, 0xfb, 0x33,
  0xe3, 0x12, 0xd2, 0x90, 0xe2, 0x50, 0xfa, 0xb1, 0xca, 0xf2, 0xa9, 0xcd,
  0xba, 0xb1, 0xba, 0x70, 0xc2, 0xb0, 0xc2, 0x6f, 0xba, 0x4f, 0xc2, 0x6f,
  0xc2, 0x4f, 0xc2, 0x2e, 0xba, 0x6f, 0xb2, 0x0e, 0x99, 0x8c, 0xca, 0xf1,
  0xfa, 0x91, 0xf2, 0x0f, 0xfb, 0x95, 0xf2, 0xf2, 0xf2, 0xb2, 0xfb, 0x74,
  0xe3, 0x94, 0xb1, 0xed, 0xfb, 0x33, 0xfb, 0x13, 0xfb, 0x33, 0xea, 0x70,
  0xfb, 0x13, 0xfb, 0x13, 0xea, 0x71, 0xfa, 0xd2, 0xfb, 0x74, 0xe2, 0x4f,
  0xf2, 0xb2, 0xfb, 0x33, 0xea, 0x71, 0xfa, 0xd2, 0xfb, 0xb6, 0xea, 0x91,
  0xe2, 0x71, 0xfb, 0x95, 0xea, 0xb1, 0xea, 0x50, 0xfb, 0x75, 0xf2, 0x91,
  0xe1, 0xef, 0xfb, 0x13, 0xf3, 0x33, 0xda, 0x2f, 0xa9, 0xed, 0xba, 0x4f,
  0xba, 0x2f, 0xca, 0x4f, 0xa9, 0xed, 0xd3, 0x11, 0xfb, 0x74, 0xf2, 0xd2,
  0xfa, 0xd2, 0xfa, 0xd2, 0xaa, 0x4f, 0xa9, 0xed, 0xda, 0x71, 0xea, 0xd2,
  0xfb, 0x13, 0xfa, 0x50, 0xcb, 0x33, 0xa9, 0xcd, 0x41, 0xcb, 0x49, 0xeb,
  0x49, 0xeb, 0x52, 0x0b, 0x49, 0xeb, 0x52, 0x0c, 0x4a, 0x0b, 0x41, 0x89,
  0x62, 0x0c, 0x61, 0xcb, 0x49, 0xeb, 0x51, 0xeb, 0x49, 0xeb, 0x41, 0xaa,
  0x73, 0x72, 0xc5, 0xba, 0xd6, 0x7c, 0xe6, 0xdd, 0xff, 0xff, 0xff, 0xff,
  0xff, 0xff, 0xff, 0xff, 0xf7, 0x9e, 0xf7, 0x5d, 0xff, 0xbf, 0xff, 0xdf,
  0xff, 0x7e, 0xff, 0x5d, 0xff, 0x7e, 0xff, 0x5d, 0xef, 0x5d, 0xff, 0xbe,
  0xff, 0xdf, 0xcd, 0xf9, 0xee, 0x7d, 0xe6, 0x1b, 0xe6, 0x5c, 0xe6, 0x1b,
  0xee, 0x5c, 0xf6, 0x7c, 0xee, 0x7d, 0xdd, 0xdb, 0xc5, 0x99, 0xee, 0xbe,
  0x31, 0xea, 0x31, 0xea, 0x39, 0xea, 0x4a, 0xad, 0x52, 0xac, 0x31, 0xea,
  0x4a, 0x4b, 0x6b, 0x4f, 0x6a, 0xee, 0x62, 0xee, 0x62, 0xcd, 0x5a, 0xad,
  0x5a, 0x8c, 0x52, 0xad, 0x5a, 0xad, 0x4a, 0x4c, 0x52, 0xad, 0x52, 0xad,
  0x4a, 0x4b, 0x4a, 0x6c, 0x4a, 0xad, 0x3a, 0x4c, 0x4a, 0x0a, 0x94, 0x73,
  0xff, 0x3c, 0xfe, 0xba, 0xf6, 0x99, 0xfe, 0xfb, 0xfe, 0xdb, 0xee, 0x18,
  0xfe, 0x79, 0xfe, 0xfb, 0xfe, 0xbb, 0xe5, 0xf8, 0xf6, 0x59, 0xee, 0x18,
  0xed, 0x97, 0xdd, 0x15, 0xed, 0x97, 0xed, 0xf8, 0xf5, 0xd7, 0xe5, 0xb7,
  0xfe, 0xba, 0xff, 0x1b, 0xfe, 0xba, 0xe5, 0xb7, 0xfe, 0xda, 0xfe, 0xfb,
  0xfe, 0xdb, 0xed, 0xf8, 0xf6, 0x58, 0xfe, 0xfb, 0xfe, 0xfb, 0xfe, 0xdb,
  0xed, 0xd6, 0xfe, 0xdb, 0xfe, 0xda, 0xf6, 0x59, 0xe5, 0x96, 0xfe, 0xdb,
  0xff, 0x1b, 0xe5, 0xd7, 0xfe, 0x79, 0xfe, 0xfb, 0xfe, 0xbb, 0xe5, 0xb7,
  0xfe, 0x79, 0xfe, 0x9a, 0xd4, 0x52, 0xcc, 0x53, 0xbb, 0xf3, 0xd4, 0xd7,
  0xee, 0x1c, 0xf6, 0x5d, 0xe6, 0x9b, 0xf7, 0x3e, 0xbd, 0xb6, 0xef, 0x7e,
  0xff, 0xff, 0xff, 0xff, 0xff, 0xff, 0xff, 0xdf, 0xff, 0xdf, 0xcd, 0xf8,
  0xca, 0x6f, 0xca, 0xb0, 0xfa, 0x71, 0xfa, 0xb2, 0xeb, 0x32, 0xda, 0xf1,
  0xda, 0x70, 0xf3, 0x33, 0xfa, 0xb1, 0xfa, 0xf2, 0xf2, 0xb1, 0xf3, 0x12,
  0xf2, 0xd1, 0xea, 0xb1, 0xfa, 0xf2, 0xf2, 0xd1, 0xf2, 0x70, 0xf2, 0x91,
  0xda, 0xb0, 0xda, 0xb0, 0xfb, 0x32, 0xf3, 0x12, 0xfa, 0xf2, 0xfb, 0x33,
  0xf2, 0xd1, 0xfb, 0x53, 0xfb, 0x12, 0xf2, 0xf2, 0xfb, 0x12, 0xf2, 0xd2,
  0xfb, 0x12, 0xea, 0xd1, 0xfa, 0x91, 0xfa, 0xd2, 0xea, 0xb1, 0xfb, 0x94,
  0xc9, 0xed, 0xe2, 0xb1, 0xfa, 0xf2, 0xfb, 0x33, 0xea, 0x70, 0xfb, 0x94,
  0xe3, 0x12, 0xca, 0x6f, 0xe2, 0x70, 0xea, 0xb1, 0xeb, 0x12, 0xc1, 0xee,
  0xa1, 0xec, 0xaa, 0x8f, 0xc2, 0x6f, 0xba, 0x4f, 0xba, 0x0e, 0xba, 0x4f,
  0xba, 0x0e, 0xc2, 0x4f, 0xba, 0xf0, 0x91, 0xcc, 0xca, 0x0e, 0xe2, 0xf2,
  0xfb, 0x12, 0xea, 0x2f, 0xfb, 0x12, 0xfb, 0x74, 0xe2, 0x0f, 0xfb, 0x33,
  0xe3, 0x32, 0xba, 0x4f, 0xea, 0xb1, 0xfb, 0xb5, 0xfb, 0x53, 0xf3, 0x12,
  0xea, 0x2f, 0xfb, 0x34, 0xfb, 0x12, 0xea, 0xb1, 0xfb, 0x74, 0xfb, 0x54,
  0xea, 0x0f, 0xfb, 0x13, 0xfb, 0x33, 0xe2, 0x50, 0xf2, 0x91, 0xfb, 0x33,
  0xe2, 0x2f, 0xea, 0xb1, 0xfb, 0x94, 0xea, 0xd1, 0xe2, 0x0f, 0xfb, 0x74,
  0xfa, 0x91, 0xea, 0x50, 0xfb, 0x54, 0xfa, 0xf3, 0xb2, 0x2d, 0xb2, 0x2e,
  0xc2, 0x4e, 0xba, 0x2e, 0xba, 0x2e, 0xba, 0x4e, 0xfb, 0x74, 0xfb, 0x54,
  0xf2, 0x2f, 0xfa, 0xf3, 0xba, 0x8f, 0xa1, 0xcc, 0xda, 0x90, 0xda, 0xb1,
  0xfa, 0xb1, 0xfb, 0x33, 0xe2, 0x70, 0xe2, 0xb1, 0x51, 0xca, 0x51, 0xeb,
  0x49, 0xca, 0x4a, 0x0b, 0x51, 0xeb, 0x49, 0xcb, 0x51, 0xeb, 0x49, 0xeb,
  0x61, 0xeb, 0x61, 0xeb, 0x59, 0xeb, 0x51, 0xeb, 0x51, 0xeb, 0x52, 0x2c,
  0x41, 0x8a, 0x62, 0xae, 0xde, 0xdb, 0xff, 0xff, 0xff, 0xff, 0xff, 0xff,
  0xff, 0xdf, 0xf7, 0x9e, 0xff, 0x5d, 0xff, 0x9e, 0xff, 0xbe, 0xf7, 0x9e,
  0xff, 0x7d, 0xff, 0x9d, 0xff, 0x7d, 0xff, 0x7d, 0xf7, 0x5d, 0xff, 0xff,
  0xf7, 0x3e, 0xd6, 0x3b, 0xfe, 0x9d, 0xee, 0x5c, 0xe6, 0x3b, 0xe6, 0x5c,
  0xf6, 0x9c, 0xde, 0x1b, 0xf6, 0x7d, 0xd5, 0xda, 0xcd, 0x99, 0xee, 0xde,
  0x31, 0xeb, 0x31, 0xea, 0x31, 0xca, 0x29, 0x89, 0x3a, 0x2c, 0x5a, 0xee,
  0x3a, 0x2b, 0x31, 0xc9, 0x52, 0xad, 0x6b, 0x2f, 0x63, 0x0e, 0x5a, 0x8c,
  0x52, 0xad, 0x52, 0x8c, 0x42, 0x4c, 0x4a, 0x6c, 0x42, 0x6c, 0x52, 0x8c,
  0x4a, 0x6d, 0x4a, 0x4c, 0x3a, 0x0b, 0x42, 0x2b, 0x42, 0x6c, 0x3a, 0x0b,
  0xa4, 0x72, 0xff, 0x7e, 0xf6, 0x79, 0xf6, 0x38, 0xff, 0x3c, 0xfe, 0xfb,
  0xe5, 0xb7, 0xfe, 0x39, 0xed, 0xd8, 0xdd, 0x35, 0xdd, 0x16, 0xed, 0x77,
  0xe5, 0xb8, 0xd4, 0xd4, 0xdd, 0x77, 0xfe, 0x39, 0xfe, 0xdb, 0xee, 0x18,
  0xfe, 0xfb, 0xfe, 0xdb, 0xfe, 0xfb, 0xed, 0xf7, 0xee, 0x58, 0xfe, 0xfb,
  0xff, 0x1c, 0xfe, 0x9a, 0xdd, 0x76, 0xfe, 0x9a, 0xfe, 0xdb, 0xfe, 0xdb,
  0xe5, 0xb7, 0xfe, 0x7a, 0xfe, 0xdb, 0xfe, 0x79, 0xe5, 0xd7, 0xfe, 0xfb,
  0xfe, 0xfb, 0xe5, 0xd6, 0xfe, 0x7a, 0xfe, 0xbb, 0xf5, 0xf9, 0xdc, 0xf4,
  0xfe, 0x19, 0xe4, 0xd4, 0xab, 0x93, 0xdc, 0xd8, 0xb4, 0x97, 0xdd, 0xbb,
  0xde, 0x1b, 0xe6, 0x1b, 0xde, 0x3b, 0xff, 0x3e, 0xf7, 0xbf, 0xbd, 0xb7,
  0xde, 0xfc, 0xff, 0xff, 0xff, 0xff, 0xff, 0xdf, 0xff, 0xbf, 0xc5, 0x16,
  0xba, 0x70, 0xd3, 0x32, 0xf2, 0xd2, 0xf2, 0xb1, 0xeb, 0x54, 0xd2, 0x70,
  0xe2, 0x51, 0xfa, 0xf3, 0xf3, 0x12, 0xfb, 0x33, 0xf2, 0xd2, 0xfb, 0x13,
  0xea, 0xd2, 0xf2, 0xd2, 0xf3, 0x12, 0xf2, 0xf2, 0xf3, 0x33, 0xea, 0xd1,
  0xca, 0xb0, 0xda, 0xd1, 0xf2, 0xf3, 0xfb, 0x13, 0xf3, 0x53, 0xf3, 0x33,
  0xea, 0x91, 0xfa, 0xd2, 0xf2, 0x91, 0xf2, 0x91, 0xf3, 0x13, 0xf2, 0xd2,
  0xfa, 0xd3, 0xf2, 0x91, 0xea, 0x91, 0xfb, 0x13, 0xe2, 0x71, 0xfb, 0x13,
  0xca, 0x0f, 0xe2, 0xb1, 0xeb, 0x12, 0xfb, 0x53, 0xea, 0x70, 0xfb, 0x54,
  0xeb, 0x33, 0xca, 0x0f, 0xca, 0x4f, 0xea, 0xf2, 0xf2, 0xd2, 0xf2, 0x91,
  0xa2, 0x0d, 0xb2, 0x8f, 0xc2, 0x90, 0xc2, 0x4f, 0xc2, 0x70, 0xba, 0x0e,
  0xb1, 0xee, 0xc2, 0x0e, 0xa2, 0x2e, 0x99, 0xac, 0xfb, 0x13, 0xea, 0x70,
  0xfb, 0x34, 0xf2, 0xb1, 0xea, 0x71, 0xfb, 0x33, 0xf3, 0x33, 0xda, 0x50,
  0xaa, 0xd0, 0xb2, 0xd0, 0xe2, 0x71, 0xf2, 0xd2, 0xfb, 0x74, 0xfb, 0x54,
  0xe2, 0x91, 0xf2, 0xb1, 0xfb, 0x95, 0xfa, 0xf2, 0xea, 0x50, 0xfa, 0xf3,
  0xfa, 0xd2, 0xf2, 0x70, 0xfb, 0x33, 0xfa, 0xf2, 0xe2, 0x30, 0xfa, 0xd2,
  0xfb, 0x95, 0xe1, 0xee, 0xf2, 0xb2, 0xfb, 0x33, 0xea, 0x91, 0xea, 0x91,
  0xfb, 0x95, 0xe2, 0x50, 0xf2, 0xb2, 0xfb, 0x34, 0xd2, 0xf1, 0xa9, 0x8c,
  0xb2, 0x0e, 0xba, 0x2e, 0xb2, 0x4f, 0xa9, 0xcd, 0xe2, 0xd2, 0xfb, 0x74,
  0xfa, 0xb2, 0xfa, 0xd2, 0xd3, 0x33, 0xa9, 0x8d, 0xb2, 0x2e, 0xdb, 0x32,
  0xe2, 0x0f, 0xfb, 0x34, 0xf2, 0x91, 0xfa, 0xb2, 0x8a, 0xef, 0x59, 0x49,
  0x41, 0xeb, 0x41, 0xcb, 0x4a, 0x0c, 0x49, 0xca, 0x49, 0xcb, 0x5a, 0x2c,
  0x49, 0xec, 0x51, 0xeb, 0x49, 0xcb, 0x51, 0xeb, 0x51, 0xcb, 0x59, 0xeb,
  0x52, 0x2d, 0x51, 0xab, 0x52, 0x6b, 0xe6, 0x9c, 0xff, 0xff, 0xff, 0xbe,
  0xf7, 0x5e, 0xf7, 0x5d, 0xf7, 0x9e, 0xff, 0xde, 0xf7, 0x7e, 0xff, 0x5d,
  0xff, 0x9e, 0xff, 0x9e, 0xf7, 0x7e, 0xf7, 0x5d, 0xf7, 0x9e, 0xff, 0xff,
  0xde, 0x9d, 0xde, 0x3b, 0xee, 0x7c, 0xee, 0x3c, 0xe6, 0x1c, 0xe5, 0xfb,
  0xf6, 0xbe, 0xe5, 0xda, 0xf6, 0x9e, 0xdd, 0xba, 0xcd, 0xda, 0xf6, 0xde,
  0x31, 0xea, 0x31, 0xea, 0x31, 0xea, 0x32, 0x0b, 0x31, 0xa9, 0x31, 0xea,
  0x52, 0x8d, 0x4a, 0xad, 0x31, 0xa9, 0x42, 0x6c, 0x6b, 0x0e, 0x5a, 0xee,
  0x62, 0xee, 0x5a, 0xcd, 0x62, 0xcd, 0x5a, 0xce, 0x52, 0x8c, 0x42, 0x2b,
  0x52, 0x8c, 0x52, 0xad, 0x4a, 0x4b, 0x42, 0x4b, 0x4a, 0x8c, 0x42, 0x4c,
  0x4a, 0x29, 0xa5, 0x36, 0xff, 0x5d, 0xe5, 0xf7, 0xe5, 0x76, 0xed, 0xd8,
  0xe5, 0x56, 0xdd, 0x56, 0xed, 0x36, 0xe5, 0x36, 0xd4, 0xb3, 0xf5, 0xd8,
  0xfe, 0x5a, 0xfe, 0x7b, 0xf6, 0x79, 0xfe, 0xfb, 0xfe, 0xfa, 0xf6, 0x78,
  0xf6, 0x38, 0xfe, 0xfc, 0xfe, 0xda, 0xfe, 0x99, 0xed, 0xf7, 0xfe, 0xfb,
  0xfe, 0xda, 0xff, 0x1b, 0xdd, 0x34, 0xfe, 0x9a, 0xfe, 0xda, 0xfe, 0xfb,
  0xed, 0xf7, 0xf6, 0x59, 0xff, 0x1b, 0xf6, 0x99, 0xf6, 0x38, 0xfe, 0xdb,
  0xfe, 0x59, 0xdd, 0x55, 0xfe, 0x7a, 0xfe, 0x19, 0xcc, 0x11, 0xd4, 0x93,
  0xdc, 0x75, 0xd4, 0x75, 0xdd, 0x9a, 0xee, 0x5d, 0xcd, 0x59, 0xcd, 0xbb,
  0xdd, 0xfa, 0xde, 0x3c, 0xde, 0x1a, 0xf7, 0x1e, 0xff, 0xff, 0xf7, 0x9e,
  0xc5, 0xd8, 0xc6, 0x19, 0xe7, 0x1c, 0xef, 0x9e, 0xff, 0x7f, 0xb4, 0xb4,
  0xc2, 0x0e, 0xeb, 0x94, 0xfa, 0xf2, 0xfb, 0x33, 0xda, 0xd1, 0xc2, 0x4f,
  0xf2, 0xb1, 0xf2, 0xf2, 0xfa, 0xf2, 0xfb, 0x53, 0xfa, 0xf2, 0xfb, 0x53,
  0xf2, 0xd1, 0xfb, 0x53, 0xfb, 0x33, 0xea, 0xf2, 0xf2, 0xd1, 0xea, 0xf2,
  0xc2, 0x8f, 0xd3, 0x11, 0xfb, 0x13, 0xfb, 0x33, 0xfb, 0x12, 0xfb, 0x53,
  0xf2, 0x70, 0xf2, 0xd2, 0xfb, 0x12, 0xea, 0xd1, 0xf2, 0xd1, 0xfb, 0x53,
  0xfb, 0x73, 0xf3, 0x33, 0xf2, 0xb1, 0xf2, 0xb1, 0xf2, 0x90, 0xfb, 0x13,
  0xe2, 0xd1, 0xda, 0xd1, 0xf2, 0xd1, 0xf3, 0x12, 0xfb, 0x53, 0xf2, 0xf2,
  0xfb, 0xb4, 0xd2, 0x50, 0xe2, 0x90, 0xeb, 0x33, 0xf2, 0x70, 0xfa, 0xf2,
  0xba, 0xaf, 0x99, 0xcc, 0xba, 0x0d, 0xba, 0x4f, 0xc2, 0x8f, 0xc2, 0x8f,
  0xba, 0x8f, 0xb2, 0x8f, 0x99, 0x6a, 0xba, 0x8f, 0xfa, 0xf2, 0xfa, 0x91,
  0xfa, 0xf2, 0xfb, 0x74, 0xea, 0x50, 0xf2, 0xd2, 0xfb, 0xd5, 0xe2, 0xd1,
  0xa2, 0x4e, 0xaa, 0xd0, 0xda, 0xb0, 0xda, 0xf2, 0xfb, 0x53, 0xfb, 0x95,
  0xfb, 0x74, 0xe2, 0x90, 0xfb, 0x33, 0xfb, 0x33, 0xea, 0x4f, 0xf2, 0xb1,
  0xfb, 0x94, 0xea, 0xb1, 0xf2, 0xb1, 0xfb, 0x95, 0xfb, 0x13, 0xea, 0x50,
  0xfb, 0x13, 0xfa, 0xf2, 0xe2, 0x2f, 0xfb, 0x13, 0xfb, 0xb5, 0xe2, 0x70,
  0xf2, 0xb1, 0xfb, 0xb5, 0xea, 0x2f, 0xfa, 0xf2, 0xfb, 0xb5, 0xda, 0x50,
  0xa1, 0xac, 0xb2, 0x6f, 0xba, 0x4e, 0xb2, 0x4e, 0xc1, 0xee, 0xe3, 0x33,
  0xfa, 0xf2, 0xf2, 0x50, 0xeb, 0xd4, 0xb2, 0x2e, 0xc1, 0xed, 0xeb, 0x74,
  0xf2, 0x0f, 0xfa, 0x71, 0xfb, 0x33, 0xea, 0x2f, 0xcb, 0xb3, 0x81, 0x8a,
  0x41, 0xca, 0x42, 0x2c, 0x51, 0xca, 0x52, 0x0b, 0x49, 0xca, 0x4a, 0x0c,
  0x51, 0xea, 0x52, 0x2c, 0x62, 0x0c, 0x51, 0xcb, 0x51, 0xeb, 0x52, 0x0c,
  0x59, 0xeb, 0x5a, 0x0c, 0x49, 0xea, 0x62, 0xce, 0xf7, 0x5d, 0xf7, 0x7e,
  0xf7, 0x3c, 0xff, 0xbe, 0xff, 0xde, 0xf7, 0x7d, 0xff, 0x7d, 0xf7, 0x7e,
  0xff, 0xbe, 0xff, 0x9e, 0xff, 0x7d, 0xf7, 0x7d, 0xff, 0x9e, 0xff, 0xff,
  0xde, 0x3b, 0xde, 0x5c, 0xee, 0x3b, 0xee, 0x5c, 0xe6, 0x1b, 0xdd, 0xfa,
  0xfe, 0xdd, 0xe6, 0x3b, 0xf6, 0x5d, 0xdd, 0xdb, 0xde, 0x3a, 0xff, 0x7f,
  0x29, 0xca, 0x31, 0xca, 0x32, 0x0b, 0x29, 0xca, 0x32, 0x0b, 0x31, 0xea,
  0x31, 0xca, 0x42, 0x2b, 0x4a, 0xae, 0x3a, 0x0b, 0x31, 0xca, 0x6b, 0x2f,
  0x6b, 0x4f, 0x62, 0xed, 0x52, 0xcd, 0x52, 0x6c, 0x52, 0xad, 0x62, 0xee,
  0x52, 0xce, 0x5a, 0x8d, 0x42, 0x4c, 0x4a, 0x6c, 0x42, 0x6d, 0x3a, 0x0b,
  0x42, 0x4b, 0x39, 0xea, 0xbc, 0xb5, 0xdd, 0x98, 0xd4, 0x74, 0xed, 0x37,
  0xed, 0xb8, 0xcc, 0xb3, 0xe5, 0xb7, 0xfe, 0x5a, 0xf6, 0x59, 0xfe, 0x7a,
  0xff, 0x1c, 0xfe, 0xfb, 0xdd, 0xb6, 0xfe, 0x99, 0xfe, 0xfb, 0xfe, 0x99,
  0xdd, 0x97, 0xfe, 0xdb, 0xfe, 0xfb, 0xfe, 0xba, 0xdd, 0xb7, 0xfe, 0xba,
  0xfe, 0xbb, 0xfe, 0xba, 0xe5, 0xd8, 0xfe, 0x7a, 0xfe, 0xdb, 0xfe, 0xdb,
  0xed, 0xf8, 0xfe, 0x59, 0xfe, 0x9b, 0xdc, 0xf5, 0xf5, 0xf9, 0xfe, 0x5a,
  0xd4, 0x94, 0xf5, 0x56, 0xf5, 0xd9, 0xd4, 0xb4, 0xc5, 0x36, 0xac, 0x31,
  0xde, 0x1b, 0xe6, 0x5c, 0xde, 0x1b, 0xee, 0x5c, 0xcd, 0x79, 0xd5, 0xba,
  0xde, 0x1c, 0xdd, 0xdb, 0xce, 0x1a, 0xf7, 0x1e, 0xff, 0xbe, 0xf7, 0x5d,
  0xff, 0xff, 0xef, 0x1d, 0xce, 0x5a, 0xce, 0x19, 0xe6, 0x3b, 0x9b, 0xb1,
  0xca, 0x0f, 0xfb, 0x53, 0xea, 0xf2, 0xfb, 0x54, 0xc2, 0x2f, 0xda, 0xb1,
  0xf2, 0xd2, 0xfa, 0xf2, 0xf3, 0x33, 0xfb, 0x74, 0xea, 0x91, 0xfb, 0x33,
  0xf3, 0x13, 0xf2, 0xf2, 0xfb, 0x54, 0xea, 0xf2, 0xf2, 0xf3, 0xf2, 0xf2,
  0xb2, 0x4f, 0xd3, 0x11, 0xf2, 0xd2, 0xfa, 0xb2, 0xfa, 0xf3, 0xfa, 0xb2,
  0xea, 0xb1, 0xfb, 0x13, 0xf2, 0xd2, 0xfa, 0xd2, 0xfa, 0xf2, 0xfa, 0xd2,
  0xf3, 0x33, 0xf3, 0x33, 0xf3, 0x33, 0xf2, 0xf2, 0xea, 0x91, 0xfa, 0xf2,
  0xe2, 0xd2, 0xda, 0x4f, 0xea, 0xf2, 0xf2, 0xf2, 0xfb, 0x53, 0xea, 0x90,
  0xfb, 0xd6, 0xd2, 0x4f, 0xca, 0x50, 0xe2, 0xf2, 0xf2, 0x71, 0xfa, 0xb2,
  0xd2, 0xf2, 0xba, 0x0e, 0xa2, 0x4f, 0xba, 0xb0, 0xc2, 0x4f, 0xca, 0x4f,
  0xaa, 0xd0, 0x91, 0xcc, 0xca, 0x0f, 0xea, 0xd2, 0xf2, 0xf2, 0xfb, 0x54,
  0xea, 0xb1, 0xfb, 0x53, 0xfa, 0xd3, 0xf2, 0x51, 0xfb, 0x34, 0xfb, 0x54,
  0xa2, 0x6f, 0x99, 0xed, 0xeb, 0x13, 0xea, 0xf2, 0xea, 0x71, 0xfa, 0xf3,
  0xfa, 0xf3, 0xfa, 0xb1, 0xe2, 0x71, 0xfb, 0x13, 0xfb, 0x74, 0xda, 0x0f,
  0xfb, 0x13, 0xfb, 0x33, 0xe2, 0x70, 0xfa, 0xb2, 0xfb, 0xb5, 0xf2, 0xd2,
  0xf2, 0x91, 0xfb, 0x33, 0xfa, 0xd3, 0xe1, 0xef, 0xfa, 0xf3, 0xfa, 0xf3,
  0xe2, 0x71, 0xfb, 0x33, 0xfb, 0x54, 0xe2, 0x0f, 0xfb, 0x13, 0xfb, 0x34,
  0xaa, 0x2e, 0xa9, 0xcc, 0xba, 0xb0, 0xba, 0x4e, 0xa1, 0xad, 0xca, 0xb0,
  0xfb, 0x34, 0xfa, 0x71, 0xda, 0xd1, 0xe2, 0xb1, 0xe2, 0x30, 0xfa, 0xd2,
  0xfa, 0xb2, 0xea, 0x30, 0xfb, 0xb5, 0xf2, 0x91, 0xe2, 0xd2, 0xda, 0x70,
  0x51, 0xab, 0x62, 0x2c, 0x49, 0xec, 0x51, 0xeb, 0x51, 0xec, 0x59, 0xeb,
  0x4a, 0x0b, 0x49, 0xeb, 0x51, 0xeb, 0x5a, 0x0c, 0x49, 0xcb, 0x51, 0xcb,
  0x52, 0x0c, 0x51, 0xeb, 0x49, 0xec, 0x49, 0xaa, 0x83, 0xf1, 0xff, 0x9f,
  0xff, 0xbf, 0xff, 0x9e, 0xf7, 0x5e, 0xff, 0x5d, 0xf7, 0x7e, 0xff, 0x9e,
  0xff, 0x7e, 0xff, 0x5d, 0xf7, 0x7e, 0xff, 0x7d, 0xff, 0xff, 0xff, 0xff,
  0xd5, 0xfb, 0xee, 0x5c, 0xe6, 0x3c, 0xee, 0x3c, 0xe6, 0x5c, 0xee, 0x7c,
  0xee, 0x9c, 0xe6, 0x3b, 0xde, 0x1c, 0xdd, 0xfb, 0xe6, 0xdc, 0xff, 0xbf,
  0x31, 0xea, 0x29, 0xeb, 0x31, 0xca, 0x31, 0xea, 0x3a, 0x0a, 0x32, 0x0b,
  0x31, 0xea, 0x29, 0xca, 0x39, 0xea, 0x52, 0xcd, 0x52, 0x8c, 0x31, 0xea,
  0x5a, 0x8c, 0x6b, 0x4f, 0x62, 0xed, 0x5a, 0xcd, 0x62, 0xee, 0x5a, 0xee,
  0x62, 0xee, 0x52, 0x8d, 0x4a, 0x6c, 0x4a, 0xad, 0x4a, 0x8c, 0x42, 0x6c,
  0x52, 0xac, 0x4a, 0x8c, 0x59, 0xe9, 0xc5, 0x77, 0xe5, 0x35, 0xed, 0xb7,
  0xfe, 0xbb, 0xfe, 0x59, 0xf6, 0x59, 0xff, 0x3c, 0xfe, 0xba, 0xe5, 0xf7,
  0xfe, 0xfb, 0xfe, 0xfb, 0xf6, 0x38, 0xf6, 0x59, 0xfe, 0xdb, 0xfe, 0x9a,
  0xdd, 0x95, 0xfe, 0xfb, 0xfe, 0xfa, 0xfe, 0xda, 0xdd, 0x75, 0xfe, 0xdb,
  0xfe, 0xda, 0xfe, 0xfb, 0xdd, 0x95, 0xf6, 0x99, 0xfe, 0xfb, 0xf6, 0x79,
  0xed, 0x76, 0xfe, 0x19, 0xdc, 0xb4, 0xe5, 0x16, 0xfd, 0x77, 0xbb, 0xb1,
  0xdc, 0xf5, 0xed, 0x97, 0xde, 0x38, 0xff, 0x5d, 0xd6, 0x79, 0xb5, 0x75,
  0xff, 0x1e, 0xd6, 0x1a, 0xe5, 0xdb, 0xe5, 0xfc, 0xde, 0x1b, 0xcd, 0x9a,
  0xdd, 0xbb, 0xe5, 0xfc, 0xd5, 0xd9, 0xff, 0x5f, 0xff, 0x9d, 0xff, 0xdf,
  0xff, 0xff, 0xff, 0xff, 0xff, 0xde, 0xef, 0x7d, 0xfe, 0xfd, 0x93, 0x6f,
  0xea, 0x90, 0xfb, 0x74, 0xea, 0xd1, 0xeb, 0x12, 0xca, 0x4f, 0xeb, 0x53,
  0xf2, 0x91, 0xfb, 0x13, 0xf2, 0xb1, 0xfb, 0x13, 0xf2, 0x70, 0xfa, 0xf3,
  0xf2, 0x90, 0xea, 0x91, 0xfa, 0xf2, 0xea, 0xd2, 0xf2, 0xd1, 0xfb, 0x53,
  0xba, 0x0e, 0xdb, 0x32, 0xfa, 0xd1, 0xf2, 0xd2, 0xfb, 0x13, 0xea, 0xb1,
  0xf2, 0xd1, 0xfb, 0x33, 0xf2, 0xb1, 0xea, 0xd1, 0xf2, 0xf2, 0xf2, 0xf2,
  0xfa, 0xf2, 0xf2, 0xd2, 0xfa, 0xf2, 0xf2, 0xf2, 0xfa, 0xd2, 0xfa, 0xf2,
  0xf2, 0xf1, 0xe2, 0xd1, 0xe2, 0xb1, 0xe3, 0x12, 0xfa, 0xf2, 0xea, 0x50,
  0xfb, 0xf5, 0xca, 0x90, 0xa9, 0xac, 0xd3, 0x52, 0xfa, 0xb1, 0xfa, 0x91,
  0xf3, 0x12, 0xda, 0x70, 0xa2, 0x0d, 0xa2, 0x6f, 0xc2, 0x4e, 0xc2, 0x4f,
  0xaa, 0x0d, 0xa2, 0x0d, 0xfb, 0x33, 0xea, 0xf1, 0xf2, 0x90, 0xfb, 0x95,
  0xe2, 0x2f, 0xea, 0x91, 0xfb, 0x33, 0xf2, 0x91, 0xfa, 0x91, 0xfb, 0x74,
  0xda, 0xb1, 0xc2, 0x2f, 0xfb, 0x94, 0xfb, 0x74, 0xf2, 0x91, 0xf2, 0xd2,
  0xfa, 0xf2, 0xfb, 0x13, 0xf2, 0x90, 0xea, 0x91, 0xfb, 0x54, 0xfa, 0xf2,
  0xe9, 0xee, 0xfb, 0x13, 0xfb, 0x12, 0xda, 0x2f, 0xfa, 0xf2, 0xfb, 0x74,
  0xf2, 0x90, 0xea, 0x91, 0xfb, 0x54, 0xfa, 0xf2, 0xea, 0x2f, 0xfb, 0x54,
  0xfb, 0x33, 0xe2, 0x2f, 0xfb, 0x53, 0xfb, 0x74, 0xea, 0x0f, 0xfb, 0x33,
  0xf3, 0x53, 0xb9, 0xad, 0xb2, 0x0d, 0xba, 0x6f, 0xb1, 0xed, 0xb2, 0x0e,
  0xfb, 0x54, 0xfb, 0x95, 0xda, 0x90, 0xd2, 0x90, 0xf2, 0xf1, 0xea, 0xd2,
  0xfb, 0x53, 0xea, 0x70, 0xfa, 0xd1, 0xfb, 0x13, 0xf1, 0xef, 0xfa, 0xd3,
  0x8a, 0xce, 0x59, 0x69, 0x52, 0x2c, 0x4a, 0x0b, 0x52, 0x0b, 0x49, 0xcb,
  0x49, 0xca, 0x52, 0x2c, 0x59, 0xcb, 0x5a, 0x0c, 0x51, 0xcb, 0x51, 0xeb,
  0x59, 0xea, 0x52, 0x0b, 0x51, 0xeb, 0x52, 0x0c, 0x49, 0xc8, 0xb5, 0x57,
  0xff, 0xff, 0xf7, 0x7d, 0xff, 0x9d, 0xff, 0xbe, 0xff, 0xbe, 0xff, 0x9e,
  0xff, 0x7d, 0xf7, 0x7d, 0xff, 0x7d, 0xff, 0xdf, 0xff, 0xff, 0xff, 0xff,
  0xd5, 0xb9, 0xe6, 0x7d, 0xe5, 0xfa, 0xe6, 0x1b, 0xdd, 0xfa, 0xee, 0xbd,
  0xdd, 0xfb, 0xe6, 0x3d, 0xdd, 0xd9, 0xe6, 0x3b, 0xee, 0xfd, 0xff, 0xbf,
  0x29, 0xeb, 0x29, 0xca, 0x29, 0xea, 0x31, 0xea, 0x29, 0xea, 0x32, 0x0b,
  0x29, 0xea, 0x31, 0xca, 0x31, 0xeb, 0x31, 0xa9, 0x42, 0x6c, 0x52, 0xad,
  0x31, 0xca, 0x42, 0x2b, 0x63, 0x2f, 0x5a, 0xad, 0x5a, 0xcd, 0x62, 0xcd,
  0x5a, 0xad, 0x5a, 0x6c, 0x4a, 0x8d, 0x4a, 0x8c, 0x42, 0x6c, 0x4a, 0x4c,
  0x42, 0x6d, 0x52, 0xad, 0x39, 0xc9, 0x73, 0x6f, 0xfe, 0xdb, 0xf6, 0x59,
  0xfe, 0xfc, 0xfe, 0x9a, 0xe5, 0xf8, 0xfe, 0xfb, 0xfe, 0xdb, 0xe5, 0x96,
  0xfe, 0xbb, 0xfe, 0xdb, 0xf6, 0x39, 0xed, 0xd7, 0xfe, 0xfc, 0xfe, 0x9a,
  0xdd, 0xd7, 0xfe, 0xdb, 0xfe, 0xdb, 0xfe, 0x7a, 0xdd, 0xb7, 0xfe, 0xdb,
  0xff, 0x1c, 0xfe, 0x79, 0xd4, 0xd5, 0xfe, 0x7b, 0xfd, 0xf9, 0xe4, 0xd4,
  0xcc, 0x54, 0xc4, 0x12, 0xd4, 0xb5, 0xed, 0x57, 0xd5, 0xb8, 0xe6, 0x19,
  0xef, 0x1c, 0xf6, 0xfc, 0xf7, 0x5c, 0xff, 0x9d, 0xad, 0x56, 0xbd, 0xd7,
  0xff, 0xdf, 0xd6, 0x1a, 0xcd, 0x7b, 0xcd, 0x5a, 0xde, 0x1c, 0xe5, 0xfb,
  0xde, 0x1c, 0xdd, 0xdb, 0xd6, 0x5b, 0xff, 0x9f, 0xf7, 0x9e, 0xff, 0xff,
  0xff, 0xff, 0xff, 0xbe, 0xef, 0x9e, 0xff, 0xff, 0xfe, 0xbd, 0xa3, 0x70,
  0xfa, 0xb2, 0xfa, 0xd2, 0xe3, 0x33, 0xd2, 0x6f, 0xd2, 0xb1, 0xe3, 0x12,
  0xf2, 0xd2, 0xfa, 0xf2, 0xf3, 0x13, 0xfb, 0x53, 0xf2, 0xb2, 0xfa, 0xf2,
  0xea, 0x71, 0xf2, 0x91, 0xfb, 0x54, 0xfb, 0x13, 0xea, 0xd2, 0xf3, 0x13,
  0xa2, 0x0d, 0xdb, 0x73, 0xf3, 0x33, 0xf2, 0xf2, 0xfb, 0x94, 0xf2, 0xd1,
  0xfa, 0xf3, 0xf2, 0xb1, 0xf2, 0xd2, 0xf2, 0xb1, 0xeb, 0x12, 0xfb, 0x33,
  0xfb, 0x33, 0xfa, 0xf2, 0xfb, 0x34, 0xf2, 0xd2, 0xeb, 0x13, 0xf3, 0x12,
  0xf3, 0x33, 0xfb, 0x33, 0xca, 0x90, 0xda, 0xf1, 0xfb, 0x13, 0xfb, 0x13,
  0xe3, 0x33, 0xeb, 0x33, 0x99, 0x6b, 0xd3, 0x32, 0xfb, 0x13, 0xf2, 0x91,
  0xf2, 0xb2, 0xf2, 0x91, 0xbb, 0x52, 0x91, 0xcc, 0xb2, 0xd0, 0xaa, 0x6e,
  0xb1, 0xee, 0xdb, 0x12, 0xfa, 0xf3, 0xfa, 0xf3, 0xea, 0xb1, 0xfb, 0x74,
  0xfb, 0x34, 0xe2, 0x2f, 0xfa, 0xd3, 0xfa, 0xf3, 0xe2, 0x70, 0xfb, 0x54,
  0xdb, 0x73, 0xa9, 0xcd, 0xfb, 0x54, 0xfb, 0x54, 0xfb, 0x74, 0xe2, 0x70,
  0xfb, 0x54, 0xfb, 0x53, 0xfb, 0x54, 0xea, 0x70, 0xfa, 0xb2, 0xfb, 0x13,
  0xf2, 0xd2, 0xea, 0x70, 0xfb, 0x74, 0xfb, 0x13, 0xe2, 0x30, 0xfb, 0x34,
  0xfb, 0x74, 0xe2, 0x2f, 0xf2, 0xd2, 0xfb, 0x54, 0xf2, 0xb2, 0xea, 0x70,
  0xfb, 0x54, 0xfa, 0xf3, 0xe2, 0x91, 0xfb, 0x74, 0xfa, 0xd2, 0xe1, 0xef,
  0xf3, 0x54, 0xea, 0xd1, 0x99, 0xcc, 0xb2, 0x4e, 0xb2, 0x2e, 0xb1, 0xed,
  0xe2, 0x71, 0xfb, 0x54, 0xe3, 0x12, 0xb9, 0xad, 0xf3, 0x33, 0xda, 0x70,
  0xfa, 0xf3, 0xfa, 0xd2, 0xea, 0xf3, 0xfb, 0x74, 0xf2, 0xb2, 0xea, 0x30,
  0xe3, 0xb4, 0xa1, 0xac, 0x4a, 0x0c, 0x52, 0x0c, 0x49, 0xeb, 0x49, 0xeb,
  0x51, 0xcb, 0x62, 0x0c, 0x4a, 0x2c, 0x49, 0xca, 0x49, 0xeb, 0x52, 0x0b,
  0x52, 0x0c, 0x59, 0xeb, 0x5a, 0x0c, 0x51, 0xcb, 0x4a, 0x2c, 0x49, 0xca,
  0xc6, 0x59, 0xff, 0xff, 0xff, 0x9e, 0xff, 0x7d, 0xff, 0x9e, 0xf7, 0x5d,
  0xf7, 0x7e, 0xff, 0x7d, 0xff, 0xdf, 0xff, 0xff, 0xff, 0xff, 0xff, 0xff,
  0xde, 0x5c, 0xe6, 0x5c, 0xe6, 0x1c, 0xe5, 0xfb, 0xd5, 0xfc, 0xe6, 0x3c,
  0xde, 0x1c, 0xe5, 0xfb, 0xd5, 0xfb, 0xde, 0x1b, 0xef, 0x5d, 0xf7, 0x7e,
  0x39, 0xca, 0x31, 0xca, 0x29, 0xca, 0x29, 0xea, 0x31, 0xca, 0x29, 0xeb,
  0x31, 0xea, 0x29, 0xea, 0x31, 0xca, 0x31, 0xea, 0x31, 0xa9, 0x32, 0x0b,
  0x52, 0xcd, 0x3a, 0x2b, 0x39, 0xc9, 0x5a, 0xee, 0x6b, 0x0e, 0x63, 0x0e,
  0x73, 0x2e, 0x5a, 0xcd, 0x5a, 0xac, 0x52, 0xac, 0x5a, 0xed, 0x52, 0xad,
  0x4a, 0x4b, 0x4a, 0x6c, 0x52, 0x8c, 0x52, 0x8c, 0xe6, 0x38, 0xee, 0x9a,
  0xfe, 0xfb, 0xfe, 0xdb, 0xee, 0x18, 0xff, 0x1c, 0xfe, 0xdb, 0xdd, 0x75,
  0xfe, 0xda, 0xff, 0x1c, 0xee, 0x17, 0xee, 0x38, 0xff, 0x1b, 0xee, 0x18,
  0xed, 0xd7, 0xfe, 0xdb, 0xfe, 0x7a, 0xdc, 0xf5, 0xf5, 0xd7, 0xfe, 0xbb,
  0xfd, 0xb8, 0xbb, 0xd1, 0xe4, 0x95, 0xed, 0x37, 0xc4, 0x32, 0xd4, 0xf5,
  0xdd, 0xb7, 0xf6, 0x7a, 0xf7, 0x5c, 0xf7, 0x7c, 0xff, 0x7d, 0xff, 0x9d,
  0xff, 0x5c, 0xef, 0x3c, 0xef, 0x3b, 0xef, 0x7c, 0x9c, 0xd2, 0xce, 0x9a,
  0xff, 0xff, 0xff, 0xff, 0xde, 0x7c, 0xcd, 0xfa, 0xcd, 0x79, 0xd5, 0xba,
  0xde, 0x3a, 0xde, 0x5b, 0xff, 0x9e, 0xf7, 0x9e, 0xff, 0xbe, 0xff, 0xff,
  0xff, 0xbf, 0xf7, 0x3e, 0xf7, 0x9e, 0xef, 0xbf, 0xec, 0xd7, 0xb3, 0x51,
  0xfa, 0xf2, 0xfa, 0xf3, 0xe2, 0xf1, 0xc2, 0x2e, 0xfb, 0x53, 0xe2, 0xb1,
  0xea, 0x70, 0xfa, 0xf2, 0xfb, 0x53, 0xfb, 0xd5, 0xf2, 0xd1, 0xfb, 0x53,
  0xfa, 0xf2, 0xf2, 0xf2, 0xfb, 0x12, 0xea, 0x91, 0xf3, 0x12, 0xf3, 0x33,
  0xb1, 0xcc, 0xd3, 0x32, 0xfb, 0x53, 0xf3, 0x53, 0xfb, 0x33, 0xea, 0xd1,
  0xfb, 0x12, 0xfb, 0x33, 0xfb, 0x12, 0xf3, 0x13, 0xfb, 0x12, 0xfb, 0x13,
  0xfb, 0x12, 0xf2, 0xf2, 0xf3, 0x12, 0xeb, 0x12, 0xf2, 0xd1, 0xf3, 0x12,
  0xfa, 0xf2, 0xfb, 0x13, 0xe2, 0x90, 0xeb, 0x12, 0xfb, 0x32, 0xfb, 0x74,
  0xda, 0x70, 0xfb, 0x94, 0xa9, 0xac, 0xe3, 0x73, 0xfa, 0xd2, 0xfb, 0x13,
  0xfa, 0xb1, 0xf2, 0x71, 0xe3, 0x52, 0xb2, 0x2e, 0x92, 0x2d, 0x8a, 0x2d,
  0xe2, 0x6f, 0xf3, 0x53, 0xfa, 0x91, 0xfb, 0x14, 0xea, 0x70, 0xfb, 0x13,
  0xfb, 0xf5, 0xea, 0xf2, 0xf2, 0x70, 0xfb, 0x54, 0xfa, 0xb1, 0xf2, 0x70,
  0xdb, 0x11, 0xca, 0xd1, 0xea, 0xb1, 0xfb, 0x33, 0xfb, 0x33, 0xfa, 0xd2,
  0xfa, 0xb1, 0xfb, 0x13, 0xfa, 0xf2, 0xfb, 0x33, 0xea, 0x90, 0xfb, 0x54,
  0xfb, 0x74, 0xea, 0xb1, 0xea, 0x50, 0xfb, 0x54, 0xf2, 0x91, 0xea, 0x91,
  0xfb, 0x74, 0xfb, 0x13, 0xf2, 0x50, 0xfa, 0xf3, 0xfb, 0x33, 0xe2, 0x50,
  0xea, 0x90, 0xfb, 0x95, 0xfa, 0xd1, 0xe2, 0x50, 0xfb, 0x74, 0xea, 0x91,
  0xea, 0x70, 0xfb, 0x95, 0xca, 0xb0, 0xa9, 0xed, 0xc2, 0x4e, 0xb2, 0x0e,
  0xc1, 0xed, 0xeb, 0x53, 0xf3, 0x53, 0xc1, 0xcd, 0xf3, 0x32, 0xeb, 0x12,
  0xf2, 0x50, 0xfb, 0x33, 0xf3, 0x12, 0xf3, 0x33, 0xfb, 0xb4, 0xe2, 0x70,
  0xfa, 0xf2, 0xf2, 0xf2, 0x61, 0xcb, 0x61, 0xeb, 0x49, 0xeb, 0x4a, 0x2c,
  0x51, 0xeb, 0x52, 0x0c, 0x49, 0xca, 0x41, 0xca, 0x4a, 0x0b, 0x41, 0xcb,
  0x4a, 0x0a, 0x4a, 0x0b, 0x59, 0xeb, 0x51, 0xeb, 0x62, 0x0c, 0x51, 0xab,
  0x6a, 0xcc, 0xf7, 0x7f, 0xff, 0x7d, 0xf7, 0x7d, 0xff, 0x5d, 0xf7, 0x7d,
  0xff, 0x9e, 0xff, 0xff, 0xff, 0xff, 0xff, 0xff, 0xff, 0xff, 0xff, 0xff,
  0xd6, 0x1a, 0xde, 0x5c, 0xe6, 0x1b, 0xdd, 0xfb, 0xdd, 0xdb, 0xc5, 0x7a,
  0xf6, 0x9d, 0xe5, 0xfb, 0xe6, 0x3b, 0xe6, 0x9c, 0xff, 0xdf, 0xef, 0x3d,
  0x29, 0xea, 0x29, 0xca, 0x29, 0xeb, 0x31, 0xca, 0x29, 0xca, 0x31, 0xeb,
  0x29, 0xeb, 0x29, 0xca, 0x31, 0xeb, 0x31, 0xea, 0x2a, 0x0b, 0x29, 0xca,
  0x31, 0xca, 0x52, 0xae, 0x3a, 0x2b, 0x31, 0xca, 0x5a, 0xce, 0x73, 0x70,
  0x5a, 0xee, 0x62, 0xcd, 0x62, 0xee, 0x5a, 0xad, 0x63, 0x0f, 0x62, 0xee,
  0x52, 0xad, 0x62, 0xee, 0x52, 0xcd, 0x4a, 0x6c, 0xc4, 0xf4, 0xfe, 0x9b,
  0xff, 0x1c, 0xe5, 0x96, 0xfd, 0xf9, 0xfe, 0x7a, 0xed, 0x37, 0xe4, 0xd5,
  0xfe, 0x5b, 0xf5, 0xb8, 0xe5, 0x36, 0xfe, 0x3a, 0xe4, 0xf6, 0xdc, 0x74,
  0xfd, 0xf9, 0xf5, 0x57, 0xcc, 0x53, 0xcc, 0x32, 0xf5, 0x77, 0xed, 0x16,
  0xc4, 0x53, 0xed, 0x36, 0xee, 0x9b, 0xe5, 0xf9, 0xee, 0xfc, 0xff, 0x9e,
  0xff, 0xbe, 0xff, 0x9d, 0xf7, 0x9d, 0xf7, 0x5c, 0xef, 0x5c, 0xf7, 0x3b,
  0xf7, 0x7c, 0xf7, 0x5c, 0xef, 0x5c, 0xee, 0xfb, 0x94, 0x73, 0xef, 0x3d,
  0xff, 0xde, 0xff, 0x5c, 0xf7, 0x7d, 0xff, 0x7d, 0xf7, 0x5e, 0xef, 0x1d,
  0xe7, 0x1d, 0xff, 0xdf, 0xff, 0xff, 0xf7, 0x7d, 0xef, 0x3d, 0xee, 0xdc,
  0xde, 0x5c, 0xde, 0x3b, 0xde, 0x9d, 0xc5, 0xda, 0xaa, 0x4f, 0xcb, 0x12,
  0xfa, 0x92, 0xfa, 0xf3, 0xda, 0x91, 0xc9, 0xee, 0xfa, 0xf3, 0xfa, 0xd2,
  0xfa, 0xb2, 0xfa, 0xb2, 0xea, 0x91, 0xfa, 0xf3, 0xeb, 0x12, 0xfb, 0x94,
  0xf3, 0x13, 0xea, 0xb1, 0xf2, 0xf2, 0xf2, 0xb1, 0xea, 0xd2, 0xfb, 0x33,
  0xb1, 0xee, 0xda, 0xf2, 0xfb, 0x34, 0xf2, 0xb1, 0xfb, 0x34, 0xfa, 0xd2,
  0xfb, 0x54, 0xf2, 0xf2, 0xfb, 0x13, 0xf2, 0xb1, 0xf2, 0xf2, 0xfb, 0x33,
  0xf3, 0x13, 0xfb, 0x13, 0xea, 0xd2, 0xfb, 0x33, 0xfb, 0x13, 0xfa, 0xf2,
  0xf2, 0xb2, 0xfa, 0xb1, 0xf3, 0x74, 0xea, 0xf2, 0xf2, 0xb2, 0xfa, 0xf2,
  0xe2, 0xb2, 0xfb, 0x53, 0xaa, 0x2e, 0xd3, 0x52, 0xfa, 0xd2, 0xfa, 0x92,
  0xea, 0x91, 0xfa, 0xd2, 0xda, 0xb1, 0xeb, 0x12, 0x79, 0x4b, 0xb2, 0xd0,
  0xfa, 0xb2, 0xfa, 0x91, 0xe2, 0x71, 0xfb, 0x13, 0xfa, 0xf3, 0xe2, 0x2f,
  0xfb, 0x13, 0xfb, 0x94, 0xe2, 0xb1, 0xfb, 0x53, 0xfb, 0x74, 0xea, 0x90,
  0xca, 0x70, 0xda, 0xb1, 0xfb, 0x13, 0xea, 0x70, 0xfb, 0x13, 0xfb, 0x34,
  0xf2, 0x92, 0xf2, 0x71, 0xf3, 0x13, 0xfb, 0x33, 0xf3, 0x13, 0xf2, 0xb1,
  0xfb, 0x34, 0xfb, 0x13, 0xe2, 0x50, 0xfa, 0xd2, 0xfb, 0x34, 0xea, 0x50,
  0xf2, 0xd2, 0xfb, 0x54, 0xfa, 0xd2, 0xea, 0x30, 0xfb, 0x13, 0xfb, 0x54,
  0xea, 0x91, 0xf2, 0x91, 0xfb, 0x54, 0xea, 0x50, 0xea, 0xf2, 0xfb, 0xd5,
  0xf2, 0x91, 0xfa, 0xb1, 0xeb, 0x74, 0xc1, 0xee, 0xa2, 0x0e, 0xb2, 0x2e,
  0xa1, 0x8c, 0xca, 0x90, 0xf3, 0x74, 0xc9, 0xce, 0xca, 0x0f, 0xfb, 0x74,
  0xea, 0x51, 0xfa, 0xb2, 0xfa, 0xf3, 0xe2, 0x0f, 0xfb, 0x95, 0xf2, 0xd2,
  0xea, 0x71, 0xfb, 0x75, 0xaa, 0xf0, 0x81, 0x6a, 0x49, 0xeb, 0x5a, 0x0c,
  0x5a, 0x0c, 0x51, 0xab, 0x49, 0xeb, 0x49, 0xca, 0x51, 0xec, 0x59, 0xeb,
  0x51, 0xcb, 0x62, 0x2c, 0x49, 0xeb, 0x51, 0xeb, 0x41, 0xeb, 0x41, 0xeb,
  0x4a, 0x2b, 0xac, 0xf6, 0xff, 0xdf, 0xff, 0x7e, 0xff, 0xbf, 0xff, 0xdf,
  0xff, 0xff, 0xff, 0xff, 0xff, 0xff, 0xff, 0xdf, 0xff, 0xff, 0xff, 0xff,
  0xe6, 0xde, 0xd6, 0x3a, 0xee, 0x7e, 0xcd, 0x39, 0xc5, 0x58, 0xe6, 0x3c,
  0xe6, 0x3c, 0xdd, 0xfb, 0xd6, 0x1b, 0xee, 0xbd, 0xff, 0xff, 0xe6, 0xdb,
  0x5a, 0xcd, 0x42, 0x4b, 0x29, 0xa9, 0x29, 0xca, 0x31, 0xea, 0x32, 0x0b,
  0x31, 0xca, 0x31, 0xea, 0x31, 0xea, 0x32, 0x0b, 0x31, 0xea, 0x31, 0xeb,
  0x31, 0xaa, 0x31, 0xeb, 0x52, 0xad, 0x42, 0x6c, 0x39, 0xa8, 0x5b, 0x0e,
  0x73, 0x4f, 0x5a, 0xee, 0x6a, 0xee, 0x63, 0x0e, 0x62, 0xed, 0x5a, 0xcd,
  0x52, 0xac, 0x52, 0xad, 0x62, 0xcd, 0x42, 0x0a, 0xb3, 0x4f, 0xdc, 0xb4,
  0xdc, 0x32, 0xdc, 0x53, 0xf4, 0xf5, 0xd4, 0x52, 0xcb, 0xf0, 0xed, 0x15,
  0xec, 0xd4, 0xbb, 0x8f, 0xd4, 0x73, 0xcc, 0x73, 0xd4, 0xd4, 0xed, 0xb8,
  0xe5, 0x56, 0xe5, 0x77, 0xe6, 0x19, 0xfe, 0xfc, 0xfe, 0xdb, 0xf6, 0xbb,
  0xff, 0x1c, 0xff, 0x7e, 0xf7, 0x7c, 0xf7, 0x9d, 0xef, 0x5c, 0xdf, 0x1b,
  0xe7, 0x3b, 0xdf, 0x1a, 0xe7, 0x1a, 0xdf, 0x1b, 0xef, 0x1a, 0xef, 0x5c,
  0xf7, 0x5b, 0xf7, 0x7c, 0xff, 0x7d, 0xe6, 0xdb, 0x9c, 0xb2, 0xf7, 0x9d,
  0xff, 0x7d, 0xff, 0x9e, 0xff, 0xbe, 0xff, 0xbf, 0xff, 0x7e, 0xff, 0xff,
  0xff, 0xff, 0xff, 0xff, 0xee, 0xfd, 0xd6, 0x7b, 0xe6, 0x1b, 0xe6, 0x3c,
  0xe6, 0x3a, 0xde, 0x3a, 0xe6, 0x3c, 0xc5, 0x38, 0xc2, 0x2e, 0xdb, 0x32,
  0xfa, 0x91, 0xfa, 0x91, 0xda, 0x90, 0xda, 0xd1, 0xfa, 0xd1, 0xf2, 0xb1,
  0xfa, 0xb1, 0xfa, 0xf2, 0xf2, 0xd1, 0xfb, 0x95, 0xf2, 0xf1, 0xfb, 0x73,
  0xf2, 0xb1, 0xf2, 0xb1, 0xfa, 0xd2, 0xf2, 0xb1, 0xf2, 0xd1, 0xf3, 0x12,
  0xba, 0x0e, 0xd3, 0x12, 0xfb, 0x33, 0xf2, 0xd2, 0xfb, 0x53, 0xea, 0xb1,
  0xfb, 0x32, 0xfb, 0x94, 0xfa, 0xd1, 0xea, 0x91, 0xfa, 0xb1, 0xfb, 0x13,
  0xfb, 0x53, 0xfb, 0x94, 0xfb, 0x12, 0xf3, 0x12, 0xf2, 0x91, 0xfa, 0xd2,
  0xf2, 0xf1, 0xfb, 0x33, 0xfb, 0x33, 0xda, 0x2f, 0xfb, 0x12, 0xf2, 0xd1,
  0xfb, 0x53, 0xea, 0xd1, 0xca, 0x0e, 0xd2, 0xd1, 0xfb, 0x53, 0xfb, 0x54,
  0xf2, 0xd1, 0xfb, 0x53, 0xe2, 0xf1, 0xc2, 0x0e, 0xa9, 0xcd, 0xe3, 0xb5,
  0xfa, 0xb1, 0xfa, 0xd2, 0xfa, 0x91, 0xfa, 0xb2, 0xfb, 0x54, 0xf2, 0xb1,
  0xfb, 0x12, 0xfb, 0xb5, 0xfa, 0xf2, 0xea, 0x71, 0xfb, 0x33, 0xfb, 0x13,
  0xca, 0x0e, 0xd2, 0x90, 0xfb, 0x33, 0xf2, 0xf2, 0xfa, 0xf2, 0xfb, 0x54,
  0xfb, 0x33, 0xea, 0x70, 0xfa, 0xf2, 0xfb, 0x53, 0xfb, 0x94, 0xea, 0xb1,
  0xea, 0x0f, 0xfb, 0x13, 0xfa, 0xd2, 0xea, 0x70, 0xfb, 0x53, 0xfb, 0x94,
  0xf2, 0x50, 0xea, 0x70, 0xfa, 0xf3, 0xfa, 0xd2, 0xea, 0x90, 0xfb, 0x33,
  0xfa, 0xf2, 0xf2, 0x71, 0xf2, 0xd1, 0xfb, 0x74, 0xf2, 0x70, 0xf2, 0x91,
  0xfb, 0x74, 0xf2, 0x91, 0xf3, 0x73, 0xf3, 0x74, 0xb2, 0x0d, 0xba, 0x6f,
  0xa9, 0x8c, 0xa9, 0xcd, 0xf3, 0x73, 0xd2, 0xb0, 0xc1, 0xad, 0xf3, 0x74,
  0xfa, 0xd2, 0xf2, 0x71, 0xfb, 0x74, 0xea, 0xd1, 0xfa, 0xf2, 0xfb, 0x74,
  0xea, 0x2f, 0xfb, 0x13, 0xf3, 0x12, 0xd2, 0x4f, 0x6a, 0x0c, 0x59, 0xcb,
  0x62, 0x2c, 0x51, 0xeb, 0x5a, 0x0c, 0x51, 0xeb, 0x49, 0xca, 0x49, 0xeb,
  0x59, 0xcb, 0x5a, 0x0c, 0x49, 0xea, 0x41, 0xca, 0x49, 0xea, 0x41, 0xeb,
  0x62, 0x0b, 0x5a, 0x2c, 0xe6, 0xdb, 0xff, 0xff, 0xff, 0xff, 0xff, 0xff,
  0xff, 0xff, 0xff, 0xff, 0xff, 0xff, 0xff, 0xff, 0xff, 0xff, 0xff, 0xff,
  0xff, 0xbf, 0xce, 0x1a, 0xf6, 0x7c, 0xe6, 0x3c, 0xee, 0x5c, 0xe6, 0x5c,
  0xc5, 0x18, 0xcd, 0x9b, 0xe6, 0xbb, 0xff, 0xdf, 0xff, 0xff, 0xce, 0x59,
  0x3a, 0x0b, 0x5a, 0xce, 0x52, 0xce, 0x39, 0xea, 0x21, 0xaa, 0x29, 0xcb,
  0x29, 0xeb, 0x31, 0xca, 0x29, 0xea, 0x31, 0xca, 0x29, 0xca, 0x31, 0xca,
  0x29, 0xca, 0x31, 0xca, 0x29, 0xaa, 0x4a, 0x8d, 0x42, 0x6d, 0x31, 0xa9,
  0x62, 0xee, 0x6b, 0x2e, 0x5a, 0xce, 0x62, 0xce, 0x5a, 0xee, 0x52, 0x8c,
  0x4a, 0x8d, 0x5a, 0xce, 0x42, 0x0a, 0x62, 0xcd, 0xe5, 0xb7, 0xe5, 0x96,
  0xe5, 0x75, 0xf5, 0xd7, 0xee, 0x38, 0xfe, 0x99, 0xff, 0x1a, 0xfe, 0xd9,
  0xf6, 0xb9, 0xf6, 0x78, 0xd6, 0x79, 0xef, 0x1b, 0xff, 0xdf, 0xff, 0x9e,
  0xff, 0xbe, 0xff, 0xbe, 0xff, 0xff, 0xff, 0x9d, 0xf7, 0xbe, 0xf7, 0x7d,
  0xe7, 0x5b, 0xdf, 0x1a, 0xdf, 0x19, 0xe6, 0xf9, 0xe6, 0xf9, 0xe6, 0xd9,
  0xe6, 0xf9, 0xef, 0x19, 0xde, 0xf9, 0xe6, 0xd8, 0xde, 0xf8, 0xde, 0xb7,
  0xd6, 0xd8, 0xe6, 0xf8, 0xe7, 0x3b, 0xce, 0x58, 0x9c, 0xf3, 0xf7, 0x9e,
  0xff, 0xdf, 0xff, 0xff, 0xff, 0xff, 0xff, 0xff, 0xf7, 0xde, 0xff, 0xbe,
  0xff, 0x9f, 0xe6, 0x9c, 0xe6, 0x3c, 0xe6, 0x3b, 0xdd, 0xfb, 0xee, 0x3c,
  0xe6, 0x3c, 0xe5, 0xfb, 0xf6, 0x5d, 0xbc, 0x96, 0xc1, 0xee, 0xf3, 0x33,
  0xfb, 0x74, 0xea, 0xd1, 0xd2, 0x90, 0xeb, 0x33, 0xfa, 0xf3, 0xf2, 0x50,
  0xea, 0xb2, 0xf2, 0xd2, 0xea, 0xd2, 0xfb, 0x33, 0xea, 0xd2, 0xfb, 0x33,
  0xea, 0xb1, 0xfa, 0xf2, 0xfa, 0xf3, 0xea, 0x70, 0xe2, 0x91, 0xfb, 0x13,
  0xa1, 0xed, 0xca, 0xf1, 0xfb, 0x95, 0xfb, 0x12, 0xfb, 0x33, 0xea, 0x70,
  0xfb, 0x33, 0xfa, 0xf2, 0xf2, 0xf3, 0xf2, 0xf2, 0xfa, 0xf2, 0xfb, 0x13,
  0xf2, 0xd2, 0xfb, 0x13, 0xea, 0xb2, 0xfa, 0xf2, 0xfa, 0xf2, 0xfa, 0xb1,
  0xf2, 0xf2, 0xfa, 0xf2, 0xfa, 0xf3, 0xfa, 0xd2, 0xfa, 0xf3, 0xea, 0x50,
  0xfb, 0x74, 0xea, 0xb1, 0xb1, 0xee, 0xd2, 0xb1, 0xfb, 0x54, 0xf2, 0xb1,
  0xfa, 0xd2, 0xfa, 0xd2, 0xd3, 0x12, 0xa9, 0xac, 0xda, 0xd1, 0xfb, 0x94,
  0xfb, 0x54, 0xf2, 0xb1, 0xfa, 0xd2, 0xea, 0x0f, 0xfb, 0x54, 0xfb, 0x33,
  0xe2, 0x91, 0xfb, 0x33, 0xfb, 0x54, 0xea, 0x70, 0xf2, 0xd2, 0xfb, 0x54,
  0xca, 0x90, 0xc2, 0x0e, 0xfb, 0x54, 0xfa, 0xf2, 0xea, 0xb1, 0xfb, 0x74,
  0xfb, 0xb5, 0xf2, 0xf2, 0xe2, 0x30, 0xfb, 0x13, 0xfb, 0x33, 0xfb, 0x53,
  0xe2, 0x30, 0xf2, 0x91, 0xfb, 0x34, 0xfa, 0xb2, 0xe2, 0x0f, 0xfb, 0x13,
  0xfa, 0xf3, 0xe1, 0xef, 0xf2, 0xd2, 0xfb, 0x54, 0xf2, 0xd2, 0xe2, 0x2f,
  0xfb, 0x55, 0xfa, 0xd2, 0xd9, 0xef, 0xfb, 0x13, 0xfb, 0x34, 0xe2, 0x0f,
  0xf2, 0xf2, 0xfb, 0x74, 0xe2, 0x91, 0xf2, 0xf2, 0xc2, 0xf1, 0xa9, 0xed,
  0xba, 0x90, 0x99, 0x6b, 0xca, 0xd1, 0xe3, 0x93, 0xca, 0x0f, 0xda, 0x70,
  0xfb, 0x13, 0xea, 0x0f, 0xf3, 0x33, 0xfb, 0x33, 0xea, 0x71, 0xfb, 0x54,
  0xf2, 0xb2, 0xf2, 0x71, 0xfb, 0x13, 0xf2, 0x30, 0xab, 0x52, 0x71, 0x6a,
  0x41, 0xeb, 0x52, 0x0c, 0x41, 0xcb, 0x51, 0xeb, 0x49, 0xeb, 0x49, 0xea,
  0x52, 0x0c, 0x51, 0xcb, 0x49, 0xeb, 0x49, 0xcb, 0x49, 0xeb, 0x51, 0xeb,
  0x52, 0x0c, 0x49, 0x8a, 0x84, 0x12, 0xff, 0xff, 0xff, 0xff, 0xff, 0xff,
  0xff, 0xff, 0xff, 0xdf, 0xff, 0xff, 0xff, 0xff, 0xff, 0xff, 0xff, 0xdf,
  0xff, 0xff, 0xf7, 0x5e, 0xcd, 0xda, 0xde, 0x3b, 0xce, 0x1c, 0xb5, 0x38,
  0xbd, 0xba, 0xe6, 0x9d, 0xff, 0xdf, 0xff, 0xff, 0xff, 0xff, 0xd6, 0x5a,
  0x29, 0xc9, 0x29, 0xea, 0x42, 0x0a, 0x5a, 0xee, 0x52, 0xad, 0x39, 0xea,
  0x29, 0xc9, 0x29, 0xea, 0x31, 0xea, 0x29, 0xea, 0x31, 0xca, 0x31, 0xca,
  0x31, 0xea, 0x31, 0xea, 0x31, 0xea, 0x31, 0xea, 0x52, 0x8c, 0x4a, 0x8d,
  0x39, 0xc9, 0x5b, 0x0f, 0x6a, 0xed, 0x5a, 0xcd, 0x5a, 0xad, 0x5a, 0xee,
  0x52, 0x8c, 0x4a, 0x8c, 0x62, 0xcb, 0xde, 0xdb, 0xff, 0x9b, 0xff, 0x9b,
  0xff, 0x7b, 0xff, 0x7b, 0xff, 0x7b, 0xff, 0x7b, 0xff, 0x5a, 0xff, 0x3a,
  0xf7, 0x3a, 0xef, 0x3a, 0xff, 0xbd, 0xf7, 0xbd, 0xff, 0x7d, 0xff, 0x9e,
  0xff, 0x9d, 0xf7, 0x7d, 0xf7, 0x5b, 0xe7, 0x1b, 0xe6, 0xf9, 0xe7, 0x19,
  0xee, 0xf8, 0xef, 0x3a, 0xf7, 0x19, 0xf7, 0x5a, 0xff, 0x39, 0xff, 0x5a,
  0xff, 0x19, 0xff, 0x5a, 0xff, 0x59, 0xff, 0x39, 0xff, 0x18, 0xf7, 0x39,
  0xf7, 0x38, 0xef, 0x18, 0xef, 0x19, 0xb5, 0x53, 0xa4, 0xf3, 0xff, 0xff,
  0xff, 0xff, 0xff, 0xff, 0xff, 0x9d, 0xff, 0xff, 0xff, 0xff, 0xe7, 0x1c,
  0xee, 0x5b, 0xde, 0x3b, 0xe6, 0x1b, 0xe6, 0x5c, 0xe6, 0x1a, 0xe6, 0x5c,
  0xe6, 0x3b, 0xde, 0x3b, 0xe6, 0x5b, 0x93, 0xf2, 0xda, 0x6f, 0xeb, 0x12,
  0xfb, 0x74, 0xda, 0x70, 0xda, 0x8f, 0xe2, 0xf1, 0xfa, 0xd2, 0xf2, 0x91,
  0xf2, 0xd1, 0xf2, 0xf2, 0xf2, 0xb1, 0xfb, 0x33, 0xfa, 0xd1, 0xfb, 0x54,
  0xf2, 0x91, 0xf2, 0xb1, 0xfb, 0x13, 0xf2, 0xd2, 0xea, 0x70, 0xfb, 0x33,
  0xaa, 0x2d, 0xba, 0xd0, 0xfb, 0x13, 0xea, 0xb1, 0xfb, 0x12, 0xf2, 0xb1,
  0xfb, 0x74, 0xfb, 0x74, 0xfb, 0x12, 0xfb, 0x13, 0xfa, 0xf2, 0xfb, 0x53,
  0xfb, 0x12, 0xfb, 0x94, 0xfb, 0x12, 0xfb, 0x33, 0xfa, 0xd2, 0xfb, 0x33,
  0xfb, 0x32, 0xea, 0xb1, 0xfb, 0x54, 0xf2, 0xb1, 0xfa, 0xf2, 0xea, 0x70,
  0xfb, 0x33, 0xf2, 0xf2, 0xba, 0x0e, 0xca, 0xb1, 0xfb, 0x33, 0xf2, 0x91,
  0xfa, 0xd2, 0xea, 0x91, 0xa9, 0xec, 0xcb, 0x11, 0xfa, 0xd2, 0xf2, 0xd2,
  0xfb, 0x13, 0xea, 0x70, 0xfb, 0x12, 0xf2, 0xb1, 0xfa, 0xd1, 0xfb, 0x95,
  0xea, 0x70, 0xfb, 0x12, 0xfb, 0x53, 0xfb, 0x33, 0xea, 0x70, 0xfb, 0x74,
  0xe3, 0x12, 0xc2, 0x0e, 0xfb, 0x13, 0xfb, 0xb5, 0xfb, 0x12, 0xe2, 0x91,
  0xfb, 0x54, 0xfb, 0x13, 0xea, 0xd1, 0xf3, 0x12, 0xfb, 0xb4, 0xfb, 0x54,
  0xfb, 0x33, 0xea, 0x70, 0xfb, 0x33, 0xfb, 0x94, 0xfa, 0xb1, 0xf2, 0xb2,
  0xfb, 0x74, 0xfa, 0xf2, 0xe2, 0x0f, 0xfb, 0x54, 0xfb, 0x74, 0xea, 0xf1,
  0xf2, 0x70, 0xfb, 0x33, 0xfa, 0xb1, 0xe2, 0x50, 0xfb, 0x33, 0xfb, 0x13,
  0xea, 0x4f, 0xfb, 0x12, 0xfb, 0x54, 0xea, 0x50, 0xeb, 0x33, 0xca, 0x4f,
  0xba, 0x8f, 0x99, 0xec, 0xa1, 0xac, 0xc2, 0xd1, 0xd2, 0x4f, 0xda, 0xb1,
  0xfb, 0x33, 0xfa, 0xf2, 0xf2, 0x70, 0xfb, 0x54, 0xfa, 0xf2, 0xfb, 0x13,
  0xfb, 0x33, 0xe2, 0x2f, 0xfb, 0x33, 0xf2, 0xd2, 0xe2, 0x70, 0xea, 0xd2,
  0x62, 0x0b, 0x51, 0xcb, 0x59, 0xcb, 0x5a, 0x2c, 0x52, 0x0b, 0x49, 0xea,
  0x52, 0x0b, 0x49, 0xeb, 0x52, 0x0b, 0x52, 0x2c, 0x49, 0xea, 0x52, 0x2c,
  0x59, 0xeb, 0x51, 0xec, 0x4a, 0x0a, 0xd6, 0x9c, 0xff, 0xff, 0xff, 0xff,
  0xff, 0xff, 0xff, 0xff, 0xff, 0xff, 0xff, 0xff, 0xff, 0xff, 0xff, 0xff,
  0xff, 0xff, 0xff, 0xff, 0xff, 0xdf, 0xf7, 0x9f, 0xff, 0xbf, 0xff, 0xdf,
  0xff, 0xdf, 0xff, 0xff, 0xff, 0xff, 0xff, 0xff, 0xff, 0xff, 0xde, 0xdb,
  0x3a, 0x4c, 0x29, 0xa9, 0x3a, 0x2b, 0x31, 0xea, 0x4a, 0x2c, 0x5a, 0xce,
  0x52, 0xce, 0x42, 0x0b, 0x29, 0xca, 0x29, 0xc9, 0x2a, 0x0b, 0x31, 0xea,
  0x29, 0xeb, 0x31, 0xeb, 0x29, 0xcb, 0x31, 0xeb, 0x29, 0xa9, 0x52, 0xad,
  0x42, 0x8d, 0x31, 0xca, 0x6b, 0x2f, 0x73, 0x2f, 0x6b, 0x2e, 0x6b, 0x2e,
  0x52, 0xad, 0x4a, 0x2b, 0xc5, 0xd6, 0xff, 0x7c, 0xff, 0x19, 0xff, 0x39,
  0xf7, 0x5b, 0xff, 0x3a, 0xff, 0x3b, 0xff, 0x3a, 0xff, 0x5b, 0xff, 0x19,
  0xde, 0xfa, 0xef, 0x5b, 0xff, 0x9e, 0xff, 0x7d, 0xff, 0x9d, 0xff, 0x7d,
  0xef, 0x5c, 0xe7, 0x1a, 0xe6, 0xfa, 0xf7, 0x3a, 0xf7, 0x3a, 0xff, 0x39,
  0xf7, 0x39, 0xff, 0x39, 0xff, 0x5b, 0xff, 0x3a, 0xff, 0x3a, 0xff, 0x3a,
  0xf7, 0x3a, 0xff, 0x1a, 0xff, 0x5b, 0xff, 0x3a, 0xff, 0x1a, 0xff, 0x1a,
  0xff, 0x3a, 0xff, 0x3a, 0xff, 0x9c, 0xcd, 0x94, 0xc5, 0xf8, 0xff, 0xff,
  0xff, 0xff, 0xf7, 0x9d, 0xff, 0xbe, 0xff, 0xbe, 0xef, 0x1f, 0xd6, 0x3a,
  0xde, 0x3c, 0xdd, 0xfb, 0xde, 0x3b, 0xe6, 0x1b, 0xe6, 0x7d, 0xe6, 0x3c,
  0xde, 0xdb, 0xef, 0x3c, 0xff, 0x7f, 0xa4, 0x32, 0xd2, 0x0f, 0xf2, 0xf2,
  0xca, 0xb1, 0xb1, 0xee, 0xf3, 0x74, 0xea, 0xd1, 0xfb, 0x34, 0xfa, 0xb2,
  0xea, 0x71, 0xf2, 0x91, 0xea, 0xb1, 0xfb, 0x33, 0xf2, 0xb2, 0xfa, 0xf3,
  0xf2, 0x91, 0xfa, 0x91, 0xfa, 0xf3, 0xfa, 0xd2, 0xe2, 0x70, 0xfb, 0x13,
  0xaa, 0x4e, 0xaa, 0x4e, 0xfb, 0x74, 0xf2, 0xd2, 0xfb, 0x33, 0xea, 0x91,
  0xfb, 0x74, 0xfb, 0x33, 0xf3, 0x53, 0xfb, 0x94, 0xfb, 0x95, 0xfb, 0x53,
  0xf3, 0x13, 0xfb, 0x74, 0xf2, 0xd2, 0xfa, 0xb2, 0xf2, 0xb2, 0xfa, 0xd2,
  0xf3, 0x13, 0xf2, 0xb1, 0xfb, 0x75, 0xf2, 0xb1, 0xfb, 0x13, 0xea, 0x2f,
  0xf2, 0xf3, 0xf2, 0xf2, 0xb1, 0xee, 0xca, 0x90, 0xfb, 0x33, 0xf2, 0x91,
  0xdb, 0x73, 0xb1, 0xed, 0xb1, 0xcd, 0xeb, 0x53, 0xf2, 0xb2, 0xfa, 0xb2,
  0xfb, 0x95, 0xea, 0xb1, 0xf2, 0xb2, 0xfa, 0xf2, 0xea, 0x70, 0xfb, 0x54,
  0xfb, 0x13, 0xea, 0x50, 0xfa, 0xf3, 0xfb, 0x33, 0xf2, 0xb2, 0xf2, 0x71,
  0xdb, 0x12, 0xc2, 0x4f, 0xe2, 0xb1, 0xfb, 0x74, 0xfb, 0xd5, 0xea, 0xd1,
  0xf2, 0xd2, 0xfb, 0x33, 0xf3, 0x13, 0xea, 0x90, 0xf3, 0x13, 0xfb, 0x74,
  0xfb, 0xb5, 0xfb, 0xb5, 0xe2, 0xb1, 0xfb, 0x53, 0xfb, 0x54, 0xea, 0x50,
  0xf2, 0x91, 0xfb, 0x13, 0xf2, 0xf2, 0xf2, 0x91, 0xfb, 0x95, 0xfb, 0x94,
  0xe2, 0x91, 0xea, 0x91, 0xfb, 0x34, 0xfa, 0x91, 0xea, 0x50, 0xfb, 0x13,
  0xfa, 0xf3, 0xea, 0x30, 0xfb, 0x74, 0xfa, 0xf2, 0xe2, 0x50, 0xf2, 0xb1,
  0xaa, 0x2e, 0xb2, 0x2e, 0x91, 0xcc, 0xaa, 0x2e, 0xc2, 0x2f, 0xe3, 0x12,
  0xf2, 0x71, 0xfa, 0xd3, 0xea, 0x71, 0xfa, 0xd2, 0xfb, 0x13, 0xea, 0x2f,
  0xfb, 0x14, 0xfa, 0x91, 0xea, 0x71, 0xfb, 0x54, 0xea, 0x10, 0xfa, 0xf3,
  0xcb, 0x52, 0x99, 0xac, 0x4a, 0x0c, 0x41, 0xaa, 0x4a, 0x0d, 0x49, 0xcb,
  0x51, 0xec, 0x51, 0xeb, 0x49, 0xeb, 0x52, 0x0b, 0x59, 0xec, 0x61, 0xec,
  0x5a, 0x0d, 0x59, 0xcb, 0x41, 0xea, 0x83, 0xb1, 0xff, 0xff, 0xff, 0xdf,
  0xff, 0xff, 0xff, 0xdf, 0xff, 0xff, 0xff, 0xdf, 0xff, 0xdf, 0xff, 0xbe,
  0xff, 0xdf, 0xff, 0xbf, 0xff, 0xff, 0xff, 0xff, 0xff, 0xff, 0xff, 0xff,
  0xff, 0xff, 0xff, 0xff, 0xff, 0xff, 0xff, 0xff, 0xff, 0xff, 0xce, 0x39,
  0xee, 0xb9, 0x94, 0x70, 0x52, 0x8d, 0x4a, 0x8d, 0x3a, 0x2b, 0x29, 0xeb,
  0x42, 0x0a, 0x5a, 0xcd, 0x5a, 0xad, 0x4a, 0x4c, 0x31, 0xea, 0x29, 0xea,
  0x29, 0xca, 0x29, 0xeb, 0x31, 0xea, 0x29, 0xea, 0x31, 0xca, 0x29, 0xca,
  0x5a, 0xce, 0x3a, 0x2b, 0x41, 0xea, 0x6b, 0x70, 0x7b, 0x6f, 0x6b, 0x2e,
  0x4a, 0x4a, 0x7b, 0xf1, 0xff, 0x7b, 0xff, 0x3a, 0xff, 0x39, 0xff, 0x5a,
  0xff, 0x5a, 0xff, 0x5a, 0xff, 0x19, 0xff, 0x3a, 0xff, 0x3a, 0xf6, 0xf9,
  0xe7, 0x1a, 0xf7, 0xbd, 0xff, 0x9d, 0xff, 0xbe, 0xff, 0x9b, 0xef, 0x3a,
  0xee, 0xd7, 0xef, 0x18, 0xff, 0x19, 0xff, 0x39, 0xff, 0x39, 0xff, 0x5a,
  0xff, 0x19, 0xff, 0x3a, 0xff, 0x19, 0xff, 0x3a, 0xff, 0x19, 0xff, 0x3a,
  0xff, 0x3a, 0xff, 0x3a, 0xff, 0x3a, 0xff, 0x5a, 0xff, 0x3a, 0xff, 0x5b,
  0xff, 0x5a, 0xf7, 0x3a, 0xff, 0x5b, 0xbd, 0x53, 0xe6, 0xdb, 0xff, 0xff,
  0xff, 0xbe, 0xf7, 0xbe, 0xff, 0xff, 0xff, 0x7f, 0xe6, 0x3b, 0xe6, 0x5b,
  0xee, 0x3c, 0xee, 0x5c, 0xc5, 0x9a, 0xc5, 0x9a, 0xde, 0xbb, 0xff, 0xff,
  0xff, 0xbe, 0xf7, 0x5d, 0xff, 0x3e, 0x93, 0xb0, 0xe2, 0x70, 0xea, 0xf2,
  0xaa, 0x0e, 0xaa, 0x4e, 0xfb, 0x73, 0xea, 0xf2, 0xfb, 0x74, 0xf2, 0xf2,
  0xfa, 0xd2, 0xfa, 0xd2, 0xf2, 0x90, 0xfb, 0x53, 0xf2, 0xd1, 0xfb, 0x54,
  0xf2, 0xf2, 0xf2, 0xf2, 0xf2, 0xb1, 0xea, 0xb1, 0xf2, 0x70, 0xfa, 0xf2,
  0xc2, 0xd0, 0xb2, 0x6e, 0xe2, 0xd1, 0xf3, 0x53, 0xfb, 0x94, 0xea, 0xd2,
  0xfa, 0xf2, 0xf2, 0xb1, 0xfa, 0xf2, 0xf3, 0x13, 0xf2, 0xd1, 0xfb, 0x53,
  0xf2, 0xb1, 0xfb, 0x54, 0xfa, 0xb1, 0xf2, 0xb1, 0xfa, 0xf2, 0xfb, 0x54,
  0xf2, 0x50, 0xfa, 0xd2, 0xfb, 0x12, 0xf2, 0xd2, 0xfb, 0x13, 0xea, 0x70,
  0xf3, 0x12, 0xeb, 0x12, 0xb1, 0xcd, 0xca, 0xd1, 0xfa, 0xd1, 0xfb, 0x74,
  0xb2, 0x4e, 0x99, 0xac, 0xf2, 0xd1, 0xf2, 0xd2, 0xfa, 0xf2, 0xea, 0x70,
  0xfb, 0x53, 0xfb, 0x53, 0xea, 0x90, 0xfb, 0x94, 0xea, 0x70, 0xfa, 0xf2,
  0xfb, 0x54, 0xf2, 0xb1, 0xf2, 0x91, 0xfb, 0x54, 0xfb, 0x74, 0xea, 0x90,
  0xc2, 0x2e, 0xd2, 0xd1, 0xf2, 0xd2, 0xea, 0x91, 0xfb, 0x53, 0xfa, 0xf2,
  0xea, 0x70, 0xfb, 0x74, 0xfb, 0x73, 0xea, 0xf2, 0xf2, 0x90, 0xfb, 0x13,
  0xfb, 0x53, 0xfb, 0x53, 0xf2, 0x70, 0xea, 0x50, 0xfb, 0x53, 0xfb, 0x33,
  0xe1, 0xee, 0xfa, 0xd2, 0xfb, 0xb5, 0xea, 0x70, 0xfa, 0x91, 0xfb, 0x33,
  0xfb, 0x33, 0xe2, 0x50, 0xfa, 0x91, 0xfb, 0x33, 0xfa, 0xd2, 0xe2, 0x50,
  0xfb, 0x33, 0xfa, 0xd2, 0xea, 0x90, 0xfb, 0x53, 0xfa, 0xb1, 0xf2, 0x50,
  0xd2, 0xb0, 0xba, 0x0e, 0xa1, 0xed, 0xa2, 0x0d, 0xba, 0x0d, 0xe3, 0x94,
  0xf2, 0x90, 0xfa, 0xf2, 0xfa, 0xd2, 0xea, 0x70, 0xfb, 0x33, 0xf2, 0xb1,
  0xf2, 0xd1, 0xfb, 0x94, 0xe2, 0x2f, 0xfb, 0x13, 0xfa, 0xb1, 0xf2, 0x70,
  0xfa, 0xf3, 0xf2, 0x50, 0xb2, 0xd0, 0x89, 0xcc, 0x49, 0xca, 0x52, 0x4c,
  0x59, 0x69, 0x6a, 0x2c, 0xba, 0xf1, 0x89, 0xac, 0x52, 0x0b, 0x49, 0xeb,
  0x5a, 0x0b, 0x49, 0xcb, 0x5a, 0x0b, 0x49, 0xaa, 0xbd, 0x76, 0xff, 0xff,
  0xff, 0x5c, 0xff, 0x9d, 0xff, 0x7d, 0xf7, 0x7d, 0xff, 0x5c, 0xf7, 0x7d,
  0xff, 0x7d, 0xf7, 0x7d, 0xff, 0x7d, 0xff, 0x9e, 0xff, 0x7d, 0xf7, 0x7d,
  0xff, 0xbe, 0xff, 0xdf, 0xff, 0xdf, 0xff, 0xff, 0xff, 0xdf, 0xd6, 0x9b,
  0xff, 0x3b, 0xff, 0x5b, 0xde, 0xba, 0x9c, 0x91, 0x63, 0x4f, 0x4a, 0x6b,
  0x32, 0x0b, 0x31, 0xca, 0x3a, 0x2c, 0x52, 0xae, 0x5a, 0xee, 0x52, 0x6c,
  0x32, 0x0b, 0x29, 0xa9, 0x29, 0xca, 0x31, 0xca, 0x29, 0xcb, 0x31, 0xca,
  0x31, 0xea, 0x5a, 0xee, 0x29, 0x89, 0x4a, 0x6c, 0x6b, 0x91, 0x52, 0x6c,
  0x5a, 0xaa, 0xef, 0x1c, 0xff, 0x5b, 0xff, 0x1a, 0xff, 0x3b, 0xff, 0x3a,
  0xff, 0x3b, 0xff, 0x3a, 0xff, 0x5a, 0xff, 0x39, 0xf7, 0x5a, 0xf6, 0xf9,
  0xf7, 0x7d, 0xff, 0x9e, 0xef, 0x9d, 0xef, 0x5c, 0xe6, 0xd8, 0xe6, 0xd8,
  0xff, 0x39, 0xff, 0x19, 0xf7, 0x5a, 0xff, 0x39, 0xff, 0x3a, 0xff, 0x3a,
  0xff, 0x1a, 0xff, 0x1a, 0xff, 0x5a, 0xff, 0x3a, 0xf7, 0x3a, 0xff, 0x1a,
  0xff, 0x1a, 0xff, 0x3a, 0xf7, 0x3a, 0xf6, 0xf9, 0xff, 0x5b, 0xff, 0x3a,
  0xf7, 0x3a, 0xff, 0x19, 0xf7, 0x5d, 0xa4, 0x91, 0xce, 0x7b, 0xff, 0xdf,
  0xff, 0xbf, 0xff, 0xdf, 0xff, 0xdf, 0xde, 0x5b, 0xde, 0x1b, 0xdd, 0xfa,
  0xe6, 0x5d, 0xe6, 0x1b, 0xbd, 0xbb, 0xb5, 0x39, 0xce, 0x1b, 0xf7, 0x3f,
  0xf7, 0xbe, 0xff, 0xdf, 0xff, 0x5f, 0x93, 0x70, 0xe2, 0x30, 0xfa, 0xf3,
  0xaa, 0x8f, 0xa2, 0x2d, 0xf3, 0x53, 0xea, 0xf2, 0xfb, 0x13, 0xf2, 0xb1,
  0xf2, 0x91, 0xfa, 0xb2, 0xf2, 0xf2, 0xfb, 0x13, 0xe2, 0x70, 0xfb, 0x54,
  0xf3, 0x13, 0xf2, 0xd2, 0xfa, 0xf3, 0xfa, 0xb2, 0xf2, 0xb2, 0xfb, 0x54,
  0xb2, 0xb0, 0xb2, 0x6f, 0xda, 0xf1, 0xf3, 0x94, 0xfb, 0x54, 0xf2, 0xd2,
  0xfb, 0x13, 0xfa, 0xb2, 0xf3, 0x13, 0xfb, 0x33, 0xf3, 0x33, 0xfb, 0x33,
  0xea, 0xb2, 0xfb, 0x54, 0xf2, 0xb2, 0xfa, 0xd2, 0xf3, 0x12, 0xfb, 0x53,
  0xf2, 0xb2, 0xf2, 0x71, 0xfb, 0x33, 0xf2, 0xb1, 0xfa, 0xf3, 0xfa, 0xb2,
  0xeb, 0x74, 0xca, 0x70, 0x81, 0xcc, 0x92, 0x2e, 0xe2, 0x91, 0xfb, 0x54,
  0xa9, 0x8d, 0xca, 0x50, 0xfa, 0xf3, 0xf2, 0x91, 0xfb, 0x34, 0xf2, 0x50,
  0xf2, 0xd2, 0xfb, 0x54, 0xea, 0x91, 0xfa, 0xf2, 0xfa, 0xf3, 0xea, 0x70,
  0xfb, 0x34, 0xfb, 0x13, 0xea, 0x71, 0xfb, 0x33, 0xfb, 0x74, 0xfb, 0x54,
  0xb2, 0x0e, 0xca, 0x90, 0xfc, 0x17, 0xe2, 0x70, 0xf2, 0xd2, 0xfb, 0x75,
  0xf3, 0x74, 0xea, 0xd1, 0xfb, 0x74, 0xf2, 0xd2, 0xfa, 0xf3, 0xe2, 0x2f,
  0xfb, 0x74, 0xfb, 0x74, 0xfb, 0x33, 0xea, 0x50, 0xf2, 0xd2, 0xfb, 0x54,
  0xfa, 0xf3, 0xe2, 0x0f, 0xfb, 0x95, 0xfb, 0x54, 0xea, 0x71, 0xf2, 0x71,
  0xfb, 0x54, 0xfa, 0xd2, 0xe2, 0x30, 0xfb, 0x33, 0xfb, 0x54, 0xf2, 0x91,
  0xf2, 0xb1, 0xfb, 0x33, 0xea, 0x91, 0xea, 0x50, 0xfb, 0x13, 0xfa, 0xb2,
  0xda, 0xf2, 0xc2, 0x0e, 0xaa, 0x4f, 0xaa, 0x2e, 0xa9, 0xed, 0xdb, 0x32,
  0xfa, 0xd2, 0xea, 0x0f, 0xfb, 0x74, 0xea, 0x70, 0xf2, 0xd2, 0xfb, 0x33,
  0xea, 0xd2, 0xfb, 0x54, 0xfa, 0xd2, 0xf2, 0x70, 0xfb, 0x34, 0xf2, 0x70,
  0xfa, 0xf3, 0xf2, 0x71, 0xfb, 0x13, 0xfb, 0x54, 0xc2, 0x90, 0xd2, 0xf1,
  0xd2, 0x50, 0xda, 0x50, 0xfb, 0x95, 0xda, 0x0f, 0x52, 0x0c, 0x51, 0xaa,
  0x4a, 0x0b, 0x4a, 0x0b, 0x51, 0xec, 0x59, 0xcb, 0x72, 0xee, 0xff, 0x1e,
  0xf7, 0x5d, 0xff, 0x3d, 0xf7, 0x7e, 0xf7, 0x5d, 0xf7, 0x5d, 0xff, 0x5d,
  0xf7, 0x7e, 0xf7, 0x5d, 0xf7, 0x5e, 0xf7, 0x5d, 0xf7, 0x7e, 0xf7, 0x3d,
  0xf7, 0x7e, 0xff, 0x5d, 0xf7, 0x7e, 0xff, 0xbe, 0xef, 0x5e, 0xd6, 0x5a,
  0xff, 0x39, 0xff, 0x39, 0xff, 0x7a, 0xff, 0xbb, 0xf7, 0x1a, 0xbd, 0x74,
  0x6b, 0x4e, 0x4a, 0x6b, 0x42, 0x2b, 0x3a, 0x0b, 0x42, 0x0a, 0x4a, 0x8c,
  0x62, 0xcd, 0x5a, 0xad, 0x4a, 0x6c, 0x3a, 0x0b, 0x29, 0xea, 0x29, 0xea,
  0x31, 0x88, 0x42, 0x4c, 0x5a, 0xcd, 0x31, 0xca, 0x73, 0x70, 0x42, 0x2b,
  0xcd, 0xb4, 0xff, 0x7c, 0xff, 0x1a, 0xff, 0x5a, 0xff, 0x3a, 0xff, 0x3b,
  0xff, 0x1a, 0xff, 0x3a, 0xff, 0x39, 0xff, 0x7a, 0xf7, 0x19, 0xe6, 0xf9,
  0xff, 0xbd, 0xff, 0x9d, 0xf7, 0x7b, 0xde, 0xd9, 0xf7, 0x19, 0xf7, 0x5a,
  0xff, 0x39, 0xf7, 0x3a, 0xff, 0x3a, 0xff, 0x3a, 0xff, 0x19, 0xff, 0x3a,
  0xff, 0x3a, 0xff, 0x3a, 0xff, 0x3a, 0xff, 0x5a, 0xff, 0x3a, 0xff, 0x5a,
  0xff, 0x3a, 0xff, 0x5b, 0xff, 0x5a, 0xff, 0x3a, 0xff, 0x3a, 0xff, 0x3a,
  0xff, 0x19, 0xff, 0x5a, 0xf7, 0x1c, 0x8b, 0xf0, 0xb5, 0x38, 0xc5, 0xfb,
  0xde, 0x9b, 0xf7, 0x7e, 0xf7, 0x1e, 0xd6, 0x3b, 0xdd, 0xda, 0xe6, 0x3c,
  0xde, 0x1b, 0xde, 0x1b, 0xc5, 0xda, 0xbd, 0xda, 0xc5, 0x9a, 0xc5, 0xfb,
  0xef, 0x5d, 0xff, 0xff, 0xff, 0x1e, 0x7a, 0xed, 0xfa, 0xf2, 0xf2, 0xb2,
  0xc2, 0x4f, 0xca, 0xb0, 0xfb, 0x33, 0xea, 0xd1, 0xfa, 0xf2, 0xfa, 0xf2,
  0xf2, 0x91, 0xfa, 0xf2, 0xea, 0x90, 0xfb, 0x33, 0xfa, 0xd1, 0xfa, 0xf2,
  0xfa, 0x91, 0xf2, 0xb1, 0xfa, 0xd2, 0xfa, 0xd2, 0xea, 0x50, 0xfb, 0x33,
  0xc2, 0xd0, 0xb2, 0x8f, 0xca, 0x4e, 0xeb, 0x94, 0xfa, 0xf2, 0xfa, 0xd2,
  0xfb, 0x13, 0xf2, 0xd2, 0xfb, 0x33, 0xfb, 0x53, 0xfb, 0x33, 0xfb, 0x94,
  0xfb, 0x12, 0xfb, 0x33, 0xf2, 0xb1, 0xf2, 0xd2, 0xf2, 0xd1, 0xfb, 0x13,
  0xf2, 0xd1, 0xf2, 0xd1, 0xfb, 0x12, 0xfa, 0xf2, 0xfa, 0xf3, 0xfa, 0xd2,
  0xe3, 0x32, 0xd2, 0xb0, 0x81, 0x6a, 0x9a, 0x8e, 0xea, 0xf2, 0xf3, 0x53,
  0xc1, 0xee, 0xda, 0xf2, 0xfa, 0xd2, 0xea, 0x30, 0xfb, 0x12, 0xf3, 0x12,
  0xea, 0x70, 0xfb, 0x33, 0xfa, 0xf2, 0xea, 0xb1, 0xfb, 0x74, 0xea, 0x91,
  0xf2, 0xb1, 0xfb, 0x54, 0xf2, 0xb1, 0xea, 0xb1, 0xfb, 0x13, 0xfb, 0x34,
  0xda, 0xd1, 0xc2, 0x2f, 0xfb, 0x94, 0xfb, 0x54, 0xe2, 0x90, 0xfb, 0xb4,
  0xfb, 0x94, 0xea, 0xf2, 0xea, 0xd1, 0xf3, 0x53, 0xfb, 0x32, 0xfb, 0x33,
  0xf2, 0xd1, 0xfb, 0x95, 0xfb, 0x73, 0xfb, 0xb4, 0xea, 0x4f, 0xfa, 0xf2,
  0xfb, 0x33, 0xf2, 0xd2, 0xe2, 0x90, 0xfb, 0x74, 0xfb, 0x74, 0xe2, 0x90,
  0xfa, 0xb1, 0xfb, 0x54, 0xfb, 0x33, 0xe2, 0x4f, 0xfb, 0x33, 0xfb, 0x33,
  0xe1, 0xee, 0xfa, 0xd2, 0xfb, 0x94, 0xea, 0x70, 0xfa, 0xb1, 0xfb, 0x33,
  0xea, 0xb1, 0xda, 0x4f, 0xaa, 0x6e, 0xa2, 0x4e, 0xa9, 0xac, 0xca, 0xd1,
  0xfb, 0x33, 0xea, 0x30, 0xfa, 0xd2, 0xfa, 0xd2, 0xf2, 0x70, 0xfa, 0xf3,
  0xfa, 0x50, 0xfa, 0x91, 0xfa, 0xf3, 0xe1, 0xef, 0xfa, 0xf2, 0xf2, 0xb1,
  0xf2, 0xb1, 0xfb, 0x33, 0xea, 0x4f, 0xfb, 0x54, 0xf2, 0x90, 0xfa, 0xf2,
  0xfb, 0x95, 0xe2, 0x2f, 0xfa, 0xd2, 0xfb, 0x13, 0xb2, 0xf0, 0x89, 0xcc,
  0x41, 0xa9, 0x52, 0x6c, 0x59, 0xcb, 0x51, 0xab, 0x8a, 0xcd, 0xd5, 0x78,
  0xff, 0xff, 0xf7, 0xbe, 0xff, 0xbe, 0xff, 0xdf, 0xff, 0xbf, 0xff, 0xdf,
  0xff, 0xdf, 0xff, 0xff, 0xff, 0xdf, 0xff, 0xdf, 0xff, 0xdf, 0xff, 0xdf,
  0xff, 0x9d, 0xf7, 0x7d, 0xff, 0x7c, 0xff, 0x9d, 0xee, 0xdb, 0xde, 0xbb,
  0xf7, 0x3a, 0xff, 0x1a, 0xff, 0x3a, 0xff, 0x19, 0xff, 0x3a, 0xff, 0x7b,
  0xef, 0x1b, 0xc5, 0x74, 0x73, 0xb0, 0x52, 0x6b, 0x3a, 0x4c, 0x31, 0xeb,
  0x32, 0x0b, 0x3a, 0x0b, 0x4a, 0x6c, 0x52, 0xad, 0x52, 0xad, 0x52, 0x8d,
  0x4a, 0x6c, 0x62, 0xee, 0x63, 0x50, 0x31, 0xa9, 0x42, 0x0a, 0x94, 0x73,
  0xff, 0x7c, 0xfe, 0xf9, 0xff, 0x3a, 0xff, 0x3a, 0xf7, 0x3a, 0xff, 0x3a,
  0xff, 0x3a, 0xff, 0x3a, 0xff, 0x3a, 0xff, 0x1a, 0xef, 0x3a, 0xef, 0x1a,
  0xf7, 0xbd, 0xef, 0x5c, 0xe6, 0xf9, 0xef, 0x39, 0xff, 0x3a, 0xff, 0x19,
  0xff, 0x3a, 0xff, 0x3a, 0xff, 0x5b, 0xff, 0x5a, 0xff, 0x3a, 0xff, 0x3a,
  0xff, 0x3a, 0xff, 0x3a, 0xff, 0x3a, 0xff, 0x1a, 0xff, 0x1a, 0xff, 0x1a,
  0xff, 0x5a, 0xff, 0x3a, 0xf7, 0x3a, 0xff, 0x1a, 0xff, 0x3b, 0xff, 0x3a,
  0xf7, 0x3a, 0xff, 0x7a, 0xde, 0xbb, 0x7b, 0x8e, 0xb5, 0x5b, 0xbd, 0x7b,
  0xb5, 0x79, 0xbd, 0x9a, 0xc5, 0xbb, 0xc5, 0x9a, 0xdd, 0xfb, 0xe6, 0x1b,
  0xde, 0x5c, 0xf6, 0xde, 0xbd, 0xba, 0xc5, 0xba, 0xc5, 0xdb, 0xcd, 0xba,
  0xc6, 0x3b, 0xf7, 0x9f, 0xe5, 0xba, 0x82, 0x8e, 0xfb, 0x34, 0xe2, 0x30,
  0xc2, 0x0f, 0xe2, 0xf2, 0xfb, 0x34, 0xf2, 0x91, 0xfa, 0xd3, 0xfa, 0x91,
  0xf2, 0xd2, 0xfb, 0x13, 0xea, 0x91, 0xfb, 0x13, 0xea, 0xd2, 0xfb, 0x53,
  0xea, 0xd2, 0xf2, 0xd2, 0xfa, 0xf3, 0xfa, 0xd2, 0xea, 0x71, 0xfa, 0xf2,
  0xc2, 0x90, 0xd2, 0xd1, 0xb2, 0x0e, 0xdb, 0x11, 0xfb, 0x34, 0xf2, 0xd2,
  0xfb, 0x13, 0xfa, 0xd2, 0xfb, 0x13, 0xfa, 0xf2, 0xf2, 0xf3, 0xfb, 0x13,
  0xf2, 0xd2, 0xfb, 0x13, 0xf2, 0xd2, 0xfa, 0xd2, 0xfa, 0xd2, 0xfa, 0xb2,
  0xfa, 0xf3, 0xfa, 0xb2, 0xf2, 0xf2, 0xfa, 0xf2, 0xfb, 0x13, 0xfa, 0xf2,
  0xe2, 0x91, 0xfb, 0x54, 0xb2, 0x0e, 0xca, 0x90, 0xe2, 0x91, 0xf2, 0xd2,
  0xc2, 0x2f, 0xda, 0xf1, 0xfa, 0xb2, 0xfa, 0x91, 0xea, 0x91, 0xfb, 0x75,
  0xea, 0x50, 0xfa, 0xf2, 0xfb, 0x13, 0xf2, 0x91, 0xfb, 0x13, 0xfb, 0x13,
  0xea, 0x71, 0xfb, 0x13, 0xfb, 0x54, 0xf2, 0xb1, 0xf2, 0xd2, 0xfb, 0x33,
  0xdb, 0x33, 0xb9, 0xee, 0xf3, 0x13, 0xfb, 0x74, 0xfb, 0x13, 0xf2, 0x91,
  0xfb, 0x13, 0xfb, 0x54, 0xf3, 0x13, 0xda, 0x2f, 0xf2, 0xf2, 0xfb, 0x74,
  0xf2, 0xb2, 0xf2, 0x50, 0xfb, 0x34, 0xfb, 0x13, 0xfa, 0xf3, 0xe9, 0xef,
  0xfb, 0x13, 0xfb, 0x95, 0xea, 0x71, 0xf2, 0x71, 0xfb, 0x74, 0xfb, 0x13,
  0xe2, 0x70, 0xfb, 0x13, 0xfb, 0x54, 0xf2, 0x91, 0xe2, 0x71, 0xfb, 0x54,
  0xfb, 0x13, 0xe2, 0x0f, 0xf2, 0xf3, 0xfb, 0x74, 0xea, 0x50, 0xfa, 0xb1,
  0xfb, 0x13, 0xfa, 0xf3, 0xa2, 0x4e, 0xa2, 0x0d, 0x89, 0xac, 0xa2, 0x2e,
  0xfb, 0x14, 0xfa, 0xf2, 0xea, 0x71, 0xfb, 0x34, 0xea, 0x91, 0xfa, 0xd2,
  0xfb, 0x34, 0xf2, 0x71, 0xfb, 0x13, 0xfa, 0xb1, 0xf2, 0x71, 0xfb, 0x13,
  0xe2, 0x50, 0xfb, 0x13, 0xf2, 0xb2, 0xf2, 0x91, 0xfb, 0x13, 0xea, 0x70,
  0xfb, 0x34, 0xf2, 0x91, 0xea, 0x50, 0xfb, 0x34, 0xea, 0x71, 0xf2, 0xb1,
  0x82, 0x6f, 0x61, 0x6a, 0x51, 0xec, 0x59, 0xcb, 0xd3, 0xb4, 0xcb, 0x32,
  0xef, 0x5e, 0xff, 0xff, 0xff, 0xff, 0xff, 0xff, 0xff, 0xff, 0xff, 0xff,
  0xff, 0xff, 0xff, 0xff, 0xff, 0xff, 0xff, 0xff, 0xff, 0xff, 0xff, 0xff,
  0xff, 0xff, 0xff, 0xdf, 0xff, 0x9e, 0xff, 0x9e, 0xd6, 0x9b, 0xe6, 0xbb,
  0xff, 0x3a, 0xff, 0x3a, 0xff, 0x39, 0xff, 0x5a, 0xff, 0x19, 0xff, 0x3a,
  0xff, 0x39, 0xff, 0x9b, 0xff, 0x5b, 0xd6, 0x36, 0x9c, 0x72, 0x6b, 0x2d,
  0x5a, 0xad, 0x4a, 0x4c, 0x42, 0x0a, 0x39, 0xeb, 0x39, 0xea, 0x3a, 0x4c,
  0x4a, 0x6b, 0x5b, 0x0e, 0x4a, 0xad, 0x19, 0x69, 0x5a, 0x6a, 0xef, 0x3d,
  0xff, 0x19, 0xff, 0x1a, 0xff, 0x1a, 0xf7, 0x3a, 0xff, 0x5a, 0xff, 0x5a,
  0xff, 0x19, 0xff, 0x5a, 0xff, 0x5a, 0xff, 0x5a, 0xef, 0x19, 0xf7, 0x7b,
  0xff, 0x9c, 0xe6, 0xfa, 0xf6, 0xf8, 0xf7, 0x39, 0xff, 0x3a, 0xff, 0x3a,
  0xff, 0x3a, 0xff, 0x5a, 0xff, 0x39, 0xff, 0x3a, 0xff, 0x3a, 0xff, 0x5a,
  0xff, 0x3a, 0xf7, 0x19, 0xff, 0x3a, 0xff, 0x5a, 0xff, 0x3a, 0xff, 0x3a,
  0xff, 0x5a, 0xff, 0x3a, 0xff, 0x3a, 0xff, 0x3a, 0xff, 0x3a, 0xff, 0x5a,
  0xff, 0x39, 0xff, 0x9b, 0xde, 0x78, 0x83, 0xee, 0xef, 0x1e, 0xe6, 0xfe,
  0xd6, 0x5c, 0xc5, 0xda, 0xc5, 0xba, 0xbd, 0x9a, 0xc5, 0x79, 0xc5, 0xdb,
  0xd6, 0x3b, 0xef, 0x3f, 0xc5, 0xda, 0xc5, 0xda, 0xcd, 0xda, 0xc5, 0xdb,
  0xbd, 0xda, 0xc6, 0x5c, 0xe4, 0x96, 0xab, 0x10, 0xfb, 0x53, 0xda, 0x70,
  0xe2, 0xb1, 0xea, 0xf2, 0xfa, 0xf2, 0xf2, 0x71, 0xfb, 0x33, 0xf2, 0xf2,
  0xfa, 0xd2, 0xfa, 0xf3, 0xfa, 0xd1, 0xfb, 0x54, 0xfa, 0xf2, 0xfb, 0x33,
  0xfa, 0xd1, 0xfb, 0x13, 0xf2, 0xd1, 0xf2, 0xd2, 0xf2, 0x70, 0xfb, 0x13,
  0xca, 0x4f, 0xd2, 0xd1, 0xd2, 0xb1, 0xdb, 0x12, 0xfa, 0xf2, 0xea, 0xb1,
  0xfb, 0x73, 0xf2, 0xf2, 0xf2, 0x90, 0xfb, 0x53, 0xfa, 0xd2, 0xfa, 0xd2,
  0xf2, 0xb1, 0xfb, 0x54, 0xfa, 0xd1, 0xfa, 0xf2, 0xfa, 0xd2, 0xfb, 0x33,
  0xfa, 0xf2, 0xf2, 0xb1, 0xfb, 0x12, 0xfb, 0x13, 0xfa, 0xd2, 0xfb, 0x33,
  0xf2, 0x70, 0xfb, 0x54, 0xb1, 0xee, 0xc2, 0xb1, 0xfa, 0xd2, 0xf2, 0xd2,
  0xc2, 0x0d, 0xe3, 0x32, 0xfa, 0xb1, 0xfb, 0x54, 0xea, 0x50, 0xfb, 0x33,
  0xfa, 0x91, 0xf2, 0x70, 0xfb, 0x74, 0xfb, 0x74, 0xea, 0x70, 0xfb, 0x33,
  0xfb, 0x12, 0xf2, 0xf2, 0xfb, 0x33, 0xfb, 0x33, 0xfa, 0xb1, 0xfb, 0x33,
  0xdb, 0x12, 0xc2, 0x90, 0xea, 0x70, 0xfb, 0x33, 0xfb, 0x13, 0xfa, 0xf3,
  0xf2, 0x90, 0xfb, 0x74, 0xfb, 0x94, 0xda, 0x70, 0xda, 0x0e, 0xf2, 0xf2,
  0xfb, 0x94, 0xf2, 0xb1, 0xf2, 0x90, 0xfb, 0x33, 0xfb, 0x53, 0xf3, 0x12,
  0xea, 0x4f, 0xfb, 0x53, 0xfb, 0x53, 0xf2, 0xd2, 0xf2, 0x91, 0xfb, 0xb5,
  0xfa, 0xf2, 0xda, 0x0f, 0xfb, 0x33, 0xfb, 0x74, 0xf2, 0x70, 0xea, 0x70,
  0xfb, 0x33, 0xfb, 0x33, 0xea, 0x6f, 0xfb, 0x13, 0xfb, 0x33, 0xea, 0x91,
  0xf3, 0x53, 0xe2, 0xf2, 0xa2, 0x0d, 0x99, 0xcc, 0x91, 0xcc, 0x91, 0xed,
  0xf2, 0xb1, 0xfb, 0x53, 0xea, 0x70, 0xfb, 0x74, 0xfb, 0x33, 0xe2, 0x70,
  0xfb, 0x53, 0xf2, 0xd2, 0xfa, 0xb1, 0xfb, 0x13, 0xf2, 0x50, 0xfb, 0x33,
  0xfa, 0x70, 0xea, 0x50, 0xfb, 0x33, 0xea, 0x50, 0xfb, 0x33, 0xea, 0x91,
  0xfa, 0xf2, 0xfb, 0x75, 0xd9, 0xee, 0xfb, 0x33, 0xfa, 0xf2, 0xea, 0x50,
  0xfb, 0x53, 0xd2, 0x2f, 0x6a, 0x0b, 0x61, 0xeb, 0xf2, 0xf2, 0xea, 0xf3,
  0xa4, 0x34, 0xde, 0x3c, 0xe6, 0xfd, 0xe7, 0x1e, 0xef, 0x5d, 0xff, 0xdf,
  0xff, 0xff, 0xff, 0xff, 0xff, 0xff, 0xff, 0xff, 0xff, 0xff, 0xff, 0xff,
  0xff, 0xff, 0xff, 0xff, 0xff, 0xff, 0xff, 0xff, 0xd6, 0x9a, 0xef, 0x5d,
  0xff, 0x3a, 0xff, 0x3a, 0xff, 0x3a, 0xff, 0x19, 0xff, 0x3a, 0xff, 0x1a,
  0xff, 0x3a, 0xfe, 0xf9, 0xf7, 0x3a, 0xff, 0x7b, 0xff, 0x9c, 0xf7, 0x19,
  0xce, 0x17, 0xb5, 0x13, 0x73, 0xd0, 0x63, 0x0d, 0x4a, 0x8d, 0x42, 0x0a,
  0x42, 0x0b, 0x39, 0xca, 0x29, 0x89, 0x52, 0xad, 0xce, 0x36, 0xff, 0x7b,
  0xff, 0x39, 0xff, 0x19, 0xff, 0x3a, 0xff, 0x5a, 0xff, 0x5b, 0xff, 0x3b,
  0xff, 0x3a, 0xff, 0x1a, 0xf7, 0x3a, 0xff, 0x3a, 0xe7, 0x1b, 0xf7, 0x7c,
  0xe7, 0x1a, 0xe6, 0xd9, 0xff, 0x3a, 0xfe, 0xf9, 0xff, 0x5b, 0xff, 0x3a,
  0xff, 0x5b, 0xff, 0x3a, 0xff, 0x5a, 0xff, 0x3a, 0xff, 0x3a, 0xff, 0x3a,
  0xf7, 0x3a, 0xff, 0x1a, 0xff, 0x3a, 0xff, 0x3a, 0xff, 0x3a, 0xff, 0x3a,
  0xf7, 0x3a, 0xff, 0x3a, 0xff, 0x3a, 0xff, 0x3a, 0xf7, 0x3a, 0xff, 0x1a,
  0xff, 0x5a, 0xff, 0x7a, 0xd6, 0x5a, 0x83, 0xd0, 0xce, 0x3d, 0xce, 0x1c,
  0xce, 0x1b, 0xc5, 0xda, 0xc5, 0xbb, 0xc5, 0xbb, 0xbd, 0xbb, 0xbd, 0x9a,
  0xb5, 0x7a, 0xc5, 0xba, 0xc5, 0xfb, 0xc5, 0xba, 0xbd, 0x9b, 0xc5, 0xbb,
  0xb5, 0xbb, 0xc5, 0xfb, 0xd4, 0x35, 0xb3, 0x11, 0xeb, 0x74, 0xd2, 0x4f,
  0xea, 0xf3, 0xea, 0xd2, 0xfb, 0x13, 0xf2, 0x70, 0xfb, 0x13, 0xf2, 0xb1,
  0xf2, 0xd2, 0xfa, 0xb2, 0xea, 0xb2, 0xfb, 0x54, 0xf2, 0xf2, 0xfa, 0xf2,
  0xf2, 0x92, 0xfa, 0x91, 0xfb, 0x13, 0xfa, 0xf2, 0xe2, 0x70, 0xfb, 0x13,
  0xca, 0x50, 0xda, 0xb1, 0xd2, 0xf2, 0xb1, 0xed, 0xe3, 0x12, 0xeb, 0x12,
  0xfb, 0x74, 0xfa, 0xd2, 0xf2, 0xd2, 0xfb, 0x13, 0xf3, 0x13, 0xfb, 0x33,
  0xfb, 0x13, 0xfb, 0x13, 0xf2, 0xb2, 0xfa, 0xb2, 0xf2, 0xd2, 0xfa, 0xd2,
  0xea, 0x71, 0xfa, 0xf2, 0xf2, 0xb2, 0xfa, 0xf2, 0xea, 0x91, 0xfb, 0x13,
  0xe2, 0xb1, 0xfb, 0x54, 0x89, 0xcc, 0xaa, 0x8f, 0xf2, 0xf3, 0xf2, 0xd2,
  0xc2, 0x0f, 0xe2, 0xf2, 0xfa, 0xf3, 0xfa, 0xf3, 0xf2, 0x91, 0xf2, 0x91,
  0xfb, 0x34, 0xea, 0x50, 0xfb, 0x13, 0xfb, 0x34, 0xea, 0xb1, 0xfa, 0xf2,
  0xfb, 0x95, 0xf2, 0xd2, 0xf2, 0xd2, 0xfb, 0x33, 0xf2, 0xb2, 0xfa, 0xb2,
  0xb2, 0xd1, 0xa2, 0x0d, 0xf3, 0x33, 0xea, 0xd2, 0xfb, 0xb5, 0xfb, 0x33,
  0xe2, 0x50, 0xfa, 0xb2, 0xfb, 0x95, 0xfb, 0x54, 0xda, 0x50, 0xea, 0x70,
  0xfb, 0x95, 0xfb, 0xd5, 0xea, 0x91, 0xfa, 0xf2, 0xfb, 0x33, 0xfb, 0x54,
  0xf2, 0xd2, 0xea, 0x50, 0xfb, 0x34, 0xfb, 0x53, 0xea, 0x91, 0xf2, 0x91,
  0xfa, 0xf3, 0xfa, 0x71, 0xe2, 0x30, 0xfb, 0x34, 0xfb, 0x74, 0xea, 0x70,
  0xea, 0x91, 0xfb, 0x74, 0xf2, 0xd2, 0xea, 0x70, 0xfb, 0x13, 0xfb, 0x75,
  0xc2, 0x50, 0xb9, 0xcd, 0xf3, 0x34, 0xe2, 0x91, 0x91, 0xed, 0x91, 0xcc,
  0xda, 0x2f, 0xf2, 0xf2, 0xfa, 0xf3, 0xf2, 0x91, 0xfb, 0xb5, 0xea, 0x70,
  0xfa, 0xd3, 0xfa, 0xd2, 0xea, 0x50, 0xfb, 0x33, 0xea, 0x71, 0xf2, 0x91,
  0xfb, 0x13, 0xea, 0x30, 0xfb, 0x13, 0xea, 0x2f, 0xea, 0xb2, 0xfb, 0x13,
  0xea, 0xb2, 0xfb, 0x34, 0xf2, 0xd2, 0xea, 0x70, 0xfb, 0xd6, 0xe2, 0x70,
  0xfa, 0xf3, 0xfa, 0xb2, 0xc2, 0xf1, 0xa9, 0xcd, 0xd2, 0x0f, 0xfb, 0x33,
  0xb3, 0xb4, 0xe4, 0xf9, 0xc5, 0x7a, 0xd5, 0xdb, 0xcd, 0xda, 0xdd, 0xfa,
  0xde, 0x9c, 0xee, 0xfe, 0xf7, 0x9e, 0xff, 0xff, 0xff, 0xff, 0xff, 0xff,
  0xff, 0xff, 0xff, 0xdf, 0xff, 0xff, 0xff, 0xff, 0xce, 0x7a, 0xf7, 0x7e,
  0xff, 0x3a, 0xff, 0x5a, 0xff, 0x39, 0xff, 0x5a, 0xff, 0x3a, 0xff, 0x3a,
  0xff, 0x3a, 0xf7, 0x3a, 0xff, 0x3a, 0xff, 0x3a, 0xff, 0x39, 0xff, 0x5a,
  0xff, 0x9b, 0xff, 0x9b, 0xff, 0x5a, 0xee, 0xb8, 0xcd, 0xd6, 0xb5, 0x13,
  0x9c, 0x92, 0x94, 0x92, 0xc5, 0x94, 0xf7, 0x5b, 0xff, 0x7a, 0xff, 0x39,
  0xff, 0x3a, 0xff, 0x5b, 0xff, 0x19, 0xff, 0x3a, 0xff, 0x3a, 0xff, 0x5a,
  0xff, 0x3a, 0xff, 0x3a, 0xff, 0x5a, 0xef, 0x19, 0xf7, 0x5b, 0xf7, 0x9c,
  0xe6, 0xb7, 0xf7, 0x5a, 0xff, 0x3a, 0xff, 0x5b, 0xff, 0x3a, 0xff, 0x5a,
  0xff, 0x19, 0xff, 0x3a, 0xff, 0x3a, 0xff, 0x3a, 0xff, 0x39, 0xff, 0x7b,
  0xff, 0x3a, 0xff, 0x3a, 0xff, 0x39, 0xff, 0x5a, 0xff, 0x3a, 0xff, 0x5a,
  0xff, 0x3a, 0xff, 0x3a, 0xff, 0x39, 0xff, 0x3a, 0xff, 0x19, 0xff, 0x5a,
  0xff, 0x19, 0xff, 0x9b, 0xcd, 0xf7, 0x8c, 0x51, 0xd6, 0x7b, 0xd6, 0x7c,
  0xde, 0x7c, 0xc5, 0xfb, 0xbd, 0x5a, 0xbd, 0x9b, 0xcd, 0xdb, 0xc5, 0xdb,
  0xc5, 0xba, 0xc5, 0xdb, 0xce, 0x1b, 0xbd, 0xda, 0xc5, 0x9a, 0xbd, 0x9a,
  0xbd, 0xda, 0xbe, 0x1c, 0xcb, 0x52, 0xc3, 0x32, 0xea, 0xf2, 0xca, 0x2f,
  0xfb, 0x53, 0xe2, 0xd1, 0xfb, 0x33, 0xf2, 0xd2, 0xfb, 0x12, 0xf2, 0xf2,
  0xfa, 0xb1, 0xf2, 0x91, 0xf2, 0x91, 0xfb, 0x13, 0xea, 0x70, 0xfb, 0x13,
  0xf2, 0xb1, 0xf2, 0xd2, 0xfa, 0xf2, 0xfa, 0xf2, 0xf2, 0x90, 0xfa, 0xf2,
  0xda, 0x70, 0xd2, 0x50, 0xeb, 0x53, 0xb1, 0xad, 0xe2, 0x91, 0xeb, 0x13,
  0xfa, 0xd2, 0xfa, 0xf2, 0xfb, 0x32, 0xfb, 0x33, 0xf2, 0xb1, 0xfb, 0x33,
  0xfa, 0xd2, 0xfa, 0xf2, 0xfa, 0xb1, 0xf2, 0xd2, 0xf2, 0xd1, 0xfb, 0x33,
  0xf2, 0x70, 0xfa, 0xf2, 0xfa, 0xb1, 0xfb, 0x33, 0xfa, 0xb1, 0xfb, 0x33,
  0xeb, 0x12, 0xf3, 0x74, 0xa1, 0xec, 0xc3, 0x32, 0xfb, 0x53, 0xf2, 0xd2,
  0xca, 0x6f, 0xd2, 0xb1, 0xfa, 0xf2, 0xf2, 0xb1, 0xfb, 0x12, 0xf2, 0x91,
  0xfb, 0x74, 0xfb, 0x33, 0xf2, 0xb1, 0xfb, 0x95, 0xfa, 0xd2, 0xe2, 0x0f,
  0xfb, 0x12, 0xfb, 0x33, 0xf2, 0x70, 0xfb, 0x13, 0xfb, 0x13, 0xf2, 0xb1,
  0x9a, 0x6e, 0x81, 0xcc, 0xd2, 0x90, 0xe3, 0x53, 0xfa, 0xb1, 0xfb, 0x54,
  0xfb, 0x12, 0xe2, 0x70, 0xfb, 0x33, 0xfb, 0x13, 0xf2, 0xd1, 0xf3, 0x33,
  0xf2, 0xf2, 0xfb, 0x95, 0xfb, 0x33, 0xe2, 0x50, 0xfa, 0xd1, 0xfb, 0x13,
  0xfb, 0x54, 0xf2, 0x91, 0xf2, 0x91, 0xfb, 0x54, 0xfb, 0x33, 0xe2, 0x70,
  0xfa, 0xd1, 0xfb, 0x54, 0xf2, 0x70, 0xea, 0x91, 0xfb, 0x74, 0xfb, 0x33,
  0xf2, 0xb0, 0xfb, 0x33, 0xfb, 0x53, 0xfa, 0xd2, 0xea, 0x90, 0xf3, 0x13,
  0xd2, 0x0e, 0xda, 0x91, 0xfb, 0x33, 0xfb, 0x95, 0xbb, 0x10, 0x89, 0xab,
  0xc2, 0x2e, 0xca, 0xb0, 0xfa, 0xd2, 0xf2, 0x50, 0xfb, 0x33, 0xf2, 0xf2,
  0xf2, 0x30, 0xfb, 0x13, 0xf2, 0x90, 0xf2, 0xd2, 0xfb, 0x13, 0xea, 0x30,
  0xfb, 0x33, 0xf2, 0xd2, 0xfa, 0xb2, 0xfa, 0xd2, 0xea, 0x30, 0xfb, 0x34,
  0xf2, 0x2f, 0xf2, 0x91, 0xfb, 0x54, 0xf2, 0xb1, 0xfb, 0x33, 0xf2, 0xb1,
  0xea, 0x70, 0xfa, 0xf2, 0xea, 0x0f, 0xfb, 0x34, 0xfa, 0x70, 0xfa, 0xb1,
  0xcb, 0x92, 0xec, 0xb7, 0xd5, 0xd9, 0xd5, 0xda, 0xed, 0xfb, 0xee, 0x3d,
  0xdd, 0xda, 0xd5, 0xdb, 0xd6, 0x1a, 0xde, 0xbd, 0xff, 0x7e, 0xff, 0xff,
  0xff, 0xff, 0xff, 0xff, 0xff, 0xff, 0xff, 0xff, 0xce, 0x18, 0xf7, 0xbf,
  0xf7, 0x3a, 0xff, 0x3a, 0xf7, 0x3a, 0xff, 0x3a, 0xff, 0x3a, 0xff, 0x1a,
  0xf7, 0x1a, 0xf6, 0xd9, 0xf7, 0x3a, 0xff, 0x3a, 0xf7, 0x19, 0xff, 0x19,
  0xff, 0x5a, 0xff, 0x3a, 0xf7, 0x3a, 0xff, 0x5b, 0xff, 0x7b, 0xff, 0x7b,
  0xff, 0x9b, 0xff, 0x9b, 0xff, 0x9b, 0xff, 0x39, 0xf7, 0x1a, 0xff, 0x19,
  0xf7, 0x3a, 0xff, 0x5a, 0xf6, 0xfa, 0xfe, 0xf9, 0xf7, 0x3a, 0xff, 0x3a,
  0xff, 0x5b, 0xff, 0x3a, 0xf7, 0x5a, 0xee, 0xd9, 0xf7, 0xbc, 0xe6, 0xf9,
  0xee, 0xf8, 0xff, 0x59, 0xff, 0x5b, 0xff, 0x3a, 0xff, 0x5b, 0xff, 0x19,
  0xff, 0x5b, 0xff, 0x3a, 0xff, 0x3a, 0xff, 0x5a, 0xff, 0x5b, 0xff, 0x5a,
  0xff, 0x3a, 0xff, 0x3a, 0xff, 0x5b, 0xff, 0x1a, 0xff, 0x5b, 0xff, 0x3a,
  0xff, 0x5b, 0xff, 0x3a, 0xf7, 0x3a, 0xff, 0x19, 0xf6, 0xf9, 0xff, 0x1a,
  0xff, 0x3a, 0xff, 0x5a, 0xc5, 0xd7, 0xa4, 0xd3, 0xe7, 0x3f, 0xde, 0x9c,
  0xd6, 0x5d, 0xc5, 0xda, 0xc5, 0xdb, 0xc5, 0xbb, 0xbd, 0xbb, 0xc5, 0xba,
  0xbd, 0x9b, 0xc5, 0x9b, 0xbd, 0xba, 0xd6, 0x1c, 0xe6, 0xbe, 0xcd, 0xda,
  0xbd, 0xbb, 0xbd, 0x7a, 0xd3, 0x33, 0xd3, 0x33, 0xd2, 0x70, 0xd2, 0x2f,
  0xfb, 0x13, 0xf2, 0xb1, 0xfb, 0x33, 0xf2, 0x91, 0xfb, 0x13, 0xf2, 0x70,
  0xf2, 0x71, 0xfa, 0xb2, 0xea, 0xb2, 0xfb, 0x13, 0xe2, 0x50, 0xfb, 0x33,
  0xf2, 0x91, 0xfa, 0x71, 0xea, 0x71, 0xfa, 0xb2, 0xea, 0x91, 0xfb, 0x33,
  0xda, 0xf2, 0xca, 0x4f, 0xeb, 0x13, 0xe2, 0xb1, 0xc1, 0xee, 0xe2, 0xf2,
  0xf2, 0xb2, 0xfa, 0xd2, 0xf2, 0xd2, 0xfa, 0xd2, 0xf2, 0xd2, 0xfb, 0x13,
  0xea, 0xb1, 0xfa, 0xf2, 0xf2, 0xf3, 0xf2, 0xd2, 0xea, 0xf2, 0xfb, 0x33,
  0xf2, 0x91, 0xfa, 0xf3, 0xf3, 0x13, 0xfb, 0x94, 0xf2, 0xb2, 0xfa, 0xd2,
  0xe2, 0x50, 0xfb, 0x54, 0xc2, 0xb1, 0xca, 0xb1, 0xfb, 0x33, 0xf2, 0xd2,
  0xd2, 0xf2, 0xb1, 0xed, 0xfb, 0x34, 0xe2, 0x0f, 0xfb, 0x34, 0xfa, 0xd2,
  0xea, 0x91, 0xfb, 0x74, 0xea, 0x50, 0xf2, 0x71, 0xfb, 0x34, 0xf2, 0x91,
  0xf2, 0xb1, 0xfb, 0x13, 0xf2, 0xd2, 0xf2, 0xb1, 0xfb, 0x13, 0xfa, 0xd2,
  0xb2, 0xb1, 0xaa, 0x2e, 0x9a, 0x2d, 0xe4, 0x56, 0xea, 0xd2, 0xfa, 0xf2,
  0xfb, 0x75, 0xfa, 0xf3, 0xe2, 0x0f, 0xfa, 0xd2, 0xe2, 0xd1, 0xfb, 0x53,
  0xe2, 0x91, 0xf2, 0xf2, 0xfb, 0x95, 0xfb, 0x33, 0xea, 0xb1, 0xfb, 0x33,
  0xfb, 0x74, 0xfb, 0x54, 0xf2, 0xd2, 0xf2, 0x91, 0xfb, 0x74, 0xfb, 0x54,
  0xe2, 0x91, 0xfb, 0x54, 0xfa, 0xf3, 0xf2, 0x50, 0xea, 0xb1, 0xfb, 0x74,
  0xfb, 0xb5, 0xda, 0x2f, 0xfb, 0x13, 0xfb, 0x33, 0xda, 0xf2, 0xb1, 0x6c,
  0xea, 0xb2, 0xf2, 0xf2, 0xf2, 0x71, 0xfa, 0xd2, 0xe3, 0xd5, 0xa1, 0xac,
  0x89, 0x4b, 0xc2, 0xb0, 0xfa, 0xb2, 0xfa, 0xd2, 0xe2, 0x71, 0xfb, 0x34,
  0xea, 0x30, 0xfa, 0xd2, 0xfa, 0xf3, 0xea, 0x2f, 0xfb, 0x54, 0xf2, 0x50,
  0xf3, 0x54, 0xfb, 0x94, 0xe2, 0x30, 0xfb, 0x54, 0xea, 0x50, 0xfa, 0xb1,
  0xf2, 0x91, 0xea, 0x0f, 0xfb, 0x54, 0xf2, 0x91, 0xea, 0x71, 0xfb, 0x54,
  0xe2, 0x50, 0xfb, 0x13, 0xea, 0xb2, 0xf2, 0xb1, 0xfb, 0x33, 0xea, 0x70,
  0xe3, 0x13, 0xe2, 0xd1, 0xbd, 0x9a, 0xd5, 0xfb, 0xde, 0x1c, 0xe6, 0x1c,
  0xe6, 0x3c, 0xe6, 0x1b, 0xde, 0x1b, 0xe6, 0x1b, 0xde, 0x3b, 0xe6, 0x5c,
  0xf7, 0x9f, 0xff, 0xff, 0xff, 0xff, 0xff, 0xbf, 0xce, 0x7a, 0xff, 0xff,
  0xff, 0x3a, 0xff, 0x5a, 0xff, 0x39, 0xff, 0x5a, 0xff, 0x3a, 0xff, 0x5a,
  0xff, 0x3a, 0xf7, 0x1a, 0xff, 0x3a, 0xff, 0x5a, 0xff, 0x3a, 0xff, 0x3a,
  0xff, 0x3a, 0xff, 0x3a, 0xff, 0x39, 0xff, 0x3a, 0xff, 0x1a, 0xf6, 0xf9,
  0xff, 0x19, 0xff, 0x1a, 0xff, 0x39, 0xff, 0x3a, 0xff, 0x1a, 0xff, 0x3b,
  0xff, 0x39, 0xff, 0x5a, 0xff, 0x3a, 0xff, 0x3a, 0xff, 0x3a, 0xff, 0x3a,
  0xff, 0x3a, 0xff, 0x5b, 0xf7, 0x3a, 0xef, 0x3a, 0xf7, 0x7a, 0xde, 0xb8,
  0xff, 0x18, 0xff, 0x5a, 0xff, 0x3a, 0xff, 0x5a, 0xff, 0x3a, 0xff, 0x3a,
  0xff, 0x3a, 0xff, 0x5a, 0xff, 0x5a, 0xff, 0x5a, 0xff, 0x3a, 0xff, 0x5a,
  0xff, 0x19, 0xf7, 0x3a, 0xff, 0x5a, 0xff, 0x5a, 0xff, 0x5a, 0xff, 0x5a,
  0xff, 0x3a, 0xff, 0x5a, 0xff, 0x3a, 0xff, 0x3a, 0xff, 0x19, 0xff, 0x5b,
  0xff, 0x19, 0xff, 0xbb, 0xbd, 0x77, 0x7b, 0x90, 0xc5, 0x9b, 0xc5, 0xdd,
  0xde, 0x9d, 0xce, 0x1b, 0xc5, 0xbb, 0xbd, 0xbb, 0xc5, 0x9a, 0xc5, 0xfb,
  0xcd, 0xda, 0xc5, 0xdb, 0xcd, 0xda, 0xd6, 0x1c, 0xe6, 0x3b, 0xde, 0x3b,
  0xde, 0x5c, 0xd6, 0x3b, 0xd3, 0x12, 0xd3, 0x53, 0xd1, 0xee, 0xda, 0x70,
  0xfb, 0x53, 0xf3, 0x12, 0xfb, 0x12, 0xea, 0x91, 0xfa, 0xf2, 0xf2, 0xb1,
  0xfa, 0x91, 0xfa, 0xd2, 0xfa, 0xb1, 0xfb, 0x74, 0xf2, 0x50, 0xfa, 0xf3,
  0xf2, 0x70, 0xfa, 0xd2, 0xfa, 0x91, 0xf2, 0x91, 0xea, 0x50, 0xfa, 0xf2,
  0xe3, 0x32, 0xc2, 0x4f, 0xf2, 0xf2, 0xfb, 0x33, 0xaa, 0x0d, 0xc3, 0x11,
  0xfa, 0xd2, 0xfa, 0xd2, 0xfb, 0x12, 0xfa, 0xf2, 0xf3, 0x12, 0xfb, 0x53,
  0xfa, 0xb1, 0xfa, 0xf2, 0xfa, 0xb1, 0xfb, 0x13, 0xfb, 0x33, 0xfb, 0x53,
  0xf2, 0xb1, 0xfa, 0xf2, 0xf2, 0xd1, 0xfb, 0x54, 0xfa, 0x91, 0xfb, 0x13,
  0xea, 0x0f, 0xfa, 0xd2, 0xc2, 0x4f, 0xc2, 0x4f, 0xfa, 0xf2, 0xf2, 0x71,
  0xe3, 0x32, 0xa9, 0xac, 0xfb, 0x53, 0xea, 0xd1, 0xfa, 0xd1, 0xfb, 0x74,
  0xea, 0x50, 0xfb, 0x13, 0xfa, 0xf2, 0xea, 0x70, 0xfb, 0x13, 0xfb, 0x74,
  0xfa, 0xb1, 0xfa, 0xd2, 0xfb, 0x13, 0xea, 0x50, 0xfa, 0xd2, 0xfb, 0x33,
  0xdb, 0x12, 0xa9, 0xad, 0xba, 0x6e, 0xec, 0x36, 0xfa, 0xf2, 0xea, 0x70,
  0xfb, 0x53, 0xfb, 0x74, 0xf2, 0x70, 0xf2, 0x91, 0xf3, 0x12, 0xf3, 0x53,
  0xfb, 0x53, 0xea, 0xd1, 0xfb, 0x33, 0xfb, 0x94, 0xfa, 0xf2, 0xe2, 0x0f,
  0xfb, 0xb4, 0xfb, 0xb5, 0xfb, 0x53, 0xe2, 0x90, 0xfa, 0xf2, 0xfb, 0x74,
  0xfa, 0xd1, 0xea, 0x70, 0xfa, 0xf2, 0xfa, 0xd2, 0xf2, 0x70, 0xf2, 0x91,
  0xfb, 0x13, 0xfa, 0xb2, 0xea, 0x0f, 0xfb, 0x13, 0xca, 0x4f, 0xc2, 0x4f,
  0xea, 0xb1, 0xfb, 0x74, 0xfa, 0xf2, 0xe2, 0x50, 0xfb, 0x53, 0xeb, 0x12,
  0x89, 0xab, 0x9a, 0x6e, 0xfa, 0xd2, 0xfb, 0x74, 0xea, 0x0f, 0xfa, 0xd2,
  0xfa, 0xb1, 0xea, 0x50, 0xfb, 0x33, 0xea, 0x70, 0xfa, 0x91, 0xfa, 0xd2,
  0xea, 0x90, 0xfb, 0x74, 0xea, 0x50, 0xfa, 0xf2, 0xfa, 0xf2, 0xe2, 0x0f,
  0xfa, 0xf3, 0xf2, 0x50, 0xfa, 0xf2, 0xfb, 0x33, 0xe2, 0x90, 0xfb, 0x94,
  0xfa, 0xb1, 0xea, 0x91, 0xfa, 0xf2, 0xea, 0x91, 0xfb, 0x94, 0xea, 0xd2,
  0xfa, 0xb2, 0xea, 0x71, 0xac, 0x55, 0xee, 0x5d, 0xde, 0xbc, 0xe7, 0x3e,
  0xe6, 0x7c, 0xd6, 0x3b, 0xee, 0x3b, 0xe6, 0x3c, 0xe5, 0xfb, 0xee, 0x3c,
  0xde, 0x1a, 0xee, 0xfe, 0xff, 0xff, 0xf7, 0x7e, 0xde, 0x9a, 0xff, 0xff,
  0xff, 0x5a, 0xff, 0x5a, 0xff, 0x3a, 0xff, 0x3a, 0xff, 0x3a, 0xff, 0x3a,
  0xf7, 0x1a, 0xfe, 0xf9, 0xf7, 0x3a, 0xff, 0x3a, 0xf7, 0x3a, 0xff, 0x3a,
  0xff, 0x3b, 0xff, 0x3b, 0xff, 0x3b, 0xff, 0x1a, 0xf7, 0x1a, 0xff, 0x3a,
  0xff, 0x5a, 0xff, 0x3a, 0xff, 0x5a, 0xff, 0x5a, 0xff, 0x3a, 0xff, 0x1a,
  0xff, 0x1b, 0xff, 0x3b, 0xff, 0x3b, 0xff, 0x1a, 0xff, 0x5a, 0xff, 0x39,
  0xf7, 0x19, 0xff, 0x3a, 0xef, 0x3a, 0xff, 0x9c, 0xe6, 0xf8, 0xef, 0x19,
  0xff, 0x5b, 0xff, 0x3a, 0xff, 0x3a, 0xff, 0x3a, 0xff, 0x5b, 0xff, 0x5a,
  0xf7, 0x3a, 0xff, 0x3a, 0xff, 0x5b, 0xff, 0x3a, 0xf7, 0x3a, 0xff, 0x3a,
  0xff, 0x5b, 0xff, 0x3a, 0xff, 0x3a, 0xff, 0x3a, 0xff, 0x5b, 0xff, 0x3a,
  0xff, 0x3a, 0xff, 0x3a, 0xff, 0x3a, 0xff, 0x1a, 0xf7, 0x3a, 0xff, 0x39,
  0xff, 0x3a, 0xff, 0x7b, 0xbd, 0x96, 0xa4, 0xd2, 0xef, 0x7f, 0xef, 0x3e,
  0xde, 0xbd, 0xcd, 0xfa, 0xc5, 0xfb, 0xce, 0x1b, 0xc5, 0xdb, 0xc5, 0xba,
  0xc5, 0xdb, 0xc5, 0xdb, 0xc5, 0xbb, 0xcd, 0xbb, 0xe6, 0x1b, 0xe6, 0x1b,
  0xde, 0x5c, 0xd5, 0xda, 0xb2, 0x6f, 0xd3, 0x52, 0xc2, 0x0e, 0xe2, 0xd1,
  0xfb, 0x74, 0xea, 0x90, 0xfb, 0x13, 0xf2, 0xb2, 0xfa, 0xf3, 0xf2, 0xb1,
  0xf2, 0xd2, 0xfa, 0xd2, 0xf2, 0xd2, 0xfb, 0x13, 0xea, 0x50, 0xfb, 0x13,
  0xea, 0x51, 0xf2, 0x91, 0xf2, 0xb2, 0xfa, 0xd2, 0xea, 0x71, 0xfa, 0xd2,
  0xda, 0xf2, 0xc1, 0xcd, 0xfb, 0x13, 0xfb, 0x34, 0xca, 0xb1, 0xba, 0x2e,
  0xf2, 0xf3, 0xf2, 0xb2, 0xf3, 0x13, 0xfa, 0xf2, 0xfa, 0xf3, 0xfa, 0xd2,
  0xf2, 0xd2, 0xfa, 0xb2, 0xfa, 0xf3, 0xf2, 0xb1, 0xf2, 0xf2, 0xfb, 0x13,
  0xf2, 0xf2, 0xfa, 0xf2, 0xf2, 0xd2, 0xfb, 0x54, 0xea, 0xd2, 0xfb, 0x95,
  0xf2, 0xf2, 0xf2, 0xb1, 0xc2, 0x50, 0xc2, 0x2f, 0xfb, 0x34, 0xea, 0x0f,
  0xe3, 0x53, 0xb9, 0xcd, 0xda, 0xf2, 0xf3, 0x94, 0xe2, 0x30, 0xfb, 0x13,
  0xfb, 0x13, 0xea, 0x50, 0xfb, 0x54, 0xfa, 0xd2, 0xf2, 0xb2, 0xfb, 0x13,
  0xfb, 0x13, 0xea, 0x50, 0xfb, 0x34, 0xfa, 0xb2, 0xf2, 0x50, 0xfa, 0xf3,
  0xdb, 0x94, 0xa1, 0x8c, 0xe3, 0x13, 0xfb, 0xb5, 0xfb, 0x74, 0xf2, 0xd1,
  0xea, 0xb1, 0xfb, 0x54, 0xfb, 0x54, 0xf2, 0x91, 0xda, 0x90, 0xf3, 0x33,
  0xfb, 0x75, 0xfb, 0x54, 0xea, 0x50, 0xfa, 0xf2, 0xfb, 0x34, 0xfa, 0xb1,
  0xea, 0x71, 0xfb, 0x33, 0xfb, 0x74, 0xfb, 0x33, 0xda, 0x50, 0xfb, 0x53,
  0xfb, 0x74, 0xf2, 0x91, 0xf2, 0xd2, 0xfb, 0x54, 0xfa, 0xd3, 0xe9, 0xef,
  0xf2, 0x91, 0xfb, 0x13, 0xea, 0xd2, 0xd1, 0xee, 0xba, 0x0e, 0xf3, 0xb4,
  0xfa, 0xb2, 0xf2, 0x30, 0xfb, 0x34, 0xf2, 0x91, 0xe2, 0x0f, 0xfb, 0x13,
  0xb2, 0xd1, 0x91, 0xab, 0xda, 0x71, 0xf3, 0x33, 0xfa, 0xb2, 0xf2, 0x70,
  0xfa, 0xf3, 0xea, 0x30, 0xfa, 0xf3, 0xfa, 0xd2, 0xea, 0x50, 0xfb, 0x13,
  0xe2, 0x71, 0xf2, 0xd2, 0xfa, 0xf3, 0xea, 0x30, 0xfb, 0x34, 0xea, 0x30,
  0xfa, 0xd3, 0xfa, 0x91, 0xea, 0x30, 0xfb, 0x54, 0xfa, 0xb2, 0xea, 0x0f,
  0xfb, 0x14, 0xea, 0x0f, 0xfa, 0xd3, 0xf2, 0x50, 0xf2, 0xb2, 0xfb, 0x34,
  0xe2, 0x70, 0xfa, 0xf2, 0xa3, 0x52, 0xed, 0x7a, 0xd6, 0x5c, 0xde, 0x7d,
  0xff, 0xdf, 0xff, 0xbf, 0xe6, 0xdd, 0xde, 0x7b, 0xde, 0x1b, 0xe6, 0x1b,
  0xd5, 0xfb, 0xd5, 0xba, 0xf7, 0x9f, 0xef, 0x3d, 0xd6, 0xbb, 0xff, 0xff,
  0xff, 0x3a, 0xff, 0x5a, 0xff, 0x39, 0xff, 0x3a, 0xff, 0x39, 0xff, 0x3a,
  0xff, 0x39, 0xff, 0x3a, 0xff, 0x3a, 0xff, 0x3a, 0xff, 0x39, 0xff, 0x3a,
  0xff, 0x3a, 0xff, 0x3a, 0xff, 0x3a, 0xff, 0x5a, 0xff, 0x3a, 0xff, 0x3a,
  0xff, 0x3a, 0xff, 0x5a, 0xff, 0x3a, 0xff, 0x5a, 0xff, 0x19, 0xff, 0x3a,
  0xff, 0x39, 0xff, 0x5a, 0xff, 0x39, 0xff, 0x5a, 0xff, 0x3a, 0xff, 0x5a,
  0xff, 0x59, 0xee, 0xf8, 0xf7, 0x3a, 0xef, 0x3a, 0xee, 0xd7, 0xf7, 0x19,
  0xff, 0x19, 0xff, 0x5b, 0xff, 0x5a, 0xf7, 0x3a, 0xff, 0x3a, 0xff, 0x3a,
  0xff, 0x5a, 0xff, 0x5a, 0xff, 0x3a, 0xff, 0x3a, 0xff, 0x3a, 0xff, 0x5a,
  0xff, 0x3a, 0xf7, 0x3a, 0xff, 0x39, 0xff, 0x5a, 0xff, 0x5a, 0xff, 0x5a,
  0xff, 0x39, 0xff, 0x3a, 0xff, 0x3a, 0xff, 0x3a, 0xff, 0x3a, 0xff, 0x3a,
  0xff, 0x19, 0xff, 0x7a, 0xbd, 0x76, 0x9c, 0xb3, 0xde, 0x7e, 0xb5, 0x7a,
  0xc5, 0xd9, 0xef, 0x3f, 0xd6, 0x3c, 0xbd, 0x9a, 0xcd, 0xdb, 0xbd, 0x9a,
  0xbd, 0x9a, 0xbd, 0xdb, 0xbd, 0x59, 0xc5, 0x9a, 0xe5, 0xda, 0xdd, 0xda,
  0xe6, 0x3b, 0xc5, 0x57, 0xca, 0xd0, 0xcb, 0x32, 0xd2, 0x0e, 0xfb, 0x54,
  0xfb, 0x33, 0xf2, 0xb1, 0xfb, 0x13, 0xf2, 0xb2, 0xfa, 0xf2, 0xf2, 0xb1,
  0xf2, 0xb1, 0xf2, 0xd2, 0xf2, 0x91, 0xfb, 0x54, 0xf2, 0x90, 0xfb, 0x33,
  0xf2, 0x90, 0xfa, 0xf2, 0xfa, 0xd1, 0xfb, 0x13, 0xf2, 0x91, 0xfa, 0xf2,
  0xe3, 0x12, 0xba, 0x0e, 0xfa, 0xd2, 0xfb, 0x33, 0xdb, 0x12, 0xa9, 0xad,
  0xe2, 0x90, 0xeb, 0x12, 0xfa, 0x90, 0xfa, 0xb1, 0xfa, 0xf2, 0xfb, 0x33,
  0xf2, 0xd1, 0xf2, 0xd2, 0xfa, 0xf2, 0xf2, 0xd2, 0xfa, 0xd2, 0xfb, 0x33,
  0xf2, 0xd1, 0xfb, 0x54, 0xf2, 0x90, 0xfb, 0x33, 0xfa, 0x91, 0xfa, 0xf2,
  0xfa, 0xf2, 0xf2, 0xf2, 0xc2, 0x6f, 0xb2, 0x0e, 0xfb, 0xb4, 0xf2, 0xd1,
  0xf3, 0x12, 0xca, 0x0e, 0xc2, 0x4e, 0xf4, 0x15, 0xf2, 0x51, 0xf2, 0x71,
  0xfb, 0x53, 0xea, 0x91, 0xfb, 0x33, 0xfb, 0x53, 0xf2, 0x70, 0xfb, 0x13,
  0xfb, 0x73, 0xf3, 0x12, 0xfa, 0xb1, 0xfb, 0x33, 0xfa, 0x91, 0xfa, 0xd2,
  0xe3, 0x93, 0xa1, 0xac, 0xe2, 0x90, 0xfb, 0x74, 0xfb, 0x33, 0xfb, 0x34,
  0xf2, 0x91, 0xfa, 0xf2, 0xfb, 0x33, 0xfb, 0x53, 0xda, 0x2e, 0xc9, 0xee,
  0xfb, 0x33, 0xfb, 0x95, 0xfb, 0x53, 0xe2, 0x70, 0xfa, 0xf2, 0xfb, 0x33,
  0xfa, 0xf2, 0xe2, 0x70, 0xfb, 0x54, 0xfb, 0x13, 0xfa, 0xf2, 0xea, 0xb1,
  0xfb, 0x12, 0xfb, 0x33, 0xf2, 0x50, 0xea, 0x71, 0xfb, 0x33, 0xfb, 0x33,
  0xea, 0x2f, 0xfa, 0xf3, 0xfb, 0xf5, 0xba, 0x2e, 0xd1, 0xee, 0xfb, 0x54,
  0xfb, 0x53, 0xea, 0x50, 0xea, 0x30, 0xfb, 0x34, 0xfa, 0x70, 0xf2, 0x70,
  0xeb, 0xb4, 0xba, 0x2e, 0xd2, 0x0f, 0xe2, 0xb1, 0xfb, 0x33, 0xea, 0x4f,
  0xfa, 0xd2, 0xfa, 0xb2, 0xf2, 0x91, 0xfb, 0x54, 0xea, 0x50, 0xfa, 0xf2,
  0xfa, 0xd1, 0xea, 0x50, 0xfb, 0x13, 0xea, 0x70, 0xfa, 0xf2, 0xfa, 0xd2,
  0xea, 0x2f, 0xfb, 0x33, 0xe2, 0x0f, 0xf2, 0xb2, 0xfb, 0x33, 0xea, 0x91,
  0xfb, 0x13, 0xf2, 0xb1, 0xf2, 0x70, 0xfb, 0x33, 0xea, 0x2f, 0xfb, 0x54,
  0xfa, 0x50, 0xfa, 0xd2, 0xbb, 0x51, 0xdc, 0x55, 0xe6, 0x3c, 0xd6, 0x1c,
  0xd6, 0x3a, 0xff, 0x9f, 0xff, 0xff, 0xf7, 0xbf, 0xf6, 0xdd, 0xd6, 0x3b,
  0xdd, 0xda, 0xe6, 0x7c, 0xff, 0xdf, 0xde, 0xbb, 0xe7, 0x1b, 0xff, 0xff,
  0xf7, 0x3a, 0xff, 0x1a, 0xf7, 0x3a, 0xff, 0x19, 0xff, 0x3a, 0xff, 0x3a,
  0xff, 0x3a, 0xff, 0x19, 0xff, 0x3a, 0xff, 0x3a, 0xff, 0x3a, 0xff, 0x1a,
  0xff, 0x3a, 0xff, 0x1a, 0xff, 0x3a, 0xff, 0x3a, 0xff, 0x3a, 0xf6, 0xf9,
  0xff, 0x3a, 0xff, 0x5a, 0xff, 0x3a, 0xff, 0x1a, 0xff, 0x3a, 0xff, 0x3a,
  0xff, 0x3a, 0xff, 0x19, 0xff, 0x1a, 0xff, 0x1a, 0xff, 0x3a, 0xfe, 0xf9,
  0xe7, 0x3b, 0xef, 0x3a, 0xe7, 0x19, 0xe6, 0xb7, 0xff, 0x5a, 0xff, 0x19,
  0xff, 0x5b, 0xff, 0x3a, 0xff, 0x5b, 0xff, 0x3a, 0xf7, 0x3a, 0xff, 0x3a,
  0xff, 0x5b, 0xff, 0x5a, 0xff, 0x5b, 0xf6, 0xf9, 0xff, 0x5b, 0xff, 0x3a,
  0xff, 0x5a, 0xff, 0x5a, 0xff, 0x5b, 0xff, 0x1a, 0xff, 0x3a, 0xff, 0x1a,
  0xf7, 0x1a, 0xff, 0x3a, 0xff, 0x3a, 0xff, 0x3a, 0xf7, 0x1a, 0xff, 0x1a,
  0xff, 0x19, 0xff, 0x7a, 0xc5, 0xb8, 0x94, 0x11, 0xc5, 0xfb, 0xde, 0x9d,
  0xf7, 0xbf, 0xd6, 0x7b, 0xce, 0x3c, 0xde, 0x9d, 0xbd, 0xba, 0xc5, 0xda,
  0xce, 0x3c, 0xd6, 0x3c, 0xc5, 0xbb, 0xcd, 0xfb, 0xe6, 0xbd, 0xde, 0x7c,
  0xe6, 0xfe, 0xc5, 0x98, 0xba, 0xb0, 0xca, 0xd1, 0xd2, 0x2f, 0xf3, 0x12,
  0xfb, 0x54, 0xf2, 0xd2, 0xfa, 0xf3, 0xea, 0x30, 0xf2, 0xd2, 0xfb, 0x13,
  0xea, 0x91, 0xfa, 0xb2, 0xf2, 0x91, 0xfa, 0xf3, 0xea, 0x71, 0xfb, 0x13,
  0xf2, 0xf2, 0xfa, 0xf2, 0xf2, 0xd2, 0xfb, 0x13, 0xea, 0xb1, 0xf2, 0xb1,
  0xeb, 0x54, 0xb9, 0xcd, 0xf2, 0xd2, 0xfb, 0x13, 0xeb, 0x33, 0xda, 0x90,
  0xb1, 0xcd, 0xeb, 0x53, 0xfa, 0xb2, 0xfa, 0xb2, 0xea, 0xd2, 0xfb, 0x12,
  0xf2, 0xb2, 0xfa, 0xd2, 0xfb, 0x33, 0xf2, 0x90, 0xf2, 0xd2, 0xfa, 0xd2,
  0xf2, 0xf2, 0xfb, 0x13, 0xf2, 0xb2, 0xfa, 0xf3, 0xfa, 0xb2, 0xfa, 0x91,
  0xfa, 0xf3, 0xf2, 0x91, 0xc2, 0x90, 0xba, 0x0e, 0xfb, 0xb5, 0xf2, 0xd2,
  0xea, 0x91, 0xea, 0x70, 0xb1, 0xee, 0xeb, 0x94, 0xfb, 0x54, 0xea, 0x50,
  0xfb, 0x13, 0xf2, 0xb1, 0xf2, 0xf2, 0xfb, 0x54, 0xf2, 0xb2, 0xf2, 0x71,
  0xfb, 0x13, 0xfb, 0x13, 0xea, 0x71, 0xfb, 0x33, 0xfb, 0x34, 0xf2, 0x91,
  0xd3, 0x73, 0xa1, 0xcc, 0xc2, 0x2f, 0xe2, 0xf2, 0xfb, 0x34, 0xfb, 0x13,
  0xfb, 0x54, 0xea, 0x70, 0xfb, 0x13, 0xfb, 0x33, 0xf3, 0x13, 0xc9, 0x8c,
  0xea, 0xb2, 0xfb, 0x74, 0xfb, 0x95, 0xea, 0x91, 0xe2, 0x50, 0xfb, 0x54,
  0xfb, 0x54, 0xea, 0x70, 0xe2, 0x91, 0xfb, 0x74, 0xfb, 0x75, 0xf2, 0xb1,
  0xea, 0x50, 0xfb, 0x13, 0xfb, 0x13, 0xe9, 0xef, 0xea, 0x71, 0xfb, 0x13,
  0xf2, 0xd2, 0xea, 0x4f, 0xe3, 0x53, 0xc2, 0x2e, 0xf2, 0xd2, 0xea, 0x50,
  0xfb, 0x34, 0xfb, 0x33, 0xea, 0x51, 0xf2, 0x50, 0xfa, 0xd3, 0xfa, 0x91,
  0xda, 0x91, 0xea, 0xb1, 0xba, 0x0e, 0xd2, 0x70, 0xfa, 0x92, 0xf2, 0x30,
  0xea, 0x91, 0xfb, 0x33, 0xea, 0x91, 0xfb, 0x13, 0xfa, 0xb2, 0xf2, 0x50,
  0xfb, 0x54, 0xea, 0x50, 0xfa, 0xd2, 0xfa, 0xd2, 0xea, 0x50, 0xfb, 0x33,
  0xe2, 0x30, 0xfb, 0x13, 0xf2, 0xb2, 0xea, 0x50, 0xfb, 0x75, 0xfa, 0xd2,
  0xea, 0x50, 0xfb, 0x13, 0xf2, 0x91, 0xfb, 0x33, 0xea, 0x71, 0xf2, 0x91,
  0xfb, 0x34, 0xfa, 0x91, 0xe3, 0xb4, 0xd2, 0xf1, 0xd6, 0x3b, 0xd5, 0xfa,
  0xde, 0x1c, 0xdd, 0xdb, 0xef, 0x5d, 0xff, 0x9e, 0xff, 0xbf, 0xf7, 0x3d,
  0xce, 0x3b, 0xff, 0x5f, 0xff, 0xff, 0xce, 0x18, 0xef, 0x5e, 0xff, 0xff,
  0xff, 0x39, 0xf7, 0x19, 0xff, 0x19, 0xf7, 0x19, 0xff, 0x5a, 0xff, 0x5a,
  0xff, 0x3a, 0xff, 0x3a, 0xff, 0x3a, 0xff, 0x3a, 0xff, 0x5a, 0xff, 0x3a,
  0xff, 0x19, 0xff, 0x3a, 0xff, 0x19, 0xff, 0x3a, 0xff, 0x39, 0xf7, 0x3a,
  0xff, 0x3a, 0xff, 0x3a, 0xff, 0x19, 0xff, 0x5a, 0xff, 0x19, 0xff, 0x5a,
  0xff, 0x39, 0xff, 0x5a, 0xff, 0x19, 0xff, 0x5a, 0xf6, 0xf8, 0xee, 0xf8,
  0xef, 0x3a, 0xde, 0xf9, 0xee, 0xd7, 0xf7, 0x59, 0xff, 0x19, 0xff, 0x5a,
  0xff, 0x3a, 0xff, 0x3a, 0xff, 0x5a, 0xff, 0x5a, 0xff, 0x3a, 0xff, 0x5a,
  0xff, 0x3a, 0xff, 0x3a, 0xff, 0x3a, 0xff, 0x3a, 0xff, 0x3a, 0xff, 0x5a,
  0xff, 0x39, 0xff, 0x5a, 0xff, 0x39, 0xff, 0x5a, 0xff, 0x19, 0xff, 0x3a,
  0xff, 0x19, 0xff, 0x5a, 0xff, 0x3a, 0xff, 0x5b, 0xff, 0x39, 0xff, 0x5a,
  0xff, 0x18, 0xff, 0xbb, 0xc5, 0xb7, 0x9c, 0xb3, 0xff, 0x9f, 0xef, 0x5f,
  0xbd, 0x99, 0xce, 0x3c, 0xff, 0x7f, 0xce, 0x1b, 0xe6, 0xdd, 0xde, 0xbd,
  0xe6, 0xfe, 0xd6, 0x9d, 0xb5, 0x58, 0xc6, 0x1b, 0xff, 0xff, 0xff, 0xff,
  0xff, 0xff, 0xd6, 0x19, 0x9a, 0x2d, 0x92, 0x2d, 0xda, 0x90, 0xeb, 0x33,
  0xfb, 0x53, 0xf2, 0xd1, 0xfa, 0xd2, 0xf2, 0xd2, 0xfa, 0xf2, 0xfa, 0xf2,
  0xf2, 0x91, 0xfa, 0xf2, 0xfa, 0xb1, 0xfb, 0x13, 0xf2, 0xb1, 0xfb, 0x74,
  0xf2, 0xd1, 0xfb, 0x33, 0xfa, 0xd1, 0xfa, 0xf2, 0xf2, 0x50, 0xf2, 0x91,
  0xfb, 0x73, 0xca, 0x2e, 0xf2, 0xd1, 0xf2, 0xf2, 0xf2, 0x91, 0xfb, 0x33,
  0xba, 0x2e, 0xcb, 0x32, 0xfb, 0x12, 0xfb, 0x12, 0xfa, 0xf2, 0xf2, 0xf2,
  0xfa, 0xd2, 0xf2, 0x91, 0xfb, 0x12, 0xf2, 0xb1, 0xfb, 0x12, 0xf3, 0x12,
  0xf2, 0xd1, 0xfb, 0x53, 0xf2, 0xf2, 0xfb, 0x53, 0xfb, 0x33, 0xf2, 0xf2,
  0xfb, 0x73, 0xf3, 0x12, 0xda, 0xb0, 0xca, 0x70, 0xfa, 0xf2, 0xfa, 0xd2,
  0xfa, 0xd1, 0xfb, 0x13, 0xca, 0x6f, 0xca, 0xd1, 0xfb, 0x54, 0xf2, 0x91,
  0xfa, 0xd2, 0xfb, 0x54, 0xf2, 0xd1, 0xf2, 0xf2, 0xfb, 0x33, 0xf2, 0xb1,
  0xfa, 0xb1, 0xfb, 0x13, 0xfb, 0x33, 0xea, 0xb1, 0xfb, 0x74, 0xfb, 0x13,
  0xdb, 0x12, 0xba, 0x0e, 0xb1, 0xcd, 0xd3, 0x12, 0xfa, 0x91, 0xfb, 0x14,
  0xfa, 0xf2, 0xfa, 0xd2, 0xf2, 0x90, 0xfb, 0x33, 0xfb, 0x73, 0xea, 0xf1,
  0xea, 0xb1, 0xf3, 0x33, 0xfb, 0x53, 0xfb, 0x33, 0xfa, 0xf2, 0xe2, 0x50,
  0xfb, 0x74, 0xfb, 0x74, 0xf2, 0x2f, 0xf2, 0x71, 0xfb, 0x74, 0xfb, 0x95,
  0xea, 0x90, 0xf2, 0xd2, 0xfb, 0x53, 0xfb, 0x74, 0xf2, 0x70, 0xfa, 0xd2,
  0xfb, 0x74, 0xf2, 0xf2, 0xb1, 0xac, 0xd2, 0xf2, 0xfb, 0x33, 0xf2, 0xb1,
  0xf2, 0x70, 0xfb, 0x13, 0xfa, 0xd2, 0xf2, 0x91, 0xea, 0x2f, 0xfb, 0x54,
  0xf2, 0x71, 0xf2, 0x91, 0xd2, 0xb0, 0xc2, 0x6f, 0xf2, 0x50, 0xfb, 0x33,
  0xea, 0x4f, 0xfb, 0x95, 0xfa, 0xd1, 0xea, 0x91, 0xfb, 0x13, 0xea, 0x30,
  0xfa, 0xd2, 0xfa, 0xd2, 0xf2, 0x70, 0xfb, 0x33, 0xe1, 0xee, 0xfb, 0x33,
  0xf2, 0x91, 0xf2, 0xb1, 0xfb, 0x33, 0xea, 0x50, 0xfb, 0x33, 0xfb, 0x53,
  0xea, 0x0f, 0xfb, 0x54, 0xf2, 0x50, 0xf2, 0x91, 0xfb, 0x13, 0xe2, 0x50,
  0xfb, 0x33, 0xf2, 0xb1, 0xf3, 0x53, 0xda, 0xb1, 0xcd, 0x38, 0xee, 0x7d,
  0xdd, 0xfb, 0xde, 0x3c, 0xde, 0x5a, 0xff, 0x7f, 0xff, 0x9e, 0xf7, 0x7e,
  0xff, 0x7e, 0xff, 0xff, 0xff, 0xff, 0xce, 0x59, 0xff, 0xbe, 0xff, 0xff,
  0xff, 0x3a, 0xff, 0x3a, 0xff, 0x3a, 0xff, 0x19, 0xff, 0x5b, 0xf6, 0xf9,
  0xf7, 0x3a, 0xff, 0x3a, 0xf7, 0x3a, 0xff, 0x3a, 0xff, 0x3a, 0xff, 0x1a,
  0xff, 0x3a, 0xff, 0x3a, 0xff, 0x3a, 0xff, 0x1a, 0xf7, 0x3a, 0xff, 0x19,
  0xff, 0x3a, 0xff, 0x1a, 0xf7, 0x3a, 0xff, 0x3a, 0xff, 0x5b, 0xff, 0x3a,
  0xf7, 0x3a, 0xff, 0x3a, 0xff, 0x7a, 0xee, 0xd7, 0xde, 0xf9, 0xe7, 0x3a,
  0xe6, 0xd8, 0xee, 0xd7, 0xff, 0x3a, 0xff, 0x39, 0xff, 0x5b, 0xff, 0x3a,
  0xf7, 0x1a, 0xff, 0x5a, 0xff, 0x3a, 0xff, 0x3a, 0xff, 0x3a, 0xff, 0x1a,
  0xff, 0x5b, 0xff, 0x3a, 0xff, 0x3a, 0xff, 0x3a, 0xff, 0x5b, 0xff, 0x3a,
  0xff, 0x3a, 0xff, 0x3a, 0xff, 0x3a, 0xff, 0x3a, 0xff, 0x5a, 0xff, 0x3a,
  0xf7, 0x3a, 0xff, 0x5a, 0xff, 0x19, 0xff, 0x19, 0xff, 0x5a, 0xff, 0x19,
  0xf7, 0x39, 0xff, 0x7a, 0xbd, 0x96, 0xac, 0xf3, 0xe6, 0xff, 0xbd, 0x99,
  0xc5, 0xfb, 0xff, 0x7f, 0xce, 0x1b, 0xcd, 0xfa, 0xf7, 0x5f, 0xc5, 0xb9,
  0xef, 0x5f, 0xce, 0x3b, 0xbd, 0xba, 0xcd, 0xfb, 0xff, 0xff, 0xff, 0xdf,
  0xff, 0xdf, 0xd5, 0xd8, 0xaa, 0xb0, 0x91, 0xcc, 0xda, 0xd1, 0xf3, 0x53,
  0xfb, 0x54, 0xfa, 0xd2, 0xfb, 0x13, 0xfa, 0xd2, 0xfb, 0x13, 0xf2, 0xd2,
  0xea, 0xb2, 0xf2, 0xd2, 0xea, 0x91, 0xfb, 0x13, 0xf2, 0x91, 0xfa, 0xf3,
  0xea, 0x50, 0xfa, 0xb1, 0xf2, 0xd2, 0xf2, 0xd2, 0xea, 0x91, 0xf2, 0xb1,
  0xf3, 0x33, 0xd1, 0xee, 0xea, 0xd2, 0xfb, 0x13, 0xea, 0x91, 0xfb, 0x13,
  0xd3, 0x12, 0xba, 0x0e, 0xfb, 0x54, 0xea, 0xd2, 0xfb, 0x54, 0xfa, 0xd2,
  0xf3, 0x13, 0xf2, 0xd2, 0xfb, 0x34, 0xea, 0x50, 0xfa, 0xf3, 0xfa, 0xd2,
  0xfb, 0x13, 0xfa, 0xf2, 0xea, 0xb1, 0xfb, 0x13, 0xfb, 0x34, 0xf2, 0x91,
  0xfb, 0x53, 0xf2, 0xd1, 0xd2, 0xd2, 0xd2, 0x90, 0xf3, 0x12, 0xfb, 0x74,
  0xea, 0x71, 0xfa, 0xf2, 0xdb, 0x33, 0xca, 0x4f, 0xf3, 0x74, 0xfb, 0x74,
  0xea, 0x50, 0xfb, 0x13, 0xfb, 0x54, 0xea, 0x50, 0xfb, 0x13, 0xfb, 0x13,
  0xea, 0x91, 0xfb, 0x13, 0xfb, 0x34, 0xf2, 0x91, 0xf2, 0x91, 0xfb, 0x34,
  0xf2, 0xf3, 0xd1, 0xef, 0xd2, 0x91, 0xeb, 0x53, 0xf2, 0x71, 0xfa, 0xf3,
  0xfb, 0x13, 0xfb, 0x13, 0xfa, 0xf2, 0xf2, 0x70, 0xf3, 0x54, 0xf3, 0x12,
  0xf3, 0x33, 0xf3, 0x12, 0xf2, 0xd2, 0xfb, 0x34, 0xfb, 0x74, 0xf2, 0xb1,
  0xea, 0x50, 0xfb, 0x13, 0xfb, 0x34, 0xea, 0x91, 0xea, 0x71, 0xfb, 0x13,
  0xfb, 0x13, 0xf2, 0x91, 0xea, 0xb1, 0xfb, 0x13, 0xfb, 0x13, 0xf2, 0x50,
  0xf2, 0xf3, 0xfa, 0xf2, 0xc2, 0x2f, 0xd2, 0x91, 0xfa, 0xf3, 0xfb, 0x34,
  0xf2, 0xb2, 0xea, 0x30, 0xfa, 0xf3, 0xfb, 0x13, 0xf2, 0x91, 0xf2, 0x70,
  0xfb, 0x34, 0xf2, 0x50, 0xd2, 0xb1, 0xca, 0x2f, 0xda, 0x91, 0xf2, 0xf2,
  0xf2, 0x91, 0xf2, 0x70, 0xfb, 0x54, 0xe2, 0x2f, 0xfa, 0xf3, 0xfa, 0xf2,
  0xe2, 0x10, 0xfa, 0xf3, 0xea, 0x71, 0xfa, 0xf2, 0xea, 0x91, 0xf2, 0x71,
  0xfb, 0x13, 0xe2, 0x0f, 0xfb, 0x54, 0xf2, 0xd2, 0xfb, 0x33, 0xfb, 0x33,
  0xf2, 0x91, 0xfa, 0xb2, 0xfb, 0x13, 0xe2, 0x0f, 0xfb, 0x34, 0xf2, 0x50,
  0xfa, 0xf3, 0xfa, 0xb2, 0xe2, 0x30, 0xfa, 0xd2, 0xab, 0xd4, 0xf6, 0x1c,
  0xde, 0x3c, 0xdd, 0xfb, 0xde, 0x1c, 0xde, 0x1b, 0xff, 0xff, 0xff, 0xbe,
  0xf7, 0x7e, 0xff, 0xdf, 0xf7, 0x9f, 0xd6, 0x5a, 0xff, 0xff, 0xff, 0xff,
  0xff, 0x3a, 0xff, 0x3a, 0xff, 0x3a, 0xff, 0x3a, 0xff, 0x39, 0xff, 0x3a,
  0xff, 0x39, 0xff, 0x5a, 0xff, 0x3a, 0xff, 0x5a, 0xfe, 0xf9, 0xf7, 0x19,
  0xff, 0x3a, 0xff, 0x3a, 0xff, 0x39, 0xff, 0x3a, 0xff, 0x3a, 0xff, 0x3a,
  0xff, 0x3a, 0xff, 0x3a, 0xff, 0x19, 0xff, 0x3a, 0xff, 0x5a, 0xff, 0x3a,
  0xff, 0x3a, 0xff, 0x5a, 0xff, 0x59, 0xee, 0xd7, 0xe6, 0xd8, 0xe7, 0x19,
  0xff, 0x18, 0xff, 0x5a, 0xff, 0x3a, 0xff, 0x3a, 0xff, 0x3a, 0xff, 0x5a,
  0xff, 0x5a, 0xff, 0x7b, 0xff, 0x3a, 0xff, 0x5a, 0xff, 0x19, 0xff, 0x5a,
  0xff, 0x3a, 0xff, 0x5a, 0xff, 0x3a, 0xff, 0x3a, 0xff, 0x19, 0xff, 0x3a,
  0xff, 0x39, 0xff, 0x5a, 0xff, 0x3a, 0xff, 0x5b, 0xff, 0x3a, 0xff, 0x3a,
  0xff, 0x19, 0xf7, 0x19, 0xf7, 0x19, 0xef, 0x19, 0xef, 0x19, 0xe6, 0xf9,
  0xee, 0xf8, 0xef, 0x3a, 0xb5, 0x76, 0x7b, 0xf0, 0xc5, 0xda, 0xc6, 0x1b,
  0xf7, 0x5f, 0xce, 0x5b, 0xbd, 0x98, 0xef, 0x3f, 0xe6, 0xbd, 0xbd, 0x99,
  0xff, 0x7f, 0xce, 0x1a, 0xcd, 0xdb, 0xcd, 0xdb, 0xf7, 0x3c, 0xf7, 0x7d,
  0xff, 0x7e, 0xbc, 0xf5, 0xc2, 0x6f, 0xb2, 0x0e, 0xf2, 0xb1, 0xf2, 0xd2,
  0xfb, 0x13, 0xf2, 0xb1, 0xfb, 0x33, 0xea, 0x91, 0xfb, 0x13, 0xfb, 0x13,
  0xf2, 0xb1, 0xfb, 0x12, 0xfa, 0xd1, 0xfb, 0x54, 0xea, 0x2f, 0xfb, 0x13,
  0xfa, 0x91, 0xfa, 0xd2, 0xf2, 0xb1, 0xfb, 0x13, 0xfa, 0x91, 0xf2, 0x91,
  0xfb, 0x12, 0xd2, 0x0f, 0xda, 0x6f, 0xfb, 0xb4, 0xfa, 0xf2, 0xfb, 0x13,
  0xf3, 0x73, 0xca, 0x2f, 0xca, 0x2f, 0xe3, 0x33, 0xfb, 0x12, 0xf2, 0xd2,
  0xfb, 0x12, 0xfa, 0xf2, 0xfb, 0x53, 0xf2, 0xd1, 0xfb, 0x33, 0xf2, 0xf2,
  0xfa, 0xb1, 0xfa, 0xb2, 0xfa, 0xb1, 0xfa, 0xb2, 0xfa, 0xd2, 0xea, 0x70,
  0xfb, 0x53, 0xea, 0x90, 0xca, 0x90, 0xca, 0xd1, 0xfa, 0xd1, 0xfb, 0x53,
  0xea, 0x0f, 0xfa, 0xd2, 0xda, 0xb0, 0xda, 0xd1, 0xda, 0xd0, 0xf3, 0xd5,
  0xfa, 0xb1, 0xf2, 0x91, 0xfb, 0x94, 0xf3, 0x12, 0xf2, 0xb1, 0xfb, 0x74,
  0xfa, 0xd2, 0xea, 0xb1, 0xfa, 0xf2, 0xfa, 0xf3, 0xf2, 0x50, 0xfa, 0xf2,
  0xf3, 0x94, 0xca, 0x4f, 0xd2, 0x70, 0xeb, 0x74, 0xfa, 0xb1, 0xf2, 0x30,
  0xfb, 0x53, 0xfb, 0x94, 0xfb, 0x33, 0xea, 0x70, 0xf2, 0xd1, 0xf3, 0x33,
  0xf2, 0xb1, 0xfb, 0x74, 0xf2, 0x90, 0xfa, 0xf2, 0xfb, 0x53, 0xfb, 0x54,
  0xf2, 0x30, 0xf2, 0x71, 0xfb, 0x54, 0xfb, 0x13, 0xea, 0x0f, 0xf2, 0x91,
  0xfb, 0x13, 0xfa, 0xf2, 0xea, 0x0f, 0xfa, 0xb2, 0xfa, 0xf2, 0xfb, 0x13,
  0xe2, 0x70, 0xda, 0x70, 0xda, 0x50, 0xe2, 0xb1, 0xfa, 0x50, 0xfa, 0xd2,
  0xfb, 0x13, 0xf2, 0x91, 0xf2, 0x70, 0xfb, 0x13, 0xfb, 0x33, 0xf2, 0xb1,
  0xf2, 0x70, 0xfb, 0x33, 0xe2, 0xd1, 0xd2, 0x70, 0xda, 0x4f, 0xda, 0x90,
  0xfa, 0xd2, 0xea, 0x30, 0xfb, 0x33, 0xfa, 0xb2, 0xf2, 0x90, 0xfb, 0x74,
  0xea, 0x0f, 0xfa, 0xf3, 0xfa, 0x91, 0xf2, 0x91, 0xfb, 0x94, 0xe2, 0x70,
  0xfb, 0x33, 0xf2, 0xb1, 0xfa, 0xb1, 0xfb, 0x13, 0xea, 0x4f, 0xfb, 0x33,
  0xfa, 0xf2, 0xea, 0x70, 0xfb, 0x33, 0xea, 0x70, 0xfa, 0x91, 0xfb, 0x13,
  0xea, 0x2f, 0xfb, 0x34, 0xf2, 0x0f, 0xfa, 0xb2, 0xab, 0x31, 0xed, 0x39,
  0xee, 0x5c, 0xe6, 0x7c, 0xee, 0x5c, 0xe6, 0x3c, 0xde, 0x7a, 0xff, 0xff,
  0xff, 0x7d, 0xff, 0xdf, 0xe6, 0xfc, 0xd6, 0x9a, 0xff, 0xff, 0xe7, 0x1d,
  0xff, 0x3a, 0xff, 0x19, 0xff, 0x5a, 0xff, 0x3a, 0xff, 0x3a, 0xff, 0x3a,
  0xff, 0x5b, 0xff, 0x19, 0xff, 0x3a, 0xff, 0x3a, 0xff, 0x3a, 0xff, 0x1a,
  0xff, 0x3a, 0xff, 0x19, 0xff, 0x3a, 0xff, 0x3a, 0xff, 0x3a, 0xff, 0x3a,
  0xff, 0x5b, 0xff, 0x19, 0xf7, 0x3a, 0xff, 0x19, 0xff, 0x3a, 0xff, 0x1a,
  0xff, 0x3a, 0xff, 0x3a, 0xf7, 0x3a, 0xff, 0x39, 0xf7, 0x19, 0xff, 0x39,
  0xf7, 0x3a, 0xff, 0x1a, 0xff, 0x5a, 0xff, 0x5a, 0xf7, 0x3a, 0xff, 0x1a,
  0xff, 0x3a, 0xff, 0x3a, 0xff, 0x3a, 0xff, 0x3a, 0xff, 0x3a, 0xff, 0x3a,
  0xf7, 0x1a, 0xff, 0x3a, 0xff, 0x3a, 0xff, 0x19, 0xff, 0x3a, 0xff, 0x3a,
  0xf7, 0x1a, 0xff, 0x19, 0xff, 0x5a, 0xff, 0x19, 0xe7, 0x19, 0xe6, 0xf8,
  0xdf, 0x3a, 0xde, 0xf9, 0xdf, 0x1a, 0xef, 0x3b, 0xe7, 0x3c, 0xef, 0x3c,
  0xef, 0x5c, 0xf7, 0x7c, 0xc6, 0x3b, 0x73, 0x70, 0xbd, 0xba, 0xf7, 0x5f,
  0xd6, 0x7d, 0xbd, 0x78, 0xce, 0x1c, 0xff, 0x5f, 0xc5, 0xda, 0xc5, 0xda,
  0xef, 0x5f, 0xc5, 0xda, 0xc5, 0xdc, 0xbd, 0x9a, 0xe7, 0x3d, 0xff, 0xdf,
  0xff, 0xdf, 0xac, 0x93, 0xb9, 0xee, 0xca, 0x2f, 0xfb, 0x34, 0xfa, 0xf3,
  0xfb, 0x54, 0xf2, 0xd2, 0xfb, 0x54, 0xea, 0x71, 0xfb, 0x13, 0xf2, 0xd2,
  0xf2, 0xd2, 0xfb, 0x13, 0xf2, 0xd2, 0xfb, 0x54, 0xea, 0x71, 0xfb, 0x13,
  0xea, 0x71, 0xfa, 0xb2, 0xea, 0x91, 0xfb, 0x33, 0xf2, 0x91, 0xf2, 0x50,
  0xf3, 0x54, 0xd2, 0x0f, 0xca, 0x2f, 0xf3, 0x33, 0xfa, 0xd2, 0xfa, 0xb2,
  0xf3, 0x53, 0xea, 0xd1, 0xa1, 0xcd, 0xca, 0xf1, 0xfb, 0x13, 0xf2, 0x70,
  0xfb, 0x34, 0xf2, 0xb1, 0xfb, 0x74, 0xea, 0x70, 0xfb, 0x54, 0xfb, 0x33,
  0xea, 0xb2, 0xfa, 0xf2, 0xf3, 0x13, 0xea, 0x91, 0xfb, 0x54, 0xea, 0x91,
  0xfb, 0xb5, 0xf2, 0xb1, 0xc2, 0x2f, 0xda, 0xd1, 0xea, 0x91, 0xfb, 0x54,
  0xea, 0x30, 0xfa, 0xd2, 0xea, 0xf2, 0xf3, 0x33, 0xc2, 0x2f, 0xf3, 0x94,
  0xfb, 0x75, 0xea, 0x91, 0xfb, 0x54, 0xfb, 0x95, 0xea, 0x91, 0xfb, 0x13,
  0xfb, 0x75, 0xea, 0x50, 0xfa, 0xb2, 0xfb, 0x13, 0xfa, 0xb2, 0xea, 0x0f,
  0xfb, 0x95, 0xe2, 0xb1, 0xb9, 0xce, 0xf3, 0x54, 0xfb, 0x13, 0xf2, 0x2f,
  0xea, 0xb1, 0xfb, 0x54, 0xfa, 0xf3, 0xfb, 0x33, 0xea, 0x91, 0xf2, 0x91,
  0xe2, 0xb1, 0xfb, 0x33, 0xf2, 0xb2, 0xea, 0x50, 0xfb, 0x13, 0xfb, 0x33,
  0xfb, 0x13, 0xea, 0x50, 0xf2, 0xb2, 0xfa, 0xf3, 0xfb, 0x34, 0xea, 0x50,
  0xf2, 0x71, 0xfb, 0x13, 0xfb, 0x34, 0xf2, 0x91, 0xfa, 0xd2, 0xfa, 0xb2,
  0xe3, 0x13, 0xb9, 0xad, 0xe2, 0xb2, 0xfb, 0x33, 0xf2, 0x91, 0xf2, 0x71,
  0xfb, 0x34, 0xfb, 0x13, 0xf2, 0xb2, 0xe2, 0x0f, 0xfb, 0x13, 0xfb, 0x74,
  0xf2, 0x91, 0xfa, 0xb2, 0xfb, 0x95, 0xe2, 0x90, 0xc1, 0xce, 0xda, 0x70,
  0xfa, 0xf3, 0xfa, 0x91, 0xf2, 0x91, 0xfb, 0x13, 0xea, 0x50, 0xfa, 0xd2,
  0xf2, 0xb2, 0xf2, 0x71, 0xfa, 0xd3, 0xea, 0x0f, 0xfb, 0x95, 0xea, 0x70,
  0xf2, 0xb2, 0xfb, 0x33, 0xe2, 0x0f, 0xfa, 0xf3, 0xea, 0x51, 0xf2, 0x50,
  0xfb, 0x54, 0xf2, 0x91, 0xfa, 0xf3, 0xfa, 0xd2, 0xea, 0x51, 0xfb, 0x54,
  0xe2, 0x50, 0xfa, 0xf3, 0xfa, 0xf3, 0xf2, 0x30, 0xcb, 0x92, 0xe4, 0x35,
  0xde, 0x5d, 0xde, 0x3c, 0xee, 0x5c, 0xe6, 0x1b, 0xde, 0x5c, 0xee, 0xbd,
  0xf7, 0x9f, 0xff, 0xbf, 0xce, 0x7a, 0xe7, 0x1c, 0xef, 0x1f, 0xbd, 0x99,
  0xff, 0x19, 0xff, 0x5a, 0xff, 0x3a, 0xff, 0x3a, 0xff, 0x3a, 0xff, 0x5a,
  0xff, 0x39, 0xf7, 0x19, 0xff, 0x39, 0xff, 0x3a, 0xff, 0x39, 0xff, 0x3a,
  0xff, 0x19, 0xff, 0x3a, 0xff, 0x19, 0xff, 0x5a, 0xff, 0x19, 0xf7, 0x3a,
  0xff, 0x19, 0xf7, 0x3a, 0xff, 0x39, 0xf7, 0x19, 0xff, 0x3a, 0xff, 0x5a,
  0xff, 0x3a, 0xff, 0x3a, 0xff, 0x19, 0xff, 0x5a, 0xff, 0x3a, 0xff, 0x3a,
  0xff, 0x39, 0xff, 0x7a, 0xff, 0x3a, 0xff, 0x5a, 0xff, 0x3a, 0xff, 0x3a,
  0xff, 0x3a, 0xff, 0x5b, 0xff, 0x3a, 0xff, 0x5a, 0xff, 0x7a, 0xff, 0x5a,
  0xff, 0x39, 0xff, 0x5a, 0xff, 0x5a, 0xff, 0x5a, 0xff, 0x5a, 0xff, 0x5a,
  0xee, 0xf8, 0xe6, 0xf8, 0xe7, 0x18, 0xdf, 0x39, 0xef, 0x1a, 0xf7, 0x5b,
  0xf7, 0x3c, 0xf7, 0x5c, 0xf7, 0x5c, 0xef, 0x5c, 0xf7, 0x5c, 0xf7, 0x7c,
  0xf7, 0x5b, 0xf7, 0x7c, 0xef, 0x1c, 0x84, 0x10, 0xe6, 0xdd, 0xde, 0xde,
  0xbd, 0x9a, 0xc5, 0xdb, 0xe6, 0xbd, 0xef, 0x1f, 0xc5, 0x99, 0xe6, 0xde,
  0xef, 0x1e, 0xb5, 0x98, 0xcd, 0xdb, 0xbd, 0xbb, 0xe7, 0x1d, 0xff, 0xff,
  0xff, 0xdf, 0xac, 0xb4, 0xb1, 0xcd, 0xc2, 0xb0, 0xfa, 0xb1, 0xfa, 0xd2,
  0xfa, 0xf2, 0xf2, 0xd2, 0xfb, 0x53, 0xea, 0xb1, 0xfa, 0xf2, 0xf2, 0xd2,
  0xf2, 0x70, 0xfa, 0xd2, 0xfa, 0xd2, 0xfb, 0x74, 0xf2, 0x70, 0xfb, 0x33,
  0xfa, 0x91, 0xfa, 0x91, 0xf2, 0x70, 0xfb, 0x33, 0xf2, 0xb1, 0xf2, 0xb1,
  0xfb, 0x94, 0xda, 0x90, 0xda, 0x0e, 0xf3, 0x33, 0xfa, 0xb1, 0xfb, 0x33,
  0xfa, 0xf2, 0xfb, 0x33, 0xca, 0xb0, 0xba, 0x6f, 0xfb, 0xb5, 0xeb, 0x12,
  0xfb, 0x74, 0xe2, 0xb1, 0xfb, 0xb5, 0xea, 0xb1, 0xfb, 0x12, 0xf2, 0xd2,
  0xfb, 0x12, 0xf2, 0xf2, 0xfb, 0x12, 0xf2, 0xf2, 0xfb, 0x94, 0xea, 0xb1,
  0xfb, 0x12, 0xfa, 0xd2, 0xb9, 0xed, 0xda, 0xf2, 0xf2, 0xb1, 0xfb, 0x74,
  0xf2, 0xb1, 0xf2, 0xd1, 0xfa, 0x91, 0xfa, 0xb2, 0xc2, 0xaf, 0xcb, 0x11,
  0xfb, 0x54, 0xf2, 0xf2, 0xf2, 0x70, 0xfb, 0x34, 0xfa, 0xd1, 0xf2, 0xb1,
  0xfb, 0x74, 0xfb, 0x33, 0xf2, 0x70, 0xfb, 0x33, 0xfa, 0xd2, 0xfa, 0x71,
  0xf3, 0x12, 0xea, 0xd2, 0xa9, 0x8c, 0xdb, 0x32, 0xfb, 0x53, 0xfb, 0x13,
  0xf2, 0x2f, 0xfa, 0xb2, 0xfb, 0x33, 0xfb, 0x33, 0xfb, 0x13, 0xe2, 0x2f,
  0xd2, 0x0e, 0xf3, 0x33, 0xfb, 0x33, 0xfb, 0x54, 0xea, 0x2f, 0xfb, 0x54,
  0xfb, 0x33, 0xfb, 0x13, 0xea, 0x2f, 0xf2, 0xb1, 0xfb, 0x74, 0xfb, 0x13,
  0xe2, 0x0f, 0xfb, 0x13, 0xfb, 0x13, 0xf2, 0x91, 0xe1, 0xee, 0xfa, 0xf3,
  0x9a, 0x8e, 0x81, 0xec, 0xea, 0x50, 0xfb, 0x34, 0xfa, 0xb2, 0xfa, 0x71,
  0xea, 0x0f, 0xfa, 0xf3, 0xfb, 0x33, 0xea, 0x70, 0xea, 0x0f, 0xfb, 0x33,
  0xfb, 0x13, 0xe2, 0x0f, 0xfb, 0x53, 0xfb, 0x54, 0xc1, 0xcd, 0xca, 0x70,
  0xf2, 0x50, 0xfa, 0xb2, 0xea, 0x2f, 0xfb, 0x33, 0xfa, 0x91, 0xf2, 0x91,
  0xfb, 0x53, 0xf2, 0xb1, 0xfb, 0x13, 0xea, 0x70, 0xfa, 0x91, 0xfb, 0x13,
  0xea, 0x4f, 0xfb, 0x74, 0xea, 0x2f, 0xf2, 0x91, 0xfb, 0x54, 0xf2, 0x91,
  0xfb, 0x74, 0xf2, 0xf2, 0xf2, 0x91, 0xfb, 0x74, 0xea, 0x2f, 0xfa, 0xd2,
  0xfa, 0xd1, 0xea, 0x91, 0xfb, 0x33, 0xf2, 0x70, 0xf3, 0x73, 0xe3, 0x53,
  0xe6, 0xbc, 0xde, 0x5b, 0xf6, 0x5c, 0xe6, 0x3c, 0xe6, 0x3b, 0xde, 0x3b,
  0xff, 0x7e, 0xff, 0xff, 0xde, 0x7b, 0xd6, 0x9c, 0xc5, 0xba, 0xc5, 0xdb,
  0xff, 0x3a, 0xff, 0x1a, 0xff, 0x3a, 0xff, 0x3a, 0xff, 0x3a, 0xff, 0x1a,
  0xff, 0x3a, 0xff, 0x19, 0xf7, 0x1a, 0xff, 0x3a, 0xff, 0x3a, 0xff, 0x3a,
  0xff, 0x3a, 0xff, 0x1a, 0xff, 0x3a, 0xff, 0x1a, 0xf7, 0x3a, 0xff, 0x3a,
  0xf7, 0x3a, 0xff, 0x19, 0xff, 0x3a, 0xff, 0x3a, 0xff, 0x3a, 0xff, 0x1a,
  0xff, 0x3a, 0xff, 0x1a, 0xf7, 0x3a, 0xff, 0x3a, 0xff, 0x5b, 0xff, 0x5b,
  0xff, 0x5b, 0xff, 0x1a, 0xff, 0x3a, 0xff, 0x19, 0xf7, 0x1a, 0xff, 0x3a,
  0xff, 0x5b, 0xff, 0x5a, 0xf7, 0x3a, 0xff, 0x3a, 0xff, 0x5b, 0xff, 0x5a,
  0xff, 0x5b, 0xff, 0x3a, 0xff, 0x5a, 0xff, 0x19, 0xef, 0x19, 0xee, 0xf8,
  0xef, 0x1b, 0xf7, 0x1a, 0xef, 0x3d, 0xf7, 0x3c, 0xf7, 0x5d, 0xf7, 0x5c,
  0xf7, 0x5d, 0xf7, 0x5c, 0xf7, 0x5d, 0xf7, 0x3c, 0xf7, 0x5d, 0xf7, 0x3c,
  0xf7, 0x7d, 0xff, 0x5c, 0xe7, 0x5d, 0x94, 0x92, 0xd6, 0x7e, 0xbd, 0x9a,
  0xbd, 0xba, 0xc5, 0xba, 0xef, 0x3f, 0xd6, 0x5b, 0xbd, 0x9a, 0xe6, 0xbe,
  0xe7, 0x1e, 0xc5, 0xd9, 0xcd, 0xfc, 0xc5, 0x9a, 0xd6, 0xbc, 0xff, 0xff,
  0xff, 0xdf, 0xb4, 0xf5, 0xa9, 0xee, 0xca, 0x90, 0xfb, 0x14, 0xfa, 0xb2,
  0xfa, 0xf3, 0xea, 0x30, 0xfa, 0xf3, 0xfa, 0xb2, 0xfa, 0xf3, 0xfa, 0xd2,
  0xf2, 0x91, 0xfa, 0xb2, 0xea, 0x91, 0xfb, 0x74, 0xf2, 0xf2, 0xfb, 0x53,
  0xea, 0x91, 0xfa, 0xb1, 0xea, 0x50, 0xfa, 0xd2, 0xea, 0x71, 0xf2, 0x70,
  0xfb, 0x54, 0xe2, 0x91, 0xd2, 0x2f, 0xfb, 0x54, 0xea, 0x91, 0xfa, 0xf2,
  0xfb, 0x13, 0xf2, 0xb1, 0xdb, 0xb4, 0xa9, 0xed, 0xd2, 0x90, 0xeb, 0x12,
  0xfb, 0x54, 0xf2, 0xd2, 0xfb, 0x54, 0xea, 0x91, 0xfb, 0x33, 0xf2, 0xb1,
  0xfb, 0x33, 0xf2, 0xd2, 0xfb, 0x13, 0xf2, 0xb1, 0xfb, 0x13, 0xea, 0x0f,
  0xfb, 0x54, 0xfb, 0x33, 0xa9, 0xed, 0xdb, 0x32, 0xf2, 0xb2, 0xfa, 0xf3,
  0xea, 0x91, 0xfa, 0xd2, 0xf2, 0xb2, 0xfa, 0xb2, 0xe3, 0x33, 0xb1, 0xac,
  0xf3, 0x54, 0xfb, 0x53, 0xf2, 0x51, 0xfa, 0x71, 0xfb, 0x14, 0xf2, 0x50,
  0xf2, 0xd2, 0xfb, 0x95, 0xea, 0xd2, 0xf2, 0xd1, 0xfb, 0x13, 0xfa, 0xf2,
  0xea, 0x91, 0xf2, 0xb2, 0xca, 0x50, 0xda, 0xb1, 0xfa, 0xf3, 0xfb, 0x13,
  0xfa, 0xf3, 0xea, 0x0f, 0xfb, 0x13, 0xfb, 0x13, 0xfb, 0x34, 0xfa, 0xd2,
  0xc1, 0x8d, 0xda, 0x2f, 0xfb, 0x34, 0xfb, 0x33, 0xfa, 0xf3, 0xea, 0x2f,
  0xfa, 0xd2, 0xfa, 0xf3, 0xfb, 0x13, 0xe2, 0x0f, 0xfa, 0xb2, 0xfa, 0xf3,
  0xfa, 0xd2, 0xe1, 0xce, 0xf2, 0x71, 0xfb, 0x34, 0xea, 0x71, 0xf2, 0x71,
  0x9a, 0xd0, 0x8a, 0x0d, 0xb9, 0xee, 0xd2, 0xb0, 0xfb, 0x14, 0xfa, 0xf3,
  0xf2, 0x71, 0xf2, 0x30, 0xfa, 0xd3, 0xfb, 0x13, 0xea, 0x50, 0xf2, 0x50,
  0xfa, 0xf3, 0xfa, 0x91, 0xe2, 0x50, 0xfb, 0x13, 0xe3, 0x94, 0xba, 0x0e,
  0xe2, 0x71, 0xf2, 0xb2, 0xea, 0x30, 0xfa, 0x91, 0xfa, 0xf3, 0xea, 0x0f,
  0xfb, 0x54, 0xfa, 0xb2, 0xea, 0x91, 0xfb, 0x13, 0xe2, 0x10, 0xfb, 0x34,
  0xea, 0x70, 0xfa, 0xb2, 0xfb, 0x13, 0xe2, 0x2f, 0xfb, 0x54, 0xea, 0x70,
  0xfb, 0x13, 0xfb, 0x54, 0xe2, 0x30, 0xfa, 0xb2, 0xfa, 0xb2, 0xf2, 0x50,
  0xfb, 0x54, 0xea, 0x70, 0xfa, 0xd3, 0xfa, 0x71, 0xe2, 0x71, 0xda, 0x30,
  0xcd, 0xfa, 0xe6, 0x9c, 0xe6, 0x3c, 0xee, 0x3c, 0xee, 0x7c, 0xf6, 0x9c,
  0xe6, 0xdd, 0xff, 0xbf, 0x9c, 0xd7, 0xc5, 0xba, 0xbd, 0xba, 0xce, 0x1c,
  0xff, 0x39, 0xff, 0x3a, 0xff, 0x19, 0xff, 0x5a, 0xff, 0x3a, 0xff, 0x3a,
  0xff, 0x3a, 0xff, 0x3a, 0xfe, 0xf9, 0xff, 0x3a, 0xff, 0x5a, 0xff, 0x5a,
  0xff, 0x3a, 0xff, 0x7b, 0xff, 0x39, 0xff, 0x3a, 0xff, 0x3a, 0xff, 0x5a,
  0xff, 0x3a, 0xff, 0x5a, 0xff, 0x5a, 0xff, 0x5a, 0xff, 0x3a, 0xff, 0x5a,
  0xff, 0x39, 0xff, 0x3a, 0xff, 0x3a, 0xff, 0x5b, 0xff, 0x3a, 0xff, 0x5a,
  0xff, 0x3a, 0xff, 0x3a, 0xff, 0x19, 0xff, 0x3a, 0xff, 0x3a, 0xff, 0x5b,
  0xff, 0x3a, 0xff, 0x3a, 0xff, 0x3a, 0xff, 0x5a, 0xff, 0x3a, 0xff, 0x3a,
  0xff, 0x18, 0xf6, 0xf8, 0xe6, 0xf8, 0xe6, 0xf9, 0xef, 0x3b, 0xf7, 0x7c,
  0xff, 0x7c, 0xf7, 0x7d, 0xff, 0x5c, 0xf7, 0x7c, 0xff, 0x5c, 0xf7, 0x5c,
  0xff, 0x5c, 0xf7, 0x7c, 0xf7, 0x5b, 0xf7, 0x7c, 0xf7, 0x5c, 0xf7, 0x7c,
  0xff, 0x5c, 0xf7, 0x3c, 0xff, 0xbe, 0x9c, 0xd3, 0x9c, 0x76, 0xc5, 0xfc,
  0xc5, 0xb9, 0xd6, 0x7c, 0xf7, 0x5f, 0xc5, 0xfa, 0xcd, 0xfa, 0xe6, 0xfe,
  0xe6, 0xdd, 0xbd, 0x99, 0xd5, 0xfc, 0xce, 0x1c, 0xd6, 0x7a, 0xff, 0xff,
  0xff, 0x9f, 0xad, 0x35, 0xc2, 0x90, 0xd3, 0x12, 0xfb, 0x12, 0xfa, 0xf2,
  0xfb, 0x53, 0xf2, 0xf2, 0xfb, 0x74, 0xf2, 0xf2, 0xfa, 0xf2, 0xfa, 0xf3,
  0xfa, 0x91, 0xfa, 0xd2, 0xf2, 0x91, 0xfb, 0x54, 0xf2, 0x91, 0xfb, 0x53,
  0xf2, 0x70, 0xfb, 0x33, 0xf2, 0x70, 0xfa, 0xd2, 0xfa, 0xb1, 0xf2, 0x91,
  0xf2, 0xb1, 0xf2, 0xd2, 0xd1, 0xee, 0xea, 0xf2, 0xfa, 0x71, 0xfa, 0xf3,
  0xfa, 0xb1, 0xf2, 0x71, 0xeb, 0xb4, 0xa9, 0xed, 0xba, 0x2e, 0xd3, 0x12,
  0xfa, 0xf2, 0xf2, 0x50, 0xfa, 0xf2, 0xf2, 0x91, 0xfa, 0xd1, 0xfa, 0xf2,
  0xfa, 0xf2, 0xf2, 0xd2, 0xfb, 0x12, 0xea, 0x91, 0xfb, 0x33, 0xf2, 0x91,
  0xf3, 0x53, 0xfb, 0xb4, 0xa1, 0xcc, 0xdb, 0x93, 0xfa, 0xd1, 0xfb, 0x33,
  0xfa, 0xd2, 0xf2, 0x91, 0xfa, 0xb1, 0xf2, 0x91, 0xfb, 0x94, 0xca, 0x0e,
  0xda, 0xb1, 0xf3, 0x94, 0xfb, 0x13, 0xea, 0x50, 0xfa, 0xb1, 0xfb, 0x33,
  0xf2, 0x70, 0xfb, 0x13, 0xfb, 0x54, 0xe2, 0x50, 0xfb, 0x12, 0xfb, 0x33,
  0xf2, 0xb1, 0xea, 0x71, 0xda, 0x90, 0xe2, 0xf2, 0xfa, 0x70, 0xfa, 0xf2,
  0xfa, 0xd2, 0xf2, 0x91, 0xfa, 0x91, 0xfa, 0xf2, 0xfa, 0xb2, 0xfb, 0x34,
  0xe2, 0x90, 0xda, 0x90, 0xf2, 0x0f, 0xfa, 0xd2, 0xfa, 0xd2, 0xf2, 0x51,
  0xea, 0x0f, 0xfa, 0xf3, 0xfb, 0x13, 0xfb, 0x13, 0xea, 0x2f, 0xfa, 0xb1,
  0xfb, 0x13, 0xfa, 0xd2, 0xe1, 0xce, 0xfa, 0xf2, 0xfb, 0x33, 0xfa, 0xb2,
  0xaa, 0x2e, 0x9a, 0x0d, 0xe2, 0x90, 0xe2, 0xd1, 0xf2, 0x50, 0xfa, 0xf3,
  0xfb, 0x13, 0xea, 0x50, 0xf2, 0x91, 0xfb, 0x74, 0xfa, 0xf2, 0xf2, 0x91,
  0xfa, 0xb1, 0xfa, 0xd2, 0xfa, 0x91, 0xea, 0x50, 0xf3, 0xb4, 0xca, 0x90,
  0xc2, 0x0e, 0xe3, 0x32, 0xfa, 0xb1, 0xea, 0x30, 0xfb, 0x13, 0xf2, 0x91,
  0xf2, 0x70, 0xfb, 0x54, 0xf2, 0x50, 0xfa, 0xd2, 0xea, 0x0f, 0xfa, 0xb2,
  0xfa, 0x91, 0xea, 0x0f, 0xfb, 0x53, 0xea, 0x91, 0xfa, 0xb1, 0xf2, 0x91,
  0xea, 0x0f, 0xfb, 0x13, 0xf2, 0x50, 0xf2, 0x71, 0xfa, 0xf2, 0xf2, 0x50,
  0xfa, 0xf2, 0xfa, 0xf2, 0xf2, 0x70, 0xfa, 0xf3, 0xfa, 0x70, 0xfa, 0x91,
  0xc4, 0x94, 0xfe, 0xde, 0xd5, 0xfa, 0xde, 0x7d, 0xe6, 0x3a, 0xe6, 0x3b,
  0xff, 0x5e, 0xe6, 0xfd, 0xa4, 0xd7, 0xc5, 0xfb, 0xc5, 0xba, 0xc5, 0xfb,
  0xff, 0x3a, 0xff, 0x3a, 0xff, 0x3a, 0xff, 0x3a, 0xff, 0x3a, 0xff, 0x3a,
  0xff, 0x3a, 0xff, 0x1a, 0xff, 0x3a, 0xff, 0x3a, 0xff, 0x5b, 0xff, 0x3a,
  0xff, 0x3a, 0xff, 0x3a, 0xf7, 0x1a, 0xff, 0x19, 0xff, 0x5b, 0xff, 0x3a,
  0xff, 0x5a, 0xff, 0x3a, 0xff, 0x3a, 0xff, 0x5a, 0xff, 0x5b, 0xff, 0x3a,
  0xff, 0x3a, 0xff, 0x3a, 0xff, 0x3a, 0xff, 0x3a, 0xff, 0x3a, 0xff, 0x3a,
  0xff, 0x5b, 0xff, 0x3a, 0xff, 0x3a, 0xff, 0x3a, 0xff, 0x5b, 0xff, 0x3a,
  0xff, 0x3a, 0xff, 0x1a, 0xff, 0x5b, 0xff, 0x3b, 0xff, 0x5a, 0xf7, 0x39,
  0xe6, 0xf9, 0xe6, 0xf9, 0xef, 0x5b, 0xf7, 0x7b, 0xf7, 0x9d, 0xff, 0x7c,
  0xf7, 0x7d, 0xf7, 0x5c, 0xf7, 0x5d, 0xff, 0x5c, 0xf7, 0x7d, 0xff, 0x5c,
  0xf7, 0x5d, 0xf7, 0x5c, 0xf7, 0x5c, 0xf7, 0x5c, 0xf7, 0x7c, 0xf7, 0x5c,
  0xf7, 0x3c, 0xf7, 0x1c, 0xf7, 0xbe, 0xb5, 0x75, 0x83, 0xf4, 0xce, 0x1d,
  0xbd, 0xb9, 0xee, 0xde, 0xde, 0xbe, 0xc5, 0xba, 0xbd, 0xba, 0xee, 0xde,
  0xde, 0xbe, 0xbd, 0x79, 0xc5, 0xdc, 0xc5, 0xbb, 0xc5, 0xf9, 0xff, 0xbf,
  0xff, 0xbf, 0x9c, 0x93, 0xc2, 0x4f, 0xe3, 0x12, 0xfa, 0xf3, 0xfa, 0xb2,
  0xfb, 0x13, 0xf2, 0xb1, 0xfb, 0x54, 0xfa, 0xf2, 0xf2, 0xb2, 0xf2, 0x70,
  0xf2, 0x91, 0xfa, 0xf2, 0xf2, 0xd2, 0xfb, 0x54, 0xe2, 0x71, 0xfb, 0x13,
  0xf2, 0xb2, 0xfa, 0xd2, 0xea, 0x71, 0xfa, 0xf3, 0xf2, 0x91, 0xf2, 0x71,
  0xea, 0xd2, 0xf2, 0xb1, 0xc1, 0xee, 0xe2, 0xd1, 0xf2, 0x92, 0xfa, 0xb2,
  0xfa, 0xd3, 0xf2, 0x91, 0xf3, 0xd6, 0xb1, 0xad, 0xba, 0x0f, 0xd2, 0xb1,
  0xfb, 0x13, 0xf2, 0x50, 0xfa, 0xf3, 0xf2, 0x71, 0xfa, 0xd2, 0xfa, 0x91,
  0xfb, 0x13, 0xfa, 0xb1, 0xfb, 0x33, 0xe2, 0x2f, 0xfb, 0x34, 0xfa, 0x91,
  0xf2, 0xf3, 0xfb, 0x54, 0xb1, 0xae, 0xe3, 0x13, 0xfa, 0xb2, 0xfa, 0x91,
  0xfb, 0x54, 0xea, 0x91, 0xfa, 0xd2, 0xea, 0x50, 0xfb, 0x54, 0xea, 0x91,
  0xc2, 0x0f, 0xe2, 0xf2, 0xfb, 0x14, 0xfa, 0xd2, 0xe2, 0xb1, 0xfb, 0x74,
  0xf3, 0x33, 0xe2, 0x70, 0xfb, 0x54, 0xfb, 0x13, 0xea, 0x30, 0xfa, 0xd2,
  0xfb, 0x33, 0xea, 0xb1, 0xa1, 0x6c, 0xdb, 0x33, 0xfa, 0xb2, 0xf2, 0x30,
  0xfa, 0xf3, 0xfa, 0xd2, 0xf2, 0x71, 0xf2, 0x91, 0xfb, 0x34, 0xfb, 0x54,
  0xea, 0xd2, 0xea, 0x91, 0xf2, 0xb2, 0xea, 0x30, 0xfb, 0x13, 0xfa, 0xf2,
  0xf2, 0x51, 0xe9, 0xcf, 0xfa, 0xf3, 0xfb, 0x13, 0xfa, 0xf3, 0xea, 0x30,
  0xf2, 0x71, 0xfb, 0x13, 0xfa, 0xb2, 0xea, 0x0f, 0xf3, 0x13, 0xfb, 0x33,
  0xa9, 0xce, 0xca, 0x91, 0xfa, 0xf3, 0xfb, 0x13, 0xf2, 0x30, 0xf2, 0x10,
  0xfa, 0xf3, 0xfa, 0xf3, 0xe2, 0x30, 0xfa, 0xb1, 0xfa, 0xf3, 0xfa, 0xb2,
  0xea, 0x30, 0xfa, 0x91, 0xfb, 0x54, 0xf2, 0x71, 0xe2, 0x91, 0xfb, 0x13,
  0xc2, 0x0e, 0xd2, 0x6f, 0xfa, 0xb2, 0xf2, 0x50, 0xfa, 0xd3, 0xfa, 0xb2,
  0xe2, 0x30, 0xfb, 0x33, 0xea, 0x51, 0xfa, 0x91, 0xfa, 0x92, 0xf2, 0x30,
  0xfb, 0x13, 0xea, 0x2f, 0xfb, 0x54, 0xf2, 0x91, 0xea, 0x50, 0xfa, 0xf3,
  0xe2, 0x0f, 0xfa, 0xf2, 0xfa, 0xd3, 0xe9, 0xef, 0xfa, 0xf3, 0xf2, 0x70,
  0xf2, 0x91, 0xfa, 0xf3, 0xea, 0x30, 0xfa, 0xd2, 0xfa, 0x71, 0xfa, 0x30,
  0xb3, 0x72, 0xfe, 0x1c, 0xd6, 0x3b, 0xd6, 0x1b, 0xde, 0x7c, 0xff, 0x5f,
  0xff, 0xff, 0xc6, 0x18, 0xad, 0x59, 0xc5, 0xda, 0xb5, 0x9b, 0xc5, 0xbb,
  0xff, 0x19, 0xff, 0x3a, 0xff, 0x3a, 0xff, 0x5a, 0xff, 0x39, 0xf7, 0x19,
  0xff, 0x19, 0xff, 0x5a, 0xff, 0x19, 0xff, 0x3a, 0xff, 0x3a, 0xff, 0x3a,
  0xff, 0x3a, 0xff, 0x5a, 0xff, 0x19, 0xf7, 0x19, 0xff, 0x5a, 0xff, 0x3a,
  0xff, 0x19, 0xff, 0x5a, 0xff, 0x3a, 0xff, 0x3a, 0xff, 0x39, 0xff, 0x5a,
  0xff, 0x39, 0xff, 0x3a, 0xff, 0x3a, 0xff, 0x3a, 0xff, 0x19, 0xff, 0x3a,
  0xff, 0x3a, 0xff, 0x5a, 0xff, 0x19, 0xff, 0x3a, 0xff, 0x19, 0xff, 0x5a,
  0xff, 0x3a, 0xff, 0x5a, 0xff, 0x3a, 0xff, 0x5a, 0xef, 0x18, 0xe6, 0xf8,
  0xef, 0x5b, 0xf7, 0x9c, 0xff, 0x7c, 0xf7, 0x7c, 0xff, 0x5c, 0xf7, 0x5c,
  0xff, 0x5c, 0xf7, 0x7d, 0xff, 0x7c, 0xf7, 0x7c, 0xf7, 0x5c, 0xf7, 0x7c,
  0xff, 0x5c, 0xf7, 0x7c, 0xf7, 0x3b, 0xf7, 0x5c, 0xf7, 0x5c, 0xf7, 0x5c,
  0xff, 0x3b, 0xf7, 0x3c, 0xf7, 0x7c, 0xde, 0xda, 0x7b, 0x92, 0xbd, 0xdb,
  0xc5, 0xd9, 0xf7, 0x5f, 0xc5, 0xba, 0xce, 0x1b, 0xc5, 0xb9, 0xef, 0x1e,
  0xd6, 0x5c, 0xbd, 0x9a, 0xc5, 0xbb, 0xbd, 0xbb, 0xcd, 0xf9, 0xf7, 0x7f,
  0xf7, 0x5e, 0x94, 0x93, 0xd2, 0x6f, 0xe3, 0x53, 0xfa, 0xb2, 0xf2, 0x91,
  0xfb, 0x33, 0xf2, 0xd2, 0xfb, 0x12, 0xf2, 0xf2, 0xfb, 0x13, 0xf2, 0xd2,
  0xf2, 0x70, 0xfb, 0x33, 0xf2, 0xb1, 0xfb, 0x33, 0xfa, 0xf2, 0xfb, 0x74,
  0xf2, 0xb1, 0xfa, 0xf2, 0xf2, 0x50, 0xfa, 0xf3, 0xfa, 0xd1, 0xf2, 0xf2,
  0xf2, 0x90, 0xfb, 0x13, 0xda, 0x70, 0xda, 0xd1, 0xfa, 0xb2, 0xfa, 0x92,
  0xfa, 0xf2, 0xf2, 0xb2, 0xfb, 0xb5, 0xda, 0x91, 0xb1, 0xcd, 0xba, 0x6f,
  0xfb, 0x54, 0xf2, 0xd1, 0xfb, 0x53, 0xfa, 0xf2, 0xfa, 0xf2, 0xf2, 0xd2,
  0xfa, 0xf2, 0xea, 0x91, 0xfb, 0x53, 0xf2, 0xd2, 0xfb, 0x33, 0xfa, 0xf2,
  0xda, 0xd1, 0xda, 0xf1, 0x71, 0x69, 0xa3, 0x51, 0xfb, 0x53, 0xea, 0xb1,
  0xfb, 0x54, 0xe2, 0x50, 0xfa, 0xf2, 0xf2, 0xb1, 0xfb, 0x33, 0xf2, 0xb1,
  0xd2, 0x8f, 0xca, 0xb0, 0xfb, 0x74, 0xfb, 0x33, 0xf2, 0xb1, 0xfb, 0x13,
  0xfb, 0x53, 0xfa, 0xf2, 0xfb, 0x12, 0xfb, 0x53, 0xfa, 0xb2, 0xf2, 0x70,
  0xfb, 0x33, 0xfb, 0x54, 0xba, 0x0d, 0xca, 0xd1, 0xfb, 0x33, 0xfa, 0xd2,
  0xf2, 0x90, 0xfb, 0x33, 0xfa, 0xd2, 0xe2, 0x0f, 0xfa, 0xf2, 0xfb, 0x94,
  0xfa, 0xf2, 0xda, 0x2f, 0xfb, 0x33, 0xf2, 0xd2, 0xf2, 0x50, 0xfb, 0x13,
  0xfb, 0x13, 0xea, 0x50, 0xf2, 0x2f, 0xfb, 0x33, 0xfa, 0xd2, 0xfb, 0x33,
  0xea, 0x2f, 0xfb, 0x13, 0xfb, 0x13, 0xfa, 0xb2, 0xd2, 0x90, 0xc2, 0x4f,
  0xa1, 0x8b, 0xcb, 0x32, 0xf2, 0x50, 0xfb, 0x34, 0xfb, 0x12, 0xea, 0x50,
  0xf2, 0x50, 0xfb, 0x13, 0xfa, 0xd2, 0xea, 0x50, 0xfa, 0xd2, 0xfb, 0x34,
  0xfa, 0xb1, 0xea, 0x50, 0xfb, 0x53, 0xfb, 0x54, 0xea, 0x91, 0xfb, 0x54,
  0xda, 0xb0, 0xca, 0x6f, 0xf2, 0x50, 0xf2, 0x92, 0xea, 0x70, 0xfb, 0xb5,
  0xea, 0x0f, 0xfa, 0xd2, 0xfb, 0x13, 0xea, 0x70, 0xfb, 0x13, 0xea, 0x50,
  0xfa, 0xd2, 0xfa, 0xb2, 0xfa, 0xb1, 0xfb, 0x33, 0xe9, 0xef, 0xfb, 0x13,
  0xfa, 0xd2, 0xf2, 0xb1, 0xfb, 0x13, 0xf2, 0x91, 0xfa, 0xb1, 0xfa, 0xf2,
  0xea, 0x0f, 0xfa, 0xf3, 0xf2, 0x70, 0xfa, 0xf2, 0xfb, 0x13, 0xfa, 0xb2,
  0xcb, 0x10, 0xf4, 0x97, 0xf7, 0xdf, 0xef, 0x9f, 0xff, 0xff, 0xff, 0xff,
  0xff, 0xff, 0xad, 0x76, 0xc5, 0xba, 0xbd, 0xdb, 0xc5, 0xb9, 0xc5, 0xda,
  0xff, 0x3a, 0xff, 0x3a, 0xff, 0x3a, 0xff, 0x19, 0xf7, 0x1a, 0xff, 0x1a,
  0xff, 0x3a, 0xff, 0x1a, 0xf7, 0x1a, 0xff, 0x19, 0xf7, 0x1a, 0xff, 0x3a,
  0xff, 0x3a, 0xff, 0x3a, 0xf7, 0x1a, 0xff, 0x1a, 0xff, 0x5a, 0xff, 0x1a,
  0xff, 0x3a, 0xff, 0x3a, 0xff, 0x5a, 0xff, 0x3a, 0xff, 0x3a, 0xff, 0x1a,
  0xff, 0x5b, 0xff, 0x3a, 0xff, 0x3a, 0xff, 0x3a, 0xff, 0x5b, 0xff, 0x3a,
  0xff, 0x3a, 0xff, 0x3a, 0xff, 0x3a, 0xff, 0x3a, 0xff, 0x5a, 0xff, 0x3a,
  0xf7, 0x3a, 0xff, 0x3a, 0xf7, 0x3a, 0xee, 0xd8, 0xe7, 0x3b, 0xf7, 0x5b,
  0xf7, 0x7d, 0xf7, 0x5c, 0xf7, 0x7d, 0xff, 0x7c, 0xf7, 0x7d, 0xff, 0x5c,
  0xf7, 0x7d, 0xff, 0x7c, 0xf7, 0x7d, 0xf7, 0x5c, 0xf7, 0x5c, 0xf7, 0x3c,
  0xf7, 0x5d, 0xf7, 0x3c, 0xf7, 0x5c, 0xff, 0x5c, 0xf7, 0x5c, 0xf7, 0x3c,
  0xf7, 0x5c, 0xf7, 0x3c, 0xef, 0x5c, 0xff, 0x7c, 0x7b, 0xd2, 0x94, 0x74,
  0xe7, 0x1e, 0xe6, 0xdd, 0xc5, 0xbb, 0xcd, 0xdb, 0xc5, 0xda, 0xef, 0x1f,
  0xce, 0x1c, 0xc5, 0x9a, 0xc5, 0xdc, 0xc5, 0xbb, 0xbd, 0x99, 0xe6, 0xde,
  0xff, 0x9f, 0x9c, 0x52, 0xd2, 0x70, 0xeb, 0x33, 0xfa, 0xd2, 0xfb, 0x13,
  0xfb, 0x75, 0xea, 0xb1, 0xfb, 0x34, 0xf2, 0xb1, 0xfb, 0x34, 0xf2, 0xd2,
  0xf2, 0xd2, 0xfa, 0xf2, 0xea, 0xb1, 0xfb, 0x13, 0xea, 0xb2, 0xfa, 0xf2,
  0xfa, 0xd2, 0xf2, 0x91, 0xf2, 0xb2, 0xfb, 0x13, 0xea, 0xb2, 0xf2, 0xb1,
  0xf2, 0xd2, 0xfb, 0x13, 0xd2, 0xd1, 0xda, 0xf1, 0xfa, 0xf3, 0xfa, 0xd2,
  0xfb, 0x34, 0xf2, 0xb1, 0xfb, 0x34, 0xea, 0x71, 0xcb, 0x32, 0xa1, 0xac,
  0xfb, 0x34, 0xe2, 0x71, 0xfb, 0x34, 0xfa, 0xd2, 0xf2, 0xd2, 0xfa, 0xd2,
  0xf2, 0xd2, 0xfa, 0xd2, 0xfb, 0x13, 0xf2, 0xb1, 0xfb, 0x13, 0xfb, 0x13,
  0xe2, 0xd2, 0xe2, 0xd1, 0x69, 0xab, 0x82, 0x4d, 0xfb, 0x53, 0xea, 0xd1,
  0xfb, 0x54, 0xea, 0x30, 0xfb, 0x54, 0xea, 0x91, 0xfb, 0x13, 0xfa, 0xb2,
  0xe3, 0x33, 0xca, 0x6f, 0xe2, 0xf2, 0xfb, 0x74, 0xfa, 0xd3, 0xf2, 0x50,
  0xfb, 0x13, 0xfb, 0x33, 0xea, 0x30, 0xfa, 0xd2, 0xfb, 0x13, 0xea, 0x50,
  0xf3, 0x33, 0xfb, 0x74, 0xc2, 0x50, 0xc2, 0x4f, 0xfb, 0x54, 0xfb, 0x53,
  0xea, 0x91, 0xfa, 0xd2, 0xfb, 0x13, 0xfa, 0xb2, 0xea, 0x71, 0xfb, 0x13,
  0xf3, 0x13, 0xda, 0x2f, 0xfb, 0x34, 0xfb, 0x33, 0xea, 0x10, 0xf2, 0x30,
  0xfb, 0x33, 0xfb, 0x33, 0xea, 0x50, 0xea, 0x0f, 0xfb, 0x34, 0xfa, 0xd2,
  0xfa, 0xf2, 0xea, 0x50, 0xfa, 0xd3, 0xfa, 0xf3, 0xe3, 0x12, 0xb9, 0x8d,
  0xa1, 0xcd, 0xdb, 0x93, 0xf2, 0x92, 0xfa, 0x91, 0xfb, 0x13, 0xfb, 0x74,
  0xea, 0x71, 0xf2, 0x91, 0xfb, 0x34, 0xfa, 0xf3, 0xea, 0x91, 0xfa, 0xf3,
  0xfb, 0x34, 0xf2, 0x71, 0xea, 0x70, 0xfb, 0x13, 0xfb, 0x33, 0xe2, 0x0f,
  0xe3, 0x12, 0xd2, 0x4f, 0xda, 0x50, 0xfb, 0x13, 0xf2, 0x71, 0xfa, 0xf3,
  0xf2, 0x91, 0xea, 0x50, 0xfb, 0x75, 0xf2, 0xb1, 0xfb, 0x13, 0xf2, 0xb1,
  0xf2, 0x71, 0xfa, 0xf3, 0xea, 0x71, 0xfa, 0xf2, 0xf2, 0x71, 0xfa, 0xb2,
  0xfa, 0xf3, 0xe2, 0x0f, 0xfa, 0xf3, 0xfa, 0xf2, 0xea, 0x30, 0xfa, 0xd3,
  0xea, 0x50, 0xfa, 0xb2, 0xfa, 0xf2, 0xea, 0x30, 0xfb, 0x14, 0xfa, 0x51,
  0xe3, 0x32, 0xeb, 0x32, 0xf7, 0xbf, 0xff, 0xff, 0xff, 0xff, 0xff, 0xff,
  0xe7, 0x1f, 0xa4, 0xd6, 0xbd, 0xdb, 0xcd, 0xdc, 0xbd, 0xbb, 0xbd, 0x9a,
  0xff, 0x19, 0xff, 0x3a, 0xff, 0x39, 0xf7, 0x19, 0xff, 0x19, 0xff, 0x3a,
  0xff, 0x19, 0xff, 0x3a, 0xff, 0x3a, 0xff, 0x3a, 0xff, 0x19, 0xff, 0x5a,
  0xff, 0x3a, 0xff, 0x5a, 0xff, 0x39, 0xff, 0x5a, 0xff, 0x19, 0xff, 0x3a,
  0xff, 0x3a, 0xff, 0x3a, 0xff, 0x3a, 0xff, 0x3a, 0xff, 0x5a, 0xff, 0x5a,
  0xff, 0x3a, 0xff, 0x5a, 0xff, 0x39, 0xff, 0x3a, 0xff, 0x3a, 0xff, 0x3a,
  0xff, 0x3a, 0xff, 0x5a, 0xff, 0x3a, 0xf7, 0x3a, 0xff, 0x3a, 0xff, 0x3a,
  0xff, 0x39, 0xf7, 0x18, 0xe6, 0xf9, 0xef, 0x7b, 0xff, 0x7d, 0xf7, 0x7d,
  0xff, 0x7c, 0xff, 0x7d, 0xff, 0x7c, 0xff, 0x7d, 0xff, 0x7c, 0xff, 0x9d,
  0xff, 0x7c, 0xf7, 0x7c, 0xff, 0x5c, 0xf7, 0x7c, 0xff, 0x7c, 0xf7, 0x5c,
  0xf7, 0x3b, 0xf7, 0x5c, 0xff, 0x5c, 0xf7, 0x7c, 0xf7, 0x3b, 0xf7, 0x5c,
  0xf7, 0x3b, 0xef, 0x3c, 0xf7, 0x3b, 0xff, 0x9d, 0xce, 0x3a, 0x63, 0x2d,
  0xf7, 0x5f, 0xd6, 0x7c, 0xc5, 0x9a, 0xc5, 0xdb, 0xcd, 0xfa, 0xef, 0x5f,
  0xcd, 0xfb, 0xc5, 0xda, 0xcd, 0xdb, 0xcd, 0xfc, 0xc5, 0xb9, 0xd6, 0x7c,
  0xff, 0x9f, 0x8b, 0xf1, 0xd2, 0x4f, 0xeb, 0x53, 0xfa, 0xf2, 0xfa, 0xf2,
  0xfb, 0x54, 0xf2, 0xf2, 0xfb, 0x53, 0xf3, 0x13, 0xfb, 0x33, 0xf2, 0xf2,
  0xfa, 0xd2, 0xfb, 0x13, 0xf2, 0xd1, 0xfb, 0x54, 0xf2, 0xd1, 0xfb, 0x13,
  0xfa, 0xd2, 0xf2, 0xb1, 0xfa, 0xd2, 0xfb, 0x54, 0xf2, 0xb1, 0xf2, 0xf2,
  0xf2, 0xb1, 0xf2, 0xd2, 0xd2, 0xb0, 0xd2, 0xf1, 0xf2, 0xb1, 0xf2, 0xf2,
  0xfb, 0x12, 0xea, 0x70, 0xfa, 0xf2, 0xf2, 0x91, 0xd3, 0xf4, 0x81, 0xab,
  0xc2, 0x6f, 0xca, 0xf1, 0xfb, 0x13, 0xfa, 0xf2, 0xf2, 0x91, 0xfb, 0x13,
  0xf2, 0xb1, 0xfb, 0x33, 0xfb, 0x53, 0xfa, 0xf2, 0xfa, 0xf2, 0xfb, 0x74,
  0xe2, 0x90, 0xfb, 0x74, 0xaa, 0x0e, 0xb2, 0x90, 0xfb, 0x33, 0xea, 0x70,
  0xfb, 0x74, 0xea, 0xb1, 0xf2, 0xd1, 0xf2, 0xf2, 0xfb, 0x12, 0xfb, 0x13,
  0xf3, 0x32, 0xf3, 0x53, 0xc2, 0x0e, 0xf3, 0xb4, 0xfb, 0x53, 0xfb, 0x13,
  0xf2, 0xb1, 0xfb, 0x53, 0xfa, 0xb2, 0xf2, 0xb2, 0xfb, 0x12, 0xfb, 0x33,
  0xf2, 0xb1, 0xfb, 0x74, 0xd2, 0xd0, 0xb2, 0x2e, 0xfa, 0xb1, 0xfb, 0x13,
  0xfb, 0x33, 0xea, 0x70, 0xfa, 0xd2, 0xfa, 0xf3, 0xfa, 0x71, 0xf2, 0x50,
  0xfb, 0x73, 0xda, 0xb1, 0xda, 0x4f, 0xfb, 0x74, 0xfa, 0xf2, 0xea, 0x30,
  0xf2, 0x50, 0xfb, 0x13, 0xfa, 0xf2, 0xea, 0x30, 0xf2, 0x50, 0xfb, 0x74,
  0xfb, 0x33, 0xf2, 0xd2, 0xea, 0x0f, 0xfa, 0xd2, 0xf3, 0x94, 0xca, 0x4f,
  0xc9, 0xcd, 0xf3, 0x74, 0xfb, 0x33, 0xf2, 0x91, 0xf2, 0x70, 0xfb, 0x54,
  0xfb, 0x33, 0xf2, 0xb1, 0xfa, 0xd1, 0xfb, 0x95, 0xfa, 0xf2, 0xea, 0x50,
  0xfb, 0x53, 0xfb, 0x54, 0xfa, 0x91, 0xf2, 0xb1, 0xfb, 0x13, 0xfa, 0xb2,
  0xea, 0xd1, 0xe2, 0x90, 0xca, 0x4e, 0xe3, 0x32, 0xfa, 0x91, 0xf2, 0x91,
  0xfb, 0x53, 0xe2, 0x2f, 0xfa, 0xf2, 0xfb, 0x33, 0xf2, 0x91, 0xfb, 0x13,
  0xe9, 0xef, 0xfb, 0x13, 0xf2, 0x90, 0xf2, 0xb1, 0xfb, 0x74, 0xe2, 0x2f,
  0xfb, 0x13, 0xea, 0x50, 0xfa, 0x91, 0xfb, 0x34, 0xf2, 0x2f, 0xfa, 0xd2,
  0xfa, 0xb1, 0xea, 0x50, 0xfb, 0x54, 0xf2, 0x91, 0xfb, 0x12, 0xfa, 0xf2,
  0xea, 0x91, 0xe2, 0x91, 0xde, 0x19, 0xff, 0xff, 0xff, 0xff, 0xe7, 0x5d,
  0xb5, 0x38, 0xb5, 0x59, 0xcd, 0xdb, 0xc5, 0xbb, 0xc5, 0xda, 0xde, 0xbd,
  0xff, 0x3a, 0xff, 0x1a, 0xff, 0x3a, 0xff, 0x1a, 0xff, 0x3a, 0xff, 0x1a,
  0xf7, 0x1a, 0xff, 0x1a, 0xf7, 0x1a, 0xff, 0x1a, 0xff, 0x5b, 0xff, 0x1a,
  0xff, 0x3a, 0xff, 0x3a, 0xff, 0x3a, 0xff, 0x3a, 0xf7, 0x3a, 0xff, 0x3a,
  0xff, 0x3a, 0xfe, 0xf9, 0xff, 0x3a, 0xff, 0x3a, 0xff, 0x3a, 0xff, 0x3a,
  0xff, 0x5a, 0xff, 0x3a, 0xff, 0x5b, 0xff, 0x1a, 0xf7, 0x3a, 0xff, 0x3a,
  0xff, 0x3a, 0xff, 0x1a, 0xff, 0x5b, 0xff, 0x3a, 0xf7, 0x3a, 0xff, 0x3a,
  0xef, 0x3a, 0xee, 0xd9, 0xef, 0x7c, 0xf7, 0x7c, 0xf7, 0x7d, 0xff, 0x7d,
  0xff, 0x9d, 0xf7, 0x5c, 0xf7, 0x7d, 0xff, 0x7d, 0xf7, 0x7d, 0xf7, 0x5c,
  0xf7, 0x7d, 0xff, 0x5c, 0xf7, 0x5d, 0xff, 0x5c, 0xf7, 0x7d, 0xff, 0x5c,
  0xf7, 0x7d, 0xf7, 0x5c, 0xf7, 0x5c, 0xf7, 0x5c, 0xf7, 0x5c, 0xf7, 0x5c,
  0xef, 0x5c, 0xf7, 0x3b, 0xef, 0x3c, 0xf7, 0x3b, 0xf7, 0x9e, 0x94, 0x72,
  0xc5, 0xdb, 0xd6, 0x5d, 0xc5, 0xfb, 0xcd, 0xdb, 0xc5, 0xda, 0xf7, 0x3f,
  0xce, 0x3c, 0xc5, 0x9a, 0xc5, 0xdb, 0xc5, 0xbb, 0xbd, 0xba, 0xd6, 0x7c,
  0xff, 0x3f, 0x9c, 0x12, 0xeb, 0x13, 0xea, 0xd2, 0xf3, 0x13, 0xf2, 0xd1,
  0xfb, 0x54, 0xf2, 0xd2, 0xfb, 0x34, 0xf2, 0x91, 0xfb, 0x33, 0xf2, 0xf2,
  0xfb, 0x33, 0xfa, 0xf2, 0xf2, 0x91, 0xfb, 0x13, 0xf3, 0x13, 0xf2, 0xd1,
  0xfa, 0xf3, 0xfa, 0xd2, 0xea, 0xb2, 0xfa, 0xf2, 0xf2, 0xf3, 0xfa, 0xd2,
  0xf2, 0x91, 0xfa, 0xb2, 0xe2, 0xf3, 0xd2, 0x2f, 0xe2, 0x91, 0xea, 0xb1,
  0xfb, 0x14, 0xf2, 0x71, 0xfa, 0xd3, 0xfa, 0x91, 0xcb, 0x93, 0x91, 0xab,
  0xaa, 0x0e, 0xd3, 0x12, 0xfa, 0xb2, 0xfa, 0xf3, 0xe2, 0x50, 0xfb, 0x13,
  0xea, 0xb2, 0xfa, 0xd2, 0xfb, 0x33, 0xfb, 0x33, 0xf3, 0x13, 0xfb, 0x54,
  0xf3, 0x13, 0xfb, 0x33, 0xba, 0x0f, 0xda, 0xd1, 0xfb, 0x54, 0xf2, 0x91,
  0xfb, 0x74, 0xf2, 0xf2, 0xea, 0x71, 0xfa, 0xf2, 0xf2, 0xb1, 0xfb, 0x13,
  0xe2, 0x30, 0xfb, 0x54, 0xc2, 0xd0, 0xc2, 0xb0, 0xfb, 0x34, 0xfb, 0x34,
  0xea, 0xb1, 0xfb, 0x13, 0xfb, 0x54, 0xf2, 0x71, 0xf2, 0xb2, 0xfb, 0x54,
  0xfa, 0x92, 0xfa, 0x71, 0xd3, 0x12, 0xc2, 0x2f, 0xf2, 0x91, 0xfa, 0xb2,
  0xfb, 0x13, 0xfa, 0x91, 0xea, 0x30, 0xfa, 0xd2, 0xfa, 0xf3, 0xf2, 0x2f,
  0xea, 0xf2, 0xea, 0xd1, 0xc9, 0xae, 0xfb, 0x33, 0xfb, 0x14, 0xfa, 0xd2,
  0xf2, 0x51, 0xf2, 0x30, 0xfb, 0x13, 0xfa, 0xd2, 0xea, 0x50, 0xf2, 0x71,
  0xfb, 0x54, 0xfb, 0x33, 0xfa, 0xd2, 0xf2, 0x50, 0xe3, 0x53, 0xd2, 0x50,
  0xda, 0x30, 0xda, 0x0f, 0xfb, 0x14, 0xfb, 0x13, 0xe2, 0x71, 0xf2, 0xb2,
  0xfb, 0x34, 0xfa, 0xf3, 0xea, 0x50, 0xfa, 0xd2, 0xfb, 0x34, 0xfa, 0xd2,
  0xea, 0x91, 0xfa, 0xf3, 0xfb, 0x34, 0xe2, 0x50, 0xfa, 0xf3, 0xfb, 0x13,
  0xe2, 0x91, 0xe2, 0x71, 0xca, 0x70, 0xd2, 0x70, 0xfa, 0xf3, 0xea, 0x50,
  0xfb, 0x34, 0xf2, 0x91, 0xf2, 0xb2, 0xfb, 0x13, 0xe2, 0x30, 0xfa, 0xf2,
  0xea, 0x50, 0xf2, 0x71, 0xfa, 0xd3, 0xf2, 0x30, 0xfb, 0x34, 0xf2, 0x50,
  0xfb, 0x13, 0xfa, 0xf3, 0xea, 0x30, 0xfb, 0x13, 0xf2, 0x91, 0xf2, 0x50,
  0xfa, 0xf3, 0xea, 0x30, 0xfb, 0x13, 0xfa, 0xf2, 0xea, 0xd2, 0xfb, 0x53,
  0xf2, 0xb2, 0xfa, 0xb2, 0xb4, 0x74, 0xfe, 0xbd, 0xc6, 0x5c, 0xb5, 0xb9,
  0xa4, 0xd8, 0xbd, 0x7a, 0xc5, 0xdb, 0xe6, 0xbe, 0xef, 0x5e, 0xff, 0x9e,
  0xff, 0x19, 0xff, 0x3a, 0xff, 0x19, 0xff, 0x3a, 0xff, 0x19, 0xff, 0x3a,
  0xff, 0x3a, 0xff, 0x3a, 0xff, 0x3a, 0xff, 0x3a, 0xff, 0x39, 0xff, 0x3a,
  0xff, 0x19, 0xff, 0x3a, 0xff, 0x39, 0xff, 0x3a, 0xff, 0x3a, 0xff, 0x3a,
  0xff, 0x39, 0xff, 0x3a, 0xff, 0x19, 0xff, 0x5a, 0xff, 0x39, 0xff, 0x5a,
  0xff, 0x39, 0xff, 0x3a, 0xff, 0x39, 0xff, 0x5a, 0xff, 0x3a, 0xff, 0x5a,
  0xff, 0x19, 0xff, 0x3a, 0xff, 0x3a, 0xff, 0x3a, 0xff, 0x5a, 0xf7, 0x19,
  0xe7, 0x1a, 0xf7, 0xbd, 0xff, 0x7c, 0xff, 0x7d, 0xff, 0x7c, 0xff, 0x9d,
  0xff, 0x7c, 0xf7, 0x7c, 0xff, 0x7c, 0xf7, 0x7d, 0xff, 0x7c, 0xf7, 0x7c,
  0xff, 0x5c, 0xff, 0x7d, 0xff, 0x5c, 0xf7, 0x7c, 0xff, 0x5c, 0xf7, 0x5c,
  0xff, 0x5c, 0xf7, 0x5c, 0xf7, 0x5c, 0xf7, 0x5c, 0xff, 0x5c, 0xf7, 0x5c,
  0xf7, 0x5b, 0xf7, 0x5c, 0xf7, 0x3b, 0xef, 0x3b, 0xf7, 0x5c, 0xd6, 0xb9,
  0x83, 0xb1, 0xc6, 0x1b, 0xcd, 0xda, 0xce, 0x1c, 0xce, 0x1a, 0xf7, 0x5f,
  0xce, 0x1b, 0xc5, 0xfa, 0xc5, 0xba, 0xc5, 0xdb, 0xc5, 0xda, 0xce, 0x3c,
  0xf6, 0xdd, 0x8b, 0xd1, 0xf2, 0xf2, 0xf3, 0x13, 0xfa, 0xf2, 0xf2, 0xd1,
  0xfb, 0x33, 0xf2, 0xf2, 0xfb, 0x53, 0xf2, 0xd2, 0xfb, 0x33, 0xfb, 0x13,
  0xfa, 0xd1, 0xf2, 0xd2, 0xea, 0x50, 0xfb, 0x53, 0xfa, 0xd1, 0xfa, 0xf2,
  0xfa, 0xf2, 0xf2, 0xd2, 0xf3, 0x12, 0xf3, 0x12, 0xf2, 0xd1, 0xea, 0x91,
  0xfa, 0x91, 0xfa, 0xf2, 0xea, 0xf2, 0xd2, 0x70, 0xe2, 0x90, 0xe2, 0xd1,
  0xfb, 0x54, 0xf2, 0xd2, 0xfa, 0xf2, 0xfa, 0xd2, 0xe3, 0x73, 0xba, 0x4f,
  0xa1, 0xcc, 0xd3, 0xb4, 0xfa, 0xb1, 0xfb, 0x13, 0xf2, 0x90, 0xfb, 0x13,
  0xf2, 0xb1, 0xfb, 0x13, 0xf2, 0xb1, 0xfb, 0x13, 0xea, 0x4f, 0xfb, 0x74,
  0xf2, 0xf1, 0xf3, 0x33, 0xca, 0x4e, 0xd2, 0xb0, 0xfb, 0x74, 0xf2, 0xf2,
  0xfa, 0xf2, 0xfb, 0x34, 0xea, 0x70, 0xfb, 0x13, 0xf2, 0x90, 0xfb, 0x54,
  0xf2, 0x50, 0xfb, 0x13, 0xeb, 0x73, 0xb1, 0xcd, 0xf3, 0x12, 0xf3, 0x53,
  0xfb, 0x13, 0xf2, 0x30, 0xfa, 0xf2, 0xfb, 0x13, 0xea, 0x70, 0xfb, 0x33,
  0xfb, 0x33, 0xea, 0x70, 0xda, 0xb1, 0xd2, 0x91, 0xfb, 0x12, 0xe2, 0x70,
  0xfa, 0xd2, 0xfb, 0x13, 0xf2, 0x90, 0xf2, 0x91, 0xfb, 0x33, 0xfa, 0xd2,
  0xea, 0x50, 0xf2, 0xd2, 0xf2, 0xd1, 0xda, 0x50, 0xfb, 0x13, 0xfb, 0x13,
  0xfb, 0x13, 0xe1, 0xef, 0xfa, 0x91, 0xfb, 0x33, 0xfb, 0x13, 0xea, 0x50,
  0xf2, 0xb1, 0xfa, 0xf2, 0xfb, 0x13, 0xfa, 0xf2, 0xca, 0x2f, 0xc2, 0x0e,
  0xfb, 0x33, 0xda, 0x2f, 0xfa, 0x71, 0xfb, 0x14, 0xfb, 0x33, 0xe2, 0x50,
  0xfa, 0xb2, 0xfb, 0x13, 0xfa, 0xd2, 0xe2, 0x2f, 0xfb, 0x13, 0xfb, 0x74,
  0xf2, 0x70, 0xf2, 0x91, 0xfa, 0xf2, 0xfb, 0x13, 0xea, 0x2f, 0xfa, 0xd2,
  0xfb, 0x13, 0xea, 0x71, 0xda, 0x90, 0xca, 0x2f, 0xf2, 0x71, 0xea, 0x71,
  0xfa, 0xb1, 0xfb, 0x33, 0xea, 0x2f, 0xfb, 0x13, 0xf2, 0x70, 0xf2, 0xb1,
  0xfa, 0xd2, 0xea, 0x50, 0xfb, 0x13, 0xea, 0x70, 0xfa, 0x91, 0xfa, 0xf3,
  0xea, 0x70, 0xfb, 0x74, 0xea, 0x4f, 0xfa, 0xd2, 0xfa, 0xd2, 0xf2, 0x30,
  0xfa, 0xf2, 0xfa, 0xd2, 0xf2, 0x50, 0xfb, 0x13, 0xe2, 0x2e, 0xfb, 0x33,
  0xfa, 0xb1, 0xfa, 0xb2, 0xb3, 0x72, 0xd4, 0x77, 0xc5, 0xfb, 0xad, 0x79,
  0xbd, 0x77, 0xe6, 0xfe, 0xf7, 0x5e, 0xde, 0xbc, 0xd6, 0x3b, 0xce, 0x5c,
  0xf7, 0x1a, 0xf6, 0xf9, 0xf7, 0x1a, 0xff, 0x3a, 0xf7, 0x1a, 0xff, 0x19,
  0xff, 0x3a, 0xff, 0x1a, 0xff, 0x3a, 0xff, 0x19, 0xf7, 0x1a, 0xff, 0x1a,
  0xf7, 0x1a, 0xff, 0x1a, 0xff, 0x3a, 0xff, 0x3a, 0xff, 0x3a, 0xff, 0x19,
  0xf7, 0x1a, 0xff, 0x3a, 0xff, 0x3a, 0xff, 0x19, 0xf7, 0x1a, 0xff, 0x3a,
  0xff, 0x3b, 0xff, 0x19, 0xff, 0x3a, 0xff, 0x3a, 0xff, 0x3b, 0xff, 0x1a,
  0xf7, 0x3a, 0xf6, 0xf9, 0xf7, 0x3a, 0xff, 0x1a, 0xef, 0x1a, 0xe6, 0xd9,
  0xf7, 0x7d, 0xff, 0x7c, 0xf7, 0x9d, 0xff, 0x7d, 0xff, 0x9d, 0xff, 0x7c,
  0xf7, 0x7d, 0xff, 0x7d, 0xf7, 0x7d, 0xf7, 0x5c, 0xf7, 0x7d, 0xff, 0x5c,
  0xf7, 0x7d, 0xf7, 0x5c, 0xf7, 0x5d, 0xff, 0x5c, 0xf7, 0x5c, 0xff, 0x5c,
  0xf7, 0x5c, 0xf7, 0x3c, 0xf7, 0x5d, 0xf7, 0x3c, 0xf7, 0x5c, 0xff, 0x5c,
  0xf7, 0x5c, 0xf7, 0x3c, 0xef, 0x3c, 0xef, 0x1b, 0xef, 0x1b, 0xf7, 0x5c,
  0x94, 0x95, 0x9c, 0xd5, 0xd6, 0x1d, 0xc5, 0x7a, 0xc6, 0x1b, 0xf7, 0x3f,
  0xc5, 0xfb, 0xc5, 0xda, 0xc5, 0xbb, 0xc5, 0xbb, 0xbd, 0xfb, 0xbd, 0xba,
  0xdd, 0xfb, 0x83, 0x30, 0xf2, 0xd2, 0xf2, 0xb1, 0xfa, 0xd3, 0xf2, 0x50,
  0xfb, 0x33, 0xf2, 0x91, 0xfb, 0x13, 0xfa, 0xd2, 0xfb, 0x34, 0xf2, 0xd2,
  0xf2, 0xf3, 0xfa, 0xd2, 0xea, 0xb2, 0xfb, 0x33, 0xf3, 0x13, 0xfb, 0x13,
  0xfb, 0x74, 0xfa, 0xf2, 0xf3, 0x13, 0xfb, 0x12, 0xfb, 0x54, 0xf2, 0xb1,
  0xfa, 0xb2, 0xfa, 0x91, 0xeb, 0x33, 0xe2, 0xb1, 0xd2, 0x70, 0xeb, 0x12,
  0xfb, 0x34, 0xf2, 0x91, 0xfb, 0x34, 0xf2, 0xb1, 0xf3, 0x54, 0xfb, 0x94,
  0xb2, 0x0e, 0xd3, 0x12, 0xf2, 0xd2, 0xfb, 0x75, 0xea, 0xd2, 0xfb, 0x13,
  0xf2, 0xf2, 0xfa, 0xf2, 0xf2, 0xb2, 0xfb, 0x13, 0xea, 0x91, 0xfb, 0x74,
  0xf3, 0x54, 0xf3, 0x12, 0xca, 0x90, 0xd2, 0xb0, 0xfb, 0x54, 0xfa, 0xd2,
  0xf2, 0xb2, 0xfb, 0x33, 0xe2, 0x30, 0xfa, 0xb2, 0xe2, 0x30, 0xfa, 0xf3,
  0xf2, 0xb2, 0xfa, 0xd2, 0xf3, 0x54, 0xda, 0x4f, 0xd2, 0x50, 0xf3, 0x34,
  0xfb, 0x54, 0xfa, 0xd1, 0xf2, 0xf2, 0xfb, 0x94, 0xfb, 0x13, 0xea, 0x30,
  0xfb, 0x34, 0xfb, 0x74, 0xca, 0xb0, 0xb1, 0xcd, 0xea, 0xf3, 0xfb, 0x13,
  0xea, 0x70, 0xfa, 0xf2, 0xfb, 0x34, 0xf2, 0x70, 0xfa, 0xb2, 0xfa, 0xf3,
  0xfb, 0x33, 0xea, 0x70, 0xd2, 0xd1, 0xe3, 0x12, 0xea, 0x30, 0xfa, 0xf3,
  0xfb, 0x54, 0xfa, 0xf3, 0xd1, 0xef, 0xfa, 0xf2, 0xfb, 0x34, 0xfa, 0xf2,
  0xea, 0x30, 0xfa, 0x71, 0xfb, 0x54, 0xfb, 0x74, 0xe3, 0x33, 0xb1, 0x8c,
  0xfb, 0x54, 0xfb, 0x74, 0xea, 0x30, 0xfa, 0x91, 0xfb, 0x14, 0xfa, 0xd2,
  0xe9, 0xef, 0xfa, 0x92, 0xfa, 0xf3, 0xfa, 0x91, 0xea, 0x91, 0xfb, 0x33,
  0xfb, 0x34, 0xea, 0x50, 0xf2, 0xb2, 0xfb, 0x54, 0xea, 0xf2, 0xea, 0xb1,
  0xfb, 0x75, 0xfb, 0x33, 0xca, 0x90, 0xc2, 0x0e, 0xda, 0x71, 0xf2, 0xd2,
  0xea, 0x51, 0xfa, 0xf3, 0xea, 0x91, 0xfa, 0xf2, 0xfb, 0x13, 0xf2, 0x91,
  0xfb, 0x54, 0xf2, 0x70, 0xfa, 0xf3, 0xfa, 0xd2, 0xe2, 0x70, 0xfb, 0x95,
  0xea, 0x71, 0xfa, 0xf3, 0xea, 0xb2, 0xf2, 0xb1, 0xfb, 0x34, 0xf2, 0x30,
  0xf2, 0xb2, 0xfb, 0x33, 0xea, 0x30, 0xfb, 0x13, 0xea, 0x91, 0xf2, 0xb1,
  0xfb, 0x55, 0xf2, 0x50, 0xcb, 0x74, 0xcb, 0x73, 0xc6, 0x3c, 0xad, 0x57,
  0xe7, 0x1e, 0xde, 0xbc, 0xc5, 0xfc, 0xc5, 0x9a, 0xbd, 0x9a, 0xc5, 0xbb,
  0xff, 0x39, 0xff, 0x3a, 0xff, 0x3a, 0xff, 0x3a, 0xff, 0x19, 0xf7, 0x19,
  0xff, 0x19, 0xff, 0x5a, 0xff, 0x19, 0xff, 0x3a, 0xff, 0x5a, 0xff, 0x3a,
  0xff, 0x19, 0xff, 0x3a, 0xff, 0x3a, 0xff, 0x5a, 0xff, 0x39, 0xff, 0x3a,
  0xff, 0x3a, 0xff, 0x5a, 0xff, 0x3a, 0xff, 0x3a, 0xff, 0x39, 0xff, 0x5a,
  0xff, 0x3a, 0xf7, 0x1a, 0xff, 0x3a, 0xff, 0x3a, 0xff, 0x3a, 0xff, 0x3a,
  0xff, 0x19, 0xff, 0x3a, 0xff, 0x5a, 0xf7, 0x19, 0xe6, 0xf9, 0xf7, 0x7b,
  0xff, 0x7c, 0xff, 0x9d, 0xff, 0x7c, 0xff, 0x9d, 0xff, 0x7c, 0xf7, 0x7c,
  0xff, 0x7c, 0xff, 0x9d, 0xff, 0x5c, 0xf7, 0x7c, 0xf7, 0x3b, 0xf7, 0x5c,
  0xff, 0x5c, 0xf7, 0x7d, 0xff, 0x5c, 0xf7, 0x7c, 0xf7, 0x3b, 0xf7, 0x7c,
  0xff, 0x5c, 0xf7, 0x5c, 0xf7, 0x5c, 0xf7, 0x7c, 0xff, 0x5c, 0xf7, 0x5c,
  0xf7, 0x5c, 0xf7, 0x5c, 0xf7, 0x3b, 0xef, 0x3c, 0xef, 0x3b, 0xf7, 0x5c,
  0xd6, 0x9a, 0x7b, 0xd0, 0xcd, 0xdb, 0xc5, 0xfb, 0xd6, 0x3a, 0xef, 0x5f,
  0xbd, 0x79, 0xce, 0x3c, 0xcd, 0xdb, 0xc5, 0x9a, 0xc5, 0xda, 0xc6, 0x1c,
  0xcd, 0x57, 0x72, 0xce, 0xfa, 0xf2, 0xf2, 0xb1, 0xf2, 0x91, 0xea, 0x70,
  0xfb, 0x73, 0xf3, 0x33, 0xfa, 0xf2, 0xea, 0x91, 0xfb, 0x13, 0xea, 0x91,
  0xfb, 0x33, 0xfb, 0x13, 0xfa, 0xd1, 0xfb, 0x54, 0xfa, 0xf2, 0xf2, 0xf2,
  0xfb, 0x33, 0xf2, 0xb1, 0xfa, 0xd2, 0xfa, 0xf2, 0xfb, 0x12, 0xea, 0x91,
  0xf2, 0x70, 0xfa, 0xd2, 0xf2, 0xb1, 0xe2, 0x70, 0xd2, 0x2f, 0xeb, 0x12,
  0xfb, 0x13, 0xea, 0x50, 0xfa, 0xf2, 0xf2, 0xd2, 0xfb, 0x32, 0xfb, 0x54,
  0xc1, 0xee, 0xca, 0x4f, 0xf2, 0xd1, 0xfb, 0x94, 0xf2, 0x90, 0xfa, 0xf2,
  0xfa, 0xf2, 0xfb, 0x33, 0xfa, 0xf2, 0xfb, 0x33, 0xf2, 0xb1, 0xfb, 0x74,
  0xf3, 0x53, 0xe2, 0xf1, 0xca, 0x6f, 0xca, 0xb0, 0xfa, 0xd1, 0xfb, 0x13,
  0xea, 0x50, 0xfb, 0x33, 0xf2, 0x50, 0xfa, 0xf3, 0xfa, 0xb1, 0xfa, 0xd2,
  0xf2, 0x70, 0xf2, 0x91, 0xfb, 0x33, 0xf2, 0xf2, 0xda, 0xb0, 0xda, 0xf2,
  0xfb, 0x74, 0xfb, 0x54, 0xea, 0x90, 0xfb, 0x33, 0xfb, 0x33, 0xea, 0x91,
  0xfa, 0x71, 0xfb, 0x54, 0xf3, 0x94, 0xa9, 0x8c, 0xea, 0x91, 0xfb, 0x95,
  0xf2, 0x2f, 0xea, 0x50, 0xfb, 0x53, 0xfb, 0x13, 0xe9, 0xee, 0xfa, 0xb2,
  0xfb, 0x33, 0xfa, 0xf2, 0xd1, 0xae, 0xf3, 0x13, 0xfa, 0xb1, 0xe2, 0x0f,
  0xfb, 0x33, 0xfb, 0x33, 0xfa, 0x91, 0xf2, 0x30, 0xfb, 0x12, 0xfb, 0x13,
  0xfa, 0xf2, 0xea, 0x50, 0xfa, 0xd1, 0xfb, 0x74, 0xea, 0xf2, 0xc2, 0x0e,
  0xea, 0x2f, 0xfa, 0xd2, 0xfb, 0x33, 0xe2, 0x2f, 0xfa, 0x91, 0xfb, 0x13,
  0xfa, 0xd1, 0xf2, 0xb1, 0xfa, 0xd2, 0xfa, 0xf2, 0xea, 0x4f, 0xea, 0x91,
  0xfb, 0x74, 0xfb, 0x13, 0xea, 0x50, 0xfb, 0x54, 0xfb, 0x33, 0xea, 0x70,
  0xfa, 0xd1, 0xfb, 0x33, 0xf3, 0x12, 0xd2, 0x0e, 0xc1, 0xee, 0xe3, 0x33,
  0xf2, 0x0f, 0xfa, 0x91, 0xfb, 0x13, 0xea, 0x2f, 0xfa, 0xf2, 0xfa, 0xb2,
  0xfa, 0xd2, 0xfa, 0xd2, 0xea, 0x2f, 0xfb, 0x54, 0xea, 0x4f, 0xfb, 0x13,
  0xf2, 0x70, 0xf2, 0x91, 0xfb, 0x13, 0xea, 0x50, 0xfb, 0x12, 0xf2, 0xb2,
  0xea, 0x70, 0xfb, 0x74, 0xf2, 0x91, 0xfa, 0xd2, 0xfa, 0xf2, 0xf2, 0xb1,
  0xfb, 0x74, 0xe2, 0x70, 0xda, 0xf2, 0xdb, 0x13, 0xad, 0x37, 0xad, 0x78,
  0xcd, 0xdb, 0xbd, 0x9a, 0xcd, 0xdb, 0xcd, 0xfc, 0xc5, 0x9a, 0xc5, 0xbb,
  0xff, 0x5b, 0xff, 0x19, 0xff, 0x3a, 0xff, 0x3a, 0xff, 0x3a, 0xff, 0x1a,
  0xf6, 0xf9, 0xff, 0x1a, 0xff, 0x3a, 0xff, 0x1a, 0xff, 0x3a, 0xff, 0x3a,
  0xff, 0x3a, 0xff, 0x19, 0xf7, 0x1a, 0xff, 0x3a, 0xf7, 0x3a, 0xff, 0x3a,
  0xff, 0x3a, 0xff, 0x19, 0xf7, 0x1a, 0xff, 0x3a, 0xff, 0x3a, 0xff, 0x19,
  0xff, 0x3a, 0xff, 0x3a, 0xff, 0x3a, 0xff, 0x3a, 0xff, 0x5b, 0xff, 0x3a,
  0xff, 0x1a, 0xff, 0x1a, 0xf7, 0x3a, 0xee, 0xd8, 0xe7, 0x3b, 0xf7, 0x7c,
  0xf7, 0x7c, 0xff, 0x5c, 0xff, 0x7d, 0xff, 0x5c, 0xf7, 0x5d, 0xff, 0x5c,
  0xf7, 0x7d, 0xff, 0x5c, 0xf7, 0x7d, 0xff, 0x5c, 0xf7, 0x7d, 0xf7, 0x5c,
  0xf7, 0x7d, 0xff, 0x5c, 0xf7, 0x5d, 0xf7, 0x5c, 0xf7, 0x7d, 0xff, 0x5c,
  0xf7, 0x7d, 0xf7, 0x5c, 0xef, 0x3c, 0xf7, 0x5c, 0xf7, 0x5c, 0xf7, 0x3b,
  0xf7, 0x5c, 0xf7, 0x3b, 0xef, 0x3c, 0xf7, 0x3b, 0xef, 0x3b, 0xef, 0x1b,
  0xef, 0x7e, 0xa5, 0x14, 0x9c, 0xb7, 0xc5, 0xfb, 0xd6, 0x5c, 0xf7, 0x5f,
  0xc5, 0xdb, 0xc5, 0xda, 0xc5, 0xbb, 0xc5, 0x9a, 0xbd, 0xbb, 0xc5, 0xfb,
  0xcd, 0x39, 0x82, 0xef, 0xf2, 0xf3, 0xfb, 0x13, 0xf3, 0x13, 0xf2, 0xd2,
  0xfb, 0x75, 0xf2, 0x71, 0xfb, 0x54, 0xfa, 0xd2, 0xfb, 0x33, 0xf2, 0xd2,
  0xfb, 0x33, 0xfb, 0x13, 0xfa, 0xd2, 0xfa, 0xb2, 0xfa, 0x92, 0xfa, 0x71,
  0xfb, 0x13, 0xfa, 0xd2, 0xf2, 0xd2, 0xf2, 0x70, 0xf3, 0x13, 0xf2, 0xd2,
  0xf2, 0xf2, 0xf2, 0xd2, 0xea, 0x91, 0xfa, 0xd2, 0xe2, 0xd2, 0xe2, 0xb1,
  0xfb, 0x34, 0xfa, 0xb2, 0xfb, 0x13, 0xfa, 0xd2, 0xfa, 0xf3, 0xfa, 0xf2,
  0xd2, 0xb1, 0xda, 0x90, 0xea, 0xb1, 0xfb, 0x33, 0xea, 0x91, 0xfb, 0x33,
  0xf2, 0xf2, 0xfb, 0x13, 0xfa, 0xf3, 0xfa, 0xf2, 0xea, 0x51, 0xfb, 0x13,
  0xf3, 0x74, 0xe2, 0xd1, 0xca, 0x90, 0xca, 0x90, 0xfa, 0xb2, 0xfb, 0x34,
  0xf3, 0x13, 0xfb, 0x53, 0xf2, 0xb2, 0xfa, 0xf2, 0xf2, 0xb2, 0xfa, 0xd2,
  0xfb, 0x34, 0xf2, 0x91, 0xfb, 0x54, 0xfa, 0x91, 0xeb, 0x53, 0xca, 0x2e,
  0xf2, 0xd2, 0xfa, 0xf2, 0xfa, 0x92, 0xf2, 0x30, 0xfb, 0x54, 0xfa, 0xf2,
  0xea, 0x30, 0xfa, 0xb2, 0xf3, 0xf6, 0xc2, 0x2e, 0xc2, 0x2f, 0xf3, 0x74,
  0xfa, 0xf3, 0xf2, 0x50, 0xf2, 0xd2, 0xfb, 0x33, 0xfa, 0xf3, 0xe2, 0x0f,
  0xfb, 0x13, 0xfb, 0x34, 0xd2, 0x30, 0xe2, 0x70, 0xfb, 0x95, 0xea, 0x70,
  0xd9, 0xef, 0xfb, 0x13, 0xfb, 0x54, 0xfa, 0xd2, 0xe1, 0xef, 0xfb, 0x13,
  0xfa, 0xd3, 0xfa, 0xb2, 0xea, 0x50, 0xfa, 0xf2, 0xd3, 0x12, 0xc2, 0x90,
  0xea, 0x71, 0xe1, 0xcf, 0xfb, 0x54, 0xfb, 0x13, 0xea, 0x30, 0xfa, 0xd2,
  0xfb, 0x54, 0xfa, 0xb1, 0xf2, 0x91, 0xfb, 0x34, 0xfb, 0x13, 0xea, 0x2f,
  0xfb, 0x13, 0xfb, 0x33, 0xfa, 0xd2, 0xea, 0x50, 0xfa, 0xd3, 0xfa, 0xd2,
  0xe2, 0x50, 0xfb, 0x13, 0xfb, 0x34, 0xf2, 0x91, 0xb9, 0xad, 0xda, 0x70,
  0xfa, 0xf3, 0xea, 0x30, 0xfb, 0x34, 0xf2, 0x71, 0xfb, 0x13, 0xfa, 0xf2,
  0xea, 0x91, 0xfb, 0x54, 0xe2, 0x50, 0xfb, 0x13, 0xfa, 0xd2, 0xfa, 0x71,
  0xfb, 0x34, 0xea, 0x50, 0xfb, 0x13, 0xf2, 0x70, 0xf2, 0xd2, 0xfb, 0x54,
  0xea, 0x71, 0xfa, 0xd2, 0xfb, 0x14, 0xea, 0x30, 0xfa, 0xd3, 0xf2, 0x71,
  0xfb, 0x34, 0xfa, 0xd2, 0xe2, 0xd2, 0xe2, 0xb1, 0x7b, 0x92, 0xc5, 0x9a,
  0xbd, 0xbb, 0xbd, 0x7a, 0xbd, 0xbb, 0xc5, 0x9a, 0xc5, 0xfc, 0xcd, 0xfb,
  0xff, 0x3a, 0xff, 0x5a, 0xff, 0x19, 0xff, 0x3a, 0xff, 0x3a, 0xff, 0x3a,
  0xff, 0x3a, 0xff, 0x5a, 0xff, 0x39, 0xff, 0x3a, 0xff, 0x19, 0xff, 0x3a,
  0xff, 0x39, 0xff, 0x3a, 0xff, 0x19, 0xff, 0x3a, 0xff, 0x3a, 0xff, 0x3a,
  0xff, 0x3a, 0xf7, 0x19, 0xff, 0x39, 0xff, 0x3a, 0xfe, 0xf9, 0xff, 0x3a,
  0xff, 0x19, 0xff, 0x3a, 0xff, 0x3a, 0xff, 0x5a, 0xff, 0x5a, 0xff, 0x5b,
  0xff, 0x39, 0xff, 0x3a, 0xee, 0xd9, 0xef, 0x1a, 0xf7, 0x7c, 0xf7, 0x9d,
  0xff, 0x7c, 0xff, 0x9d, 0xff, 0x7c, 0xff, 0x9d, 0xff, 0x7c, 0xf7, 0x7d,
  0xff, 0x7c, 0xf7, 0x7d, 0xff, 0x7c, 0xff, 0x7d, 0xff, 0x7c, 0xf7, 0x5c,
  0xff, 0x7c, 0xf7, 0x7d, 0xff, 0x5c, 0xf7, 0x7c, 0xff, 0x5c, 0xf7, 0x7c,
  0xff, 0x5c, 0xf7, 0x5c, 0xf7, 0x3b, 0xf7, 0x5c, 0xf7, 0x5b, 0xf7, 0x5c,
  0xf7, 0x3b, 0xef, 0x3b, 0xf7, 0x3b, 0xef, 0x3b, 0xf7, 0x3b, 0xef, 0x1b,
  0xef, 0x1b, 0xe6, 0xfb, 0x83, 0xf3, 0xbd, 0xba, 0xe6, 0x9c, 0xef, 0x1f,
  0xcd, 0xda, 0xc5, 0xba, 0xcd, 0xdb, 0xc5, 0xbb, 0xc5, 0xba, 0xc6, 0x1c,
  0xcc, 0xd7, 0x82, 0xcf, 0xfb, 0x12, 0xfa, 0xf2, 0xfb, 0x12, 0xea, 0xd1,
  0xfb, 0x94, 0xea, 0xb1, 0xfb, 0x74, 0xf2, 0xd2, 0xfb, 0x12, 0xf2, 0x91,
  0xf2, 0x91, 0xfb, 0x13, 0xfa, 0xd2, 0xea, 0x91, 0xfb, 0x12, 0xf2, 0xd2,
  0xfa, 0xf2, 0xea, 0x91, 0xfa, 0xf2, 0xf2, 0x71, 0xfa, 0xd1, 0xea, 0x70,
  0xfa, 0xb1, 0xfa, 0xf2, 0xfa, 0xd2, 0xf2, 0xb1, 0xfb, 0x13, 0xf2, 0xb1,
  0xfb, 0x12, 0xf2, 0xd2, 0xfa, 0xf2, 0xf2, 0xd2, 0xfa, 0xd1, 0xfb, 0x33,
  0xe2, 0xf1, 0xd2, 0xb1, 0xea, 0xb0, 0xfb, 0xf6, 0xea, 0xb1, 0xfb, 0x53,
  0xfa, 0xd1, 0xfa, 0xf2, 0xfa, 0x91, 0xfb, 0x13, 0xea, 0x50, 0xf2, 0xd2,
  0xfb, 0x53, 0xea, 0xd2, 0xca, 0x8f, 0xe3, 0x53, 0xfa, 0xd2, 0xfb, 0x54,
  0xf2, 0xb1, 0xfb, 0x53, 0xfa, 0xf2, 0xf3, 0x13, 0xfa, 0xf2, 0xea, 0xb1,
  0xfb, 0x54, 0xea, 0x70, 0xfb, 0x13, 0xf2, 0x50, 0xfb, 0x53, 0xea, 0xf2,
  0xd2, 0x0e, 0xf3, 0x33, 0xfb, 0x53, 0xe2, 0x50, 0xf2, 0x90, 0xfb, 0x53,
  0xfa, 0x91, 0xea, 0x0f, 0xf3, 0x53, 0xda, 0x90, 0xb1, 0x8c, 0xeb, 0x53,
  0xfa, 0xf2, 0xfb, 0x13, 0xea, 0x2f, 0xfb, 0x13, 0xfb, 0x33, 0xfa, 0xd2,
  0xea, 0x2f, 0xfb, 0x34, 0xe3, 0x11, 0xd2, 0xb0, 0xfb, 0x94, 0xfb, 0x33,
  0xfa, 0xb1, 0xea, 0x91, 0xfb, 0x53, 0xfb, 0x33, 0xfa, 0xd2, 0xea, 0x30,
  0xfa, 0xd2, 0xfa, 0xb2, 0xfa, 0xb1, 0xe2, 0x0f, 0xba, 0x4e, 0xc2, 0xd0,
  0xfb, 0x54, 0xea, 0x70, 0xf2, 0x70, 0xfb, 0x54, 0xfa, 0xd1, 0xe2, 0x50,
  0xfb, 0x74, 0xfb, 0x54, 0xf2, 0x91, 0xf2, 0xd2, 0xfb, 0x13, 0xfa, 0xd2,
  0xd9, 0xee, 0xfb, 0x54, 0xfb, 0x33, 0xea, 0x50, 0xfa, 0xb1, 0xfb, 0x74,
  0xf2, 0x90, 0xe2, 0x2f, 0xfa, 0xf3, 0xfa, 0xf3, 0xca, 0x6f, 0xa9, 0x8b,
  0xf2, 0xd1, 0xe2, 0x50, 0xfb, 0x13, 0xf2, 0xd2, 0xf2, 0x50, 0xfb, 0x34,
  0xf2, 0x50, 0xfb, 0x13, 0xfa, 0xb1, 0xea, 0x71, 0xfb, 0x33, 0xea, 0x91,
  0xfb, 0x33, 0xf2, 0xf2, 0xfa, 0xb1, 0xfb, 0x74, 0xf2, 0x90, 0xfb, 0x74,
  0xfa, 0xb1, 0xea, 0x91, 0xfa, 0xf3, 0xea, 0x30, 0xfa, 0x71, 0xfa, 0x91,
  0xf2, 0x70, 0xfb, 0x54, 0xea, 0x70, 0xf2, 0xd2, 0x9b, 0xb3, 0xcd, 0x7a,
  0xc5, 0xba, 0xbd, 0xdb, 0xce, 0x1b, 0xde, 0x7d, 0xe6, 0xdd, 0xef, 0x1e,
  0xf7, 0x1a, 0xff, 0x1a, 0xff, 0x5b, 0xff, 0x19, 0xff, 0x3a, 0xff, 0x1a,
  0xff, 0x3a, 0xff, 0x1a, 0xf7, 0x1a, 0xff, 0x1a, 0xff, 0x3a, 0xff, 0x3a,
  0xff, 0x3a, 0xff, 0x1a, 0xff, 0x3a, 0xff, 0x3a, 0xf7, 0x3a, 0xff, 0x19,
  0xff, 0x3a, 0xff, 0x3a, 0xff, 0x5b, 0xff, 0x3a, 0xff, 0x3a, 0xff, 0x3a,
  0xff, 0x3a, 0xfe, 0xf9, 0xff, 0x3a, 0xff, 0x3a, 0xff, 0x5b, 0xff, 0x3a,
  0xf7, 0x1a, 0xff, 0x1a, 0xe7, 0x1a, 0xf7, 0x7b, 0xf7, 0x7d, 0xf7, 0x7d,
  0xf7, 0x7d, 0xff, 0x7d, 0xff, 0x9d, 0xff, 0x7d, 0xf7, 0x7d, 0xff, 0x5c,
  0xf7, 0x7d, 0xf7, 0x5c, 0xf7, 0x7d, 0xff, 0x5c, 0xf7, 0x7d, 0xff, 0x5c,
  0xf7, 0x5c, 0xff, 0x5c, 0xf7, 0x7d, 0xf7, 0x5c, 0xf7, 0x5c, 0xf7, 0x5c,
  0xf7, 0x5c, 0xf7, 0x3c, 0xf7, 0x5c, 0xf7, 0x3b, 0xef, 0x5c, 0xf7, 0x3b,
  0xef, 0x3c, 0xef, 0x1b, 0xef, 0x3b, 0xef, 0x1b, 0xef, 0x3b, 0xef, 0x1b,
  0xe7, 0x1b, 0xef, 0x5b, 0xb5, 0x97, 0xa4, 0xd4, 0xf7, 0x9f, 0xee, 0xfe,
  0xbd, 0x9a, 0xc5, 0xba, 0xbd, 0xbb, 0xbd, 0x79, 0xbd, 0xfc, 0xce, 0x1c,
  0xbc, 0x96, 0x8a, 0xaf, 0xfb, 0x13, 0xfa, 0xd2, 0xfb, 0x13, 0xfa, 0xd2,
  0xfb, 0x54, 0xea, 0x70, 0xfb, 0x13, 0xf2, 0x91, 0xfb, 0x34, 0xf2, 0x91,
  0xf2, 0xb2, 0xfb, 0x13, 0xfb, 0x13, 0xfa, 0xd2, 0xfb, 0x13, 0xfa, 0xb2,
  0xfb, 0x54, 0xea, 0x70, 0xfb, 0x13, 0xf2, 0x91, 0xfb, 0x13, 0xf2, 0x91,
  0xf2, 0xd2, 0xfa, 0xf2, 0xea, 0xd2, 0xf2, 0xd2, 0xf2, 0xd2, 0xfa, 0xd2,
  0xfb, 0x33, 0xf2, 0x91, 0xf2, 0xd2, 0xfb, 0x13, 0xea, 0xd2, 0xfb, 0x33,
  0xeb, 0x33, 0xc1, 0xee, 0xc1, 0xee, 0xfb, 0xb5, 0xf2, 0xb1, 0xfa, 0xd2,
  0xfb, 0x54, 0xfb, 0x12, 0xf2, 0x91, 0xfa, 0xb2, 0xf2, 0xd2, 0xfb, 0x13,
  0xfb, 0x95, 0xe2, 0x70, 0xba, 0x4f, 0xe3, 0x53, 0xea, 0x71, 0xfb, 0x75,
  0xea, 0x71, 0xfb, 0x13, 0xfb, 0x13, 0xea, 0x50, 0xfa, 0xb2, 0xf2, 0x30,
  0xfb, 0x13, 0xf2, 0x30, 0xfa, 0xf3, 0xf2, 0x71, 0xea, 0xf2, 0xfb, 0x94,
  0xca, 0xb0, 0xc2, 0x4f, 0xfb, 0x75, 0xfb, 0x13, 0xe2, 0x30, 0xfa, 0xb2,
  0xfb, 0x34, 0xf2, 0x91, 0xea, 0x92, 0xf2, 0xd2, 0xca, 0x30, 0xe2, 0xd2,
  0xfa, 0xf3, 0xfa, 0xf3, 0xfa, 0xd2, 0xea, 0x50, 0xfa, 0xf3, 0xfb, 0x13,
  0xf2, 0x30, 0xfa, 0x71, 0xf3, 0x33, 0xda, 0x50, 0xfa, 0xd2, 0xfa, 0xd2,
  0xfb, 0x14, 0xf2, 0x2f, 0xe2, 0x70, 0xfb, 0x74, 0xfb, 0x54, 0xf2, 0x71,
  0xe1, 0xef, 0xfa, 0xb2, 0xfb, 0x54, 0xfb, 0x13, 0xb9, 0x8d, 0xda, 0x70,
  0xfb, 0x74, 0xfb, 0x33, 0xf2, 0x91, 0xf2, 0x71, 0xfb, 0x75, 0xea, 0x50,
  0xea, 0x71, 0xfa, 0xf2, 0xfa, 0xd3, 0xea, 0x0f, 0xfa, 0xd2, 0xfb, 0x13,
  0xe2, 0x70, 0xf2, 0x91, 0xfb, 0x74, 0xfb, 0x33, 0xe2, 0x30, 0xfb, 0x13,
  0xfb, 0x34, 0xf2, 0x50, 0xea, 0x51, 0xfb, 0x13, 0xf3, 0x13, 0xc1, 0x8c,
  0xc1, 0xee, 0xf3, 0x33, 0xf2, 0xb2, 0xfb, 0x33, 0xe2, 0x50, 0xfa, 0xf2,
  0xf2, 0xd2, 0xf2, 0x71, 0xfa, 0xf3, 0xe2, 0x2f, 0xfb, 0x34, 0xf2, 0x50,
  0xfa, 0xf3, 0xfa, 0xb2, 0xea, 0x30, 0xfb, 0x34, 0xea, 0x71, 0xfa, 0xd2,
  0xfb, 0x95, 0xf2, 0xd1, 0xfa, 0xd3, 0xfa, 0x30, 0xea, 0x71, 0xfb, 0x54,
  0xe2, 0xb1, 0xfb, 0x13, 0xf2, 0x71, 0xfa, 0xb2, 0xb3, 0xd3, 0xed, 0x9a,
  0xe7, 0x3e, 0xe7, 0x3e, 0xe6, 0xfd, 0xe6, 0xfc, 0xd6, 0x9d, 0xd6, 0x7c,
  0xff, 0x39, 0xff, 0x5a, 0xff, 0x39, 0xff, 0x3a, 0xff, 0x39, 0xff, 0x3a,
  0xff, 0x3a, 0xff, 0x3a, 0xff, 0x3a, 0xff, 0x5a, 0xff, 0x19, 0xff, 0x5a,
  0xff, 0x3a, 0xff, 0x3a, 0xff, 0x5a, 0xff, 0x3a, 0xff, 0x19, 0xff, 0x3a,
  0xff, 0x19, 0xff, 0x5a, 0xff, 0x3a, 0xff, 0x5a, 0xff, 0x5a, 0xff, 0x3a,
  0xff, 0x3a, 0xff, 0x1a, 0xff, 0x19, 0xff, 0x3a, 0xff, 0x39, 0xff, 0x3a,
  0xff, 0x5a, 0xf7, 0x19, 0xef, 0x1a, 0xf7, 0xbd, 0xff, 0x9d, 0xff, 0x9d,
  0xff, 0x7c, 0xf7, 0x7d, 0xff, 0x7d, 0xf7, 0x9d, 0xff, 0x5c, 0xff, 0x9d,
  0xff, 0x9d, 0xf7, 0x7c, 0xff, 0x7c, 0xff, 0x7d, 0xff, 0x5c, 0xf7, 0x5c,
  0xf7, 0x5c, 0xf7, 0x5c, 0xff, 0x5c, 0xf7, 0x5c, 0xff, 0x5c, 0xf7, 0x7c,
  0xff, 0x5c, 0xf7, 0x5c, 0xf7, 0x5b, 0xf7, 0x7c, 0xf7, 0x5b, 0xef, 0x3b,
  0xf7, 0x3b, 0xf7, 0x5c, 0xf7, 0x3b, 0xef, 0x3b, 0xef, 0x1b, 0xef, 0x1b,
  0xef, 0x1a, 0xef, 0x1b, 0xf7, 0x3c, 0x84, 0x10, 0xce, 0x1a, 0xef, 0x5f,
  0xc5, 0xb9, 0xc5, 0xfb, 0xcd, 0xda, 0xc5, 0xdb, 0xbd, 0xba, 0xc5, 0xfb,
  0xc4, 0x76, 0x9b, 0x31, 0xfa, 0xf2, 0xf2, 0xd2, 0xfa, 0xf2, 0xf2, 0xd2,
  0xfb, 0x33, 0xea, 0xd1, 0xfb, 0x74, 0xf3, 0x12, 0xfa, 0xf2, 0xfa, 0xf2,
  0xfa, 0xf2, 0xf2, 0xb1, 0xfa, 0xf2, 0xfb, 0x13, 0xfb, 0x33, 0xea, 0x91,
  0xfb, 0x13, 0xea, 0x71, 0xfb, 0x12, 0xfb, 0x12, 0xfb, 0x53, 0xe2, 0x91,
  0xfa, 0xb1, 0xfa, 0xd1, 0xfa, 0xb1, 0xfb, 0x13, 0xfa, 0xd2, 0xf2, 0x91,
  0xfa, 0x91, 0xfa, 0xb1, 0xf2, 0x91, 0xfb, 0x54, 0xfa, 0x90, 0xfb, 0x54,
  0xda, 0xd1, 0xca, 0x70, 0xa1, 0x8b, 0xe3, 0x94, 0xfa, 0xb1, 0xfa, 0xd2,
  0xfb, 0x53, 0xfb, 0x33, 0xfb, 0x12, 0xfb, 0x13, 0xfb, 0x12, 0xf2, 0xb1,
  0xfb, 0x94, 0xe2, 0x90, 0xc2, 0x6f, 0xeb, 0xd4, 0xea, 0x2f, 0xfb, 0x75,
  0xf2, 0xd1, 0xea, 0xb1, 0xfb, 0x74, 0xf2, 0xb1, 0xfa, 0xf2, 0xf2, 0x91,
  0xfb, 0x33, 0xea, 0x71, 0xfa, 0xf2, 0xfa, 0xf2, 0xf2, 0x2f, 0xfb, 0x13,
  0xeb, 0x94, 0xa9, 0xed, 0xf2, 0xf1, 0xf3, 0x53, 0xfa, 0xb2, 0xf2, 0x50,
  0xfa, 0xf2, 0xfb, 0x33, 0xda, 0xd1, 0xd2, 0x90, 0xb2, 0x0d, 0xcb, 0x12,
  0xf2, 0x50, 0xfb, 0x33, 0xfa, 0xf2, 0xea, 0x50, 0xf2, 0x50, 0xfa, 0xf3,
  0xfb, 0x53, 0xea, 0x50, 0xf2, 0xf2, 0xda, 0x70, 0xf2, 0xb1, 0xfb, 0x33,
  0xfa, 0xb1, 0xfb, 0x13, 0xea, 0x4f, 0xf2, 0xb1, 0xfb, 0x74, 0xfb, 0x54,
  0xf2, 0x50, 0xe2, 0x0f, 0xfb, 0x33, 0xfb, 0x54, 0xd2, 0xb0, 0xc2, 0x4f,
  0xfb, 0x13, 0xfa, 0xf3, 0xfb, 0x13, 0xe2, 0x50, 0xea, 0x90, 0xfb, 0x74,
  0xf2, 0x91, 0xf2, 0xb1, 0xfb, 0x33, 0xfb, 0x33, 0xea, 0x0f, 0xfb, 0x33,
  0xfb, 0x13, 0xf2, 0x10, 0xfa, 0xb1, 0xfb, 0x54, 0xfa, 0xd1, 0xea, 0x70,
  0xfa, 0xf2, 0xfb, 0x13, 0xf2, 0x30, 0xfa, 0x91, 0xfb, 0x53, 0xea, 0xd1,
  0xb1, 0x4b, 0xe3, 0x12, 0xea, 0x2f, 0xfb, 0x33, 0xfa, 0xd1, 0xea, 0x91,
  0xfa, 0xf2, 0xf2, 0x71, 0xfa, 0xd2, 0xf2, 0x91, 0xfa, 0xf2, 0xfb, 0x33,
  0xf2, 0x30, 0xfa, 0xf2, 0xf2, 0x2f, 0xfa, 0xb2, 0xfa, 0x91, 0xf2, 0x91,
  0xfb, 0x74, 0xf3, 0x12, 0xfa, 0xf2, 0xfb, 0x13, 0xea, 0x50, 0xfb, 0x54,
  0xf2, 0x91, 0xf2, 0xd2, 0xfb, 0x74, 0xfa, 0xd2, 0xc3, 0x52, 0xe4, 0x77,
  0xd6, 0x9e, 0xbd, 0xfc, 0xc5, 0x79, 0xc5, 0xba, 0xc5, 0x9a, 0xc5, 0xfb,
  0xf7, 0x19, 0xff, 0x19, 0xff, 0x5b, 0xff, 0x1a, 0xf7, 0x1a, 0xff, 0x19,
  0xff, 0x3a, 0xff, 0x1a, 0xf7, 0x1a, 0xff, 0x19, 0xff, 0x3a, 0xff, 0x1a,
  0xff, 0x3a, 0xff, 0x3a, 0xff, 0x3a, 0xff, 0x1a, 0xff, 0x3a, 0xff, 0x3a,
  0xff, 0x3a, 0xff, 0x3a, 0xff, 0x3a, 0xff, 0x3a, 0xff, 0x5b, 0xff, 0x3a,
  0xff, 0x3a, 0xff, 0x3a, 0xff, 0x3b, 0xff, 0x1a, 0xf7, 0x3a, 0xff, 0x5a,
  0xf7, 0x5a, 0xee, 0xd8, 0xef, 0x5c, 0xff, 0x9d, 0xf7, 0x7d, 0xff, 0x9d,
  0xf7, 0x7d, 0xff, 0x7d, 0xf7, 0x5c, 0xff, 0x7c, 0xf7, 0x7d, 0xff, 0x7d,
  0xff, 0x9d, 0xff, 0x7d, 0xf7, 0x5c, 0xff, 0x5c, 0xf7, 0x7d, 0xff, 0x5c,
  0xf7, 0x5c, 0xf7, 0x3c, 0xf7, 0x5c, 0xf7, 0x3c, 0xf7, 0x5c, 0xff, 0x3c,
  0xf7, 0x5d, 0xf7, 0x3c, 0xef, 0x3c, 0xf7, 0x3c, 0xef, 0x5c, 0xf7, 0x3c,
  0xf7, 0x5c, 0xf7, 0x3b, 0xef, 0x19, 0xef, 0x19, 0xe7, 0x19, 0xee, 0xf9,
  0xde, 0xf9, 0xde, 0xd8, 0xe7, 0x1a, 0xc6, 0x15, 0x9c, 0xd4, 0xe6, 0xfd,
  0xc5, 0xdb, 0xc5, 0xdb, 0xc5, 0xdb, 0xcd, 0xdb, 0xbd, 0xbb, 0xc5, 0xdb,
  0xc4, 0x76, 0xa3, 0x51, 0xfa, 0xf3, 0xfa, 0x91, 0xf2, 0xd2, 0xf2, 0xb1,
  0xfb, 0x54, 0xf2, 0x91, 0xfb, 0x54, 0xf2, 0xb1, 0xfa, 0xf3, 0xf2, 0x71,
  0xfa, 0xf2, 0xf2, 0xb1, 0xfb, 0x54, 0xfb, 0x53, 0xfb, 0xd5, 0xeb, 0x12,
  0xfb, 0x75, 0xea, 0x91, 0xfb, 0x33, 0xf2, 0xb1, 0xfb, 0x54, 0xf2, 0x71,
  0xf2, 0xd2, 0xf2, 0xd2, 0xfb, 0x13, 0xf2, 0xb1, 0xf2, 0xd2, 0xfa, 0xf2,
  0xea, 0x71, 0xfa, 0xb1, 0xf2, 0xd2, 0xfb, 0x33, 0xea, 0x50, 0xfb, 0x33,
  0xe2, 0xd2, 0xea, 0xd2, 0xa9, 0x8d, 0xdb, 0x13, 0xfa, 0xd2, 0xfa, 0xb2,
  0xfb, 0x13, 0xea, 0x91, 0xfb, 0x33, 0xfb, 0x33, 0xfb, 0x13, 0xea, 0x50,
  0xfb, 0x75, 0xe2, 0x70, 0xba, 0x2f, 0xf3, 0xb4, 0xea, 0x30, 0xfb, 0x13,
  0xf2, 0xf2, 0xea, 0x50, 0xfb, 0x54, 0xea, 0x91, 0xf2, 0xb2, 0xfa, 0x91,
  0xfb, 0x13, 0xf2, 0xb1, 0xf2, 0x71, 0xfa, 0xf3, 0xf2, 0x30, 0xfa, 0xf3,
  0xeb, 0xf5, 0xba, 0x6f, 0xba, 0x4f, 0xeb, 0xb4, 0xfa, 0xf3, 0xfa, 0x71,
  0xea, 0x71, 0xfb, 0x34, 0xeb, 0x54, 0xc1, 0xad, 0x71, 0x4a, 0xb3, 0x51,
  0xea, 0x71, 0xea, 0x50, 0xfb, 0x34, 0xfb, 0x13, 0xea, 0x71, 0xfa, 0x91,
  0xfb, 0x54, 0xfa, 0xb2, 0xd2, 0x2f, 0xe2, 0x50, 0xda, 0x0f, 0xfb, 0x13,
  0xfa, 0xb2, 0xfa, 0xb2, 0xfb, 0x34, 0xe2, 0x2f, 0xf2, 0xb1, 0xfb, 0x54,
  0xfb, 0x75, 0xea, 0x50, 0xda, 0x0f, 0xfb, 0x33, 0xca, 0x90, 0xda, 0xb0,
  0xe2, 0x70, 0xf2, 0xf2, 0xfb, 0x34, 0xfb, 0x13, 0xe9, 0xf0, 0xfa, 0xb3,
  0xfb, 0x13, 0xe1, 0xce, 0xfa, 0xd2, 0xfb, 0x13, 0xea, 0xd3, 0xda, 0x0f,
  0xc2, 0xd1, 0xb2, 0x4f, 0xba, 0x4f, 0xeb, 0x74, 0xfb, 0xb5, 0xf2, 0xd2,
  0xf2, 0xf2, 0xfb, 0x13, 0xfa, 0xd3, 0xea, 0x30, 0xfb, 0x34, 0xfb, 0x34,
  0xb1, 0xee, 0xc2, 0x0e, 0xfa, 0xf3, 0xf2, 0x91, 0xfa, 0xf3, 0xf2, 0x70,
  0xfb, 0x13, 0xf2, 0x71, 0xf2, 0xd2, 0xfb, 0x13, 0xea, 0x50, 0xfb, 0x13,
  0xea, 0x50, 0xfa, 0xb2, 0xfa, 0xb2, 0xf2, 0x50, 0xfa, 0xd3, 0xf2, 0x30,
  0xfb, 0x13, 0xfa, 0xd2, 0xe2, 0x91, 0xfb, 0x95, 0xea, 0xb2, 0xfa, 0xf2,
  0xfb, 0x13, 0xf2, 0xb1, 0xfb, 0x54, 0xf2, 0x70, 0xd3, 0x53, 0xd3, 0x12,
  0xb5, 0xba, 0xc6, 0x1b, 0xc5, 0xbc, 0xcd, 0xdc, 0xc5, 0xdc, 0xcd, 0xdb,
  0xff, 0x39, 0xff, 0x5a, 0xff, 0x39, 0xf7, 0x19, 0xff, 0x39, 0xff, 0x3a,
  0xff, 0x3a, 0xff, 0x5a, 0xff, 0x19, 0xf7, 0x19, 0xff, 0x5a, 0xff, 0x5a,
  0xff, 0x19, 0xff, 0x5a, 0xff, 0x19, 0xff, 0x3a, 0xff, 0x3a, 0xff, 0x3a,
  0xff, 0x3a, 0xff, 0x1a, 0xff, 0x19, 0xff, 0x3a, 0xff, 0x3a, 0xff, 0x5a,
  0xff, 0x39, 0xff, 0x3a, 0xff, 0x1a, 0xff, 0x5b, 0xff, 0x39, 0xff, 0x5a,
  0xf7, 0x39, 0xe6, 0xf9, 0xff, 0x7c, 0xf7, 0x9d, 0xff, 0x7c, 0xff, 0x7d,
  0xff, 0x7c, 0xff, 0x9d, 0xff, 0x7c, 0xf7, 0x7d, 0xff, 0x7c, 0xff, 0x9d,
  0xff, 0x5c, 0xf7, 0x7c, 0xff, 0x7c, 0xf7, 0x7d, 0xff, 0x7c, 0xf7, 0x7d,
  0xff, 0x5c, 0xf7, 0x5c, 0xff, 0x7c, 0xf7, 0x5c, 0xff, 0x5c, 0xf7, 0x5c,
  0xff, 0x5c, 0xf7, 0x7c, 0xff, 0x5b, 0xf7, 0x3b, 0xff, 0x39, 0xf7, 0x19,
  0xe6, 0xf8, 0xe6, 0xf8, 0xde, 0xd8, 0xd6, 0xd8, 0xde, 0xb7, 0xd6, 0xb8,
  0xde, 0xb7, 0xd6, 0xb7, 0xd6, 0x96, 0xde, 0xf8, 0xad, 0x35, 0xa5, 0x15,
  0xcd, 0xdb, 0xbd, 0xbb, 0xc5, 0x99, 0xc5, 0xda, 0xcd, 0xfb, 0xce, 0x3c,
  0xd4, 0x76, 0x9b, 0x11, 0xfa, 0xd2, 0xfa, 0x91, 0xfb, 0x53, 0xeb, 0x12,
  0xfb, 0x94, 0xea, 0xb1, 0xfb, 0x12, 0xf2, 0xd2, 0xfb, 0x12, 0xea, 0xb1,
  0xf2, 0xb1, 0xfa, 0xd2, 0xfb, 0x13, 0xf2, 0xd2, 0xfb, 0x94, 0xfb, 0x53,
  0xfb, 0x12, 0xea, 0x90, 0xfb, 0x53, 0xea, 0xb1, 0xfb, 0x13, 0xf2, 0xb1,
  0xfa, 0xd1, 0xfa, 0xf2, 0xfb, 0x13, 0xf2, 0xd2, 0xf2, 0xb1, 0xfb, 0x53,
  0xfa, 0x91, 0xfa, 0xf2, 0xf2, 0x70, 0xfb, 0x13, 0xf2, 0x70, 0xfb, 0x33,
  0xe2, 0xd1, 0xeb, 0x12, 0x89, 0xec, 0x9a, 0x8f, 0xfa, 0xd2, 0xf2, 0xb1,
  0xfb, 0x73, 0xf2, 0xd1, 0xfa, 0xf2, 0xf2, 0xb1, 0xfa, 0xf2, 0xea, 0x30,
  0xfb, 0x73, 0xeb, 0x12, 0xb2, 0x0d, 0xeb, 0xf5, 0xf2, 0x70, 0xfb, 0x13,
  0xfa, 0xd2, 0xf2, 0x91, 0xfb, 0x53, 0xfb, 0x12, 0xfa, 0x91, 0xf2, 0x91,
  0xf2, 0x91, 0xfb, 0x33, 0xf2, 0x50, 0xfa, 0xf3, 0xfa, 0x50, 0xfa, 0xd2,
  0xeb, 0x93, 0xc2, 0x6f, 0xa2, 0x0d, 0xb2, 0xf0, 0xfb, 0x12, 0xfb, 0x54,
  0xf2, 0x90, 0xf2, 0xd2, 0xfb, 0x33, 0xfa, 0xf2, 0x99, 0xcc, 0xaa, 0x6f,
  0xfb, 0x13, 0xda, 0x2f, 0xfa, 0x91, 0xfb, 0x13, 0xfa, 0xd2, 0xea, 0x71,
  0xfa, 0x91, 0xfb, 0x13, 0xfa, 0xd1, 0xda, 0x0f, 0xda, 0x4f, 0xe2, 0xb1,
  0xfa, 0xf2, 0xfa, 0xf2, 0xfb, 0x12, 0xfb, 0x33, 0xea, 0x0f, 0xfa, 0xd2,
  0xfa, 0xd2, 0xfb, 0x13, 0xe2, 0x0f, 0xf2, 0xb1, 0xd2, 0x6f, 0xe3, 0x12,
  0xfb, 0x33, 0xc9, 0xee, 0x89, 0xec, 0x9a, 0xaf, 0xa2, 0x2e, 0xa2, 0x6f,
  0xfb, 0x74, 0xf2, 0xf2, 0xe9, 0xce, 0xfb, 0x13, 0xb3, 0x31, 0x69, 0x4a,
  0x49, 0xea, 0x4a, 0x4c, 0x59, 0xaa, 0x59, 0xeb, 0xba, 0x4e, 0xdb, 0xb4,
  0xfa, 0x51, 0xfa, 0x92, 0xfb, 0x53, 0xf2, 0xf2, 0xfa, 0x70, 0xfb, 0x13,
  0xe3, 0x32, 0xb1, 0xad, 0xf2, 0xf2, 0xda, 0xb1, 0xfa, 0xf2, 0xfa, 0xb1,
  0xfa, 0xd2, 0xfa, 0xf3, 0xf2, 0x50, 0xfa, 0xf3, 0xf2, 0x50, 0xfb, 0x13,
  0xea, 0x70, 0xf2, 0xd2, 0xfb, 0x13, 0xea, 0x50, 0xfb, 0x13, 0xe2, 0x50,
  0xfa, 0xd1, 0xfb, 0x74, 0xf2, 0x50, 0xfa, 0xb2, 0xfa, 0xb1, 0xea, 0x70,
  0xfb, 0x53, 0xea, 0xb1, 0xfa, 0xf2, 0xfb, 0x13, 0xe2, 0xd2, 0xe3, 0x33,
  0xbd, 0x58, 0xcd, 0xfb, 0xc5, 0xba, 0xbd, 0x9a, 0xcd, 0xfb, 0xc6, 0x1b,
  0xf7, 0x1a, 0xff, 0x19, 0xff, 0x3a, 0xff, 0x1a, 0xff, 0x3a, 0xff, 0x3a,
  0xff, 0x3a, 0xff, 0x3a, 0xf7, 0x3a, 0xff, 0x19, 0xff, 0x5a, 0xff, 0x3a,
  0xff, 0x3a, 0xff, 0x1a, 0xf7, 0x1a, 0xff, 0x3a, 0xff, 0x3a, 0xff, 0x3a,
  0xf7, 0x1a, 0xfe, 0xf9, 0xff, 0x3a, 0xff, 0x3a, 0xf7, 0x1a, 0xff, 0x3a,
  0xff, 0x3a, 0xfe, 0xf9, 0xff, 0x3a, 0xff, 0x5a, 0xff, 0x3a, 0xff, 0x1a,
  0xe7, 0x1a, 0xef, 0x3a, 0xf7, 0x9d, 0xff, 0x7d, 0xff, 0x9d, 0xff, 0x5c,
  0xf7, 0x7d, 0xff, 0x7d, 0xf7, 0x7d, 0xf7, 0x5c, 0xf7, 0x7d, 0xff, 0x7c,
  0xf7, 0x5d, 0xf7, 0x5c, 0xf7, 0x7d, 0xff, 0x7c, 0xf7, 0x7d, 0xff, 0x7c,
  0xff, 0x7d, 0xff, 0x5c, 0xf7, 0x5c, 0xf7, 0x3c, 0xf7, 0x5d, 0xf7, 0x5c,
  0xf7, 0x7b, 0xef, 0x3a, 0xef, 0x39, 0xe6, 0xf8, 0xde, 0xf9, 0xe6, 0xf8,
  0xde, 0xda, 0xe6, 0xda, 0xe7, 0x1a, 0xef, 0x1a, 0xe7, 0x1a, 0xef, 0x1a,
  0xe7, 0x3b, 0xe7, 0x1a, 0xe7, 0x1a, 0xee, 0xf9, 0xe7, 0x1d, 0x8c, 0x31,
  0xb5, 0x59, 0xc5, 0xdb, 0xc5, 0xbb, 0xc5, 0xba, 0xbd, 0xdb, 0xce, 0x1c,
  0xcc, 0x76, 0xa2, 0xf0, 0xfa, 0xf2, 0xf2, 0xb1, 0xf3, 0x53, 0xf3, 0x33,
  0xfb, 0x34, 0xea, 0x50, 0xfb, 0x13, 0xfb, 0x33, 0xfb, 0x13, 0xfa, 0xf2,
  0xf2, 0xf2, 0xfa, 0xf2, 0xfa, 0xf3, 0xea, 0x50, 0xfb, 0x34, 0xf2, 0xd2,
  0xfb, 0x54, 0xf2, 0xd2, 0xfb, 0x54, 0xf2, 0x91, 0xfb, 0x13, 0xea, 0x91,
  0xf2, 0xb2, 0xea, 0x70, 0xfb, 0x13, 0xf2, 0xb1, 0xfa, 0xb2, 0xfa, 0xd2,
  0xea, 0xb1, 0xfb, 0x54, 0xea, 0xb2, 0xfb, 0x13, 0xea, 0x50, 0xfb, 0x13,
  0xeb, 0x74, 0xd2, 0x90, 0x61, 0xcb, 0x7a, 0x4d, 0xeb, 0x33, 0xe2, 0xd1,
  0xfb, 0x95, 0xfa, 0xd2, 0xf2, 0xb2, 0xf2, 0x70, 0xfb, 0x54, 0xf2, 0xd1,
  0xf3, 0x54, 0xf3, 0x13, 0xb2, 0x0e, 0xeb, 0xb4, 0xea, 0x91, 0xfa, 0xd2,
  0xfb, 0x34, 0xea, 0x91, 0xfb, 0x54, 0xfa, 0xf2, 0xea, 0x51, 0xfa, 0xb2,
  0xea, 0x71, 0xfb, 0x13, 0xe2, 0x70, 0xfb, 0x33, 0xfa, 0xb2, 0xfa, 0x91,
  0xf3, 0x54, 0xd2, 0x0f, 0xa2, 0x2e, 0xaa, 0x2e, 0xf2, 0xf3, 0xfb, 0x55,
  0xfb, 0x13, 0xea, 0x30, 0xfa, 0xf3, 0xfb, 0x13, 0xc2, 0x91, 0xba, 0x0e,
  0xfb, 0x34, 0xfa, 0xd2, 0xea, 0x10, 0xfa, 0xd2, 0xfb, 0x54, 0xfa, 0xf3,
  0xe2, 0x30, 0xfa, 0xd2, 0xfb, 0x54, 0xf2, 0xd2, 0xd2, 0x2f, 0xea, 0xb1,
  0xea, 0x71, 0xfb, 0x54, 0xf2, 0xf2, 0xfb, 0x74, 0xfa, 0xd2, 0xd1, 0x8d,
  0xfa, 0xb2, 0xfa, 0xf3, 0xfb, 0x33, 0xea, 0x70, 0xba, 0x4f, 0xdb, 0x33,
  0xfb, 0x14, 0xf2, 0x51, 0x62, 0x0c, 0x51, 0x8a, 0x42, 0x4c, 0x41, 0xea,
  0x81, 0x8c, 0xc3, 0x52, 0xf2, 0xb2, 0xea, 0x30, 0x6a, 0x6d, 0x59, 0x8a,
  0x51, 0xcc, 0x5a, 0x0c, 0x4a, 0x2c, 0x41, 0xaa, 0x49, 0xeb, 0x51, 0xeb,
  0xb2, 0x2e, 0xd2, 0xd1, 0xfb, 0x74, 0xfb, 0x33, 0xea, 0x50, 0xfa, 0x71,
  0xfb, 0x74, 0xda, 0x50, 0xca, 0x2f, 0xe2, 0xd2, 0xfa, 0x92, 0xfa, 0xb2,
  0xe2, 0x50, 0xfb, 0x54, 0xea, 0x51, 0xfa, 0xb2, 0xea, 0x91, 0xfa, 0xb2,
  0xfb, 0x54, 0xf2, 0x91, 0xfb, 0x34, 0xf2, 0xb1, 0xfb, 0x34, 0xf2, 0xb1,
  0xf2, 0xd2, 0xfb, 0x74, 0xea, 0x71, 0xf2, 0x30, 0xfb, 0x13, 0xf2, 0x50,
  0xfb, 0x34, 0xfa, 0xd2, 0xfa, 0xb2, 0xfa, 0xf3, 0xe2, 0x91, 0xf2, 0xf2,
  0xc5, 0x79, 0xee, 0x9d, 0xd6, 0x7d, 0xce, 0x1b, 0xcd, 0xfc, 0xcd, 0xdb,
  0xff, 0x39, 0xff, 0x3a, 0xff, 0x3a, 0xff, 0x3a, 0xff, 0x19, 0xff, 0x1a,
  0xff, 0x39, 0xff, 0x3a, 0xff, 0x19, 0xff, 0x5a, 0xff, 0x5a, 0xff, 0x5a,
  0xff, 0x19, 0xff, 0x3a, 0xff, 0x19, 0xff, 0x3a, 0xff, 0x39, 0xff, 0x5a,
  0xff, 0x3a, 0xff, 0x5a, 0xff, 0x3a, 0xff, 0x5a, 0xff, 0x3a, 0xff, 0x5a,
  0xff, 0x19, 0xff, 0x3a, 0xff, 0x5a, 0xf7, 0x3a, 0xff, 0x39, 0xff, 0x5a,
  0xe6, 0xf9, 0xef, 0x5b, 0xff, 0x9d, 0xff, 0x9d, 0xff, 0x7c, 0xf7, 0x7d,
  0xff, 0x7c, 0xff, 0x9d, 0xff, 0x7c, 0xff, 0x9d, 0xff, 0x7c, 0xf7, 0x7d,
  0xff, 0x7d, 0xf7, 0x7d, 0xff, 0x7c, 0xf7, 0x7c, 0xff, 0x5c, 0xff, 0x9d,
  0xff, 0x5c, 0xff, 0x7d, 0xf7, 0x5b, 0xf7, 0x5c, 0xf7, 0x5a, 0xe7, 0x39,
  0xee, 0xf8, 0xee, 0xf9, 0xee, 0xfa, 0xef, 0x3b, 0xef, 0x3a, 0xef, 0x3b,
  0xef, 0x3a, 0xef, 0x3a, 0xf7, 0x3a, 0xef, 0x3a, 0xef, 0x1a, 0xe7, 0x1a,
  0xe6, 0xfa, 0xe6, 0xfa, 0xe6, 0xd9, 0xe6, 0xf9, 0xef, 0x1b, 0xc6, 0x38,
  0x83, 0xd2, 0xbd, 0xda, 0xd5, 0xfb, 0xc5, 0xdb, 0xbd, 0xda, 0xbd, 0xdb,
  0xd4, 0xb6, 0xab, 0x92, 0xfa, 0xf2, 0xfa, 0xd2, 0xfa, 0xf2, 0xfa, 0xf2,
  0xfa, 0xf2, 0xea, 0x91, 0xfa, 0xb1, 0xf2, 0xb2, 0xfa, 0xd2, 0xfa, 0xd2,
  0xfa, 0xf2, 0xf2, 0xf2, 0xfb, 0x13, 0xea, 0xb1, 0xfb, 0x33, 0xf2, 0x91,
  0xfb, 0x94, 0xea, 0xb1, 0xfa, 0xf2, 0xf2, 0xf2, 0xfb, 0x33, 0xf2, 0xd2,
  0xfa, 0xf2, 0xf2, 0xf2, 0xfa, 0xd2, 0xf2, 0xb1, 0xfa, 0xd1, 0xfb, 0x53,
  0xf2, 0xf2, 0xfb, 0x74, 0xfa, 0xf2, 0xfb, 0x33, 0xfa, 0x71, 0xfb, 0x13,
  0xf2, 0xf2, 0xda, 0x70, 0x82, 0x0c, 0x7a, 0x0c, 0xf3, 0x32, 0xeb, 0x12,
  0xfb, 0x54, 0xea, 0x70, 0xfb, 0x12, 0xf2, 0xd2, 0xfb, 0x12, 0xfa, 0xd2,
  0xfb, 0x33, 0xea, 0xf2, 0xca, 0x0e, 0xeb, 0x74, 0xfa, 0xb1, 0xf2, 0xb1,
  0xfb, 0x73, 0xe2, 0x90, 0xfa, 0xd2, 0xfb, 0x13, 0xf2, 0x50, 0xfa, 0xf2,
  0xea, 0x50, 0xfb, 0x33, 0xf2, 0x50, 0xfa, 0xd2, 0xfa, 0xf2, 0xea, 0x70,
  0xfb, 0x54, 0xda, 0x70, 0x92, 0x2d, 0x9a, 0xaf, 0xa9, 0xac, 0xdb, 0x73,
  0xfb, 0x13, 0xfa, 0xd2, 0xf2, 0x70, 0xfb, 0x54, 0xeb, 0x53, 0xb9, 0xee,
  0xf2, 0x91, 0xfb, 0x34, 0xfa, 0xf2, 0xea, 0x91, 0xfb, 0x33, 0xfb, 0x54,
  0xfa, 0x91, 0xea, 0x50, 0xfb, 0x12, 0xfb, 0x54, 0xc9, 0xee, 0xea, 0xf2,
  0xea, 0x4f, 0xf2, 0x91, 0xfb, 0x53, 0xfb, 0x33, 0xfb, 0x12, 0xf2, 0xd2,
  0xe1, 0xee, 0xfa, 0xf3, 0xfb, 0x33, 0xfb, 0x33, 0xa9, 0x6b, 0xdb, 0x52,
  0xfa, 0xd2, 0xfb, 0x13, 0x82, 0x6e, 0x61, 0x8a, 0x5a, 0x0c, 0x5a, 0x4d,
  0x59, 0x69, 0x61, 0xeb, 0xfa, 0xf3, 0xda, 0x50, 0x59, 0xca, 0x59, 0xeb,
  0x41, 0xea, 0x41, 0xeb, 0x61, 0xeb, 0x62, 0x0c, 0x51, 0xeb, 0x49, 0xec,
  0x62, 0x2b, 0x51, 0xeb, 0xca, 0x0e, 0xf3, 0x94, 0xfa, 0xf2, 0xea, 0x50,
  0xfb, 0x53, 0xfb, 0x74, 0xc2, 0x2e, 0xc2, 0x90, 0xfa, 0x71, 0xfb, 0x13,
  0xf2, 0xb1, 0xfb, 0x54, 0xfa, 0xf2, 0xf2, 0x91, 0xfb, 0x13, 0xea, 0x50,
  0xfb, 0x33, 0xe2, 0x0f, 0xfa, 0x91, 0xfa, 0xb2, 0xea, 0x2f, 0xfb, 0x54,
  0xf2, 0x70, 0xfa, 0xd2, 0xfa, 0xd2, 0xea, 0x50, 0xfa, 0xf2, 0xfa, 0xb2,
  0xfa, 0xf2, 0xfb, 0x13, 0xf2, 0x4f, 0xfb, 0x13, 0xf2, 0x50, 0xfa, 0xd2,
  0xc5, 0x16, 0xfe, 0xde, 0xe6, 0xfd, 0xe7, 0x1e, 0xef, 0x1d, 0xef, 0x3e,
  0xff, 0x3a, 0xff, 0x1a, 0xf7, 0x1a, 0xff, 0x3a, 0xf7, 0x1a, 0xfe, 0xf9,
  0xf7, 0x1a, 0xff, 0x19, 0xff, 0x3a, 0xff, 0x1a, 0xff, 0x3a, 0xff, 0x3a,
  0xf7, 0x1a, 0xff, 0x3a, 0xff, 0x5b, 0xff, 0x3a, 0xff, 0x3a, 0xff, 0x1a,
  0xff, 0x3a, 0xff, 0x1a, 0xff, 0x5b, 0xff, 0x1a, 0xf7, 0x3a, 0xff, 0x5a,
  0xff, 0x5b, 0xff, 0x1a, 0xf7, 0x1a, 0xff, 0x3a, 0xf7, 0x3a, 0xff, 0x3a,
  0xde, 0xd9, 0xef, 0x5b, 0xff, 0x9e, 0xff, 0x7d, 0xf7, 0x7d, 0xff, 0x7d,
  0xf7, 0x7d, 0xff, 0x7c, 0xff, 0x9d, 0xff, 0x7c, 0xf7, 0x5d, 0xff, 0x5c,
  0xf7, 0x7d, 0xf7, 0x5c, 0xf7, 0x5c, 0xff, 0x5c, 0xf7, 0x7c, 0xf7, 0x5c,
  0xf7, 0x7c, 0xff, 0x5c, 0xef, 0x3b, 0xee, 0xf9, 0xe7, 0x19, 0xef, 0x19,
  0xef, 0x3b, 0xf7, 0x5b, 0xf7, 0x5b, 0xf7, 0x3b, 0xef, 0x3c, 0xf7, 0x3b,
  0xef, 0x3c, 0xef, 0x1b, 0xe7, 0x1b, 0xef, 0x1b, 0xe7, 0x1b, 0xef, 0x1b,
  0xe7, 0x1b, 0xe6, 0xfa, 0xe7, 0x1b, 0xe6, 0xfa, 0xd6, 0xda, 0xe7, 0x1b,
  0xa5, 0x36, 0x94, 0x73, 0xd6, 0x3d, 0xc5, 0xba, 0xbd, 0xfb, 0xc5, 0xfb,
  0xdd, 0x18, 0xab, 0x51, 0xfa, 0xd3, 0xfa, 0x91, 0xf2, 0xf2, 0xfa, 0xf2,
  0xfb, 0x13, 0xfb, 0x13, 0xf2, 0xd2, 0xf2, 0xd2, 0xfa, 0xf3, 0xfa, 0xd2,
  0xf2, 0x92, 0xfa, 0xd2, 0xf2, 0xf3, 0xf2, 0xd2, 0xfb, 0x54, 0xf2, 0xb1,
  0xfb, 0x33, 0xfb, 0x12, 0xea, 0xf2, 0xfb, 0x33, 0xfb, 0x54, 0xf2, 0xf2,
  0xea, 0xb1, 0xf2, 0x91, 0xfa, 0xf3, 0xfa, 0xb2, 0xf2, 0xf2, 0xfb, 0x33,
  0xf2, 0xb2, 0xfa, 0xf3, 0xea, 0x50, 0xfa, 0xf2, 0xf2, 0xf2, 0xfa, 0xf2,
  0xfa, 0xf3, 0xf2, 0x91, 0xd2, 0xd2, 0xb9, 0xee, 0xeb, 0x13, 0xea, 0xb1,
  0xfa, 0xf3, 0xfa, 0xd2, 0xfa, 0xf3, 0xfa, 0xd2, 0xfb, 0x13, 0xfa, 0x91,
  0xea, 0xf2, 0xea, 0xd2, 0xb1, 0xee, 0xeb, 0x94, 0xfb, 0x13, 0xf2, 0x91,
  0xfb, 0x33, 0xfa, 0xd2, 0xfa, 0xd2, 0xfb, 0x13, 0xf2, 0x91, 0xfa, 0xd2,
  0xe2, 0x30, 0xfb, 0x13, 0xf2, 0x91, 0xf2, 0x50, 0xfa, 0xf3, 0xf2, 0x0f,
  0xf3, 0x54, 0xe2, 0x91, 0x79, 0xec, 0x92, 0x6e, 0x8a, 0x0d, 0x9a, 0x6e,
  0xfb, 0xb5, 0xfb, 0xb5, 0xf2, 0x71, 0xf2, 0x30, 0xeb, 0xb5, 0xb1, 0xcd,
  0xd2, 0x30, 0xf3, 0x13, 0xfb, 0x54, 0xfa, 0xb2, 0xea, 0x30, 0xfa, 0xb2,
  0xfa, 0xf3, 0xf2, 0x71, 0xf2, 0x71, 0xfb, 0x13, 0xda, 0x91, 0xe2, 0xb1,
  0xfb, 0x75, 0xe2, 0x0f, 0xf2, 0xb2, 0xfb, 0x13, 0xfb, 0x33, 0xfb, 0x33,
  0xf2, 0x92, 0xf2, 0x50, 0xfb, 0x34, 0xfb, 0x13, 0xc2, 0x0e, 0xca, 0x2f,
  0xfb, 0x33, 0xfb, 0x33, 0x9a, 0xf0, 0x69, 0x29, 0x4a, 0x0b, 0x52, 0x2c,
  0x4a, 0x0c, 0x49, 0xca, 0x91, 0xad, 0xd3, 0x73, 0x69, 0xec, 0x61, 0x6a,
  0x4a, 0x0c, 0x49, 0xeb, 0x41, 0xca, 0x51, 0xeb, 0x52, 0x0c, 0x51, 0xaa,
  0x52, 0x2c, 0x51, 0xeb, 0x49, 0x8a, 0x82, 0xef, 0xfb, 0xb6, 0xf2, 0xf2,
  0xe2, 0x30, 0xfb, 0x34, 0xdb, 0x53, 0xb1, 0xcd, 0xe2, 0x91, 0xfb, 0x34,
  0xfa, 0xf2, 0xf2, 0x91, 0xfa, 0xb2, 0xf2, 0x0f, 0xfb, 0x13, 0xf2, 0x50,
  0xfa, 0xd2, 0xfa, 0xb1, 0xea, 0x50, 0xfb, 0x75, 0xe2, 0x0f, 0xfa, 0xd2,
  0xea, 0x91, 0xfa, 0xd2, 0xfb, 0x54, 0xea, 0x91, 0xf2, 0xd2, 0xfa, 0xf2,
  0xe2, 0x50, 0xfb, 0x13, 0xea, 0x71, 0xfa, 0xd2, 0xfa, 0xb3, 0xf2, 0x30,
  0xb3, 0xb3, 0xd4, 0x97, 0xc6, 0x3c, 0xc5, 0xfb, 0xc5, 0xfb, 0xc5, 0xba,
  0xff, 0x19, 0xff, 0x3a, 0xff, 0x19, 0xff, 0x3a, 0xfe, 0xf9, 0xff, 0x3a,
  0xff, 0x19, 0xff, 0x3a, 0xff, 0x19, 0xff, 0x1a, 0xff, 0x3a, 0xff, 0x3a,
  0xff, 0x19, 0xff, 0x5a, 0xff, 0x3a, 0xf7, 0x19, 0xff, 0x19, 0xff, 0x3a,
  0xff, 0x39, 0xf7, 0x19, 0xff, 0x19, 0xff, 0x3a, 0xff, 0x5a, 0xff, 0x5a,
  0xff, 0x39, 0xff, 0x3a, 0xff, 0x19, 0xff, 0x5a, 0xff, 0x19, 0xf7, 0x19,
  0xe6, 0xf9, 0xef, 0x7b, 0xff, 0x7c, 0xff, 0x7d, 0xff, 0x7c, 0xff, 0x9d,
  0xff, 0x7c, 0xff, 0x7d, 0xff, 0x7c, 0xff, 0x7d, 0xff, 0x7c, 0xf7, 0x7d,
  0xff, 0x5c, 0xf7, 0x7c, 0xff, 0x7c, 0xff, 0x9d, 0xf7, 0x5b, 0xf7, 0x7c,
  0xf7, 0x3a, 0xe7, 0x19, 0xef, 0x19, 0xef, 0x3a, 0xf7, 0x3b, 0xf7, 0x7c,
  0xf7, 0x5b, 0xf7, 0x5b, 0xf7, 0x5c, 0xef, 0x5c, 0xf7, 0x3b, 0xef, 0x3c,
  0xf7, 0x1b, 0xef, 0x3b, 0xef, 0x1a, 0xef, 0x3b, 0xef, 0x1a, 0xe6, 0xfa,
  0xe7, 0x1a, 0xde, 0xfa, 0xe6, 0xfa, 0xde, 0xfa, 0xe6, 0xf9, 0xde, 0xfa,
  0xe7, 0x1c, 0x94, 0xb3, 0xb5, 0x57, 0xce, 0x3b, 0xb5, 0x79, 0xce, 0x3c,
  0xd4, 0xd7, 0x9b, 0x31, 0xfb, 0x13, 0xfa, 0xd2, 0xfa, 0xf2, 0xea, 0xb1,
  0xfb, 0x12, 0xfb, 0x13, 0xfb, 0x12, 0xfb, 0x53, 0xfa, 0xd2, 0xfa, 0xf2,
  0xfa, 0xb1, 0xf2, 0x71, 0xfb, 0x73, 0xea, 0xd1, 0xfb, 0x53, 0xf2, 0xd2,
  0xf2, 0xf2, 0xfb, 0x74, 0xfa, 0xd1, 0xfb, 0x12, 0xfa, 0xd1, 0xfb, 0x13,
  0xfa, 0xf2, 0xf2, 0xd1, 0xfb, 0x33, 0xea, 0xf2, 0xfa, 0xd1, 0xfb, 0x33,
  0xea, 0x2f, 0xfa, 0xf2, 0xf2, 0xd1, 0xfb, 0x74, 0xf2, 0xb1, 0xfb, 0x12,
  0xfb, 0x33, 0xfa, 0xd2, 0xfb, 0x33, 0xc9, 0xee, 0xe2, 0xb1, 0xe2, 0xf2,
  0xfb, 0x13, 0xfb, 0x54, 0xfa, 0xf2, 0xf2, 0xb2, 0xfb, 0x53, 0xf2, 0xd2,
  0xea, 0xd1, 0xf3, 0x54, 0xb9, 0xcd, 0xeb, 0x74, 0xfa, 0xf2, 0xf2, 0x91,
  0xfb, 0x13, 0xfb, 0x13, 0xea, 0x2f, 0xfb, 0x34, 0xf2, 0x70, 0xfb, 0x13,
  0xfa, 0x91, 0xfa, 0xf2, 0xfa, 0xd2, 0xf2, 0x71, 0xfa, 0xf2, 0xea, 0x50,
  0xfb, 0x53, 0xeb, 0x33, 0xa9, 0xcd, 0xb2, 0x4f, 0xc2, 0x90, 0xa1, 0xcc,
  0xd2, 0x90, 0xfb, 0xd5, 0xfa, 0xf2, 0xea, 0x50, 0xeb, 0x53, 0xc2, 0x6f,
  0xd2, 0xb0, 0xd2, 0xd1, 0xfb, 0x13, 0xfa, 0xf2, 0xea, 0x2f, 0xf2, 0x91,
  0xfb, 0x54, 0xfb, 0x13, 0xf2, 0x50, 0xfb, 0x33, 0xf3, 0x12, 0xd2, 0x70,
  0xfb, 0x13, 0xfa, 0xd2, 0xea, 0x0f, 0xfa, 0xd2, 0xfb, 0x54, 0xfb, 0x13,
  0xfb, 0x13, 0xf2, 0xb1, 0xf2, 0xb1, 0xfb, 0x53, 0xc2, 0x4f, 0xca, 0xb0,
  0xfa, 0x51, 0xfa, 0xf4, 0xbb, 0x52, 0x79, 0x8b, 0x4a, 0x0b, 0x42, 0x0b,
  0x52, 0x0b, 0x52, 0x0b, 0x59, 0x8a, 0x7a, 0x8e, 0x72, 0x6d, 0x59, 0xaa,
  0x59, 0xeb, 0x52, 0x0c, 0x51, 0xeb, 0x51, 0xeb, 0x6a, 0x2c, 0x62, 0x0c,
  0x59, 0xeb, 0x5a, 0x0c, 0x52, 0x2c, 0x41, 0xaa, 0xa1, 0xed, 0xd3, 0xb4,
  0xfa, 0x70, 0xfa, 0xb2, 0xfb, 0xf5, 0xd2, 0x90, 0xb9, 0x8c, 0xeb, 0x74,
  0xfa, 0xb1, 0xea, 0x0f, 0xfb, 0x53, 0xf2, 0xd2, 0xf2, 0xb1, 0xfb, 0x33,
  0xfa, 0xd2, 0xfb, 0x74, 0xf2, 0x70, 0xfb, 0x13, 0xf2, 0x70, 0xea, 0x91,
  0xfb, 0x13, 0xea, 0x91, 0xfb, 0x33, 0xf2, 0xd2, 0xfa, 0xb1, 0xfb, 0x33,
  0xea, 0x2f, 0xfb, 0x74, 0xf2, 0xb1, 0xf2, 0xb1, 0xfa, 0xf3, 0xf2, 0x51,
  0xd3, 0xb3, 0xe4, 0x77, 0xce, 0x7c, 0xc6, 0x3b, 0xd5, 0xfa, 0xcd, 0xfb,
  0xf7, 0x1a, 0xff, 0x19, 0xff, 0x3a, 0xff, 0x1a, 0xf7, 0x1a, 0xff, 0x1a,
  0xff, 0x3a, 0xff, 0x1a, 0xff, 0x3a, 0xff, 0x3a, 0xff, 0x5b, 0xff, 0x3a,
  0xff, 0x3a, 0xff, 0x1a, 0xff, 0x3a, 0xff, 0x19, 0xff, 0x3a, 0xff, 0x3a,
  0xff, 0x3a, 0xff, 0x1a, 0xff, 0x3a, 0xff, 0x19, 0xff, 0x5a, 0xff, 0x3a,
  0xff, 0x3a, 0xff, 0x3a, 0xff, 0x5b, 0xff, 0x39, 0xff, 0x3a, 0xff, 0x19,
  0xde, 0xfa, 0xf7, 0x7b, 0xf7, 0x9d, 0xff, 0x7c, 0xf7, 0x7d, 0xff, 0x7d,
  0xff, 0x9d, 0xff, 0x7c, 0xf7, 0x7d, 0xff, 0x5c, 0xf7, 0x7d, 0xff, 0x7c,
  0xf7, 0x7d, 0xf7, 0x5c, 0xf7, 0x7c, 0xf7, 0x5c, 0xef, 0x5b, 0xef, 0x1a,
  0xe7, 0x1a, 0xef, 0x5b, 0xf7, 0x7c, 0xf7, 0x3b, 0xf7, 0x5c, 0xff, 0x5c,
  0xef, 0x5c, 0xf7, 0x3c, 0xef, 0x5c, 0xf7, 0x3b, 0xef, 0x5c, 0xef, 0x3b,
  0xef, 0x3c, 0xef, 0x1b, 0xe7, 0x1b, 0xef, 0x1b, 0xe7, 0x1b, 0xe6, 0xda,
  0xde, 0xda, 0xe6, 0xfa, 0xde, 0xda, 0xe6, 0xda, 0xe7, 0x1b, 0xe6, 0xfa,
  0xd6, 0xfa, 0xd6, 0x99, 0x84, 0x13, 0xb5, 0x98, 0xc5, 0xfc, 0xcd, 0xfc,
  0xc4, 0xb7, 0x9b, 0x31, 0xfb, 0x13, 0xf2, 0xb1, 0xf2, 0xb2, 0xf2, 0x91,
  0xfa, 0xf3, 0xfa, 0xd2, 0xfb, 0x13, 0xfb, 0x33, 0xea, 0x71, 0xfa, 0xb2,
  0xf2, 0xf2, 0xf2, 0xd2, 0xfb, 0x95, 0xf2, 0xd1, 0xfb, 0x13, 0xfa, 0xf3,
  0xfb, 0x54, 0xfb, 0x33, 0xf3, 0x13, 0xfb, 0x54, 0xf2, 0xd3, 0xfb, 0x13,
  0xf2, 0xd2, 0xf2, 0xb1, 0xf2, 0x91, 0xf2, 0x50, 0xf2, 0xd2, 0xfa, 0xf2,
  0xea, 0x71, 0xfb, 0x33, 0xea, 0xb1, 0xfb, 0x33, 0xf2, 0xd2, 0xfa, 0xb2,
  0xfb, 0x54, 0xf2, 0xd2, 0xfb, 0x74, 0xda, 0x70, 0xda, 0x91, 0xea, 0xd2,
  0xfa, 0xb2, 0xfa, 0xb2, 0xea, 0xb2, 0xfa, 0xd2, 0xfb, 0x13, 0xfa, 0xf2,
  0xd2, 0xd2, 0xd2, 0x90, 0xa1, 0x8c, 0xdb, 0x32, 0xfb, 0x14, 0xf2, 0x71,
  0xfa, 0xf3, 0xfa, 0xf2, 0xe2, 0x0f, 0xfa, 0xf3, 0xea, 0x91, 0xf2, 0x91,
  0xfa, 0xf3, 0xf2, 0x71, 0xfa, 0xd3, 0xea, 0x50, 0xfb, 0x54, 0xfa, 0xb2,
  0xf3, 0x33, 0xfb, 0x53, 0xa2, 0x0e, 0xc2, 0xf1, 0xc2, 0xd1, 0xca, 0xd1,
  0xaa, 0x2e, 0xdb, 0x73, 0xfb, 0x14, 0xfa, 0xb2, 0xd2, 0xb0, 0xd2, 0x70,
  0xca, 0x2f, 0xe2, 0xd2, 0xf2, 0x50, 0xfa, 0xf2, 0xfb, 0x54, 0xda, 0x0e,
  0xfa, 0xd2, 0xfa, 0xf3, 0xfa, 0xd3, 0xf2, 0x51, 0xeb, 0x74, 0xca, 0x2e,
  0xf2, 0xd2, 0xfb, 0x13, 0xfa, 0xd2, 0xe9, 0xcf, 0xf2, 0xd2, 0xfb, 0x13,
  0xfb, 0x13, 0xfb, 0x13, 0xe2, 0x50, 0xfa, 0xf2, 0xc2, 0x90, 0xdb, 0x32,
  0xf2, 0x30, 0xfa, 0x71, 0xe4, 0x16, 0xa1, 0xad, 0x41, 0xaa, 0x51, 0xeb,
  0x51, 0xec, 0x59, 0xec, 0x41, 0xeb, 0x39, 0xaa, 0x4a, 0x0b, 0x51, 0xeb,
  0x51, 0xec, 0x59, 0xec, 0x52, 0x2c, 0x49, 0xca, 0x52, 0x4d, 0x51, 0xeb,
  0x51, 0xcb, 0x59, 0xeb, 0x5a, 0x4d, 0x5a, 0x0c, 0x51, 0xab, 0x6a, 0x4d,
  0xea, 0xf2, 0xe2, 0x70, 0xfa, 0xf3, 0xfa, 0xd2, 0xb1, 0xad, 0xd2, 0x70,
  0xfb, 0x13, 0xf2, 0x71, 0xf3, 0x13, 0xfb, 0x33, 0xea, 0x30, 0xfa, 0xf3,
  0xea, 0x91, 0xfb, 0x54, 0xf2, 0xb2, 0xfa, 0xb2, 0xfa, 0xd3, 0xea, 0x0f,
  0xfb, 0x13, 0xe1, 0xef, 0xf2, 0xb2, 0xfa, 0xf3, 0xea, 0x50, 0xfb, 0x33,
  0xea, 0x91, 0xf2, 0xb1, 0xfb, 0x33, 0xe2, 0x0f, 0xfa, 0xf3, 0xfa, 0x71,
  0xcb, 0x33, 0xeb, 0xd5, 0xbd, 0xdb, 0xc5, 0xdb, 0xce, 0x1c, 0xcd, 0xdb,
  0xff, 0x3a, 0xff, 0x3a, 0xff, 0x19, 0xff, 0x3a, 0xff, 0x39, 0xff, 0x3a,
  0xff, 0x19, 0xff, 0x3a, 0xff, 0x19, 0xff, 0x5a, 0xff, 0x5a, 0xff, 0x5a,
  0xff, 0x39, 0xff, 0x3a, 0xff, 0x3a, 0xff, 0x3a, 0xff, 0x3a, 0xff, 0x3a,
  0xff, 0x3a, 0xff, 0x5b, 0xff, 0x3a, 0xff, 0x3a, 0xff, 0x39, 0xff, 0x5a,
  0xff, 0x3a, 0xff, 0x3a, 0xff, 0x3a, 0xff, 0x3a, 0xff, 0x39, 0xff, 0x39,
  0xe6, 0xb9, 0xf7, 0x7c, 0xff, 0x7d, 0xff, 0x7d, 0xff, 0x9d, 0xff, 0x9d,
  0xff, 0x7c, 0xff, 0x9d, 0xff, 0x5c, 0xf7, 0x7d, 0xff, 0x7d, 0xf7, 0x7d,
  0xff, 0x7c, 0xf7, 0x7d, 0xff, 0x7c, 0xef, 0x5b, 0xe6, 0xf9, 0xef, 0x5b,
  0xf7, 0x5b, 0xf7, 0x7c, 0xf7, 0x5c, 0xf7, 0x7c, 0xff, 0x7c, 0xf7, 0x7c,
  0xff, 0x5c, 0xf7, 0x5c, 0xf7, 0x3b, 0xef, 0x3b, 0xf7, 0x3b, 0xef, 0x3b,
  0xef, 0x1b, 0xef, 0x3b, 0xef, 0x1a, 0xe7, 0x3b, 0xee, 0xfa, 0xe6, 0xfa,
  0xe6, 0xda, 0xe6, 0xfa, 0xe6, 0xfa, 0xe7, 0x1a, 0xe6, 0xfa, 0xde, 0xfa,
  0xde, 0xd9, 0xdf, 0x1a, 0xc5, 0xf8, 0x84, 0x11, 0xce, 0x3b, 0xc6, 0x3c,
  0xcc, 0x97, 0x93, 0x11, 0xfa, 0xd2, 0xfa, 0xd2, 0xf2, 0xb1, 0xf3, 0x12,
  0xfa, 0xf2, 0xfb, 0x74, 0xea, 0xb1, 0xfb, 0x94, 0xfb, 0x12, 0xfb, 0x53,
  0xf2, 0xd1, 0xfb, 0x12, 0xfa, 0xf2, 0xea, 0x70, 0xfa, 0xf2, 0xf2, 0xd2,
  0xfa, 0xf2, 0xfb, 0x33, 0xf2, 0x91, 0xfb, 0x13, 0xf2, 0xb1, 0xfb, 0x74,
  0xf2, 0xd1, 0xf2, 0xf2, 0xfa, 0xb1, 0xf2, 0xb2, 0xfa, 0xf2, 0xfb, 0x13,
  0xf2, 0x91, 0xfb, 0x12, 0xf2, 0x91, 0xfa, 0xf2, 0xfb, 0x12, 0xf2, 0xb2,
  0xfb, 0x13, 0xf2, 0x50, 0xfb, 0x33, 0xea, 0xb1, 0xd2, 0x4f, 0xe3, 0x12,
  0xfa, 0xd2, 0xfa, 0xf3, 0xf2, 0xb1, 0xfb, 0x33, 0xfa, 0x91, 0xfb, 0x34,
  0xdb, 0x11, 0xba, 0x2e, 0x91, 0xab, 0xbb, 0x31, 0xfb, 0x54, 0xea, 0x71,
  0xfa, 0xb1, 0xfb, 0x33, 0xf2, 0x50, 0xfb, 0x33, 0xfb, 0x13, 0xe2, 0x50,
  0xfb, 0x12, 0xf2, 0xb1, 0xfb, 0x33, 0xea, 0x70, 0xfb, 0x53, 0xf2, 0xf2,
  0xf2, 0x90, 0xfb, 0x33, 0xaa, 0x0d, 0xaa, 0x4e, 0xc2, 0x2e, 0xc2, 0x4f,
  0xaa, 0x4e, 0x99, 0xed, 0xfb, 0x33, 0xfb, 0x74, 0xfa, 0xf2, 0xda, 0x2f,
  0xc1, 0xcd, 0xeb, 0x54, 0xf2, 0x50, 0xfa, 0x91, 0xfb, 0x53, 0xfa, 0xf2,
  0xe2, 0x0f, 0xfa, 0xf3, 0xfa, 0xf2, 0xfa, 0xd2, 0xe2, 0x70, 0xda, 0x90,
  0xe2, 0x2f, 0xf2, 0xf2, 0xfb, 0x33, 0xfb, 0x13, 0xe1, 0xee, 0xfa, 0xf3,
  0xfb, 0x53, 0xfb, 0x53, 0xfa, 0xf2, 0xe2, 0x70, 0xca, 0x4f, 0xdb, 0x12,
  0xfb, 0x13, 0xea, 0x2f, 0xf3, 0x53, 0xe2, 0xf1, 0x5a, 0x0b, 0x51, 0xeb,
  0x52, 0x0b, 0x4a, 0x0c, 0x49, 0xca, 0x4a, 0x0c, 0x51, 0xcb, 0x51, 0xeb,
  0x49, 0xaa, 0x49, 0xeb, 0x51, 0xeb, 0x49, 0xeb, 0x51, 0xcb, 0x52, 0x0c,
  0x49, 0xc9, 0x4a, 0x0b, 0x6a, 0x2c, 0x59, 0xeb, 0x49, 0xeb, 0x49, 0xeb,
  0x99, 0xcc, 0xc3, 0x32, 0xfa, 0x50, 0xfa, 0xd3, 0xda, 0xd1, 0xa9, 0x8c,
  0xfb, 0x12, 0xea, 0xf2, 0xf2, 0x2f, 0xfb, 0x13, 0xea, 0x0f, 0xfa, 0xd3,
  0xf2, 0x70, 0xfa, 0xb1, 0xfa, 0xd2, 0xea, 0x50, 0xfb, 0x13, 0xea, 0x30,
  0xfb, 0x13, 0xf2, 0xb1, 0xea, 0x50, 0xfb, 0x95, 0xea, 0x70, 0xf2, 0xd2,
  0xfb, 0x33, 0xea, 0x70, 0xfb, 0x33, 0xf2, 0x91, 0xfa, 0xb1, 0xfa, 0xd2,
  0xd2, 0xd0, 0xeb, 0xb4, 0xc5, 0xd9, 0xce, 0x3b, 0xcd, 0xfa, 0xce, 0x1b,
  0xff, 0x5b, 0xff, 0x1a, 0xff, 0x3a, 0xfe, 0xf9, 0xf7, 0x1a, 0xff, 0x1a,
  0xf7, 0x1a, 0xff, 0x19, 0xf7, 0x1a, 0xff, 0x1a, 0xff, 0x1a, 0xff, 0x1a,
  0xff, 0x1a, 0xff, 0x1a, 0xf7, 0x5a, 0xff, 0x3a, 0xff, 0x3a, 0xff, 0x19,
  0xff, 0x3a, 0xff, 0x39, 0xf7, 0x3a, 0xf7, 0x19, 0xf7, 0x3b, 0xff, 0x1a,
  0xf7, 0x3a, 0xff, 0x3a, 0xff, 0x3b, 0xff, 0x3a, 0xf7, 0x3a, 0xf6, 0xf8,
  0xd6, 0xf9, 0xe7, 0x5b, 0xf7, 0x7d, 0xff, 0x9d, 0xff, 0x9d, 0xff, 0x5c,
  0xf7, 0x7c, 0xff, 0x9c, 0xf7, 0x9d, 0xf7, 0x5c, 0xff, 0x7d, 0xff, 0x7d,
  0xf7, 0x7d, 0xff, 0x5c, 0xdf, 0x1a, 0xe7, 0x1a, 0xef, 0x5c, 0xf7, 0x5c,
  0xf7, 0x5c, 0xf7, 0x5c, 0xf7, 0x7c, 0xf7, 0x5c, 0xf7, 0x7c, 0xf7, 0x5c,
  0xf7, 0x5c, 0xf7, 0x3b, 0xf7, 0x5c, 0xf7, 0x3b, 0xef, 0x5c, 0xf7, 0x3b,
  0xe7, 0x1b, 0xef, 0x1b, 0xe7, 0x1b, 0xef, 0x1b, 0xe7, 0x1b, 0xe6, 0xfa,
  0xe7, 0x1b, 0xe6, 0xda, 0xde, 0xfa, 0xe6, 0xda, 0xde, 0xfa, 0xde, 0xda,
  0xde, 0xfa, 0xde, 0xb9, 0xde, 0xfb, 0xad, 0x75, 0x8c, 0xb5, 0xde, 0xdd,
  0xcc, 0xf8, 0x93, 0x10, 0xf2, 0xd2, 0xf2, 0xd2, 0xf2, 0xf2, 0xfb, 0x53,
  0xf2, 0xf3, 0xfb, 0x13, 0xf2, 0xd2, 0xfb, 0x33, 0xf2, 0xd2, 0xfb, 0x13,
  0xf2, 0xb2, 0xfa, 0xd2, 0xfb, 0x33, 0xfb, 0x12, 0xfb, 0x33, 0xfa, 0xf2,
  0xf2, 0x91, 0xfa, 0xf3, 0xf2, 0xf2, 0xfb, 0x54, 0xe2, 0x91, 0xfb, 0x54,
  0xea, 0xd2, 0xfb, 0x33, 0xf2, 0xd2, 0xfa, 0xd2, 0xfb, 0x13, 0xfb, 0x33,
  0xfb, 0x13, 0xf2, 0xd1, 0xf2, 0xd2, 0xf2, 0xb1, 0xfb, 0x54, 0xf2, 0xd1,
  0xfb, 0x75, 0xf2, 0xb1, 0xf3, 0x54, 0xea, 0xd1, 0xc2, 0x4f, 0xda, 0xd1,
  0xf2, 0xd2, 0xfb, 0x34, 0xea, 0x91, 0xfa, 0xd2, 0xf2, 0xd2, 0xfb, 0x74,
  0xdb, 0x33, 0xca, 0x90, 0x81, 0x8b, 0xb2, 0xb0, 0xfb, 0x54, 0xfa, 0xb2,
  0xea, 0x91, 0xfb, 0x33, 0xf2, 0xb2, 0xfa, 0xb1, 0xfb, 0x13, 0xf2, 0x50,
  0xfa, 0xf3, 0xea, 0x50, 0xfb, 0x34, 0xf2, 0x70, 0xf2, 0xf3, 0xfb, 0x33,
  0xea, 0x91, 0xfb, 0x95, 0xa2, 0x6f, 0x91, 0x8b, 0xba, 0x2f, 0xb9, 0xee,
  0xba, 0xb0, 0xa1, 0xcc, 0xb2, 0x2e, 0xeb, 0xb4, 0xfb, 0x74, 0xea, 0x91,
  0xa1, 0x8c, 0xe3, 0x53, 0xfb, 0x34, 0xea, 0x50, 0xfa, 0xd2, 0xfb, 0x13,
  0xf2, 0xd2, 0xea, 0x50, 0xfb, 0x34, 0xfb, 0x33, 0xea, 0xd2, 0xd1, 0xee,
  0xea, 0xd2, 0xda, 0x30, 0xfb, 0x13, 0xfb, 0x33, 0xf2, 0xb2, 0xe2, 0x0f,
  0xfb, 0x13, 0xfb, 0x33, 0xfb, 0x74, 0xfa, 0xd2, 0xa9, 0x8c, 0xda, 0xd1,
  0xfa, 0xf3, 0xfa, 0x92, 0xea, 0x10, 0xfb, 0x34, 0x82, 0xb0, 0x69, 0x8b,
  0x42, 0x0b, 0x42, 0x0b, 0x59, 0xcc, 0x62, 0x0c, 0x49, 0xeb, 0x51, 0xeb,
  0x49, 0xeb, 0x49, 0xeb, 0x52, 0x2c, 0x52, 0x0b, 0x49, 0xeb, 0x51, 0xeb,
  0x52, 0x0c, 0x59, 0xeb, 0x59, 0xec, 0x59, 0xec, 0x52, 0x2c, 0x51, 0xec,
  0x59, 0xab, 0x72, 0x6d, 0xea, 0x50, 0xfa, 0xf3, 0xfb, 0x95, 0xc9, 0xee,
  0xc1, 0xee, 0xf3, 0x54, 0xea, 0x10, 0xfa, 0xd2, 0xf2, 0xd2, 0xf2, 0xb1,
  0xfb, 0x34, 0xf2, 0x70, 0xfb, 0x54, 0xea, 0x70, 0xfb, 0x13, 0xfa, 0xf2,
  0xea, 0x91, 0xfb, 0x13, 0xea, 0x30, 0xfa, 0xf3, 0xf3, 0x13, 0xf2, 0xb1,
  0xfb, 0x54, 0xe2, 0x0f, 0xfa, 0x92, 0xfa, 0x71, 0xf2, 0x91, 0xfb, 0x13,
  0xda, 0x71, 0xf2, 0xf2, 0xd5, 0xfb, 0xff, 0x3f, 0xde, 0xde, 0xce, 0x3b,
  0xff, 0x19, 0xff, 0x3a, 0xff, 0x3a, 0xff, 0x3a, 0xff, 0x3a, 0xff, 0x3a,
  0xff, 0x19, 0xff, 0x5a, 0xff, 0x3a, 0xff, 0x3a, 0xff, 0x39, 0xff, 0x5a,
  0xff, 0x39, 0xff, 0x3a, 0xff, 0x19, 0xff, 0x1a, 0xff, 0x19, 0xff, 0x3a,
  0xff, 0x39, 0xff, 0x5a, 0xff, 0x3a, 0xff, 0x1a, 0xff, 0x19, 0xff, 0x3a,
  0xff, 0x38, 0xff, 0x59, 0xff, 0x58, 0xff, 0x59, 0xf7, 0x38, 0xf7, 0x38,
  0xc6, 0x76, 0xce, 0xd7, 0xef, 0x5b, 0xef, 0x5b, 0xf7, 0x7c, 0xf7, 0x9c,
  0xf7, 0x7c, 0xf7, 0xbd, 0xff, 0x7b, 0xf7, 0x7b, 0xf7, 0x5b, 0xff, 0x9c,
  0xf7, 0x5b, 0xe7, 0x1a, 0xef, 0x3b, 0xef, 0x7b, 0xff, 0x7c, 0xf7, 0x5c,
  0xf7, 0x5c, 0xf7, 0x7c, 0xff, 0x5c, 0xf7, 0x5c, 0xf7, 0x5b, 0xf7, 0x7c,
  0xf7, 0x3b, 0xf7, 0x5c, 0xf7, 0x5b, 0xef, 0x5c, 0xf7, 0x3b, 0xef, 0x3b,
  0xef, 0x1a, 0xef, 0x3b, 0xef, 0x1a, 0xe7, 0x1a, 0xe7, 0x1a, 0xe7, 0x1b,
  0xe6, 0xfa, 0xe6, 0xfa, 0xe6, 0xfa, 0xde, 0xfa, 0xde, 0xd9, 0xde, 0xd9,
  0xde, 0xd9, 0xde, 0xfa, 0xd6, 0x98, 0xdf, 0x1a, 0xa5, 0x15, 0x9d, 0x15,
  0xdd, 0x9a, 0x8b, 0x71, 0xfb, 0x12, 0xf2, 0xb1, 0xfa, 0x91, 0xfa, 0xf2,
  0xfb, 0x32, 0xfb, 0x53, 0xf2, 0x91, 0xfb, 0x54, 0xf2, 0x91, 0xfa, 0xf2,
  0xf2, 0xb1, 0xf2, 0xd2, 0xfb, 0x73, 0xfb, 0xb4, 0xfb, 0x33, 0xfb, 0x54,
  0xfa, 0xb1, 0xfb, 0x33, 0xf2, 0x90, 0xfb, 0x13, 0xf2, 0xb1, 0xfb, 0x74,
  0xfa, 0xb1, 0xfa, 0xf2, 0xfa, 0xd2, 0xfb, 0x13, 0xf2, 0xb1, 0xf2, 0xd2,
  0xfa, 0xf2, 0xf2, 0xf2, 0xfb, 0x33, 0xf2, 0xf2, 0xfb, 0x53, 0xea, 0xb1,
  0xfb, 0x53, 0xea, 0xb1, 0xfa, 0xf2, 0xfa, 0xf2, 0xca, 0x6f, 0xd2, 0xd1,
  0xf2, 0x91, 0xfb, 0x34, 0xf2, 0x70, 0xfa, 0xf2, 0xfb, 0x12, 0xfb, 0x54,
  0xea, 0xd1, 0xe2, 0xd2, 0xc1, 0xee, 0xe3, 0x33, 0xfb, 0x13, 0xfb, 0x13,
  0xf2, 0x50, 0xfb, 0x13, 0xfa, 0xb1, 0xf2, 0xb1, 0xfb, 0x33, 0xea, 0x30,
  0xfa, 0xd2, 0xf2, 0x50, 0xfa, 0xb2, 0xf2, 0x91, 0xea, 0x70, 0xfb, 0xb5,
  0xf2, 0xd1, 0xfb, 0x95, 0xab, 0x51, 0x61, 0x6a, 0xb2, 0x8f, 0xc3, 0x11,
  0xca, 0x8f, 0xd3, 0x11, 0xa2, 0x0d, 0xb2, 0xb0, 0xfb, 0x34, 0xfb, 0x34,
  0xb1, 0xed, 0xc2, 0xd0, 0xfb, 0x33, 0xfa, 0xd2, 0xea, 0x70, 0xfb, 0x53,
  0xfb, 0x54, 0xea, 0x91, 0xea, 0x2f, 0xfb, 0x13, 0xfb, 0x74, 0xd2, 0x2f,
  0xda, 0x6f, 0xeb, 0x32, 0xf2, 0x0f, 0xfa, 0xf3, 0xfb, 0x13, 0xea, 0x50,
  0xf2, 0x70, 0xfb, 0x74, 0xfb, 0x33, 0xfb, 0x33, 0xc2, 0x0e, 0xca, 0x70,
  0xfb, 0x74, 0xfb, 0x54, 0xea, 0x30, 0xea, 0x91, 0xbb, 0x72, 0x71, 0x4a,
  0x3a, 0x0a, 0x3a, 0x0b, 0x49, 0xea, 0x41, 0xeb, 0x51, 0xeb, 0x52, 0x0c,
  0x51, 0xeb, 0x49, 0xca, 0x51, 0xeb, 0x4a, 0x0b, 0x5a, 0x0b, 0x52, 0x0b,
  0x5a, 0x0b, 0x5a, 0x0c, 0x51, 0xea, 0x52, 0x0b, 0x59, 0xeb, 0x51, 0xeb,
  0x49, 0xea, 0x4a, 0x0b, 0xb1, 0xac, 0xdb, 0x53, 0xfa, 0xf2, 0xfa, 0xd2,
  0xa9, 0x8c, 0xdb, 0x53, 0xfa, 0xb1, 0xfa, 0xd2, 0xfb, 0x13, 0xea, 0x50,
  0xfa, 0xf3, 0xf2, 0x91, 0xfb, 0x13, 0xf2, 0xf2, 0xf2, 0x50, 0xfa, 0xf3,
  0xea, 0x0f, 0xfb, 0x13, 0xf2, 0x2f, 0xf2, 0x91, 0xfb, 0x54, 0xea, 0x70,
  0xfa, 0xf2, 0xfa, 0xd2, 0xf2, 0x50, 0xfb, 0x13, 0xea, 0x50, 0xfb, 0x54,
  0xfa, 0x91, 0xf2, 0x71, 0xc4, 0x96, 0xe5, 0xdb, 0xe7, 0x3d, 0xf7, 0xdf,
  0xf7, 0x1a, 0xff, 0x19, 0xf7, 0x1a, 0xff, 0x3a, 0xff, 0x3a, 0xff, 0x19,
  0xf7, 0x1a, 0xff, 0x3a, 0xff, 0x3a, 0xff, 0x1a, 0xff, 0x5b, 0xff, 0x3a,
  0xf7, 0x5a, 0xff, 0x3a, 0xff, 0x1a, 0xff, 0x1a, 0xff, 0x5b, 0xff, 0x3a,
  0xf7, 0x1a, 0xff, 0x3a, 0xff, 0x39, 0xff, 0x18, 0xf7, 0x18, 0xff, 0x18,
  0xe6, 0xd7, 0xde, 0x55, 0xc6, 0x35, 0xb5, 0x93, 0xa5, 0xd3, 0xa5, 0xb3,
  0x7d, 0x11, 0x6c, 0x8e, 0x8d, 0x74, 0x8d, 0x33, 0x9d, 0x94, 0xa5, 0xd5,
  0xb6, 0x17, 0xc6, 0x78, 0xc6, 0x79, 0xd6, 0xda, 0xdf, 0x3b, 0xd6, 0xd9,
  0xce, 0xd9, 0xe7, 0x5b, 0xf7, 0x5c, 0xff, 0x5c, 0xf7, 0x7d, 0xf7, 0x3c,
  0xf7, 0x7d, 0xf7, 0x5c, 0xf7, 0x7c, 0xf7, 0x5c, 0xf7, 0x7c, 0xf7, 0x5c,
  0xf7, 0x7c, 0xf7, 0x5c, 0xef, 0x5c, 0xef, 0x3b, 0xef, 0x3b, 0xef, 0x1b,
  0xef, 0x3b, 0xef, 0x1b, 0xe7, 0x1b, 0xe6, 0xfa, 0xe7, 0x1b, 0xe7, 0x1b,
  0xe7, 0x1b, 0xe6, 0xfa, 0xe6, 0xfb, 0xe6, 0xda, 0xde, 0xda, 0xde, 0xd9,
  0xd6, 0xda, 0xd6, 0x99, 0xd6, 0xd9, 0xde, 0xd9, 0xd6, 0xfb, 0x84, 0x30,
  0x93, 0xf4, 0x8b, 0x71, 0xfa, 0xf2, 0xf2, 0xb1, 0xf2, 0xb2, 0xfa, 0xb2,
  0xea, 0xb1, 0xfb, 0x74, 0xea, 0x71, 0xfb, 0x13, 0xea, 0x71, 0xfa, 0xf3,
  0xf2, 0xb2, 0xfa, 0xd2, 0xf2, 0xb2, 0xfa, 0xf2, 0xf3, 0x54, 0xfb, 0xb5,
  0xf3, 0x13, 0xfb, 0x94, 0xe2, 0xb1, 0xfb, 0x33, 0xea, 0xd2, 0xfb, 0x74,
  0xea, 0x91, 0xfa, 0xb2, 0xf2, 0xd2, 0xfa, 0xf2, 0xf2, 0xd2, 0xfa, 0xd2,
  0xfb, 0x33, 0xf2, 0xd2, 0xfb, 0x34, 0xf2, 0x91, 0xfb, 0x34, 0xf2, 0x91,
  0xfb, 0x54, 0xf2, 0xb1, 0xf2, 0xb2, 0xfb, 0x13, 0xd2, 0xd1, 0xd2, 0x70,
  0xf2, 0x91, 0xfa, 0xf3, 0xf2, 0xf2, 0xfb, 0x33, 0xf2, 0x71, 0xfa, 0xd2,
  0xdb, 0x12, 0xc2, 0x2f, 0xaa, 0x4f, 0xd3, 0x52, 0xfb, 0x13, 0xfa, 0xf3,
  0xea, 0x50, 0xfb, 0x13, 0xf2, 0xb2, 0xe2, 0x0f, 0xfb, 0x54, 0xea, 0x30,
  0xf2, 0x91, 0xf2, 0x71, 0xea, 0x92, 0xfa, 0xf2, 0xe2, 0x50, 0xfb, 0x13,
  0xf2, 0x30, 0xfb, 0x13, 0xac, 0x14, 0x59, 0x49, 0x59, 0x8a, 0x8a, 0xcf,
  0xc1, 0xcd, 0xc9, 0xee, 0xa2, 0x90, 0x89, 0x6b, 0xd2, 0x91, 0xfb, 0xb5,
  0xca, 0xd1, 0xb1, 0xed, 0xfb, 0x34, 0xfb, 0x13, 0xf2, 0xd2, 0xea, 0x90,
  0xfb, 0x13, 0xfa, 0xf3, 0xea, 0x50, 0xfa, 0x91, 0xfb, 0x34, 0xf2, 0xb2,
  0xc2, 0x2f, 0xfb, 0x94, 0xf2, 0x71, 0xf2, 0x50, 0xfb, 0x13, 0xfb, 0x54,
  0xf2, 0x91, 0xfa, 0x91, 0xfb, 0x13, 0xfb, 0x13, 0xca, 0x90, 0xba, 0x0e,
  0xb3, 0x32, 0x89, 0xcc, 0x5a, 0x4c, 0x59, 0xea, 0x52, 0x0b, 0x51, 0xca,
  0x52, 0x0c, 0x5a, 0x0c, 0x51, 0xeb, 0x59, 0xeb, 0x51, 0xeb, 0x5a, 0x0c,
  0x49, 0xcb, 0x5a, 0x0c, 0x51, 0xec, 0x51, 0xcb, 0x5a, 0x2c, 0x59, 0xcb,
  0x49, 0xeb, 0x52, 0x0b, 0x42, 0x0b, 0x41, 0xaa, 0x49, 0xcb, 0x52, 0x0b,
  0x42, 0x0c, 0x42, 0x0b, 0x61, 0x6a, 0x8a, 0x6e, 0xfa, 0xb2, 0xfa, 0xf3,
  0xd2, 0xb1, 0xb9, 0xad, 0xf3, 0x13, 0xea, 0x70, 0xfa, 0xf3, 0xf2, 0x50,
  0xfa, 0xf3, 0xf2, 0xb2, 0xea, 0x71, 0xfb, 0x34, 0xf2, 0x91, 0xfa, 0xf3,
  0xf2, 0x51, 0xfa, 0x91, 0xfb, 0x13, 0xf2, 0xb1, 0xfb, 0x34, 0xf2, 0x70,
  0xea, 0x91, 0xfb, 0x54, 0xea, 0x91, 0xfb, 0x74, 0xea, 0x91, 0xf2, 0xb2,
  0xfa, 0xd2, 0xf2, 0x50, 0xb3, 0x93, 0xdc, 0xb7, 0xe7, 0x5f, 0xd6, 0x9c,
  0xff, 0x19, 0xff, 0x1a, 0xff, 0x3a, 0xff, 0x3a, 0xff, 0x19, 0xff, 0x3a,
  0xff, 0x39, 0xff, 0x3a, 0xff, 0x39, 0xff, 0x1a, 0xff, 0x3a, 0xff, 0x3a,
  0xff, 0x19, 0xff, 0x3a, 0xff, 0x19, 0xff, 0x5a, 0xff, 0x39, 0xff, 0x39,
  0xff, 0x38, 0xee, 0xf7, 0xe6, 0xb7, 0xd6, 0x76, 0xc6, 0x35, 0xb5, 0xd4,
  0x95, 0x52, 0x85, 0x32, 0x95, 0x53, 0x85, 0x33, 0x95, 0x53, 0x95, 0x73,
  0x95, 0x52, 0x8d, 0x52, 0x95, 0x72, 0x8d, 0x93, 0x8d, 0x72, 0x8d, 0x72,
  0x8d, 0x52, 0x95, 0xb4, 0x9d, 0xb4, 0x9d, 0xf6, 0xa5, 0xd5, 0x95, 0xb4,
  0xbe, 0x57, 0xc6, 0xf9, 0xe6, 0xfa, 0xef, 0x5c, 0xff, 0x7c, 0xf7, 0x7c,
  0xf7, 0x5b, 0xf7, 0x7c, 0xff, 0x5c, 0xf7, 0x7c, 0xff, 0x5c, 0xf7, 0x7c,
  0xff, 0x5c, 0xf7, 0x5c, 0xf7, 0x3b, 0xef, 0x5c, 0xf7, 0x3b, 0xef, 0x3b,
  0xf7, 0x3b, 0xef, 0x3b, 0xef, 0x1b, 0xe7, 0x1b, 0xe6, 0xfa, 0xde, 0xfa,
  0xe6, 0xfa, 0xe7, 0x1b, 0xef, 0x1a, 0xe6, 0xfa, 0xe6, 0xf9, 0xde, 0xfa,
  0xd6, 0x98, 0xd6, 0xb9, 0xde, 0xb8, 0xd6, 0xb8, 0xd6, 0xfa, 0xd6, 0xfa,
  0x93, 0xf2, 0x6a, 0xce, 0xfb, 0x12, 0xea, 0xf2, 0xfb, 0x13, 0xfa, 0xf2,
  0xf2, 0x70, 0xfb, 0x13, 0xf2, 0xb1, 0xfb, 0x54, 0xf2, 0x70, 0xfb, 0x33,
  0xfa, 0xb1, 0xfb, 0x13, 0xf2, 0xf1, 0xfb, 0x94, 0xf2, 0xd1, 0xfb, 0x94,
  0xf2, 0xd1, 0xfb, 0x53, 0xf2, 0xb1, 0xfb, 0x74, 0xea, 0xb1, 0xfb, 0x33,
  0xfb, 0x12, 0xf3, 0x12, 0xfa, 0xb1, 0xfa, 0xf2, 0xfa, 0xd1, 0xf2, 0xf2,
  0xfb, 0x12, 0xfb, 0x33, 0xfa, 0xf2, 0xea, 0x30, 0xfb, 0x13, 0xf2, 0x91,
  0xfb, 0x73, 0xfb, 0x53, 0xfa, 0xd1, 0xfb, 0x33, 0xda, 0x90, 0xca, 0x2f,
  0xea, 0xb1, 0xfb, 0x74, 0xfa, 0x91, 0xf2, 0xb1, 0xfa, 0xd1, 0xfa, 0xd2,
  0xf3, 0x53, 0xb9, 0xee, 0xa1, 0xcc, 0xc3, 0x31, 0xfa, 0xd2, 0xfb, 0x95,
  0xea, 0x90, 0xfb, 0x53, 0xfa, 0xf3, 0xe2, 0x0f, 0xfb, 0x12, 0xf2, 0xd2,
  0xf2, 0x50, 0xfa, 0xd2, 0xfa, 0x71, 0xfb, 0x13, 0xea, 0x70, 0xfb, 0x74,
  0xfa, 0xd1, 0xfa, 0xf2, 0xcc, 0x14, 0x79, 0xab, 0x41, 0xa9, 0x5a, 0x8d,
  0xda, 0xb0, 0xd2, 0x70, 0xba, 0xb0, 0xb2, 0xb0, 0x91, 0x8b, 0xd3, 0x93,
  0xe3, 0x52, 0xa1, 0x6b, 0xea, 0xd1, 0xf3, 0x74, 0xfb, 0x74, 0xea, 0x70,
  0xf2, 0x0f, 0xfb, 0x13, 0xfa, 0xd2, 0xea, 0x50, 0xfb, 0x12, 0xfb, 0x74,
  0xda, 0x4f, 0xe2, 0xf1, 0xfa, 0xf2, 0xf2, 0x50, 0xfa, 0xf2, 0xfb, 0x13,
  0xfa, 0xb2, 0xea, 0x50, 0xfa, 0xd2, 0xfb, 0x54, 0xd3, 0x11, 0xba, 0x6f,
  0x51, 0xaa, 0x51, 0xaa, 0x52, 0x0b, 0x52, 0x2c, 0x59, 0xcb, 0x5a, 0x0c,
  0x59, 0xcb, 0x5a, 0x0c, 0x51, 0xeb, 0x49, 0xcb, 0x62, 0x2c, 0x5a, 0x2c,
  0x59, 0xaa, 0x62, 0x0c, 0x52, 0x2c, 0x49, 0xcb, 0x51, 0xeb, 0x52, 0x0c,
  0x51, 0xeb, 0x49, 0xcb, 0x49, 0xeb, 0x49, 0xeb, 0x42, 0x0a, 0x3a, 0x0a,
  0x49, 0xeb, 0x41, 0xeb, 0x49, 0xea, 0x41, 0xca, 0xd9, 0xee, 0xfb, 0x54,
  0xfb, 0x13, 0xda, 0x30, 0xd2, 0x2f, 0xda, 0x90, 0xfa, 0xb1, 0xfa, 0x91,
  0xfa, 0xb1, 0xfb, 0x33, 0xea, 0x90, 0xfb, 0x74, 0xea, 0x2f, 0xf2, 0x91,
  0xfa, 0xd2, 0xf2, 0xb1, 0xfb, 0x12, 0xea, 0x50, 0xfb, 0x13, 0xfa, 0xb2,
  0xea, 0x50, 0xfb, 0x74, 0xea, 0x2f, 0xfb, 0x33, 0xfb, 0x12, 0xf3, 0x13,
  0xfb, 0x54, 0xf2, 0x91, 0xcb, 0x52, 0xe4, 0x36, 0xe6, 0xfe, 0xdf, 0x1f,
  0xff, 0x3a, 0xff, 0x19, 0xf7, 0x1a, 0xff, 0x1a, 0xff, 0x5a, 0xff, 0x19,
  0xff, 0x5a, 0xff, 0x39, 0xf7, 0x19, 0xff, 0x19, 0xf7, 0x1a, 0xff, 0x3a,
  0xff, 0x3a, 0xff, 0x19, 0xff, 0x39, 0xfe, 0xf8, 0xef, 0x38, 0xe6, 0xb6,
  0xc6, 0x35, 0xce, 0x56, 0xb6, 0x17, 0xa5, 0x53, 0x9d, 0x95, 0xad, 0xd6,
  0xa5, 0xf6, 0xa5, 0xd5, 0x9d, 0xd5, 0xa5, 0xf6, 0xae, 0x37, 0xa5, 0xd5,
  0xae, 0x37, 0xa5, 0xb5, 0x95, 0xb5, 0x9d, 0xb5, 0x9e, 0x15, 0x95, 0xb3,
  0x8d, 0xb4, 0x8d, 0x72, 0x85, 0x93, 0x8d, 0x73, 0x8d, 0x94, 0x9d, 0xf5,
  0xae, 0x17, 0xad, 0xf6, 0xa5, 0xd6, 0xad, 0xd6, 0xbe, 0x37, 0xde, 0xfa,
  0xef, 0x7c, 0xf7, 0x7c, 0xef, 0x5c, 0xf7, 0x5c, 0xf7, 0x5c, 0xf7, 0x3c,
  0xf7, 0x5c, 0xf7, 0x3b, 0xef, 0x3c, 0xf7, 0x3b, 0xef, 0x3c, 0xef, 0x1b,
  0xef, 0x1b, 0xef, 0x1b, 0xe7, 0x1b, 0xe6, 0xfb, 0xe7, 0x1b, 0xe6, 0xfa,
  0xde, 0xfb, 0xe6, 0xda, 0xe7, 0x1b, 0xe6, 0xda, 0xde, 0xfa, 0xde, 0xd9,
  0xd6, 0xd9, 0xd6, 0xb9, 0xd6, 0xda, 0xde, 0xb9, 0xd6, 0xfa, 0xd6, 0xd9,
  0xce, 0x3a, 0x73, 0x2e, 0xf2, 0xb2, 0xf2, 0x71, 0xf2, 0x91, 0xfa, 0xd2,
  0xf2, 0xf2, 0xfb, 0x53, 0xea, 0xd2, 0xfb, 0x95, 0xea, 0x91, 0xf2, 0xd2,
  0xea, 0xb1, 0xfb, 0x13, 0xf2, 0xb2, 0xfb, 0x13, 0xea, 0xd2, 0xfb, 0x74,
  0xea, 0x91, 0xfb, 0x33, 0xf2, 0x91, 0xfa, 0xf2, 0xf2, 0xb2, 0xfa, 0xf2,
  0xea, 0xb1, 0xfb, 0x33, 0xf2, 0xf2, 0xfb, 0x54, 0xf2, 0x91, 0xfa, 0xb1,
  0xf3, 0x13, 0xea, 0x91, 0xfb, 0x13, 0xea, 0x70, 0xfa, 0xf3, 0xfa, 0xd2,
  0xfa, 0xf3, 0xfa, 0xf2, 0xf2, 0x91, 0xfa, 0xb2, 0xe2, 0xf2, 0xd2, 0x2f,
  0xd2, 0x50, 0xfb, 0x74, 0xf2, 0x91, 0xfa, 0xb2, 0xf2, 0x91, 0xfa, 0x91,
  0xfb, 0x75, 0xd1, 0xef, 0xb1, 0xee, 0xe3, 0x53, 0xf2, 0x92, 0xfb, 0x34,
  0xea, 0x71, 0xf2, 0x91, 0xfb, 0x34, 0xf2, 0x70, 0xfa, 0xf2, 0xfb, 0x33,
  0xea, 0x71, 0xfa, 0xf2, 0xea, 0x30, 0xfa, 0xf3, 0xea, 0x51, 0xfa, 0xf3,
  0xfa, 0xf3, 0xf2, 0x50, 0xdc, 0x15, 0x99, 0xcc, 0x21, 0xca, 0x29, 0xca,
  0x9a, 0x0e, 0xb2, 0xb0, 0xc2, 0x4f, 0xca, 0x6f, 0x9a, 0x6f, 0x92, 0x0d,
  0xe3, 0xd5, 0xba, 0x4f, 0xda, 0x30, 0xea, 0xb1, 0xfb, 0x34, 0xfb, 0x13,
  0xe2, 0x0f, 0xf2, 0x91, 0xfb, 0x34, 0xfa, 0xd2, 0xd1, 0xcf, 0xfa, 0xf3,
  0xd2, 0x50, 0xd2, 0x4f, 0xfb, 0x34, 0xfb, 0x13, 0xea, 0x91, 0xf2, 0xb1,
  0xfb, 0x54, 0xfa, 0x91, 0xea, 0x10, 0xfb, 0x34, 0xb3, 0x11, 0x91, 0xec,
  0x49, 0xcb, 0x59, 0xec, 0x52, 0x0c, 0x51, 0xec, 0x52, 0x0c, 0x51, 0xcb,
  0x52, 0x2c, 0x49, 0xeb, 0x52, 0x0c, 0x51, 0xcb, 0x49, 0xeb, 0x49, 0xcb,
  0x41, 0xeb, 0x41, 0xca, 0x4a, 0x0c, 0x52, 0x0b, 0x41, 0xab, 0x51, 0xeb,
  0x5a, 0x0d, 0x59, 0xcb, 0x49, 0xec, 0x51, 0xeb, 0x49, 0xcb, 0x51, 0xcb,
  0x49, 0xec, 0x51, 0xcb, 0x42, 0x2c, 0x4a, 0x0b, 0x81, 0x0a, 0xca, 0xf1,
  0xfb, 0x14, 0xfa, 0xb2, 0xc2, 0x0f, 0xc1, 0xee, 0xea, 0x71, 0xfa, 0xf3,
  0xea, 0x50, 0xfa, 0xd2, 0xea, 0x50, 0xfa, 0xb1, 0xf2, 0x92, 0xf2, 0x50,
  0xfb, 0x14, 0xf2, 0x70, 0xfa, 0x92, 0xfa, 0x71, 0xf2, 0x91, 0xfa, 0xd2,
  0xea, 0x71, 0xfb, 0x13, 0xf2, 0x71, 0xfa, 0x71, 0xfb, 0x74, 0xea, 0x91,
  0xfa, 0xf3, 0xf2, 0x30, 0xca, 0xf2, 0xe3, 0x73, 0xbd, 0xda, 0xce, 0x3b,
  0xff, 0x19, 0xff, 0x3a, 0xff, 0x3a, 0xff, 0x1a, 0xff, 0x19, 0xff, 0x5a,
  0xff, 0x19, 0xf7, 0x19, 0xff, 0x19, 0xff, 0x5a, 0xff, 0x39, 0xff, 0x5a,
  0xff, 0x38, 0xf6, 0xf7, 0xe6, 0xd7, 0xd6, 0x76, 0xb5, 0xf5, 0xad, 0xd5,
  0x9d, 0x74, 0xa5, 0xd6, 0xad, 0xd5, 0xa5, 0xd6, 0xad, 0xf5, 0xb6, 0x57,
  0xb6, 0x15, 0xb6, 0x56, 0xb5, 0xf5, 0x9d, 0x94, 0x9d, 0x94, 0x9d, 0x95,
  0xae, 0x15, 0xa5, 0xf5, 0xad, 0xd5, 0xa5, 0xf6, 0xad, 0xb5, 0xa5, 0xb6,
  0x9d, 0xb5, 0x95, 0xb5, 0x8d, 0x73, 0x85, 0x53, 0x8d, 0x72, 0x8d, 0x93,
  0xa5, 0xd4, 0xae, 0x77, 0xb6, 0x16, 0xae, 0x37, 0x95, 0x74, 0x9d, 0xd5,
  0xc6, 0x37, 0xd7, 0x1a, 0xf7, 0x5c, 0xf7, 0x7c, 0xf7, 0x5b, 0xf7, 0x5c,
  0xff, 0x5c, 0xf7, 0x5c, 0xf7, 0x3b, 0xef, 0x3c, 0xef, 0x1b, 0xef, 0x3b,
  0xef, 0x1b, 0xef, 0x3b, 0xef, 0x1b, 0xe7, 0x1b, 0xe6, 0xfa, 0xe7, 0x3b,
  0xe6, 0xfa, 0xe6, 0xfa, 0xe6, 0xfa, 0xe6, 0xfa, 0xde, 0xd9, 0xde, 0xfa,
  0xde, 0xb9, 0xd6, 0xb9, 0xd6, 0xb9, 0xd6, 0xb9, 0xd6, 0xd9, 0xce, 0xd9,
  0xd6, 0x39, 0x8c, 0x31, 0xfa, 0xd1, 0xfa, 0xf2, 0xfa, 0xb1, 0xfb, 0x13,
  0xfa, 0xd1, 0xfb, 0x33, 0xf2, 0xb1, 0xfb, 0x33, 0xfa, 0xf2, 0xfb, 0x13,
  0xfa, 0xf2, 0xfb, 0x33, 0xfa, 0xf2, 0xfb, 0x54, 0xfb, 0x12, 0xfb, 0x94,
  0xfa, 0xd1, 0xfb, 0x13, 0xfb, 0x12, 0xfb, 0x13, 0xf2, 0xb1, 0xfb, 0x12,
  0xfa, 0xf2, 0xf3, 0x12, 0xf2, 0xd1, 0xf2, 0xf2, 0xf2, 0x70, 0xfa, 0xb2,
  0xfb, 0x33, 0xf2, 0xf2, 0xfb, 0x12, 0xea, 0xd1, 0xfb, 0x53, 0xea, 0xf2,
  0xfa, 0xf2, 0xfb, 0x74, 0xfa, 0xd1, 0xfb, 0x33, 0xe2, 0xb0, 0xeb, 0x12,
  0xd2, 0x4f, 0xeb, 0x33, 0xfb, 0x13, 0xf2, 0x91, 0xfa, 0xd1, 0xfa, 0xb2,
  0xfb, 0x74, 0xd2, 0x70, 0xb2, 0x0d, 0xdb, 0x93, 0xf2, 0x50, 0xfb, 0x54,
  0xfa, 0xd2, 0xea, 0x91, 0xfb, 0x74, 0xf2, 0xb1, 0xf2, 0x70, 0xfb, 0x13,
  0xea, 0x50, 0xfb, 0x13, 0xea, 0x70, 0xfb, 0x74, 0xf2, 0xb1, 0xf2, 0xd2,
  0xfb, 0x33, 0xf2, 0x91, 0xf3, 0xd4, 0xba, 0x6f, 0x29, 0xc9, 0x2a, 0x0b,
  0x61, 0x49, 0x8a, 0xcf, 0xca, 0x2e, 0xc2, 0x0e, 0xb2, 0x6f, 0x99, 0xcd,
  0xc2, 0x90, 0xc2, 0xb1, 0xea, 0x91, 0xe2, 0x91, 0xfb, 0x13, 0xfb, 0x54,
  0xfa, 0xd2, 0xe2, 0x50, 0xfb, 0x13, 0xfb, 0x74, 0xfa, 0xb1, 0xea, 0x91,
  0xf3, 0x12, 0xca, 0x0e, 0xfa, 0xf2, 0xfb, 0x94, 0xfa, 0xd2, 0xea, 0x70,
  0xfb, 0x13, 0xfa, 0xf3, 0xfa, 0x71, 0xf2, 0x91, 0xcb, 0x32, 0x99, 0xed,
  0x5a, 0x0b, 0x51, 0xeb, 0x59, 0xeb, 0x5a, 0x2c, 0x6a, 0x2c, 0x51, 0xcb,
  0x59, 0xeb, 0x5a, 0x2c, 0x51, 0xeb, 0x49, 0xeb, 0x49, 0xca, 0x4a, 0x0b,
  0x59, 0xeb, 0x5a, 0x0c, 0x49, 0xeb, 0x49, 0xeb, 0x49, 0xea, 0x4a, 0x0b,
  0x49, 0xeb, 0x41, 0xcb, 0x52, 0x0b, 0x52, 0x2c, 0x51, 0xeb, 0x49, 0xeb,
  0x4a, 0x0b, 0x42, 0x0b, 0x49, 0xca, 0x52, 0x4c, 0x59, 0x49, 0x7a, 0x8e,
  0xfb, 0x33, 0xfb, 0x53, 0xe3, 0x12, 0xb9, 0xee, 0xda, 0x2f, 0xfb, 0x74,
  0xfa, 0x50, 0xfa, 0xd2, 0xfa, 0xd2, 0xfa, 0xb2, 0xfa, 0xf2, 0xea, 0x50,
  0xfb, 0x53, 0xea, 0x91, 0xfa, 0xd2, 0xfa, 0xf2, 0xf2, 0x30, 0xfa, 0xf3,
  0xf2, 0x70, 0xf2, 0xb1, 0xfa, 0xf3, 0xf2, 0x71, 0xfb, 0x33, 0xf2, 0xb1,
  0xfa, 0x91, 0xfa, 0xb2, 0xe3, 0x12, 0xe3, 0x12, 0xbd, 0x59, 0xc5, 0xfb,
  0xff, 0x3a, 0xff, 0x19, 0xff, 0x3a, 0xff, 0x19, 0xff, 0x3a, 0xff, 0x3a,
  0xff, 0x3a, 0xf7, 0x19, 0xf7, 0x19, 0xff, 0x19, 0xff, 0x39, 0xfe, 0xf8,
  0xd6, 0xb6, 0xbd, 0xd3, 0xa5, 0xd5, 0xad, 0xf5, 0xad, 0xf6, 0xad, 0xb5,
  0xae, 0x16, 0xb6, 0x16, 0xae, 0x37, 0xae, 0x16, 0xa5, 0xf5, 0xa5, 0xd5,
  0xa5, 0xd5, 0xad, 0xf5, 0xae, 0x16, 0xad, 0xf5, 0xa6, 0x16, 0xae, 0x16,
  0xa5, 0xf6, 0x9d, 0x74, 0x9d, 0xb5, 0xa5, 0x95, 0x95, 0x54, 0x9d, 0x54,
  0x95, 0x74, 0x9d, 0x74, 0x95, 0x54, 0x8c, 0xf2, 0x85, 0x33, 0x7c, 0xb1,
  0x74, 0x70, 0x7c, 0xb1, 0x8d, 0x13, 0x9d, 0x74, 0xa6, 0x37, 0xa5, 0xd5,
  0x95, 0x74, 0xa5, 0xd6, 0xb6, 0x16, 0xce, 0xb9, 0xef, 0x3c, 0xf7, 0x5c,
  0xef, 0x5c, 0xf7, 0x5c, 0xef, 0x3c, 0xf7, 0x1b, 0xef, 0x3c, 0xf7, 0x3b,
  0xe7, 0x3b, 0xef, 0x1b, 0xef, 0x3b, 0xef, 0x1b, 0xe7, 0x1b, 0xee, 0xfa,
  0xe7, 0x1b, 0xe6, 0xfa, 0xde, 0xfa, 0xde, 0xfa, 0xde, 0xfa, 0xde, 0xd9,
  0xd6, 0xda, 0xde, 0xda, 0xd6, 0xb9, 0xd6, 0x98, 0xd6, 0xfa, 0xce, 0xb8,
  0xd6, 0x5a, 0x94, 0x10, 0xea, 0xd2, 0xf2, 0xd1, 0xf2, 0xb2, 0xfa, 0xb1,
  0xea, 0x91, 0xfb, 0x13, 0xfb, 0x13, 0xfb, 0x53, 0xfb, 0x13, 0xfa, 0xd2,
  0xf2, 0x91, 0xfa, 0xb2, 0xea, 0xd2, 0xfb, 0x33, 0xf2, 0xb2, 0xfb, 0x13,
  0xfa, 0xf3, 0xfa, 0xd2, 0xf2, 0xb2, 0xfa, 0xb2, 0xf2, 0xd2, 0xf2, 0x91,
  0xfb, 0x34, 0xf2, 0xb1, 0xfb, 0x13, 0xfa, 0xd2, 0xea, 0x71, 0xf2, 0xb1,
  0xfb, 0x33, 0xf2, 0xd2, 0xfb, 0x54, 0xfb, 0x13, 0xfb, 0xd6, 0xf3, 0x33,
  0xeb, 0x13, 0xfb, 0x94, 0xf2, 0xb2, 0xfa, 0xd2, 0xe2, 0x91, 0xf2, 0xf2,
  0xba, 0x0e, 0xeb, 0x73, 0xfb, 0x74, 0xea, 0xb1, 0xfa, 0xd2, 0xf2, 0x30,
  0xf3, 0x54, 0xda, 0x50, 0xb1, 0xee, 0xeb, 0x53, 0xea, 0x71, 0xfb, 0x33,
  0xfa, 0xd2, 0xea, 0x30, 0xfa, 0xf3, 0xfa, 0x91, 0xea, 0x71, 0xfb, 0x54,
  0xea, 0x91, 0xfa, 0xd2, 0xf2, 0x91, 0xfa, 0xd2, 0xf2, 0xd2, 0xf2, 0x71,
  0xfb, 0x54, 0xea, 0x50, 0xeb, 0x33, 0xda, 0xb1, 0x29, 0xaa, 0x3a, 0x0b,
  0x49, 0x8b, 0x62, 0x4d, 0xca, 0xb1, 0xd2, 0xd1, 0xca, 0xf1, 0xca, 0xd0,
  0xa2, 0x6f, 0xaa, 0x8f, 0xda, 0x91, 0xfb, 0x33, 0xe2, 0x70, 0xfb, 0x54,
  0xfb, 0xd6, 0xfb, 0x53, 0xe2, 0x71, 0xfb, 0x33, 0xfb, 0x54, 0xf2, 0x71,
  0xda, 0x91, 0xda, 0x70, 0xe2, 0x71, 0xfb, 0x13, 0xfb, 0x95, 0xfa, 0xb1,
  0xea, 0x71, 0xfb, 0x13, 0xfa, 0xf3, 0xf2, 0x71, 0xba, 0xb0, 0xba, 0x8f,
  0x59, 0xec, 0x59, 0xcb, 0x51, 0xeb, 0x5a, 0x0b, 0x62, 0x0c, 0x61, 0xcb,
  0x49, 0xcb, 0x51, 0xeb, 0x4a, 0x0c, 0x4a, 0x0b, 0x4a, 0x0c, 0x49, 0xca,
  0x49, 0xeb, 0x51, 0xeb, 0x49, 0xeb, 0x49, 0xeb, 0x49, 0xec, 0x49, 0xcb,
  0x51, 0xcb, 0x62, 0x4d, 0x5a, 0x2c, 0x51, 0x89, 0x52, 0x2d, 0x49, 0xeb,
  0x52, 0x0c, 0x51, 0xec, 0x41, 0xcb, 0x49, 0xeb, 0x51, 0xec, 0x51, 0xcb,
  0xd2, 0x70, 0xfb, 0x74, 0xfb, 0x54, 0xea, 0xb1, 0xba, 0x4f, 0xe3, 0x73,
  0xfa, 0xf3, 0xf2, 0x91, 0xfb, 0x13, 0xea, 0x2f, 0xfa, 0xd2, 0xf2, 0x91,
  0xf2, 0xd2, 0xfb, 0x33, 0xea, 0xb1, 0xfb, 0x53, 0xf2, 0x71, 0xfa, 0xd2,
  0xf2, 0xb2, 0xf2, 0x30, 0xfb, 0x13, 0xea, 0x2f, 0xfb, 0x13, 0xfa, 0xd2,
  0xf2, 0x51, 0xfa, 0xd2, 0xe2, 0x50, 0xf2, 0x91, 0xac, 0xd7, 0xd5, 0xfb,
  0xff, 0x39, 0xf7, 0x39, 0xff, 0x19, 0xff, 0x3a, 0xff, 0x3a, 0xff, 0x3a,
  0xff, 0x19, 0xff, 0x39, 0xff, 0x58, 0xf7, 0x17, 0xce, 0x34, 0xbd, 0xf3,
  0xb5, 0xf4, 0xad, 0xf4, 0xad, 0xb4, 0xb6, 0x36, 0xb6, 0x15, 0xb6, 0x36,
  0xb6, 0x55, 0xae, 0x55, 0xad, 0xd4, 0xb6, 0x16, 0xad, 0xf6, 0xad, 0xf6,
  0xae, 0x36, 0xa6, 0x36, 0xa5, 0xb5, 0xa5, 0xd5, 0xa5, 0x94, 0x9d, 0x74,
  0xa5, 0x74, 0x9d, 0x74, 0x9d, 0x73, 0xae, 0x16, 0xad, 0xb5, 0xad, 0xd6,
  0xb5, 0xd6, 0xbe, 0x37, 0xbe, 0x16, 0xb6, 0x17, 0xbe, 0x36, 0xb6, 0x36,
  0xad, 0xd5, 0x9d, 0x94, 0xa5, 0xb4, 0xae, 0x16, 0xae, 0x15, 0xae, 0x16,
  0xb6, 0x16, 0xa5, 0xd5, 0x9d, 0xb5, 0x9d, 0xb5, 0xbe, 0x37, 0xce, 0xfa,
  0xef, 0x1b, 0xf7, 0x5c, 0xf7, 0x3b, 0xef, 0x3b, 0xf7, 0x5b, 0xef, 0x5c,
  0xf7, 0x3b, 0xef, 0x3b, 0xee, 0xfa, 0xef, 0x1b, 0xef, 0x1a, 0xef, 0x3b,
  0xef, 0x1a, 0xe7, 0x1a, 0xe6, 0xfa, 0xde, 0xfa, 0xe6, 0xfa, 0xde, 0xd9,
  0xde, 0xf9, 0xd6, 0xd9, 0xde, 0xd9, 0xd6, 0xd9, 0xde, 0xd9, 0xd6, 0xd9,
  0xde, 0x9a, 0x9c, 0xd3, 0xfb, 0x73, 0xea, 0xf2, 0xfa, 0x91, 0xfa, 0xb2,
  0xfa, 0xd1, 0xfb, 0x13, 0xfb, 0x12, 0xfb, 0x33, 0xfb, 0x33, 0xfb, 0x33,
  0xfb, 0x12, 0xfa, 0xf2, 0xf2, 0xb1, 0xfb, 0x33, 0xf2, 0xd1, 0xfb, 0x54,
  0xfa, 0xf2, 0xfb, 0x53, 0xfa, 0x91, 0xea, 0x70, 0xfb, 0x13, 0xf2, 0xb1,
  0xfb, 0x12, 0xea, 0x91, 0xf2, 0x91, 0xfa, 0xf2, 0xf3, 0x32, 0xf3, 0x53,
  0xfa, 0xf2, 0xfa, 0xf2, 0xfa, 0xf2, 0xf2, 0xf2, 0xfa, 0xf2, 0xfb, 0x33,
  0xea, 0x70, 0xfb, 0x74, 0xfa, 0xd2, 0xfa, 0xd2, 0xea, 0xd1, 0xfb, 0x94,
  0xc9, 0xce, 0xe2, 0xf2, 0xfb, 0x33, 0xfa, 0xd2, 0xfb, 0x13, 0xf2, 0x71,
  0xfb, 0x33, 0xea, 0xd2, 0xc1, 0xed, 0xf3, 0x94, 0xf2, 0x70, 0xfb, 0x34,
  0xfb, 0x13, 0xea, 0x50, 0xfa, 0xd2, 0xfa, 0xf3, 0xea, 0x2f, 0xfb, 0x54,
  0xfa, 0xb1, 0xf2, 0xd2, 0xfb, 0x12, 0xf2, 0xd2, 0xfa, 0xf2, 0xea, 0x30,
  0xfb, 0x33, 0xf2, 0x91, 0xf2, 0xf2, 0xf3, 0x33, 0x49, 0xeb, 0x39, 0xca,
  0x32, 0x0a, 0x2a, 0x0a, 0xa2, 0x2d, 0xb2, 0xd0, 0xd2, 0x4f, 0xca, 0x2f,
  0xb2, 0xcf, 0xa2, 0x6e, 0xca, 0x4f, 0xeb, 0xb4, 0xfa, 0x70, 0xf2, 0x50,
  0xfb, 0x33, 0xfb, 0x34, 0xea, 0x0f, 0xf2, 0x71, 0xfb, 0x33, 0xfb, 0x13,
  0xd2, 0x2e, 0xd2, 0x70, 0xfb, 0x33, 0xda, 0x50, 0xfb, 0x33, 0xfb, 0x33,
  0xf2, 0x70, 0xfa, 0xd2, 0xfa, 0xf2, 0xfa, 0xf2, 0xd2, 0x4f, 0xda, 0xf2,
  0x82, 0xae, 0x59, 0x8a, 0x5a, 0x0b, 0x52, 0x0b, 0x62, 0x0b, 0x59, 0xeb,
  0x59, 0xeb, 0x49, 0xcb, 0x52, 0x0b, 0x52, 0x0b, 0x5a, 0x0c, 0x52, 0x0c,
  0x41, 0xea, 0x41, 0xeb, 0x49, 0xeb, 0x4a, 0x0c, 0x41, 0xeb, 0x42, 0x0b,
  0x51, 0xaa, 0x5a, 0x4c, 0xc2, 0x70, 0xa9, 0xee, 0x6a, 0x4c, 0x49, 0x8a,
  0x49, 0xaa, 0x52, 0x2c, 0x49, 0xeb, 0x41, 0xeb, 0x4a, 0x0b, 0x42, 0x0b,
  0x99, 0x6b, 0xdb, 0x73, 0xfa, 0xd2, 0xfa, 0x71, 0xca, 0x90, 0xc2, 0x6f,
  0xfb, 0x13, 0xe2, 0x50, 0xfa, 0xf3, 0xea, 0x50, 0xfa, 0xb1, 0xfb, 0x54,
  0xea, 0x2f, 0xfb, 0x13, 0xf2, 0x50, 0xfb, 0x13, 0xfa, 0x71, 0xf2, 0x91,
  0xfa, 0xf2, 0xf2, 0x91, 0xfa, 0xf2, 0xf2, 0x91, 0xf2, 0x91, 0xfb, 0x74,
  0xf2, 0x50, 0xfa, 0xf2, 0xf2, 0x50, 0xf2, 0x91, 0xac, 0x35, 0xd5, 0x9b,
  0xf7, 0x1a, 0xff, 0x19, 0xf7, 0x1a, 0xff, 0x1a, 0xff, 0x3a, 0xfe, 0xf9,
  0xf7, 0x18, 0xf6, 0xd7, 0xce, 0x75, 0xb5, 0x92, 0x9d, 0x93, 0xbe, 0x35,
  0xae, 0x16, 0xb6, 0x36, 0xae, 0x57, 0xb6, 0x57, 0xb6, 0x16, 0xbe, 0x16,
  0xa5, 0xd4, 0xb6, 0x15, 0xae, 0x36, 0xb6, 0x36, 0xae, 0x37, 0xad, 0xf6,
  0xa5, 0xd5, 0xa5, 0x74, 0xa5, 0xd5, 0xad, 0xd5, 0xad, 0xf6, 0xb5, 0xf6,
  0xbe, 0x37, 0xce, 0x78, 0xc6, 0x78, 0xd6, 0x98, 0xbe, 0x58, 0xbe, 0x17,
  0xbe, 0x78, 0xb5, 0xf6, 0xad, 0xf6, 0xad, 0xb5, 0xa5, 0xb6, 0xad, 0xb6,
  0x9d, 0xb6, 0x9d, 0x75, 0x9d, 0xb6, 0x95, 0x13, 0x7c, 0xb1, 0x8c, 0xf2,
  0x95, 0x55, 0xa5, 0xb6, 0xa6, 0x17, 0x9d, 0xd6, 0x8d, 0x74, 0x9d, 0xb5,
  0xbe, 0x37, 0xd6, 0xd9, 0xe7, 0x3b, 0xef, 0x3b, 0xef, 0x3c, 0xf7, 0x3b,
  0xef, 0x3c, 0xee, 0xfb, 0xe7, 0x1c, 0xef, 0x1b, 0xe7, 0x1b, 0xef, 0x1b,
  0xe7, 0x1b, 0xe7, 0x1a, 0xde, 0xda, 0xe6, 0xfa, 0xde, 0xfa, 0xe6, 0xfa,
  0xde, 0xda, 0xde, 0xb9, 0xd6, 0xb9, 0xd6, 0xb9, 0xd6, 0xda, 0xd6, 0xb9,
  0xd6, 0xba, 0x9c, 0xb2, 0xeb, 0x33, 0xea, 0xf1, 0xf2, 0xb2, 0xfa, 0xd2,
  0xfa, 0xd2, 0xfa, 0xf2, 0xf2, 0xd2, 0xfa, 0xf2, 0xfa, 0xf3, 0xfa, 0xf2,
  0xfa, 0xd2, 0xfa, 0xb2, 0xf2, 0xb2, 0xfa, 0xd2, 0xf2, 0xf2, 0xfb, 0x33,
  0xfb, 0x74, 0xfb, 0x33, 0xfb, 0x33, 0xea, 0x70, 0xfb, 0x33, 0xfa, 0xf2,
  0xfb, 0x33, 0xf2, 0xd2, 0xf3, 0x54, 0xfb, 0x33, 0xfb, 0x13, 0xfa, 0xf2,
  0xfa, 0xd2, 0xfa, 0x91, 0xea, 0xb1, 0xfa, 0xf2, 0xf2, 0xf2, 0xfb, 0x13,
  0xea, 0x71, 0xfb, 0x54, 0xfa, 0xd2, 0xfa, 0xf2, 0xe2, 0xb1, 0xfb, 0x74,
  0xc2, 0xb1, 0xc2, 0x6f, 0xfb, 0x54, 0xfa, 0xd2, 0xfa, 0xf2, 0xfa, 0xb1,
  0xf3, 0x74, 0xea, 0xf2, 0xba, 0x0e, 0xf3, 0x94, 0xea, 0x71, 0xfa, 0xd2,
  0xfb, 0x54, 0xe2, 0x0f, 0xf2, 0xb2, 0xfb, 0x34, 0xea, 0x91, 0xfa, 0xf2,
  0xfb, 0x13, 0xf2, 0x70, 0xfb, 0x13, 0xea, 0x50, 0xfb, 0x13, 0xea, 0x30,
  0xfa, 0xf3, 0xfa, 0xd2, 0xe2, 0x91, 0xfb, 0x95, 0x52, 0x8d, 0x39, 0x89,
  0x2a, 0x0b, 0x31, 0xeb, 0x61, 0x6a, 0x92, 0x8e, 0xca, 0x4f, 0xca, 0x2f,
  0xb2, 0x8f, 0xaa, 0x4e, 0x99, 0xed, 0xdb, 0x93, 0xfa, 0xf3, 0xe9, 0xef,
  0xf2, 0xd2, 0xfb, 0x74, 0xf2, 0xf3, 0xe2, 0x2f, 0xfb, 0x13, 0xfb, 0x33,
  0xea, 0xf2, 0xc9, 0xce, 0xfb, 0x74, 0xf2, 0xd2, 0xea, 0x71, 0xfb, 0x13,
  0xfb, 0x33, 0xe2, 0x0f, 0xf2, 0xf3, 0xfb, 0x74, 0xd2, 0x91, 0xc1, 0xee,
  0xcb, 0xd4, 0x89, 0x8b, 0x5a, 0x2c, 0x59, 0xeb, 0x5a, 0x0c, 0x62, 0x0c,
  0x4a, 0x0c, 0x51, 0xeb, 0x49, 0xeb, 0x5a, 0x2c, 0x52, 0x0c, 0x51, 0xcb,
  0x49, 0xeb, 0x51, 0xeb, 0x49, 0xeb, 0x51, 0xeb, 0x49, 0xeb, 0x49, 0xeb,
  0x42, 0x2c, 0x41, 0xca, 0xa9, 0xed, 0xd3, 0x12, 0xd2, 0xf2, 0xd2, 0xb1,
  0x6a, 0x4d, 0x61, 0xeb, 0x51, 0xcb, 0x62, 0x0c, 0x4a, 0x0b, 0x41, 0xca,
  0x61, 0x6a, 0x92, 0x8f, 0xfb, 0x33, 0xfa, 0xd2, 0xda, 0xf2, 0xca, 0x2f,
  0xda, 0x71, 0xea, 0xf3, 0xfa, 0xb2, 0xfa, 0xb2, 0xea, 0x71, 0xfb, 0x74,
  0xe2, 0x50, 0xfa, 0xf2, 0xea, 0x91, 0xf2, 0xb1, 0xfa, 0xd2, 0xea, 0x2f,
  0xfb, 0x34, 0xf2, 0x50, 0xfa, 0x92, 0xfa, 0xd2, 0xe2, 0x30, 0xfb, 0x34,
  0xf2, 0x91, 0xfa, 0xb1, 0xfa, 0x92, 0xfa, 0xb2, 0xb3, 0xd3, 0xfe, 0x1c,
  0xff, 0x39, 0xff, 0x5a, 0xff, 0x39, 0xff, 0x19, 0xff, 0x58, 0xf7, 0x37,
  0xd6, 0x95, 0xb5, 0xb2, 0xad, 0xd4, 0xb6, 0x36, 0xc6, 0x57, 0xb6, 0x36,
  0xb6, 0x56, 0xb6, 0x77, 0xbe, 0x36, 0xb6, 0x36, 0xb5, 0xf5, 0xb6, 0x16,
  0xae, 0x36, 0xa6, 0x35, 0xb6, 0x15, 0xae, 0x16, 0xa5, 0x53, 0xa5, 0x94,
  0xb5, 0xd5, 0xb6, 0x36, 0xc6, 0x56, 0xce, 0xb8, 0xc6, 0x77, 0xbe, 0x57,
  0xb5, 0xf6, 0xa5, 0xb5, 0xa5, 0xb5, 0x9d, 0xb5, 0x9d, 0x74, 0x8d, 0x33,
  0x9d, 0x73, 0x9d, 0x94, 0x9d, 0x73, 0x9d, 0x94, 0x9d, 0x93, 0x95, 0x94,
  0x95, 0x74, 0x95, 0x95, 0x95, 0x53, 0x8d, 0x54, 0x95, 0x94, 0x7c, 0xf1,
  0x74, 0x6f, 0x7d, 0x12, 0xa5, 0xb5, 0xa5, 0xd6, 0xad, 0xf6, 0xa5, 0xd6,
  0x95, 0x74, 0x8d, 0x94, 0xb6, 0x16, 0xce, 0xfa, 0xef, 0x1b, 0xef, 0x3b,
  0xf7, 0x3b, 0xef, 0x3b, 0xef, 0x1a, 0xe7, 0x1b, 0xe6, 0xfa, 0xe7, 0x1b,
  0xef, 0x1a, 0xe6, 0xfa, 0xe6, 0xfa, 0xde, 0xfa, 0xe6, 0xd9, 0xe7, 0x1a,
  0xde, 0xd9, 0xde, 0xda, 0xde, 0xb9, 0xd6, 0xb9, 0xd6, 0x98, 0xce, 0x98,
  0xe6, 0xda, 0x94, 0x91, 0xe2, 0xd1, 0xeb, 0x53, 0xfa, 0xb1, 0xfa, 0xd2,
  0xf2, 0x70, 0xfa, 0xf2, 0xfa, 0xf2, 0xf2, 0xf2, 0xfb, 0x12, 0xf2, 0xd2,
  0xfa, 0xf2, 0xf2, 0xd2, 0xf2, 0xd1, 0xf3, 0x12, 0xfa, 0xd2, 0xf2, 0xb2,
  0xfb, 0x13, 0xf2, 0xb1, 0xfa, 0xf2, 0xf2, 0x50, 0xfa, 0xd2, 0xf2, 0x91,
  0xfb, 0x33, 0xf2, 0xb1, 0xfb, 0x74, 0xea, 0xd1, 0xfa, 0xb1, 0xfa, 0xf2,
  0xfb, 0x12, 0xf2, 0xf2, 0xf2, 0xb1, 0xfb, 0x74, 0xfb, 0x12, 0xfb, 0xb5,
  0xfa, 0xf2, 0xfb, 0x33, 0xfa, 0xf2, 0xf2, 0xb1, 0xfa, 0xd2, 0xfb, 0x33,
  0xdb, 0x32, 0xaa, 0x0d, 0xfb, 0x33, 0xfa, 0xf3, 0xfa, 0xd2, 0xfa, 0xf2,
  0xf3, 0x12, 0xf3, 0x33, 0xb9, 0xad, 0xe3, 0x53, 0xfa, 0xf2, 0xfa, 0xb2,
  0xfb, 0x53, 0xf2, 0xd2, 0xf2, 0x91, 0xfb, 0x33, 0xf2, 0x91, 0xf2, 0xd2,
  0xfb, 0x33, 0xe2, 0x2f, 0xfb, 0x12, 0xea, 0x70, 0xfb, 0x33, 0xea, 0xb1,
  0xfa, 0xb1, 0xfb, 0x54, 0xe1, 0xef, 0xfb, 0x34, 0x82, 0xae, 0x51, 0x69,
  0x3a, 0x2b, 0x2a, 0x0b, 0x41, 0x68, 0x5a, 0x6c, 0xd2, 0xd0, 0xd3, 0x12,
  0xca, 0xd0, 0xca, 0xd0, 0xa2, 0x2d, 0xb2, 0xd0, 0xfb, 0x33, 0xfb, 0x54,
  0xea, 0x90, 0xfb, 0x53, 0xfb, 0x74, 0xf3, 0x13, 0xf2, 0x50, 0xfb, 0x13,
  0xfb, 0x53, 0xd2, 0x70, 0xe2, 0xd1, 0xfb, 0xb5, 0xea, 0x2f, 0xfa, 0xf2,
  0xfb, 0x33, 0xf2, 0xd2, 0xf2, 0x90, 0xfb, 0x54, 0xf3, 0x12, 0xb9, 0x8d,
  0xe2, 0xb1, 0xda, 0xb1, 0x61, 0xeb, 0x62, 0x0c, 0x49, 0xea, 0x4a, 0x0b,
  0x52, 0x0b, 0x52, 0x2c, 0x51, 0xea, 0x52, 0x0c, 0x51, 0xea, 0x49, 0xeb,
  0x41, 0xaa, 0x39, 0xca, 0x41, 0xea, 0x41, 0xeb, 0x49, 0xea, 0x41, 0xeb,
  0x4a, 0x0b, 0x42, 0x0b, 0x79, 0x4a, 0xa2, 0xf0, 0xfa, 0x50, 0xfb, 0x34,
  0xf2, 0xf2, 0xda, 0x50, 0xea, 0xf2, 0xf3, 0x54, 0xca, 0xd0, 0xb2, 0x4f,
  0x62, 0x0c, 0x51, 0xcb, 0xf2, 0xd2, 0xfb, 0x95, 0xf3, 0x12, 0xf3, 0x13,
  0xc2, 0x6f, 0xc2, 0xd0, 0xfa, 0x91, 0xfa, 0xf3, 0xea, 0x70, 0xfb, 0x53,
  0xfa, 0xb1, 0xfa, 0xd2, 0xfa, 0xf2, 0xf2, 0x71, 0xfb, 0x13, 0xf2, 0x91,
  0xfa, 0xf2, 0xfa, 0xd2, 0xf2, 0x2f, 0xfa, 0xd2, 0xf2, 0x70, 0xfb, 0x34,
  0xfa, 0xd2, 0xf2, 0xb1, 0xfa, 0xb2, 0xf2, 0x10, 0xbb, 0x51, 0xf5, 0x39,
  0xff, 0x19, 0xff, 0x19, 0xff, 0x38, 0xff, 0x17, 0xd6, 0x96, 0xc5, 0xd3,
  0x9d, 0xb3, 0xb6, 0x35, 0xae, 0x15, 0xb5, 0xf5, 0xbe, 0x97, 0xb6, 0x36,
  0xb6, 0x57, 0xad, 0xd5, 0xae, 0x15, 0xae, 0x15, 0xb6, 0x57, 0xb6, 0x36,
  0xad, 0xf6, 0xad, 0x94, 0xad, 0xd6, 0xad, 0xd5, 0xb6, 0x37, 0xc6, 0x98,
  0xc6, 0x98, 0xc6, 0x77, 0xb6, 0x57, 0xa5, 0x94, 0x9d, 0x94, 0xa5, 0x94,
  0x9d, 0xb5, 0x9d, 0x74, 0x9d, 0xb5, 0xad, 0xd6, 0xa5, 0xd5, 0xad, 0xf5,
  0xa6, 0x16, 0xae, 0x16, 0xa5, 0xf6, 0xad, 0xf6, 0xa5, 0xf6, 0x95, 0x74,
  0x95, 0x94, 0x9d, 0xb4, 0x95, 0x94, 0x9d, 0x94, 0x95, 0x94, 0x9d, 0x94,
  0x8d, 0x73, 0x84, 0xf1, 0x85, 0x53, 0x95, 0x73, 0x9d, 0xd6, 0xae, 0x17,
  0xa5, 0xd7, 0x9d, 0x95, 0x8d, 0x74, 0x95, 0x74, 0xb6, 0x17, 0xce, 0xb9,
  0xdf, 0x1b, 0xef, 0x3b, 0xe7, 0x1b, 0xef, 0x1a, 0xe6, 0xfb, 0xee, 0xfa,
  0xe7, 0x1b, 0xe6, 0xfa, 0xe7, 0x1b, 0xe6, 0xda, 0xde, 0xfa, 0xde, 0xd9,
  0xd6, 0xda, 0xde, 0xda, 0xd6, 0xda, 0xd6, 0xb9, 0xd6, 0xfa, 0xd6, 0xd9,
  0xde, 0xfb, 0x9c, 0xb2, 0xda, 0xf1, 0xeb, 0x53, 0xfa, 0xb2, 0xfa, 0x71,
  0xf2, 0xd2, 0xfb, 0x13, 0xfb, 0x54, 0xf2, 0xb1, 0xfb, 0x13, 0xfa, 0xb1,
  0xfa, 0xf3, 0xfa, 0xb2, 0xf2, 0xd2, 0xfa, 0xb2, 0xf2, 0xf2, 0xf2, 0xd2,
  0xfb, 0x54, 0xfa, 0xd2, 0xfb, 0x13, 0xf2, 0x70, 0xfb, 0x13, 0xea, 0x50,
  0xfb, 0x74, 0xf2, 0xb1, 0xfb, 0x33, 0xea, 0x50, 0xf3, 0x13, 0xfa, 0xf2,
  0xf2, 0xd2, 0xfa, 0xd2, 0xea, 0xb1, 0xfb, 0x33, 0xea, 0xb1, 0xfb, 0x33,
  0xf2, 0x91, 0xfa, 0xf2, 0xfb, 0x13, 0xea, 0x91, 0xfb, 0x34, 0xf2, 0x70,
  0xf3, 0xb5, 0xca, 0x0e, 0xf3, 0x13, 0xfb, 0x13, 0xf2, 0xb2, 0xfa, 0xf2,
  0xea, 0xf2, 0xf3, 0x33, 0xb1, 0xee, 0xe3, 0x53, 0xfa, 0xd2, 0xfa, 0x91,
  0xfb, 0x74, 0xfa, 0xf2, 0xea, 0x70, 0xfb, 0x13, 0xfa, 0xd2, 0xf2, 0x91,
  0xfb, 0x34, 0xf2, 0x50, 0xf2, 0xb2, 0xfa, 0x91, 0xfb, 0x33, 0xfa, 0xd2,
  0xe2, 0x91, 0xfb, 0x74, 0xf2, 0x71, 0xfb, 0x13, 0x93, 0x31, 0x59, 0x29,
  0x2a, 0x0b, 0x31, 0xeb, 0x32, 0x0b, 0x31, 0xea, 0x91, 0xed, 0xb2, 0xf0,
  0xc2, 0x2f, 0xd2, 0x70, 0xba, 0xf1, 0x99, 0xcc, 0xea, 0xd2, 0xfb, 0x74,
  0xf2, 0xb1, 0xea, 0x2f, 0xfb, 0x33, 0xfb, 0x13, 0xf2, 0x71, 0xfa, 0x91,
  0xfb, 0x74, 0xf3, 0x33, 0xd2, 0x70, 0xfb, 0x94, 0xfa, 0xf3, 0xea, 0x30,
  0xfb, 0x33, 0xfb, 0x34, 0xf2, 0xb2, 0xf2, 0x91, 0xe3, 0x53, 0xd2, 0x90,
  0xe2, 0x10, 0xfa, 0xb2, 0x92, 0xf0, 0x69, 0x6a, 0x49, 0xeb, 0x51, 0xeb,
  0x59, 0xec, 0x59, 0xeb, 0x5a, 0x4d, 0x51, 0xcb, 0x4a, 0x0c, 0x51, 0xeb,
  0x52, 0x4d, 0x41, 0xca, 0x39, 0xcb, 0x52, 0x2c, 0x41, 0xcb, 0x49, 0xcb,
  0x52, 0x2d, 0x49, 0xeb, 0x59, 0x8a, 0x7a, 0x6e, 0xea, 0x91, 0xfa, 0xb2,
  0xfb, 0x74, 0xea, 0x70, 0xfb, 0x13, 0xfa, 0xf3, 0xfa, 0xd2, 0xfa, 0xd2,
  0xb3, 0x93, 0x71, 0x6b, 0x99, 0x8d, 0xe3, 0xb5, 0xfa, 0xd3, 0xfa, 0x50,
  0xdb, 0x12, 0xb9, 0xcd, 0xda, 0x70, 0xfb, 0x33, 0xfa, 0xd2, 0xf2, 0x70,
  0xfb, 0x33, 0xea, 0x91, 0xfa, 0xf3, 0xf2, 0x30, 0xfb, 0x13, 0xfa, 0xd2,
  0xf2, 0xd2, 0xfb, 0x13, 0xf2, 0x71, 0xfa, 0xf3, 0xea, 0x51, 0xfa, 0x92,
  0xfb, 0x34, 0xf2, 0x71, 0xfa, 0xf3, 0xf2, 0x30, 0xcb, 0x73, 0xd3, 0x73,
  0xff, 0x39, 0xff, 0x39, 0xe6, 0xf6, 0xbd, 0xf3, 0xa5, 0x72, 0xad, 0xf4,
  0xb5, 0xf5, 0xbe, 0x77, 0xbe, 0x76, 0xb6, 0x76, 0xbe, 0x15, 0xb6, 0x35,
  0xb6, 0x35, 0xb6, 0x56, 0xbe, 0x36, 0xbe, 0x77, 0xc6, 0x56, 0xb5, 0xf5,
  0xbe, 0x36, 0xbe, 0x77, 0xce, 0x98, 0xd6, 0xd9, 0xc6, 0x77, 0xb5, 0xf6,
  0xad, 0xd4, 0xa5, 0xd4, 0xa5, 0x94, 0xa5, 0xb5, 0xad, 0xd5, 0xae, 0x16,
  0xae, 0x15, 0xae, 0x16, 0xae, 0x36, 0x9d, 0xd4, 0xa5, 0x94, 0x9d, 0xb5,
  0x9d, 0x74, 0x9d, 0xb5, 0x9d, 0x53, 0x95, 0x53, 0xa5, 0xb4, 0x95, 0x53,
  0x95, 0x13, 0x8d, 0x13, 0x8d, 0x13, 0x95, 0x54, 0x8c, 0xf3, 0x95, 0x55,
  0x95, 0x13, 0x84, 0xf3, 0x74, 0xb0, 0x74, 0xf2, 0x8d, 0x53, 0x8d, 0x94,
  0xad, 0xb6, 0xb6, 0x38, 0xa5, 0xf6, 0x95, 0x95, 0x95, 0x74, 0x95, 0x95,
  0xad, 0xd5, 0xc6, 0xda, 0xe6, 0xfa, 0xe7, 0x3b, 0xef, 0x1a, 0xe7, 0x3b,
  0xe6, 0xfa, 0xe7, 0x1b, 0xe7, 0x1a, 0xe7, 0x1a, 0xe6, 0xd9, 0xde, 0xd9,
  0xde, 0xd9, 0xd6, 0xd9, 0xde, 0xb9, 0xd6, 0xd9, 0xd6, 0xb8, 0xd6, 0xb8,
  0xde, 0xda, 0xa5, 0x33, 0xda, 0xb0, 0xe3, 0x32, 0xfa, 0xf2, 0xfb, 0x13,
  0xfb, 0x12, 0xf2, 0xf2, 0xfa, 0xf2, 0xf2, 0x91, 0xfb, 0x53, 0xf2, 0xd2,
  0xfb, 0x13, 0xf2, 0xb1, 0xfa, 0xf2, 0xfb, 0x33, 0xfb, 0x53, 0xea, 0xb1,
  0xfb, 0x53, 0xfa, 0xf2, 0xfa, 0xf2, 0xf2, 0x91, 0xfb, 0x13, 0xea, 0x70,
  0xfb, 0x12, 0xea, 0x91, 0xfb, 0x33, 0xea, 0xb1, 0xfb, 0x12, 0xf2, 0xd2,
  0xfb, 0x12, 0xf2, 0xf2, 0xe2, 0x2f, 0xfb, 0x74, 0xfa, 0xb1, 0xfa, 0xf3,
  0xfa, 0x91, 0xfa, 0xf2, 0xfb, 0x74, 0xf2, 0xd2, 0xfa, 0xf2, 0xf2, 0xb2,
  0xeb, 0xb4, 0xa9, 0xcd, 0xd2, 0x90, 0xeb, 0x74, 0xf2, 0x2f, 0xfb, 0x13,
  0xea, 0xd1, 0xf3, 0x33, 0xa9, 0x8c, 0xdb, 0x32, 0xfb, 0x13, 0xf2, 0x91,
  0xfb, 0x33, 0xfb, 0x33, 0xf2, 0x91, 0xfb, 0x54, 0xfa, 0xf2, 0xe2, 0x0f,
  0xfa, 0xf3, 0xf2, 0x91, 0xfa, 0xd2, 0xfb, 0x13, 0xfa, 0xb1, 0xfb, 0x13,
  0xea, 0xd1, 0xfb, 0xd5, 0xfa, 0x71, 0xfa, 0xb2, 0xbb, 0xf3, 0x69, 0x8a,
  0x32, 0x0b, 0x32, 0x2b, 0x31, 0xea, 0x29, 0xea, 0x59, 0x29, 0x82, 0xaf,
  0xd2, 0x6f, 0xca, 0x70, 0xc2, 0x8f, 0xb2, 0x6f, 0xc2, 0x0e, 0xe3, 0x33,
  0xfb, 0x54, 0xf2, 0x91, 0xfa, 0x71, 0xfb, 0x13, 0xfb, 0x13, 0xea, 0x70,
  0xfb, 0x74, 0xf3, 0x53, 0xd2, 0x2f, 0xf3, 0x53, 0xfb, 0x33, 0xfa, 0xf2,
  0xf2, 0x70, 0xfb, 0x13, 0xfb, 0x33, 0xea, 0x91, 0xe2, 0xf1, 0xc2, 0x4f,
  0xfa, 0xf2, 0xea, 0x71, 0xf3, 0x94, 0xba, 0x0e, 0x49, 0xea, 0x4a, 0x0b,
  0x59, 0xcb, 0x5a, 0x2c, 0x51, 0xeb, 0x49, 0xcb, 0x41, 0xea, 0x42, 0x0b,
  0x92, 0x2e, 0xa2, 0xd1, 0x72, 0x2c, 0x61, 0xcb, 0x39, 0xea, 0x39, 0xea,
  0x51, 0xeb, 0x4a, 0x0b, 0x59, 0xeb, 0x52, 0x0c, 0xe2, 0xb1, 0xda, 0xb1,
  0xfb, 0x33, 0xfa, 0xb1, 0xea, 0x70, 0xfb, 0x53, 0xfb, 0x12, 0xf2, 0x91,
  0xf3, 0x53, 0xeb, 0x74, 0x81, 0x4a, 0xbb, 0x31, 0xfb, 0x34, 0xf2, 0x50,
  0xea, 0xb1, 0xf2, 0xd2, 0xb9, 0xad, 0xeb, 0x53, 0xfa, 0xf3, 0xea, 0x50,
  0xfb, 0x33, 0xe2, 0x30, 0xfb, 0x33, 0xf2, 0xb2, 0xfa, 0x91, 0xfb, 0x13,
  0xf2, 0x30, 0xfb, 0x13, 0xf2, 0x50, 0xf2, 0x91, 0xfa, 0xd2, 0xea, 0x70,
  0xfb, 0x33, 0xea, 0x91, 0xfb, 0x13, 0xfa, 0xf3, 0xe3, 0x12, 0xdb, 0x12,
  0xf7, 0x38, 0xde, 0x75, 0xad, 0xd4, 0xb5, 0xd3, 0xae, 0x15, 0xae, 0x15,
  0xb6, 0x56, 0xb6, 0x55, 0xbe, 0x57, 0xad, 0xd5, 0xa5, 0xf5, 0xb6, 0x36,
  0xb6, 0x56, 0xb6, 0x15, 0xad, 0xf5, 0xad, 0xd4, 0xb6, 0x16, 0xc6, 0x77,
  0xd6, 0xf9, 0xce, 0x77, 0xb6, 0x36, 0xb5, 0xd5, 0xad, 0xd5, 0x9d, 0x53,
  0xad, 0xd6, 0xa5, 0x74, 0xa6, 0x16, 0xb6, 0x36, 0xae, 0x36, 0xae, 0x15,
  0x9d, 0xb5, 0xa5, 0x94, 0xa5, 0xb6, 0xa5, 0x75, 0x95, 0x94, 0xa5, 0x94,
  0x95, 0x75, 0x95, 0x54, 0x95, 0x54, 0x95, 0x54, 0x9d, 0xb5, 0xa5, 0x95,
  0x95, 0x75, 0x95, 0x74, 0x8d, 0x55, 0x8d, 0x14, 0x8d, 0x34, 0x8d, 0x13,
  0x8d, 0x35, 0x8c, 0xf3, 0x7c, 0xd3, 0x7c, 0xb2, 0x6c, 0x50, 0x7c, 0x91,
  0x9d, 0xb5, 0x9d, 0x95, 0xb6, 0x38, 0xb5, 0xf7, 0xa5, 0xd7, 0x9d, 0x75,
  0x8d, 0x55, 0x8d, 0x14, 0x9d, 0x95, 0xb6, 0x37, 0xd6, 0xda, 0xde, 0xfa,
  0xe7, 0x1b, 0xe6, 0xd9, 0xde, 0xfa, 0xe7, 0x1a, 0xde, 0xda, 0xde, 0xb9,
  0xde, 0xfa, 0xd6, 0x99, 0xd6, 0xda, 0xd6, 0xb9, 0xce, 0xb9, 0xce, 0x98,
  0xce, 0xda, 0x9d, 0x13, 0xd2, 0xd1, 0xe3, 0x32, 0xf2, 0xd2, 0xfb, 0x54,
  0xfa, 0xd2, 0xf2, 0x91, 0xfb, 0x13, 0xf2, 0x71, 0xfb, 0x34, 0xf2, 0x91,
  0xfb, 0x13, 0xf2, 0x91, 0xfb, 0x54, 0xf2, 0xd2, 0xfb, 0x54, 0xea, 0x70,
  0xfb, 0x34, 0xf2, 0x71, 0xfb, 0x34, 0xf2, 0x91, 0xfa, 0xf3, 0xfa, 0xb2,
  0xfb, 0x53, 0xfb, 0x33, 0xfa, 0xd2, 0xf2, 0x50, 0xf2, 0xd2, 0xf2, 0xb1,
  0xfb, 0x34, 0xfa, 0xd2, 0xea, 0xb2, 0xfb, 0x33, 0xf3, 0x13, 0xfb, 0x33,
  0xfb, 0x54, 0xf2, 0xd2, 0xfb, 0x74, 0xf2, 0xb1, 0xfa, 0xd3, 0xf2, 0x51,
  0xe3, 0xd5, 0xb2, 0x2e, 0x99, 0x8c, 0xe3, 0x94, 0xfa, 0x51, 0xfa, 0xd3,
  0xea, 0xf2, 0xfb, 0x33, 0xa9, 0xcd, 0xdb, 0x12, 0xfb, 0x54, 0xf2, 0x10,
  0xf2, 0xf2, 0xfb, 0x33, 0xf2, 0xf2, 0xfa, 0xf2, 0xfa, 0xf3, 0xea, 0x0f,
  0xfa, 0xd2, 0xfa, 0xd2, 0xea, 0x91, 0xfa, 0xf3, 0xea, 0x71, 0xfb, 0x54,
  0xe2, 0xb1, 0xfb, 0x74, 0xfa, 0x92, 0xfa, 0x51, 0xd3, 0xd5, 0x89, 0x6b,
  0x21, 0xea, 0x2a, 0x0a, 0x31, 0xcb, 0x31, 0xaa, 0x41, 0xeb, 0x52, 0x2c,
  0xc2, 0x90, 0xca, 0x90, 0xc2, 0xd0, 0xd3, 0x32, 0xb2, 0x4f, 0xca, 0xb0,
  0xfb, 0x95, 0xfb, 0x94, 0xe2, 0x70, 0xfb, 0x33, 0xfb, 0x13, 0xfa, 0xb1,
  0xe2, 0x71, 0xfb, 0x54, 0xd2, 0x2f, 0xd2, 0x4f, 0xfb, 0x75, 0xfa, 0xf3,
  0xea, 0x71, 0xfa, 0x71, 0xfb, 0x34, 0xfb, 0x13, 0xd2, 0xd1, 0xca, 0x2f,
  0xf3, 0x54, 0xf2, 0xf2, 0xea, 0x50, 0xfb, 0x34, 0x8b, 0x10, 0x61, 0x8a,
  0x42, 0x0b, 0x4a, 0x0b, 0x52, 0x0c, 0x51, 0xcb, 0x41, 0xcb, 0x51, 0xeb,
  0x49, 0xaa, 0x62, 0x2c, 0xb2, 0x70, 0xb2, 0x2e, 0x62, 0x6e, 0x49, 0x8a,
  0x41, 0xcb, 0x52, 0x2c, 0x52, 0x4d, 0x49, 0xca, 0x99, 0xcc, 0xd3, 0x52,
  0xfa, 0xd2, 0xfb, 0x74, 0xea, 0x92, 0xea, 0x71, 0xfb, 0x34, 0xfa, 0xf3,
  0xea, 0xb1, 0xfb, 0x33, 0xdb, 0x12, 0xc2, 0x0e, 0xfb, 0xb5, 0xfb, 0x54,
  0xf2, 0xd2, 0xfb, 0x13, 0xca, 0x90, 0xb9, 0xee, 0xfb, 0x55, 0xe2, 0x30,
  0xfa, 0xf3, 0xfa, 0x91, 0xea, 0x91, 0xfa, 0xd2, 0xe2, 0x30, 0xfa, 0xf3,
  0xea, 0x51, 0xfa, 0xf3, 0xf2, 0xd2, 0xea, 0x70, 0xfb, 0x54, 0xe2, 0x2f,
  0xfb, 0x34, 0xf2, 0x70, 0xfb, 0x13, 0xfb, 0x13, 0xda, 0x50, 0xf2, 0xb2,
  0xc6, 0x54, 0xad, 0xf2, 0xbe, 0x35, 0xbe, 0x76, 0xb6, 0x35, 0xb6, 0x56,
  0xbe, 0x35, 0xb6, 0x15, 0xbe, 0x35, 0xb6, 0x15, 0xb6, 0x35, 0xae, 0x56,
  0xb5, 0xd4, 0xb6, 0x15, 0xbe, 0x15, 0xce, 0x97, 0xd6, 0xb8, 0xbe, 0x56,
  0xa5, 0xb4, 0xa5, 0xb4, 0xad, 0xd4, 0xae, 0x15, 0xb5, 0xf5, 0xad, 0xd5,
  0xae, 0x15, 0xae, 0x15, 0xad, 0xf5, 0xa5, 0xf5, 0xa5, 0xb4, 0x9d, 0x94,
  0xa5, 0x94, 0xa5, 0xd5, 0xa5, 0x94, 0x9d, 0xb5, 0xae, 0x15, 0xae, 0x56,
  0xae, 0x15, 0x9d, 0xf5, 0xa5, 0xd4, 0xa6, 0x15, 0xa5, 0xf5, 0x9d, 0xb5,
  0x9d, 0x94, 0xa5, 0xf6, 0x9d, 0xd4, 0x95, 0xb4, 0x9d, 0xb5, 0x9d, 0xd5,
  0x9d, 0xb4, 0x95, 0x94, 0x9d, 0x74, 0x95, 0x74, 0x84, 0xf2, 0x7c, 0xd2,
  0x7c, 0x90, 0x8d, 0x53, 0xad, 0xf6, 0xae, 0x17, 0xad, 0xd6, 0xa5, 0xd7,
  0xa5, 0xb7, 0x9d, 0x96, 0x8d, 0x34, 0x85, 0x14, 0x95, 0x54, 0x9d, 0xd6,
  0xbe, 0x37, 0xce, 0xda, 0xde, 0xf9, 0xdf, 0x1a, 0xe6, 0xf9, 0xde, 0xf9,
  0xde, 0xd8, 0xd6, 0xd9, 0xde, 0xf9, 0xd6, 0xd9, 0xde, 0xb8, 0xd6, 0xd9,
  0xde, 0xfa, 0xad, 0x95, 0xca, 0xaf, 0xdb, 0x52, 0xfa, 0xd2, 0xfa, 0xd2,
  0xfa, 0xf2, 0xf2, 0xb2, 0xfb, 0x94, 0xea, 0xf2, 0xfb, 0x12, 0xf3, 0x12,
  0xfb, 0x74, 0xe2, 0x50, 0xfa, 0xd2, 0xfa, 0xd2, 0xfb, 0x13, 0xea, 0x70,
  0xfb, 0x13, 0xf2, 0x91, 0xfb, 0x13, 0xf2, 0xd2, 0xfa, 0xf2, 0xf2, 0xd2,
  0xfb, 0x12, 0xfb, 0x33, 0xfa, 0xd2, 0xf2, 0xd2, 0xfa, 0xf2, 0xf2, 0xb1,
  0xfa, 0xb2, 0xfa, 0xb1, 0xfb, 0x33, 0xfb, 0x33, 0xf2, 0xf1, 0xf3, 0x13,
  0xfb, 0x13, 0xea, 0x70, 0xfb, 0x13, 0xfa, 0xb2, 0xfa, 0xf2, 0xf2, 0x91,
  0xf3, 0x53, 0xeb, 0x32, 0xb1, 0xed, 0xeb, 0xd5, 0xfa, 0x70, 0xfa, 0xf2,
  0xf3, 0x12, 0xf3, 0x53, 0xb1, 0xed, 0xd3, 0x32, 0xfb, 0x74, 0xfa, 0xb1,
  0xfa, 0xb1, 0xfb, 0x34, 0xfa, 0x91, 0xfa, 0xb2, 0xfa, 0xf3, 0xfa, 0xb2,
  0xfb, 0x33, 0xfb, 0x33, 0xea, 0x70, 0xfb, 0x74, 0xe1, 0xee, 0xfb, 0x13,
  0xfa, 0xb1, 0xfa, 0xd2, 0xfa, 0xf2, 0xf2, 0x50, 0xeb, 0xb4, 0xb1, 0xed,
  0x29, 0xa9, 0x31, 0xea, 0x3a, 0x0a, 0x31, 0xea, 0x3a, 0x2b, 0x32, 0x0b,
  0x81, 0x6a, 0xaa, 0xaf, 0xc9, 0xcd, 0xca, 0x2e, 0xb2, 0x4e, 0xa1, 0xed,
  0xf3, 0x53, 0xfb, 0xd5, 0xfa, 0x91, 0xf2, 0x70, 0xfa, 0xf2, 0xfb, 0x13,
  0xea, 0x50, 0xfa, 0xf2, 0xea, 0xd1, 0xd2, 0x50, 0xf2, 0xf2, 0xfb, 0x94,
  0xfa, 0xf2, 0xea, 0x70, 0xfb, 0x12, 0xfb, 0x74, 0xe2, 0xf2, 0xb9, 0xee,
  0xfb, 0x73, 0xfb, 0xd5, 0xfa, 0x50, 0xfa, 0xb2, 0xeb, 0xb4, 0xba, 0x4f,
  0x49, 0xaa, 0x4a, 0x0b, 0x5a, 0x0c, 0x49, 0xeb, 0x51, 0xeb, 0x52, 0x2c,
  0x52, 0x4c, 0x39, 0xea, 0x69, 0x6a, 0x82, 0x2d, 0xfb, 0x33, 0xe2, 0x91,
  0x6a, 0x4c, 0x51, 0xaa, 0x4a, 0x0b, 0x4a, 0x0b, 0x61, 0x89, 0x82, 0xae,
  0xfa, 0xd2, 0xfb, 0x54, 0xfa, 0xf2, 0xea, 0x30, 0xfa, 0xf2, 0xfb, 0x33,
  0xfa, 0x50, 0xfa, 0x71, 0xfb, 0x73, 0xf3, 0x12, 0xf2, 0xb1, 0xfb, 0x54,
  0xfa, 0xf3, 0xf2, 0x30, 0xfb, 0x33, 0xc9, 0xee, 0xd2, 0x4f, 0xeb, 0x33,
  0xfa, 0x70, 0xfa, 0xf3, 0xf2, 0x70, 0xfb, 0x13, 0xf2, 0x50, 0xfa, 0xd3,
  0xfa, 0xb1, 0xfa, 0xf3, 0xfb, 0x12, 0xea, 0x91, 0xfb, 0x74, 0xea, 0xb1,
  0xfa, 0xb1, 0xfa, 0xf2, 0xf2, 0x50, 0xfb, 0x13, 0xf2, 0x70, 0xfb, 0x13,
  0xb6, 0x35, 0xce, 0x96, 0xbe, 0x56, 0xbe, 0x56, 0xb6, 0x76, 0xb6, 0x35,
  0xb6, 0x56, 0xb6, 0x15, 0xb6, 0x77, 0xbe, 0x97, 0xb6, 0x15, 0xad, 0xb4,
  0xb5, 0xf5, 0xd6, 0xf9, 0xce, 0xd8, 0xbe, 0x36, 0xb6, 0x36, 0xb5, 0xf5,
  0xad, 0xf6, 0xad, 0xd5, 0xad, 0xf5, 0xb6, 0x15, 0xa6, 0x16, 0xae, 0x36,
  0xae, 0x16, 0xa5, 0x94, 0xa5, 0xb5, 0xa5, 0x94, 0xad, 0xf5, 0xb6, 0x16,
  0xa5, 0xf5, 0xad, 0xf5, 0xa6, 0x16, 0xa5, 0xd5, 0xa5, 0xb6, 0xa5, 0x75,
  0x9d, 0x95, 0xa5, 0x95, 0x95, 0x54, 0xa5, 0x95, 0x9d, 0x75, 0x9d, 0x54,
  0x95, 0x53, 0x95, 0x33, 0x8d, 0x33, 0x95, 0x33, 0x9d, 0x55, 0x95, 0x13,
  0x8d, 0x14, 0x95, 0x54, 0x8d, 0x54, 0x95, 0x74, 0x9d, 0xb5, 0x9d, 0xb5,
  0x85, 0x53, 0x74, 0x90, 0x8d, 0x34, 0x9d, 0xb5, 0xb6, 0x18, 0xb5, 0xd7,
  0xa5, 0xb7, 0xb5, 0xf8, 0x9d, 0xb7, 0xa5, 0x96, 0x8d, 0x77, 0x8d, 0x56,
  0x85, 0x35, 0x95, 0x76, 0x9d, 0xb6, 0xae, 0x17, 0xbe, 0x99, 0xc6, 0x99,
  0xc6, 0x99, 0xce, 0x99, 0xc6, 0xb9, 0xc6, 0x98, 0xc6, 0xb8, 0xce, 0xb8,
  0xc6, 0xd9, 0xb6, 0x16, 0xdb, 0x32, 0xd2, 0xf1, 0xfa, 0x72, 0xfa, 0x51,
  0xf2, 0xb2, 0xf2, 0xb1, 0xfb, 0x54, 0xf2, 0xb1, 0xfb, 0x34, 0xf2, 0x71,
  0xfa, 0xd2, 0xfa, 0x91, 0xfa, 0xd3, 0xfa, 0x71, 0xfa, 0xd2, 0xf2, 0x71,
  0xfb, 0x34, 0xf2, 0x71, 0xf2, 0x71, 0xfa, 0x71, 0xf2, 0xf2, 0xfb, 0x33,
  0xfb, 0x74, 0xfb, 0x74, 0xea, 0xb1, 0xfb, 0x13, 0xf2, 0xb2, 0xf2, 0x71,
  0xf2, 0x71, 0xfa, 0x71, 0xfa, 0xf3, 0xf2, 0xb1, 0xf3, 0x13, 0xf2, 0xb1,
  0xfb, 0x74, 0xf2, 0xb1, 0xfb, 0x74, 0xf3, 0x12, 0xfb, 0x13, 0xfa, 0xf2,
  0xe2, 0xb2, 0xfb, 0x33, 0x89, 0xcc, 0xc3, 0x52, 0xfa, 0xd3, 0xf2, 0x50,
  0xea, 0xb2, 0xfa, 0xf2, 0xc2, 0x70, 0xdb, 0x12, 0xfb, 0x13, 0xfa, 0xf2,
  0xf2, 0x91, 0xfb, 0x13, 0xf2, 0x92, 0xea, 0x30, 0xfb, 0x54, 0xf2, 0xd2,
  0xea, 0x91, 0xfb, 0x54, 0xea, 0x30, 0xfa, 0x92, 0xf2, 0x91, 0xfa, 0xb2,
  0xfb, 0x13, 0xea, 0x70, 0xfb, 0x54, 0xf2, 0x50, 0xeb, 0x74, 0xda, 0xb1,
  0x31, 0xeb, 0x39, 0xeb, 0x3a, 0x2c, 0x31, 0xca, 0x32, 0x0b, 0x31, 0xea,
  0x51, 0x8a, 0x82, 0xcf, 0xda, 0x91, 0xd2, 0x2f, 0xca, 0xf2, 0xc2, 0x4f,
  0xba, 0x2f, 0xf3, 0xb4, 0xfb, 0x54, 0xf2, 0x50, 0xea, 0xd2, 0xfb, 0x54,
  0xfb, 0x34, 0xea, 0x91, 0xeb, 0x33, 0xda, 0x90, 0xea, 0xb2, 0xfb, 0x34,
  0xfb, 0x95, 0xf2, 0xb1, 0xea, 0x30, 0xfa, 0xb2, 0xeb, 0x94, 0xc2, 0x0e,
  0xf3, 0x53, 0xf3, 0x32, 0xfb, 0x14, 0xea, 0x0f, 0xfa, 0xb3, 0xfa, 0xf3,
  0xaa, 0xf1, 0x79, 0x2a, 0x42, 0x0b, 0x52, 0x2c, 0x5a, 0x0d, 0x51, 0xab,
  0x52, 0x0c, 0x49, 0xca, 0x4a, 0x4c, 0x41, 0xea, 0xa1, 0xad, 0xeb, 0xb4,
  0xf3, 0x75, 0xc9, 0xce, 0x51, 0xeb, 0x51, 0xeb, 0x3a, 0x0b, 0x42, 0x0b,
  0xa1, 0xcd, 0xdb, 0x73, 0xfb, 0x54, 0xfa, 0xb1, 0xf2, 0xb2, 0xfb, 0x13,
  0xfa, 0x92, 0xe9, 0xef, 0xfa, 0xf3, 0xfa, 0xf2, 0xea, 0x91, 0xfb, 0x13,
  0xfb, 0x34, 0xf2, 0xb1, 0xeb, 0x13, 0xfb, 0x33, 0xa1, 0xed, 0xca, 0xf1,
  0xea, 0x30, 0xfa, 0xf3, 0xf2, 0xb2, 0xfb, 0x33, 0xfa, 0xb2, 0xea, 0x50,
  0xfa, 0x72, 0xfa, 0x51, 0xfb, 0x54, 0xfa, 0xf3, 0xf2, 0xd2, 0xfa, 0xd2,
  0xea, 0x71, 0xfa, 0xf3, 0xea, 0x30, 0xfa, 0xd2, 0xe2, 0x71, 0xfa, 0xd2,
  0xc6, 0x56, 0xbe, 0x56, 0xbe, 0x76, 0xae, 0x35, 0xbe, 0x35, 0xbe, 0x76,
  0xbe, 0x55, 0xb6, 0x76, 0xbe, 0x55, 0xb6, 0x56, 0xc6, 0x36, 0xce, 0x97,
  0xd6, 0xb8, 0xc6, 0x97, 0xad, 0xb3, 0xad, 0xf5, 0xb6, 0x15, 0xad, 0xd4,
  0xae, 0x15, 0xae, 0x36, 0xb6, 0x35, 0xae, 0x15, 0xad, 0xf5, 0xa5, 0xd4,
  0xad, 0xf5, 0xae, 0x36, 0xad, 0xf5, 0xae, 0x36, 0xb6, 0x15, 0xae, 0x15,
  0xb5, 0xf5, 0xa5, 0xb4, 0xa5, 0xb5, 0xa5, 0xf6, 0xa5, 0x94, 0x9d, 0xb5,
  0xa5, 0x94, 0x95, 0x53, 0x85, 0x11, 0x7c, 0xf1, 0x8d, 0x32, 0x84, 0xf1,
  0x84, 0xf2, 0x85, 0x13, 0x8d, 0x53, 0x8d, 0x95, 0x7d, 0x32, 0x75, 0x12,
  0x8d, 0x34, 0x85, 0x14, 0x8d, 0x14, 0x84, 0xd3, 0x84, 0xb2, 0x8d, 0x34,
  0x95, 0x33, 0x8d, 0x33, 0x84, 0xf2, 0x8d, 0x74, 0x9d, 0xb5, 0x9d, 0xf6,
  0xad, 0xf7, 0xad, 0xf7, 0xa5, 0xb7, 0x9d, 0x77, 0xa5, 0xd7, 0xa5, 0xf8,
  0xa5, 0xf7, 0x95, 0x96, 0x7c, 0xf4, 0x85, 0x56, 0x85, 0x35, 0x85, 0x56,
  0x95, 0x55, 0x9d, 0xb7, 0xa5, 0xb6, 0x9d, 0xd7, 0xae, 0x16, 0xa6, 0x17,
  0xa6, 0x17, 0x8d, 0x95, 0xc2, 0x8f, 0xd3, 0x52, 0xfa, 0x30, 0xfa, 0x71,
  0xfa, 0xd2, 0xfb, 0x13, 0xfb, 0x33, 0xf2, 0xf2, 0xfa, 0xf2, 0xfa, 0xd2,
  0xfa, 0xd2, 0xfa, 0xf2, 0xfb, 0x33, 0xfa, 0xf2, 0xfa, 0xd2, 0xf2, 0x50,
  0xfa, 0xf2, 0xfa, 0xd2, 0xfa, 0xb1, 0xf2, 0xd2, 0xf2, 0x90, 0xfb, 0x13,
  0xf2, 0xd1, 0xfb, 0x53, 0xf2, 0x91, 0xfa, 0xf2, 0xf2, 0x70, 0xfa, 0xf2,
  0xf2, 0xb1, 0xf2, 0xd2, 0xfb, 0x12, 0xea, 0xd2, 0xfb, 0x94, 0xeb, 0x12,
  0xfb, 0x74, 0xea, 0xb1, 0xfa, 0xd2, 0xfb, 0x74, 0xfa, 0xd1, 0xfb, 0x33,
  0xe3, 0x32, 0xc2, 0x6f, 0x69, 0xcb, 0x82, 0xcf, 0xfa, 0xd2, 0xf2, 0xd2,
  0xf2, 0x91, 0xea, 0x71, 0xb1, 0xed, 0xc2, 0x90, 0xfa, 0xb1, 0xfb, 0x13,
  0xea, 0x70, 0xfa, 0xf2, 0xfa, 0xd2, 0xea, 0x50, 0xfb, 0x54, 0xfa, 0xf2,
  0xea, 0x0f, 0xfb, 0x33, 0xfa, 0x71, 0xfa, 0x91, 0xfb, 0x12, 0xf2, 0xf2,
  0xfb, 0x74, 0xe2, 0x50, 0xfa, 0xf2, 0xfa, 0x71, 0xf2, 0xb1, 0xf3, 0x13,
  0x4a, 0x0b, 0x39, 0xca, 0x3a, 0x0b, 0x3a, 0x0b, 0x39, 0xea, 0x3a, 0x4c,
  0x41, 0xaa, 0x41, 0xeb, 0xc2, 0x4f, 0xc2, 0x70, 0xca, 0x8f, 0xca, 0xd0,
  0x91, 0xeb, 0xbb, 0x52, 0xfb, 0xb5, 0xf3, 0x13, 0xea, 0x2f, 0xfa, 0xd2,
  0xfb, 0x94, 0xfb, 0x33, 0xe2, 0xf1, 0xd2, 0x90, 0xfa, 0xd2, 0xea, 0x91,
  0xfb, 0x32, 0xfb, 0x74, 0xf2, 0x0f, 0xfa, 0x71, 0xf3, 0x33, 0xc1, 0xee,
  0xda, 0x0e, 0xf3, 0x12, 0xfb, 0x13, 0xfa, 0x91, 0xf2, 0x0f, 0xfa, 0xf3,
  0xfb, 0x33, 0xfb, 0x13, 0x62, 0x0c, 0x51, 0xaa, 0x51, 0xeb, 0x52, 0x2c,
  0x51, 0xcb, 0x51, 0xeb, 0x52, 0x0b, 0x52, 0x4c, 0x59, 0x49, 0x8a, 0xcf,
  0xfb, 0x13, 0xfa, 0xd2, 0xba, 0xb0, 0x91, 0xad, 0x49, 0xaa, 0x52, 0x4c,
  0x61, 0x8a, 0x72, 0x2d, 0xfb, 0x33, 0xfb, 0x13, 0xea, 0x0f, 0xfb, 0x12,
  0xfa, 0xf2, 0xfa, 0xd2, 0xea, 0x70, 0xfb, 0x33, 0xfb, 0x12, 0xf2, 0xf2,
  0xfb, 0x33, 0xfb, 0x13, 0xea, 0x2f, 0xfb, 0x95, 0xe3, 0x12, 0xba, 0x0e,
  0xe2, 0x4f, 0xfb, 0x33, 0xfa, 0xb1, 0xf2, 0xb1, 0xfb, 0x12, 0xea, 0x70,
  0xfa, 0xb1, 0xf2, 0x50, 0xfa, 0xf2, 0xfa, 0xd2, 0xf2, 0x2f, 0xfb, 0x13,
  0xfa, 0x70, 0xfa, 0xd2, 0xf2, 0x70, 0xfa, 0xd2, 0xfa, 0xf2, 0xf2, 0xb1,
  0xbe, 0x77, 0xbe, 0x56, 0xae, 0x56, 0xb6, 0x35, 0xbe, 0x97, 0xc6, 0x76,
  0xbe, 0x97, 0xbe, 0x35, 0xad, 0xf5, 0xc6, 0x97, 0xd7, 0x19, 0xc6, 0x36,
  0xa5, 0xb4, 0xad, 0x94, 0xae, 0x15, 0xb6, 0x15, 0xae, 0x15, 0xb6, 0x35,
  0xae, 0x16, 0xad, 0xf5, 0xa5, 0xd4, 0xad, 0xf5, 0xae, 0x16, 0xb6, 0x57,
  0xb6, 0x37, 0xb6, 0x36, 0xae, 0x16, 0xad, 0xd5, 0x9d, 0xd6, 0xa5, 0xb5,
  0xa5, 0xb6, 0xa5, 0x95, 0x95, 0x74, 0x9d, 0x73, 0x95, 0xb3, 0x85, 0x31,
  0x8d, 0x52, 0x9d, 0x93, 0xb6, 0x16, 0xbe, 0x36, 0xce, 0x98, 0xce, 0x98,
  0xd6, 0xfb, 0xd6, 0xba, 0xcf, 0x1a, 0xbe, 0x97, 0xa5, 0xf3, 0xae, 0x34,
  0xbe, 0x57, 0xbd, 0xf5, 0x9d, 0xb5, 0x95, 0x33, 0x7c, 0xf3, 0x7c, 0xd2,
  0x7c, 0xd3, 0x84, 0xf3, 0x74, 0x91, 0x84, 0xd2, 0x8d, 0x54, 0x9d, 0xd5,
  0xa5, 0xf7, 0xae, 0x17, 0x9d, 0xd7, 0x95, 0x55, 0x8d, 0x56, 0x9d, 0x76,
  0x9d, 0xf8, 0xa5, 0xd8, 0x95, 0x97, 0x95, 0x96, 0x9e, 0x18, 0x95, 0x76,
  0x8d, 0x77, 0x8d, 0x36, 0x8d, 0x77, 0x95, 0x77, 0x8d, 0x77, 0x8d, 0x56,
  0x8d, 0xb8, 0x8d, 0x77, 0xb2, 0x90, 0xcb, 0x52, 0xfa, 0xd2, 0xfa, 0xb2,
  0xfb, 0x13, 0xea, 0x70, 0xfb, 0x33, 0xf2, 0xd2, 0xf2, 0xf2, 0xfa, 0xf2,
  0xfb, 0x33, 0xf2, 0x91, 0xf2, 0xf2, 0xf2, 0xd2, 0xfb, 0x13, 0xf2, 0xb1,
  0xfa, 0xd3, 0xfa, 0xb2, 0xf2, 0x92, 0xfa, 0xd2, 0xea, 0x91, 0xfb, 0x54,
  0xe2, 0xd1, 0xfb, 0x74, 0xea, 0xb1, 0xfb, 0x13, 0xf2, 0xb2, 0xfb, 0x13,
  0xfa, 0xd2, 0xf2, 0x71, 0xf2, 0xf3, 0xea, 0x91, 0xfb, 0x54, 0xea, 0x91,
  0xfb, 0x34, 0xfa, 0x91, 0xf2, 0xd2, 0xfa, 0xf2, 0xf2, 0x91, 0xfa, 0xf3,
  0xdb, 0x53, 0xc2, 0x90, 0x59, 0xcb, 0x6a, 0x4d, 0xe2, 0xd1, 0xfb, 0x53,
  0xfb, 0x34, 0xea, 0x91, 0xb2, 0x2f, 0xca, 0x90, 0xfa, 0xb2, 0xfa, 0xb2,
  0xea, 0x71, 0xfb, 0x13, 0xfb, 0x54, 0xea, 0x70, 0xfa, 0xd2, 0xfa, 0xf3,
  0xea, 0x71, 0xfa, 0xf2, 0xfb, 0x13, 0xf2, 0xb1, 0xfa, 0xf3, 0xf2, 0x70,
  0xfb, 0x54, 0xea, 0x50, 0xfa, 0xd2, 0xfa, 0xb2, 0xe2, 0x30, 0xfb, 0x34,
  0x62, 0x6e, 0x41, 0x69, 0x31, 0xeb, 0x39, 0xeb, 0x31, 0xeb, 0x39, 0xca,
  0x3a, 0x0c, 0x39, 0xea, 0x81, 0x8b, 0xaa, 0xd0, 0xc9, 0xee, 0xd2, 0x0e,
  0xaa, 0x6f, 0xa2, 0x0d, 0xeb, 0x13, 0xfb, 0x53, 0xf2, 0x91, 0xf2, 0x50,
  0xfb, 0x13, 0xfb, 0x33, 0xe2, 0xd2, 0xda, 0x90, 0xfb, 0x13, 0xf2, 0xb1,
  0xf2, 0xd2, 0xfb, 0x33, 0xfb, 0x33, 0xf2, 0x50, 0xdb, 0x53, 0xb1, 0xcd,
  0xc1, 0xce, 0xea, 0xf2, 0xfa, 0xd2, 0xfa, 0xd2, 0xe2, 0x70, 0xfa, 0xf2,
  0xfb, 0x34, 0xfb, 0x13, 0xda, 0xb1, 0xc1, 0xce, 0x5a, 0x6d, 0x41, 0xa9,
  0x42, 0x0b, 0x41, 0xca, 0x49, 0xeb, 0x49, 0xeb, 0x59, 0xcb, 0x59, 0xab,
  0xea, 0xd1, 0xfb, 0x12, 0xfa, 0xf3, 0xf2, 0x71, 0x72, 0x8e, 0x59, 0x8a,
  0x72, 0xaf, 0x62, 0x0c, 0x91, 0x8c, 0xdb, 0xd5, 0xfa, 0xd2, 0xfa, 0x70,
  0xfb, 0x34, 0xfa, 0xd2, 0xea, 0x71, 0xfb, 0x13, 0xfb, 0x74, 0xea, 0x70,
  0xfa, 0xb2, 0xfa, 0xf3, 0xea, 0x51, 0xfa, 0x91, 0xf2, 0xf3, 0xea, 0x71,
  0xc2, 0x4f, 0xda, 0xb1, 0xfa, 0xf3, 0xf2, 0x50, 0xfb, 0x34, 0xfa, 0xd2,
  0xfb, 0x34, 0xf2, 0x71, 0xf2, 0x92, 0xfa, 0xd2, 0xea, 0x71, 0xfa, 0xd2,
  0xea, 0x30, 0xfa, 0xd2, 0xfb, 0x33, 0xf2, 0xd2, 0xfb, 0x13, 0xea, 0x0f,
  0xbe, 0x76, 0xb6, 0x35, 0xbe, 0x15, 0xbe, 0x56, 0xc6, 0x55, 0xb6, 0x55,
  0xb5, 0xf4, 0xc6, 0x76, 0xde, 0xb8, 0xce, 0x97, 0xae, 0x14, 0xae, 0x14,
  0xb6, 0x15, 0xae, 0x15, 0xb6, 0x35, 0xb6, 0x56, 0xb6, 0x35, 0xb6, 0x56,
  0xad, 0xb4, 0xad, 0xf5, 0xb6, 0x15, 0xb6, 0x56, 0xb6, 0x36, 0xa6, 0x15,
  0xad, 0xb4, 0xa5, 0xd5, 0xb5, 0xf5, 0xad, 0xd5, 0xa5, 0x94, 0x9d, 0x94,
  0x9d, 0xb3, 0x9d, 0xd3, 0xc5, 0xf2, 0xce, 0x95, 0xbe, 0x75, 0xa5, 0xf3,
  0xd6, 0xf9, 0xe7, 0x9b, 0xff, 0x7c, 0xff, 0x9d, 0xff, 0x5c, 0xf7, 0x5c,
  0xff, 0x7c, 0xf7, 0x7c, 0xdf, 0x18, 0xc6, 0x76, 0xf7, 0x17, 0xff, 0x79,
  0xff, 0x38, 0xf7, 0x18, 0xf7, 0x38, 0xf7, 0x38, 0xe6, 0xd8, 0xd6, 0x76,
  0xad, 0xf6, 0x95, 0x74, 0x7c, 0xd2, 0x74, 0x91, 0x74, 0x71, 0x7c, 0xd2,
  0x95, 0x54, 0xa5, 0xf7, 0xa5, 0xd6, 0x95, 0x75, 0x9d, 0x76, 0x9d, 0xb7,
  0x95, 0x76, 0x95, 0xb7, 0xa5, 0xf8, 0x95, 0xb7, 0x9d, 0x76, 0xa5, 0xf8,
  0x9d, 0xb7, 0x85, 0x56, 0x8d, 0x56, 0x95, 0xd8, 0x9d, 0xb8, 0x85, 0x36,
  0x8d, 0xf9, 0x85, 0xb8, 0xc2, 0xf0, 0xcb, 0x72, 0xfa, 0x30, 0xfa, 0xb2,
  0xfa, 0xf2, 0xea, 0x91, 0xfa, 0xd2, 0xfa, 0xf2, 0xfa, 0xf2, 0xfb, 0x33,
  0xfa, 0xd1, 0xf2, 0xd2, 0xfa, 0xb1, 0xfa, 0xf2, 0xfb, 0x12, 0xfa, 0xf2,
  0xfa, 0xd1, 0xfb, 0x33, 0xf2, 0x91, 0xfb, 0x13, 0xea, 0x50, 0xfb, 0x54,
  0xea, 0x70, 0xfb, 0x54, 0xf2, 0x90, 0xfb, 0x33, 0xf2, 0xd1, 0xf3, 0x12,
  0xfa, 0x70, 0xfa, 0xb2, 0xfa, 0x70, 0xfa, 0xb2, 0xfb, 0x33, 0xf2, 0xf2,
  0xfb, 0x33, 0xfa, 0xf2, 0xfa, 0xf2, 0xfb, 0x74, 0xf2, 0x91, 0xfb, 0x33,
  0xea, 0x70, 0xfb, 0x54, 0x92, 0x2d, 0x81, 0xec, 0xfa, 0xf2, 0xea, 0x91,
  0xfb, 0x12, 0xea, 0xb1, 0xc2, 0x2f, 0xca, 0x90, 0xfa, 0xf2, 0xfb, 0x94,
  0xfa, 0x70, 0xf2, 0x91, 0xfb, 0x53, 0xf2, 0xf2, 0xfa, 0xd2, 0xfb, 0x33,
  0xf2, 0x90, 0xfa, 0xf2, 0xfb, 0x53, 0xe2, 0x70, 0xfa, 0xd2, 0xea, 0x50,
  0xfb, 0x33, 0xfa, 0xf2, 0xfa, 0xd1, 0xfb, 0x13, 0xea, 0x0f, 0xfb, 0x34,
  0x92, 0xef, 0x51, 0x49, 0x3a, 0x2b, 0x32, 0x2b, 0x39, 0xea, 0x31, 0xea,
  0x32, 0x0a, 0x29, 0xea, 0x49, 0x89, 0x72, 0xcf, 0xb2, 0xaf, 0xaa, 0x6f,
  0xa2, 0xb0, 0x92, 0x6f, 0xd2, 0x70, 0xf3, 0x94, 0xfa, 0xf2, 0xea, 0x50,
  0xfb, 0x12, 0xfb, 0x33, 0xf3, 0x53, 0xb9, 0xcd, 0xea, 0xf1, 0xfb, 0x94,
  0xf2, 0x2f, 0xfa, 0xd2, 0xfa, 0xf2, 0xfa, 0x91, 0xc2, 0xf1, 0x99, 0xcc,
  0x99, 0xac, 0xbb, 0x11, 0xfb, 0x33, 0xfa, 0xf3, 0xfa, 0xb1, 0xf2, 0x71,
  0xfb, 0x53, 0xfb, 0x33, 0xfa, 0xb2, 0xf2, 0x0f, 0xdb, 0x73, 0xaa, 0x0e,
  0x49, 0xea, 0x41, 0xca, 0x49, 0xeb, 0x42, 0x0b, 0x62, 0x2c, 0x51, 0xcb,
  0xd2, 0x2e, 0xfb, 0x74, 0xfa, 0xd2, 0xfa, 0x70, 0xc3, 0x72, 0x81, 0x8b,
  0x61, 0x8a, 0x93, 0x31, 0x79, 0xec, 0x71, 0xcc, 0xf3, 0x13, 0xea, 0xd2,
  0xfa, 0xb1, 0xfb, 0x13, 0xfa, 0x91, 0xf2, 0x71, 0xfb, 0x53, 0xfb, 0x33,
  0xf2, 0x90, 0xfb, 0x33, 0xfa, 0xd2, 0xf2, 0x91, 0xfa, 0xf3, 0xfa, 0x91,
  0xd3, 0x11, 0xa9, 0xed, 0xfb, 0x12, 0xe2, 0x91, 0xfa, 0xd2, 0xfa, 0x91,
  0xfa, 0xd1, 0xf2, 0xd2, 0xf2, 0x70, 0xfb, 0x33, 0xf2, 0xb1, 0xfb, 0x74,
  0xfa, 0xb1, 0xf2, 0x70, 0xfb, 0x13, 0xf2, 0xb1, 0xfa, 0xf2, 0xea, 0x50,
  0xbe, 0x77, 0xbe, 0x56, 0xc6, 0x97, 0xc6, 0x97, 0xb6, 0x35, 0xc6, 0x76,
  0xce, 0xb8, 0xd6, 0xd8, 0xb6, 0x35, 0xb6, 0x15, 0xb6, 0x15, 0xbe, 0x35,
  0xae, 0x36, 0xb6, 0x35, 0xb6, 0x56, 0xbe, 0x56, 0xbe, 0x56, 0xb6, 0x15,
  0xb6, 0x77, 0xbe, 0x77, 0xae, 0x15, 0xb6, 0x15, 0xad, 0xf6, 0xad, 0xb4,
  0xae, 0x16, 0xb5, 0xf5, 0xae, 0x35, 0xa5, 0xb3, 0xb5, 0xf4, 0xce, 0x96,
  0xee, 0xb7, 0xf6, 0xf8, 0xe7, 0x59, 0xde, 0xb6, 0xce, 0xb8, 0xdf, 0x19,
  0xf7, 0x9d, 0xff, 0x7c, 0xef, 0x7d, 0xf7, 0x7c, 0xf7, 0x5d, 0xf7, 0x5c,
  0xe7, 0x7c, 0xd6, 0xd9, 0xde, 0xd8, 0xef, 0x19, 0xff, 0x5a, 0xff, 0x19,
  0xff, 0x3a, 0xff, 0x19, 0xff, 0x3a, 0xfe, 0xf9, 0xff, 0x18, 0xff, 0x18,
  0xf7, 0x18, 0xf6, 0xf8, 0xd6, 0xb9, 0xbd, 0xd5, 0x84, 0xf3, 0x7c, 0x91,
  0x74, 0xb3, 0x95, 0x75, 0x9d, 0xb8, 0xa5, 0xd8, 0x9d, 0xb8, 0x9d, 0x97,
  0x95, 0x97, 0x9d, 0xb8, 0x8d, 0x77, 0x9d, 0xd8, 0x85, 0x77, 0x85, 0x56,
  0x9e, 0x18, 0x95, 0x96, 0x8d, 0x76, 0x8d, 0x55, 0x95, 0xd8, 0x95, 0x97,
  0x7d, 0x77, 0x85, 0xb7, 0xb3, 0x11, 0xbb, 0x52, 0xfa, 0x51, 0xfa, 0x71,
  0xfa, 0xf3, 0xfa, 0xb2, 0xfa, 0xb2, 0xfa, 0xf3, 0xea, 0x91, 0xfb, 0x54,
  0xf2, 0x92, 0xfa, 0xd2, 0xf2, 0x92, 0xfa, 0xb2, 0xf2, 0xb2, 0xfa, 0x91,
  0xea, 0xd2, 0xfb, 0x33, 0xea, 0x91, 0xfb, 0x13, 0xea, 0x91, 0xfb, 0x13,
  0xf2, 0x91, 0xfb, 0x13, 0xf2, 0xb2, 0xfa, 0xf3, 0xf2, 0xd2, 0xfa, 0xf2,
  0xf2, 0xb2, 0xfa, 0xf2, 0xf2, 0xb2, 0xfa, 0xd2, 0xfb, 0x13, 0xfa, 0xd2,
  0xf2, 0xd2, 0xfb, 0x33, 0xf2, 0xf2, 0xfb, 0x33, 0xe2, 0x71, 0xfb, 0x13,
  0xea, 0xb2, 0xfb, 0x33, 0xeb, 0x74, 0xc1, 0xee, 0xeb, 0x13, 0xe2, 0xb1,
  0xf2, 0xf3, 0xfb, 0x12, 0xba, 0x2f, 0xca, 0x90, 0xea, 0x91, 0xfb, 0x74,
  0xf2, 0x71, 0xf2, 0x71, 0xfb, 0x54, 0xfa, 0xd2, 0xf2, 0xb2, 0xfb, 0x13,
  0xfa, 0xd2, 0xea, 0x30, 0xfb, 0xb5, 0xe2, 0x70, 0xf2, 0xb2, 0xf2, 0x71,
  0xf2, 0xb2, 0xfa, 0xd2, 0xea, 0x71, 0xfb, 0x54, 0xea, 0x71, 0xfb, 0x13,
  0xb3, 0x93, 0x69, 0x29, 0x29, 0xeb, 0x32, 0x0a, 0x31, 0xcb, 0x39, 0xeb,
  0x31, 0xeb, 0x31, 0xca, 0x29, 0xea, 0x3a, 0x2b, 0x8c, 0x34, 0x9c, 0x75,
  0x7c, 0x54, 0x84, 0x34, 0xb3, 0x52, 0xc3, 0x93, 0xfb, 0x14, 0xfa, 0xf3,
  0xea, 0x30, 0xfa, 0xd2, 0xfb, 0x74, 0xda, 0x4f, 0xd2, 0x90, 0xfb, 0xb4,
  0xf2, 0xb2, 0xea, 0x30, 0xfa, 0xd3, 0xfa, 0xd2, 0xd2, 0xf2, 0xb1, 0xed,
  0x79, 0xab, 0xb3, 0x31, 0xfa, 0xd3, 0xfa, 0xb2, 0xfa, 0xf3, 0xfa, 0x91,
  0xea, 0xb2, 0xfb, 0x33, 0xfa, 0xf3, 0xfa, 0xb1, 0xea, 0x10, 0xfb, 0x55,
  0xcb, 0x73, 0x99, 0xcc, 0x49, 0xeb, 0x49, 0xea, 0x4a, 0x0c, 0x49, 0xeb,
  0x99, 0x6c, 0xd3, 0x33, 0xfb, 0x54, 0xfa, 0xd2, 0xe2, 0xb1, 0xea, 0xf2,
  0x62, 0x0c, 0x61, 0xab, 0xaa, 0xf1, 0x89, 0xcc, 0x79, 0x8b, 0xb3, 0x11,
  0xf2, 0x72, 0xfa, 0xf3, 0xfb, 0x13, 0xf2, 0x90, 0xfb, 0x33, 0xfb, 0x74,
  0xea, 0x50, 0xfa, 0xd2, 0xfb, 0x54, 0xf2, 0x91, 0xfa, 0x92, 0xfa, 0xb2,
  0xe3, 0x53, 0xd2, 0x90, 0xb9, 0xee, 0xda, 0xd1, 0xfa, 0xb2, 0xfa, 0xd2,
  0xea, 0x50, 0xfb, 0x13, 0xea, 0x50, 0xfa, 0xf3, 0xf2, 0xd2, 0xfb, 0x13,
  0xfa, 0xd2, 0xea, 0x30, 0xfb, 0x34, 0xf2, 0x91, 0xfa, 0xf3, 0xfa, 0x91
};
unsigned int src_image_2_240x320_rgb565_len = 153600;
